###############################################################
#  Generated by:      Cadence Innovus 23.14-s088_1
#  OS:                Linux x86_64(Host ID <CADENCE_HOST>)
#  Generated on:      Thu Aug 20 12:54:14 2026
#  Design:            aer_pending_gray_epoch
#  Command:           report_timing -max_paths 50 > reports/p7ge_pnr/postroute_setup_timing.rpt
###############################################################
Path 1: MET Setup Check with Pin pending_q_reg[6]/CK 
Endpoint:   pending_q_reg[6]/D (v) checked with  leading edge of 'clk'
Beginpoint: ack_q_reg[1]/Q     (^) triggered by  leading edge of 'clk'
Path Groups: {clk}
Analysis View: setup_view
Other End Arrival Time          0.177
- Setup                         0.364
+ Phase Shift                  10.000
- Uncertainty                   0.200
= Required Time                 9.613
- Arrival Time                  5.263
= Slack Time                    4.350
     Clock Rise Edge                 0.000
     + Clock Network Latency (Prop)  0.004
     = Beginpoint Arrival Time       0.004
     +--------------------------------------------------------------------------+ 
     |     Instance     |     Arc      |   Cell    | Delay | Arrival | Required | 
     |                  |              |           |       |  Time   |   Time   | 
     |------------------+--------------+-----------+-------+---------+----------| 
     | ack_q_reg[1]     | CK ^         |           |       |   0.004 |    4.355 | 
     | ack_q_reg[1]     | CK ^ -> Q ^  | DFFRHQX1  | 0.473 |   0.478 |    4.828 | 
     | g5676            | A ^ -> Y v   | INVX1     | 0.106 |   0.584 |    4.934 | 
     | g5576__5115      | A0 v -> Y ^  | AOI21X1   | 0.323 |   0.907 |    5.257 | 
     | g5559__2398      | A ^ -> Y v   | NAND2X1   | 0.184 |   1.090 |    5.441 | 
     | g5551__9315      | B v -> Y ^   | NOR2X1    | 0.221 |   1.311 |    5.661 | 
     | g5543__5122      | B ^ -> Y v   | NAND2X1   | 0.104 |   1.415 |    5.766 | 
     | g5537__3680      | A1N v -> Y v | OAI2BB1X1 | 0.443 |   1.858 |    6.209 | 
     | g5536            | A v -> Y ^   | INVX1     | 0.348 |   2.207 |    6.557 | 
     | g5533__4319      | A0 ^ -> Y v  | AOI22X1   | 0.140 |   2.347 |    6.698 | 
     | g5526__6417      | B0 v -> Y ^  | OAI2BB2X1 | 0.514 |   2.861 |    7.212 | 
     | g5524            | A ^ -> Y v   | INVX1     | 0.231 |   3.092 |    7.443 | 
     | g5514__6131      | A0 v -> Y ^  | AOI22X1   | 0.238 |   3.330 |    7.680 | 
     | g5497__6260      | A0N ^ -> Y ^ | AOI2BB2X1 | 0.369 |   3.699 |    8.050 | 
     | g5495            | A ^ -> Y v   | INVX1     | 0.231 |   3.930 |    8.280 | 
     | g5492__6417      | B0 v -> Y ^  | OAI21XL   | 0.171 |   4.101 |    8.451 | 
     | g5487__2346      | A0 ^ -> Y v  | AOI21X1   | 0.128 |   4.228 |    8.579 | 
     | g5485__2883      | B0 v -> Y ^  | AOI21X1   | 0.205 |   4.433 |    8.784 | 
     | g5483__9945      | A1N ^ -> Y ^ | OAI2BB2X1 | 0.408 |   4.841 |    9.191 | 
     | g5481__6161      | A ^ -> Y ^   | AND2X2    | 0.286 |   5.127 |    9.477 | 
     | g5475__8428      | A0 ^ -> Y v  | AOI21XL   | 0.136 |   5.262 |    9.613 | 
     | pending_q_reg[6] | D v          | DFFRHQX1  | 0.000 |   5.263 |    9.613 | 
     +--------------------------------------------------------------------------+ 
Path 2: MET Setup Check with Pin pending_q_reg[0]/CK 
Endpoint:   pending_q_reg[0]/D (v) checked with  leading edge of 'clk'
Beginpoint: ack_q_reg[1]/Q     (^) triggered by  leading edge of 'clk'
Path Groups: {clk}
Analysis View: setup_view
Other End Arrival Time          0.180
- Setup                         0.360
+ Phase Shift                  10.000
- Uncertainty                   0.200
= Required Time                 9.620
- Arrival Time                  5.254
= Slack Time                    4.366
     Clock Rise Edge                 0.000
     + Clock Network Latency (Prop)  0.004
     = Beginpoint Arrival Time       0.004
     +--------------------------------------------------------------------------+ 
     |     Instance     |     Arc      |   Cell    | Delay | Arrival | Required | 
     |                  |              |           |       |  Time   |   Time   | 
     |------------------+--------------+-----------+-------+---------+----------| 
     | ack_q_reg[1]     | CK ^         |           |       |   0.004 |    4.370 | 
     | ack_q_reg[1]     | CK ^ -> Q ^  | DFFRHQX1  | 0.473 |   0.478 |    4.844 | 
     | g5676            | A ^ -> Y v   | INVX1     | 0.106 |   0.584 |    4.950 | 
     | g5576__5115      | A0 v -> Y ^  | AOI21X1   | 0.323 |   0.907 |    5.273 | 
     | g5559__2398      | A ^ -> Y v   | NAND2X1   | 0.184 |   1.090 |    5.456 | 
     | g5551__9315      | B v -> Y ^   | NOR2X1    | 0.221 |   1.311 |    5.677 | 
     | g5543__5122      | B ^ -> Y v   | NAND2X1   | 0.104 |   1.415 |    5.781 | 
     | g5537__3680      | A1N v -> Y v | OAI2BB1X1 | 0.443 |   1.858 |    6.224 | 
     | g5536            | A v -> Y ^   | INVX1     | 0.348 |   2.207 |    6.573 | 
     | g5533__4319      | A0 ^ -> Y v  | AOI22X1   | 0.140 |   2.347 |    6.713 | 
     | g5526__6417      | B0 v -> Y ^  | OAI2BB2X1 | 0.514 |   2.861 |    7.227 | 
     | g5524            | A ^ -> Y v   | INVX1     | 0.231 |   3.092 |    7.458 | 
     | g5514__6131      | A0 v -> Y ^  | AOI22X1   | 0.238 |   3.330 |    7.696 | 
     | g5497__6260      | A0N ^ -> Y ^ | AOI2BB2X1 | 0.369 |   3.699 |    8.065 | 
     | g5495            | A ^ -> Y v   | INVX1     | 0.231 |   3.930 |    8.296 | 
     | g5492__6417      | B0 v -> Y ^  | OAI21XL   | 0.171 |   4.101 |    8.467 | 
     | g5487__2346      | A0 ^ -> Y v  | AOI21X1   | 0.128 |   4.228 |    8.594 | 
     | g5485__2883      | B0 v -> Y ^  | AOI21X1   | 0.205 |   4.433 |    8.799 | 
     | g5483__9945      | A1N ^ -> Y ^ | OAI2BB2X1 | 0.408 |   4.841 |    9.207 | 
     | g5479__7482      | A ^ -> Y ^   | AND2X2    | 0.290 |   5.131 |    9.497 | 
     | g5471__1705      | A0 ^ -> Y v  | AOI21XL   | 0.123 |   5.254 |    9.620 | 
     | pending_q_reg[0] | D v          | DFFRHQX1  | 0.000 |   5.254 |    9.620 | 
     +--------------------------------------------------------------------------+ 
Path 3: MET Setup Check with Pin pending_q_reg[4]/CK 
Endpoint:   pending_q_reg[4]/D (v) checked with  leading edge of 'clk'
Beginpoint: ack_q_reg[1]/Q     (^) triggered by  leading edge of 'clk'
Path Groups: {clk}
Analysis View: setup_view
Other End Arrival Time          0.180
- Setup                         0.360
+ Phase Shift                  10.000
- Uncertainty                   0.200
= Required Time                 9.620
- Arrival Time                  5.252
= Slack Time                    4.369
     Clock Rise Edge                 0.000
     + Clock Network Latency (Prop)  0.004
     = Beginpoint Arrival Time       0.004
     +--------------------------------------------------------------------------+ 
     |     Instance     |     Arc      |   Cell    | Delay | Arrival | Required | 
     |                  |              |           |       |  Time   |   Time   | 
     |------------------+--------------+-----------+-------+---------+----------| 
     | ack_q_reg[1]     | CK ^         |           |       |   0.004 |    4.373 | 
     | ack_q_reg[1]     | CK ^ -> Q ^  | DFFRHQX1  | 0.473 |   0.478 |    4.846 | 
     | g5676            | A ^ -> Y v   | INVX1     | 0.106 |   0.584 |    4.952 | 
     | g5576__5115      | A0 v -> Y ^  | AOI21X1   | 0.323 |   0.907 |    5.275 | 
     | g5559__2398      | A ^ -> Y v   | NAND2X1   | 0.184 |   1.090 |    5.459 | 
     | g5551__9315      | B v -> Y ^   | NOR2X1    | 0.221 |   1.311 |    5.679 | 
     | g5543__5122      | B ^ -> Y v   | NAND2X1   | 0.104 |   1.415 |    5.784 | 
     | g5537__3680      | A1N v -> Y v | OAI2BB1X1 | 0.443 |   1.858 |    6.227 | 
     | g5536            | A v -> Y ^   | INVX1     | 0.348 |   2.207 |    6.575 | 
     | g5533__4319      | A0 ^ -> Y v  | AOI22X1   | 0.140 |   2.347 |    6.716 | 
     | g5526__6417      | B0 v -> Y ^  | OAI2BB2X1 | 0.514 |   2.861 |    7.230 | 
     | g5524            | A ^ -> Y v   | INVX1     | 0.231 |   3.092 |    7.461 | 
     | g5514__6131      | A0 v -> Y ^  | AOI22X1   | 0.238 |   3.330 |    7.698 | 
     | g5497__6260      | A0N ^ -> Y ^ | AOI2BB2X1 | 0.369 |   3.699 |    8.068 | 
     | g5495            | A ^ -> Y v   | INVX1     | 0.231 |   3.930 |    8.298 | 
     | g5492__6417      | B0 v -> Y ^  | OAI21XL   | 0.171 |   4.101 |    8.469 | 
     | g5487__2346      | A0 ^ -> Y v  | AOI21X1   | 0.128 |   4.228 |    8.597 | 
     | g5485__2883      | B0 v -> Y ^  | AOI21X1   | 0.205 |   4.433 |    8.802 | 
     | g5483__9945      | A1N ^ -> Y ^ | OAI2BB2X1 | 0.408 |   4.841 |    9.210 | 
     | g5479__7482      | A ^ -> Y ^   | AND2X2    | 0.290 |   5.131 |    9.500 | 
     | g5474__1617      | A0 ^ -> Y v  | AOI21XL   | 0.120 |   5.251 |    9.620 | 
     | pending_q_reg[4] | D v          | DFFRHQX1  | 0.000 |   5.252 |    9.620 | 
     +--------------------------------------------------------------------------+ 
Path 4: MET Setup Check with Pin pending_q_reg[2]/CK 
Endpoint:   pending_q_reg[2]/D (v) checked with  leading edge of 'clk'
Beginpoint: ack_q_reg[1]/Q     (^) triggered by  leading edge of 'clk'
Path Groups: {clk}
Analysis View: setup_view
Other End Arrival Time          0.180
- Setup                         0.360
+ Phase Shift                  10.000
- Uncertainty                   0.200
= Required Time                 9.620
- Arrival Time                  5.249
= Slack Time                    4.370
     Clock Rise Edge                 0.000
     + Clock Network Latency (Prop)  0.004
     = Beginpoint Arrival Time       0.004
     +--------------------------------------------------------------------------+ 
     |     Instance     |     Arc      |   Cell    | Delay | Arrival | Required | 
     |                  |              |           |       |  Time   |   Time   | 
     |------------------+--------------+-----------+-------+---------+----------| 
     | ack_q_reg[1]     | CK ^         |           |       |   0.004 |    4.375 | 
     | ack_q_reg[1]     | CK ^ -> Q ^  | DFFRHQX1  | 0.473 |   0.478 |    4.848 | 
     | g5676            | A ^ -> Y v   | INVX1     | 0.106 |   0.584 |    4.954 | 
     | g5576__5115      | A0 v -> Y ^  | AOI21X1   | 0.323 |   0.907 |    5.277 | 
     | g5559__2398      | A ^ -> Y v   | NAND2X1   | 0.184 |   1.090 |    5.461 | 
     | g5551__9315      | B v -> Y ^   | NOR2X1    | 0.221 |   1.311 |    5.681 | 
     | g5543__5122      | B ^ -> Y v   | NAND2X1   | 0.104 |   1.415 |    5.786 | 
     | g5537__3680      | A1N v -> Y v | OAI2BB1X1 | 0.443 |   1.858 |    6.229 | 
     | g5536            | A v -> Y ^   | INVX1     | 0.348 |   2.207 |    6.577 | 
     | g5533__4319      | A0 ^ -> Y v  | AOI22X1   | 0.140 |   2.347 |    6.718 | 
     | g5526__6417      | B0 v -> Y ^  | OAI2BB2X1 | 0.514 |   2.861 |    7.232 | 
     | g5524            | A ^ -> Y v   | INVX1     | 0.231 |   3.092 |    7.463 | 
     | g5514__6131      | A0 v -> Y ^  | AOI22X1   | 0.238 |   3.330 |    7.700 | 
     | g5497__6260      | A0N ^ -> Y ^ | AOI2BB2X1 | 0.369 |   3.699 |    8.070 | 
     | g5495            | A ^ -> Y v   | INVX1     | 0.231 |   3.930 |    8.300 | 
     | g5492__6417      | B0 v -> Y ^  | OAI21XL   | 0.171 |   4.101 |    8.471 | 
     | g5487__2346      | A0 ^ -> Y v  | AOI21X1   | 0.128 |   4.228 |    8.599 | 
     | g5485__2883      | B0 v -> Y ^  | AOI21X1   | 0.205 |   4.433 |    8.804 | 
     | g5483__9945      | A1N ^ -> Y ^ | OAI2BB2X1 | 0.408 |   4.841 |    9.211 | 
     | g5481__6161      | A ^ -> Y ^   | AND2X2    | 0.286 |   5.127 |    9.497 | 
     | g5470__2802      | A0 ^ -> Y v  | AOI21XL   | 0.122 |   5.249 |    9.620 | 
     | pending_q_reg[2] | D v          | DFFRHQX1  | 0.000 |   5.249 |    9.620 | 
     +--------------------------------------------------------------------------+ 
Path 5: MET Setup Check with Pin pending_q_reg[14]/CK 
Endpoint:   pending_q_reg[14]/D (v) checked with  leading edge of 'clk'
Beginpoint: ack_q_reg[1]/Q      (^) triggered by  leading edge of 'clk'
Path Groups: {clk}
Analysis View: setup_view
Other End Arrival Time          0.177
- Setup                         0.359
+ Phase Shift                  10.000
- Uncertainty                   0.200
= Required Time                 9.617
- Arrival Time                  5.245
= Slack Time                    4.372
     Clock Rise Edge                 0.000
     + Clock Network Latency (Prop)  0.004
     = Beginpoint Arrival Time       0.004
     +---------------------------------------------------------------------------+ 
     |     Instance      |     Arc      |   Cell    | Delay | Arrival | Required | 
     |                   |              |           |       |  Time   |   Time   | 
     |-------------------+--------------+-----------+-------+---------+----------| 
     | ack_q_reg[1]      | CK ^         |           |       |   0.004 |    4.376 | 
     | ack_q_reg[1]      | CK ^ -> Q ^  | DFFRHQX1  | 0.473 |   0.478 |    4.850 | 
     | g5676             | A ^ -> Y v   | INVX1     | 0.106 |   0.584 |    4.956 | 
     | g5576__5115       | A0 v -> Y ^  | AOI21X1   | 0.323 |   0.907 |    5.279 | 
     | g5559__2398       | A ^ -> Y v   | NAND2X1   | 0.184 |   1.090 |    5.463 | 
     | g5551__9315       | B v -> Y ^   | NOR2X1    | 0.221 |   1.311 |    5.683 | 
     | g5543__5122       | B ^ -> Y v   | NAND2X1   | 0.104 |   1.415 |    5.787 | 
     | g5537__3680       | A1N v -> Y v | OAI2BB1X1 | 0.443 |   1.858 |    6.231 | 
     | g5536             | A v -> Y ^   | INVX1     | 0.348 |   2.207 |    6.579 | 
     | g5533__4319       | A0 ^ -> Y v  | AOI22X1   | 0.140 |   2.347 |    6.719 | 
     | g5526__6417       | B0 v -> Y ^  | OAI2BB2X1 | 0.514 |   2.861 |    7.234 | 
     | g5524             | A ^ -> Y v   | INVX1     | 0.231 |   3.092 |    7.464 | 
     | g5514__6131       | A0 v -> Y ^  | AOI22X1   | 0.238 |   3.330 |    7.702 | 
     | g5497__6260       | A0N ^ -> Y ^ | AOI2BB2X1 | 0.369 |   3.699 |    8.071 | 
     | g5495             | A ^ -> Y v   | INVX1     | 0.231 |   3.930 |    8.302 | 
     | g5492__6417       | B0 v -> Y ^  | OAI21XL   | 0.171 |   4.101 |    8.473 | 
     | g5487__2346       | A0 ^ -> Y v  | AOI21X1   | 0.128 |   4.228 |    8.601 | 
     | g5485__2883       | B0 v -> Y ^  | AOI21X1   | 0.205 |   4.433 |    8.806 | 
     | g5483__9945       | A1N ^ -> Y ^ | OAI2BB2X1 | 0.408 |   4.841 |    9.213 | 
     | g5481__6161       | A ^ -> Y ^   | AND2X2    | 0.286 |   5.127 |    9.499 | 
     | g5465__4319       | A0 ^ -> Y v  | AOI21XL   | 0.118 |   5.245 |    9.617 | 
     | pending_q_reg[14] | D v          | DFFRHQX1  | 0.000 |   5.245 |    9.617 | 
     +---------------------------------------------------------------------------+ 
Path 6: MET Setup Check with Pin pending_q_reg[8]/CK 
Endpoint:   pending_q_reg[8]/D (v) checked with  leading edge of 'clk'
Beginpoint: ack_q_reg[1]/Q     (^) triggered by  leading edge of 'clk'
Path Groups: {clk}
Analysis View: setup_view
Other End Arrival Time          0.179
- Setup                         0.358
+ Phase Shift                  10.000
- Uncertainty                   0.200
= Required Time                 9.621
- Arrival Time                  5.242
= Slack Time                    4.380
     Clock Rise Edge                 0.000
     + Clock Network Latency (Prop)  0.004
     = Beginpoint Arrival Time       0.004
     +--------------------------------------------------------------------------+ 
     |     Instance     |     Arc      |   Cell    | Delay | Arrival | Required | 
     |                  |              |           |       |  Time   |   Time   | 
     |------------------+--------------+-----------+-------+---------+----------| 
     | ack_q_reg[1]     | CK ^         |           |       |   0.004 |    4.384 | 
     | ack_q_reg[1]     | CK ^ -> Q ^  | DFFRHQX1  | 0.473 |   0.478 |    4.857 | 
     | g5676            | A ^ -> Y v   | INVX1     | 0.106 |   0.584 |    4.963 | 
     | g5576__5115      | A0 v -> Y ^  | AOI21X1   | 0.323 |   0.907 |    5.286 | 
     | g5559__2398      | A ^ -> Y v   | NAND2X1   | 0.184 |   1.090 |    5.470 | 
     | g5551__9315      | B v -> Y ^   | NOR2X1    | 0.221 |   1.311 |    5.691 | 
     | g5543__5122      | B ^ -> Y v   | NAND2X1   | 0.104 |   1.415 |    5.795 | 
     | g5537__3680      | A1N v -> Y v | OAI2BB1X1 | 0.443 |   1.858 |    6.238 | 
     | g5536            | A v -> Y ^   | INVX1     | 0.348 |   2.207 |    6.586 | 
     | g5533__4319      | A0 ^ -> Y v  | AOI22X1   | 0.140 |   2.347 |    6.727 | 
     | g5526__6417      | B0 v -> Y ^  | OAI2BB2X1 | 0.514 |   2.861 |    7.241 | 
     | g5524            | A ^ -> Y v   | INVX1     | 0.231 |   3.092 |    7.472 | 
     | g5514__6131      | A0 v -> Y ^  | AOI22X1   | 0.238 |   3.330 |    7.709 | 
     | g5497__6260      | A0N ^ -> Y ^ | AOI2BB2X1 | 0.369 |   3.699 |    8.079 | 
     | g5495            | A ^ -> Y v   | INVX1     | 0.231 |   3.930 |    8.310 | 
     | g5492__6417      | B0 v -> Y ^  | OAI21XL   | 0.171 |   4.101 |    8.480 | 
     | g5487__2346      | A0 ^ -> Y v  | AOI21X1   | 0.128 |   4.228 |    8.608 | 
     | g5485__2883      | B0 v -> Y ^  | AOI21X1   | 0.205 |   4.433 |    8.813 | 
     | g5483__9945      | A1N ^ -> Y ^ | OAI2BB2X1 | 0.408 |   4.841 |    9.221 | 
     | g5479__7482      | A ^ -> Y ^   | AND2X2    | 0.290 |   5.131 |    9.511 | 
     | g5462__1881      | A0 ^ -> Y v  | AOI21XL   | 0.110 |   5.241 |    9.621 | 
     | pending_q_reg[8] | D v          | DFFRHQX1  | 0.000 |   5.242 |    9.621 | 
     +--------------------------------------------------------------------------+ 
Path 7: MET Setup Check with Pin pending_q_reg[3]/CK 
Endpoint:   pending_q_reg[3]/D (v) checked with  leading edge of 'clk'
Beginpoint: ack_q_reg[1]/Q     (^) triggered by  leading edge of 'clk'
Path Groups: {clk}
Analysis View: setup_view
Other End Arrival Time          0.180
- Setup                         0.366
+ Phase Shift                  10.000
- Uncertainty                   0.200
= Required Time                 9.614
- Arrival Time                  5.234
= Slack Time                    4.380
     Clock Rise Edge                 0.000
     + Clock Network Latency (Prop)  0.004
     = Beginpoint Arrival Time       0.004
     +--------------------------------------------------------------------------+ 
     |     Instance     |     Arc      |   Cell    | Delay | Arrival | Required | 
     |                  |              |           |       |  Time   |   Time   | 
     |------------------+--------------+-----------+-------+---------+----------| 
     | ack_q_reg[1]     | CK ^         |           |       |   0.004 |    4.384 | 
     | ack_q_reg[1]     | CK ^ -> Q ^  | DFFRHQX1  | 0.473 |   0.478 |    4.858 | 
     | g5676            | A ^ -> Y v   | INVX1     | 0.106 |   0.584 |    4.964 | 
     | g5576__5115      | A0 v -> Y ^  | AOI21X1   | 0.323 |   0.907 |    5.287 | 
     | g5559__2398      | A ^ -> Y v   | NAND2X1   | 0.184 |   1.090 |    5.471 | 
     | g5551__9315      | B v -> Y ^   | NOR2X1    | 0.221 |   1.311 |    5.691 | 
     | g5543__5122      | B ^ -> Y v   | NAND2X1   | 0.104 |   1.415 |    5.795 | 
     | g5537__3680      | A1N v -> Y v | OAI2BB1X1 | 0.443 |   1.858 |    6.239 | 
     | g5536            | A v -> Y ^   | INVX1     | 0.348 |   2.207 |    6.587 | 
     | g5533__4319      | A0 ^ -> Y v  | AOI22X1   | 0.140 |   2.347 |    6.727 | 
     | g5526__6417      | B0 v -> Y ^  | OAI2BB2X1 | 0.514 |   2.861 |    7.242 | 
     | g5524            | A ^ -> Y v   | INVX1     | 0.231 |   3.092 |    7.472 | 
     | g5514__6131      | A0 v -> Y ^  | AOI22X1   | 0.238 |   3.330 |    7.710 | 
     | g5497__6260      | A0N ^ -> Y ^ | AOI2BB2X1 | 0.369 |   3.699 |    8.079 | 
     | g5495            | A ^ -> Y v   | INVX1     | 0.231 |   3.930 |    8.310 | 
     | g5492__6417      | B0 v -> Y ^  | OAI21XL   | 0.171 |   4.101 |    8.481 | 
     | g5487__2346      | A0 ^ -> Y v  | AOI21X1   | 0.128 |   4.228 |    8.609 | 
     | g5485__2883      | B0 v -> Y ^  | AOI21X1   | 0.205 |   4.433 |    8.814 | 
     | g5483__9945      | B0 ^ -> Y v  | OAI2BB2X1 | 0.247 |   4.680 |    9.060 | 
     | g5482__9315      | A v -> Y ^   | NOR2X1    | 0.364 |   5.044 |    9.425 | 
     | g5472__5122      | A0 ^ -> Y v  | AOI21XL   | 0.189 |   5.234 |    9.614 | 
     | pending_q_reg[3] | D v          | DFFRHQX1  | 0.000 |   5.234 |    9.614 | 
     +--------------------------------------------------------------------------+ 
Path 8: MET Setup Check with Pin pending_q_reg[12]/CK 
Endpoint:   pending_q_reg[12]/D (v) checked with  leading edge of 'clk'
Beginpoint: ack_q_reg[1]/Q      (^) triggered by  leading edge of 'clk'
Path Groups: {clk}
Analysis View: setup_view
Other End Arrival Time          0.179
- Setup                         0.357
+ Phase Shift                  10.000
- Uncertainty                   0.200
= Required Time                 9.622
- Arrival Time                  5.240
= Slack Time                    4.382
     Clock Rise Edge                 0.000
     + Clock Network Latency (Prop)  0.004
     = Beginpoint Arrival Time       0.004
     +---------------------------------------------------------------------------+ 
     |     Instance      |     Arc      |   Cell    | Delay | Arrival | Required | 
     |                   |              |           |       |  Time   |   Time   | 
     |-------------------+--------------+-----------+-------+---------+----------| 
     | ack_q_reg[1]      | CK ^         |           |       |   0.004 |    4.386 | 
     | ack_q_reg[1]      | CK ^ -> Q ^  | DFFRHQX1  | 0.473 |   0.478 |    4.859 | 
     | g5676             | A ^ -> Y v   | INVX1     | 0.106 |   0.584 |    4.966 | 
     | g5576__5115       | A0 v -> Y ^  | AOI21X1   | 0.323 |   0.907 |    5.289 | 
     | g5559__2398       | A ^ -> Y v   | NAND2X1   | 0.184 |   1.090 |    5.472 | 
     | g5551__9315       | B v -> Y ^   | NOR2X1    | 0.221 |   1.311 |    5.693 | 
     | g5543__5122       | B ^ -> Y v   | NAND2X1   | 0.104 |   1.415 |    5.797 | 
     | g5537__3680       | A1N v -> Y v | OAI2BB1X1 | 0.443 |   1.858 |    6.240 | 
     | g5536             | A v -> Y ^   | INVX1     | 0.348 |   2.207 |    6.589 | 
     | g5533__4319       | A0 ^ -> Y v  | AOI22X1   | 0.140 |   2.347 |    6.729 | 
     | g5526__6417       | B0 v -> Y ^  | OAI2BB2X1 | 0.514 |   2.861 |    7.243 | 
     | g5524             | A ^ -> Y v   | INVX1     | 0.231 |   3.092 |    7.474 | 
     | g5514__6131       | A0 v -> Y ^  | AOI22X1   | 0.238 |   3.330 |    7.712 | 
     | g5497__6260       | A0N ^ -> Y ^ | AOI2BB2X1 | 0.369 |   3.699 |    8.081 | 
     | g5495             | A ^ -> Y v   | INVX1     | 0.231 |   3.930 |    8.312 | 
     | g5492__6417       | B0 v -> Y ^  | OAI21XL   | 0.171 |   4.101 |    8.483 | 
     | g5487__2346       | A0 ^ -> Y v  | AOI21X1   | 0.128 |   4.228 |    8.610 | 
     | g5485__2883       | B0 v -> Y ^  | AOI21X1   | 0.205 |   4.433 |    8.815 | 
     | g5483__9945       | A1N ^ -> Y ^ | OAI2BB2X1 | 0.408 |   4.841 |    9.223 | 
     | g5479__7482       | A ^ -> Y ^   | AND2X2    | 0.290 |   5.131 |    9.513 | 
     | g5466__5526       | A0 ^ -> Y v  | AOI21XL   | 0.109 |   5.240 |    9.622 | 
     | pending_q_reg[12] | D v          | DFFRHQX1  | 0.000 |   5.240 |    9.622 | 
     +---------------------------------------------------------------------------+ 
Path 9: MET Setup Check with Pin pending_q_reg[10]/CK 
Endpoint:   pending_q_reg[10]/D (v) checked with  leading edge of 'clk'
Beginpoint: ack_q_reg[1]/Q      (^) triggered by  leading edge of 'clk'
Path Groups: {clk}
Analysis View: setup_view
Other End Arrival Time          0.180
- Setup                         0.358
+ Phase Shift                  10.000
- Uncertainty                   0.200
= Required Time                 9.622
- Arrival Time                  5.239
= Slack Time                    4.382
     Clock Rise Edge                 0.000
     + Clock Network Latency (Prop)  0.004
     = Beginpoint Arrival Time       0.004
     +---------------------------------------------------------------------------+ 
     |     Instance      |     Arc      |   Cell    | Delay | Arrival | Required | 
     |                   |              |           |       |  Time   |   Time   | 
     |-------------------+--------------+-----------+-------+---------+----------| 
     | ack_q_reg[1]      | CK ^         |           |       |   0.004 |    4.386 | 
     | ack_q_reg[1]      | CK ^ -> Q ^  | DFFRHQX1  | 0.473 |   0.478 |    4.860 | 
     | g5676             | A ^ -> Y v   | INVX1     | 0.106 |   0.584 |    4.966 | 
     | g5576__5115       | A0 v -> Y ^  | AOI21X1   | 0.323 |   0.907 |    5.289 | 
     | g5559__2398       | A ^ -> Y v   | NAND2X1   | 0.184 |   1.090 |    5.473 | 
     | g5551__9315       | B v -> Y ^   | NOR2X1    | 0.221 |   1.311 |    5.693 | 
     | g5543__5122       | B ^ -> Y v   | NAND2X1   | 0.104 |   1.415 |    5.797 | 
     | g5537__3680       | A1N v -> Y v | OAI2BB1X1 | 0.443 |   1.858 |    6.241 | 
     | g5536             | A v -> Y ^   | INVX1     | 0.348 |   2.207 |    6.589 | 
     | g5533__4319       | A0 ^ -> Y v  | AOI22X1   | 0.140 |   2.347 |    6.730 | 
     | g5526__6417       | B0 v -> Y ^  | OAI2BB2X1 | 0.514 |   2.861 |    7.244 | 
     | g5524             | A ^ -> Y v   | INVX1     | 0.231 |   3.092 |    7.474 | 
     | g5514__6131       | A0 v -> Y ^  | AOI22X1   | 0.238 |   3.330 |    7.712 | 
     | g5497__6260       | A0N ^ -> Y ^ | AOI2BB2X1 | 0.369 |   3.699 |    8.081 | 
     | g5495             | A ^ -> Y v   | INVX1     | 0.231 |   3.930 |    8.312 | 
     | g5492__6417       | B0 v -> Y ^  | OAI21XL   | 0.171 |   4.101 |    8.483 | 
     | g5487__2346       | A0 ^ -> Y v  | AOI21X1   | 0.128 |   4.228 |    8.611 | 
     | g5485__2883       | B0 v -> Y ^  | AOI21X1   | 0.205 |   4.433 |    8.816 | 
     | g5483__9945       | A1N ^ -> Y ^ | OAI2BB2X1 | 0.408 |   4.841 |    9.223 | 
     | g5481__6161       | A ^ -> Y ^   | AND2X2    | 0.286 |   5.127 |    9.509 | 
     | g5464__2398       | A0 ^ -> Y v  | AOI21XL   | 0.113 |   5.239 |    9.622 | 
     | pending_q_reg[10] | D v          | DFFRHQX1  | 0.000 |   5.239 |    9.622 | 
     +---------------------------------------------------------------------------+ 
Path 10: MET Setup Check with Pin pending_q_reg[15]/CK 
Endpoint:   pending_q_reg[15]/D (v) checked with  leading edge of 'clk'
Beginpoint: ack_q_reg[1]/Q      (^) triggered by  leading edge of 'clk'
Path Groups: {clk}
Analysis View: setup_view
Other End Arrival Time          0.177
- Setup                         0.363
+ Phase Shift                  10.000
- Uncertainty                   0.200
= Required Time                 9.614
- Arrival Time                  5.211
= Slack Time                    4.403
     Clock Rise Edge                 0.000
     + Clock Network Latency (Prop)  0.004
     = Beginpoint Arrival Time       0.004
     +---------------------------------------------------------------------------+ 
     |     Instance      |     Arc      |   Cell    | Delay | Arrival | Required | 
     |                   |              |           |       |  Time   |   Time   | 
     |-------------------+--------------+-----------+-------+---------+----------| 
     | ack_q_reg[1]      | CK ^         |           |       |   0.004 |    4.408 | 
     | ack_q_reg[1]      | CK ^ -> Q ^  | DFFRHQX1  | 0.473 |   0.478 |    4.881 | 
     | g5676             | A ^ -> Y v   | INVX1     | 0.106 |   0.584 |    4.987 | 
     | g5576__5115       | A0 v -> Y ^  | AOI21X1   | 0.323 |   0.907 |    5.310 | 
     | g5559__2398       | A ^ -> Y v   | NAND2X1   | 0.184 |   1.090 |    5.494 | 
     | g5551__9315       | B v -> Y ^   | NOR2X1    | 0.221 |   1.311 |    5.714 | 
     | g5543__5122       | B ^ -> Y v   | NAND2X1   | 0.104 |   1.415 |    5.819 | 
     | g5537__3680       | A1N v -> Y v | OAI2BB1X1 | 0.443 |   1.858 |    6.262 | 
     | g5536             | A v -> Y ^   | INVX1     | 0.348 |   2.207 |    6.610 | 
     | g5533__4319       | A0 ^ -> Y v  | AOI22X1   | 0.140 |   2.347 |    6.751 | 
     | g5526__6417       | B0 v -> Y ^  | OAI2BB2X1 | 0.514 |   2.861 |    7.265 | 
     | g5524             | A ^ -> Y v   | INVX1     | 0.231 |   3.092 |    7.495 | 
     | g5514__6131       | A0 v -> Y ^  | AOI22X1   | 0.238 |   3.330 |    7.733 | 
     | g5497__6260       | A0N ^ -> Y ^ | AOI2BB2X1 | 0.369 |   3.699 |    8.102 | 
     | g5495             | A ^ -> Y v   | INVX1     | 0.231 |   3.930 |    8.333 | 
     | g5492__6417       | B0 v -> Y ^  | OAI21XL   | 0.171 |   4.101 |    8.504 | 
     | g5487__2346       | A0 ^ -> Y v  | AOI21X1   | 0.128 |   4.228 |    8.632 | 
     | g5485__2883       | B0 v -> Y ^  | AOI21X1   | 0.205 |   4.433 |    8.837 | 
     | g5483__9945       | B0 ^ -> Y v  | OAI2BB2X1 | 0.247 |   4.680 |    9.084 | 
     | g5482__9315       | A v -> Y ^   | NOR2X1    | 0.364 |   5.044 |    9.448 | 
     | g5477__6260       | A0 ^ -> Y v  | AOI21XL   | 0.167 |   5.211 |    9.614 | 
     | pending_q_reg[15] | D v          | DFFRHQX1  | 0.000 |   5.211 |    9.614 | 
     +---------------------------------------------------------------------------+ 
Path 11: MET Setup Check with Pin pending_q_reg[7]/CK 
Endpoint:   pending_q_reg[7]/D (v) checked with  leading edge of 'clk'
Beginpoint: ack_q_reg[1]/Q     (^) triggered by  leading edge of 'clk'
Path Groups: {clk}
Analysis View: setup_view
Other End Arrival Time          0.177
- Setup                         0.363
+ Phase Shift                  10.000
- Uncertainty                   0.200
= Required Time                 9.614
- Arrival Time                  5.211
= Slack Time                    4.403
     Clock Rise Edge                 0.000
     + Clock Network Latency (Prop)  0.004
     = Beginpoint Arrival Time       0.004
     +--------------------------------------------------------------------------+ 
     |     Instance     |     Arc      |   Cell    | Delay | Arrival | Required | 
     |                  |              |           |       |  Time   |   Time   | 
     |------------------+--------------+-----------+-------+---------+----------| 
     | ack_q_reg[1]     | CK ^         |           |       |   0.004 |    4.408 | 
     | ack_q_reg[1]     | CK ^ -> Q ^  | DFFRHQX1  | 0.473 |   0.478 |    4.881 | 
     | g5676            | A ^ -> Y v   | INVX1     | 0.106 |   0.584 |    4.987 | 
     | g5576__5115      | A0 v -> Y ^  | AOI21X1   | 0.323 |   0.907 |    5.310 | 
     | g5559__2398      | A ^ -> Y v   | NAND2X1   | 0.184 |   1.090 |    5.494 | 
     | g5551__9315      | B v -> Y ^   | NOR2X1    | 0.221 |   1.311 |    5.714 | 
     | g5543__5122      | B ^ -> Y v   | NAND2X1   | 0.104 |   1.415 |    5.819 | 
     | g5537__3680      | A1N v -> Y v | OAI2BB1X1 | 0.443 |   1.858 |    6.262 | 
     | g5536            | A v -> Y ^   | INVX1     | 0.348 |   2.207 |    6.610 | 
     | g5533__4319      | A0 ^ -> Y v  | AOI22X1   | 0.140 |   2.347 |    6.751 | 
     | g5526__6417      | B0 v -> Y ^  | OAI2BB2X1 | 0.514 |   2.861 |    7.265 | 
     | g5524            | A ^ -> Y v   | INVX1     | 0.231 |   3.092 |    7.496 | 
     | g5514__6131      | A0 v -> Y ^  | AOI22X1   | 0.238 |   3.330 |    7.733 | 
     | g5497__6260      | A0N ^ -> Y ^ | AOI2BB2X1 | 0.369 |   3.699 |    8.103 | 
     | g5495            | A ^ -> Y v   | INVX1     | 0.231 |   3.930 |    8.333 | 
     | g5492__6417      | B0 v -> Y ^  | OAI21XL   | 0.171 |   4.101 |    8.504 | 
     | g5487__2346      | A0 ^ -> Y v  | AOI21X1   | 0.128 |   4.228 |    8.632 | 
     | g5485__2883      | B0 v -> Y ^  | AOI21X1   | 0.205 |   4.433 |    8.837 | 
     | g5483__9945      | B0 ^ -> Y v  | OAI2BB2X1 | 0.247 |   4.680 |    9.084 | 
     | g5482__9315      | A v -> Y ^   | NOR2X1    | 0.364 |   5.044 |    9.448 | 
     | g5476__5107      | A0 ^ -> Y v  | AOI21XL   | 0.166 |   5.211 |    9.614 | 
     | pending_q_reg[7] | D v          | DFFRHQX1  | 0.000 |   5.211 |    9.614 | 
     +--------------------------------------------------------------------------+ 
Path 12: MET Setup Check with Pin pending_q_reg[11]/CK 
Endpoint:   pending_q_reg[11]/D (v) checked with  leading edge of 'clk'
Beginpoint: ack_q_reg[1]/Q      (^) triggered by  leading edge of 'clk'
Path Groups: {clk}
Analysis View: setup_view
Other End Arrival Time          0.179
- Setup                         0.362
+ Phase Shift                  10.000
- Uncertainty                   0.200
= Required Time                 9.617
- Arrival Time                  5.206
= Slack Time                    4.411
     Clock Rise Edge                 0.000
     + Clock Network Latency (Prop)  0.004
     = Beginpoint Arrival Time       0.004
     +---------------------------------------------------------------------------+ 
     |     Instance      |     Arc      |   Cell    | Delay | Arrival | Required | 
     |                   |              |           |       |  Time   |   Time   | 
     |-------------------+--------------+-----------+-------+---------+----------| 
     | ack_q_reg[1]      | CK ^         |           |       |   0.004 |    4.416 | 
     | ack_q_reg[1]      | CK ^ -> Q ^  | DFFRHQX1  | 0.473 |   0.478 |    4.889 | 
     | g5676             | A ^ -> Y v   | INVX1     | 0.106 |   0.584 |    4.995 | 
     | g5576__5115       | A0 v -> Y ^  | AOI21X1   | 0.323 |   0.907 |    5.318 | 
     | g5559__2398       | A ^ -> Y v   | NAND2X1   | 0.184 |   1.090 |    5.502 | 
     | g5551__9315       | B v -> Y ^   | NOR2X1    | 0.221 |   1.311 |    5.722 | 
     | g5543__5122       | B ^ -> Y v   | NAND2X1   | 0.104 |   1.415 |    5.827 | 
     | g5537__3680       | A1N v -> Y v | OAI2BB1X1 | 0.443 |   1.858 |    6.270 | 
     | g5536             | A v -> Y ^   | INVX1     | 0.348 |   2.207 |    6.618 | 
     | g5533__4319       | A0 ^ -> Y v  | AOI22X1   | 0.140 |   2.347 |    6.759 | 
     | g5526__6417       | B0 v -> Y ^  | OAI2BB2X1 | 0.514 |   2.861 |    7.273 | 
     | g5524             | A ^ -> Y v   | INVX1     | 0.231 |   3.092 |    7.504 | 
     | g5514__6131       | A0 v -> Y ^  | AOI22X1   | 0.238 |   3.330 |    7.741 | 
     | g5497__6260       | A0N ^ -> Y ^ | AOI2BB2X1 | 0.369 |   3.699 |    8.111 | 
     | g5495             | A ^ -> Y v   | INVX1     | 0.231 |   3.930 |    8.341 | 
     | g5492__6417       | B0 v -> Y ^  | OAI21XL   | 0.171 |   4.101 |    8.512 | 
     | g5487__2346       | A0 ^ -> Y v  | AOI21X1   | 0.128 |   4.228 |    8.640 | 
     | g5485__2883       | B0 v -> Y ^  | AOI21X1   | 0.205 |   4.433 |    8.845 | 
     | g5483__9945       | B0 ^ -> Y v  | OAI2BB2X1 | 0.247 |   4.680 |    9.092 | 
     | g5482__9315       | A v -> Y ^   | NOR2X1    | 0.364 |   5.044 |    9.456 | 
     | g5461__8246       | A0 ^ -> Y v  | AOI21XL   | 0.161 |   5.206 |    9.617 | 
     | pending_q_reg[11] | D v          | DFFRHQX1  | 0.000 |   5.206 |    9.617 | 
     +---------------------------------------------------------------------------+ 
Path 13: MET Setup Check with Pin pending_q_reg[1]/CK 
Endpoint:   pending_q_reg[1]/D (v) checked with  leading edge of 'clk'
Beginpoint: ack_q_reg[1]/Q     (^) triggered by  leading edge of 'clk'
Path Groups: {clk}
Analysis View: setup_view
Other End Arrival Time          0.180
- Setup                         0.364
+ Phase Shift                  10.000
- Uncertainty                   0.200
= Required Time                 9.616
- Arrival Time                  5.172
= Slack Time                    4.444
     Clock Rise Edge                 0.000
     + Clock Network Latency (Prop)  0.004
     = Beginpoint Arrival Time       0.004
     +--------------------------------------------------------------------------+ 
     |     Instance     |     Arc      |   Cell    | Delay | Arrival | Required | 
     |                  |              |           |       |  Time   |   Time   | 
     |------------------+--------------+-----------+-------+---------+----------| 
     | ack_q_reg[1]     | CK ^         |           |       |   0.004 |    4.448 | 
     | ack_q_reg[1]     | CK ^ -> Q ^  | DFFRHQX1  | 0.473 |   0.478 |    4.921 | 
     | g5676            | A ^ -> Y v   | INVX1     | 0.106 |   0.584 |    5.028 | 
     | g5576__5115      | A0 v -> Y ^  | AOI21X1   | 0.323 |   0.907 |    5.351 | 
     | g5559__2398      | A ^ -> Y v   | NAND2X1   | 0.184 |   1.090 |    5.534 | 
     | g5551__9315      | B v -> Y ^   | NOR2X1    | 0.221 |   1.311 |    5.755 | 
     | g5543__5122      | B ^ -> Y v   | NAND2X1   | 0.104 |   1.415 |    5.859 | 
     | g5537__3680      | A1N v -> Y v | OAI2BB1X1 | 0.443 |   1.858 |    6.302 | 
     | g5536            | A v -> Y ^   | INVX1     | 0.348 |   2.207 |    6.651 | 
     | g5533__4319      | A0 ^ -> Y v  | AOI22X1   | 0.140 |   2.347 |    6.791 | 
     | g5526__6417      | B0 v -> Y ^  | OAI2BB2X1 | 0.514 |   2.861 |    7.305 | 
     | g5524            | A ^ -> Y v   | INVX1     | 0.231 |   3.092 |    7.536 | 
     | g5514__6131      | A0 v -> Y ^  | AOI22X1   | 0.238 |   3.330 |    7.774 | 
     | g5497__6260      | A0N ^ -> Y ^ | AOI2BB2X1 | 0.369 |   3.699 |    8.143 | 
     | g5495            | A ^ -> Y v   | INVX1     | 0.231 |   3.930 |    8.374 | 
     | g5492__6417      | B0 v -> Y ^  | OAI21XL   | 0.171 |   4.101 |    8.545 | 
     | g5487__2346      | A0 ^ -> Y v  | AOI21X1   | 0.128 |   4.228 |    8.672 | 
     | g5485__2883      | B0 v -> Y ^  | AOI21X1   | 0.205 |   4.433 |    8.877 | 
     | g5483__9945      | B0 ^ -> Y v  | OAI2BB2X1 | 0.247 |   4.680 |    9.124 | 
     | g5480__4733      | A v -> Y ^   | NOR2X1    | 0.316 |   4.996 |    9.440 | 
     | g5473__7098      | A0 ^ -> Y v  | AOI21XL   | 0.176 |   5.172 |    9.616 | 
     | pending_q_reg[1] | D v          | DFFRHQX1  | 0.000 |   5.172 |    9.616 | 
     +--------------------------------------------------------------------------+ 
Path 14: MET Setup Check with Pin pending_q_reg[13]/CK 
Endpoint:   pending_q_reg[13]/D (v) checked with  leading edge of 'clk'
Beginpoint: ack_q_reg[1]/Q      (^) triggered by  leading edge of 'clk'
Path Groups: {clk}
Analysis View: setup_view
Other End Arrival Time          0.179
- Setup                         0.360
+ Phase Shift                  10.000
- Uncertainty                   0.200
= Required Time                 9.619
- Arrival Time                  5.149
= Slack Time                    4.470
     Clock Rise Edge                 0.000
     + Clock Network Latency (Prop)  0.004
     = Beginpoint Arrival Time       0.004
     +---------------------------------------------------------------------------+ 
     |     Instance      |     Arc      |   Cell    | Delay | Arrival | Required | 
     |                   |              |           |       |  Time   |   Time   | 
     |-------------------+--------------+-----------+-------+---------+----------| 
     | ack_q_reg[1]      | CK ^         |           |       |   0.004 |    4.475 | 
     | ack_q_reg[1]      | CK ^ -> Q ^  | DFFRHQX1  | 0.473 |   0.478 |    4.948 | 
     | g5676             | A ^ -> Y v   | INVX1     | 0.106 |   0.584 |    5.054 | 
     | g5576__5115       | A0 v -> Y ^  | AOI21X1   | 0.323 |   0.907 |    5.377 | 
     | g5559__2398       | A ^ -> Y v   | NAND2X1   | 0.184 |   1.090 |    5.561 | 
     | g5551__9315       | B v -> Y ^   | NOR2X1    | 0.221 |   1.311 |    5.781 | 
     | g5543__5122       | B ^ -> Y v   | NAND2X1   | 0.104 |   1.415 |    5.886 | 
     | g5537__3680       | A1N v -> Y v | OAI2BB1X1 | 0.443 |   1.858 |    6.329 | 
     | g5536             | A v -> Y ^   | INVX1     | 0.348 |   2.207 |    6.677 | 
     | g5533__4319       | A0 ^ -> Y v  | AOI22X1   | 0.140 |   2.347 |    6.818 | 
     | g5526__6417       | B0 v -> Y ^  | OAI2BB2X1 | 0.514 |   2.861 |    7.332 | 
     | g5524             | A ^ -> Y v   | INVX1     | 0.231 |   3.092 |    7.563 | 
     | g5514__6131       | A0 v -> Y ^  | AOI22X1   | 0.238 |   3.330 |    7.800 | 
     | g5497__6260       | A0N ^ -> Y ^ | AOI2BB2X1 | 0.369 |   3.699 |    8.170 | 
     | g5495             | A ^ -> Y v   | INVX1     | 0.231 |   3.930 |    8.400 | 
     | g5492__6417       | B0 v -> Y ^  | OAI21XL   | 0.171 |   4.101 |    8.571 | 
     | g5487__2346       | A0 ^ -> Y v  | AOI21X1   | 0.128 |   4.228 |    8.699 | 
     | g5485__2883       | B0 v -> Y ^  | AOI21X1   | 0.205 |   4.433 |    8.904 | 
     | g5483__9945       | B0 ^ -> Y v  | OAI2BB2X1 | 0.247 |   4.680 |    9.151 | 
     | g5480__4733       | A v -> Y ^   | NOR2X1    | 0.316 |   4.996 |    9.467 | 
     | g5467__6783       | A0 ^ -> Y v  | AOI21XL   | 0.153 |   5.149 |    9.619 | 
     | pending_q_reg[13] | D v          | DFFRHQX1  | 0.000 |   5.149 |    9.619 | 
     +---------------------------------------------------------------------------+ 
Path 15: MET Setup Check with Pin pending_q_reg[5]/CK 
Endpoint:   pending_q_reg[5]/D (v) checked with  leading edge of 'clk'
Beginpoint: ack_q_reg[1]/Q     (^) triggered by  leading edge of 'clk'
Path Groups: {clk}
Analysis View: setup_view
Other End Arrival Time          0.180
- Setup                         0.359
+ Phase Shift                  10.000
- Uncertainty                   0.200
= Required Time                 9.622
- Arrival Time                  5.143
= Slack Time                    4.479
     Clock Rise Edge                 0.000
     + Clock Network Latency (Prop)  0.004
     = Beginpoint Arrival Time       0.004
     +--------------------------------------------------------------------------+ 
     |     Instance     |     Arc      |   Cell    | Delay | Arrival | Required | 
     |                  |              |           |       |  Time   |   Time   | 
     |------------------+--------------+-----------+-------+---------+----------| 
     | ack_q_reg[1]     | CK ^         |           |       |   0.004 |    4.483 | 
     | ack_q_reg[1]     | CK ^ -> Q ^  | DFFRHQX1  | 0.473 |   0.478 |    4.956 | 
     | g5676            | A ^ -> Y v   | INVX1     | 0.106 |   0.584 |    5.063 | 
     | g5576__5115      | A0 v -> Y ^  | AOI21X1   | 0.323 |   0.907 |    5.386 | 
     | g5559__2398      | A ^ -> Y v   | NAND2X1   | 0.184 |   1.090 |    5.569 | 
     | g5551__9315      | B v -> Y ^   | NOR2X1    | 0.221 |   1.311 |    5.790 | 
     | g5543__5122      | B ^ -> Y v   | NAND2X1   | 0.104 |   1.415 |    5.894 | 
     | g5537__3680      | A1N v -> Y v | OAI2BB1X1 | 0.443 |   1.858 |    6.337 | 
     | g5536            | A v -> Y ^   | INVX1     | 0.348 |   2.207 |    6.686 | 
     | g5533__4319      | A0 ^ -> Y v  | AOI22X1   | 0.140 |   2.347 |    6.826 | 
     | g5526__6417      | B0 v -> Y ^  | OAI2BB2X1 | 0.514 |   2.861 |    7.340 | 
     | g5524            | A ^ -> Y v   | INVX1     | 0.231 |   3.092 |    7.571 | 
     | g5514__6131      | A0 v -> Y ^  | AOI22X1   | 0.238 |   3.330 |    7.809 | 
     | g5497__6260      | A0N ^ -> Y ^ | AOI2BB2X1 | 0.369 |   3.699 |    8.178 | 
     | g5495            | A ^ -> Y v   | INVX1     | 0.231 |   3.930 |    8.409 | 
     | g5492__6417      | B0 v -> Y ^  | OAI21XL   | 0.171 |   4.101 |    8.580 | 
     | g5487__2346      | A0 ^ -> Y v  | AOI21X1   | 0.128 |   4.228 |    8.707 | 
     | g5485__2883      | B0 v -> Y ^  | AOI21X1   | 0.205 |   4.433 |    8.912 | 
     | g5483__9945      | B0 ^ -> Y v  | OAI2BB2X1 | 0.247 |   4.680 |    9.159 | 
     | g5480__4733      | A v -> Y ^   | NOR2X1    | 0.316 |   4.996 |    9.475 | 
     | g5469__3680      | A0 ^ -> Y v  | AOI21XL   | 0.147 |   5.143 |    9.622 | 
     | pending_q_reg[5] | D v          | DFFRHQX1  | 0.000 |   5.143 |    9.622 | 
     +--------------------------------------------------------------------------+ 
Path 16: MET Setup Check with Pin pending_q_reg[9]/CK 
Endpoint:   pending_q_reg[9]/D (v) checked with  leading edge of 'clk'
Beginpoint: ack_q_reg[1]/Q     (^) triggered by  leading edge of 'clk'
Path Groups: {clk}
Analysis View: setup_view
Other End Arrival Time          0.179
- Setup                         0.358
+ Phase Shift                  10.000
- Uncertainty                   0.200
= Required Time                 9.621
- Arrival Time                  5.141
= Slack Time                    4.480
     Clock Rise Edge                 0.000
     + Clock Network Latency (Prop)  0.004
     = Beginpoint Arrival Time       0.004
     +--------------------------------------------------------------------------+ 
     |     Instance     |     Arc      |   Cell    | Delay | Arrival | Required | 
     |                  |              |           |       |  Time   |   Time   | 
     |------------------+--------------+-----------+-------+---------+----------| 
     | ack_q_reg[1]     | CK ^         |           |       |   0.004 |    4.484 | 
     | ack_q_reg[1]     | CK ^ -> Q ^  | DFFRHQX1  | 0.473 |   0.478 |    4.958 | 
     | g5676            | A ^ -> Y v   | INVX1     | 0.106 |   0.584 |    5.064 | 
     | g5576__5115      | A0 v -> Y ^  | AOI21X1   | 0.323 |   0.907 |    5.387 | 
     | g5559__2398      | A ^ -> Y v   | NAND2X1   | 0.184 |   1.090 |    5.570 | 
     | g5551__9315      | B v -> Y ^   | NOR2X1    | 0.221 |   1.311 |    5.791 | 
     | g5543__5122      | B ^ -> Y v   | NAND2X1   | 0.104 |   1.415 |    5.895 | 
     | g5537__3680      | A1N v -> Y v | OAI2BB1X1 | 0.443 |   1.858 |    6.339 | 
     | g5536            | A v -> Y ^   | INVX1     | 0.348 |   2.207 |    6.687 | 
     | g5533__4319      | A0 ^ -> Y v  | AOI22X1   | 0.140 |   2.347 |    6.827 | 
     | g5526__6417      | B0 v -> Y ^  | OAI2BB2X1 | 0.514 |   2.861 |    7.341 | 
     | g5524            | A ^ -> Y v   | INVX1     | 0.231 |   3.092 |    7.572 | 
     | g5514__6131      | A0 v -> Y ^  | AOI22X1   | 0.238 |   3.330 |    7.810 | 
     | g5497__6260      | A0N ^ -> Y ^ | AOI2BB2X1 | 0.369 |   3.699 |    8.179 | 
     | g5495            | A ^ -> Y v   | INVX1     | 0.231 |   3.930 |    8.410 | 
     | g5492__6417      | B0 v -> Y ^  | OAI21XL   | 0.171 |   4.101 |    8.581 | 
     | g5487__2346      | A0 ^ -> Y v  | AOI21X1   | 0.128 |   4.228 |    8.708 | 
     | g5485__2883      | B0 v -> Y ^  | AOI21X1   | 0.205 |   4.433 |    8.914 | 
     | g5483__9945      | B0 ^ -> Y v  | OAI2BB2X1 | 0.247 |   4.680 |    9.160 | 
     | g5480__4733      | A v -> Y ^   | NOR2X1    | 0.316 |   4.996 |    9.476 | 
     | g5463__6131      | A0 ^ -> Y v  | AOI21XL   | 0.145 |   5.141 |    9.621 | 
     | pending_q_reg[9] | D v          | DFFRHQX1  | 0.000 |   5.141 |    9.621 | 
     +--------------------------------------------------------------------------+ 
Path 17: MET Setup Check with Pin out_addr_q_reg[0]/CK 
Endpoint:   out_addr_q_reg[0]/D (v) checked with  leading edge of 'clk'
Beginpoint: ack_q_reg[1]/Q      (^) triggered by  leading edge of 'clk'
Path Groups: {clk}
Analysis View: setup_view
Other End Arrival Time          0.179
- Setup                         0.369
+ Phase Shift                  10.000
- Uncertainty                   0.200
= Required Time                 9.610
- Arrival Time                  4.947
= Slack Time                    4.663
     Clock Rise Edge                 0.000
     + Clock Network Latency (Prop)  0.004
     = Beginpoint Arrival Time       0.004
     +---------------------------------------------------------------------------+ 
     |     Instance      |     Arc      |   Cell    | Delay | Arrival | Required | 
     |                   |              |           |       |  Time   |   Time   | 
     |-------------------+--------------+-----------+-------+---------+----------| 
     | ack_q_reg[1]      | CK ^         |           |       |   0.004 |    4.667 | 
     | ack_q_reg[1]      | CK ^ -> Q ^  | DFFRHQX1  | 0.473 |   0.478 |    5.141 | 
     | g5676             | A ^ -> Y v   | INVX1     | 0.106 |   0.584 |    5.247 | 
     | g5576__5115       | A0 v -> Y ^  | AOI21X1   | 0.323 |   0.907 |    5.570 | 
     | g5559__2398       | A ^ -> Y v   | NAND2X1   | 0.184 |   1.090 |    5.753 | 
     | g5551__9315       | B v -> Y ^   | NOR2X1    | 0.221 |   1.311 |    5.974 | 
     | g5543__5122       | B ^ -> Y v   | NAND2X1   | 0.104 |   1.415 |    6.078 | 
     | g5537__3680       | A1N v -> Y v | OAI2BB1X1 | 0.443 |   1.858 |    6.521 | 
     | g5536             | A v -> Y ^   | INVX1     | 0.348 |   2.207 |    6.870 | 
     | g5533__4319       | A0 ^ -> Y v  | AOI22X1   | 0.140 |   2.347 |    7.010 | 
     | g5526__6417       | B0 v -> Y ^  | OAI2BB2X1 | 0.514 |   2.861 |    7.524 | 
     | g5524             | A ^ -> Y v   | INVX1     | 0.231 |   3.092 |    7.755 | 
     | g5514__6131       | A0 v -> Y ^  | AOI22X1   | 0.238 |   3.330 |    7.993 | 
     | g5497__6260       | A0N ^ -> Y ^ | AOI2BB2X1 | 0.369 |   3.699 |    8.362 | 
     | g5495             | A ^ -> Y v   | INVX1     | 0.231 |   3.930 |    8.593 | 
     | g5492__6417       | B0 v -> Y ^  | OAI21XL   | 0.171 |   4.101 |    8.764 | 
     | g5487__2346       | A0 ^ -> Y v  | AOI21X1   | 0.128 |   4.228 |    8.891 | 
     | g5485__2883       | B0 v -> Y ^  | AOI21X1   | 0.205 |   4.433 |    9.096 | 
     | g5483__9945       | A1N ^ -> Y ^ | OAI2BB2X1 | 0.408 |   4.841 |    9.504 | 
     | g5478__5115       | B0 ^ -> Y v  | OAI2BB2X1 | 0.106 |   4.947 |    9.610 | 
     | out_addr_q_reg[0] | D v          | DFFRHQX1  | 0.000 |   4.947 |    9.610 | 
     +---------------------------------------------------------------------------+ 
Path 18: MET Setup Check with Pin out_addr_q_reg[1]/CK 
Endpoint:   out_addr_q_reg[1]/D (^) checked with  leading edge of 'clk'
Beginpoint: ack_q_reg[1]/Q      (^) triggered by  leading edge of 'clk'
Path Groups: {clk}
Analysis View: setup_view
Other End Arrival Time          0.179
- Setup                         0.214
+ Phase Shift                  10.000
- Uncertainty                   0.200
= Required Time                 9.764
- Arrival Time                  4.117
= Slack Time                    5.647
     Clock Rise Edge                 0.000
     + Clock Network Latency (Prop)  0.004
     = Beginpoint Arrival Time       0.004
     +---------------------------------------------------------------------------+ 
     |     Instance      |     Arc      |   Cell    | Delay | Arrival | Required | 
     |                   |              |           |       |  Time   |   Time   | 
     |-------------------+--------------+-----------+-------+---------+----------| 
     | ack_q_reg[1]      | CK ^         |           |       |   0.004 |    5.651 | 
     | ack_q_reg[1]      | CK ^ -> Q ^  | DFFRHQX1  | 0.473 |   0.478 |    6.125 | 
     | g5676             | A ^ -> Y v   | INVX1     | 0.106 |   0.584 |    6.231 | 
     | g5576__5115       | A0 v -> Y ^  | AOI21X1   | 0.323 |   0.907 |    6.554 | 
     | g5559__2398       | A ^ -> Y v   | NAND2X1   | 0.184 |   1.090 |    6.737 | 
     | g5551__9315       | B v -> Y ^   | NOR2X1    | 0.221 |   1.311 |    6.958 | 
     | g5543__5122       | B ^ -> Y v   | NAND2X1   | 0.104 |   1.415 |    7.062 | 
     | g5537__3680       | A1N v -> Y v | OAI2BB1X1 | 0.443 |   1.858 |    7.505 | 
     | g5536             | A v -> Y ^   | INVX1     | 0.348 |   2.207 |    7.854 | 
     | g5533__4319       | A0 ^ -> Y v  | AOI22X1   | 0.140 |   2.347 |    7.994 | 
     | g5526__6417       | B0 v -> Y ^  | OAI2BB2X1 | 0.514 |   2.861 |    8.508 | 
     | g5524             | A ^ -> Y v   | INVX1     | 0.231 |   3.092 |    8.739 | 
     | g5514__6131       | A0 v -> Y ^  | AOI22X1   | 0.238 |   3.330 |    8.977 | 
     | g5497__6260       | A0N ^ -> Y ^ | AOI2BB2X1 | 0.369 |   3.699 |    9.346 | 
     | g5495             | A ^ -> Y v   | INVX1     | 0.231 |   3.930 |    9.577 | 
     | g5490__7410       | B0 v -> Y ^  | OAI2BB2X1 | 0.187 |   4.117 |    9.764 | 
     | out_addr_q_reg[1] | D ^          | DFFRHQX1  | 0.000 |   4.117 |    9.764 | 
     +---------------------------------------------------------------------------+ 
Path 19: MET Setup Check with Pin out_addr_q_reg[2]/CK 
Endpoint:   out_addr_q_reg[2]/D (v) checked with  leading edge of 'clk'
Beginpoint: ack_q_reg[1]/Q      (^) triggered by  leading edge of 'clk'
Path Groups: {clk}
Analysis View: setup_view
Other End Arrival Time          0.178
- Setup                         0.368
+ Phase Shift                  10.000
- Uncertainty                   0.200
= Required Time                 9.610
- Arrival Time                  2.963
= Slack Time                    6.647
     Clock Rise Edge                 0.000
     + Clock Network Latency (Prop)  0.004
     = Beginpoint Arrival Time       0.004
     +---------------------------------------------------------------------------+ 
     |     Instance      |     Arc      |   Cell    | Delay | Arrival | Required | 
     |                   |              |           |       |  Time   |   Time   | 
     |-------------------+--------------+-----------+-------+---------+----------| 
     | ack_q_reg[1]      | CK ^         |           |       |   0.004 |    6.651 | 
     | ack_q_reg[1]      | CK ^ -> Q ^  | DFFRHQX1  | 0.473 |   0.478 |    7.125 | 
     | g5676             | A ^ -> Y v   | INVX1     | 0.106 |   0.584 |    7.231 | 
     | g5576__5115       | A0 v -> Y ^  | AOI21X1   | 0.323 |   0.907 |    7.554 | 
     | g5559__2398       | A ^ -> Y v   | NAND2X1   | 0.184 |   1.090 |    7.738 | 
     | g5551__9315       | B v -> Y ^   | NOR2X1    | 0.221 |   1.311 |    7.958 | 
     | g5543__5122       | B ^ -> Y v   | NAND2X1   | 0.104 |   1.415 |    8.062 | 
     | g5537__3680       | A1N v -> Y v | OAI2BB1X1 | 0.443 |   1.858 |    8.506 | 
     | g5536             | A v -> Y ^   | INVX1     | 0.348 |   2.207 |    8.854 | 
     | g5533__4319       | A0 ^ -> Y v  | AOI22X1   | 0.140 |   2.347 |    8.994 | 
     | g5526__6417       | B0 v -> Y ^  | OAI2BB2X1 | 0.514 |   2.861 |    9.509 | 
     | g5513__5115       | B0 ^ -> Y v  | OAI2BB2X1 | 0.102 |   2.963 |    9.610 | 
     | out_addr_q_reg[2] | D v          | DFFRHQX1  | 0.000 |   2.963 |    9.610 | 
     +---------------------------------------------------------------------------+ 
Path 20: MET Setup Check with Pin epoch_bin_q_reg[2]/CK 
Endpoint:   epoch_bin_q_reg[2]/D (v) checked with  leading edge of 'clk'
Beginpoint: ack_q_reg[1]/Q       (^) triggered by  leading edge of 'clk'
Path Groups: {clk}
Analysis View: setup_view
Other End Arrival Time          0.178
- Setup                         0.353
+ Phase Shift                  10.000
- Uncertainty                   0.200
= Required Time                 9.625
- Arrival Time                  2.776
= Slack Time                    6.849
     Clock Rise Edge                 0.000
     + Clock Network Latency (Prop)  0.004
     = Beginpoint Arrival Time       0.004
     +--------------------------------------------------------------------------+ 
     |      Instance      |     Arc     |   Cell   | Delay | Arrival | Required | 
     |                    |             |          |       |  Time   |   Time   | 
     |--------------------+-------------+----------+-------+---------+----------| 
     | ack_q_reg[1]       | CK ^        |          |       |   0.004 |    6.853 | 
     | ack_q_reg[1]       | CK ^ -> Q ^ | DFFRHQX1 | 0.473 |   0.478 |    7.327 | 
     | g5676              | A ^ -> Y v  | INVX1    | 0.106 |   0.584 |    7.433 | 
     | g5576__5115        | A0 v -> Y ^ | AOI21X1  | 0.323 |   0.907 |    7.756 | 
     | g5559__2398        | A ^ -> Y v  | NAND2X1  | 0.184 |   1.090 |    7.940 | 
     | g5551__9315        | B v -> Y ^  | NOR2X1   | 0.221 |   1.311 |    8.160 | 
     | g5543__5122        | B ^ -> Y v  | NAND2X1  | 0.104 |   1.415 |    8.264 | 
     | g5539__1617        | A1 v -> Y ^ | OAI21XL  | 0.745 |   2.160 |    9.009 | 
     | g5538              | A ^ -> Y v  | INVX1    | 0.143 |   2.303 |    9.152 | 
     | g5534__5526        | A v -> Y v  | AND2X2   | 0.217 |   2.519 |    9.369 | 
     | g5525__5477        | A v -> Y ^  | NAND2X1  | 0.142 |   2.662 |    9.511 | 
     | g5496__2883        | A0 ^ -> Y v | AOI21XL  | 0.114 |   2.776 |    9.625 | 
     | epoch_bin_q_reg[2] | D v         | DFFRHQX1 | 0.000 |   2.776 |    9.625 | 
     +--------------------------------------------------------------------------+ 
Path 21: MET Setup Check with Pin epoch_bin_q_reg[1]/CK 
Endpoint:   epoch_bin_q_reg[1]/D (v) checked with  leading edge of 'clk'
Beginpoint: ack_q_reg[1]/Q       (^) triggered by  leading edge of 'clk'
Path Groups: {clk}
Analysis View: setup_view
Other End Arrival Time          0.177
- Setup                         0.347
+ Phase Shift                  10.000
- Uncertainty                   0.200
= Required Time                 9.631
- Arrival Time                  2.768
= Slack Time                    6.863
     Clock Rise Edge                 0.000
     + Clock Network Latency (Prop)  0.004
     = Beginpoint Arrival Time       0.004
     +--------------------------------------------------------------------------+ 
     |      Instance      |     Arc     |   Cell   | Delay | Arrival | Required | 
     |                    |             |          |       |  Time   |   Time   | 
     |--------------------+-------------+----------+-------+---------+----------| 
     | ack_q_reg[1]       | CK ^        |          |       |   0.004 |    6.867 | 
     | ack_q_reg[1]       | CK ^ -> Q ^ | DFFRHQX1 | 0.473 |   0.478 |    7.341 | 
     | g5676              | A ^ -> Y v  | INVX1    | 0.106 |   0.584 |    7.447 | 
     | g5576__5115        | A0 v -> Y ^ | AOI21X1  | 0.323 |   0.907 |    7.770 | 
     | g5559__2398        | A ^ -> Y v  | NAND2X1  | 0.184 |   1.090 |    7.954 | 
     | g5551__9315        | B v -> Y ^  | NOR2X1   | 0.221 |   1.311 |    8.174 | 
     | g5543__5122        | B ^ -> Y v  | NAND2X1  | 0.104 |   1.415 |    8.278 | 
     | g5539__1617        | A1 v -> Y ^ | OAI21XL  | 0.745 |   2.160 |    9.023 | 
     | g5538              | A ^ -> Y v  | INVX1    | 0.143 |   2.303 |    9.166 | 
     | g5534__5526        | A v -> Y v  | AND2X2   | 0.217 |   2.519 |    9.383 | 
     | g5519__1666        | A0 v -> Y ^ | OAI21XL  | 0.177 |   2.697 |    9.560 | 
     | g5509              | A ^ -> Y v  | INVXL    | 0.071 |   2.768 |    9.631 | 
     | epoch_bin_q_reg[1] | D v         | DFFRHQX1 | 0.000 |   2.768 |    9.631 | 
     +--------------------------------------------------------------------------+ 
Path 22: MET Setup Check with Pin epoch_bin_q_reg[3]/CK 
Endpoint:   epoch_bin_q_reg[3]/K (v) checked with  leading edge of 'clk'
Beginpoint: ack_q_reg[1]/Q       (^) triggered by  leading edge of 'clk'
Path Groups: {clk}
Analysis View: setup_view
Other End Arrival Time          0.177
- Setup                         0.304
+ Phase Shift                  10.000
- Uncertainty                   0.200
= Required Time                 9.673
- Arrival Time                  2.770
= Slack Time                    6.904
     Clock Rise Edge                 0.000
     + Clock Network Latency (Prop)  0.004
     = Beginpoint Arrival Time       0.004
     +--------------------------------------------------------------------------+ 
     |      Instance      |     Arc     |   Cell   | Delay | Arrival | Required | 
     |                    |             |          |       |  Time   |   Time   | 
     |--------------------+-------------+----------+-------+---------+----------| 
     | ack_q_reg[1]       | CK ^        |          |       |   0.004 |    6.908 | 
     | ack_q_reg[1]       | CK ^ -> Q ^ | DFFRHQX1 | 0.473 |   0.478 |    7.381 | 
     | g5676              | A ^ -> Y v  | INVX1    | 0.106 |   0.584 |    7.487 | 
     | g5576__5115        | A0 v -> Y ^ | AOI21X1  | 0.323 |   0.907 |    7.810 | 
     | g5559__2398        | A ^ -> Y v  | NAND2X1  | 0.184 |   1.090 |    7.994 | 
     | g5551__9315        | B v -> Y ^  | NOR2X1   | 0.221 |   1.311 |    8.215 | 
     | g5543__5122        | B ^ -> Y v  | NAND2X1  | 0.104 |   1.415 |    8.319 | 
     | g5539__1617        | A1 v -> Y ^ | OAI21XL  | 0.745 |   2.160 |    9.064 | 
     | g5538              | A ^ -> Y v  | INVX1    | 0.143 |   2.303 |    9.206 | 
     | g5534__5526        | A v -> Y v  | AND2X2   | 0.217 |   2.519 |    9.423 | 
     | g5525__5477        | A v -> Y ^  | NAND2X1  | 0.142 |   2.662 |    9.566 | 
     | g5501__7410        | A ^ -> Y v  | NOR2X1   | 0.108 |   2.770 |    9.673 | 
     | epoch_bin_q_reg[3] | K v         | JKFFRXL  | 0.000 |   2.770 |    9.673 | 
     +--------------------------------------------------------------------------+ 
Path 23: MET Setup Check with Pin epoch_bin_q_reg[3]/CK 
Endpoint:   epoch_bin_q_reg[3]/J (v) checked with  leading edge of 'clk'
Beginpoint: ack_q_reg[1]/Q       (^) triggered by  leading edge of 'clk'
Path Groups: {clk}
Analysis View: setup_view
Other End Arrival Time          0.177
- Setup                         0.207
+ Phase Shift                  10.000
- Uncertainty                   0.200
= Required Time                 9.770
- Arrival Time                  2.770
= Slack Time                    7.000
     Clock Rise Edge                 0.000
     + Clock Network Latency (Prop)  0.004
     = Beginpoint Arrival Time       0.004
     +--------------------------------------------------------------------------+ 
     |      Instance      |     Arc     |   Cell   | Delay | Arrival | Required | 
     |                    |             |          |       |  Time   |   Time   | 
     |--------------------+-------------+----------+-------+---------+----------| 
     | ack_q_reg[1]       | CK ^        |          |       |   0.004 |    7.005 | 
     | ack_q_reg[1]       | CK ^ -> Q ^ | DFFRHQX1 | 0.473 |   0.478 |    7.478 | 
     | g5676              | A ^ -> Y v  | INVX1    | 0.106 |   0.584 |    7.584 | 
     | g5576__5115        | A0 v -> Y ^ | AOI21X1  | 0.323 |   0.907 |    7.907 | 
     | g5559__2398        | A ^ -> Y v  | NAND2X1  | 0.184 |   1.090 |    8.091 | 
     | g5551__9315        | B v -> Y ^  | NOR2X1   | 0.221 |   1.311 |    8.311 | 
     | g5543__5122        | B ^ -> Y v  | NAND2X1  | 0.104 |   1.415 |    8.416 | 
     | g5539__1617        | A1 v -> Y ^ | OAI21XL  | 0.745 |   2.160 |    9.160 | 
     | g5538              | A ^ -> Y v  | INVX1    | 0.143 |   2.303 |    9.303 | 
     | g5534__5526        | A v -> Y v  | AND2X2   | 0.217 |   2.519 |    9.520 | 
     | g5525__5477        | A v -> Y ^  | NAND2X1  | 0.142 |   2.662 |    9.662 | 
     | g5501__7410        | A ^ -> Y v  | NOR2X1   | 0.108 |   2.770 |    9.770 | 
     | epoch_bin_q_reg[3] | J v         | JKFFRXL  | 0.000 |   2.770 |    9.770 | 
     +--------------------------------------------------------------------------+ 
Path 24: MET Setup Check with Pin epoch_bin_q_reg[0]/CK 
Endpoint:   epoch_bin_q_reg[0]/D (v) checked with  leading edge of 'clk'
Beginpoint: ack_q_reg[1]/Q       (^) triggered by  leading edge of 'clk'
Path Groups: {clk}
Analysis View: setup_view
Other End Arrival Time          0.177
- Setup                         0.352
+ Phase Shift                  10.000
- Uncertainty                   0.200
= Required Time                 9.625
- Arrival Time                  2.595
= Slack Time                    7.030
     Clock Rise Edge                 0.000
     + Clock Network Latency (Prop)  0.004
     = Beginpoint Arrival Time       0.004
     +----------------------------------------------------------------------------+ 
     |      Instance      |     Arc      |   Cell    | Delay | Arrival | Required | 
     |                    |              |           |       |  Time   |   Time   | 
     |--------------------+--------------+-----------+-------+---------+----------| 
     | ack_q_reg[1]       | CK ^         |           |       |   0.004 |    7.034 | 
     | ack_q_reg[1]       | CK ^ -> Q ^  | DFFRHQX1  | 0.473 |   0.478 |    7.508 | 
     | g5676              | A ^ -> Y v   | INVX1     | 0.106 |   0.584 |    7.614 | 
     | g5576__5115        | A0 v -> Y ^  | AOI21X1   | 0.323 |   0.907 |    7.937 | 
     | g5559__2398        | A ^ -> Y v   | NAND2X1   | 0.184 |   1.090 |    8.121 | 
     | g5551__9315        | B v -> Y ^   | NOR2X1    | 0.221 |   1.311 |    8.341 | 
     | g5543__5122        | B ^ -> Y v   | NAND2X1   | 0.104 |   1.415 |    8.445 | 
     | g5539__1617        | A1 v -> Y ^  | OAI21XL   | 0.745 |   2.160 |    9.190 | 
     | g5538              | A ^ -> Y v   | INVX1     | 0.143 |   2.303 |    9.333 | 
     | g5528__2398        | A0N v -> Y v | AOI2BB1XL | 0.292 |   2.595 |    9.625 | 
     | epoch_bin_q_reg[0] | D v          | DFFRHQX1  | 0.000 |   2.595 |    9.625 | 
     +----------------------------------------------------------------------------+ 
Path 25: MET Setup Check with Pin out_addr_q_reg[3]/CK 
Endpoint:   out_addr_q_reg[3]/D (v) checked with  leading edge of 'clk'
Beginpoint: ack_q_reg[1]/Q      (^) triggered by  leading edge of 'clk'
Path Groups: {clk}
Analysis View: setup_view
Other End Arrival Time          0.178
- Setup                         0.370
+ Phase Shift                  10.000
- Uncertainty                   0.200
= Required Time                 9.609
- Arrival Time                  2.292
= Slack Time                    7.316
     Clock Rise Edge                 0.000
     + Clock Network Latency (Prop)  0.004
     = Beginpoint Arrival Time       0.004
     +--------------------------------------------------------------------------+ 
     |     Instance      |     Arc     |   Cell    | Delay | Arrival | Required | 
     |                   |             |           |       |  Time   |   Time   | 
     |-------------------+-------------+-----------+-------+---------+----------| 
     | ack_q_reg[1]      | CK ^        |           |       |   0.004 |    7.321 | 
     | ack_q_reg[1]      | CK ^ -> Q ^ | DFFRHQX1  | 0.473 |   0.478 |    7.794 | 
     | g5676             | A ^ -> Y v  | INVX1     | 0.106 |   0.584 |    7.900 | 
     | g5576__5115       | A0 v -> Y ^ | AOI21X1   | 0.323 |   0.907 |    8.223 | 
     | g5559__2398       | A ^ -> Y v  | NAND2X1   | 0.184 |   1.090 |    8.407 | 
     | g5551__9315       | B v -> Y ^  | NOR2X1    | 0.221 |   1.311 |    8.627 | 
     | g5543__5122       | B ^ -> Y v  | NAND2X1   | 0.104 |   1.415 |    8.732 | 
     | g5539__1617       | A1 v -> Y ^ | OAI21XL   | 0.745 |   2.160 |    9.476 | 
     | g5532__8428       | B0 ^ -> Y v | OAI2BB2XL | 0.132 |   2.292 |    9.609 | 
     | out_addr_q_reg[3] | D v         | DFFRHQX1  | 0.000 |   2.292 |    9.609 | 
     +--------------------------------------------------------------------------+ 
Path 26: MET Setup Check with Pin out_valid_q_reg/CK 
Endpoint:   out_valid_q_reg/D (v) checked with  leading edge of 'clk'
Beginpoint: ack_q_reg[1]/Q    (^) triggered by  leading edge of 'clk'
Path Groups: {clk}
Analysis View: setup_view
Other End Arrival Time          0.179
- Setup                         0.367
+ Phase Shift                  10.000
- Uncertainty                   0.200
= Required Time                 9.611
- Arrival Time                  2.254
= Slack Time                    7.357
     Clock Rise Edge                 0.000
     + Clock Network Latency (Prop)  0.004
     = Beginpoint Arrival Time       0.004
     +-----------------------------------------------------------------------+ 
     |    Instance     |     Arc     |   Cell   | Delay | Arrival | Required | 
     |                 |             |          |       |  Time   |   Time   | 
     |-----------------+-------------+----------+-------+---------+----------| 
     | ack_q_reg[1]    | CK ^        |          |       |   0.004 |    7.361 | 
     | ack_q_reg[1]    | CK ^ -> Q ^ | DFFRHQX1 | 0.473 |   0.478 |    7.835 | 
     | g5676           | A ^ -> Y v  | INVX1    | 0.106 |   0.584 |    7.941 | 
     | g5576__5115     | A0 v -> Y ^ | AOI21X1  | 0.323 |   0.907 |    8.264 | 
     | g5559__2398     | A ^ -> Y v  | NAND2X1  | 0.184 |   1.090 |    8.447 | 
     | g5551__9315     | B v -> Y ^  | NOR2X1   | 0.221 |   1.311 |    8.668 | 
     | g5543__5122     | B ^ -> Y v  | NAND2X1  | 0.104 |   1.415 |    8.772 | 
     | g5539__1617     | A1 v -> Y ^ | OAI21XL  | 0.745 |   2.160 |    9.517 | 
     | g5535__6783     | B ^ -> Y v  | NAND2XL  | 0.094 |   2.254 |    9.611 | 
     | out_valid_q_reg | D v         | DFFRHQX1 | 0.000 |   2.254 |    9.611 | 
     +-----------------------------------------------------------------------+ 
Path 27: MET Late External Delay Assertion 
Endpoint:   out_valid         (^) checked with  leading edge of 'clk'
Beginpoint: out_valid_q_reg/Q (^) triggered by  leading edge of 'clk'
Path Groups: {clk}
Analysis View: setup_view
Other End Arrival Time          0.000
- External Delay                1.000
+ Phase Shift                  10.000
- Uncertainty                   0.200
= Required Time                 8.800
- Arrival Time                  0.603
= Slack Time                    8.197
     Clock Rise Edge                 0.000
     + Clock Network Latency (Prop)  0.003
     = Beginpoint Arrival Time       0.003
     +-----------------------------------------------------------------------+ 
     |    Instance     |     Arc     |   Cell   | Delay | Arrival | Required | 
     |                 |             |          |       |  Time   |   Time   | 
     |-----------------+-------------+----------+-------+---------+----------| 
     | out_valid_q_reg | CK ^        |          |       |   0.003 |    8.200 | 
     | out_valid_q_reg | CK ^ -> Q ^ | DFFRHQX1 | 0.599 |   0.602 |    8.799 | 
     |                 | out_valid ^ |          | 0.001 |   0.603 |    8.800 | 
     +-----------------------------------------------------------------------+ 
Path 28: MET Late External Delay Assertion 
Endpoint:   src_ack_async[6] (^) checked with  leading edge of 'clk'
Beginpoint: ack_q_reg[6]/Q   (^) triggered by  leading edge of 'clk'
Path Groups: {clk}
Analysis View: setup_view
Other End Arrival Time          0.000
- External Delay                1.000
+ Phase Shift                  10.000
- Uncertainty                   0.200
= Required Time                 8.800
- Arrival Time                  0.548
= Slack Time                    8.252
     Clock Rise Edge                 0.000
     + Clock Network Latency (Prop)  0.002
     = Beginpoint Arrival Time       0.002
     +---------------------------------------------------------------------------+ 
     |   Instance   |        Arc         |   Cell   | Delay | Arrival | Required | 
     |              |                    |          |       |  Time   |   Time   | 
     |--------------+--------------------+----------+-------+---------+----------| 
     | ack_q_reg[6] | CK ^               |          |       |   0.002 |    8.254 | 
     | ack_q_reg[6] | CK ^ -> Q ^        | DFFRHQX1 | 0.546 |   0.548 |    8.800 | 
     |              | src_ack_async[6] ^ |          | 0.000 |   0.548 |    8.800 | 
     +---------------------------------------------------------------------------+ 
Path 29: MET Late External Delay Assertion 
Endpoint:   src_ack_async[7] (^) checked with  leading edge of 'clk'
Beginpoint: ack_q_reg[7]/Q   (^) triggered by  leading edge of 'clk'
Path Groups: {clk}
Analysis View: setup_view
Other End Arrival Time          0.000
- External Delay                1.000
+ Phase Shift                  10.000
- Uncertainty                   0.200
= Required Time                 8.800
- Arrival Time                  0.534
= Slack Time                    8.266
     Clock Rise Edge                 0.000
     + Clock Network Latency (Prop)  0.003
     = Beginpoint Arrival Time       0.003
     +---------------------------------------------------------------------------+ 
     |   Instance   |        Arc         |   Cell   | Delay | Arrival | Required | 
     |              |                    |          |       |  Time   |   Time   | 
     |--------------+--------------------+----------+-------+---------+----------| 
     | ack_q_reg[7] | CK ^               |          |       |   0.003 |    8.269 | 
     | ack_q_reg[7] | CK ^ -> Q ^        | DFFRHQX1 | 0.531 |   0.534 |    8.800 | 
     |              | src_ack_async[7] ^ |          | 0.000 |   0.534 |    8.800 | 
     +---------------------------------------------------------------------------+ 
Path 30: MET Late External Delay Assertion 
Endpoint:   src_ack_async[15] (^) checked with  leading edge of 'clk'
Beginpoint: ack_q_reg[15]/Q   (^) triggered by  leading edge of 'clk'
Path Groups: {clk}
Analysis View: setup_view
Other End Arrival Time          0.000
- External Delay                1.000
+ Phase Shift                  10.000
- Uncertainty                   0.200
= Required Time                 8.800
- Arrival Time                  0.527
= Slack Time                    8.273
     Clock Rise Edge                 0.000
     + Clock Network Latency (Prop)  0.001
     = Beginpoint Arrival Time       0.001
     +-----------------------------------------------------------------------------+ 
     |   Instance    |         Arc         |   Cell   | Delay | Arrival | Required | 
     |               |                     |          |       |  Time   |   Time   | 
     |---------------+---------------------+----------+-------+---------+----------| 
     | ack_q_reg[15] | CK ^                |          |       |   0.001 |    8.274 | 
     | ack_q_reg[15] | CK ^ -> Q ^         | DFFRHQX1 | 0.525 |   0.526 |    8.800 | 
     |               | src_ack_async[15] ^ |          | 0.000 |   0.527 |    8.800 | 
     +-----------------------------------------------------------------------------+ 
Path 31: MET Late External Delay Assertion 
Endpoint:   src_ack_async[10] (^) checked with  leading edge of 'clk'
Beginpoint: ack_q_reg[10]/Q   (^) triggered by  leading edge of 'clk'
Path Groups: {clk}
Analysis View: setup_view
Other End Arrival Time          0.000
- External Delay                1.000
+ Phase Shift                  10.000
- Uncertainty                   0.200
= Required Time                 8.800
- Arrival Time                  0.521
= Slack Time                    8.279
     Clock Rise Edge                 0.000
     + Clock Network Latency (Prop)  0.004
     = Beginpoint Arrival Time       0.004
     +-----------------------------------------------------------------------------+ 
     |   Instance    |         Arc         |   Cell   | Delay | Arrival | Required | 
     |               |                     |          |       |  Time   |   Time   | 
     |---------------+---------------------+----------+-------+---------+----------| 
     | ack_q_reg[10] | CK ^                |          |       |   0.004 |    8.283 | 
     | ack_q_reg[10] | CK ^ -> Q ^         | DFFRHQX1 | 0.517 |   0.521 |    8.800 | 
     |               | src_ack_async[10] ^ |          | 0.000 |   0.521 |    8.800 | 
     +-----------------------------------------------------------------------------+ 
Path 32: MET Late External Delay Assertion 
Endpoint:   src_ack_async[2] (^) checked with  leading edge of 'clk'
Beginpoint: ack_q_reg[2]/Q   (^) triggered by  leading edge of 'clk'
Path Groups: {clk}
Analysis View: setup_view
Other End Arrival Time          0.000
- External Delay                1.000
+ Phase Shift                  10.000
- Uncertainty                   0.200
= Required Time                 8.800
- Arrival Time                  0.507
= Slack Time                    8.293
     Clock Rise Edge                 0.000
     + Clock Network Latency (Prop)  0.004
     = Beginpoint Arrival Time       0.004
     +---------------------------------------------------------------------------+ 
     |   Instance   |        Arc         |   Cell   | Delay | Arrival | Required | 
     |              |                    |          |       |  Time   |   Time   | 
     |--------------+--------------------+----------+-------+---------+----------| 
     | ack_q_reg[2] | CK ^               |          |       |   0.004 |    8.297 | 
     | ack_q_reg[2] | CK ^ -> Q ^        | DFFRHQX1 | 0.503 |   0.507 |    8.800 | 
     |              | src_ack_async[2] ^ |          | 0.000 |   0.507 |    8.800 | 
     +---------------------------------------------------------------------------+ 
Path 33: MET Late External Delay Assertion 
Endpoint:   out_addr[3]         (^) checked with  leading edge of 'clk'
Beginpoint: out_addr_q_reg[3]/Q (^) triggered by  leading edge of 'clk'
Path Groups: {clk}
Analysis View: setup_view
Other End Arrival Time          0.000
- External Delay                1.000
+ Phase Shift                  10.000
- Uncertainty                   0.200
= Required Time                 8.800
- Arrival Time                  0.503
= Slack Time                    8.297
     Clock Rise Edge                 0.000
     + Clock Network Latency (Prop)  0.002
     = Beginpoint Arrival Time       0.002
     +---------------------------------------------------------------------------+ 
     |     Instance      |      Arc      |   Cell   | Delay | Arrival | Required | 
     |                   |               |          |       |  Time   |   Time   | 
     |-------------------+---------------+----------+-------+---------+----------| 
     | out_addr_q_reg[3] | CK ^          |          |       |   0.002 |    8.300 | 
     | out_addr_q_reg[3] | CK ^ -> Q ^   | DFFRHQX1 | 0.500 |   0.502 |    8.800 | 
     |                   | out_addr[3] ^ |          | 0.000 |   0.503 |    8.800 | 
     +---------------------------------------------------------------------------+ 
Path 34: MET Late External Delay Assertion 
Endpoint:   src_ack_async[0] (^) checked with  leading edge of 'clk'
Beginpoint: ack_q_reg[0]/Q   (^) triggered by  leading edge of 'clk'
Path Groups: {clk}
Analysis View: setup_view
Other End Arrival Time          0.000
- External Delay                1.000
+ Phase Shift                  10.000
- Uncertainty                   0.200
= Required Time                 8.800
- Arrival Time                  0.500
= Slack Time                    8.300
     Clock Rise Edge                 0.000
     + Clock Network Latency (Prop)  0.004
     = Beginpoint Arrival Time       0.004
     +---------------------------------------------------------------------------+ 
     |   Instance   |        Arc         |   Cell   | Delay | Arrival | Required | 
     |              |                    |          |       |  Time   |   Time   | 
     |--------------+--------------------+----------+-------+---------+----------| 
     | ack_q_reg[0] | CK ^               |          |       |   0.004 |    8.304 | 
     | ack_q_reg[0] | CK ^ -> Q ^        | DFFRHQX1 | 0.496 |   0.500 |    8.800 | 
     |              | src_ack_async[0] ^ |          | 0.000 |   0.500 |    8.800 | 
     +---------------------------------------------------------------------------+ 
Path 35: MET Late External Delay Assertion 
Endpoint:   src_ack_async[14] (^) checked with  leading edge of 'clk'
Beginpoint: ack_q_reg[14]/Q   (^) triggered by  leading edge of 'clk'
Path Groups: {clk}
Analysis View: setup_view
Other End Arrival Time          0.000
- External Delay                1.000
+ Phase Shift                  10.000
- Uncertainty                   0.200
= Required Time                 8.800
- Arrival Time                  0.500
= Slack Time                    8.300
     Clock Rise Edge                 0.000
     + Clock Network Latency (Prop)  0.001
     = Beginpoint Arrival Time       0.001
     +-----------------------------------------------------------------------------+ 
     |   Instance    |         Arc         |   Cell   | Delay | Arrival | Required | 
     |               |                     |          |       |  Time   |   Time   | 
     |---------------+---------------------+----------+-------+---------+----------| 
     | ack_q_reg[14] | CK ^                |          |       |   0.001 |    8.301 | 
     | ack_q_reg[14] | CK ^ -> Q ^         | DFFRHQX1 | 0.498 |   0.499 |    8.800 | 
     |               | src_ack_async[14] ^ |          | 0.000 |   0.500 |    8.800 | 
     +-----------------------------------------------------------------------------+ 
Path 36: MET Late External Delay Assertion 
Endpoint:   src_ack_async[3] (^) checked with  leading edge of 'clk'
Beginpoint: ack_q_reg[3]/Q   (^) triggered by  leading edge of 'clk'
Path Groups: {clk}
Analysis View: setup_view
Other End Arrival Time          0.000
- External Delay                1.000
+ Phase Shift                  10.000
- Uncertainty                   0.200
= Required Time                 8.800
- Arrival Time                  0.495
= Slack Time                    8.305
     Clock Rise Edge                 0.000
     + Clock Network Latency (Prop)  0.004
     = Beginpoint Arrival Time       0.004
     +---------------------------------------------------------------------------+ 
     |   Instance   |        Arc         |   Cell   | Delay | Arrival | Required | 
     |              |                    |          |       |  Time   |   Time   | 
     |--------------+--------------------+----------+-------+---------+----------| 
     | ack_q_reg[3] | CK ^               |          |       |   0.004 |    8.309 | 
     | ack_q_reg[3] | CK ^ -> Q ^        | DFFRHQX1 | 0.491 |   0.495 |    8.800 | 
     |              | src_ack_async[3] ^ |          | 0.000 |   0.495 |    8.800 | 
     +---------------------------------------------------------------------------+ 
Path 37: MET Late External Delay Assertion 
Endpoint:   out_addr[2]         (^) checked with  leading edge of 'clk'
Beginpoint: out_addr_q_reg[2]/Q (^) triggered by  leading edge of 'clk'
Path Groups: {clk}
Analysis View: setup_view
Other End Arrival Time          0.000
- External Delay                1.000
+ Phase Shift                  10.000
- Uncertainty                   0.200
= Required Time                 8.800
- Arrival Time                  0.492
= Slack Time                    8.308
     Clock Rise Edge                 0.000
     + Clock Network Latency (Prop)  0.002
     = Beginpoint Arrival Time       0.002
     +---------------------------------------------------------------------------+ 
     |     Instance      |      Arc      |   Cell   | Delay | Arrival | Required | 
     |                   |               |          |       |  Time   |   Time   | 
     |-------------------+---------------+----------+-------+---------+----------| 
     | out_addr_q_reg[2] | CK ^          |          |       |   0.002 |    8.310 | 
     | out_addr_q_reg[2] | CK ^ -> Q ^   | DFFRHQX1 | 0.489 |   0.492 |    8.800 | 
     |                   | out_addr[2] ^ |          | 0.000 |   0.492 |    8.800 | 
     +---------------------------------------------------------------------------+ 
Path 38: MET Late External Delay Assertion 
Endpoint:   src_ack_async[1] (^) checked with  leading edge of 'clk'
Beginpoint: ack_q_reg[1]/Q   (^) triggered by  leading edge of 'clk'
Path Groups: {clk}
Analysis View: setup_view
Other End Arrival Time          0.000
- External Delay                1.000
+ Phase Shift                  10.000
- Uncertainty                   0.200
= Required Time                 8.800
- Arrival Time                  0.478
= Slack Time                    8.322
     Clock Rise Edge                 0.000
     + Clock Network Latency (Prop)  0.004
     = Beginpoint Arrival Time       0.004
     +---------------------------------------------------------------------------+ 
     |   Instance   |        Arc         |   Cell   | Delay | Arrival | Required | 
     |              |                    |          |       |  Time   |   Time   | 
     |--------------+--------------------+----------+-------+---------+----------| 
     | ack_q_reg[1] | CK ^               |          |       |   0.004 |    8.326 | 
     | ack_q_reg[1] | CK ^ -> Q ^        | DFFRHQX1 | 0.473 |   0.478 |    8.800 | 
     |              | src_ack_async[1] ^ |          | 0.000 |   0.478 |    8.800 | 
     +---------------------------------------------------------------------------+ 
Path 39: MET Late External Delay Assertion 
Endpoint:   out_addr[1]         (^) checked with  leading edge of 'clk'
Beginpoint: out_addr_q_reg[1]/Q (^) triggered by  leading edge of 'clk'
Path Groups: {clk}
Analysis View: setup_view
Other End Arrival Time          0.000
- External Delay                1.000
+ Phase Shift                  10.000
- Uncertainty                   0.200
= Required Time                 8.800
- Arrival Time                  0.476
= Slack Time                    8.324
     Clock Rise Edge                 0.000
     + Clock Network Latency (Prop)  0.002
     = Beginpoint Arrival Time       0.002
     +---------------------------------------------------------------------------+ 
     |     Instance      |      Arc      |   Cell   | Delay | Arrival | Required | 
     |                   |               |          |       |  Time   |   Time   | 
     |-------------------+---------------+----------+-------+---------+----------| 
     | out_addr_q_reg[1] | CK ^          |          |       |   0.002 |    8.326 | 
     | out_addr_q_reg[1] | CK ^ -> Q ^   | DFFRHQX1 | 0.474 |   0.476 |    8.800 | 
     |                   | out_addr[1] ^ |          | 0.000 |   0.476 |    8.800 | 
     +---------------------------------------------------------------------------+ 
Path 40: MET Late External Delay Assertion 
Endpoint:   out_addr[0]         (^) checked with  leading edge of 'clk'
Beginpoint: out_addr_q_reg[0]/Q (^) triggered by  leading edge of 'clk'
Path Groups: {clk}
Analysis View: setup_view
Other End Arrival Time          0.000
- External Delay                1.000
+ Phase Shift                  10.000
- Uncertainty                   0.200
= Required Time                 8.800
- Arrival Time                  0.468
= Slack Time                    8.332
     Clock Rise Edge                 0.000
     + Clock Network Latency (Prop)  0.003
     = Beginpoint Arrival Time       0.003
     +---------------------------------------------------------------------------+ 
     |     Instance      |      Arc      |   Cell   | Delay | Arrival | Required | 
     |                   |               |          |       |  Time   |   Time   | 
     |-------------------+---------------+----------+-------+---------+----------| 
     | out_addr_q_reg[0] | CK ^          |          |       |   0.003 |    8.335 | 
     | out_addr_q_reg[0] | CK ^ -> Q ^   | DFFRHQX1 | 0.465 |   0.468 |    8.800 | 
     |                   | out_addr[0] ^ |          | 0.000 |   0.468 |    8.800 | 
     +---------------------------------------------------------------------------+ 
Path 41: MET Late External Delay Assertion 
Endpoint:   src_ack_async[5] (^) checked with  leading edge of 'clk'
Beginpoint: ack_q_reg[5]/Q   (^) triggered by  leading edge of 'clk'
Path Groups: {clk}
Analysis View: setup_view
Other End Arrival Time          0.000
- External Delay                1.000
+ Phase Shift                  10.000
- Uncertainty                   0.200
= Required Time                 8.800
- Arrival Time                  0.466
= Slack Time                    8.334
     Clock Rise Edge                 0.000
     + Clock Network Latency (Prop)  0.004
     = Beginpoint Arrival Time       0.004
     +---------------------------------------------------------------------------+ 
     |   Instance   |        Arc         |   Cell   | Delay | Arrival | Required | 
     |              |                    |          |       |  Time   |   Time   | 
     |--------------+--------------------+----------+-------+---------+----------| 
     | ack_q_reg[5] | CK ^               |          |       |   0.004 |    8.338 | 
     | ack_q_reg[5] | CK ^ -> Q ^        | DFFRHQX1 | 0.462 |   0.466 |    8.800 | 
     |              | src_ack_async[5] ^ |          | 0.000 |   0.466 |    8.800 | 
     +---------------------------------------------------------------------------+ 
Path 42: MET Late External Delay Assertion 
Endpoint:   src_ack_async[4] (^) checked with  leading edge of 'clk'
Beginpoint: ack_q_reg[4]/Q   (^) triggered by  leading edge of 'clk'
Path Groups: {clk}
Analysis View: setup_view
Other End Arrival Time          0.000
- External Delay                1.000
+ Phase Shift                  10.000
- Uncertainty                   0.200
= Required Time                 8.800
- Arrival Time                  0.459
= Slack Time                    8.341
     Clock Rise Edge                 0.000
     + Clock Network Latency (Prop)  0.004
     = Beginpoint Arrival Time       0.004
     +---------------------------------------------------------------------------+ 
     |   Instance   |        Arc         |   Cell   | Delay | Arrival | Required | 
     |              |                    |          |       |  Time   |   Time   | 
     |--------------+--------------------+----------+-------+---------+----------| 
     | ack_q_reg[4] | CK ^               |          |       |   0.004 |    8.345 | 
     | ack_q_reg[4] | CK ^ -> Q ^        | DFFRHQX1 | 0.455 |   0.459 |    8.800 | 
     |              | src_ack_async[4] ^ |          | 0.000 |   0.459 |    8.800 | 
     +---------------------------------------------------------------------------+ 
Path 43: MET Late External Delay Assertion 
Endpoint:   src_ack_async[13] (^) checked with  leading edge of 'clk'
Beginpoint: ack_q_reg[13]/Q   (^) triggered by  leading edge of 'clk'
Path Groups: {clk}
Analysis View: setup_view
Other End Arrival Time          0.000
- External Delay                1.000
+ Phase Shift                  10.000
- Uncertainty                   0.200
= Required Time                 8.800
- Arrival Time                  0.458
= Slack Time                    8.342
     Clock Rise Edge                 0.000
     + Clock Network Latency (Prop)  0.003
     = Beginpoint Arrival Time       0.003
     +-----------------------------------------------------------------------------+ 
     |   Instance    |         Arc         |   Cell   | Delay | Arrival | Required | 
     |               |                     |          |       |  Time   |   Time   | 
     |---------------+---------------------+----------+-------+---------+----------| 
     | ack_q_reg[13] | CK ^                |          |       |   0.003 |    8.345 | 
     | ack_q_reg[13] | CK ^ -> Q ^         | DFFRHQX1 | 0.455 |   0.458 |    8.800 | 
     |               | src_ack_async[13] ^ |          | 0.000 |   0.458 |    8.800 | 
     +-----------------------------------------------------------------------------+ 
Path 44: MET Late External Delay Assertion 
Endpoint:   src_ack_async[12] (^) checked with  leading edge of 'clk'
Beginpoint: ack_q_reg[12]/Q   (^) triggered by  leading edge of 'clk'
Path Groups: {clk}
Analysis View: setup_view
Other End Arrival Time          0.000
- External Delay                1.000
+ Phase Shift                  10.000
- Uncertainty                   0.200
= Required Time                 8.800
- Arrival Time                  0.450
= Slack Time                    8.350
     Clock Rise Edge                 0.000
     + Clock Network Latency (Prop)  0.003
     = Beginpoint Arrival Time       0.003
     +-----------------------------------------------------------------------------+ 
     |   Instance    |         Arc         |   Cell   | Delay | Arrival | Required | 
     |               |                     |          |       |  Time   |   Time   | 
     |---------------+---------------------+----------+-------+---------+----------| 
     | ack_q_reg[12] | CK ^                |          |       |   0.003 |    8.353 | 
     | ack_q_reg[12] | CK ^ -> Q ^         | DFFRHQX1 | 0.447 |   0.450 |    8.800 | 
     |               | src_ack_async[12] ^ |          | 0.000 |   0.450 |    8.800 | 
     +-----------------------------------------------------------------------------+ 
Path 45: MET Late External Delay Assertion 
Endpoint:   src_ack_async[8] (^) checked with  leading edge of 'clk'
Beginpoint: ack_q_reg[8]/Q   (^) triggered by  leading edge of 'clk'
Path Groups: {clk}
Analysis View: setup_view
Other End Arrival Time          0.000
- External Delay                1.000
+ Phase Shift                  10.000
- Uncertainty                   0.200
= Required Time                 8.800
- Arrival Time                  0.449
= Slack Time                    8.351
     Clock Rise Edge                 0.000
     + Clock Network Latency (Prop)  0.004
     = Beginpoint Arrival Time       0.004
     +---------------------------------------------------------------------------+ 
     |   Instance   |        Arc         |   Cell   | Delay | Arrival | Required | 
     |              |                    |          |       |  Time   |   Time   | 
     |--------------+--------------------+----------+-------+---------+----------| 
     | ack_q_reg[8] | CK ^               |          |       |   0.004 |    8.355 | 
     | ack_q_reg[8] | CK ^ -> Q ^        | DFFRHQX1 | 0.445 |   0.449 |    8.800 | 
     |              | src_ack_async[8] ^ |          | 0.000 |   0.449 |    8.800 | 
     +---------------------------------------------------------------------------+ 
Path 46: MET Late External Delay Assertion 
Endpoint:   src_ack_async[9] (^) checked with  leading edge of 'clk'
Beginpoint: ack_q_reg[9]/Q   (^) triggered by  leading edge of 'clk'
Path Groups: {clk}
Analysis View: setup_view
Other End Arrival Time          0.000
- External Delay                1.000
+ Phase Shift                  10.000
- Uncertainty                   0.200
= Required Time                 8.800
- Arrival Time                  0.444
= Slack Time                    8.356
     Clock Rise Edge                 0.000
     + Clock Network Latency (Prop)  0.003
     = Beginpoint Arrival Time       0.003
     +---------------------------------------------------------------------------+ 
     |   Instance   |        Arc         |   Cell   | Delay | Arrival | Required | 
     |              |                    |          |       |  Time   |   Time   | 
     |--------------+--------------------+----------+-------+---------+----------| 
     | ack_q_reg[9] | CK ^               |          |       |   0.003 |    8.359 | 
     | ack_q_reg[9] | CK ^ -> Q ^        | DFFRHQX1 | 0.441 |   0.444 |    8.800 | 
     |              | src_ack_async[9] ^ |          | 0.000 |   0.444 |    8.800 | 
     +---------------------------------------------------------------------------+ 
Path 47: MET Late External Delay Assertion 
Endpoint:   src_ack_async[11] (^) checked with  leading edge of 'clk'
Beginpoint: ack_q_reg[11]/Q   (^) triggered by  leading edge of 'clk'
Path Groups: {clk}
Analysis View: setup_view
Other End Arrival Time          0.000
- External Delay                1.000
+ Phase Shift                  10.000
- Uncertainty                   0.200
= Required Time                 8.800
- Arrival Time                  0.436
= Slack Time                    8.364
     Clock Rise Edge                 0.000
     + Clock Network Latency (Prop)  0.003
     = Beginpoint Arrival Time       0.003
     +-----------------------------------------------------------------------------+ 
     |   Instance    |         Arc         |   Cell   | Delay | Arrival | Required | 
     |               |                     |          |       |  Time   |   Time   | 
     |---------------+---------------------+----------+-------+---------+----------| 
     | ack_q_reg[11] | CK ^                |          |       |   0.003 |    8.367 | 
     | ack_q_reg[11] | CK ^ -> Q ^         | DFFRHQX1 | 0.433 |   0.436 |    8.800 | 
     |               | src_ack_async[11] ^ |          | 0.000 |   0.436 |    8.800 | 
     +-----------------------------------------------------------------------------+ 
Path 48: MET Recovery Check with Pin pending_q_reg[11]/CK 
Endpoint:   pending_q_reg[11]/RN     (^) checked with  leading edge of 'clk'
Beginpoint: reset_release_q_reg[1]/Q (^) triggered by  leading edge of 'clk'
Path Groups: {async_default}
Analysis View: setup_view
Other End Arrival Time          0.179
- Recovery                      0.297
+ Phase Shift                  10.000
- Uncertainty                   0.200
= Required Time                 9.683
- Arrival Time                  1.316
= Slack Time                    8.366
     Clock Rise Edge                 0.000
     + Clock Network Latency (Prop)  -0.002
     = Beginpoint Arrival Time       -0.002
     +---------------------------------------------------------------------------------+ 
     |         Instance          |     Arc     |   Cell   | Delay | Arrival | Required | 
     |                           |             |          |       |  Time   |   Time   | 
     |---------------------------+-------------+----------+-------+---------+----------| 
     | reset_release_q_reg[1]    | CK ^        |          |       |  -0.002 |    8.364 | 
     | reset_release_q_reg[1]    | CK ^ -> Q ^ | DFFRHQXL | 0.499 |   0.497 |    8.863 | 
     | FE_OFC0_reset_release_q_1 | A ^ -> Y ^  | CLKBUFX4 | 0.810 |   1.307 |    9.673 | 
     | pending_q_reg[11]         | RN ^        | DFFRHQX1 | 0.009 |   1.316 |    9.683 | 
     +---------------------------------------------------------------------------------+ 
Path 49: MET Recovery Check with Pin ack_q_reg[9]/CK 
Endpoint:   ack_q_reg[9]/RN          (^) checked with  leading edge of 'clk'
Beginpoint: reset_release_q_reg[1]/Q (^) triggered by  leading edge of 'clk'
Path Groups: {async_default}
Analysis View: setup_view
Other End Arrival Time          0.179
- Recovery                      0.297
+ Phase Shift                  10.000
- Uncertainty                   0.200
= Required Time                 9.683
- Arrival Time                  1.316
= Slack Time                    8.366
     Clock Rise Edge                 0.000
     + Clock Network Latency (Prop)  -0.002
     = Beginpoint Arrival Time       -0.002
     +---------------------------------------------------------------------------------+ 
     |         Instance          |     Arc     |   Cell   | Delay | Arrival | Required | 
     |                           |             |          |       |  Time   |   Time   | 
     |---------------------------+-------------+----------+-------+---------+----------| 
     | reset_release_q_reg[1]    | CK ^        |          |       |  -0.002 |    8.364 | 
     | reset_release_q_reg[1]    | CK ^ -> Q ^ | DFFRHQXL | 0.499 |   0.497 |    8.863 | 
     | FE_OFC0_reset_release_q_1 | A ^ -> Y ^  | CLKBUFX4 | 0.810 |   1.307 |    9.673 | 
     | ack_q_reg[9]              | RN ^        | DFFRHQX1 | 0.009 |   1.316 |    9.683 | 
     +---------------------------------------------------------------------------------+ 
Path 50: MET Recovery Check with Pin req_meta_q_reg[9]/CK 
Endpoint:   req_meta_q_reg[9]/RN     (^) checked with  leading edge of 'clk'
Beginpoint: reset_release_q_reg[1]/Q (^) triggered by  leading edge of 'clk'
Path Groups: {async_default}
Analysis View: setup_view
Other End Arrival Time          0.177
- Recovery                      0.297
+ Phase Shift                  10.000
- Uncertainty                   0.200
= Required Time                 9.681
- Arrival Time                  1.314
= Slack Time                    8.366
     Clock Rise Edge                 0.000
     + Clock Network Latency (Prop)  -0.002
     = Beginpoint Arrival Time       -0.002
     +---------------------------------------------------------------------------------+ 
     |         Instance          |     Arc     |   Cell   | Delay | Arrival | Required | 
     |                           |             |          |       |  Time   |   Time   | 
     |---------------------------+-------------+----------+-------+---------+----------| 
     | reset_release_q_reg[1]    | CK ^        |          |       |  -0.002 |    8.364 | 
     | reset_release_q_reg[1]    | CK ^ -> Q ^ | DFFRHQXL | 0.499 |   0.497 |    8.864 | 
     | FE_OFC0_reset_release_q_1 | A ^ -> Y ^  | CLKBUFX4 | 0.810 |   1.307 |    9.674 | 
     | req_meta_q_reg[9]         | RN ^        | DFFRHQX1 | 0.007 |   1.314 |    9.681 | 
     +---------------------------------------------------------------------------------+ 

