###############################################################
#  Generated by:      Cadence Innovus 23.14-s088_1
#  OS:                Linux x86_64(Host ID <REMOTE_HOST>)
#  Generated on:      Wed Aug 26 17:03:36 2026
#  Design:            aer64_pending_grouped_rr
#  Command:           report_timing -from [get_pins -hierarchical *req_sync_q_reg*/Q*] -max_paths 100 > [file join $report_dir postroute_core_setup_timing.rpt]
###############################################################
Path 1: MET Setup Check with Pin core/pending_q_reg[61]/CK 
Endpoint:   core/pending_q_reg[61]/D  (v) checked with  leading edge of 'clk'
Beginpoint: core/req_sync_q_reg[58]/Q (v) triggered by  leading edge of 'clk'
Path Groups: {clk}
Analysis View: setup_view
Other End Arrival Time          0.090
- Setup                         0.074
+ Phase Shift                  10.000
- Uncertainty                   0.200
= Required Time                 9.815
- Arrival Time                  4.673
= Slack Time                    5.142
     Clock Rise Edge                 0.000
     + Clock Network Latency (Prop)  0.000
     = Beginpoint Arrival Time       0.000
     +---------------------------------------------------------------------------------+ 
     |        Instance         |     Arc      |   Cell    | Delay | Arrival | Required | 
     |                         |              |           |       |  Time   |   Time   | 
     |-------------------------+--------------+-----------+-------+---------+----------| 
     | core/req_sync_q_reg[58] | CK ^         |           |       |   0.000 |    5.142 | 
     | core/req_sync_q_reg[58] | CK ^ -> Q v  | DFFHQX1   | 0.296 |   0.296 |    5.438 | 
     | core/g24486__5107       | A0 v -> Y ^  | AOI21X1   | 0.190 |   0.486 |    5.628 | 
     | core/g24250__5526       | C ^ -> Y v   | NAND4XL   | 0.269 |   0.755 |    5.897 | 
     | core/g24225__2802       | AN v -> Y v  | NAND4BX1  | 0.300 |   1.055 |    6.197 | 
     | core/g24217__6260       | AN v -> Y v  | NAND2BX1  | 0.261 |   1.315 |    6.457 | 
     | core/g24711__1881       | AN v -> Y v  | NAND2BX1  | 0.226 |   1.541 |    6.683 | 
     | core/g24179__2398       | B v -> Y ^   | NAND2XL   | 0.111 |   1.652 |    6.794 | 
     | core/g24167__5115       | B1 ^ -> Y v  | OAI222X1  | 0.196 |   1.848 |    6.990 | 
     | core/g24156__3680       | B0 v -> Y ^  | AOI211XL  | 0.216 |   2.063 |    7.206 | 
     | core/g24145__6260       | C0 ^ -> Y v  | OAI211X1  | 0.183 |   2.247 |    7.389 | 
     | core/g24139__1666       | C0 v -> Y ^  | AOI221X1  | 0.172 |   2.419 |    7.561 | 
     | core/g24135__9945       | B ^ -> Y v   | NAND2X2   | 0.181 |   2.600 |    7.742 | 
     | core/g24129__6161       | B v -> Y ^   | NAND2XL   | 0.139 |   2.740 |    7.882 | 
     | core/g24118__2802       | AN ^ -> Y ^  | NAND2BX2  | 0.138 |   2.877 |    8.019 | 
     | core/g24091__5122       | B1 ^ -> Y v  | OAI22X1   | 0.140 |   3.017 |    8.159 | 
     | core/g24077__5477       | A v -> Y ^   | NOR4X1    | 0.240 |   3.257 |    8.399 | 
     | core/FE_OFC45_n_548     | A ^ -> Y ^   | BUFX2     | 0.153 |   3.410 |    8.552 | 
     | core/g24075__7410       | C ^ -> Y ^   | AND3XL    | 0.185 |   3.595 |    8.737 | 
     | core/g24072__2883       | A2 ^ -> Y v  | AOI32X1   | 0.169 |   3.764 |    8.907 | 
     | core/FE_OFC33_n_554     | A v -> Y v   | BUFX2     | 0.151 |   3.916 |    9.058 | 
     | core/g24065__5115       | A1N v -> Y v | OAI2BB1X1 | 0.185 |   4.101 |    9.243 | 
     | core/g24053__8428       | B v -> Y ^   | NOR2X1    | 0.148 |   4.249 |    9.391 | 
     | core/g24050__5107       | AN ^ -> Y ^  | NOR2BX2   | 0.225 |   4.474 |    9.616 | 
     | core/g24033__5115       | A1 ^ -> Y v  | AOI21X1   | 0.199 |   4.673 |    9.815 | 
     | core/pending_q_reg[61]  | D v          | DFFHQX1   | 0.000 |   4.673 |    9.815 | 
     +---------------------------------------------------------------------------------+ 
Path 2: MET Setup Check with Pin core/pending_q_reg[21]/CK 
Endpoint:   core/pending_q_reg[21]/D  (v) checked with  leading edge of 'clk'
Beginpoint: core/req_sync_q_reg[58]/Q (v) triggered by  leading edge of 'clk'
Path Groups: {clk}
Analysis View: setup_view
Other End Arrival Time          0.099
- Setup                         0.072
+ Phase Shift                  10.000
- Uncertainty                   0.200
= Required Time                 9.827
- Arrival Time                  4.680
= Slack Time                    5.147
     Clock Rise Edge                 0.000
     + Clock Network Latency (Prop)  0.000
     = Beginpoint Arrival Time       0.000
     +---------------------------------------------------------------------------------+ 
     |        Instance         |     Arc      |   Cell    | Delay | Arrival | Required | 
     |                         |              |           |       |  Time   |   Time   | 
     |-------------------------+--------------+-----------+-------+---------+----------| 
     | core/req_sync_q_reg[58] | CK ^         |           |       |   0.000 |    5.147 | 
     | core/req_sync_q_reg[58] | CK ^ -> Q v  | DFFHQX1   | 0.296 |   0.296 |    5.443 | 
     | core/g24486__5107       | A0 v -> Y ^  | AOI21X1   | 0.190 |   0.486 |    5.633 | 
     | core/g24250__5526       | C ^ -> Y v   | NAND4XL   | 0.269 |   0.755 |    5.902 | 
     | core/g24225__2802       | AN v -> Y v  | NAND4BX1  | 0.300 |   1.055 |    6.202 | 
     | core/g24217__6260       | AN v -> Y v  | NAND2BX1  | 0.261 |   1.315 |    6.462 | 
     | core/g24711__1881       | AN v -> Y v  | NAND2BX1  | 0.226 |   1.541 |    6.688 | 
     | core/g24179__2398       | B v -> Y ^   | NAND2XL   | 0.111 |   1.652 |    6.799 | 
     | core/g24167__5115       | B1 ^ -> Y v  | OAI222X1  | 0.196 |   1.848 |    6.995 | 
     | core/g24156__3680       | B0 v -> Y ^  | AOI211XL  | 0.216 |   2.063 |    7.210 | 
     | core/g24145__6260       | C0 ^ -> Y v  | OAI211X1  | 0.183 |   2.247 |    7.394 | 
     | core/g24139__1666       | C0 v -> Y ^  | AOI221X1  | 0.172 |   2.419 |    7.566 | 
     | core/g24135__9945       | B ^ -> Y v   | NAND2X2   | 0.181 |   2.600 |    7.747 | 
     | core/g24129__6161       | B v -> Y ^   | NAND2XL   | 0.139 |   2.740 |    7.887 | 
     | core/g24118__2802       | AN ^ -> Y ^  | NAND2BX2  | 0.138 |   2.877 |    8.024 | 
     | core/g24091__5122       | B1 ^ -> Y v  | OAI22X1   | 0.140 |   3.017 |    8.164 | 
     | core/g24077__5477       | A v -> Y ^   | NOR4X1    | 0.240 |   3.257 |    8.404 | 
     | core/FE_OFC45_n_548     | A ^ -> Y ^   | BUFX2     | 0.153 |   3.410 |    8.557 | 
     | core/g24075__7410       | C ^ -> Y ^   | AND3XL    | 0.185 |   3.595 |    8.742 | 
     | core/g24072__2883       | A2 ^ -> Y v  | AOI32X1   | 0.169 |   3.764 |    8.911 | 
     | core/FE_OFC33_n_554     | A v -> Y v   | BUFX2     | 0.151 |   3.916 |    9.063 | 
     | core/g24065__5115       | A1N v -> Y v | OAI2BB1X1 | 0.185 |   4.101 |    9.248 | 
     | core/g24053__8428       | B v -> Y ^   | NOR2X1    | 0.148 |   4.249 |    9.396 | 
     | core/g24050__5107       | AN ^ -> Y ^  | NOR2BX2   | 0.225 |   4.474 |    9.621 | 
     | core/g23963__6161       | A1 ^ -> Y v  | AOI21XL   | 0.206 |   4.680 |    9.827 | 
     | core/pending_q_reg[21]  | D v          | DFFHQX1   | 0.000 |   4.680 |    9.827 | 
     +---------------------------------------------------------------------------------+ 
Path 3: MET Setup Check with Pin core/pending_q_reg[53]/CK 
Endpoint:   core/pending_q_reg[53]/D  (v) checked with  leading edge of 'clk'
Beginpoint: core/req_sync_q_reg[58]/Q (v) triggered by  leading edge of 'clk'
Path Groups: {clk}
Analysis View: setup_view
Other End Arrival Time          0.106
- Setup                         0.062
+ Phase Shift                  10.000
- Uncertainty                   0.200
= Required Time                 9.844
- Arrival Time                  4.675
= Slack Time                    5.169
     Clock Rise Edge                 0.000
     + Clock Network Latency (Prop)  0.000
     = Beginpoint Arrival Time       0.000
     +---------------------------------------------------------------------------------+ 
     |        Instance         |     Arc      |   Cell    | Delay | Arrival | Required | 
     |                         |              |           |       |  Time   |   Time   | 
     |-------------------------+--------------+-----------+-------+---------+----------| 
     | core/req_sync_q_reg[58] | CK ^         |           |       |   0.000 |    5.170 | 
     | core/req_sync_q_reg[58] | CK ^ -> Q v  | DFFHQX1   | 0.296 |   0.296 |    5.465 | 
     | core/g24486__5107       | A0 v -> Y ^  | AOI21X1   | 0.190 |   0.486 |    5.655 | 
     | core/g24250__5526       | C ^ -> Y v   | NAND4XL   | 0.269 |   0.755 |    5.924 | 
     | core/g24225__2802       | AN v -> Y v  | NAND4BX1  | 0.300 |   1.055 |    6.224 | 
     | core/g24217__6260       | AN v -> Y v  | NAND2BX1  | 0.261 |   1.315 |    6.485 | 
     | core/g24711__1881       | AN v -> Y v  | NAND2BX1  | 0.226 |   1.541 |    6.710 | 
     | core/g24179__2398       | B v -> Y ^   | NAND2XL   | 0.111 |   1.652 |    6.821 | 
     | core/g24167__5115       | B1 ^ -> Y v  | OAI222X1  | 0.196 |   1.848 |    7.017 | 
     | core/g24156__3680       | B0 v -> Y ^  | AOI211XL  | 0.216 |   2.063 |    7.233 | 
     | core/g24145__6260       | C0 ^ -> Y v  | OAI211X1  | 0.183 |   2.247 |    7.416 | 
     | core/g24139__1666       | C0 v -> Y ^  | AOI221X1  | 0.172 |   2.419 |    7.589 | 
     | core/g24135__9945       | B ^ -> Y v   | NAND2X2   | 0.181 |   2.600 |    7.770 | 
     | core/g24129__6161       | B v -> Y ^   | NAND2XL   | 0.139 |   2.740 |    7.909 | 
     | core/g24118__2802       | AN ^ -> Y ^  | NAND2BX2  | 0.138 |   2.877 |    8.047 | 
     | core/g24091__5122       | B1 ^ -> Y v  | OAI22X1   | 0.140 |   3.017 |    8.186 | 
     | core/g24077__5477       | A v -> Y ^   | NOR4X1    | 0.240 |   3.257 |    8.426 | 
     | core/FE_OFC45_n_548     | A ^ -> Y ^   | BUFX2     | 0.153 |   3.410 |    8.579 | 
     | core/g24075__7410       | C ^ -> Y ^   | AND3XL    | 0.185 |   3.595 |    8.764 | 
     | core/g24072__2883       | A2 ^ -> Y v  | AOI32X1   | 0.169 |   3.764 |    8.934 | 
     | core/FE_OFC33_n_554     | A v -> Y v   | BUFX2     | 0.151 |   3.916 |    9.085 | 
     | core/g24065__5115       | A1N v -> Y v | OAI2BB1X1 | 0.185 |   4.101 |    9.270 | 
     | core/g24053__8428       | B v -> Y ^   | NOR2X1    | 0.148 |   4.249 |    9.418 | 
     | core/g24050__5107       | AN ^ -> Y ^  | NOR2BX2   | 0.225 |   4.474 |    9.643 | 
     | core/g23957__7098       | A1 ^ -> Y v  | AOI21XL   | 0.201 |   4.675 |    9.844 | 
     | core/pending_q_reg[53]  | D v          | DFFHQX1   | 0.000 |   4.675 |    9.844 | 
     +---------------------------------------------------------------------------------+ 
Path 4: MET Setup Check with Pin core/pending_q_reg[37]/CK 
Endpoint:   core/pending_q_reg[37]/D  (v) checked with  leading edge of 'clk'
Beginpoint: core/req_sync_q_reg[58]/Q (v) triggered by  leading edge of 'clk'
Path Groups: {clk}
Analysis View: setup_view
Other End Arrival Time          0.100
- Setup                         0.078
+ Phase Shift                  10.000
- Uncertainty                   0.200
= Required Time                 9.822
- Arrival Time                  4.652
= Slack Time                    5.170
     Clock Rise Edge                 0.000
     + Clock Network Latency (Prop)  0.000
     = Beginpoint Arrival Time       0.000
     +---------------------------------------------------------------------------------+ 
     |        Instance         |     Arc      |   Cell    | Delay | Arrival | Required | 
     |                         |              |           |       |  Time   |   Time   | 
     |-------------------------+--------------+-----------+-------+---------+----------| 
     | core/req_sync_q_reg[58] | CK ^         |           |       |   0.000 |    5.170 | 
     | core/req_sync_q_reg[58] | CK ^ -> Q v  | DFFHQX1   | 0.296 |   0.296 |    5.466 | 
     | core/g24486__5107       | A0 v -> Y ^  | AOI21X1   | 0.190 |   0.486 |    5.656 | 
     | core/g24250__5526       | C ^ -> Y v   | NAND4XL   | 0.269 |   0.755 |    5.925 | 
     | core/g24225__2802       | AN v -> Y v  | NAND4BX1  | 0.300 |   1.055 |    6.225 | 
     | core/g24217__6260       | AN v -> Y v  | NAND2BX1  | 0.261 |   1.315 |    6.485 | 
     | core/g24711__1881       | AN v -> Y v  | NAND2BX1  | 0.226 |   1.541 |    6.711 | 
     | core/g24179__2398       | B v -> Y ^   | NAND2XL   | 0.111 |   1.652 |    6.822 | 
     | core/g24167__5115       | B1 ^ -> Y v  | OAI222X1  | 0.196 |   1.848 |    7.018 | 
     | core/g24156__3680       | B0 v -> Y ^  | AOI211XL  | 0.216 |   2.063 |    7.233 | 
     | core/g24145__6260       | C0 ^ -> Y v  | OAI211X1  | 0.183 |   2.247 |    7.417 | 
     | core/g24139__1666       | C0 v -> Y ^  | AOI221X1  | 0.172 |   2.419 |    7.589 | 
     | core/g24135__9945       | B ^ -> Y v   | NAND2X2   | 0.181 |   2.600 |    7.770 | 
     | core/g24129__6161       | B v -> Y ^   | NAND2XL   | 0.139 |   2.740 |    7.909 | 
     | core/g24118__2802       | AN ^ -> Y ^  | NAND2BX2  | 0.138 |   2.877 |    8.047 | 
     | core/g24091__5122       | B1 ^ -> Y v  | OAI22X1   | 0.140 |   3.017 |    8.187 | 
     | core/g24077__5477       | A v -> Y ^   | NOR4X1    | 0.240 |   3.257 |    8.427 | 
     | core/FE_OFC45_n_548     | A ^ -> Y ^   | BUFX2     | 0.153 |   3.410 |    8.579 | 
     | core/g24075__7410       | C ^ -> Y ^   | AND3XL    | 0.185 |   3.595 |    8.765 | 
     | core/g24072__2883       | A2 ^ -> Y v  | AOI32X1   | 0.169 |   3.764 |    8.934 | 
     | core/FE_OFC33_n_554     | A v -> Y v   | BUFX2     | 0.151 |   3.916 |    9.086 | 
     | core/g24065__5115       | A1N v -> Y v | OAI2BB1X1 | 0.185 |   4.101 |    9.271 | 
     | core/g24054__5526       | B v -> Y ^   | NOR2X1    | 0.152 |   4.252 |    9.422 | 
     | core/g24051__6260       | AN ^ -> Y ^  | NOR2BX2   | 0.203 |   4.456 |    9.626 | 
     | core/g23960__5115       | A1 ^ -> Y v  | AOI21XL   | 0.196 |   4.652 |    9.822 | 
     | core/pending_q_reg[37]  | D v          | DFFHQX1   | 0.000 |   4.652 |    9.822 | 
     +---------------------------------------------------------------------------------+ 
Path 5: MET Setup Check with Pin core/pending_q_reg[3]/CK 
Endpoint:   core/pending_q_reg[3]/D   (v) checked with  leading edge of 'clk'
Beginpoint: core/req_sync_q_reg[58]/Q (v) triggered by  leading edge of 'clk'
Path Groups: {clk}
Analysis View: setup_view
Other End Arrival Time          0.097
- Setup                         0.097
+ Phase Shift                  10.000
- Uncertainty                   0.200
= Required Time                 9.801
- Arrival Time                  4.629
= Slack Time                    5.172
     Clock Rise Edge                 0.000
     + Clock Network Latency (Prop)  0.000
     = Beginpoint Arrival Time       0.000
     +---------------------------------------------------------------------------------+ 
     |        Instance         |     Arc      |   Cell    | Delay | Arrival | Required | 
     |                         |              |           |       |  Time   |   Time   | 
     |-------------------------+--------------+-----------+-------+---------+----------| 
     | core/req_sync_q_reg[58] | CK ^         |           |       |   0.000 |    5.172 | 
     | core/req_sync_q_reg[58] | CK ^ -> Q v  | DFFHQX1   | 0.296 |   0.296 |    5.467 | 
     | core/g24486__5107       | A0 v -> Y ^  | AOI21X1   | 0.190 |   0.486 |    5.658 | 
     | core/g24250__5526       | C ^ -> Y v   | NAND4XL   | 0.269 |   0.755 |    5.926 | 
     | core/g24225__2802       | AN v -> Y v  | NAND4BX1  | 0.300 |   1.055 |    6.226 | 
     | core/g24217__6260       | AN v -> Y v  | NAND2BX1  | 0.261 |   1.315 |    6.487 | 
     | core/g24711__1881       | AN v -> Y v  | NAND2BX1  | 0.226 |   1.541 |    6.713 | 
     | core/g24179__2398       | B v -> Y ^   | NAND2XL   | 0.111 |   1.652 |    6.823 | 
     | core/g24167__5115       | B1 ^ -> Y v  | OAI222X1  | 0.196 |   1.848 |    7.019 | 
     | core/g24156__3680       | B0 v -> Y ^  | AOI211XL  | 0.216 |   2.063 |    7.235 | 
     | core/g24145__6260       | C0 ^ -> Y v  | OAI211X1  | 0.183 |   2.247 |    7.418 | 
     | core/g24139__1666       | C0 v -> Y ^  | AOI221X1  | 0.172 |   2.419 |    7.591 | 
     | core/g24135__9945       | B ^ -> Y v   | NAND2X2   | 0.181 |   2.600 |    7.772 | 
     | core/g24707__5122       | AN v -> Y v  | NOR2BX1   | 0.150 |   2.750 |    7.922 | 
     | core/g24121__8246       | B v -> Y ^   | NAND2X2   | 0.075 |   2.825 |    7.997 | 
     | core/g24105__1666       | B1 ^ -> Y ^  | OA22X1    | 0.191 |   3.017 |    8.188 | 
     | core/g24085__5526       | C0 ^ -> Y v  | OAI221X1  | 0.167 |   3.184 |    8.356 | 
     | core/g24076__6417       | A2 v -> Y ^  | OAI31X1   | 0.163 |   3.347 |    8.519 | 
     | core/g24073__2346       | A1N ^ -> Y ^ | OAI2BB1X1 | 0.160 |   3.507 |    8.679 | 
     | core/g24071__9945       | A1N ^ -> Y ^ | OAI2BB1X1 | 0.129 |   3.636 |    8.808 | 
     | core/g24059__1705       | A2 ^ -> Y v  | AOI32X1   | 0.170 |   3.807 |    8.978 | 
     | core/FE_OFC77_n_568     | A v -> Y v   | BUFX2     | 0.152 |   3.959 |    9.130 | 
     | core/FE_OFC73_n_568     | A v -> Y v   | BUFX2     | 0.080 |   4.039 |    9.211 | 
     | core/g24045__6417       | B v -> Y ^   | NAND2X1   | 0.047 |   4.086 |    9.258 | 
     | core/g2__1705           | B ^ -> Y v   | NAND2BX1  | 0.122 |   4.208 |    9.380 | 
     | core/g24034__7482       | B v -> Y ^   | NOR2X2    | 0.185 |   4.393 |    9.564 | 
     | core/g23968__1666       | A1 ^ -> Y v  | AOI21XL   | 0.236 |   4.629 |    9.801 | 
     | core/pending_q_reg[3]   | D v          | DFFHQX1   | 0.000 |   4.629 |    9.801 | 
     +---------------------------------------------------------------------------------+ 
Path 6: MET Setup Check with Pin core/pending_q_reg[60]/CK 
Endpoint:   core/pending_q_reg[60]/D  (v) checked with  leading edge of 'clk'
Beginpoint: core/req_sync_q_reg[58]/Q (v) triggered by  leading edge of 'clk'
Path Groups: {clk}
Analysis View: setup_view
Other End Arrival Time          0.096
- Setup                         0.066
+ Phase Shift                  10.000
- Uncertainty                   0.200
= Required Time                 9.830
- Arrival Time                  4.657
= Slack Time                    5.173
     Clock Rise Edge                 0.000
     + Clock Network Latency (Prop)  0.000
     = Beginpoint Arrival Time       0.000
     +---------------------------------------------------------------------------------+ 
     |        Instance         |     Arc      |   Cell    | Delay | Arrival | Required | 
     |                         |              |           |       |  Time   |   Time   | 
     |-------------------------+--------------+-----------+-------+---------+----------| 
     | core/req_sync_q_reg[58] | CK ^         |           |       |   0.000 |    5.173 | 
     | core/req_sync_q_reg[58] | CK ^ -> Q v  | DFFHQX1   | 0.296 |   0.296 |    5.468 | 
     | core/g24486__5107       | A0 v -> Y ^  | AOI21X1   | 0.190 |   0.486 |    5.659 | 
     | core/g24250__5526       | C ^ -> Y v   | NAND4XL   | 0.269 |   0.755 |    5.927 | 
     | core/g24225__2802       | AN v -> Y v  | NAND4BX1  | 0.300 |   1.055 |    6.227 | 
     | core/g24217__6260       | AN v -> Y v  | NAND2BX1  | 0.261 |   1.315 |    6.488 | 
     | core/g24711__1881       | AN v -> Y v  | NAND2BX1  | 0.226 |   1.541 |    6.713 | 
     | core/g24179__2398       | B v -> Y ^   | NAND2XL   | 0.111 |   1.652 |    6.824 | 
     | core/g24167__5115       | B1 ^ -> Y v  | OAI222X1  | 0.196 |   1.848 |    7.020 | 
     | core/g24156__3680       | B0 v -> Y ^  | AOI211XL  | 0.216 |   2.063 |    7.236 | 
     | core/g24145__6260       | C0 ^ -> Y v  | OAI211X1  | 0.183 |   2.247 |    7.419 | 
     | core/g24139__1666       | C0 v -> Y ^  | AOI221X1  | 0.172 |   2.419 |    7.592 | 
     | core/g24135__9945       | B ^ -> Y v   | NAND2X2   | 0.181 |   2.600 |    7.773 | 
     | core/g24129__6161       | B v -> Y ^   | NAND2XL   | 0.139 |   2.740 |    7.912 | 
     | core/g24118__2802       | AN ^ -> Y ^  | NAND2BX2  | 0.138 |   2.877 |    8.050 | 
     | core/g24091__5122       | B1 ^ -> Y v  | OAI22X1   | 0.140 |   3.017 |    8.189 | 
     | core/g24077__5477       | A v -> Y ^   | NOR4X1    | 0.240 |   3.257 |    8.429 | 
     | core/FE_OFC45_n_548     | A ^ -> Y ^   | BUFX2     | 0.153 |   3.410 |    8.582 | 
     | core/g24075__7410       | C ^ -> Y ^   | AND3XL    | 0.185 |   3.595 |    8.768 | 
     | core/g24072__2883       | A2 ^ -> Y v  | AOI32X1   | 0.169 |   3.764 |    8.937 | 
     | core/FE_OFC33_n_554     | A v -> Y v   | BUFX2     | 0.151 |   3.916 |    9.088 | 
     | core/g24065__5115       | A1N v -> Y v | OAI2BB1X1 | 0.185 |   4.101 |    9.273 | 
     | core/g24053__8428       | B v -> Y ^   | NOR2X1    | 0.148 |   4.249 |    9.421 | 
     | core/g24050__5107       | AN ^ -> Y ^  | NOR2BX2   | 0.225 |   4.474 |    9.646 | 
     | core/g24006__4733       | A1 ^ -> Y v  | AOI21X1   | 0.184 |   4.657 |    9.830 | 
     | core/pending_q_reg[60]  | D v          | DFFHQX1   | 0.000 |   4.657 |    9.830 | 
     +---------------------------------------------------------------------------------+ 
Path 7: MET Setup Check with Pin core/pending_q_reg[8]/CK 
Endpoint:   core/pending_q_reg[8]/D   (^) checked with  leading edge of 'clk'
Beginpoint: core/req_sync_q_reg[58]/Q (v) triggered by  leading edge of 'clk'
Path Groups: {clk}
Analysis View: setup_view
Other End Arrival Time          0.097
- Setup                         0.141
+ Phase Shift                  10.000
- Uncertainty                   0.200
= Required Time                 9.756
- Arrival Time                  4.578
= Slack Time                    5.178
     Clock Rise Edge                 0.000
     + Clock Network Latency (Prop)  0.000
     = Beginpoint Arrival Time       0.000
     +---------------------------------------------------------------------------------+ 
     |        Instance         |     Arc      |   Cell    | Delay | Arrival | Required | 
     |                         |              |           |       |  Time   |   Time   | 
     |-------------------------+--------------+-----------+-------+---------+----------| 
     | core/req_sync_q_reg[58] | CK ^         |           |       |   0.000 |    5.179 | 
     | core/req_sync_q_reg[58] | CK ^ -> Q v  | DFFHQX1   | 0.296 |   0.296 |    5.474 | 
     | core/g24486__5107       | A0 v -> Y ^  | AOI21X1   | 0.190 |   0.486 |    5.664 | 
     | core/g24250__5526       | C ^ -> Y v   | NAND4XL   | 0.269 |   0.755 |    5.933 | 
     | core/g24225__2802       | AN v -> Y v  | NAND4BX1  | 0.300 |   1.055 |    6.233 | 
     | core/g24217__6260       | AN v -> Y v  | NAND2BX1  | 0.261 |   1.315 |    6.494 | 
     | core/g24711__1881       | AN v -> Y v  | NAND2BX1  | 0.226 |   1.541 |    6.719 | 
     | core/g24179__2398       | B v -> Y ^   | NAND2XL   | 0.111 |   1.652 |    6.830 | 
     | core/g24167__5115       | B1 ^ -> Y v  | OAI222X1  | 0.196 |   1.848 |    7.026 | 
     | core/g24156__3680       | B0 v -> Y ^  | AOI211XL  | 0.216 |   2.063 |    7.242 | 
     | core/g24145__6260       | C0 ^ -> Y v  | OAI211X1  | 0.183 |   2.247 |    7.425 | 
     | core/g24139__1666       | C0 v -> Y ^  | AOI221X1  | 0.172 |   2.419 |    7.598 | 
     | core/g24135__9945       | B ^ -> Y v   | NAND2X2   | 0.181 |   2.600 |    7.779 | 
     | core/g24707__5122       | AN v -> Y v  | NOR2BX1   | 0.150 |   2.750 |    7.929 | 
     | core/g24121__8246       | B v -> Y ^   | NAND2X2   | 0.075 |   2.825 |    8.004 | 
     | core/g24105__1666       | B1 ^ -> Y ^  | OA22X1    | 0.191 |   3.017 |    8.195 | 
     | core/g24085__5526       | C0 ^ -> Y v  | OAI221X1  | 0.167 |   3.184 |    8.363 | 
     | core/g24076__6417       | A2 v -> Y ^  | OAI31X1   | 0.163 |   3.347 |    8.525 | 
     | core/g24073__2346       | A1N ^ -> Y ^ | OAI2BB1X1 | 0.160 |   3.507 |    8.686 | 
     | core/g24071__9945       | A1N ^ -> Y ^ | OAI2BB1X1 | 0.129 |   3.636 |    8.815 | 
     | core/g24059__1705       | A2 ^ -> Y v  | AOI32X1   | 0.170 |   3.807 |    8.985 | 
     | core/FE_OFC77_n_568     | A v -> Y v   | BUFX2     | 0.152 |   3.959 |    9.137 | 
     | core/FE_OFC73_n_568     | A v -> Y v   | BUFX2     | 0.080 |   4.039 |    9.218 | 
     | core/g24046__5477       | B v -> Y ^   | NOR2X1    | 0.087 |   4.126 |    9.304 | 
     | core/g24044             | A ^ -> Y v   | INVX1     | 0.103 |   4.229 |    9.407 | 
     | core/g24037__9315       | A v -> Y v   | AND2X1    | 0.180 |   4.409 |    9.587 | 
     | core/g23985__7410       | A1 v -> Y ^  | AOI21XL   | 0.169 |   4.578 |    9.756 | 
     | core/pending_q_reg[8]   | D ^          | DFFHQX1   | 0.000 |   4.578 |    9.756 | 
     +---------------------------------------------------------------------------------+ 
Path 8: MET Setup Check with Pin core/pending_q_reg[10]/CK 
Endpoint:   core/pending_q_reg[10]/D  (^) checked with  leading edge of 'clk'
Beginpoint: core/req_sync_q_reg[58]/Q (v) triggered by  leading edge of 'clk'
Path Groups: {clk}
Analysis View: setup_view
Other End Arrival Time          0.097
- Setup                         0.139
+ Phase Shift                  10.000
- Uncertainty                   0.200
= Required Time                 9.759
- Arrival Time                  4.575
= Slack Time                    5.184
     Clock Rise Edge                 0.000
     + Clock Network Latency (Prop)  0.000
     = Beginpoint Arrival Time       0.000
     +---------------------------------------------------------------------------------+ 
     |        Instance         |     Arc      |   Cell    | Delay | Arrival | Required | 
     |                         |              |           |       |  Time   |   Time   | 
     |-------------------------+--------------+-----------+-------+---------+----------| 
     | core/req_sync_q_reg[58] | CK ^         |           |       |   0.000 |    5.184 | 
     | core/req_sync_q_reg[58] | CK ^ -> Q v  | DFFHQX1   | 0.296 |   0.296 |    5.479 | 
     | core/g24486__5107       | A0 v -> Y ^  | AOI21X1   | 0.190 |   0.486 |    5.670 | 
     | core/g24250__5526       | C ^ -> Y v   | NAND4XL   | 0.269 |   0.755 |    5.938 | 
     | core/g24225__2802       | AN v -> Y v  | NAND4BX1  | 0.300 |   1.055 |    6.238 | 
     | core/g24217__6260       | AN v -> Y v  | NAND2BX1  | 0.261 |   1.315 |    6.499 | 
     | core/g24711__1881       | AN v -> Y v  | NAND2BX1  | 0.226 |   1.541 |    6.725 | 
     | core/g24179__2398       | B v -> Y ^   | NAND2XL   | 0.111 |   1.652 |    6.835 | 
     | core/g24167__5115       | B1 ^ -> Y v  | OAI222X1  | 0.196 |   1.848 |    7.031 | 
     | core/g24156__3680       | B0 v -> Y ^  | AOI211XL  | 0.216 |   2.063 |    7.247 | 
     | core/g24145__6260       | C0 ^ -> Y v  | OAI211X1  | 0.183 |   2.247 |    7.430 | 
     | core/g24139__1666       | C0 v -> Y ^  | AOI221X1  | 0.172 |   2.419 |    7.603 | 
     | core/g24135__9945       | B ^ -> Y v   | NAND2X2   | 0.181 |   2.600 |    7.784 | 
     | core/g24707__5122       | AN v -> Y v  | NOR2BX1   | 0.150 |   2.750 |    7.934 | 
     | core/g24121__8246       | B v -> Y ^   | NAND2X2   | 0.075 |   2.825 |    8.009 | 
     | core/g24105__1666       | B1 ^ -> Y ^  | OA22X1    | 0.191 |   3.017 |    8.200 | 
     | core/g24085__5526       | C0 ^ -> Y v  | OAI221X1  | 0.167 |   3.184 |    8.368 | 
     | core/g24076__6417       | A2 v -> Y ^  | OAI31X1   | 0.163 |   3.347 |    8.531 | 
     | core/g24073__2346       | A1N ^ -> Y ^ | OAI2BB1X1 | 0.160 |   3.507 |    8.691 | 
     | core/g24071__9945       | A1N ^ -> Y ^ | OAI2BB1X1 | 0.129 |   3.636 |    8.820 | 
     | core/g24059__1705       | A2 ^ -> Y v  | AOI32X1   | 0.170 |   3.807 |    8.990 | 
     | core/FE_OFC77_n_568     | A v -> Y v   | BUFX2     | 0.152 |   3.959 |    9.142 | 
     | core/FE_OFC73_n_568     | A v -> Y v   | BUFX2     | 0.080 |   4.039 |    9.223 | 
     | core/g24046__5477       | B v -> Y ^   | NOR2X1    | 0.087 |   4.126 |    9.309 | 
     | core/g24044             | A ^ -> Y v   | INVX1     | 0.103 |   4.229 |    9.412 | 
     | core/g24037__9315       | A v -> Y v   | AND2X1    | 0.180 |   4.409 |    9.592 | 
     | core/g24011__2883       | A1 v -> Y ^  | AOI21XL   | 0.167 |   4.575 |    9.759 | 
     | core/pending_q_reg[10]  | D ^          | DFFHQX1   | 0.000 |   4.575 |    9.759 | 
     +---------------------------------------------------------------------------------+ 
Path 9: MET Setup Check with Pin core/pending_q_reg[0]/CK 
Endpoint:   core/pending_q_reg[0]/D   (^) checked with  leading edge of 'clk'
Beginpoint: core/req_sync_q_reg[58]/Q (v) triggered by  leading edge of 'clk'
Path Groups: {clk}
Analysis View: setup_view
Other End Arrival Time          0.093
- Setup                         0.149
+ Phase Shift                  10.000
- Uncertainty                   0.200
= Required Time                 9.744
- Arrival Time                  4.556
= Slack Time                    5.188
     Clock Rise Edge                 0.000
     + Clock Network Latency (Prop)  0.000
     = Beginpoint Arrival Time       0.000
     +-------------------------------------------------------------------------------+ 
     |        Instance         |     Arc     |   Cell   | Delay | Arrival | Required | 
     |                         |             |          |       |  Time   |   Time   | 
     |-------------------------+-------------+----------+-------+---------+----------| 
     | core/req_sync_q_reg[58] | CK ^        |          |       |   0.000 |    5.188 | 
     | core/req_sync_q_reg[58] | CK ^ -> Q v | DFFHQX1  | 0.296 |   0.296 |    5.484 | 
     | core/g24486__5107       | A0 v -> Y ^ | AOI21X1  | 0.190 |   0.486 |    5.674 | 
     | core/g24250__5526       | C ^ -> Y v  | NAND4XL  | 0.269 |   0.755 |    5.943 | 
     | core/g24225__2802       | AN v -> Y v | NAND4BX1 | 0.300 |   1.055 |    6.242 | 
     | core/g24217__6260       | AN v -> Y v | NAND2BX1 | 0.261 |   1.315 |    6.503 | 
     | core/g24711__1881       | AN v -> Y v | NAND2BX1 | 0.226 |   1.541 |    6.729 | 
     | core/g24179__2398       | B v -> Y ^  | NAND2XL  | 0.111 |   1.652 |    6.840 | 
     | core/g24167__5115       | B1 ^ -> Y v | OAI222X1 | 0.196 |   1.848 |    7.035 | 
     | core/g24156__3680       | B0 v -> Y ^ | AOI211XL | 0.216 |   2.063 |    7.251 | 
     | core/g24145__6260       | C0 ^ -> Y v | OAI211X1 | 0.183 |   2.247 |    7.434 | 
     | core/g24139__1666       | C0 v -> Y ^ | AOI221X1 | 0.172 |   2.419 |    7.607 | 
     | core/g24135__9945       | B ^ -> Y v  | NAND2X2  | 0.181 |   2.600 |    7.788 | 
     | core/g24129__6161       | B v -> Y ^  | NAND2XL  | 0.139 |   2.740 |    7.927 | 
     | core/g24118__2802       | AN ^ -> Y ^ | NAND2BX2 | 0.138 |   2.877 |    8.065 | 
     | core/g24091__5122       | B1 ^ -> Y v | OAI22X1  | 0.140 |   3.017 |    8.205 | 
     | core/g24077__5477       | A v -> Y ^  | NOR4X1   | 0.240 |   3.257 |    8.444 | 
     | core/FE_OFC45_n_548     | A ^ -> Y ^  | BUFX2    | 0.153 |   3.410 |    8.597 | 
     | core/g24075__7410       | C ^ -> Y ^  | AND3XL   | 0.185 |   3.595 |    8.783 | 
     | core/g24072__2883       | A2 ^ -> Y v | AOI32X1  | 0.169 |   3.764 |    8.952 | 
     | core/FE_OFC33_n_554     | A v -> Y v  | BUFX2    | 0.151 |   3.916 |    9.104 | 
     | core/g24068__4733       | B v -> Y v  | OR2X1    | 0.113 |   4.029 |    9.216 | 
     | core/g24064__1881       | B v -> Y ^  | NAND2X1  | 0.078 |   4.107 |    9.294 | 
     | core/g24049__2398       | C ^ -> Y v  | NOR3X1   | 0.094 |   4.200 |    9.388 | 
     | core/FE_OFC48_n_576     | A v -> Y ^  | INVXL    | 0.063 |   4.263 |    9.451 | 
     | core/FE_OFC49_n_576     | A ^ -> Y v  | INVX1    | 0.122 |   4.385 |    9.573 | 
     | core/g23986__6417       | A0 v -> Y ^ | AOI21XL  | 0.171 |   4.556 |    9.744 | 
     | core/pending_q_reg[0]   | D ^         | DFFHQX1  | 0.000 |   4.556 |    9.744 | 
     +-------------------------------------------------------------------------------+ 
Path 10: MET Setup Check with Pin core/pending_q_reg[28]/CK 
Endpoint:   core/pending_q_reg[28]/D  (v) checked with  leading edge of 'clk'
Beginpoint: core/req_sync_q_reg[58]/Q (v) triggered by  leading edge of 'clk'
Path Groups: {clk}
Analysis View: setup_view
Other End Arrival Time          0.099
- Setup                         0.059
+ Phase Shift                  10.000
- Uncertainty                   0.200
= Required Time                 9.840
- Arrival Time                  4.651
= Slack Time                    5.189
     Clock Rise Edge                 0.000
     + Clock Network Latency (Prop)  0.000
     = Beginpoint Arrival Time       0.000
     +---------------------------------------------------------------------------------+ 
     |        Instance         |     Arc      |   Cell    | Delay | Arrival | Required | 
     |                         |              |           |       |  Time   |   Time   | 
     |-------------------------+--------------+-----------+-------+---------+----------| 
     | core/req_sync_q_reg[58] | CK ^         |           |       |   0.000 |    5.189 | 
     | core/req_sync_q_reg[58] | CK ^ -> Q v  | DFFHQX1   | 0.296 |   0.296 |    5.485 | 
     | core/g24486__5107       | A0 v -> Y ^  | AOI21X1   | 0.190 |   0.486 |    5.675 | 
     | core/g24250__5526       | C ^ -> Y v   | NAND4XL   | 0.269 |   0.755 |    5.944 | 
     | core/g24225__2802       | AN v -> Y v  | NAND4BX1  | 0.300 |   1.055 |    6.244 | 
     | core/g24217__6260       | AN v -> Y v  | NAND2BX1  | 0.261 |   1.315 |    6.504 | 
     | core/g24711__1881       | AN v -> Y v  | NAND2BX1  | 0.226 |   1.541 |    6.730 | 
     | core/g24179__2398       | B v -> Y ^   | NAND2XL   | 0.111 |   1.652 |    6.841 | 
     | core/g24167__5115       | B1 ^ -> Y v  | OAI222X1  | 0.196 |   1.848 |    7.037 | 
     | core/g24156__3680       | B0 v -> Y ^  | AOI211XL  | 0.216 |   2.063 |    7.253 | 
     | core/g24145__6260       | C0 ^ -> Y v  | OAI211X1  | 0.183 |   2.247 |    7.436 | 
     | core/g24139__1666       | C0 v -> Y ^  | AOI221X1  | 0.172 |   2.419 |    7.608 | 
     | core/g24135__9945       | B ^ -> Y v   | NAND2X2   | 0.181 |   2.600 |    7.789 | 
     | core/g24129__6161       | B v -> Y ^   | NAND2XL   | 0.139 |   2.740 |    7.929 | 
     | core/g24118__2802       | AN ^ -> Y ^  | NAND2BX2  | 0.138 |   2.877 |    8.066 | 
     | core/g24091__5122       | B1 ^ -> Y v  | OAI22X1   | 0.140 |   3.017 |    8.206 | 
     | core/g24077__5477       | A v -> Y ^   | NOR4X1    | 0.240 |   3.257 |    8.446 | 
     | core/FE_OFC45_n_548     | A ^ -> Y ^   | BUFX2     | 0.153 |   3.410 |    8.599 | 
     | core/g24075__7410       | C ^ -> Y ^   | AND3XL    | 0.185 |   3.595 |    8.784 | 
     | core/g24072__2883       | A2 ^ -> Y v  | AOI32X1   | 0.169 |   3.764 |    8.954 | 
     | core/FE_OFC33_n_554     | A v -> Y v   | BUFX2     | 0.151 |   3.916 |    9.105 | 
     | core/g24065__5115       | A1N v -> Y v | OAI2BB1X1 | 0.185 |   4.101 |    9.290 | 
     | core/g24053__8428       | B v -> Y ^   | NOR2X1    | 0.148 |   4.249 |    9.438 | 
     | core/g24050__5107       | AN ^ -> Y ^  | NOR2BX2   | 0.225 |   4.474 |    9.663 | 
     | core/g23994__6783       | A1 ^ -> Y v  | AOI21X1   | 0.177 |   4.651 |    9.840 | 
     | core/pending_q_reg[28]  | D v          | DFFHQX1   | 0.000 |   4.651 |    9.840 | 
     +---------------------------------------------------------------------------------+ 
Path 11: MET Setup Check with Pin core/pending_q_reg[24]/CK 
Endpoint:   core/pending_q_reg[24]/D  (^) checked with  leading edge of 'clk'
Beginpoint: core/req_sync_q_reg[58]/Q (v) triggered by  leading edge of 'clk'
Path Groups: {clk}
Analysis View: setup_view
Other End Arrival Time          0.093
- Setup                         0.131
+ Phase Shift                  10.000
- Uncertainty                   0.200
= Required Time                 9.762
- Arrival Time                  4.569
= Slack Time                    5.193
     Clock Rise Edge                 0.000
     + Clock Network Latency (Prop)  0.000
     = Beginpoint Arrival Time       0.000
     +---------------------------------------------------------------------------------+ 
     |        Instance         |     Arc      |   Cell    | Delay | Arrival | Required | 
     |                         |              |           |       |  Time   |   Time   | 
     |-------------------------+--------------+-----------+-------+---------+----------| 
     | core/req_sync_q_reg[58] | CK ^         |           |       |   0.000 |    5.194 | 
     | core/req_sync_q_reg[58] | CK ^ -> Q v  | DFFHQX1   | 0.296 |   0.296 |    5.489 | 
     | core/g24486__5107       | A0 v -> Y ^  | AOI21X1   | 0.190 |   0.486 |    5.679 | 
     | core/g24250__5526       | C ^ -> Y v   | NAND4XL   | 0.269 |   0.755 |    5.948 | 
     | core/g24225__2802       | AN v -> Y v  | NAND4BX1  | 0.300 |   1.055 |    6.248 | 
     | core/g24217__6260       | AN v -> Y v  | NAND2BX1  | 0.261 |   1.315 |    6.509 | 
     | core/g24711__1881       | AN v -> Y v  | NAND2BX1  | 0.226 |   1.541 |    6.734 | 
     | core/g24179__2398       | B v -> Y ^   | NAND2XL   | 0.111 |   1.652 |    6.845 | 
     | core/g24167__5115       | B1 ^ -> Y v  | OAI222X1  | 0.196 |   1.848 |    7.041 | 
     | core/g24156__3680       | B0 v -> Y ^  | AOI211XL  | 0.216 |   2.063 |    7.257 | 
     | core/g24145__6260       | C0 ^ -> Y v  | OAI211X1  | 0.183 |   2.247 |    7.440 | 
     | core/g24139__1666       | C0 v -> Y ^  | AOI221X1  | 0.172 |   2.419 |    7.613 | 
     | core/g24135__9945       | B ^ -> Y v   | NAND2X2   | 0.181 |   2.600 |    7.794 | 
     | core/g24707__5122       | AN v -> Y v  | NOR2BX1   | 0.150 |   2.750 |    7.944 | 
     | core/g24121__8246       | B v -> Y ^   | NAND2X2   | 0.075 |   2.825 |    8.019 | 
     | core/g24105__1666       | B1 ^ -> Y ^  | OA22X1    | 0.191 |   3.017 |    8.210 | 
     | core/g24085__5526       | C0 ^ -> Y v  | OAI221X1  | 0.167 |   3.184 |    8.378 | 
     | core/g24076__6417       | A2 v -> Y ^  | OAI31X1   | 0.163 |   3.347 |    8.540 | 
     | core/g24073__2346       | A1N ^ -> Y ^ | OAI2BB1X1 | 0.160 |   3.507 |    8.701 | 
     | core/g24071__9945       | A1N ^ -> Y ^ | OAI2BB1X1 | 0.129 |   3.636 |    8.830 | 
     | core/g24059__1705       | A2 ^ -> Y v  | AOI32X1   | 0.170 |   3.807 |    9.000 | 
     | core/FE_OFC77_n_568     | A v -> Y v   | BUFX2     | 0.152 |   3.959 |    9.152 | 
     | core/FE_OFC73_n_568     | A v -> Y v   | BUFX2     | 0.080 |   4.039 |    9.233 | 
     | core/g24046__5477       | B v -> Y ^   | NOR2X1    | 0.087 |   4.126 |    9.319 | 
     | core/g24044             | A ^ -> Y v   | INVX1     | 0.103 |   4.229 |    9.422 | 
     | core/g24037__9315       | A v -> Y v   | AND2X1    | 0.180 |   4.409 |    9.602 | 
     | core/g24016__5477       | A1 v -> Y ^  | AOI21XL   | 0.160 |   4.569 |    9.762 | 
     | core/pending_q_reg[24]  | D ^          | DFFHQX1   | 0.000 |   4.569 |    9.762 | 
     +---------------------------------------------------------------------------------+ 
Path 12: MET Setup Check with Pin core/pending_q_reg[20]/CK 
Endpoint:   core/pending_q_reg[20]/D  (v) checked with  leading edge of 'clk'
Beginpoint: core/req_sync_q_reg[58]/Q (v) triggered by  leading edge of 'clk'
Path Groups: {clk}
Analysis View: setup_view
Other End Arrival Time          0.099
- Setup                         0.057
+ Phase Shift                  10.000
- Uncertainty                   0.200
= Required Time                 9.843
- Arrival Time                  4.648
= Slack Time                    5.194
     Clock Rise Edge                 0.000
     + Clock Network Latency (Prop)  0.000
     = Beginpoint Arrival Time       0.000
     +---------------------------------------------------------------------------------+ 
     |        Instance         |     Arc      |   Cell    | Delay | Arrival | Required | 
     |                         |              |           |       |  Time   |   Time   | 
     |-------------------------+--------------+-----------+-------+---------+----------| 
     | core/req_sync_q_reg[58] | CK ^         |           |       |   0.000 |    5.195 | 
     | core/req_sync_q_reg[58] | CK ^ -> Q v  | DFFHQX1   | 0.296 |   0.296 |    5.490 | 
     | core/g24486__5107       | A0 v -> Y ^  | AOI21X1   | 0.190 |   0.486 |    5.680 | 
     | core/g24250__5526       | C ^ -> Y v   | NAND4XL   | 0.269 |   0.755 |    5.949 | 
     | core/g24225__2802       | AN v -> Y v  | NAND4BX1  | 0.300 |   1.055 |    6.249 | 
     | core/g24217__6260       | AN v -> Y v  | NAND2BX1  | 0.261 |   1.315 |    6.510 | 
     | core/g24711__1881       | AN v -> Y v  | NAND2BX1  | 0.226 |   1.541 |    6.735 | 
     | core/g24179__2398       | B v -> Y ^   | NAND2XL   | 0.111 |   1.652 |    6.846 | 
     | core/g24167__5115       | B1 ^ -> Y v  | OAI222X1  | 0.196 |   1.848 |    7.042 | 
     | core/g24156__3680       | B0 v -> Y ^  | AOI211XL  | 0.216 |   2.063 |    7.258 | 
     | core/g24145__6260       | C0 ^ -> Y v  | OAI211X1  | 0.183 |   2.247 |    7.441 | 
     | core/g24139__1666       | C0 v -> Y ^  | AOI221X1  | 0.172 |   2.419 |    7.613 | 
     | core/g24135__9945       | B ^ -> Y v   | NAND2X2   | 0.181 |   2.600 |    7.795 | 
     | core/g24129__6161       | B v -> Y ^   | NAND2XL   | 0.139 |   2.740 |    7.934 | 
     | core/g24118__2802       | AN ^ -> Y ^  | NAND2BX2  | 0.138 |   2.877 |    8.072 | 
     | core/g24091__5122       | B1 ^ -> Y v  | OAI22X1   | 0.140 |   3.017 |    8.211 | 
     | core/g24077__5477       | A v -> Y ^   | NOR4X1    | 0.240 |   3.257 |    8.451 | 
     | core/FE_OFC45_n_548     | A ^ -> Y ^   | BUFX2     | 0.153 |   3.410 |    8.604 | 
     | core/g24075__7410       | C ^ -> Y ^   | AND3XL    | 0.185 |   3.595 |    8.789 | 
     | core/g24072__2883       | A2 ^ -> Y v  | AOI32X1   | 0.169 |   3.764 |    8.959 | 
     | core/FE_OFC33_n_554     | A v -> Y v   | BUFX2     | 0.151 |   3.916 |    9.110 | 
     | core/g24065__5115       | A1N v -> Y v | OAI2BB1X1 | 0.185 |   4.101 |    9.295 | 
     | core/g24053__8428       | B v -> Y ^   | NOR2X1    | 0.148 |   4.249 |    9.443 | 
     | core/g24050__5107       | AN ^ -> Y ^  | NOR2BX2   | 0.225 |   4.474 |    9.668 | 
     | core/g23992__8428       | A1 ^ -> Y v  | AOI21X1   | 0.174 |   4.648 |    9.843 | 
     | core/pending_q_reg[20]  | D v          | DFFHQX1   | 0.000 |   4.648 |    9.843 | 
     +---------------------------------------------------------------------------------+ 
Path 13: MET Setup Check with Pin core/pending_q_reg[30]/CK 
Endpoint:   core/pending_q_reg[30]/D  (^) checked with  leading edge of 'clk'
Beginpoint: core/req_sync_q_reg[58]/Q (v) triggered by  leading edge of 'clk'
Path Groups: {clk}
Analysis View: setup_view
Other End Arrival Time          0.099
- Setup                         0.141
+ Phase Shift                  10.000
- Uncertainty                   0.200
= Required Time                 9.759
- Arrival Time                  4.563
= Slack Time                    5.196
     Clock Rise Edge                 0.000
     + Clock Network Latency (Prop)  0.000
     = Beginpoint Arrival Time       0.000
     +---------------------------------------------------------------------------------+ 
     |        Instance         |     Arc      |   Cell    | Delay | Arrival | Required | 
     |                         |              |           |       |  Time   |   Time   | 
     |-------------------------+--------------+-----------+-------+---------+----------| 
     | core/req_sync_q_reg[58] | CK ^         |           |       |   0.000 |    5.196 | 
     | core/req_sync_q_reg[58] | CK ^ -> Q v  | DFFHQX1   | 0.296 |   0.296 |    5.492 | 
     | core/g24486__5107       | A0 v -> Y ^  | AOI21X1   | 0.190 |   0.486 |    5.682 | 
     | core/g24250__5526       | C ^ -> Y v   | NAND4XL   | 0.269 |   0.755 |    5.951 | 
     | core/g24225__2802       | AN v -> Y v  | NAND4BX1  | 0.300 |   1.055 |    6.250 | 
     | core/g24217__6260       | AN v -> Y v  | NAND2BX1  | 0.261 |   1.315 |    6.511 | 
     | core/g24711__1881       | AN v -> Y v  | NAND2BX1  | 0.226 |   1.541 |    6.737 | 
     | core/g24179__2398       | B v -> Y ^   | NAND2XL   | 0.111 |   1.652 |    6.848 | 
     | core/g24167__5115       | B1 ^ -> Y v  | OAI222X1  | 0.196 |   1.848 |    7.043 | 
     | core/g24156__3680       | B0 v -> Y ^  | AOI211XL  | 0.216 |   2.063 |    7.259 | 
     | core/g24145__6260       | C0 ^ -> Y v  | OAI211X1  | 0.183 |   2.247 |    7.442 | 
     | core/g24139__1666       | C0 v -> Y ^  | AOI221X1  | 0.172 |   2.419 |    7.615 | 
     | core/g24135__9945       | B ^ -> Y v   | NAND2X2   | 0.181 |   2.600 |    7.796 | 
     | core/g24707__5122       | AN v -> Y v  | NOR2BX1   | 0.150 |   2.750 |    7.946 | 
     | core/g24121__8246       | B v -> Y ^   | NAND2X2   | 0.075 |   2.825 |    8.021 | 
     | core/g24105__1666       | B1 ^ -> Y ^  | OA22X1    | 0.191 |   3.017 |    8.213 | 
     | core/g24085__5526       | C0 ^ -> Y v  | OAI221X1  | 0.167 |   3.184 |    8.380 | 
     | core/g24076__6417       | A2 v -> Y ^  | OAI31X1   | 0.163 |   3.347 |    8.543 | 
     | core/g24073__2346       | A1N ^ -> Y ^ | OAI2BB1X1 | 0.160 |   3.507 |    8.703 | 
     | core/g24071__9945       | A1N ^ -> Y ^ | OAI2BB1X1 | 0.129 |   3.636 |    8.832 | 
     | core/g24059__1705       | A2 ^ -> Y v  | AOI32X1   | 0.170 |   3.807 |    9.002 | 
     | core/FE_OFC77_n_568     | A v -> Y v   | BUFX2     | 0.152 |   3.959 |    9.154 | 
     | core/FE_OFC73_n_568     | A v -> Y v   | BUFX2     | 0.080 |   4.039 |    9.235 | 
     | core/g24046__5477       | B v -> Y ^   | NOR2X1    | 0.087 |   4.126 |    9.321 | 
     | core/g24044             | A ^ -> Y v   | INVX1     | 0.103 |   4.229 |    9.424 | 
     | core/g24037__9315       | A v -> Y v   | AND2X1    | 0.180 |   4.409 |    9.604 | 
     | core/g24009__9315       | A1 v -> Y ^  | AOI21XL   | 0.155 |   4.563 |    9.759 | 
     | core/pending_q_reg[30]  | D ^          | DFFHQX1   | 0.000 |   4.563 |    9.759 | 
     +---------------------------------------------------------------------------------+ 
Path 14: MET Setup Check with Pin core/pending_q_reg[5]/CK 
Endpoint:   core/pending_q_reg[5]/D   (v) checked with  leading edge of 'clk'
Beginpoint: core/req_sync_q_reg[58]/Q (v) triggered by  leading edge of 'clk'
Path Groups: {clk}
Analysis View: setup_view
Other End Arrival Time          0.100
- Setup                         0.064
+ Phase Shift                  10.000
- Uncertainty                   0.200
= Required Time                 9.836
- Arrival Time                  4.633
= Slack Time                    5.203
     Clock Rise Edge                 0.000
     + Clock Network Latency (Prop)  0.000
     = Beginpoint Arrival Time       0.000
     +---------------------------------------------------------------------------------+ 
     |        Instance         |     Arc      |   Cell    | Delay | Arrival | Required | 
     |                         |              |           |       |  Time   |   Time   | 
     |-------------------------+--------------+-----------+-------+---------+----------| 
     | core/req_sync_q_reg[58] | CK ^         |           |       |   0.000 |    5.203 | 
     | core/req_sync_q_reg[58] | CK ^ -> Q v  | DFFHQX1   | 0.296 |   0.296 |    5.499 | 
     | core/g24486__5107       | A0 v -> Y ^  | AOI21X1   | 0.190 |   0.486 |    5.689 | 
     | core/g24250__5526       | C ^ -> Y v   | NAND4XL   | 0.269 |   0.755 |    5.958 | 
     | core/g24225__2802       | AN v -> Y v  | NAND4BX1  | 0.300 |   1.055 |    6.258 | 
     | core/g24217__6260       | AN v -> Y v  | NAND2BX1  | 0.261 |   1.315 |    6.518 | 
     | core/g24711__1881       | AN v -> Y v  | NAND2BX1  | 0.226 |   1.541 |    6.744 | 
     | core/g24179__2398       | B v -> Y ^   | NAND2XL   | 0.111 |   1.652 |    6.855 | 
     | core/g24167__5115       | B1 ^ -> Y v  | OAI222X1  | 0.196 |   1.848 |    7.051 | 
     | core/g24156__3680       | B0 v -> Y ^  | AOI211XL  | 0.216 |   2.063 |    7.267 | 
     | core/g24145__6260       | C0 ^ -> Y v  | OAI211X1  | 0.183 |   2.247 |    7.450 | 
     | core/g24139__1666       | C0 v -> Y ^  | AOI221X1  | 0.172 |   2.419 |    7.622 | 
     | core/g24135__9945       | B ^ -> Y v   | NAND2X2   | 0.181 |   2.600 |    7.803 | 
     | core/g24129__6161       | B v -> Y ^   | NAND2XL   | 0.139 |   2.740 |    7.943 | 
     | core/g24118__2802       | AN ^ -> Y ^  | NAND2BX2  | 0.138 |   2.877 |    8.080 | 
     | core/g24091__5122       | B1 ^ -> Y v  | OAI22X1   | 0.140 |   3.017 |    8.220 | 
     | core/g24077__5477       | A v -> Y ^   | NOR4X1    | 0.240 |   3.257 |    8.460 | 
     | core/FE_OFC45_n_548     | A ^ -> Y ^   | BUFX2     | 0.153 |   3.410 |    8.613 | 
     | core/g24075__7410       | C ^ -> Y ^   | AND3XL    | 0.185 |   3.595 |    8.798 | 
     | core/g24072__2883       | A2 ^ -> Y v  | AOI32X1   | 0.169 |   3.764 |    8.968 | 
     | core/FE_OFC33_n_554     | A v -> Y v   | BUFX2     | 0.151 |   3.916 |    9.119 | 
     | core/g24065__5115       | A1N v -> Y v | OAI2BB1X1 | 0.185 |   4.101 |    9.304 | 
     | core/g24054__5526       | B v -> Y ^   | NOR2X1    | 0.152 |   4.252 |    9.455 | 
     | core/g24051__6260       | AN ^ -> Y ^  | NOR2BX2   | 0.203 |   4.456 |    9.659 | 
     | core/g23967__2346       | A1 ^ -> Y v  | AOI21XL   | 0.177 |   4.633 |    9.836 | 
     | core/pending_q_reg[5]   | D v          | DFFHQX1   | 0.000 |   4.633 |    9.836 | 
     +---------------------------------------------------------------------------------+ 
Path 15: MET Setup Check with Pin core/pending_q_reg[4]/CK 
Endpoint:   core/pending_q_reg[4]/D   (v) checked with  leading edge of 'clk'
Beginpoint: core/req_sync_q_reg[58]/Q (v) triggered by  leading edge of 'clk'
Path Groups: {clk}
Analysis View: setup_view
Other End Arrival Time          0.097
- Setup                         0.066
+ Phase Shift                  10.000
- Uncertainty                   0.200
= Required Time                 9.832
- Arrival Time                  4.627
= Slack Time                    5.205
     Clock Rise Edge                 0.000
     + Clock Network Latency (Prop)  0.000
     = Beginpoint Arrival Time       0.000
     +---------------------------------------------------------------------------------+ 
     |        Instance         |     Arc      |   Cell    | Delay | Arrival | Required | 
     |                         |              |           |       |  Time   |   Time   | 
     |-------------------------+--------------+-----------+-------+---------+----------| 
     | core/req_sync_q_reg[58] | CK ^         |           |       |   0.000 |    5.205 | 
     | core/req_sync_q_reg[58] | CK ^ -> Q v  | DFFHQX1   | 0.296 |   0.296 |    5.500 | 
     | core/g24486__5107       | A0 v -> Y ^  | AOI21X1   | 0.190 |   0.486 |    5.691 | 
     | core/g24250__5526       | C ^ -> Y v   | NAND4XL   | 0.269 |   0.755 |    5.959 | 
     | core/g24225__2802       | AN v -> Y v  | NAND4BX1  | 0.300 |   1.055 |    6.259 | 
     | core/g24217__6260       | AN v -> Y v  | NAND2BX1  | 0.261 |   1.315 |    6.520 | 
     | core/g24711__1881       | AN v -> Y v  | NAND2BX1  | 0.226 |   1.541 |    6.745 | 
     | core/g24179__2398       | B v -> Y ^   | NAND2XL   | 0.111 |   1.652 |    6.856 | 
     | core/g24167__5115       | B1 ^ -> Y v  | OAI222X1  | 0.196 |   1.848 |    7.052 | 
     | core/g24156__3680       | B0 v -> Y ^  | AOI211XL  | 0.216 |   2.063 |    7.268 | 
     | core/g24145__6260       | C0 ^ -> Y v  | OAI211X1  | 0.183 |   2.247 |    7.451 | 
     | core/g24139__1666       | C0 v -> Y ^  | AOI221X1  | 0.172 |   2.419 |    7.624 | 
     | core/g24135__9945       | B ^ -> Y v   | NAND2X2   | 0.181 |   2.600 |    7.805 | 
     | core/g24129__6161       | B v -> Y ^   | NAND2XL   | 0.139 |   2.740 |    7.944 | 
     | core/g24118__2802       | AN ^ -> Y ^  | NAND2BX2  | 0.138 |   2.877 |    8.082 | 
     | core/g24091__5122       | B1 ^ -> Y v  | OAI22X1   | 0.140 |   3.017 |    8.221 | 
     | core/g24077__5477       | A v -> Y ^   | NOR4X1    | 0.240 |   3.257 |    8.461 | 
     | core/FE_OFC45_n_548     | A ^ -> Y ^   | BUFX2     | 0.153 |   3.410 |    8.614 | 
     | core/g24075__7410       | C ^ -> Y ^   | AND3XL    | 0.185 |   3.595 |    8.800 | 
     | core/g24072__2883       | A2 ^ -> Y v  | AOI32X1   | 0.169 |   3.764 |    8.969 | 
     | core/FE_OFC33_n_554     | A v -> Y v   | BUFX2     | 0.151 |   3.916 |    9.120 | 
     | core/g24065__5115       | A1N v -> Y v | OAI2BB1X1 | 0.185 |   4.101 |    9.305 | 
     | core/g24054__5526       | B v -> Y ^   | NOR2X1    | 0.152 |   4.252 |    9.457 | 
     | core/g24051__6260       | AN ^ -> Y ^  | NOR2BX2   | 0.203 |   4.456 |    9.660 | 
     | core/g23987__5477       | A1 ^ -> Y v  | AOI21X1   | 0.171 |   4.627 |    9.832 | 
     | core/pending_q_reg[4]   | D v          | DFFHQX1   | 0.000 |   4.627 |    9.832 | 
     +---------------------------------------------------------------------------------+ 
Path 16: MET Setup Check with Pin core/pending_q_reg[29]/CK 
Endpoint:   core/pending_q_reg[29]/D  (v) checked with  leading edge of 'clk'
Beginpoint: core/req_sync_q_reg[58]/Q (v) triggered by  leading edge of 'clk'
Path Groups: {clk}
Analysis View: setup_view
Other End Arrival Time          0.106
- Setup                         0.052
+ Phase Shift                  10.000
- Uncertainty                   0.200
= Required Time                 9.854
- Arrival Time                  4.649
= Slack Time                    5.205
     Clock Rise Edge                 0.000
     + Clock Network Latency (Prop)  0.000
     = Beginpoint Arrival Time       0.000
     +---------------------------------------------------------------------------------+ 
     |        Instance         |     Arc      |   Cell    | Delay | Arrival | Required | 
     |                         |              |           |       |  Time   |   Time   | 
     |-------------------------+--------------+-----------+-------+---------+----------| 
     | core/req_sync_q_reg[58] | CK ^         |           |       |   0.000 |    5.205 | 
     | core/req_sync_q_reg[58] | CK ^ -> Q v  | DFFHQX1   | 0.296 |   0.296 |    5.501 | 
     | core/g24486__5107       | A0 v -> Y ^  | AOI21X1   | 0.190 |   0.486 |    5.691 | 
     | core/g24250__5526       | C ^ -> Y v   | NAND4XL   | 0.269 |   0.755 |    5.960 | 
     | core/g24225__2802       | AN v -> Y v  | NAND4BX1  | 0.300 |   1.055 |    6.260 | 
     | core/g24217__6260       | AN v -> Y v  | NAND2BX1  | 0.261 |   1.315 |    6.520 | 
     | core/g24711__1881       | AN v -> Y v  | NAND2BX1  | 0.226 |   1.541 |    6.746 | 
     | core/g24179__2398       | B v -> Y ^   | NAND2XL   | 0.111 |   1.652 |    6.857 | 
     | core/g24167__5115       | B1 ^ -> Y v  | OAI222X1  | 0.196 |   1.848 |    7.053 | 
     | core/g24156__3680       | B0 v -> Y ^  | AOI211XL  | 0.216 |   2.063 |    7.269 | 
     | core/g24145__6260       | C0 ^ -> Y v  | OAI211X1  | 0.183 |   2.247 |    7.452 | 
     | core/g24139__1666       | C0 v -> Y ^  | AOI221X1  | 0.172 |   2.419 |    7.624 | 
     | core/g24135__9945       | B ^ -> Y v   | NAND2X2   | 0.181 |   2.600 |    7.805 | 
     | core/g24129__6161       | B v -> Y ^   | NAND2XL   | 0.139 |   2.740 |    7.945 | 
     | core/g24118__2802       | AN ^ -> Y ^  | NAND2BX2  | 0.138 |   2.877 |    8.082 | 
     | core/g24091__5122       | B1 ^ -> Y v  | OAI22X1   | 0.140 |   3.017 |    8.222 | 
     | core/g24077__5477       | A v -> Y ^   | NOR4X1    | 0.240 |   3.257 |    8.462 | 
     | core/FE_OFC45_n_548     | A ^ -> Y ^   | BUFX2     | 0.153 |   3.410 |    8.615 | 
     | core/g24075__7410       | C ^ -> Y ^   | AND3XL    | 0.185 |   3.595 |    8.800 | 
     | core/g24072__2883       | A2 ^ -> Y v  | AOI32X1   | 0.169 |   3.764 |    8.970 | 
     | core/FE_OFC33_n_554     | A v -> Y v   | BUFX2     | 0.151 |   3.916 |    9.121 | 
     | core/g24065__5115       | A1N v -> Y v | OAI2BB1X1 | 0.185 |   4.101 |    9.306 | 
     | core/g24053__8428       | B v -> Y ^   | NOR2X1    | 0.148 |   4.249 |    9.454 | 
     | core/g24050__5107       | AN ^ -> Y ^  | NOR2BX2   | 0.225 |   4.474 |    9.679 | 
     | core/g24020__4319       | A1 ^ -> Y v  | AOI21X1   | 0.175 |   4.649 |    9.854 | 
     | core/pending_q_reg[29]  | D v          | DFFHQX1   | 0.000 |   4.649 |    9.854 | 
     +---------------------------------------------------------------------------------+ 
Path 17: MET Setup Check with Pin core/pending_q_reg[52]/CK 
Endpoint:   core/pending_q_reg[52]/D  (v) checked with  leading edge of 'clk'
Beginpoint: core/req_sync_q_reg[58]/Q (v) triggered by  leading edge of 'clk'
Path Groups: {clk}
Analysis View: setup_view
Other End Arrival Time          0.106
- Setup                         0.051
+ Phase Shift                  10.000
- Uncertainty                   0.200
= Required Time                 9.855
- Arrival Time                  4.649
= Slack Time                    5.206
     Clock Rise Edge                 0.000
     + Clock Network Latency (Prop)  0.000
     = Beginpoint Arrival Time       0.000
     +---------------------------------------------------------------------------------+ 
     |        Instance         |     Arc      |   Cell    | Delay | Arrival | Required | 
     |                         |              |           |       |  Time   |   Time   | 
     |-------------------------+--------------+-----------+-------+---------+----------| 
     | core/req_sync_q_reg[58] | CK ^         |           |       |   0.000 |    5.206 | 
     | core/req_sync_q_reg[58] | CK ^ -> Q v  | DFFHQX1   | 0.296 |   0.296 |    5.502 | 
     | core/g24486__5107       | A0 v -> Y ^  | AOI21X1   | 0.190 |   0.486 |    5.692 | 
     | core/g24250__5526       | C ^ -> Y v   | NAND4XL   | 0.269 |   0.755 |    5.961 | 
     | core/g24225__2802       | AN v -> Y v  | NAND4BX1  | 0.300 |   1.055 |    6.260 | 
     | core/g24217__6260       | AN v -> Y v  | NAND2BX1  | 0.261 |   1.315 |    6.521 | 
     | core/g24711__1881       | AN v -> Y v  | NAND2BX1  | 0.226 |   1.541 |    6.747 | 
     | core/g24179__2398       | B v -> Y ^   | NAND2XL   | 0.111 |   1.652 |    6.858 | 
     | core/g24167__5115       | B1 ^ -> Y v  | OAI222X1  | 0.196 |   1.848 |    7.053 | 
     | core/g24156__3680       | B0 v -> Y ^  | AOI211XL  | 0.216 |   2.063 |    7.269 | 
     | core/g24145__6260       | C0 ^ -> Y v  | OAI211X1  | 0.183 |   2.247 |    7.452 | 
     | core/g24139__1666       | C0 v -> Y ^  | AOI221X1  | 0.172 |   2.419 |    7.625 | 
     | core/g24135__9945       | B ^ -> Y v   | NAND2X2   | 0.181 |   2.600 |    7.806 | 
     | core/g24129__6161       | B v -> Y ^   | NAND2XL   | 0.139 |   2.740 |    7.945 | 
     | core/g24118__2802       | AN ^ -> Y ^  | NAND2BX2  | 0.138 |   2.877 |    8.083 | 
     | core/g24091__5122       | B1 ^ -> Y v  | OAI22X1   | 0.140 |   3.017 |    8.223 | 
     | core/g24077__5477       | A v -> Y ^   | NOR4X1    | 0.240 |   3.257 |    8.462 | 
     | core/FE_OFC45_n_548     | A ^ -> Y ^   | BUFX2     | 0.153 |   3.410 |    8.615 | 
     | core/g24075__7410       | C ^ -> Y ^   | AND3XL    | 0.185 |   3.595 |    8.801 | 
     | core/g24072__2883       | A2 ^ -> Y v  | AOI32X1   | 0.169 |   3.764 |    8.970 | 
     | core/FE_OFC33_n_554     | A v -> Y v   | BUFX2     | 0.151 |   3.916 |    9.122 | 
     | core/g24065__5115       | A1N v -> Y v | OAI2BB1X1 | 0.185 |   4.101 |    9.306 | 
     | core/g24053__8428       | B v -> Y ^   | NOR2X1    | 0.148 |   4.249 |    9.454 | 
     | core/g24050__5107       | AN ^ -> Y ^  | NOR2BX2   | 0.225 |   4.474 |    9.680 | 
     | core/g24003__1881       | A1 ^ -> Y v  | AOI21X1   | 0.175 |   4.649 |    9.855 | 
     | core/pending_q_reg[52]  | D v          | DFFHQX1   | 0.000 |   4.649 |    9.855 | 
     +---------------------------------------------------------------------------------+ 
Path 18: MET Setup Check with Pin core/pending_q_reg[26]/CK 
Endpoint:   core/pending_q_reg[26]/D  (^) checked with  leading edge of 'clk'
Beginpoint: core/req_sync_q_reg[58]/Q (v) triggered by  leading edge of 'clk'
Path Groups: {clk}
Analysis View: setup_view
Other End Arrival Time          0.100
- Setup                         0.128
+ Phase Shift                  10.000
- Uncertainty                   0.200
= Required Time                 9.771
- Arrival Time                  4.563
= Slack Time                    5.208
     Clock Rise Edge                 0.000
     + Clock Network Latency (Prop)  0.000
     = Beginpoint Arrival Time       0.000
     +---------------------------------------------------------------------------------+ 
     |        Instance         |     Arc      |   Cell    | Delay | Arrival | Required | 
     |                         |              |           |       |  Time   |   Time   | 
     |-------------------------+--------------+-----------+-------+---------+----------| 
     | core/req_sync_q_reg[58] | CK ^         |           |       |   0.000 |    5.208 | 
     | core/req_sync_q_reg[58] | CK ^ -> Q v  | DFFHQX1   | 0.296 |   0.296 |    5.504 | 
     | core/g24486__5107       | A0 v -> Y ^  | AOI21X1   | 0.190 |   0.486 |    5.694 | 
     | core/g24250__5526       | C ^ -> Y v   | NAND4XL   | 0.269 |   0.755 |    5.963 | 
     | core/g24225__2802       | AN v -> Y v  | NAND4BX1  | 0.300 |   1.055 |    6.263 | 
     | core/g24217__6260       | AN v -> Y v  | NAND2BX1  | 0.261 |   1.315 |    6.523 | 
     | core/g24711__1881       | AN v -> Y v  | NAND2BX1  | 0.226 |   1.541 |    6.749 | 
     | core/g24179__2398       | B v -> Y ^   | NAND2XL   | 0.111 |   1.652 |    6.860 | 
     | core/g24167__5115       | B1 ^ -> Y v  | OAI222X1  | 0.196 |   1.848 |    7.056 | 
     | core/g24156__3680       | B0 v -> Y ^  | AOI211XL  | 0.216 |   2.063 |    7.271 | 
     | core/g24145__6260       | C0 ^ -> Y v  | OAI211X1  | 0.183 |   2.247 |    7.455 | 
     | core/g24139__1666       | C0 v -> Y ^  | AOI221X1  | 0.172 |   2.419 |    7.627 | 
     | core/g24135__9945       | B ^ -> Y v   | NAND2X2   | 0.181 |   2.600 |    7.808 | 
     | core/g24707__5122       | AN v -> Y v  | NOR2BX1   | 0.150 |   2.750 |    7.958 | 
     | core/g24121__8246       | B v -> Y ^   | NAND2X2   | 0.075 |   2.825 |    8.033 | 
     | core/g24105__1666       | B1 ^ -> Y ^  | OA22X1    | 0.191 |   3.017 |    8.225 | 
     | core/g24085__5526       | C0 ^ -> Y v  | OAI221X1  | 0.167 |   3.184 |    8.392 | 
     | core/g24076__6417       | A2 v -> Y ^  | OAI31X1   | 0.163 |   3.347 |    8.555 | 
     | core/g24073__2346       | A1N ^ -> Y ^ | OAI2BB1X1 | 0.160 |   3.507 |    8.715 | 
     | core/g24071__9945       | A1N ^ -> Y ^ | OAI2BB1X1 | 0.129 |   3.636 |    8.844 | 
     | core/g24059__1705       | A2 ^ -> Y v  | AOI32X1   | 0.170 |   3.807 |    9.015 | 
     | core/FE_OFC77_n_568     | A v -> Y v   | BUFX2     | 0.152 |   3.959 |    9.167 | 
     | core/FE_OFC73_n_568     | A v -> Y v   | BUFX2     | 0.080 |   4.039 |    9.247 | 
     | core/g24046__5477       | B v -> Y ^   | NOR2X1    | 0.087 |   4.126 |    9.334 | 
     | core/g24044             | A ^ -> Y v   | INVX1     | 0.103 |   4.229 |    9.437 | 
     | core/g24037__9315       | A v -> Y v   | AND2X1    | 0.180 |   4.409 |    9.616 | 
     | core/g24017__2398       | A1 v -> Y ^  | AOI21XL   | 0.155 |   4.563 |    9.771 | 
     | core/pending_q_reg[26]  | D ^          | DFFHQX1   | 0.000 |   4.563 |    9.771 | 
     +---------------------------------------------------------------------------------+ 
Path 19: MET Setup Check with Pin core/pending_q_reg[7]/CK 
Endpoint:   core/pending_q_reg[7]/D   (v) checked with  leading edge of 'clk'
Beginpoint: core/req_sync_q_reg[58]/Q (v) triggered by  leading edge of 'clk'
Path Groups: {clk}
Analysis View: setup_view
Other End Arrival Time          0.093
- Setup                         0.078
+ Phase Shift                  10.000
- Uncertainty                   0.200
= Required Time                 9.815
- Arrival Time                  4.604
= Slack Time                    5.211
     Clock Rise Edge                 0.000
     + Clock Network Latency (Prop)  0.000
     = Beginpoint Arrival Time       0.000
     +---------------------------------------------------------------------------------+ 
     |        Instance         |     Arc      |   Cell    | Delay | Arrival | Required | 
     |                         |              |           |       |  Time   |   Time   | 
     |-------------------------+--------------+-----------+-------+---------+----------| 
     | core/req_sync_q_reg[58] | CK ^         |           |       |   0.000 |    5.212 | 
     | core/req_sync_q_reg[58] | CK ^ -> Q v  | DFFHQX1   | 0.296 |   0.296 |    5.507 | 
     | core/g24486__5107       | A0 v -> Y ^  | AOI21X1   | 0.190 |   0.486 |    5.697 | 
     | core/g24250__5526       | C ^ -> Y v   | NAND4XL   | 0.269 |   0.755 |    5.966 | 
     | core/g24225__2802       | AN v -> Y v  | NAND4BX1  | 0.300 |   1.055 |    6.266 | 
     | core/g24217__6260       | AN v -> Y v  | NAND2BX1  | 0.261 |   1.315 |    6.527 | 
     | core/g24711__1881       | AN v -> Y v  | NAND2BX1  | 0.226 |   1.541 |    6.752 | 
     | core/g24179__2398       | B v -> Y ^   | NAND2XL   | 0.111 |   1.652 |    6.863 | 
     | core/g24167__5115       | B1 ^ -> Y v  | OAI222X1  | 0.196 |   1.848 |    7.059 | 
     | core/g24156__3680       | B0 v -> Y ^  | AOI211XL  | 0.216 |   2.063 |    7.275 | 
     | core/g24145__6260       | C0 ^ -> Y v  | OAI211X1  | 0.183 |   2.247 |    7.458 | 
     | core/g24139__1666       | C0 v -> Y ^  | AOI221X1  | 0.172 |   2.419 |    7.630 | 
     | core/g24135__9945       | B ^ -> Y v   | NAND2X2   | 0.181 |   2.600 |    7.812 | 
     | core/g24707__5122       | AN v -> Y v  | NOR2BX1   | 0.150 |   2.750 |    7.962 | 
     | core/g24121__8246       | B v -> Y ^   | NAND2X2   | 0.075 |   2.825 |    8.037 | 
     | core/g24105__1666       | B1 ^ -> Y ^  | OA22X1    | 0.191 |   3.017 |    8.228 | 
     | core/g24085__5526       | C0 ^ -> Y v  | OAI221X1  | 0.167 |   3.184 |    8.396 | 
     | core/g24076__6417       | A2 v -> Y ^  | OAI31X1   | 0.163 |   3.347 |    8.558 | 
     | core/g24073__2346       | A1N ^ -> Y ^ | OAI2BB1X1 | 0.160 |   3.507 |    8.719 | 
     | core/g24071__9945       | A1N ^ -> Y ^ | OAI2BB1X1 | 0.129 |   3.636 |    8.848 | 
     | core/g24059__1705       | A2 ^ -> Y v  | AOI32X1   | 0.170 |   3.807 |    9.018 | 
     | core/FE_OFC77_n_568     | A v -> Y v   | BUFX2     | 0.152 |   3.959 |    9.170 | 
     | core/FE_OFC73_n_568     | A v -> Y v   | BUFX2     | 0.080 |   4.039 |    9.250 | 
     | core/g24045__6417       | B v -> Y ^   | NAND2X1   | 0.047 |   4.086 |    9.297 | 
     | core/g2__1705           | B ^ -> Y v   | NAND2BX1  | 0.122 |   4.208 |    9.419 | 
     | core/g24034__7482       | B v -> Y ^   | NOR2X2    | 0.185 |   4.393 |    9.604 | 
     | core/g23966__2883       | A1 ^ -> Y v  | AOI21XL   | 0.211 |   4.604 |    9.815 | 
     | core/pending_q_reg[7]   | D v          | DFFHQX1   | 0.000 |   4.604 |    9.815 | 
     +---------------------------------------------------------------------------------+ 
Path 20: MET Setup Check with Pin core/pending_q_reg[42]/CK 
Endpoint:   core/pending_q_reg[42]/D  (^) checked with  leading edge of 'clk'
Beginpoint: core/req_sync_q_reg[58]/Q (v) triggered by  leading edge of 'clk'
Path Groups: {clk}
Analysis View: setup_view
Other End Arrival Time          0.097
- Setup                         0.138
+ Phase Shift                  10.000
- Uncertainty                   0.200
= Required Time                 9.759
- Arrival Time                  4.547
= Slack Time                    5.212
     Clock Rise Edge                 0.000
     + Clock Network Latency (Prop)  0.000
     = Beginpoint Arrival Time       0.000
     +---------------------------------------------------------------------------------+ 
     |        Instance         |     Arc      |   Cell    | Delay | Arrival | Required | 
     |                         |              |           |       |  Time   |   Time   | 
     |-------------------------+--------------+-----------+-------+---------+----------| 
     | core/req_sync_q_reg[58] | CK ^         |           |       |   0.000 |    5.212 | 
     | core/req_sync_q_reg[58] | CK ^ -> Q v  | DFFHQX1   | 0.296 |   0.296 |    5.508 | 
     | core/g24486__5107       | A0 v -> Y ^  | AOI21X1   | 0.190 |   0.486 |    5.698 | 
     | core/g24250__5526       | C ^ -> Y v   | NAND4XL   | 0.269 |   0.755 |    5.967 | 
     | core/g24225__2802       | AN v -> Y v  | NAND4BX1  | 0.300 |   1.055 |    6.266 | 
     | core/g24217__6260       | AN v -> Y v  | NAND2BX1  | 0.261 |   1.315 |    6.527 | 
     | core/g24711__1881       | AN v -> Y v  | NAND2BX1  | 0.226 |   1.541 |    6.753 | 
     | core/g24179__2398       | B v -> Y ^   | NAND2XL   | 0.111 |   1.652 |    6.864 | 
     | core/g24167__5115       | B1 ^ -> Y v  | OAI222X1  | 0.196 |   1.848 |    7.059 | 
     | core/g24156__3680       | B0 v -> Y ^  | AOI211XL  | 0.216 |   2.063 |    7.275 | 
     | core/g24145__6260       | C0 ^ -> Y v  | OAI211X1  | 0.183 |   2.247 |    7.458 | 
     | core/g24139__1666       | C0 v -> Y ^  | AOI221X1  | 0.172 |   2.419 |    7.631 | 
     | core/g24135__9945       | B ^ -> Y v   | NAND2X2   | 0.181 |   2.600 |    7.812 | 
     | core/g24707__5122       | AN v -> Y v  | NOR2BX1   | 0.150 |   2.750 |    7.962 | 
     | core/g24121__8246       | B v -> Y ^   | NAND2X2   | 0.075 |   2.825 |    8.037 | 
     | core/g24105__1666       | B1 ^ -> Y ^  | OA22X1    | 0.191 |   3.017 |    8.229 | 
     | core/g24085__5526       | C0 ^ -> Y v  | OAI221X1  | 0.167 |   3.184 |    8.396 | 
     | core/g24076__6417       | A2 v -> Y ^  | OAI31X1   | 0.163 |   3.347 |    8.559 | 
     | core/g24073__2346       | A1N ^ -> Y ^ | OAI2BB1X1 | 0.160 |   3.507 |    8.719 | 
     | core/g24071__9945       | A1N ^ -> Y ^ | OAI2BB1X1 | 0.129 |   3.636 |    8.848 | 
     | core/g24059__1705       | A2 ^ -> Y v  | AOI32X1   | 0.170 |   3.807 |    9.018 | 
     | core/FE_OFC77_n_568     | A v -> Y v   | BUFX2     | 0.152 |   3.959 |    9.170 | 
     | core/FE_OFC73_n_568     | A v -> Y v   | BUFX2     | 0.080 |   4.039 |    9.251 | 
     | core/g24046__5477       | B v -> Y ^   | NOR2X1    | 0.087 |   4.126 |    9.337 | 
     | core/g24044             | A ^ -> Y v   | INVX1     | 0.103 |   4.229 |    9.440 | 
     | core/g24042__1666       | A v -> Y v   | AND2X1    | 0.162 |   4.391 |    9.603 | 
     | core/g24024__3680       | A1 v -> Y ^  | AOI21XL   | 0.156 |   4.547 |    9.759 | 
     | core/pending_q_reg[42]  | D ^          | DFFHQX1   | 0.000 |   4.547 |    9.759 | 
     +---------------------------------------------------------------------------------+ 
Path 21: MET Setup Check with Pin core/pending_q_reg[14]/CK 
Endpoint:   core/pending_q_reg[14]/D  (^) checked with  leading edge of 'clk'
Beginpoint: core/req_sync_q_reg[58]/Q (v) triggered by  leading edge of 'clk'
Path Groups: {clk}
Analysis View: setup_view
Other End Arrival Time          0.100
- Setup                         0.126
+ Phase Shift                  10.000
- Uncertainty                   0.200
= Required Time                 9.774
- Arrival Time                  4.561
= Slack Time                    5.213
     Clock Rise Edge                 0.000
     + Clock Network Latency (Prop)  0.000
     = Beginpoint Arrival Time       0.000
     +---------------------------------------------------------------------------------+ 
     |        Instance         |     Arc      |   Cell    | Delay | Arrival | Required | 
     |                         |              |           |       |  Time   |   Time   | 
     |-------------------------+--------------+-----------+-------+---------+----------| 
     | core/req_sync_q_reg[58] | CK ^         |           |       |   0.000 |    5.213 | 
     | core/req_sync_q_reg[58] | CK ^ -> Q v  | DFFHQX1   | 0.296 |   0.296 |    5.509 | 
     | core/g24486__5107       | A0 v -> Y ^  | AOI21X1   | 0.190 |   0.486 |    5.699 | 
     | core/g24250__5526       | C ^ -> Y v   | NAND4XL   | 0.269 |   0.755 |    5.968 | 
     | core/g24225__2802       | AN v -> Y v  | NAND4BX1  | 0.300 |   1.055 |    6.268 | 
     | core/g24217__6260       | AN v -> Y v  | NAND2BX1  | 0.261 |   1.315 |    6.528 | 
     | core/g24711__1881       | AN v -> Y v  | NAND2BX1  | 0.226 |   1.541 |    6.754 | 
     | core/g24179__2398       | B v -> Y ^   | NAND2XL   | 0.111 |   1.652 |    6.865 | 
     | core/g24167__5115       | B1 ^ -> Y v  | OAI222X1  | 0.196 |   1.848 |    7.061 | 
     | core/g24156__3680       | B0 v -> Y ^  | AOI211XL  | 0.216 |   2.063 |    7.276 | 
     | core/g24145__6260       | C0 ^ -> Y v  | OAI211X1  | 0.183 |   2.247 |    7.460 | 
     | core/g24139__1666       | C0 v -> Y ^  | AOI221X1  | 0.172 |   2.419 |    7.632 | 
     | core/g24135__9945       | B ^ -> Y v   | NAND2X2   | 0.181 |   2.600 |    7.813 | 
     | core/g24707__5122       | AN v -> Y v  | NOR2BX1   | 0.150 |   2.750 |    7.963 | 
     | core/g24121__8246       | B v -> Y ^   | NAND2X2   | 0.075 |   2.825 |    8.038 | 
     | core/g24105__1666       | B1 ^ -> Y ^  | OA22X1    | 0.191 |   3.017 |    8.230 | 
     | core/g24085__5526       | C0 ^ -> Y v  | OAI221X1  | 0.167 |   3.184 |    8.397 | 
     | core/g24076__6417       | A2 v -> Y ^  | OAI31X1   | 0.163 |   3.347 |    8.560 | 
     | core/g24073__2346       | A1N ^ -> Y ^ | OAI2BB1X1 | 0.160 |   3.507 |    8.720 | 
     | core/g24071__9945       | A1N ^ -> Y ^ | OAI2BB1X1 | 0.129 |   3.636 |    8.849 | 
     | core/g24059__1705       | A2 ^ -> Y v  | AOI32X1   | 0.170 |   3.807 |    9.020 | 
     | core/FE_OFC77_n_568     | A v -> Y v   | BUFX2     | 0.152 |   3.959 |    9.172 | 
     | core/FE_OFC73_n_568     | A v -> Y v   | BUFX2     | 0.080 |   4.039 |    9.252 | 
     | core/g24046__5477       | B v -> Y ^   | NOR2X1    | 0.087 |   4.126 |    9.339 | 
     | core/g24044             | A ^ -> Y v   | INVX1     | 0.103 |   4.229 |    9.442 | 
     | core/g24037__9315       | A v -> Y v   | AND2X1    | 0.180 |   4.409 |    9.621 | 
     | core/g24014__7410       | A1 v -> Y ^  | AOI21XL   | 0.152 |   4.561 |    9.774 | 
     | core/pending_q_reg[14]  | D ^          | DFFHQX1   | 0.000 |   4.561 |    9.774 | 
     +---------------------------------------------------------------------------------+ 
Path 22: MET Setup Check with Pin core/pending_q_reg[44]/CK 
Endpoint:   core/pending_q_reg[44]/D  (v) checked with  leading edge of 'clk'
Beginpoint: core/req_sync_q_reg[58]/Q (v) triggered by  leading edge of 'clk'
Path Groups: {clk}
Analysis View: setup_view
Other End Arrival Time          0.097
- Setup                         0.063
+ Phase Shift                  10.000
- Uncertainty                   0.200
= Required Time                 9.834
- Arrival Time                  4.619
= Slack Time                    5.215
     Clock Rise Edge                 0.000
     + Clock Network Latency (Prop)  0.000
     = Beginpoint Arrival Time       0.000
     +---------------------------------------------------------------------------------+ 
     |        Instance         |     Arc      |   Cell    | Delay | Arrival | Required | 
     |                         |              |           |       |  Time   |   Time   | 
     |-------------------------+--------------+-----------+-------+---------+----------| 
     | core/req_sync_q_reg[58] | CK ^         |           |       |   0.000 |    5.215 | 
     | core/req_sync_q_reg[58] | CK ^ -> Q v  | DFFHQX1   | 0.296 |   0.296 |    5.510 | 
     | core/g24486__5107       | A0 v -> Y ^  | AOI21X1   | 0.190 |   0.486 |    5.701 | 
     | core/g24250__5526       | C ^ -> Y v   | NAND4XL   | 0.269 |   0.755 |    5.969 | 
     | core/g24225__2802       | AN v -> Y v  | NAND4BX1  | 0.300 |   1.055 |    6.269 | 
     | core/g24217__6260       | AN v -> Y v  | NAND2BX1  | 0.261 |   1.315 |    6.530 | 
     | core/g24711__1881       | AN v -> Y v  | NAND2BX1  | 0.226 |   1.541 |    6.756 | 
     | core/g24179__2398       | B v -> Y ^   | NAND2XL   | 0.111 |   1.652 |    6.866 | 
     | core/g24167__5115       | B1 ^ -> Y v  | OAI222X1  | 0.196 |   1.848 |    7.062 | 
     | core/g24156__3680       | B0 v -> Y ^  | AOI211XL  | 0.216 |   2.063 |    7.278 | 
     | core/g24145__6260       | C0 ^ -> Y v  | OAI211X1  | 0.183 |   2.247 |    7.461 | 
     | core/g24139__1666       | C0 v -> Y ^  | AOI221X1  | 0.172 |   2.419 |    7.634 | 
     | core/g24135__9945       | B ^ -> Y v   | NAND2X2   | 0.181 |   2.600 |    7.815 | 
     | core/g24129__6161       | B v -> Y ^   | NAND2XL   | 0.139 |   2.740 |    7.954 | 
     | core/g24118__2802       | AN ^ -> Y ^  | NAND2BX2  | 0.138 |   2.877 |    8.092 | 
     | core/g24091__5122       | B1 ^ -> Y v  | OAI22X1   | 0.140 |   3.017 |    8.231 | 
     | core/g24077__5477       | A v -> Y ^   | NOR4X1    | 0.240 |   3.257 |    8.471 | 
     | core/FE_OFC45_n_548     | A ^ -> Y ^   | BUFX2     | 0.153 |   3.410 |    8.624 | 
     | core/g24075__7410       | C ^ -> Y ^   | AND3XL    | 0.185 |   3.595 |    8.810 | 
     | core/g24072__2883       | A2 ^ -> Y v  | AOI32X1   | 0.169 |   3.764 |    8.979 | 
     | core/FE_OFC33_n_554     | A v -> Y v   | BUFX2     | 0.151 |   3.916 |    9.131 | 
     | core/g24065__5115       | A1N v -> Y v | OAI2BB1X1 | 0.185 |   4.101 |    9.315 | 
     | core/g24054__5526       | B v -> Y ^   | NOR2X1    | 0.152 |   4.252 |    9.467 | 
     | core/g24051__6260       | AN ^ -> Y ^  | NOR2BX2   | 0.203 |   4.456 |    9.670 | 
     | core/g24000__8246       | A1 ^ -> Y v  | AOI21X1   | 0.163 |   4.619 |    9.834 | 
     | core/pending_q_reg[44]  | D v          | DFFHQX1   | 0.000 |   4.619 |    9.834 | 
     +---------------------------------------------------------------------------------+ 
Path 23: MET Setup Check with Pin core/pending_q_reg[12]/CK 
Endpoint:   core/pending_q_reg[12]/D  (^) checked with  leading edge of 'clk'
Beginpoint: core/req_sync_q_reg[58]/Q (v) triggered by  leading edge of 'clk'
Path Groups: {clk}
Analysis View: setup_view
Other End Arrival Time          0.100
- Setup                         0.125
+ Phase Shift                  10.000
- Uncertainty                   0.200
= Required Time                 9.775
- Arrival Time                  4.559
= Slack Time                    5.215
     Clock Rise Edge                 0.000
     + Clock Network Latency (Prop)  0.000
     = Beginpoint Arrival Time       0.000
     +---------------------------------------------------------------------------------+ 
     |        Instance         |     Arc      |   Cell    | Delay | Arrival | Required | 
     |                         |              |           |       |  Time   |   Time   | 
     |-------------------------+--------------+-----------+-------+---------+----------| 
     | core/req_sync_q_reg[58] | CK ^         |           |       |   0.000 |    5.216 | 
     | core/req_sync_q_reg[58] | CK ^ -> Q v  | DFFHQX1   | 0.296 |   0.296 |    5.511 | 
     | core/g24486__5107       | A0 v -> Y ^  | AOI21X1   | 0.190 |   0.486 |    5.701 | 
     | core/g24250__5526       | C ^ -> Y v   | NAND4XL   | 0.269 |   0.755 |    5.970 | 
     | core/g24225__2802       | AN v -> Y v  | NAND4BX1  | 0.300 |   1.055 |    6.270 | 
     | core/g24217__6260       | AN v -> Y v  | NAND2BX1  | 0.261 |   1.315 |    6.531 | 
     | core/g24711__1881       | AN v -> Y v  | NAND2BX1  | 0.226 |   1.541 |    6.756 | 
     | core/g24179__2398       | B v -> Y ^   | NAND2XL   | 0.111 |   1.652 |    6.867 | 
     | core/g24167__5115       | B1 ^ -> Y v  | OAI222X1  | 0.196 |   1.848 |    7.063 | 
     | core/g24156__3680       | B0 v -> Y ^  | AOI211XL  | 0.216 |   2.063 |    7.279 | 
     | core/g24145__6260       | C0 ^ -> Y v  | OAI211X1  | 0.183 |   2.247 |    7.462 | 
     | core/g24139__1666       | C0 v -> Y ^  | AOI221X1  | 0.172 |   2.419 |    7.635 | 
     | core/g24135__9945       | B ^ -> Y v   | NAND2X2   | 0.181 |   2.600 |    7.816 | 
     | core/g24707__5122       | AN v -> Y v  | NOR2BX1   | 0.150 |   2.750 |    7.966 | 
     | core/g24121__8246       | B v -> Y ^   | NAND2X2   | 0.075 |   2.825 |    8.041 | 
     | core/g24105__1666       | B1 ^ -> Y ^  | OA22X1    | 0.191 |   3.017 |    8.232 | 
     | core/g24085__5526       | C0 ^ -> Y v  | OAI221X1  | 0.167 |   3.184 |    8.400 | 
     | core/g24076__6417       | A2 v -> Y ^  | OAI31X1   | 0.163 |   3.347 |    8.562 | 
     | core/g24073__2346       | A1N ^ -> Y ^ | OAI2BB1X1 | 0.160 |   3.507 |    8.723 | 
     | core/g24071__9945       | A1N ^ -> Y ^ | OAI2BB1X1 | 0.129 |   3.636 |    8.852 | 
     | core/g24059__1705       | A2 ^ -> Y v  | AOI32X1   | 0.170 |   3.807 |    9.022 | 
     | core/FE_OFC77_n_568     | A v -> Y v   | BUFX2     | 0.152 |   3.959 |    9.174 | 
     | core/FE_OFC73_n_568     | A v -> Y v   | BUFX2     | 0.080 |   4.039 |    9.255 | 
     | core/g24046__5477       | B v -> Y ^   | NOR2X1    | 0.087 |   4.126 |    9.341 | 
     | core/g24044             | A ^ -> Y v   | INVX1     | 0.103 |   4.229 |    9.444 | 
     | core/g24037__9315       | A v -> Y v   | AND2X1    | 0.180 |   4.409 |    9.624 | 
     | core/g23989__5107       | A0 v -> Y ^  | AOI21X1   | 0.151 |   4.559 |    9.775 | 
     | core/pending_q_reg[12]  | D ^          | DFFHQX1   | 0.000 |   4.559 |    9.775 | 
     +---------------------------------------------------------------------------------+ 
Path 24: MET Setup Check with Pin core/pending_q_reg[36]/CK 
Endpoint:   core/pending_q_reg[36]/D  (v) checked with  leading edge of 'clk'
Beginpoint: core/req_sync_q_reg[58]/Q (v) triggered by  leading edge of 'clk'
Path Groups: {clk}
Analysis View: setup_view
Other End Arrival Time          0.097
- Setup                         0.062
+ Phase Shift                  10.000
- Uncertainty                   0.200
= Required Time                 9.835
- Arrival Time                  4.618
= Slack Time                    5.217
     Clock Rise Edge                 0.000
     + Clock Network Latency (Prop)  0.000
     = Beginpoint Arrival Time       0.000
     +---------------------------------------------------------------------------------+ 
     |        Instance         |     Arc      |   Cell    | Delay | Arrival | Required | 
     |                         |              |           |       |  Time   |   Time   | 
     |-------------------------+--------------+-----------+-------+---------+----------| 
     | core/req_sync_q_reg[58] | CK ^         |           |       |   0.000 |    5.217 | 
     | core/req_sync_q_reg[58] | CK ^ -> Q v  | DFFHQX1   | 0.296 |   0.296 |    5.512 | 
     | core/g24486__5107       | A0 v -> Y ^  | AOI21X1   | 0.190 |   0.486 |    5.703 | 
     | core/g24250__5526       | C ^ -> Y v   | NAND4XL   | 0.269 |   0.755 |    5.971 | 
     | core/g24225__2802       | AN v -> Y v  | NAND4BX1  | 0.300 |   1.055 |    6.271 | 
     | core/g24217__6260       | AN v -> Y v  | NAND2BX1  | 0.261 |   1.315 |    6.532 | 
     | core/g24711__1881       | AN v -> Y v  | NAND2BX1  | 0.226 |   1.541 |    6.757 | 
     | core/g24179__2398       | B v -> Y ^   | NAND2XL   | 0.111 |   1.652 |    6.868 | 
     | core/g24167__5115       | B1 ^ -> Y v  | OAI222X1  | 0.196 |   1.848 |    7.064 | 
     | core/g24156__3680       | B0 v -> Y ^  | AOI211XL  | 0.216 |   2.063 |    7.280 | 
     | core/g24145__6260       | C0 ^ -> Y v  | OAI211X1  | 0.183 |   2.247 |    7.463 | 
     | core/g24139__1666       | C0 v -> Y ^  | AOI221X1  | 0.172 |   2.419 |    7.636 | 
     | core/g24135__9945       | B ^ -> Y v   | NAND2X2   | 0.181 |   2.600 |    7.817 | 
     | core/g24129__6161       | B v -> Y ^   | NAND2XL   | 0.139 |   2.740 |    7.956 | 
     | core/g24118__2802       | AN ^ -> Y ^  | NAND2BX2  | 0.138 |   2.877 |    8.094 | 
     | core/g24091__5122       | B1 ^ -> Y v  | OAI22X1   | 0.140 |   3.017 |    8.233 | 
     | core/g24077__5477       | A v -> Y ^   | NOR4X1    | 0.240 |   3.257 |    8.473 | 
     | core/FE_OFC45_n_548     | A ^ -> Y ^   | BUFX2     | 0.153 |   3.410 |    8.626 | 
     | core/g24075__7410       | C ^ -> Y ^   | AND3XL    | 0.185 |   3.595 |    8.812 | 
     | core/g24072__2883       | A2 ^ -> Y v  | AOI32X1   | 0.169 |   3.764 |    8.981 | 
     | core/FE_OFC33_n_554     | A v -> Y v   | BUFX2     | 0.151 |   3.916 |    9.132 | 
     | core/g24065__5115       | A1N v -> Y v | OAI2BB1X1 | 0.185 |   4.101 |    9.317 | 
     | core/g24054__5526       | B v -> Y ^   | NOR2X1    | 0.152 |   4.252 |    9.469 | 
     | core/g24051__6260       | AN ^ -> Y ^  | NOR2BX2   | 0.203 |   4.456 |    9.672 | 
     | core/g23997__2802       | A1 ^ -> Y v  | AOI21X1   | 0.162 |   4.618 |    9.835 | 
     | core/pending_q_reg[36]  | D v          | DFFHQX1   | 0.000 |   4.618 |    9.835 | 
     +---------------------------------------------------------------------------------+ 
Path 25: MET Setup Check with Pin core/pending_q_reg[45]/CK 
Endpoint:   core/pending_q_reg[45]/D  (v) checked with  leading edge of 'clk'
Beginpoint: core/req_sync_q_reg[58]/Q (v) triggered by  leading edge of 'clk'
Path Groups: {clk}
Analysis View: setup_view
Other End Arrival Time          0.097
- Setup                         0.062
+ Phase Shift                  10.000
- Uncertainty                   0.200
= Required Time                 9.835
- Arrival Time                  4.618
= Slack Time                    5.217
     Clock Rise Edge                 0.000
     + Clock Network Latency (Prop)  0.000
     = Beginpoint Arrival Time       0.000
     +---------------------------------------------------------------------------------+ 
     |        Instance         |     Arc      |   Cell    | Delay | Arrival | Required | 
     |                         |              |           |       |  Time   |   Time   | 
     |-------------------------+--------------+-----------+-------+---------+----------| 
     | core/req_sync_q_reg[58] | CK ^         |           |       |   0.000 |    5.217 | 
     | core/req_sync_q_reg[58] | CK ^ -> Q v  | DFFHQX1   | 0.296 |   0.296 |    5.512 | 
     | core/g24486__5107       | A0 v -> Y ^  | AOI21X1   | 0.190 |   0.486 |    5.703 | 
     | core/g24250__5526       | C ^ -> Y v   | NAND4XL   | 0.269 |   0.755 |    5.971 | 
     | core/g24225__2802       | AN v -> Y v  | NAND4BX1  | 0.300 |   1.055 |    6.271 | 
     | core/g24217__6260       | AN v -> Y v  | NAND2BX1  | 0.261 |   1.315 |    6.532 | 
     | core/g24711__1881       | AN v -> Y v  | NAND2BX1  | 0.226 |   1.541 |    6.757 | 
     | core/g24179__2398       | B v -> Y ^   | NAND2XL   | 0.111 |   1.652 |    6.868 | 
     | core/g24167__5115       | B1 ^ -> Y v  | OAI222X1  | 0.196 |   1.848 |    7.064 | 
     | core/g24156__3680       | B0 v -> Y ^  | AOI211XL  | 0.216 |   2.063 |    7.280 | 
     | core/g24145__6260       | C0 ^ -> Y v  | OAI211X1  | 0.183 |   2.247 |    7.463 | 
     | core/g24139__1666       | C0 v -> Y ^  | AOI221X1  | 0.172 |   2.419 |    7.636 | 
     | core/g24135__9945       | B ^ -> Y v   | NAND2X2   | 0.181 |   2.600 |    7.817 | 
     | core/g24129__6161       | B v -> Y ^   | NAND2XL   | 0.139 |   2.740 |    7.956 | 
     | core/g24118__2802       | AN ^ -> Y ^  | NAND2BX2  | 0.138 |   2.877 |    8.094 | 
     | core/g24091__5122       | B1 ^ -> Y v  | OAI22X1   | 0.140 |   3.017 |    8.233 | 
     | core/g24077__5477       | A v -> Y ^   | NOR4X1    | 0.240 |   3.257 |    8.473 | 
     | core/FE_OFC45_n_548     | A ^ -> Y ^   | BUFX2     | 0.153 |   3.410 |    8.626 | 
     | core/g24075__7410       | C ^ -> Y ^   | AND3XL    | 0.185 |   3.595 |    8.812 | 
     | core/g24072__2883       | A2 ^ -> Y v  | AOI32X1   | 0.169 |   3.764 |    8.981 | 
     | core/FE_OFC33_n_554     | A v -> Y v   | BUFX2     | 0.151 |   3.916 |    9.132 | 
     | core/g24065__5115       | A1N v -> Y v | OAI2BB1X1 | 0.185 |   4.101 |    9.317 | 
     | core/g24054__5526       | B v -> Y ^   | NOR2X1    | 0.152 |   4.252 |    9.469 | 
     | core/g24051__6260       | AN ^ -> Y ^  | NOR2BX2   | 0.203 |   4.456 |    9.672 | 
     | core/g24026__2802       | A1 ^ -> Y v  | AOI21X1   | 0.162 |   4.618 |    9.835 | 
     | core/pending_q_reg[45]  | D v          | DFFHQX1   | 0.000 |   4.618 |    9.835 | 
     +---------------------------------------------------------------------------------+ 
Path 26: MET Setup Check with Pin core/pending_q_reg[32]/CK 
Endpoint:   core/pending_q_reg[32]/D  (^) checked with  leading edge of 'clk'
Beginpoint: core/req_sync_q_reg[58]/Q (v) triggered by  leading edge of 'clk'
Path Groups: {clk}
Analysis View: setup_view
Other End Arrival Time          0.097
- Setup                         0.131
+ Phase Shift                  10.000
- Uncertainty                   0.200
= Required Time                 9.766
- Arrival Time                  4.548
= Slack Time                    5.218
     Clock Rise Edge                 0.000
     + Clock Network Latency (Prop)  0.000
     = Beginpoint Arrival Time       0.000
     +-------------------------------------------------------------------------------+ 
     |        Instance         |     Arc     |   Cell   | Delay | Arrival | Required | 
     |                         |             |          |       |  Time   |   Time   | 
     |-------------------------+-------------+----------+-------+---------+----------| 
     | core/req_sync_q_reg[58] | CK ^        |          |       |   0.000 |    5.218 | 
     | core/req_sync_q_reg[58] | CK ^ -> Q v | DFFHQX1  | 0.296 |   0.296 |    5.514 | 
     | core/g24486__5107       | A0 v -> Y ^ | AOI21X1  | 0.190 |   0.486 |    5.704 | 
     | core/g24250__5526       | C ^ -> Y v  | NAND4XL  | 0.269 |   0.755 |    5.973 | 
     | core/g24225__2802       | AN v -> Y v | NAND4BX1 | 0.300 |   1.055 |    6.273 | 
     | core/g24217__6260       | AN v -> Y v | NAND2BX1 | 0.261 |   1.315 |    6.533 | 
     | core/g24711__1881       | AN v -> Y v | NAND2BX1 | 0.226 |   1.541 |    6.759 | 
     | core/g24179__2398       | B v -> Y ^  | NAND2XL  | 0.111 |   1.652 |    6.870 | 
     | core/g24167__5115       | B1 ^ -> Y v | OAI222X1 | 0.196 |   1.848 |    7.066 | 
     | core/g24156__3680       | B0 v -> Y ^ | AOI211XL | 0.216 |   2.063 |    7.281 | 
     | core/g24145__6260       | C0 ^ -> Y v | OAI211X1 | 0.183 |   2.247 |    7.465 | 
     | core/g24139__1666       | C0 v -> Y ^ | AOI221X1 | 0.172 |   2.419 |    7.637 | 
     | core/g24135__9945       | B ^ -> Y v  | NAND2X2  | 0.181 |   2.600 |    7.818 | 
     | core/g24129__6161       | B v -> Y ^  | NAND2XL  | 0.139 |   2.740 |    7.957 | 
     | core/g24118__2802       | AN ^ -> Y ^ | NAND2BX2 | 0.138 |   2.877 |    8.095 | 
     | core/g24091__5122       | B1 ^ -> Y v | OAI22X1  | 0.140 |   3.017 |    8.235 | 
     | core/g24077__5477       | A v -> Y ^  | NOR4X1   | 0.240 |   3.257 |    8.475 | 
     | core/FE_OFC45_n_548     | A ^ -> Y ^  | BUFX2    | 0.153 |   3.410 |    8.627 | 
     | core/g24075__7410       | C ^ -> Y ^  | AND3XL   | 0.185 |   3.595 |    8.813 | 
     | core/g24072__2883       | A2 ^ -> Y v | AOI32X1  | 0.169 |   3.764 |    8.982 | 
     | core/FE_OFC33_n_554     | A v -> Y v  | BUFX2    | 0.151 |   3.916 |    9.134 | 
     | core/g24068__4733       | B v -> Y v  | OR2X1    | 0.113 |   4.029 |    9.246 | 
     | core/g24064__1881       | B v -> Y ^  | NAND2X1  | 0.078 |   4.107 |    9.325 | 
     | core/g24049__2398       | C ^ -> Y v  | NOR3X1   | 0.094 |   4.200 |    9.418 | 
     | core/FE_OFC48_n_576     | A v -> Y ^  | INVXL    | 0.063 |   4.263 |    9.481 | 
     | core/FE_OFC49_n_576     | A ^ -> Y v  | INVX1    | 0.122 |   4.385 |    9.603 | 
     | core/g23995__3680       | A0 v -> Y ^ | AOI21XL  | 0.162 |   4.548 |    9.766 | 
     | core/pending_q_reg[32]  | D ^         | DFFHQX1  | 0.000 |   4.548 |    9.766 | 
     +-------------------------------------------------------------------------------+ 
Path 27: MET Setup Check with Pin core/pending_q_reg[46]/CK 
Endpoint:   core/pending_q_reg[46]/D  (^) checked with  leading edge of 'clk'
Beginpoint: core/req_sync_q_reg[58]/Q (v) triggered by  leading edge of 'clk'
Path Groups: {clk}
Analysis View: setup_view
Other End Arrival Time          0.097
- Setup                         0.135
+ Phase Shift                  10.000
- Uncertainty                   0.200
= Required Time                 9.762
- Arrival Time                  4.538
= Slack Time                    5.224
     Clock Rise Edge                 0.000
     + Clock Network Latency (Prop)  0.000
     = Beginpoint Arrival Time       0.000
     +---------------------------------------------------------------------------------+ 
     |        Instance         |     Arc      |   Cell    | Delay | Arrival | Required | 
     |                         |              |           |       |  Time   |   Time   | 
     |-------------------------+--------------+-----------+-------+---------+----------| 
     | core/req_sync_q_reg[58] | CK ^         |           |       |   0.000 |    5.224 | 
     | core/req_sync_q_reg[58] | CK ^ -> Q v  | DFFHQX1   | 0.296 |   0.296 |    5.520 | 
     | core/g24486__5107       | A0 v -> Y ^  | AOI21X1   | 0.190 |   0.486 |    5.710 | 
     | core/g24250__5526       | C ^ -> Y v   | NAND4XL   | 0.269 |   0.755 |    5.979 | 
     | core/g24225__2802       | AN v -> Y v  | NAND4BX1  | 0.300 |   1.055 |    6.279 | 
     | core/g24217__6260       | AN v -> Y v  | NAND2BX1  | 0.261 |   1.315 |    6.539 | 
     | core/g24711__1881       | AN v -> Y v  | NAND2BX1  | 0.226 |   1.541 |    6.765 | 
     | core/g24179__2398       | B v -> Y ^   | NAND2XL   | 0.111 |   1.652 |    6.876 | 
     | core/g24167__5115       | B1 ^ -> Y v  | OAI222X1  | 0.196 |   1.848 |    7.072 | 
     | core/g24156__3680       | B0 v -> Y ^  | AOI211XL  | 0.216 |   2.063 |    7.287 | 
     | core/g24145__6260       | C0 ^ -> Y v  | OAI211X1  | 0.183 |   2.247 |    7.471 | 
     | core/g24139__1666       | C0 v -> Y ^  | AOI221X1  | 0.172 |   2.419 |    7.643 | 
     | core/g24135__9945       | B ^ -> Y v   | NAND2X2   | 0.181 |   2.600 |    7.824 | 
     | core/g24707__5122       | AN v -> Y v  | NOR2BX1   | 0.150 |   2.750 |    7.974 | 
     | core/g24121__8246       | B v -> Y ^   | NAND2X2   | 0.075 |   2.825 |    8.049 | 
     | core/g24105__1666       | B1 ^ -> Y ^  | OA22X1    | 0.191 |   3.017 |    8.241 | 
     | core/g24085__5526       | C0 ^ -> Y v  | OAI221X1  | 0.167 |   3.184 |    8.408 | 
     | core/g24076__6417       | A2 v -> Y ^  | OAI31X1   | 0.163 |   3.347 |    8.571 | 
     | core/g24073__2346       | A1N ^ -> Y ^ | OAI2BB1X1 | 0.160 |   3.507 |    8.731 | 
     | core/g24071__9945       | A1N ^ -> Y ^ | OAI2BB1X1 | 0.129 |   3.636 |    8.860 | 
     | core/g24059__1705       | A2 ^ -> Y v  | AOI32X1   | 0.170 |   3.807 |    9.030 | 
     | core/FE_OFC77_n_568     | A v -> Y v   | BUFX2     | 0.152 |   3.959 |    9.182 | 
     | core/FE_OFC73_n_568     | A v -> Y v   | BUFX2     | 0.080 |   4.039 |    9.263 | 
     | core/g24046__5477       | B v -> Y ^   | NOR2X1    | 0.087 |   4.126 |    9.350 | 
     | core/g24044             | A ^ -> Y v   | INVX1     | 0.103 |   4.229 |    9.452 | 
     | core/g24042__1666       | A v -> Y v   | AND2X1    | 0.162 |   4.391 |    9.615 | 
     | core/g24027__1705       | A1 v -> Y ^  | AOI21XL   | 0.147 |   4.538 |    9.762 | 
     | core/pending_q_reg[46]  | D ^          | DFFHQX1   | 0.000 |   4.538 |    9.762 | 
     +---------------------------------------------------------------------------------+ 
Path 28: MET Setup Check with Pin core/pending_q_reg[1]/CK 
Endpoint:   core/pending_q_reg[1]/D   (^) checked with  leading edge of 'clk'
Beginpoint: core/req_sync_q_reg[58]/Q (v) triggered by  leading edge of 'clk'
Path Groups: {clk}
Analysis View: setup_view
Other End Arrival Time          0.100
- Setup                         0.128
+ Phase Shift                  10.000
- Uncertainty                   0.200
= Required Time                 9.771
- Arrival Time                  4.546
= Slack Time                    5.225
     Clock Rise Edge                 0.000
     + Clock Network Latency (Prop)  0.000
     = Beginpoint Arrival Time       0.000
     +-------------------------------------------------------------------------------+ 
     |        Instance         |     Arc     |   Cell   | Delay | Arrival | Required | 
     |                         |             |          |       |  Time   |   Time   | 
     |-------------------------+-------------+----------+-------+---------+----------| 
     | core/req_sync_q_reg[58] | CK ^        |          |       |   0.000 |    5.226 | 
     | core/req_sync_q_reg[58] | CK ^ -> Q v | DFFHQX1  | 0.296 |   0.296 |    5.521 | 
     | core/g24486__5107       | A0 v -> Y ^ | AOI21X1  | 0.190 |   0.486 |    5.711 | 
     | core/g24250__5526       | C ^ -> Y v  | NAND4XL  | 0.269 |   0.755 |    5.980 | 
     | core/g24225__2802       | AN v -> Y v | NAND4BX1 | 0.300 |   1.055 |    6.280 | 
     | core/g24217__6260       | AN v -> Y v | NAND2BX1 | 0.261 |   1.315 |    6.541 | 
     | core/g24711__1881       | AN v -> Y v | NAND2BX1 | 0.226 |   1.541 |    6.766 | 
     | core/g24179__2398       | B v -> Y ^  | NAND2XL  | 0.111 |   1.652 |    6.877 | 
     | core/g24167__5115       | B1 ^ -> Y v | OAI222X1 | 0.196 |   1.848 |    7.073 | 
     | core/g24156__3680       | B0 v -> Y ^ | AOI211XL | 0.216 |   2.063 |    7.289 | 
     | core/g24145__6260       | C0 ^ -> Y v | OAI211X1 | 0.183 |   2.247 |    7.472 | 
     | core/g24139__1666       | C0 v -> Y ^ | AOI221X1 | 0.172 |   2.419 |    7.645 | 
     | core/g24135__9945       | B ^ -> Y v  | NAND2X2  | 0.181 |   2.600 |    7.826 | 
     | core/g24129__6161       | B v -> Y ^  | NAND2XL  | 0.139 |   2.740 |    7.965 | 
     | core/g24118__2802       | AN ^ -> Y ^ | NAND2BX2 | 0.138 |   2.877 |    8.103 | 
     | core/g24091__5122       | B1 ^ -> Y v | OAI22X1  | 0.140 |   3.017 |    8.242 | 
     | core/g24077__5477       | A v -> Y ^  | NOR4X1   | 0.240 |   3.257 |    8.482 | 
     | core/FE_OFC45_n_548     | A ^ -> Y ^  | BUFX2    | 0.153 |   3.410 |    8.635 | 
     | core/g24075__7410       | C ^ -> Y ^  | AND3XL   | 0.185 |   3.595 |    8.820 | 
     | core/g24072__2883       | A2 ^ -> Y v | AOI32X1  | 0.169 |   3.764 |    8.990 | 
     | core/FE_OFC33_n_554     | A v -> Y v  | BUFX2    | 0.151 |   3.916 |    9.141 | 
     | core/g24068__4733       | B v -> Y v  | OR2X1    | 0.113 |   4.029 |    9.254 | 
     | core/g24064__1881       | B v -> Y ^  | NAND2X1  | 0.078 |   4.107 |    9.332 | 
     | core/g24049__2398       | C ^ -> Y v  | NOR3X1   | 0.094 |   4.200 |    9.426 | 
     | core/FE_OFC48_n_576     | A v -> Y ^  | INVXL    | 0.063 |   4.263 |    9.489 | 
     | core/FE_OFC49_n_576     | A ^ -> Y v  | INVX1    | 0.122 |   4.385 |    9.611 | 
     | core/g23953__2802       | A0 v -> Y ^ | AOI21XL  | 0.160 |   4.546 |    9.771 | 
     | core/pending_q_reg[1]   | D ^         | DFFHQX1  | 0.000 |   4.546 |    9.771 | 
     +-------------------------------------------------------------------------------+ 
Path 29: MET Setup Check with Pin core/pending_q_reg[9]/CK 
Endpoint:   core/pending_q_reg[9]/D   (^) checked with  leading edge of 'clk'
Beginpoint: core/req_sync_q_reg[58]/Q (v) triggered by  leading edge of 'clk'
Path Groups: {clk}
Analysis View: setup_view
Other End Arrival Time          0.097
- Setup                         0.132
+ Phase Shift                  10.000
- Uncertainty                   0.200
= Required Time                 9.766
- Arrival Time                  4.539
= Slack Time                    5.227
     Clock Rise Edge                 0.000
     + Clock Network Latency (Prop)  0.000
     = Beginpoint Arrival Time       0.000
     +-------------------------------------------------------------------------------+ 
     |        Instance         |     Arc     |   Cell   | Delay | Arrival | Required | 
     |                         |             |          |       |  Time   |   Time   | 
     |-------------------------+-------------+----------+-------+---------+----------| 
     | core/req_sync_q_reg[58] | CK ^        |          |       |   0.000 |    5.227 | 
     | core/req_sync_q_reg[58] | CK ^ -> Q v | DFFHQX1  | 0.296 |   0.296 |    5.523 | 
     | core/g24486__5107       | A0 v -> Y ^ | AOI21X1  | 0.190 |   0.486 |    5.713 | 
     | core/g24250__5526       | C ^ -> Y v  | NAND4XL  | 0.269 |   0.755 |    5.982 | 
     | core/g24225__2802       | AN v -> Y v | NAND4BX1 | 0.300 |   1.055 |    6.282 | 
     | core/g24217__6260       | AN v -> Y v | NAND2BX1 | 0.261 |   1.315 |    6.542 | 
     | core/g24711__1881       | AN v -> Y v | NAND2BX1 | 0.226 |   1.541 |    6.768 | 
     | core/g24179__2398       | B v -> Y ^  | NAND2XL  | 0.111 |   1.652 |    6.879 | 
     | core/g24167__5115       | B1 ^ -> Y v | OAI222X1 | 0.196 |   1.848 |    7.075 | 
     | core/g24156__3680       | B0 v -> Y ^ | AOI211XL | 0.216 |   2.063 |    7.291 | 
     | core/g24145__6260       | C0 ^ -> Y v | OAI211X1 | 0.183 |   2.247 |    7.474 | 
     | core/g24139__1666       | C0 v -> Y ^ | AOI221X1 | 0.172 |   2.419 |    7.646 | 
     | core/g24135__9945       | B ^ -> Y v  | NAND2X2  | 0.181 |   2.600 |    7.827 | 
     | core/g24129__6161       | B v -> Y ^  | NAND2XL  | 0.139 |   2.740 |    7.967 | 
     | core/g24118__2802       | AN ^ -> Y ^ | NAND2BX2 | 0.138 |   2.877 |    8.104 | 
     | core/g24091__5122       | B1 ^ -> Y v | OAI22X1  | 0.140 |   3.017 |    8.244 | 
     | core/g24077__5477       | A v -> Y ^  | NOR4X1   | 0.240 |   3.257 |    8.484 | 
     | core/FE_OFC45_n_548     | A ^ -> Y ^  | BUFX2    | 0.153 |   3.410 |    8.637 | 
     | core/g24075__7410       | C ^ -> Y ^  | AND3XL   | 0.185 |   3.595 |    8.822 | 
     | core/g24072__2883       | A2 ^ -> Y v | AOI32X1  | 0.169 |   3.764 |    8.992 | 
     | core/FE_OFC33_n_554     | A v -> Y v  | BUFX2    | 0.151 |   3.916 |    9.143 | 
     | core/g24068__4733       | B v -> Y v  | OR2X1    | 0.113 |   4.029 |    9.256 | 
     | core/g24064__1881       | B v -> Y ^  | NAND2X1  | 0.078 |   4.107 |    9.334 | 
     | core/g24049__2398       | C ^ -> Y v  | NOR3X1   | 0.094 |   4.200 |    9.427 | 
     | core/FE_OFC48_n_576     | A v -> Y ^  | INVXL    | 0.063 |   4.263 |    9.490 | 
     | core/FE_OFC49_n_576     | A ^ -> Y v  | INVX1    | 0.122 |   4.385 |    9.613 | 
     | core/g24021__8428       | A1 v -> Y ^ | AOI21XL  | 0.153 |   4.539 |    9.766 | 
     | core/pending_q_reg[9]   | D ^         | DFFHQX1  | 0.000 |   4.539 |    9.766 | 
     +-------------------------------------------------------------------------------+ 
Path 30: MET Setup Check with Pin core/pending_q_reg[56]/CK 
Endpoint:   core/pending_q_reg[56]/D  (^) checked with  leading edge of 'clk'
Beginpoint: core/req_sync_q_reg[58]/Q (v) triggered by  leading edge of 'clk'
Path Groups: {clk}
Analysis View: setup_view
Other End Arrival Time          0.096
- Setup                         0.132
+ Phase Shift                  10.000
- Uncertainty                   0.200
= Required Time                 9.764
- Arrival Time                  4.535
= Slack Time                    5.229
     Clock Rise Edge                 0.000
     + Clock Network Latency (Prop)  0.000
     = Beginpoint Arrival Time       0.000
     +---------------------------------------------------------------------------------+ 
     |        Instance         |     Arc      |   Cell    | Delay | Arrival | Required | 
     |                         |              |           |       |  Time   |   Time   | 
     |-------------------------+--------------+-----------+-------+---------+----------| 
     | core/req_sync_q_reg[58] | CK ^         |           |       |   0.000 |    5.229 | 
     | core/req_sync_q_reg[58] | CK ^ -> Q v  | DFFHQX1   | 0.296 |   0.296 |    5.524 | 
     | core/g24486__5107       | A0 v -> Y ^  | AOI21X1   | 0.190 |   0.486 |    5.715 | 
     | core/g24250__5526       | C ^ -> Y v   | NAND4XL   | 0.269 |   0.755 |    5.983 | 
     | core/g24225__2802       | AN v -> Y v  | NAND4BX1  | 0.300 |   1.055 |    6.283 | 
     | core/g24217__6260       | AN v -> Y v  | NAND2BX1  | 0.261 |   1.315 |    6.544 | 
     | core/g24711__1881       | AN v -> Y v  | NAND2BX1  | 0.226 |   1.541 |    6.769 | 
     | core/g24179__2398       | B v -> Y ^   | NAND2XL   | 0.111 |   1.652 |    6.880 | 
     | core/g24167__5115       | B1 ^ -> Y v  | OAI222X1  | 0.196 |   1.848 |    7.076 | 
     | core/g24156__3680       | B0 v -> Y ^  | AOI211XL  | 0.216 |   2.063 |    7.292 | 
     | core/g24145__6260       | C0 ^ -> Y v  | OAI211X1  | 0.183 |   2.247 |    7.475 | 
     | core/g24139__1666       | C0 v -> Y ^  | AOI221X1  | 0.172 |   2.419 |    7.648 | 
     | core/g24135__9945       | B ^ -> Y v   | NAND2X2   | 0.181 |   2.600 |    7.829 | 
     | core/g24707__5122       | AN v -> Y v  | NOR2BX1   | 0.150 |   2.750 |    7.979 | 
     | core/g24121__8246       | B v -> Y ^   | NAND2X2   | 0.075 |   2.825 |    8.054 | 
     | core/g24105__1666       | B1 ^ -> Y ^  | OA22X1    | 0.191 |   3.017 |    8.245 | 
     | core/g24085__5526       | C0 ^ -> Y v  | OAI221X1  | 0.167 |   3.184 |    8.413 | 
     | core/g24076__6417       | A2 v -> Y ^  | OAI31X1   | 0.163 |   3.347 |    8.576 | 
     | core/g24073__2346       | A1N ^ -> Y ^ | OAI2BB1X1 | 0.160 |   3.507 |    8.736 | 
     | core/g24071__9945       | A1N ^ -> Y ^ | OAI2BB1X1 | 0.129 |   3.636 |    8.865 | 
     | core/g24059__1705       | A2 ^ -> Y v  | AOI32X1   | 0.170 |   3.807 |    9.035 | 
     | core/FE_OFC77_n_568     | A v -> Y v   | BUFX2     | 0.152 |   3.959 |    9.187 | 
     | core/FE_OFC73_n_568     | A v -> Y v   | BUFX2     | 0.080 |   4.039 |    9.268 | 
     | core/g24046__5477       | B v -> Y ^   | NOR2X1    | 0.087 |   4.126 |    9.354 | 
     | core/g24044             | A ^ -> Y v   | INVX1     | 0.103 |   4.229 |    9.457 | 
     | core/g24042__1666       | A v -> Y v   | AND2X1    | 0.162 |   4.391 |    9.620 | 
     | core/g24005__7482       | A1 v -> Y ^  | AOI21XL   | 0.144 |   4.535 |    9.764 | 
     | core/pending_q_reg[56]  | D ^          | DFFHQX1   | 0.000 |   4.535 |    9.764 | 
     +---------------------------------------------------------------------------------+ 
Path 31: MET Setup Check with Pin core/pending_q_reg[33]/CK 
Endpoint:   core/pending_q_reg[33]/D  (^) checked with  leading edge of 'clk'
Beginpoint: core/req_sync_q_reg[58]/Q (v) triggered by  leading edge of 'clk'
Path Groups: {clk}
Analysis View: setup_view
Other End Arrival Time          0.100
- Setup                         0.124
+ Phase Shift                  10.000
- Uncertainty                   0.200
= Required Time                 9.776
- Arrival Time                  4.541
= Slack Time                    5.235
     Clock Rise Edge                 0.000
     + Clock Network Latency (Prop)  0.000
     = Beginpoint Arrival Time       0.000
     +-------------------------------------------------------------------------------+ 
     |        Instance         |     Arc     |   Cell   | Delay | Arrival | Required | 
     |                         |             |          |       |  Time   |   Time   | 
     |-------------------------+-------------+----------+-------+---------+----------| 
     | core/req_sync_q_reg[58] | CK ^        |          |       |   0.000 |    5.235 | 
     | core/req_sync_q_reg[58] | CK ^ -> Q v | DFFHQX1  | 0.296 |   0.296 |    5.531 | 
     | core/g24486__5107       | A0 v -> Y ^ | AOI21X1  | 0.190 |   0.486 |    5.721 | 
     | core/g24250__5526       | C ^ -> Y v  | NAND4XL  | 0.269 |   0.755 |    5.990 | 
     | core/g24225__2802       | AN v -> Y v | NAND4BX1 | 0.300 |   1.055 |    6.290 | 
     | core/g24217__6260       | AN v -> Y v | NAND2BX1 | 0.261 |   1.315 |    6.550 | 
     | core/g24711__1881       | AN v -> Y v | NAND2BX1 | 0.226 |   1.541 |    6.776 | 
     | core/g24179__2398       | B v -> Y ^  | NAND2XL  | 0.111 |   1.652 |    6.887 | 
     | core/g24167__5115       | B1 ^ -> Y v | OAI222X1 | 0.196 |   1.848 |    7.083 | 
     | core/g24156__3680       | B0 v -> Y ^ | AOI211XL | 0.216 |   2.063 |    7.299 | 
     | core/g24145__6260       | C0 ^ -> Y v | OAI211X1 | 0.183 |   2.247 |    7.482 | 
     | core/g24139__1666       | C0 v -> Y ^ | AOI221X1 | 0.172 |   2.419 |    7.654 | 
     | core/g24135__9945       | B ^ -> Y v  | NAND2X2  | 0.181 |   2.600 |    7.835 | 
     | core/g24129__6161       | B v -> Y ^  | NAND2XL  | 0.139 |   2.740 |    7.975 | 
     | core/g24118__2802       | AN ^ -> Y ^ | NAND2BX2 | 0.138 |   2.877 |    8.112 | 
     | core/g24091__5122       | B1 ^ -> Y v | OAI22X1  | 0.140 |   3.017 |    8.252 | 
     | core/g24077__5477       | A v -> Y ^  | NOR4X1   | 0.240 |   3.257 |    8.492 | 
     | core/FE_OFC45_n_548     | A ^ -> Y ^  | BUFX2    | 0.153 |   3.410 |    8.645 | 
     | core/g24075__7410       | C ^ -> Y ^  | AND3XL   | 0.185 |   3.595 |    8.830 | 
     | core/g24072__2883       | A2 ^ -> Y v | AOI32X1  | 0.169 |   3.764 |    9.000 | 
     | core/FE_OFC33_n_554     | A v -> Y v  | BUFX2    | 0.151 |   3.916 |    9.151 | 
     | core/g24068__4733       | B v -> Y v  | OR2X1    | 0.113 |   4.029 |    9.264 | 
     | core/g24064__1881       | B v -> Y ^  | NAND2X1  | 0.078 |   4.107 |    9.342 | 
     | core/g24049__2398       | C ^ -> Y v  | NOR3X1   | 0.094 |   4.200 |    9.435 | 
     | core/FE_OFC48_n_576     | A v -> Y ^  | INVXL    | 0.063 |   4.263 |    9.498 | 
     | core/FE_OFC49_n_576     | A ^ -> Y v  | INVX1    | 0.122 |   4.385 |    9.621 | 
     | core/g23961__7482       | A0 v -> Y ^ | AOI21XL  | 0.155 |   4.541 |    9.776 | 
     | core/pending_q_reg[33]  | D ^         | DFFHQX1  | 0.000 |   4.541 |    9.776 | 
     +-------------------------------------------------------------------------------+ 
Path 32: MET Setup Check with Pin core/pending_q_reg[58]/CK 
Endpoint:   core/pending_q_reg[58]/D  (^) checked with  leading edge of 'clk'
Beginpoint: core/req_sync_q_reg[58]/Q (v) triggered by  leading edge of 'clk'
Path Groups: {clk}
Analysis View: setup_view
Other End Arrival Time          0.096
- Setup                         0.130
+ Phase Shift                  10.000
- Uncertainty                   0.200
= Required Time                 9.767
- Arrival Time                  4.531
= Slack Time                    5.235
     Clock Rise Edge                 0.000
     + Clock Network Latency (Prop)  0.000
     = Beginpoint Arrival Time       0.000
     +---------------------------------------------------------------------------------+ 
     |        Instance         |     Arc      |   Cell    | Delay | Arrival | Required | 
     |                         |              |           |       |  Time   |   Time   | 
     |-------------------------+--------------+-----------+-------+---------+----------| 
     | core/req_sync_q_reg[58] | CK ^         |           |       |   0.000 |    5.236 | 
     | core/req_sync_q_reg[58] | CK ^ -> Q v  | DFFHQX1   | 0.296 |   0.296 |    5.531 | 
     | core/g24486__5107       | A0 v -> Y ^  | AOI21X1   | 0.190 |   0.486 |    5.721 | 
     | core/g24250__5526       | C ^ -> Y v   | NAND4XL   | 0.269 |   0.755 |    5.990 | 
     | core/g24225__2802       | AN v -> Y v  | NAND4BX1  | 0.300 |   1.055 |    6.290 | 
     | core/g24217__6260       | AN v -> Y v  | NAND2BX1  | 0.261 |   1.315 |    6.551 | 
     | core/g24711__1881       | AN v -> Y v  | NAND2BX1  | 0.226 |   1.541 |    6.776 | 
     | core/g24179__2398       | B v -> Y ^   | NAND2XL   | 0.111 |   1.652 |    6.887 | 
     | core/g24167__5115       | B1 ^ -> Y v  | OAI222X1  | 0.196 |   1.848 |    7.083 | 
     | core/g24156__3680       | B0 v -> Y ^  | AOI211XL  | 0.216 |   2.063 |    7.299 | 
     | core/g24145__6260       | C0 ^ -> Y v  | OAI211X1  | 0.183 |   2.247 |    7.482 | 
     | core/g24139__1666       | C0 v -> Y ^  | AOI221X1  | 0.172 |   2.419 |    7.654 | 
     | core/g24135__9945       | B ^ -> Y v   | NAND2X2   | 0.181 |   2.600 |    7.836 | 
     | core/g24707__5122       | AN v -> Y v  | NOR2BX1   | 0.150 |   2.750 |    7.986 | 
     | core/g24121__8246       | B v -> Y ^   | NAND2X2   | 0.075 |   2.825 |    8.061 | 
     | core/g24105__1666       | B1 ^ -> Y ^  | OA22X1    | 0.191 |   3.017 |    8.252 | 
     | core/g24085__5526       | C0 ^ -> Y v  | OAI221X1  | 0.167 |   3.184 |    8.420 | 
     | core/g24076__6417       | A2 v -> Y ^  | OAI31X1   | 0.163 |   3.347 |    8.582 | 
     | core/g24073__2346       | A1N ^ -> Y ^ | OAI2BB1X1 | 0.160 |   3.507 |    8.743 | 
     | core/g24071__9945       | A1N ^ -> Y ^ | OAI2BB1X1 | 0.129 |   3.636 |    8.872 | 
     | core/g24059__1705       | A2 ^ -> Y v  | AOI32X1   | 0.170 |   3.807 |    9.042 | 
     | core/FE_OFC77_n_568     | A v -> Y v   | BUFX2     | 0.152 |   3.959 |    9.194 | 
     | core/FE_OFC73_n_568     | A v -> Y v   | BUFX2     | 0.080 |   4.039 |    9.274 | 
     | core/g24046__5477       | B v -> Y ^   | NOR2X1    | 0.087 |   4.126 |    9.361 | 
     | core/g24044             | A ^ -> Y v   | INVX1     | 0.103 |   4.229 |    9.464 | 
     | core/g24042__1666       | A v -> Y v   | AND2X1    | 0.162 |   4.391 |    9.626 | 
     | core/g24030__7098       | A1 v -> Y ^  | AOI21XL   | 0.140 |   4.531 |    9.767 | 
     | core/pending_q_reg[58]  | D ^          | DFFHQX1   | 0.000 |   4.531 |    9.767 | 
     +---------------------------------------------------------------------------------+ 
Path 33: MET Setup Check with Pin core/pending_q_reg[40]/CK 
Endpoint:   core/pending_q_reg[40]/D  (^) checked with  leading edge of 'clk'
Beginpoint: core/req_sync_q_reg[58]/Q (v) triggered by  leading edge of 'clk'
Path Groups: {clk}
Analysis View: setup_view
Other End Arrival Time          0.106
- Setup                         0.123
+ Phase Shift                  10.000
- Uncertainty                   0.200
= Required Time                 9.783
- Arrival Time                  4.544
= Slack Time                    5.239
     Clock Rise Edge                 0.000
     + Clock Network Latency (Prop)  0.000
     = Beginpoint Arrival Time       0.000
     +-------------------------------------------------------------------------------+ 
     |        Instance         |     Arc     |   Cell   | Delay | Arrival | Required | 
     |                         |             |          |       |  Time   |   Time   | 
     |-------------------------+-------------+----------+-------+---------+----------| 
     | core/req_sync_q_reg[58] | CK ^        |          |       |   0.000 |    5.239 | 
     | core/req_sync_q_reg[58] | CK ^ -> Q v | DFFHQX1  | 0.296 |   0.296 |    5.535 | 
     | core/g24486__5107       | A0 v -> Y ^ | AOI21X1  | 0.190 |   0.486 |    5.725 | 
     | core/g24250__5526       | C ^ -> Y v  | NAND4XL  | 0.269 |   0.755 |    5.994 | 
     | core/g24225__2802       | AN v -> Y v | NAND4BX1 | 0.300 |   1.055 |    6.293 | 
     | core/g24217__6260       | AN v -> Y v | NAND2BX1 | 0.261 |   1.315 |    6.554 | 
     | core/g24711__1881       | AN v -> Y v | NAND2BX1 | 0.226 |   1.541 |    6.780 | 
     | core/g24179__2398       | B v -> Y ^  | NAND2XL  | 0.111 |   1.652 |    6.891 | 
     | core/g24167__5115       | B1 ^ -> Y v | OAI222X1 | 0.196 |   1.848 |    7.086 | 
     | core/g24156__3680       | B0 v -> Y ^ | AOI211XL | 0.216 |   2.063 |    7.302 | 
     | core/g24145__6260       | C0 ^ -> Y v | OAI211X1 | 0.183 |   2.247 |    7.485 | 
     | core/g24139__1666       | C0 v -> Y ^ | AOI221X1 | 0.172 |   2.419 |    7.658 | 
     | core/g24135__9945       | B ^ -> Y v  | NAND2X2  | 0.181 |   2.600 |    7.839 | 
     | core/g24129__6161       | B v -> Y ^  | NAND2XL  | 0.139 |   2.740 |    7.978 | 
     | core/g24118__2802       | AN ^ -> Y ^ | NAND2BX2 | 0.138 |   2.877 |    8.116 | 
     | core/g24091__5122       | B1 ^ -> Y v | OAI22X1  | 0.140 |   3.017 |    8.256 | 
     | core/g24077__5477       | A v -> Y ^  | NOR4X1   | 0.240 |   3.257 |    8.495 | 
     | core/FE_OFC45_n_548     | A ^ -> Y ^  | BUFX2    | 0.153 |   3.410 |    8.648 | 
     | core/g24075__7410       | C ^ -> Y ^  | AND3XL   | 0.185 |   3.595 |    8.834 | 
     | core/g24072__2883       | A2 ^ -> Y v | AOI32X1  | 0.169 |   3.764 |    9.003 | 
     | core/FE_OFC33_n_554     | A v -> Y v  | BUFX2    | 0.151 |   3.916 |    9.155 | 
     | core/g24068__4733       | B v -> Y v  | OR2X1    | 0.113 |   4.029 |    9.267 | 
     | core/g24064__1881       | B v -> Y ^  | NAND2X1  | 0.078 |   4.107 |    9.345 | 
     | core/g24049__2398       | C ^ -> Y v  | NOR3X1   | 0.094 |   4.200 |    9.439 | 
     | core/FE_OFC48_n_576     | A v -> Y ^  | INVXL    | 0.063 |   4.263 |    9.502 | 
     | core/FE_OFC49_n_576     | A ^ -> Y v  | INVX1    | 0.122 |   4.385 |    9.624 | 
     | core/g23999__5122       | A0 v -> Y ^ | AOI21XL  | 0.158 |   4.544 |    9.783 | 
     | core/pending_q_reg[40]  | D ^         | DFFHQX1  | 0.000 |   4.544 |    9.783 | 
     +-------------------------------------------------------------------------------+ 
Path 34: MET Setup Check with Pin core/pending_q_reg[23]/CK 
Endpoint:   core/pending_q_reg[23]/D  (v) checked with  leading edge of 'clk'
Beginpoint: core/req_sync_q_reg[58]/Q (v) triggered by  leading edge of 'clk'
Path Groups: {clk}
Analysis View: setup_view
Other End Arrival Time          0.106
- Setup                         0.083
+ Phase Shift                  10.000
- Uncertainty                   0.200
= Required Time                 9.823
- Arrival Time                  4.579
= Slack Time                    5.244
     Clock Rise Edge                 0.000
     + Clock Network Latency (Prop)  0.000
     = Beginpoint Arrival Time       0.000
     +---------------------------------------------------------------------------------+ 
     |        Instance         |     Arc      |   Cell    | Delay | Arrival | Required | 
     |                         |              |           |       |  Time   |   Time   | 
     |-------------------------+--------------+-----------+-------+---------+----------| 
     | core/req_sync_q_reg[58] | CK ^         |           |       |   0.000 |    5.244 | 
     | core/req_sync_q_reg[58] | CK ^ -> Q v  | DFFHQX1   | 0.296 |   0.296 |    5.539 | 
     | core/g24486__5107       | A0 v -> Y ^  | AOI21X1   | 0.190 |   0.486 |    5.730 | 
     | core/g24250__5526       | C ^ -> Y v   | NAND4XL   | 0.269 |   0.755 |    5.998 | 
     | core/g24225__2802       | AN v -> Y v  | NAND4BX1  | 0.300 |   1.055 |    6.298 | 
     | core/g24217__6260       | AN v -> Y v  | NAND2BX1  | 0.261 |   1.315 |    6.559 | 
     | core/g24711__1881       | AN v -> Y v  | NAND2BX1  | 0.226 |   1.541 |    6.784 | 
     | core/g24179__2398       | B v -> Y ^   | NAND2XL   | 0.111 |   1.652 |    6.895 | 
     | core/g24167__5115       | B1 ^ -> Y v  | OAI222X1  | 0.196 |   1.848 |    7.091 | 
     | core/g24156__3680       | B0 v -> Y ^  | AOI211XL  | 0.216 |   2.063 |    7.307 | 
     | core/g24145__6260       | C0 ^ -> Y v  | OAI211X1  | 0.183 |   2.247 |    7.490 | 
     | core/g24139__1666       | C0 v -> Y ^  | AOI221X1  | 0.172 |   2.419 |    7.663 | 
     | core/g24135__9945       | B ^ -> Y v   | NAND2X2   | 0.181 |   2.600 |    7.844 | 
     | core/g24707__5122       | AN v -> Y v  | NOR2BX1   | 0.150 |   2.750 |    7.994 | 
     | core/g24121__8246       | B v -> Y ^   | NAND2X2   | 0.075 |   2.825 |    8.069 | 
     | core/g24105__1666       | B1 ^ -> Y ^  | OA22X1    | 0.191 |   3.017 |    8.260 | 
     | core/g24085__5526       | C0 ^ -> Y v  | OAI221X1  | 0.167 |   3.184 |    8.428 | 
     | core/g24076__6417       | A2 v -> Y ^  | OAI31X1   | 0.163 |   3.347 |    8.591 | 
     | core/g24073__2346       | A1N ^ -> Y ^ | OAI2BB1X1 | 0.160 |   3.507 |    8.751 | 
     | core/g24071__9945       | A1N ^ -> Y ^ | OAI2BB1X1 | 0.129 |   3.636 |    8.880 | 
     | core/g24059__1705       | A2 ^ -> Y v  | AOI32X1   | 0.170 |   3.807 |    9.050 | 
     | core/FE_OFC77_n_568     | A v -> Y v   | BUFX2     | 0.152 |   3.959 |    9.202 | 
     | core/FE_OFC73_n_568     | A v -> Y v   | BUFX2     | 0.080 |   4.039 |    9.283 | 
     | core/g24045__6417       | B v -> Y ^   | NAND2X1   | 0.047 |   4.086 |    9.330 | 
     | core/g2__1705           | B ^ -> Y v   | NAND2BX1  | 0.122 |   4.208 |    9.452 | 
     | core/g24034__7482       | B v -> Y ^   | NOR2X2    | 0.185 |   4.393 |    9.636 | 
     | core/g23962__4733       | A1 ^ -> Y v  | AOI21XL   | 0.186 |   4.579 |    9.823 | 
     | core/pending_q_reg[23]  | D v          | DFFHQX1   | 0.000 |   4.579 |    9.823 | 
     +---------------------------------------------------------------------------------+ 
Path 35: MET Setup Check with Pin core/pending_q_reg[62]/CK 
Endpoint:   core/pending_q_reg[62]/D  (^) checked with  leading edge of 'clk'
Beginpoint: core/req_sync_q_reg[58]/Q (v) triggered by  leading edge of 'clk'
Path Groups: {clk}
Analysis View: setup_view
Other End Arrival Time          0.096
- Setup                         0.125
+ Phase Shift                  10.000
- Uncertainty                   0.200
= Required Time                 9.771
- Arrival Time                  4.528
= Slack Time                    5.244
     Clock Rise Edge                 0.000
     + Clock Network Latency (Prop)  0.000
     = Beginpoint Arrival Time       0.000
     +---------------------------------------------------------------------------------+ 
     |        Instance         |     Arc      |   Cell    | Delay | Arrival | Required | 
     |                         |              |           |       |  Time   |   Time   | 
     |-------------------------+--------------+-----------+-------+---------+----------| 
     | core/req_sync_q_reg[58] | CK ^         |           |       |   0.000 |    5.244 | 
     | core/req_sync_q_reg[58] | CK ^ -> Q v  | DFFHQX1   | 0.296 |   0.296 |    5.540 | 
     | core/g24486__5107       | A0 v -> Y ^  | AOI21X1   | 0.190 |   0.486 |    5.730 | 
     | core/g24250__5526       | C ^ -> Y v   | NAND4XL   | 0.269 |   0.755 |    5.999 | 
     | core/g24225__2802       | AN v -> Y v  | NAND4BX1  | 0.300 |   1.055 |    6.299 | 
     | core/g24217__6260       | AN v -> Y v  | NAND2BX1  | 0.261 |   1.315 |    6.559 | 
     | core/g24711__1881       | AN v -> Y v  | NAND2BX1  | 0.226 |   1.541 |    6.785 | 
     | core/g24179__2398       | B v -> Y ^   | NAND2XL   | 0.111 |   1.652 |    6.896 | 
     | core/g24167__5115       | B1 ^ -> Y v  | OAI222X1  | 0.196 |   1.848 |    7.092 | 
     | core/g24156__3680       | B0 v -> Y ^  | AOI211XL  | 0.216 |   2.063 |    7.307 | 
     | core/g24145__6260       | C0 ^ -> Y v  | OAI211X1  | 0.183 |   2.247 |    7.491 | 
     | core/g24139__1666       | C0 v -> Y ^  | AOI221X1  | 0.172 |   2.419 |    7.663 | 
     | core/g24135__9945       | B ^ -> Y v   | NAND2X2   | 0.181 |   2.600 |    7.844 | 
     | core/g24707__5122       | AN v -> Y v  | NOR2BX1   | 0.150 |   2.750 |    7.994 | 
     | core/g24121__8246       | B v -> Y ^   | NAND2X2   | 0.075 |   2.825 |    8.069 | 
     | core/g24105__1666       | B1 ^ -> Y ^  | OA22X1    | 0.191 |   3.017 |    8.261 | 
     | core/g24085__5526       | C0 ^ -> Y v  | OAI221X1  | 0.167 |   3.184 |    8.428 | 
     | core/g24076__6417       | A2 v -> Y ^  | OAI31X1   | 0.163 |   3.347 |    8.591 | 
     | core/g24073__2346       | A1N ^ -> Y ^ | OAI2BB1X1 | 0.160 |   3.507 |    8.751 | 
     | core/g24071__9945       | A1N ^ -> Y ^ | OAI2BB1X1 | 0.129 |   3.636 |    8.880 | 
     | core/g24059__1705       | A2 ^ -> Y v  | AOI32X1   | 0.170 |   3.807 |    9.050 | 
     | core/FE_OFC77_n_568     | A v -> Y v   | BUFX2     | 0.152 |   3.959 |    9.202 | 
     | core/FE_OFC73_n_568     | A v -> Y v   | BUFX2     | 0.080 |   4.039 |    9.283 | 
     | core/g24046__5477       | B v -> Y ^   | NOR2X1    | 0.087 |   4.126 |    9.370 | 
     | core/g24044             | A ^ -> Y v   | INVX1     | 0.103 |   4.229 |    9.472 | 
     | core/g24042__1666       | A v -> Y v   | AND2X1    | 0.162 |   4.391 |    9.635 | 
     | core/g24031__6131       | A1 v -> Y ^  | AOI21XL   | 0.137 |   4.528 |    9.771 | 
     | core/pending_q_reg[62]  | D ^          | DFFHQX1   | 0.000 |   4.528 |    9.771 | 
     +---------------------------------------------------------------------------------+ 
Path 36: MET Setup Check with Pin core/pending_q_reg[13]/CK 
Endpoint:   core/pending_q_reg[13]/D  (v) checked with  leading edge of 'clk'
Beginpoint: core/req_sync_q_reg[58]/Q (v) triggered by  leading edge of 'clk'
Path Groups: {clk}
Analysis View: setup_view
Other End Arrival Time          0.100
- Setup                         0.058
+ Phase Shift                  10.000
- Uncertainty                   0.200
= Required Time                 9.842
- Arrival Time                  4.597
= Slack Time                    5.245
     Clock Rise Edge                 0.000
     + Clock Network Latency (Prop)  0.000
     = Beginpoint Arrival Time       0.000
     +---------------------------------------------------------------------------------+ 
     |        Instance         |     Arc      |   Cell    | Delay | Arrival | Required | 
     |                         |              |           |       |  Time   |   Time   | 
     |-------------------------+--------------+-----------+-------+---------+----------| 
     | core/req_sync_q_reg[58] | CK ^         |           |       |   0.000 |    5.245 | 
     | core/req_sync_q_reg[58] | CK ^ -> Q v  | DFFHQX1   | 0.296 |   0.296 |    5.541 | 
     | core/g24486__5107       | A0 v -> Y ^  | AOI21X1   | 0.190 |   0.486 |    5.731 | 
     | core/g24250__5526       | C ^ -> Y v   | NAND4XL   | 0.269 |   0.755 |    6.000 | 
     | core/g24225__2802       | AN v -> Y v  | NAND4BX1  | 0.300 |   1.055 |    6.300 | 
     | core/g24217__6260       | AN v -> Y v  | NAND2BX1  | 0.261 |   1.315 |    6.560 | 
     | core/g24711__1881       | AN v -> Y v  | NAND2BX1  | 0.226 |   1.541 |    6.786 | 
     | core/g24179__2398       | B v -> Y ^   | NAND2XL   | 0.111 |   1.652 |    6.897 | 
     | core/g24167__5115       | B1 ^ -> Y v  | OAI222X1  | 0.196 |   1.848 |    7.093 | 
     | core/g24156__3680       | B0 v -> Y ^  | AOI211XL  | 0.216 |   2.063 |    7.308 | 
     | core/g24145__6260       | C0 ^ -> Y v  | OAI211X1  | 0.183 |   2.247 |    7.492 | 
     | core/g24139__1666       | C0 v -> Y ^  | AOI221X1  | 0.172 |   2.419 |    7.664 | 
     | core/g24135__9945       | B ^ -> Y v   | NAND2X2   | 0.181 |   2.600 |    7.845 | 
     | core/g24129__6161       | B v -> Y ^   | NAND2XL   | 0.139 |   2.740 |    7.985 | 
     | core/g24118__2802       | AN ^ -> Y ^  | NAND2BX2  | 0.138 |   2.877 |    8.122 | 
     | core/g24091__5122       | B1 ^ -> Y v  | OAI22X1   | 0.140 |   3.017 |    8.262 | 
     | core/g24077__5477       | A v -> Y ^   | NOR4X1    | 0.240 |   3.257 |    8.502 | 
     | core/FE_OFC45_n_548     | A ^ -> Y ^   | BUFX2     | 0.153 |   3.410 |    8.655 | 
     | core/g24075__7410       | C ^ -> Y ^   | AND3XL    | 0.185 |   3.595 |    8.840 | 
     | core/g24072__2883       | A2 ^ -> Y v  | AOI32X1   | 0.169 |   3.764 |    9.009 | 
     | core/FE_OFC33_n_554     | A v -> Y v   | BUFX2     | 0.151 |   3.916 |    9.161 | 
     | core/g24065__5115       | A1N v -> Y v | OAI2BB1X1 | 0.185 |   4.101 |    9.346 | 
     | core/g24054__5526       | B v -> Y ^   | NOR2X1    | 0.152 |   4.252 |    9.497 | 
     | core/g24051__6260       | AN ^ -> Y ^  | NOR2BX2   | 0.203 |   4.456 |    9.701 | 
     | core/g24013__1666       | A1 ^ -> Y v  | AOI21X1   | 0.141 |   4.597 |    9.842 | 
     | core/pending_q_reg[13]  | D v          | DFFHQX1   | 0.000 |   4.597 |    9.842 | 
     +---------------------------------------------------------------------------------+ 
Path 37: MET Setup Check with Pin core/pending_q_reg[17]/CK 
Endpoint:   core/pending_q_reg[17]/D  (v) checked with  leading edge of 'clk'
Beginpoint: core/req_sync_q_reg[58]/Q (v) triggered by  leading edge of 'clk'
Path Groups: {clk}
Analysis View: setup_view
Other End Arrival Time          0.093
- Setup                         0.063
+ Phase Shift                  10.000
- Uncertainty                   0.200
= Required Time                 9.831
- Arrival Time                  4.583
= Slack Time                    5.248
     Clock Rise Edge                 0.000
     + Clock Network Latency (Prop)  0.000
     = Beginpoint Arrival Time       0.000
     +---------------------------------------------------------------------------------+ 
     |        Instance         |     Arc      |   Cell    | Delay | Arrival | Required | 
     |                         |              |           |       |  Time   |   Time   | 
     |-------------------------+--------------+-----------+-------+---------+----------| 
     | core/req_sync_q_reg[58] | CK ^         |           |       |   0.000 |    5.248 | 
     | core/req_sync_q_reg[58] | CK ^ -> Q v  | DFFHQX1   | 0.296 |   0.296 |    5.543 | 
     | core/g24486__5107       | A0 v -> Y ^  | AOI21X1   | 0.190 |   0.486 |    5.734 | 
     | core/g24250__5526       | C ^ -> Y v   | NAND4XL   | 0.269 |   0.755 |    6.002 | 
     | core/g24225__2802       | AN v -> Y v  | NAND4BX1  | 0.300 |   1.055 |    6.302 | 
     | core/g24217__6260       | AN v -> Y v  | NAND2BX1  | 0.261 |   1.315 |    6.563 | 
     | core/g24711__1881       | AN v -> Y v  | NAND2BX1  | 0.226 |   1.541 |    6.789 | 
     | core/g24179__2398       | B v -> Y ^   | NAND2XL   | 0.111 |   1.652 |    6.899 | 
     | core/g24167__5115       | B1 ^ -> Y v  | OAI222X1  | 0.196 |   1.848 |    7.095 | 
     | core/g24156__3680       | B0 v -> Y ^  | AOI211XL  | 0.216 |   2.063 |    7.311 | 
     | core/g24145__6260       | C0 ^ -> Y v  | OAI211X1  | 0.183 |   2.247 |    7.494 | 
     | core/g24139__1666       | C0 v -> Y ^  | AOI221X1  | 0.172 |   2.419 |    7.667 | 
     | core/g24135__9945       | B ^ -> Y v   | NAND2X2   | 0.181 |   2.600 |    7.848 | 
     | core/g24707__5122       | AN v -> Y v  | NOR2BX1   | 0.150 |   2.750 |    7.998 | 
     | core/g24121__8246       | B v -> Y ^   | NAND2X2   | 0.075 |   2.825 |    8.073 | 
     | core/g24105__1666       | B1 ^ -> Y ^  | OA22X1    | 0.191 |   3.017 |    8.264 | 
     | core/g24085__5526       | C0 ^ -> Y v  | OAI221X1  | 0.167 |   3.184 |    8.432 | 
     | core/g24076__6417       | A2 v -> Y ^  | OAI31X1   | 0.163 |   3.347 |    8.595 | 
     | core/g24073__2346       | A1N ^ -> Y ^ | OAI2BB1X1 | 0.160 |   3.507 |    8.755 | 
     | core/g24071__9945       | A1N ^ -> Y ^ | OAI2BB1X1 | 0.129 |   3.636 |    8.884 | 
     | core/g24059__1705       | A2 ^ -> Y v  | AOI32X1   | 0.170 |   3.807 |    9.054 | 
     | core/FE_OFC77_n_568     | A v -> Y v   | BUFX2     | 0.152 |   3.959 |    9.206 | 
     | core/FE_OFC73_n_568     | A v -> Y v   | BUFX2     | 0.080 |   4.039 |    9.287 | 
     | core/g24045__6417       | B v -> Y ^   | NAND2X1   | 0.047 |   4.086 |    9.334 | 
     | core/g2__1705           | B ^ -> Y v   | NAND2BX1  | 0.122 |   4.208 |    9.456 | 
     | core/g24034__7482       | B v -> Y ^   | NOR2X2    | 0.185 |   4.393 |    9.640 | 
     | core/g23965__9945       | A1 ^ -> Y v  | AOI21XL   | 0.190 |   4.583 |    9.831 | 
     | core/pending_q_reg[17]  | D v          | DFFHQX1   | 0.000 |   4.583 |    9.831 | 
     +---------------------------------------------------------------------------------+ 
Path 38: MET Setup Check with Pin core/pending_q_reg[19]/CK 
Endpoint:   core/pending_q_reg[19]/D  (v) checked with  leading edge of 'clk'
Beginpoint: core/req_sync_q_reg[58]/Q (v) triggered by  leading edge of 'clk'
Path Groups: {clk}
Analysis View: setup_view
Other End Arrival Time          0.099
- Setup                         0.065
+ Phase Shift                  10.000
- Uncertainty                   0.200
= Required Time                 9.835
- Arrival Time                  4.583
= Slack Time                    5.252
     Clock Rise Edge                 0.000
     + Clock Network Latency (Prop)  0.000
     = Beginpoint Arrival Time       0.000
     +---------------------------------------------------------------------------------+ 
     |        Instance         |     Arc      |   Cell    | Delay | Arrival | Required | 
     |                         |              |           |       |  Time   |   Time   | 
     |-------------------------+--------------+-----------+-------+---------+----------| 
     | core/req_sync_q_reg[58] | CK ^         |           |       |   0.000 |    5.252 | 
     | core/req_sync_q_reg[58] | CK ^ -> Q v  | DFFHQX1   | 0.296 |   0.296 |    5.547 | 
     | core/g24486__5107       | A0 v -> Y ^  | AOI21X1   | 0.190 |   0.486 |    5.738 | 
     | core/g24250__5526       | C ^ -> Y v   | NAND4XL   | 0.269 |   0.755 |    6.006 | 
     | core/g24225__2802       | AN v -> Y v  | NAND4BX1  | 0.300 |   1.055 |    6.306 | 
     | core/g24217__6260       | AN v -> Y v  | NAND2BX1  | 0.261 |   1.315 |    6.567 | 
     | core/g24711__1881       | AN v -> Y v  | NAND2BX1  | 0.226 |   1.541 |    6.793 | 
     | core/g24179__2398       | B v -> Y ^   | NAND2XL   | 0.111 |   1.652 |    6.903 | 
     | core/g24167__5115       | B1 ^ -> Y v  | OAI222X1  | 0.196 |   1.848 |    7.099 | 
     | core/g24156__3680       | B0 v -> Y ^  | AOI211XL  | 0.216 |   2.063 |    7.315 | 
     | core/g24145__6260       | C0 ^ -> Y v  | OAI211X1  | 0.183 |   2.247 |    7.498 | 
     | core/g24139__1666       | C0 v -> Y ^  | AOI221X1  | 0.172 |   2.419 |    7.671 | 
     | core/g24135__9945       | B ^ -> Y v   | NAND2X2   | 0.181 |   2.600 |    7.852 | 
     | core/g24707__5122       | AN v -> Y v  | NOR2BX1   | 0.150 |   2.750 |    8.002 | 
     | core/g24121__8246       | B v -> Y ^   | NAND2X2   | 0.075 |   2.825 |    8.077 | 
     | core/g24105__1666       | B1 ^ -> Y ^  | OA22X1    | 0.191 |   3.017 |    8.268 | 
     | core/g24085__5526       | C0 ^ -> Y v  | OAI221X1  | 0.167 |   3.184 |    8.436 | 
     | core/g24076__6417       | A2 v -> Y ^  | OAI31X1   | 0.163 |   3.347 |    8.599 | 
     | core/g24073__2346       | A1N ^ -> Y ^ | OAI2BB1X1 | 0.160 |   3.507 |    8.759 | 
     | core/g24071__9945       | A1N ^ -> Y ^ | OAI2BB1X1 | 0.129 |   3.636 |    8.888 | 
     | core/g24059__1705       | A2 ^ -> Y v  | AOI32X1   | 0.170 |   3.807 |    9.058 | 
     | core/FE_OFC77_n_568     | A v -> Y v   | BUFX2     | 0.152 |   3.959 |    9.210 | 
     | core/FE_OFC73_n_568     | A v -> Y v   | BUFX2     | 0.080 |   4.039 |    9.291 | 
     | core/g24045__6417       | B v -> Y ^   | NAND2X1   | 0.047 |   4.086 |    9.338 | 
     | core/g2__1705           | B ^ -> Y v   | NAND2BX1  | 0.122 |   4.208 |    9.460 | 
     | core/g24034__7482       | B v -> Y ^   | NOR2X2    | 0.185 |   4.393 |    9.644 | 
     | core/g23964__9315       | A1 ^ -> Y v  | AOI21XL   | 0.190 |   4.583 |    9.835 | 
     | core/pending_q_reg[19]  | D v          | DFFHQX1   | 0.000 |   4.583 |    9.835 | 
     +---------------------------------------------------------------------------------+ 
Path 39: MET Setup Check with Pin core/pending_q_reg[25]/CK 
Endpoint:   core/pending_q_reg[25]/D  (^) checked with  leading edge of 'clk'
Beginpoint: core/req_sync_q_reg[58]/Q (v) triggered by  leading edge of 'clk'
Path Groups: {clk}
Analysis View: setup_view
Other End Arrival Time          0.106
- Setup                         0.147
+ Phase Shift                  10.000
- Uncertainty                   0.200
= Required Time                 9.759
- Arrival Time                  4.502
= Slack Time                    5.258
     Clock Rise Edge                 0.000
     + Clock Network Latency (Prop)  0.000
     = Beginpoint Arrival Time       0.000
     +---------------------------------------------------------------------------------+ 
     |        Instance         |     Arc      |   Cell    | Delay | Arrival | Required | 
     |                         |              |           |       |  Time   |   Time   | 
     |-------------------------+--------------+-----------+-------+---------+----------| 
     | core/req_sync_q_reg[58] | CK ^         |           |       |   0.000 |    5.258 | 
     | core/req_sync_q_reg[58] | CK ^ -> Q v  | DFFHQX1   | 0.296 |   0.296 |    5.554 | 
     | core/g24486__5107       | A0 v -> Y ^  | AOI21X1   | 0.190 |   0.486 |    5.744 | 
     | core/g24250__5526       | C ^ -> Y v   | NAND4XL   | 0.269 |   0.755 |    6.013 | 
     | core/g24225__2802       | AN v -> Y v  | NAND4BX1  | 0.300 |   1.055 |    6.313 | 
     | core/g24217__6260       | AN v -> Y v  | NAND2BX1  | 0.261 |   1.315 |    6.573 | 
     | core/g24711__1881       | AN v -> Y v  | NAND2BX1  | 0.226 |   1.541 |    6.799 | 
     | core/g24179__2398       | B v -> Y ^   | NAND2XL   | 0.111 |   1.652 |    6.910 | 
     | core/g24167__5115       | B1 ^ -> Y v  | OAI222X1  | 0.196 |   1.848 |    7.106 | 
     | core/g24156__3680       | B0 v -> Y ^  | AOI211XL  | 0.216 |   2.063 |    7.321 | 
     | core/g24145__6260       | C0 ^ -> Y v  | OAI211X1  | 0.183 |   2.247 |    7.505 | 
     | core/g24139__1666       | C0 v -> Y ^  | AOI221X1  | 0.172 |   2.419 |    7.677 | 
     | core/g24135__9945       | B ^ -> Y v   | NAND2X2   | 0.181 |   2.600 |    7.858 | 
     | core/g24129__6161       | B v -> Y ^   | NAND2XL   | 0.139 |   2.740 |    7.997 | 
     | core/g24118__2802       | AN ^ -> Y ^  | NAND2BX2  | 0.138 |   2.877 |    8.135 | 
     | core/g24108__5477       | B1 ^ -> Y v  | OAI22X1   | 0.126 |   3.003 |    8.261 | 
     | core/g24083__4319       | A v -> Y ^   | NOR4X1    | 0.252 |   3.255 |    8.513 | 
     | core/g24076__6417       | B0 ^ -> Y v  | OAI31X1   | 0.191 |   3.446 |    8.703 | 
     | core/g24073__2346       | A1N v -> Y v | OAI2BB1X1 | 0.119 |   3.564 |    8.822 | 
     | core/g24071__9945       | A1N v -> Y v | OAI2BB1X1 | 0.110 |   3.674 |    8.932 | 
     | core/g24059__1705       | A2 v -> Y ^  | AOI32X1   | 0.116 |   3.790 |    9.048 | 
     | core/FE_OFC77_n_568     | A ^ -> Y ^   | BUFX2     | 0.116 |   3.906 |    9.164 | 
     | core/FE_OFC73_n_568     | A ^ -> Y ^   | BUFX2     | 0.087 |   3.993 |    9.251 | 
     | core/g24045__6417       | B ^ -> Y v   | NAND2X1   | 0.090 |   4.083 |    9.341 | 
     | core/g24038__9945       | A v -> Y v   | AND2X1    | 0.224 |   4.307 |    9.564 | 
     | core/g24018__5107       | A0 v -> Y ^  | AOI21XL   | 0.195 |   4.502 |    9.759 | 
     | core/pending_q_reg[25]  | D ^          | DFFHQX1   | 0.000 |   4.502 |    9.759 | 
     +---------------------------------------------------------------------------------+ 
Path 40: MET Setup Check with Pin core/pending_q_reg[35]/CK 
Endpoint:   core/pending_q_reg[35]/D  (v) checked with  leading edge of 'clk'
Beginpoint: core/req_sync_q_reg[58]/Q (v) triggered by  leading edge of 'clk'
Path Groups: {clk}
Analysis View: setup_view
Other End Arrival Time          0.100
- Setup                         0.069
+ Phase Shift                  10.000
- Uncertainty                   0.200
= Required Time                 9.831
- Arrival Time                  4.572
= Slack Time                    5.259
     Clock Rise Edge                 0.000
     + Clock Network Latency (Prop)  0.000
     = Beginpoint Arrival Time       0.000
     +---------------------------------------------------------------------------------+ 
     |        Instance         |     Arc      |   Cell    | Delay | Arrival | Required | 
     |                         |              |           |       |  Time   |   Time   | 
     |-------------------------+--------------+-----------+-------+---------+----------| 
     | core/req_sync_q_reg[58] | CK ^         |           |       |   0.000 |    5.260 | 
     | core/req_sync_q_reg[58] | CK ^ -> Q v  | DFFHQX1   | 0.296 |   0.296 |    5.555 | 
     | core/g24486__5107       | A0 v -> Y ^  | AOI21X1   | 0.190 |   0.486 |    5.745 | 
     | core/g24250__5526       | C ^ -> Y v   | NAND4XL   | 0.269 |   0.755 |    6.014 | 
     | core/g24225__2802       | AN v -> Y v  | NAND4BX1  | 0.300 |   1.055 |    6.314 | 
     | core/g24217__6260       | AN v -> Y v  | NAND2BX1  | 0.261 |   1.315 |    6.575 | 
     | core/g24711__1881       | AN v -> Y v  | NAND2BX1  | 0.226 |   1.541 |    6.800 | 
     | core/g24179__2398       | B v -> Y ^   | NAND2XL   | 0.111 |   1.652 |    6.911 | 
     | core/g24167__5115       | B1 ^ -> Y v  | OAI222X1  | 0.196 |   1.848 |    7.107 | 
     | core/g24156__3680       | B0 v -> Y ^  | AOI211XL  | 0.216 |   2.063 |    7.323 | 
     | core/g24145__6260       | C0 ^ -> Y v  | OAI211X1  | 0.183 |   2.247 |    7.506 | 
     | core/g24139__1666       | C0 v -> Y ^  | AOI221X1  | 0.172 |   2.419 |    7.679 | 
     | core/g24135__9945       | B ^ -> Y v   | NAND2X2   | 0.181 |   2.600 |    7.860 | 
     | core/g24707__5122       | AN v -> Y v  | NOR2BX1   | 0.150 |   2.750 |    8.010 | 
     | core/g24121__8246       | B v -> Y ^   | NAND2X2   | 0.075 |   2.825 |    8.085 | 
     | core/g24105__1666       | B1 ^ -> Y ^  | OA22X1    | 0.191 |   3.017 |    8.276 | 
     | core/g24085__5526       | C0 ^ -> Y v  | OAI221X1  | 0.167 |   3.184 |    8.444 | 
     | core/g24076__6417       | A2 v -> Y ^  | OAI31X1   | 0.163 |   3.347 |    8.606 | 
     | core/g24073__2346       | A1N ^ -> Y ^ | OAI2BB1X1 | 0.160 |   3.507 |    8.767 | 
     | core/g24071__9945       | A1N ^ -> Y ^ | OAI2BB1X1 | 0.129 |   3.636 |    8.896 | 
     | core/g24059__1705       | A2 ^ -> Y v  | AOI32X1   | 0.170 |   3.807 |    9.066 | 
     | core/FE_OFC77_n_568     | A v -> Y v   | BUFX2     | 0.152 |   3.959 |    9.218 | 
     | core/FE_OFC73_n_568     | A v -> Y v   | BUFX2     | 0.080 |   4.039 |    9.299 | 
     | core/g24045__6417       | B v -> Y ^   | NAND2X1   | 0.047 |   4.086 |    9.346 | 
     | core/g2__1705           | B ^ -> Y v   | NAND2BX1  | 0.122 |   4.208 |    9.467 | 
     | core/g24036__6161       | B v -> Y ^   | NOR2X2    | 0.181 |   4.389 |    9.649 | 
     | core/g23955__5122       | A1 ^ -> Y v  | AOI21XL   | 0.182 |   4.572 |    9.831 | 
     | core/pending_q_reg[35]  | D v          | DFFHQX1   | 0.000 |   4.572 |    9.831 | 
     +---------------------------------------------------------------------------------+ 
Path 41: MET Setup Check with Pin core/pending_q_reg[39]/CK 
Endpoint:   core/pending_q_reg[39]/D  (v) checked with  leading edge of 'clk'
Beginpoint: core/req_sync_q_reg[58]/Q (v) triggered by  leading edge of 'clk'
Path Groups: {clk}
Analysis View: setup_view
Other End Arrival Time          0.100
- Setup                         0.068
+ Phase Shift                  10.000
- Uncertainty                   0.200
= Required Time                 9.832
- Arrival Time                  4.571
= Slack Time                    5.260
     Clock Rise Edge                 0.000
     + Clock Network Latency (Prop)  0.000
     = Beginpoint Arrival Time       0.000
     +---------------------------------------------------------------------------------+ 
     |        Instance         |     Arc      |   Cell    | Delay | Arrival | Required | 
     |                         |              |           |       |  Time   |   Time   | 
     |-------------------------+--------------+-----------+-------+---------+----------| 
     | core/req_sync_q_reg[58] | CK ^         |           |       |   0.000 |    5.261 | 
     | core/req_sync_q_reg[58] | CK ^ -> Q v  | DFFHQX1   | 0.296 |   0.296 |    5.556 | 
     | core/g24486__5107       | A0 v -> Y ^  | AOI21X1   | 0.190 |   0.486 |    5.746 | 
     | core/g24250__5526       | C ^ -> Y v   | NAND4XL   | 0.269 |   0.755 |    6.015 | 
     | core/g24225__2802       | AN v -> Y v  | NAND4BX1  | 0.300 |   1.055 |    6.315 | 
     | core/g24217__6260       | AN v -> Y v  | NAND2BX1  | 0.261 |   1.315 |    6.576 | 
     | core/g24711__1881       | AN v -> Y v  | NAND2BX1  | 0.226 |   1.541 |    6.801 | 
     | core/g24179__2398       | B v -> Y ^   | NAND2XL   | 0.111 |   1.652 |    6.912 | 
     | core/g24167__5115       | B1 ^ -> Y v  | OAI222X1  | 0.196 |   1.848 |    7.108 | 
     | core/g24156__3680       | B0 v -> Y ^  | AOI211XL  | 0.216 |   2.063 |    7.324 | 
     | core/g24145__6260       | C0 ^ -> Y v  | OAI211X1  | 0.183 |   2.247 |    7.507 | 
     | core/g24139__1666       | C0 v -> Y ^  | AOI221X1  | 0.172 |   2.419 |    7.679 | 
     | core/g24135__9945       | B ^ -> Y v   | NAND2X2   | 0.181 |   2.600 |    7.860 | 
     | core/g24707__5122       | AN v -> Y v  | NOR2BX1   | 0.150 |   2.750 |    8.011 | 
     | core/g24121__8246       | B v -> Y ^   | NAND2X2   | 0.075 |   2.825 |    8.086 | 
     | core/g24105__1666       | B1 ^ -> Y ^  | OA22X1    | 0.191 |   3.017 |    8.277 | 
     | core/g24085__5526       | C0 ^ -> Y v  | OAI221X1  | 0.167 |   3.184 |    8.444 | 
     | core/g24076__6417       | A2 v -> Y ^  | OAI31X1   | 0.163 |   3.347 |    8.607 | 
     | core/g24073__2346       | A1N ^ -> Y ^ | OAI2BB1X1 | 0.160 |   3.507 |    8.768 | 
     | core/g24071__9945       | A1N ^ -> Y ^ | OAI2BB1X1 | 0.129 |   3.636 |    8.896 | 
     | core/g24059__1705       | A2 ^ -> Y v  | AOI32X1   | 0.170 |   3.807 |    9.067 | 
     | core/FE_OFC77_n_568     | A v -> Y v   | BUFX2     | 0.152 |   3.959 |    9.219 | 
     | core/FE_OFC73_n_568     | A v -> Y v   | BUFX2     | 0.080 |   4.039 |    9.299 | 
     | core/g24045__6417       | B v -> Y ^   | NAND2X1   | 0.047 |   4.086 |    9.346 | 
     | core/g2__1705           | B ^ -> Y v   | NAND2BX1  | 0.122 |   4.208 |    9.468 | 
     | core/g24036__6161       | B v -> Y ^   | NOR2X2    | 0.181 |   4.389 |    9.650 | 
     | core/g23959__1881       | A1 ^ -> Y v  | AOI21XL   | 0.182 |   4.571 |    9.832 | 
     | core/pending_q_reg[39]  | D v          | DFFHQX1   | 0.000 |   4.571 |    9.832 | 
     +---------------------------------------------------------------------------------+ 
Path 42: MET Setup Check with Pin core/pending_q_reg[63]/CK 
Endpoint:   core/pending_q_reg[63]/D  (v) checked with  leading edge of 'clk'
Beginpoint: core/req_sync_q_reg[58]/Q (v) triggered by  leading edge of 'clk'
Path Groups: {clk}
Analysis View: setup_view
Other End Arrival Time          0.089
- Setup                         0.085
+ Phase Shift                  10.000
- Uncertainty                   0.200
= Required Time                 9.804
- Arrival Time                  4.540
= Slack Time                    5.265
     Clock Rise Edge                 0.000
     + Clock Network Latency (Prop)  0.000
     = Beginpoint Arrival Time       0.000
     +---------------------------------------------------------------------------------+ 
     |        Instance         |     Arc      |   Cell    | Delay | Arrival | Required | 
     |                         |              |           |       |  Time   |   Time   | 
     |-------------------------+--------------+-----------+-------+---------+----------| 
     | core/req_sync_q_reg[58] | CK ^         |           |       |   0.000 |    5.265 | 
     | core/req_sync_q_reg[58] | CK ^ -> Q v  | DFFHQX1   | 0.296 |   0.296 |    5.560 | 
     | core/g24486__5107       | A0 v -> Y ^  | AOI21X1   | 0.190 |   0.486 |    5.751 | 
     | core/g24250__5526       | C ^ -> Y v   | NAND4XL   | 0.269 |   0.755 |    6.019 | 
     | core/g24225__2802       | AN v -> Y v  | NAND4BX1  | 0.300 |   1.055 |    6.319 | 
     | core/g24217__6260       | AN v -> Y v  | NAND2BX1  | 0.261 |   1.315 |    6.580 | 
     | core/g24711__1881       | AN v -> Y v  | NAND2BX1  | 0.226 |   1.541 |    6.805 | 
     | core/g24179__2398       | B v -> Y ^   | NAND2XL   | 0.111 |   1.652 |    6.916 | 
     | core/g24167__5115       | B1 ^ -> Y v  | OAI222X1  | 0.196 |   1.848 |    7.112 | 
     | core/g24156__3680       | B0 v -> Y ^  | AOI211XL  | 0.216 |   2.063 |    7.328 | 
     | core/g24145__6260       | C0 ^ -> Y v  | OAI211X1  | 0.183 |   2.247 |    7.511 | 
     | core/g24139__1666       | C0 v -> Y ^  | AOI221X1  | 0.172 |   2.419 |    7.684 | 
     | core/g24135__9945       | B ^ -> Y v   | NAND2X2   | 0.181 |   2.600 |    7.865 | 
     | core/g24129__6161       | B v -> Y ^   | NAND2XL   | 0.139 |   2.740 |    8.004 | 
     | core/g24118__2802       | AN ^ -> Y ^  | NAND2BX2  | 0.138 |   2.877 |    8.142 | 
     | core/g24091__5122       | B1 ^ -> Y v  | OAI22X1   | 0.140 |   3.017 |    8.281 | 
     | core/g24077__5477       | A v -> Y ^   | NOR4X1    | 0.240 |   3.257 |    8.521 | 
     | core/FE_OFC45_n_548     | A ^ -> Y ^   | BUFX2     | 0.153 |   3.410 |    8.674 | 
     | core/g24075__7410       | C ^ -> Y ^   | AND3XL    | 0.185 |   3.595 |    8.860 | 
     | core/g24072__2883       | A2 ^ -> Y v  | AOI32X1   | 0.169 |   3.764 |    9.029 | 
     | core/FE_OFC33_n_554     | A v -> Y v   | BUFX2     | 0.151 |   3.916 |    9.180 | 
     | core/g24065__5115       | A1N v -> Y v | OAI2BB1X1 | 0.185 |   4.101 |    9.365 | 
     | core/g24056__3680       | B v -> Y ^   | NOR2X2    | 0.222 |   4.322 |    9.587 | 
     | core/g24032__1881       | A1 ^ -> Y v  | AOI21XL   | 0.217 |   4.540 |    9.804 | 
     | core/pending_q_reg[63]  | D v          | DFFHQX1   | 0.000 |   4.540 |    9.804 | 
     +---------------------------------------------------------------------------------+ 
Path 43: MET Setup Check with Pin core/pending_q_reg[51]/CK 
Endpoint:   core/pending_q_reg[51]/D  (v) checked with  leading edge of 'clk'
Beginpoint: core/req_sync_q_reg[58]/Q (v) triggered by  leading edge of 'clk'
Path Groups: {clk}
Analysis View: setup_view
Other End Arrival Time          0.106
- Setup                         0.066
+ Phase Shift                  10.000
- Uncertainty                   0.200
= Required Time                 9.841
- Arrival Time                  4.576
= Slack Time                    5.265
     Clock Rise Edge                 0.000
     + Clock Network Latency (Prop)  0.000
     = Beginpoint Arrival Time       0.000
     +---------------------------------------------------------------------------------+ 
     |        Instance         |     Arc      |   Cell    | Delay | Arrival | Required | 
     |                         |              |           |       |  Time   |   Time   | 
     |-------------------------+--------------+-----------+-------+---------+----------| 
     | core/req_sync_q_reg[58] | CK ^         |           |       |   0.000 |    5.265 | 
     | core/req_sync_q_reg[58] | CK ^ -> Q v  | DFFHQX1   | 0.296 |   0.296 |    5.561 | 
     | core/g24486__5107       | A0 v -> Y ^  | AOI21X1   | 0.190 |   0.486 |    5.751 | 
     | core/g24250__5526       | C ^ -> Y v   | NAND4XL   | 0.269 |   0.755 |    6.020 | 
     | core/g24225__2802       | AN v -> Y v  | NAND4BX1  | 0.300 |   1.055 |    6.320 | 
     | core/g24217__6260       | AN v -> Y v  | NAND2BX1  | 0.261 |   1.315 |    6.580 | 
     | core/g24711__1881       | AN v -> Y v  | NAND2BX1  | 0.226 |   1.541 |    6.806 | 
     | core/g24179__2398       | B v -> Y ^   | NAND2XL   | 0.111 |   1.652 |    6.917 | 
     | core/g24167__5115       | B1 ^ -> Y v  | OAI222X1  | 0.196 |   1.848 |    7.113 | 
     | core/g24156__3680       | B0 v -> Y ^  | AOI211XL  | 0.216 |   2.063 |    7.328 | 
     | core/g24145__6260       | C0 ^ -> Y v  | OAI211X1  | 0.183 |   2.247 |    7.512 | 
     | core/g24139__1666       | C0 v -> Y ^  | AOI221X1  | 0.172 |   2.419 |    7.684 | 
     | core/g24135__9945       | B ^ -> Y v   | NAND2X2   | 0.181 |   2.600 |    7.865 | 
     | core/g24707__5122       | AN v -> Y v  | NOR2BX1   | 0.150 |   2.750 |    8.015 | 
     | core/g24121__8246       | B v -> Y ^   | NAND2X2   | 0.075 |   2.825 |    8.090 | 
     | core/g24105__1666       | B1 ^ -> Y ^  | OA22X1    | 0.191 |   3.017 |    8.282 | 
     | core/g24085__5526       | C0 ^ -> Y v  | OAI221X1  | 0.167 |   3.184 |    8.449 | 
     | core/g24076__6417       | A2 v -> Y ^  | OAI31X1   | 0.163 |   3.347 |    8.612 | 
     | core/g24073__2346       | A1N ^ -> Y ^ | OAI2BB1X1 | 0.160 |   3.507 |    8.772 | 
     | core/g24071__9945       | A1N ^ -> Y ^ | OAI2BB1X1 | 0.129 |   3.636 |    8.901 | 
     | core/g24059__1705       | A2 ^ -> Y v  | AOI32X1   | 0.170 |   3.807 |    9.072 | 
     | core/FE_OFC77_n_568     | A v -> Y v   | BUFX2     | 0.152 |   3.959 |    9.224 | 
     | core/FE_OFC73_n_568     | A v -> Y v   | BUFX2     | 0.080 |   4.039 |    9.304 | 
     | core/g24045__6417       | B v -> Y ^   | NAND2X1   | 0.047 |   4.086 |    9.351 | 
     | core/g2__1705           | B ^ -> Y v   | NAND2BX1  | 0.122 |   4.208 |    9.473 | 
     | core/g24036__6161       | B v -> Y ^   | NOR2X2    | 0.181 |   4.389 |    9.654 | 
     | core/g23954__1705       | A1 ^ -> Y v  | AOI21XL   | 0.186 |   4.576 |    9.841 | 
     | core/pending_q_reg[51]  | D v          | DFFHQX1   | 0.000 |   4.576 |    9.841 | 
     +---------------------------------------------------------------------------------+ 
Path 44: MET Setup Check with Pin core/pending_q_reg[15]/CK 
Endpoint:   core/pending_q_reg[15]/D  (^) checked with  leading edge of 'clk'
Beginpoint: core/req_sync_q_reg[58]/Q (v) triggered by  leading edge of 'clk'
Path Groups: {clk}
Analysis View: setup_view
Other End Arrival Time          0.093
- Setup                         0.144
+ Phase Shift                  10.000
- Uncertainty                   0.200
= Required Time                 9.750
- Arrival Time                  4.484
= Slack Time                    5.266
     Clock Rise Edge                 0.000
     + Clock Network Latency (Prop)  0.000
     = Beginpoint Arrival Time       0.000
     +---------------------------------------------------------------------------------+ 
     |        Instance         |     Arc      |   Cell    | Delay | Arrival | Required | 
     |                         |              |           |       |  Time   |   Time   | 
     |-------------------------+--------------+-----------+-------+---------+----------| 
     | core/req_sync_q_reg[58] | CK ^         |           |       |   0.000 |    5.266 | 
     | core/req_sync_q_reg[58] | CK ^ -> Q v  | DFFHQX1   | 0.296 |   0.296 |    5.562 | 
     | core/g24486__5107       | A0 v -> Y ^  | AOI21X1   | 0.190 |   0.486 |    5.752 | 
     | core/g24250__5526       | C ^ -> Y v   | NAND4XL   | 0.269 |   0.755 |    6.021 | 
     | core/g24225__2802       | AN v -> Y v  | NAND4BX1  | 0.300 |   1.055 |    6.321 | 
     | core/g24217__6260       | AN v -> Y v  | NAND2BX1  | 0.261 |   1.315 |    6.581 | 
     | core/g24711__1881       | AN v -> Y v  | NAND2BX1  | 0.226 |   1.541 |    6.807 | 
     | core/g24179__2398       | B v -> Y ^   | NAND2XL   | 0.111 |   1.652 |    6.918 | 
     | core/g24167__5115       | B1 ^ -> Y v  | OAI222X1  | 0.196 |   1.848 |    7.114 | 
     | core/g24156__3680       | B0 v -> Y ^  | AOI211XL  | 0.216 |   2.063 |    7.329 | 
     | core/g24145__6260       | C0 ^ -> Y v  | OAI211X1  | 0.183 |   2.247 |    7.513 | 
     | core/g24139__1666       | C0 v -> Y ^  | AOI221X1  | 0.172 |   2.419 |    7.685 | 
     | core/g24135__9945       | B ^ -> Y v   | NAND2X2   | 0.181 |   2.600 |    7.866 | 
     | core/g24129__6161       | B v -> Y ^   | NAND2XL   | 0.139 |   2.740 |    8.006 | 
     | core/g24118__2802       | AN ^ -> Y ^  | NAND2BX2  | 0.138 |   2.877 |    8.143 | 
     | core/g24108__5477       | B1 ^ -> Y v  | OAI22X1   | 0.126 |   3.003 |    8.269 | 
     | core/g24083__4319       | A v -> Y ^   | NOR4X1    | 0.252 |   3.255 |    8.521 | 
     | core/g24076__6417       | B0 ^ -> Y v  | OAI31X1   | 0.191 |   3.446 |    8.711 | 
     | core/g24073__2346       | A1N v -> Y v | OAI2BB1X1 | 0.119 |   3.564 |    8.830 | 
     | core/g24071__9945       | A1N v -> Y v | OAI2BB1X1 | 0.110 |   3.674 |    8.940 | 
     | core/g24059__1705       | A2 v -> Y ^  | AOI32X1   | 0.116 |   3.790 |    9.056 | 
     | core/FE_OFC77_n_568     | A ^ -> Y ^   | BUFX2     | 0.116 |   3.906 |    9.172 | 
     | core/FE_OFC73_n_568     | A ^ -> Y ^   | BUFX2     | 0.087 |   3.993 |    9.259 | 
     | core/g24045__6417       | B ^ -> Y v   | NAND2X1   | 0.090 |   4.083 |    9.349 | 
     | core/g24038__9945       | A v -> Y v   | AND2X1    | 0.224 |   4.307 |    9.573 | 
     | core/g24015__6417       | A0 v -> Y ^  | AOI21XL   | 0.177 |   4.484 |    9.750 | 
     | core/pending_q_reg[15]  | D ^          | DFFHQX1   | 0.000 |   4.484 |    9.750 | 
     +---------------------------------------------------------------------------------+ 
Path 45: MET Setup Check with Pin core/pending_q_reg[18]/CK 
Endpoint:   core/pending_q_reg[18]/D  (v) checked with  leading edge of 'clk'
Beginpoint: core/req_sync_q_reg[58]/Q (v) triggered by  leading edge of 'clk'
Path Groups: {clk}
Analysis View: setup_view
Other End Arrival Time          0.099
- Setup                         0.093
+ Phase Shift                  10.000
- Uncertainty                   0.200
= Required Time                 9.806
- Arrival Time                  4.536
= Slack Time                    5.270
     Clock Rise Edge                 0.000
     + Clock Network Latency (Prop)  0.000
     = Beginpoint Arrival Time       0.000
     +---------------------------------------------------------------------------------+ 
     |        Instance         |     Arc      |   Cell    | Delay | Arrival | Required | 
     |                         |              |           |       |  Time   |   Time   | 
     |-------------------------+--------------+-----------+-------+---------+----------| 
     | core/req_sync_q_reg[58] | CK ^         |           |       |   0.000 |    5.270 | 
     | core/req_sync_q_reg[58] | CK ^ -> Q v  | DFFHQX1   | 0.296 |   0.296 |    5.566 | 
     | core/g24486__5107       | A0 v -> Y ^  | AOI21X1   | 0.190 |   0.486 |    5.756 | 
     | core/g24250__5526       | C ^ -> Y v   | NAND4XL   | 0.269 |   0.755 |    6.025 | 
     | core/g24225__2802       | AN v -> Y v  | NAND4BX1  | 0.300 |   1.055 |    6.325 | 
     | core/g24217__6260       | AN v -> Y v  | NAND2BX1  | 0.261 |   1.315 |    6.585 | 
     | core/g24711__1881       | AN v -> Y v  | NAND2BX1  | 0.226 |   1.541 |    6.811 | 
     | core/g24179__2398       | B v -> Y ^   | NAND2XL   | 0.111 |   1.652 |    6.922 | 
     | core/g24167__5115       | B1 ^ -> Y v  | OAI222X1  | 0.196 |   1.848 |    7.118 | 
     | core/g24156__3680       | B0 v -> Y ^  | AOI211XL  | 0.216 |   2.063 |    7.333 | 
     | core/g24145__6260       | C0 ^ -> Y v  | OAI211X1  | 0.183 |   2.247 |    7.517 | 
     | core/g24139__1666       | C0 v -> Y ^  | AOI221X1  | 0.172 |   2.419 |    7.689 | 
     | core/g24135__9945       | B ^ -> Y v   | NAND2X2   | 0.181 |   2.600 |    7.870 | 
     | core/g24129__6161       | B v -> Y ^   | NAND2XL   | 0.139 |   2.740 |    8.010 | 
     | core/g24118__2802       | AN ^ -> Y ^  | NAND2BX2  | 0.138 |   2.877 |    8.147 | 
     | core/g24108__5477       | B1 ^ -> Y v  | OAI22X1   | 0.126 |   3.003 |    8.273 | 
     | core/g24083__4319       | A v -> Y ^   | NOR4X1    | 0.252 |   3.255 |    8.525 | 
     | core/g24076__6417       | B0 ^ -> Y v  | OAI31X1   | 0.191 |   3.446 |    8.716 | 
     | core/g24073__2346       | A1N v -> Y v | OAI2BB1X1 | 0.119 |   3.564 |    8.834 | 
     | core/g24071__9945       | A1N v -> Y v | OAI2BB1X1 | 0.110 |   3.674 |    8.944 | 
     | core/g24059__1705       | A2 v -> Y ^  | AOI32X1   | 0.116 |   3.790 |    9.060 | 
     | core/FE_OFC77_n_568     | A ^ -> Y ^   | BUFX2     | 0.116 |   3.906 |    9.176 | 
     | core/FE_OFC73_n_568     | A ^ -> Y ^   | BUFX2     | 0.087 |   3.993 |    9.263 | 
     | core/g24046__5477       | B ^ -> Y v   | NOR2X1    | 0.054 |   4.047 |    9.317 | 
     | core/g24041__2346       | C v -> Y ^   | NOR3X1    | 0.150 |   4.196 |    9.466 | 
     | core/FE_OFC38_n_582     | A ^ -> Y ^   | BUFX2     | 0.186 |   4.382 |    9.652 | 
     | core/g23991__4319       | A1 ^ -> Y v  | AOI21XL   | 0.154 |   4.536 |    9.806 | 
     | core/pending_q_reg[18]  | D v          | DFFHQX1   | 0.000 |   4.536 |    9.806 | 
     +---------------------------------------------------------------------------------+ 
Path 46: MET Setup Check with Pin core/pending_q_reg[11]/CK 
Endpoint:   core/pending_q_reg[11]/D  (^) checked with  leading edge of 'clk'
Beginpoint: core/req_sync_q_reg[58]/Q (v) triggered by  leading edge of 'clk'
Path Groups: {clk}
Analysis View: setup_view
Other End Arrival Time          0.097
- Setup                         0.133
+ Phase Shift                  10.000
- Uncertainty                   0.200
= Required Time                 9.765
- Arrival Time                  4.488
= Slack Time                    5.277
     Clock Rise Edge                 0.000
     + Clock Network Latency (Prop)  0.000
     = Beginpoint Arrival Time       0.000
     +---------------------------------------------------------------------------------+ 
     |        Instance         |     Arc      |   Cell    | Delay | Arrival | Required | 
     |                         |              |           |       |  Time   |   Time   | 
     |-------------------------+--------------+-----------+-------+---------+----------| 
     | core/req_sync_q_reg[58] | CK ^         |           |       |   0.000 |    5.277 | 
     | core/req_sync_q_reg[58] | CK ^ -> Q v  | DFFHQX1   | 0.296 |   0.296 |    5.573 | 
     | core/g24486__5107       | A0 v -> Y ^  | AOI21X1   | 0.190 |   0.486 |    5.763 | 
     | core/g24250__5526       | C ^ -> Y v   | NAND4XL   | 0.269 |   0.755 |    6.032 | 
     | core/g24225__2802       | AN v -> Y v  | NAND4BX1  | 0.300 |   1.055 |    6.332 | 
     | core/g24217__6260       | AN v -> Y v  | NAND2BX1  | 0.261 |   1.315 |    6.592 | 
     | core/g24711__1881       | AN v -> Y v  | NAND2BX1  | 0.226 |   1.541 |    6.818 | 
     | core/g24179__2398       | B v -> Y ^   | NAND2XL   | 0.111 |   1.652 |    6.929 | 
     | core/g24167__5115       | B1 ^ -> Y v  | OAI222X1  | 0.196 |   1.848 |    7.125 | 
     | core/g24156__3680       | B0 v -> Y ^  | AOI211XL  | 0.216 |   2.063 |    7.340 | 
     | core/g24145__6260       | C0 ^ -> Y v  | OAI211X1  | 0.183 |   2.247 |    7.524 | 
     | core/g24139__1666       | C0 v -> Y ^  | AOI221X1  | 0.172 |   2.419 |    7.696 | 
     | core/g24135__9945       | B ^ -> Y v   | NAND2X2   | 0.181 |   2.600 |    7.877 | 
     | core/g24129__6161       | B v -> Y ^   | NAND2XL   | 0.139 |   2.740 |    8.016 | 
     | core/g24118__2802       | AN ^ -> Y ^  | NAND2BX2  | 0.138 |   2.877 |    8.154 | 
     | core/g24108__5477       | B1 ^ -> Y v  | OAI22X1   | 0.126 |   3.003 |    8.280 | 
     | core/g24083__4319       | A v -> Y ^   | NOR4X1    | 0.252 |   3.255 |    8.532 | 
     | core/g24076__6417       | B0 ^ -> Y v  | OAI31X1   | 0.191 |   3.446 |    8.722 | 
     | core/g24073__2346       | A1N v -> Y v | OAI2BB1X1 | 0.119 |   3.564 |    8.841 | 
     | core/g24071__9945       | A1N v -> Y v | OAI2BB1X1 | 0.110 |   3.674 |    8.951 | 
     | core/g24059__1705       | A2 v -> Y ^  | AOI32X1   | 0.116 |   3.790 |    9.067 | 
     | core/FE_OFC77_n_568     | A ^ -> Y ^   | BUFX2     | 0.116 |   3.906 |    9.183 | 
     | core/FE_OFC73_n_568     | A ^ -> Y ^   | BUFX2     | 0.087 |   3.993 |    9.270 | 
     | core/g24045__6417       | B ^ -> Y v   | NAND2X1   | 0.090 |   4.083 |    9.360 | 
     | core/g24038__9945       | A v -> Y v   | AND2X1    | 0.224 |   4.307 |    9.583 | 
     | core/g24012__2346       | A0 v -> Y ^  | AOI21XL   | 0.181 |   4.488 |    9.765 | 
     | core/pending_q_reg[11]  | D ^          | DFFHQX1   | 0.000 |   4.488 |    9.765 | 
     +---------------------------------------------------------------------------------+ 
Path 47: MET Setup Check with Pin core/pending_q_reg[49]/CK 
Endpoint:   core/pending_q_reg[49]/D  (v) checked with  leading edge of 'clk'
Beginpoint: core/req_sync_q_reg[58]/Q (v) triggered by  leading edge of 'clk'
Path Groups: {clk}
Analysis View: setup_view
Other End Arrival Time          0.106
- Setup                         0.060
+ Phase Shift                  10.000
- Uncertainty                   0.200
= Required Time                 9.846
- Arrival Time                  4.569
= Slack Time                    5.277
     Clock Rise Edge                 0.000
     + Clock Network Latency (Prop)  0.000
     = Beginpoint Arrival Time       0.000
     +---------------------------------------------------------------------------------+ 
     |        Instance         |     Arc      |   Cell    | Delay | Arrival | Required | 
     |                         |              |           |       |  Time   |   Time   | 
     |-------------------------+--------------+-----------+-------+---------+----------| 
     | core/req_sync_q_reg[58] | CK ^         |           |       |   0.000 |    5.278 | 
     | core/req_sync_q_reg[58] | CK ^ -> Q v  | DFFHQX1   | 0.296 |   0.296 |    5.573 | 
     | core/g24486__5107       | A0 v -> Y ^  | AOI21X1   | 0.190 |   0.486 |    5.763 | 
     | core/g24250__5526       | C ^ -> Y v   | NAND4XL   | 0.269 |   0.755 |    6.032 | 
     | core/g24225__2802       | AN v -> Y v  | NAND4BX1  | 0.300 |   1.055 |    6.332 | 
     | core/g24217__6260       | AN v -> Y v  | NAND2BX1  | 0.261 |   1.315 |    6.593 | 
     | core/g24711__1881       | AN v -> Y v  | NAND2BX1  | 0.226 |   1.541 |    6.818 | 
     | core/g24179__2398       | B v -> Y ^   | NAND2XL   | 0.111 |   1.652 |    6.929 | 
     | core/g24167__5115       | B1 ^ -> Y v  | OAI222X1  | 0.196 |   1.848 |    7.125 | 
     | core/g24156__3680       | B0 v -> Y ^  | AOI211XL  | 0.216 |   2.063 |    7.341 | 
     | core/g24145__6260       | C0 ^ -> Y v  | OAI211X1  | 0.183 |   2.247 |    7.524 | 
     | core/g24139__1666       | C0 v -> Y ^  | AOI221X1  | 0.172 |   2.419 |    7.696 | 
     | core/g24135__9945       | B ^ -> Y v   | NAND2X2   | 0.181 |   2.600 |    7.878 | 
     | core/g24707__5122       | AN v -> Y v  | NOR2BX1   | 0.150 |   2.750 |    8.028 | 
     | core/g24121__8246       | B v -> Y ^   | NAND2X2   | 0.075 |   2.825 |    8.103 | 
     | core/g24105__1666       | B1 ^ -> Y ^  | OA22X1    | 0.191 |   3.017 |    8.294 | 
     | core/g24085__5526       | C0 ^ -> Y v  | OAI221X1  | 0.167 |   3.184 |    8.462 | 
     | core/g24076__6417       | A2 v -> Y ^  | OAI31X1   | 0.163 |   3.347 |    8.624 | 
     | core/g24073__2346       | A1N ^ -> Y ^ | OAI2BB1X1 | 0.160 |   3.507 |    8.785 | 
     | core/g24071__9945       | A1N ^ -> Y ^ | OAI2BB1X1 | 0.129 |   3.636 |    8.914 | 
     | core/g24059__1705       | A2 ^ -> Y v  | AOI32X1   | 0.170 |   3.807 |    9.084 | 
     | core/FE_OFC77_n_568     | A v -> Y v   | BUFX2     | 0.152 |   3.959 |    9.236 | 
     | core/FE_OFC73_n_568     | A v -> Y v   | BUFX2     | 0.080 |   4.039 |    9.316 | 
     | core/g24045__6417       | B v -> Y ^   | NAND2X1   | 0.047 |   4.086 |    9.363 | 
     | core/g2__1705           | B ^ -> Y v   | NAND2BX1  | 0.122 |   4.208 |    9.485 | 
     | core/g24036__6161       | B v -> Y ^   | NOR2X2    | 0.181 |   4.389 |    9.667 | 
     | core/g23958__6131       | A1 ^ -> Y v  | AOI21XL   | 0.179 |   4.569 |    9.846 | 
     | core/pending_q_reg[49]  | D v          | DFFHQX1   | 0.000 |   4.569 |    9.846 | 
     +---------------------------------------------------------------------------------+ 
Path 48: MET Setup Check with Pin core/pending_q_reg[55]/CK 
Endpoint:   core/pending_q_reg[55]/D  (v) checked with  leading edge of 'clk'
Beginpoint: core/req_sync_q_reg[58]/Q (v) triggered by  leading edge of 'clk'
Path Groups: {clk}
Analysis View: setup_view
Other End Arrival Time          0.106
- Setup                         0.060
+ Phase Shift                  10.000
- Uncertainty                   0.200
= Required Time                 9.846
- Arrival Time                  4.568
= Slack Time                    5.278
     Clock Rise Edge                 0.000
     + Clock Network Latency (Prop)  0.000
     = Beginpoint Arrival Time       0.000
     +---------------------------------------------------------------------------------+ 
     |        Instance         |     Arc      |   Cell    | Delay | Arrival | Required | 
     |                         |              |           |       |  Time   |   Time   | 
     |-------------------------+--------------+-----------+-------+---------+----------| 
     | core/req_sync_q_reg[58] | CK ^         |           |       |   0.000 |    5.279 | 
     | core/req_sync_q_reg[58] | CK ^ -> Q v  | DFFHQX1   | 0.296 |   0.296 |    5.574 | 
     | core/g24486__5107       | A0 v -> Y ^  | AOI21X1   | 0.190 |   0.486 |    5.764 | 
     | core/g24250__5526       | C ^ -> Y v   | NAND4XL   | 0.269 |   0.755 |    6.033 | 
     | core/g24225__2802       | AN v -> Y v  | NAND4BX1  | 0.300 |   1.055 |    6.333 | 
     | core/g24217__6260       | AN v -> Y v  | NAND2BX1  | 0.261 |   1.315 |    6.594 | 
     | core/g24711__1881       | AN v -> Y v  | NAND2BX1  | 0.226 |   1.541 |    6.819 | 
     | core/g24179__2398       | B v -> Y ^   | NAND2XL   | 0.111 |   1.652 |    6.930 | 
     | core/g24167__5115       | B1 ^ -> Y v  | OAI222X1  | 0.196 |   1.848 |    7.126 | 
     | core/g24156__3680       | B0 v -> Y ^  | AOI211XL  | 0.216 |   2.063 |    7.342 | 
     | core/g24145__6260       | C0 ^ -> Y v  | OAI211X1  | 0.183 |   2.247 |    7.525 | 
     | core/g24139__1666       | C0 v -> Y ^  | AOI221X1  | 0.172 |   2.419 |    7.697 | 
     | core/g24135__9945       | B ^ -> Y v   | NAND2X2   | 0.181 |   2.600 |    7.878 | 
     | core/g24707__5122       | AN v -> Y v  | NOR2BX1   | 0.150 |   2.750 |    8.029 | 
     | core/g24121__8246       | B v -> Y ^   | NAND2X2   | 0.075 |   2.825 |    8.104 | 
     | core/g24105__1666       | B1 ^ -> Y ^  | OA22X1    | 0.191 |   3.017 |    8.295 | 
     | core/g24085__5526       | C0 ^ -> Y v  | OAI221X1  | 0.167 |   3.184 |    8.462 | 
     | core/g24076__6417       | A2 v -> Y ^  | OAI31X1   | 0.163 |   3.347 |    8.625 | 
     | core/g24073__2346       | A1N ^ -> Y ^ | OAI2BB1X1 | 0.160 |   3.507 |    8.786 | 
     | core/g24071__9945       | A1N ^ -> Y ^ | OAI2BB1X1 | 0.129 |   3.636 |    8.914 | 
     | core/g24059__1705       | A2 ^ -> Y v  | AOI32X1   | 0.170 |   3.807 |    9.085 | 
     | core/FE_OFC77_n_568     | A v -> Y v   | BUFX2     | 0.152 |   3.959 |    9.237 | 
     | core/FE_OFC73_n_568     | A v -> Y v   | BUFX2     | 0.080 |   4.039 |    9.317 | 
     | core/g24045__6417       | B v -> Y ^   | NAND2X1   | 0.047 |   4.086 |    9.364 | 
     | core/g2__1705           | B ^ -> Y v   | NAND2BX1  | 0.122 |   4.208 |    9.486 | 
     | core/g24036__6161       | B v -> Y ^   | NOR2X2    | 0.181 |   4.389 |    9.668 | 
     | core/g23956__8246       | A1 ^ -> Y v  | AOI21XL   | 0.179 |   4.568 |    9.846 | 
     | core/pending_q_reg[55]  | D v          | DFFHQX1   | 0.000 |   4.568 |    9.846 | 
     +---------------------------------------------------------------------------------+ 
Path 49: MET Setup Check with Pin core/pending_q_reg[6]/CK 
Endpoint:   core/pending_q_reg[6]/D   (v) checked with  leading edge of 'clk'
Beginpoint: core/req_sync_q_reg[58]/Q (v) triggered by  leading edge of 'clk'
Path Groups: {clk}
Analysis View: setup_view
Other End Arrival Time          0.097
- Setup                         0.079
+ Phase Shift                  10.000
- Uncertainty                   0.200
= Required Time                 9.819
- Arrival Time                  4.536
= Slack Time                    5.283
     Clock Rise Edge                 0.000
     + Clock Network Latency (Prop)  0.000
     = Beginpoint Arrival Time       0.000
     +---------------------------------------------------------------------------------+ 
     |        Instance         |     Arc      |   Cell    | Delay | Arrival | Required | 
     |                         |              |           |       |  Time   |   Time   | 
     |-------------------------+--------------+-----------+-------+---------+----------| 
     | core/req_sync_q_reg[58] | CK ^         |           |       |   0.000 |    5.283 | 
     | core/req_sync_q_reg[58] | CK ^ -> Q v  | DFFHQX1   | 0.296 |   0.296 |    5.579 | 
     | core/g24486__5107       | A0 v -> Y ^  | AOI21X1   | 0.190 |   0.486 |    5.769 | 
     | core/g24250__5526       | C ^ -> Y v   | NAND4XL   | 0.269 |   0.755 |    6.038 | 
     | core/g24225__2802       | AN v -> Y v  | NAND4BX1  | 0.300 |   1.055 |    6.337 | 
     | core/g24217__6260       | AN v -> Y v  | NAND2BX1  | 0.261 |   1.315 |    6.598 | 
     | core/g24711__1881       | AN v -> Y v  | NAND2BX1  | 0.226 |   1.541 |    6.824 | 
     | core/g24179__2398       | B v -> Y ^   | NAND2XL   | 0.111 |   1.652 |    6.935 | 
     | core/g24167__5115       | B1 ^ -> Y v  | OAI222X1  | 0.196 |   1.848 |    7.130 | 
     | core/g24156__3680       | B0 v -> Y ^  | AOI211XL  | 0.216 |   2.063 |    7.346 | 
     | core/g24145__6260       | C0 ^ -> Y v  | OAI211X1  | 0.183 |   2.247 |    7.529 | 
     | core/g24139__1666       | C0 v -> Y ^  | AOI221X1  | 0.172 |   2.419 |    7.702 | 
     | core/g24135__9945       | B ^ -> Y v   | NAND2X2   | 0.181 |   2.600 |    7.883 | 
     | core/g24129__6161       | B v -> Y ^   | NAND2XL   | 0.139 |   2.740 |    8.022 | 
     | core/g24118__2802       | AN ^ -> Y ^  | NAND2BX2  | 0.138 |   2.877 |    8.160 | 
     | core/g24091__5122       | B1 ^ -> Y v  | OAI22X1   | 0.140 |   3.017 |    8.300 | 
     | core/g24077__5477       | A v -> Y ^   | NOR4X1    | 0.240 |   3.257 |    8.539 | 
     | core/FE_OFC45_n_548     | A ^ -> Y ^   | BUFX2     | 0.153 |   3.410 |    8.692 | 
     | core/g24075__7410       | C ^ -> Y ^   | AND3XL    | 0.185 |   3.595 |    8.878 | 
     | core/g24072__2883       | A2 ^ -> Y v  | AOI32X1   | 0.169 |   3.764 |    9.047 | 
     | core/FE_OFC33_n_554     | A v -> Y v   | BUFX2     | 0.151 |   3.916 |    9.199 | 
     | core/g24065__5115       | A1N v -> Y v | OAI2BB1X1 | 0.185 |   4.101 |    9.383 | 
     | core/g24055__6783       | B v -> Y ^   | NOR2X2    | 0.215 |   4.315 |    9.598 | 
     | core/g23988__2398       | A0 ^ -> Y v  | AOI21XL   | 0.220 |   4.536 |    9.819 | 
     | core/pending_q_reg[6]   | D v          | DFFHQX1   | 0.000 |   4.536 |    9.819 | 
     +---------------------------------------------------------------------------------+ 
Path 50: MET Setup Check with Pin core/pending_q_reg[2]/CK 
Endpoint:   core/pending_q_reg[2]/D   (v) checked with  leading edge of 'clk'
Beginpoint: core/req_sync_q_reg[58]/Q (v) triggered by  leading edge of 'clk'
Path Groups: {clk}
Analysis View: setup_view
Other End Arrival Time          0.097
- Setup                         0.084
+ Phase Shift                  10.000
- Uncertainty                   0.200
= Required Time                 9.814
- Arrival Time                  4.530
= Slack Time                    5.284
     Clock Rise Edge                 0.000
     + Clock Network Latency (Prop)  0.000
     = Beginpoint Arrival Time       0.000
     +---------------------------------------------------------------------------------+ 
     |        Instance         |     Arc      |   Cell    | Delay | Arrival | Required | 
     |                         |              |           |       |  Time   |   Time   | 
     |-------------------------+--------------+-----------+-------+---------+----------| 
     | core/req_sync_q_reg[58] | CK ^         |           |       |   0.000 |    5.284 | 
     | core/req_sync_q_reg[58] | CK ^ -> Q v  | DFFHQX1   | 0.296 |   0.296 |    5.580 | 
     | core/g24486__5107       | A0 v -> Y ^  | AOI21X1   | 0.190 |   0.486 |    5.770 | 
     | core/g24250__5526       | C ^ -> Y v   | NAND4XL   | 0.269 |   0.755 |    6.039 | 
     | core/g24225__2802       | AN v -> Y v  | NAND4BX1  | 0.300 |   1.055 |    6.339 | 
     | core/g24217__6260       | AN v -> Y v  | NAND2BX1  | 0.261 |   1.315 |    6.599 | 
     | core/g24711__1881       | AN v -> Y v  | NAND2BX1  | 0.226 |   1.541 |    6.825 | 
     | core/g24179__2398       | B v -> Y ^   | NAND2XL   | 0.111 |   1.652 |    6.936 | 
     | core/g24167__5115       | B1 ^ -> Y v  | OAI222X1  | 0.196 |   1.848 |    7.132 | 
     | core/g24156__3680       | B0 v -> Y ^  | AOI211XL  | 0.216 |   2.063 |    7.348 | 
     | core/g24145__6260       | C0 ^ -> Y v  | OAI211X1  | 0.183 |   2.247 |    7.531 | 
     | core/g24139__1666       | C0 v -> Y ^  | AOI221X1  | 0.172 |   2.419 |    7.703 | 
     | core/g24135__9945       | B ^ -> Y v   | NAND2X2   | 0.181 |   2.600 |    7.884 | 
     | core/g24129__6161       | B v -> Y ^   | NAND2XL   | 0.139 |   2.740 |    8.024 | 
     | core/g24118__2802       | AN ^ -> Y ^  | NAND2BX2  | 0.138 |   2.877 |    8.161 | 
     | core/g24108__5477       | B1 ^ -> Y v  | OAI22X1   | 0.126 |   3.003 |    8.287 | 
     | core/g24083__4319       | A v -> Y ^   | NOR4X1    | 0.252 |   3.255 |    8.539 | 
     | core/g24076__6417       | B0 ^ -> Y v  | OAI31X1   | 0.191 |   3.446 |    8.730 | 
     | core/g24073__2346       | A1N v -> Y v | OAI2BB1X1 | 0.119 |   3.564 |    8.849 | 
     | core/g24071__9945       | A1N v -> Y v | OAI2BB1X1 | 0.110 |   3.674 |    8.959 | 
     | core/g24059__1705       | A2 v -> Y ^  | AOI32X1   | 0.116 |   3.790 |    9.074 | 
     | core/FE_OFC77_n_568     | A ^ -> Y ^   | BUFX2     | 0.116 |   3.906 |    9.190 | 
     | core/FE_OFC73_n_568     | A ^ -> Y ^   | BUFX2     | 0.087 |   3.993 |    9.277 | 
     | core/g24046__5477       | B ^ -> Y v   | NOR2X1    | 0.054 |   4.047 |    9.331 | 
     | core/g24041__2346       | C v -> Y ^   | NOR3X1    | 0.150 |   4.196 |    9.480 | 
     | core/FE_OFC38_n_582     | A ^ -> Y ^   | BUFX2     | 0.186 |   4.382 |    9.666 | 
     | core/g24007__6161       | A1 ^ -> Y v  | AOI21XL   | 0.148 |   4.530 |    9.814 | 
     | core/pending_q_reg[2]   | D v          | DFFHQX1   | 0.000 |   4.530 |    9.814 | 
     +---------------------------------------------------------------------------------+ 
Path 51: MET Setup Check with Pin core/pending_q_reg[31]/CK 
Endpoint:   core/pending_q_reg[31]/D  (^) checked with  leading edge of 'clk'
Beginpoint: core/req_sync_q_reg[58]/Q (v) triggered by  leading edge of 'clk'
Path Groups: {clk}
Analysis View: setup_view
Other End Arrival Time          0.099
- Setup                         0.127
+ Phase Shift                  10.000
- Uncertainty                   0.200
= Required Time                 9.773
- Arrival Time                  4.481
= Slack Time                    5.292
     Clock Rise Edge                 0.000
     + Clock Network Latency (Prop)  0.000
     = Beginpoint Arrival Time       0.000
     +---------------------------------------------------------------------------------+ 
     |        Instance         |     Arc      |   Cell    | Delay | Arrival | Required | 
     |                         |              |           |       |  Time   |   Time   | 
     |-------------------------+--------------+-----------+-------+---------+----------| 
     | core/req_sync_q_reg[58] | CK ^         |           |       |   0.000 |    5.292 | 
     | core/req_sync_q_reg[58] | CK ^ -> Q v  | DFFHQX1   | 0.296 |   0.296 |    5.588 | 
     | core/g24486__5107       | A0 v -> Y ^  | AOI21X1   | 0.190 |   0.486 |    5.778 | 
     | core/g24250__5526       | C ^ -> Y v   | NAND4XL   | 0.269 |   0.755 |    6.047 | 
     | core/g24225__2802       | AN v -> Y v  | NAND4BX1  | 0.300 |   1.055 |    6.347 | 
     | core/g24217__6260       | AN v -> Y v  | NAND2BX1  | 0.261 |   1.315 |    6.607 | 
     | core/g24711__1881       | AN v -> Y v  | NAND2BX1  | 0.226 |   1.541 |    6.833 | 
     | core/g24179__2398       | B v -> Y ^   | NAND2XL   | 0.111 |   1.652 |    6.944 | 
     | core/g24167__5115       | B1 ^ -> Y v  | OAI222X1  | 0.196 |   1.848 |    7.140 | 
     | core/g24156__3680       | B0 v -> Y ^  | AOI211XL  | 0.216 |   2.063 |    7.356 | 
     | core/g24145__6260       | C0 ^ -> Y v  | OAI211X1  | 0.183 |   2.247 |    7.539 | 
     | core/g24139__1666       | C0 v -> Y ^  | AOI221X1  | 0.172 |   2.419 |    7.711 | 
     | core/g24135__9945       | B ^ -> Y v   | NAND2X2   | 0.181 |   2.600 |    7.892 | 
     | core/g24129__6161       | B v -> Y ^   | NAND2XL   | 0.139 |   2.740 |    8.032 | 
     | core/g24118__2802       | AN ^ -> Y ^  | NAND2BX2  | 0.138 |   2.877 |    8.169 | 
     | core/g24108__5477       | B1 ^ -> Y v  | OAI22X1   | 0.126 |   3.003 |    8.295 | 
     | core/g24083__4319       | A v -> Y ^   | NOR4X1    | 0.252 |   3.255 |    8.547 | 
     | core/g24076__6417       | B0 ^ -> Y v  | OAI31X1   | 0.191 |   3.446 |    8.738 | 
     | core/g24073__2346       | A1N v -> Y v | OAI2BB1X1 | 0.119 |   3.564 |    8.857 | 
     | core/g24071__9945       | A1N v -> Y v | OAI2BB1X1 | 0.110 |   3.674 |    8.967 | 
     | core/g24059__1705       | A2 v -> Y ^  | AOI32X1   | 0.116 |   3.790 |    9.082 | 
     | core/FE_OFC77_n_568     | A ^ -> Y ^   | BUFX2     | 0.116 |   3.906 |    9.198 | 
     | core/FE_OFC73_n_568     | A ^ -> Y ^   | BUFX2     | 0.087 |   3.993 |    9.285 | 
     | core/g24045__6417       | B ^ -> Y v   | NAND2X1   | 0.090 |   4.083 |    9.375 | 
     | core/g24038__9945       | A v -> Y v   | AND2X1    | 0.224 |   4.307 |    9.599 | 
     | core/g24022__5526       | A0 v -> Y ^  | AOI21XL   | 0.174 |   4.481 |    9.773 | 
     | core/pending_q_reg[31]  | D ^          | DFFHQX1   | 0.000 |   4.481 |    9.773 | 
     +---------------------------------------------------------------------------------+ 
Path 52: MET Setup Check with Pin core/pending_q_reg[57]/CK 
Endpoint:   core/pending_q_reg[57]/D  (^) checked with  leading edge of 'clk'
Beginpoint: core/req_sync_q_reg[58]/Q (v) triggered by  leading edge of 'clk'
Path Groups: {clk}
Analysis View: setup_view
Other End Arrival Time          0.096
- Setup                         0.134
+ Phase Shift                  10.000
- Uncertainty                   0.200
= Required Time                 9.762
- Arrival Time                  4.466
= Slack Time                    5.296
     Clock Rise Edge                 0.000
     + Clock Network Latency (Prop)  0.000
     = Beginpoint Arrival Time       0.000
     +-------------------------------------------------------------------------------+ 
     |        Instance         |     Arc     |   Cell   | Delay | Arrival | Required | 
     |                         |             |          |       |  Time   |   Time   | 
     |-------------------------+-------------+----------+-------+---------+----------| 
     | core/req_sync_q_reg[58] | CK ^        |          |       |   0.000 |    5.297 | 
     | core/req_sync_q_reg[58] | CK ^ -> Q v | DFFHQX1  | 0.296 |   0.296 |    5.592 | 
     | core/g24486__5107       | A0 v -> Y ^ | AOI21X1  | 0.190 |   0.486 |    5.782 | 
     | core/g24250__5526       | C ^ -> Y v  | NAND4XL  | 0.269 |   0.755 |    6.051 | 
     | core/g24225__2802       | AN v -> Y v | NAND4BX1 | 0.300 |   1.055 |    6.351 | 
     | core/g24217__6260       | AN v -> Y v | NAND2BX1 | 0.261 |   1.315 |    6.612 | 
     | core/g24711__1881       | AN v -> Y v | NAND2BX1 | 0.226 |   1.541 |    6.837 | 
     | core/g24179__2398       | B v -> Y ^  | NAND2XL  | 0.111 |   1.652 |    6.948 | 
     | core/g24167__5115       | B1 ^ -> Y v | OAI222X1 | 0.196 |   1.848 |    7.144 | 
     | core/g24156__3680       | B0 v -> Y ^ | AOI211XL | 0.216 |   2.063 |    7.360 | 
     | core/g24145__6260       | C0 ^ -> Y v | OAI211X1 | 0.183 |   2.247 |    7.543 | 
     | core/g24139__1666       | C0 v -> Y ^ | AOI221X1 | 0.172 |   2.419 |    7.716 | 
     | core/g24135__9945       | B ^ -> Y v  | NAND2X2  | 0.181 |   2.600 |    7.897 | 
     | core/g24129__6161       | B v -> Y ^  | NAND2XL  | 0.139 |   2.740 |    8.036 | 
     | core/g24118__2802       | AN ^ -> Y ^ | NAND2BX2 | 0.138 |   2.877 |    8.174 | 
     | core/g24091__5122       | B1 ^ -> Y v | OAI22X1  | 0.140 |   3.017 |    8.313 | 
     | core/g24077__5477       | A v -> Y ^  | NOR4X1   | 0.240 |   3.257 |    8.553 | 
     | core/FE_OFC45_n_548     | A ^ -> Y ^  | BUFX2    | 0.153 |   3.410 |    8.706 | 
     | core/g24075__7410       | C ^ -> Y ^  | AND3XL   | 0.185 |   3.595 |    8.891 | 
     | core/g24072__2883       | A2 ^ -> Y v | AOI32X1  | 0.169 |   3.764 |    9.061 | 
     | core/FE_OFC33_n_554     | A v -> Y v  | BUFX2    | 0.151 |   3.916 |    9.212 | 
     | core/g24068__4733       | B v -> Y v  | OR2X1    | 0.113 |   4.029 |    9.325 | 
     | core/g24064__1881       | B v -> Y ^  | NAND2X1  | 0.078 |   4.107 |    9.403 | 
     | core/g24052__4319       | C ^ -> Y v  | NOR3X1   | 0.103 |   4.209 |    9.506 | 
     | core/FE_OFC28_n_573     | A v -> Y v  | BUFX2    | 0.138 |   4.347 |    9.644 | 
     | core/g24029__8246       | A1 v -> Y ^ | AOI21XL  | 0.119 |   4.466 |    9.762 | 
     | core/pending_q_reg[57]  | D ^         | DFFHQX1  | 0.000 |   4.466 |    9.762 | 
     +-------------------------------------------------------------------------------+ 
Path 53: MET Setup Check with Pin core/pending_q_reg[47]/CK 
Endpoint:   core/pending_q_reg[47]/D  (v) checked with  leading edge of 'clk'
Beginpoint: core/req_sync_q_reg[58]/Q (v) triggered by  leading edge of 'clk'
Path Groups: {clk}
Analysis View: setup_view
Other End Arrival Time          0.090
- Setup                         0.073
+ Phase Shift                  10.000
- Uncertainty                   0.200
= Required Time                 9.816
- Arrival Time                  4.517
= Slack Time                    5.300
     Clock Rise Edge                 0.000
     + Clock Network Latency (Prop)  0.000
     = Beginpoint Arrival Time       0.000
     +---------------------------------------------------------------------------------+ 
     |        Instance         |     Arc      |   Cell    | Delay | Arrival | Required | 
     |                         |              |           |       |  Time   |   Time   | 
     |-------------------------+--------------+-----------+-------+---------+----------| 
     | core/req_sync_q_reg[58] | CK ^         |           |       |   0.000 |    5.300 | 
     | core/req_sync_q_reg[58] | CK ^ -> Q v  | DFFHQX1   | 0.296 |   0.296 |    5.596 | 
     | core/g24486__5107       | A0 v -> Y ^  | AOI21X1   | 0.190 |   0.486 |    5.786 | 
     | core/g24250__5526       | C ^ -> Y v   | NAND4XL   | 0.269 |   0.755 |    6.055 | 
     | core/g24225__2802       | AN v -> Y v  | NAND4BX1  | 0.300 |   1.055 |    6.355 | 
     | core/g24217__6260       | AN v -> Y v  | NAND2BX1  | 0.261 |   1.315 |    6.615 | 
     | core/g24711__1881       | AN v -> Y v  | NAND2BX1  | 0.226 |   1.541 |    6.841 | 
     | core/g24179__2398       | B v -> Y ^   | NAND2XL   | 0.111 |   1.652 |    6.952 | 
     | core/g24167__5115       | B1 ^ -> Y v  | OAI222X1  | 0.196 |   1.848 |    7.148 | 
     | core/g24156__3680       | B0 v -> Y ^  | AOI211XL  | 0.216 |   2.063 |    7.363 | 
     | core/g24145__6260       | C0 ^ -> Y v  | OAI211X1  | 0.183 |   2.247 |    7.547 | 
     | core/g24139__1666       | C0 v -> Y ^  | AOI221X1  | 0.172 |   2.419 |    7.719 | 
     | core/g24135__9945       | B ^ -> Y v   | NAND2X2   | 0.181 |   2.600 |    7.900 | 
     | core/g24129__6161       | B v -> Y ^   | NAND2XL   | 0.139 |   2.740 |    8.039 | 
     | core/g24118__2802       | AN ^ -> Y ^  | NAND2BX2  | 0.138 |   2.877 |    8.177 | 
     | core/g24091__5122       | B1 ^ -> Y v  | OAI22X1   | 0.140 |   3.017 |    8.317 | 
     | core/g24077__5477       | A v -> Y ^   | NOR4X1    | 0.240 |   3.257 |    8.557 | 
     | core/FE_OFC45_n_548     | A ^ -> Y ^   | BUFX2     | 0.153 |   3.410 |    8.709 | 
     | core/g24075__7410       | C ^ -> Y ^   | AND3XL    | 0.185 |   3.595 |    8.895 | 
     | core/g24072__2883       | A2 ^ -> Y v  | AOI32X1   | 0.169 |   3.764 |    9.064 | 
     | core/FE_OFC33_n_554     | A v -> Y v   | BUFX2     | 0.151 |   3.916 |    9.216 | 
     | core/g24065__5115       | A1N v -> Y v | OAI2BB1X1 | 0.185 |   4.101 |    9.401 | 
     | core/g24055__6783       | B v -> Y ^   | NOR2X2    | 0.215 |   4.315 |    9.615 | 
     | core/g24028__5122       | A1 ^ -> Y v  | AOI21XL   | 0.201 |   4.517 |    9.816 | 
     | core/pending_q_reg[47]  | D v          | DFFHQX1   | 0.000 |   4.517 |    9.816 | 
     +---------------------------------------------------------------------------------+ 
Path 54: MET Setup Check with Pin core/pending_q_reg[16]/CK 
Endpoint:   core/pending_q_reg[16]/D  (^) checked with  leading edge of 'clk'
Beginpoint: core/req_sync_q_reg[58]/Q (v) triggered by  leading edge of 'clk'
Path Groups: {clk}
Analysis View: setup_view
Other End Arrival Time          0.093
- Setup                         0.126
+ Phase Shift                  10.000
- Uncertainty                   0.200
= Required Time                 9.768
- Arrival Time                  4.467
= Slack Time                    5.301
     Clock Rise Edge                 0.000
     + Clock Network Latency (Prop)  0.000
     = Beginpoint Arrival Time       0.000
     +-------------------------------------------------------------------------------+ 
     |        Instance         |     Arc     |   Cell   | Delay | Arrival | Required | 
     |                         |             |          |       |  Time   |   Time   | 
     |-------------------------+-------------+----------+-------+---------+----------| 
     | core/req_sync_q_reg[58] | CK ^        |          |       |   0.000 |    5.301 | 
     | core/req_sync_q_reg[58] | CK ^ -> Q v | DFFHQX1  | 0.296 |   0.296 |    5.597 | 
     | core/g24486__5107       | A0 v -> Y ^ | AOI21X1  | 0.190 |   0.486 |    5.787 | 
     | core/g24250__5526       | C ^ -> Y v  | NAND4XL  | 0.269 |   0.755 |    6.056 | 
     | core/g24225__2802       | AN v -> Y v | NAND4BX1 | 0.300 |   1.055 |    6.355 | 
     | core/g24217__6260       | AN v -> Y v | NAND2BX1 | 0.261 |   1.315 |    6.616 | 
     | core/g24711__1881       | AN v -> Y v | NAND2BX1 | 0.226 |   1.541 |    6.842 | 
     | core/g24179__2398       | B v -> Y ^  | NAND2XL  | 0.111 |   1.652 |    6.953 | 
     | core/g24167__5115       | B1 ^ -> Y v | OAI222X1 | 0.196 |   1.848 |    7.148 | 
     | core/g24156__3680       | B0 v -> Y ^ | AOI211XL | 0.216 |   2.063 |    7.364 | 
     | core/g24145__6260       | C0 ^ -> Y v | OAI211X1 | 0.183 |   2.247 |    7.547 | 
     | core/g24139__1666       | C0 v -> Y ^ | AOI221X1 | 0.172 |   2.419 |    7.720 | 
     | core/g24135__9945       | B ^ -> Y v  | NAND2X2  | 0.181 |   2.600 |    7.901 | 
     | core/g24129__6161       | B v -> Y ^  | NAND2XL  | 0.139 |   2.740 |    8.040 | 
     | core/g24118__2802       | AN ^ -> Y ^ | NAND2BX2 | 0.138 |   2.877 |    8.178 | 
     | core/g24091__5122       | B1 ^ -> Y v | OAI22X1  | 0.140 |   3.017 |    8.318 | 
     | core/g24077__5477       | A v -> Y ^  | NOR4X1   | 0.240 |   3.257 |    8.557 | 
     | core/FE_OFC45_n_548     | A ^ -> Y ^  | BUFX2    | 0.153 |   3.410 |    8.710 | 
     | core/g24075__7410       | C ^ -> Y ^  | AND3XL   | 0.185 |   3.595 |    8.896 | 
     | core/g24072__2883       | A2 ^ -> Y v | AOI32X1  | 0.169 |   3.764 |    9.065 | 
     | core/FE_OFC33_n_554     | A v -> Y v  | BUFX2    | 0.151 |   3.916 |    9.217 | 
     | core/g24068__4733       | B v -> Y v  | OR2X1    | 0.113 |   4.029 |    9.329 | 
     | core/g24064__1881       | B v -> Y ^  | NAND2X1  | 0.078 |   4.107 |    9.407 | 
     | core/g24052__4319       | C ^ -> Y v  | NOR3X1   | 0.103 |   4.209 |    9.510 | 
     | core/FE_OFC28_n_573     | A v -> Y v  | BUFX2    | 0.138 |   4.347 |    9.648 | 
     | core/g23990__6260       | A0 v -> Y ^ | AOI21XL  | 0.120 |   4.467 |    9.768 | 
     | core/pending_q_reg[16]  | D ^         | DFFHQX1  | 0.000 |   4.467 |    9.768 | 
     +-------------------------------------------------------------------------------+ 
Path 55: MET Setup Check with Pin core/pending_q_reg[27]/CK 
Endpoint:   core/pending_q_reg[27]/D  (^) checked with  leading edge of 'clk'
Beginpoint: core/req_sync_q_reg[58]/Q (v) triggered by  leading edge of 'clk'
Path Groups: {clk}
Analysis View: setup_view
Other End Arrival Time          0.106
- Setup                         0.123
+ Phase Shift                  10.000
- Uncertainty                   0.200
= Required Time                 9.783
- Arrival Time                  4.480
= Slack Time                    5.303
     Clock Rise Edge                 0.000
     + Clock Network Latency (Prop)  0.000
     = Beginpoint Arrival Time       0.000
     +---------------------------------------------------------------------------------+ 
     |        Instance         |     Arc      |   Cell    | Delay | Arrival | Required | 
     |                         |              |           |       |  Time   |   Time   | 
     |-------------------------+--------------+-----------+-------+---------+----------| 
     | core/req_sync_q_reg[58] | CK ^         |           |       |   0.000 |    5.303 | 
     | core/req_sync_q_reg[58] | CK ^ -> Q v  | DFFHQX1   | 0.296 |   0.296 |    5.599 | 
     | core/g24486__5107       | A0 v -> Y ^  | AOI21X1   | 0.190 |   0.486 |    5.789 | 
     | core/g24250__5526       | C ^ -> Y v   | NAND4XL   | 0.269 |   0.755 |    6.058 | 
     | core/g24225__2802       | AN v -> Y v  | NAND4BX1  | 0.300 |   1.055 |    6.358 | 
     | core/g24217__6260       | AN v -> Y v  | NAND2BX1  | 0.261 |   1.315 |    6.618 | 
     | core/g24711__1881       | AN v -> Y v  | NAND2BX1  | 0.226 |   1.541 |    6.844 | 
     | core/g24179__2398       | B v -> Y ^   | NAND2XL   | 0.111 |   1.652 |    6.955 | 
     | core/g24167__5115       | B1 ^ -> Y v  | OAI222X1  | 0.196 |   1.848 |    7.151 | 
     | core/g24156__3680       | B0 v -> Y ^  | AOI211XL  | 0.216 |   2.063 |    7.366 | 
     | core/g24145__6260       | C0 ^ -> Y v  | OAI211X1  | 0.183 |   2.247 |    7.550 | 
     | core/g24139__1666       | C0 v -> Y ^  | AOI221X1  | 0.172 |   2.419 |    7.722 | 
     | core/g24135__9945       | B ^ -> Y v   | NAND2X2   | 0.181 |   2.600 |    7.903 | 
     | core/g24129__6161       | B v -> Y ^   | NAND2XL   | 0.139 |   2.740 |    8.043 | 
     | core/g24118__2802       | AN ^ -> Y ^  | NAND2BX2  | 0.138 |   2.877 |    8.180 | 
     | core/g24108__5477       | B1 ^ -> Y v  | OAI22X1   | 0.126 |   3.003 |    8.306 | 
     | core/g24083__4319       | A v -> Y ^   | NOR4X1    | 0.252 |   3.255 |    8.558 | 
     | core/g24076__6417       | B0 ^ -> Y v  | OAI31X1   | 0.191 |   3.446 |    8.749 | 
     | core/g24073__2346       | A1N v -> Y v | OAI2BB1X1 | 0.119 |   3.564 |    8.867 | 
     | core/g24071__9945       | A1N v -> Y v | OAI2BB1X1 | 0.110 |   3.674 |    8.977 | 
     | core/g24059__1705       | A2 v -> Y ^  | AOI32X1   | 0.116 |   3.790 |    9.093 | 
     | core/FE_OFC77_n_568     | A ^ -> Y ^   | BUFX2     | 0.116 |   3.906 |    9.209 | 
     | core/FE_OFC73_n_568     | A ^ -> Y ^   | BUFX2     | 0.087 |   3.993 |    9.296 | 
     | core/g24045__6417       | B ^ -> Y v   | NAND2X1   | 0.090 |   4.083 |    9.386 | 
     | core/g24038__9945       | A v -> Y v   | AND2X1    | 0.224 |   4.307 |    9.610 | 
     | core/g24019__6260       | A0 v -> Y ^  | AOI21XL   | 0.173 |   4.480 |    9.783 | 
     | core/pending_q_reg[27]  | D ^          | DFFHQX1   | 0.000 |   4.480 |    9.783 | 
     +---------------------------------------------------------------------------------+ 
Path 56: MET Setup Check with Pin core/pending_q_reg[22]/CK 
Endpoint:   core/pending_q_reg[22]/D  (v) checked with  leading edge of 'clk'
Beginpoint: core/req_sync_q_reg[58]/Q (v) triggered by  leading edge of 'clk'
Path Groups: {clk}
Analysis View: setup_view
Other End Arrival Time          0.099
- Setup                         0.066
+ Phase Shift                  10.000
- Uncertainty                   0.200
= Required Time                 9.833
- Arrival Time                  4.530
= Slack Time                    5.304
     Clock Rise Edge                 0.000
     + Clock Network Latency (Prop)  0.000
     = Beginpoint Arrival Time       0.000
     +---------------------------------------------------------------------------------+ 
     |        Instance         |     Arc      |   Cell    | Delay | Arrival | Required | 
     |                         |              |           |       |  Time   |   Time   | 
     |-------------------------+--------------+-----------+-------+---------+----------| 
     | core/req_sync_q_reg[58] | CK ^         |           |       |   0.000 |    5.304 | 
     | core/req_sync_q_reg[58] | CK ^ -> Q v  | DFFHQX1   | 0.296 |   0.296 |    5.599 | 
     | core/g24486__5107       | A0 v -> Y ^  | AOI21X1   | 0.190 |   0.486 |    5.790 | 
     | core/g24250__5526       | C ^ -> Y v   | NAND4XL   | 0.269 |   0.755 |    6.058 | 
     | core/g24225__2802       | AN v -> Y v  | NAND4BX1  | 0.300 |   1.055 |    6.358 | 
     | core/g24217__6260       | AN v -> Y v  | NAND2BX1  | 0.261 |   1.315 |    6.619 | 
     | core/g24711__1881       | AN v -> Y v  | NAND2BX1  | 0.226 |   1.541 |    6.845 | 
     | core/g24179__2398       | B v -> Y ^   | NAND2XL   | 0.111 |   1.652 |    6.955 | 
     | core/g24167__5115       | B1 ^ -> Y v  | OAI222X1  | 0.196 |   1.848 |    7.151 | 
     | core/g24156__3680       | B0 v -> Y ^  | AOI211XL  | 0.216 |   2.063 |    7.367 | 
     | core/g24145__6260       | C0 ^ -> Y v  | OAI211X1  | 0.183 |   2.247 |    7.550 | 
     | core/g24139__1666       | C0 v -> Y ^  | AOI221X1  | 0.172 |   2.419 |    7.723 | 
     | core/g24135__9945       | B ^ -> Y v   | NAND2X2   | 0.181 |   2.600 |    7.904 | 
     | core/g24129__6161       | B v -> Y ^   | NAND2XL   | 0.139 |   2.740 |    8.043 | 
     | core/g24118__2802       | AN ^ -> Y ^  | NAND2BX2  | 0.138 |   2.877 |    8.181 | 
     | core/g24091__5122       | B1 ^ -> Y v  | OAI22X1   | 0.140 |   3.017 |    8.320 | 
     | core/g24077__5477       | A v -> Y ^   | NOR4X1    | 0.240 |   3.257 |    8.560 | 
     | core/FE_OFC45_n_548     | A ^ -> Y ^   | BUFX2     | 0.153 |   3.410 |    8.713 | 
     | core/g24075__7410       | C ^ -> Y ^   | AND3XL    | 0.185 |   3.595 |    8.899 | 
     | core/g24072__2883       | A2 ^ -> Y v  | AOI32X1   | 0.169 |   3.764 |    9.068 | 
     | core/FE_OFC33_n_554     | A v -> Y v   | BUFX2     | 0.151 |   3.916 |    9.220 | 
     | core/g24065__5115       | A1N v -> Y v | OAI2BB1X1 | 0.185 |   4.101 |    9.404 | 
     | core/g24056__3680       | B v -> Y ^   | NOR2X2    | 0.222 |   4.322 |    9.626 | 
     | core/g23993__5526       | A0 ^ -> Y v  | AOI21XL   | 0.207 |   4.530 |    9.833 | 
     | core/pending_q_reg[22]  | D v          | DFFHQX1   | 0.000 |   4.530 |    9.833 | 
     +---------------------------------------------------------------------------------+ 
Path 57: MET Setup Check with Pin core/pending_q_reg[38]/CK 
Endpoint:   core/pending_q_reg[38]/D  (v) checked with  leading edge of 'clk'
Beginpoint: core/req_sync_q_reg[58]/Q (v) triggered by  leading edge of 'clk'
Path Groups: {clk}
Analysis View: setup_view
Other End Arrival Time          0.100
- Setup                         0.067
+ Phase Shift                  10.000
- Uncertainty                   0.200
= Required Time                 9.833
- Arrival Time                  4.523
= Slack Time                    5.310
     Clock Rise Edge                 0.000
     + Clock Network Latency (Prop)  0.000
     = Beginpoint Arrival Time       0.000
     +---------------------------------------------------------------------------------+ 
     |        Instance         |     Arc      |   Cell    | Delay | Arrival | Required | 
     |                         |              |           |       |  Time   |   Time   | 
     |-------------------------+--------------+-----------+-------+---------+----------| 
     | core/req_sync_q_reg[58] | CK ^         |           |       |   0.000 |    5.310 | 
     | core/req_sync_q_reg[58] | CK ^ -> Q v  | DFFHQX1   | 0.296 |   0.296 |    5.606 | 
     | core/g24486__5107       | A0 v -> Y ^  | AOI21X1   | 0.190 |   0.486 |    5.796 | 
     | core/g24250__5526       | C ^ -> Y v   | NAND4XL   | 0.269 |   0.755 |    6.065 | 
     | core/g24225__2802       | AN v -> Y v  | NAND4BX1  | 0.300 |   1.055 |    6.365 | 
     | core/g24217__6260       | AN v -> Y v  | NAND2BX1  | 0.261 |   1.315 |    6.625 | 
     | core/g24711__1881       | AN v -> Y v  | NAND2BX1  | 0.226 |   1.541 |    6.851 | 
     | core/g24179__2398       | B v -> Y ^   | NAND2XL   | 0.111 |   1.652 |    6.962 | 
     | core/g24167__5115       | B1 ^ -> Y v  | OAI222X1  | 0.196 |   1.848 |    7.158 | 
     | core/g24156__3680       | B0 v -> Y ^  | AOI211XL  | 0.216 |   2.063 |    7.374 | 
     | core/g24145__6260       | C0 ^ -> Y v  | OAI211X1  | 0.183 |   2.247 |    7.557 | 
     | core/g24139__1666       | C0 v -> Y ^  | AOI221X1  | 0.172 |   2.419 |    7.729 | 
     | core/g24135__9945       | B ^ -> Y v   | NAND2X2   | 0.181 |   2.600 |    7.910 | 
     | core/g24129__6161       | B v -> Y ^   | NAND2XL   | 0.139 |   2.740 |    8.050 | 
     | core/g24118__2802       | AN ^ -> Y ^  | NAND2BX2  | 0.138 |   2.877 |    8.187 | 
     | core/g24091__5122       | B1 ^ -> Y v  | OAI22X1   | 0.140 |   3.017 |    8.327 | 
     | core/g24077__5477       | A v -> Y ^   | NOR4X1    | 0.240 |   3.257 |    8.567 | 
     | core/FE_OFC45_n_548     | A ^ -> Y ^   | BUFX2     | 0.153 |   3.410 |    8.720 | 
     | core/g24075__7410       | C ^ -> Y ^   | AND3XL    | 0.185 |   3.595 |    8.905 | 
     | core/g24072__2883       | A2 ^ -> Y v  | AOI32X1   | 0.169 |   3.764 |    9.075 | 
     | core/FE_OFC33_n_554     | A v -> Y v   | BUFX2     | 0.151 |   3.916 |    9.226 | 
     | core/g24065__5115       | A1N v -> Y v | OAI2BB1X1 | 0.185 |   4.101 |    9.411 | 
     | core/g24055__6783       | B v -> Y ^   | NOR2X2    | 0.215 |   4.315 |    9.626 | 
     | core/g23998__1705       | A0 ^ -> Y v  | AOI21XL   | 0.207 |   4.523 |    9.833 | 
     | core/pending_q_reg[38]  | D v          | DFFHQX1   | 0.000 |   4.523 |    9.833 | 
     +---------------------------------------------------------------------------------+ 
Path 58: MET Setup Check with Pin core/pending_q_reg[54]/CK 
Endpoint:   core/pending_q_reg[54]/D  (v) checked with  leading edge of 'clk'
Beginpoint: core/req_sync_q_reg[58]/Q (v) triggered by  leading edge of 'clk'
Path Groups: {clk}
Analysis View: setup_view
Other End Arrival Time          0.106
- Setup                         0.063
+ Phase Shift                  10.000
- Uncertainty                   0.200
= Required Time                 9.843
- Arrival Time                  4.533
= Slack Time                    5.310
     Clock Rise Edge                 0.000
     + Clock Network Latency (Prop)  0.000
     = Beginpoint Arrival Time       0.000
     +---------------------------------------------------------------------------------+ 
     |        Instance         |     Arc      |   Cell    | Delay | Arrival | Required | 
     |                         |              |           |       |  Time   |   Time   | 
     |-------------------------+--------------+-----------+-------+---------+----------| 
     | core/req_sync_q_reg[58] | CK ^         |           |       |   0.000 |    5.311 | 
     | core/req_sync_q_reg[58] | CK ^ -> Q v  | DFFHQX1   | 0.296 |   0.296 |    5.606 | 
     | core/g24486__5107       | A0 v -> Y ^  | AOI21X1   | 0.190 |   0.486 |    5.796 | 
     | core/g24250__5526       | C ^ -> Y v   | NAND4XL   | 0.269 |   0.755 |    6.065 | 
     | core/g24225__2802       | AN v -> Y v  | NAND4BX1  | 0.300 |   1.055 |    6.365 | 
     | core/g24217__6260       | AN v -> Y v  | NAND2BX1  | 0.261 |   1.315 |    6.626 | 
     | core/g24711__1881       | AN v -> Y v  | NAND2BX1  | 0.226 |   1.541 |    6.851 | 
     | core/g24179__2398       | B v -> Y ^   | NAND2XL   | 0.111 |   1.652 |    6.962 | 
     | core/g24167__5115       | B1 ^ -> Y v  | OAI222X1  | 0.196 |   1.848 |    7.158 | 
     | core/g24156__3680       | B0 v -> Y ^  | AOI211XL  | 0.216 |   2.063 |    7.374 | 
     | core/g24145__6260       | C0 ^ -> Y v  | OAI211X1  | 0.183 |   2.247 |    7.557 | 
     | core/g24139__1666       | C0 v -> Y ^  | AOI221X1  | 0.172 |   2.419 |    7.729 | 
     | core/g24135__9945       | B ^ -> Y v   | NAND2X2   | 0.181 |   2.600 |    7.911 | 
     | core/g24129__6161       | B v -> Y ^   | NAND2XL   | 0.139 |   2.740 |    8.050 | 
     | core/g24118__2802       | AN ^ -> Y ^  | NAND2BX2  | 0.138 |   2.877 |    8.188 | 
     | core/g24091__5122       | B1 ^ -> Y v  | OAI22X1   | 0.140 |   3.017 |    8.327 | 
     | core/g24077__5477       | A v -> Y ^   | NOR4X1    | 0.240 |   3.257 |    8.567 | 
     | core/FE_OFC45_n_548     | A ^ -> Y ^   | BUFX2     | 0.153 |   3.410 |    8.720 | 
     | core/g24075__7410       | C ^ -> Y ^   | AND3XL    | 0.185 |   3.595 |    8.905 | 
     | core/g24072__2883       | A2 ^ -> Y v  | AOI32X1   | 0.169 |   3.764 |    9.075 | 
     | core/FE_OFC33_n_554     | A v -> Y v   | BUFX2     | 0.151 |   3.916 |    9.226 | 
     | core/g24065__5115       | A1N v -> Y v | OAI2BB1X1 | 0.185 |   4.101 |    9.411 | 
     | core/g24056__3680       | B v -> Y ^   | NOR2X2    | 0.222 |   4.322 |    9.633 | 
     | core/g24004__5115       | A0 ^ -> Y v  | AOI21XL   | 0.211 |   4.533 |    9.843 | 
     | core/pending_q_reg[54]  | D v          | DFFHQX1   | 0.000 |   4.533 |    9.843 | 
     +---------------------------------------------------------------------------------+ 
Path 59: MET Setup Check with Pin core/pending_q_reg[48]/CK 
Endpoint:   core/pending_q_reg[48]/D  (^) checked with  leading edge of 'clk'
Beginpoint: core/req_sync_q_reg[58]/Q (v) triggered by  leading edge of 'clk'
Path Groups: {clk}
Analysis View: setup_view
Other End Arrival Time          0.106
- Setup                         0.122
+ Phase Shift                  10.000
- Uncertainty                   0.200
= Required Time                 9.784
- Arrival Time                  4.466
= Slack Time                    5.317
     Clock Rise Edge                 0.000
     + Clock Network Latency (Prop)  0.000
     = Beginpoint Arrival Time       0.000
     +-------------------------------------------------------------------------------+ 
     |        Instance         |     Arc     |   Cell   | Delay | Arrival | Required | 
     |                         |             |          |       |  Time   |   Time   | 
     |-------------------------+-------------+----------+-------+---------+----------| 
     | core/req_sync_q_reg[58] | CK ^        |          |       |   0.000 |    5.318 | 
     | core/req_sync_q_reg[58] | CK ^ -> Q v | DFFHQX1  | 0.296 |   0.296 |    5.613 | 
     | core/g24486__5107       | A0 v -> Y ^ | AOI21X1  | 0.190 |   0.486 |    5.803 | 
     | core/g24250__5526       | C ^ -> Y v  | NAND4XL  | 0.269 |   0.755 |    6.072 | 
     | core/g24225__2802       | AN v -> Y v | NAND4BX1 | 0.300 |   1.055 |    6.372 | 
     | core/g24217__6260       | AN v -> Y v | NAND2BX1 | 0.261 |   1.315 |    6.633 | 
     | core/g24711__1881       | AN v -> Y v | NAND2BX1 | 0.226 |   1.541 |    6.858 | 
     | core/g24179__2398       | B v -> Y ^  | NAND2XL  | 0.111 |   1.652 |    6.969 | 
     | core/g24167__5115       | B1 ^ -> Y v | OAI222X1 | 0.196 |   1.848 |    7.165 | 
     | core/g24156__3680       | B0 v -> Y ^ | AOI211XL | 0.216 |   2.063 |    7.381 | 
     | core/g24145__6260       | C0 ^ -> Y v | OAI211X1 | 0.183 |   2.247 |    7.564 | 
     | core/g24139__1666       | C0 v -> Y ^ | AOI221X1 | 0.172 |   2.419 |    7.737 | 
     | core/g24135__9945       | B ^ -> Y v  | NAND2X2  | 0.181 |   2.600 |    7.918 | 
     | core/g24129__6161       | B v -> Y ^  | NAND2XL  | 0.139 |   2.740 |    8.057 | 
     | core/g24118__2802       | AN ^ -> Y ^ | NAND2BX2 | 0.138 |   2.877 |    8.195 | 
     | core/g24091__5122       | B1 ^ -> Y v | OAI22X1  | 0.140 |   3.017 |    8.334 | 
     | core/g24077__5477       | A v -> Y ^  | NOR4X1   | 0.240 |   3.257 |    8.574 | 
     | core/FE_OFC45_n_548     | A ^ -> Y ^  | BUFX2    | 0.153 |   3.410 |    8.727 | 
     | core/g24075__7410       | C ^ -> Y ^  | AND3XL   | 0.185 |   3.595 |    8.912 | 
     | core/g24072__2883       | A2 ^ -> Y v | AOI32X1  | 0.169 |   3.764 |    9.082 | 
     | core/FE_OFC33_n_554     | A v -> Y v  | BUFX2    | 0.151 |   3.916 |    9.233 | 
     | core/g24068__4733       | B v -> Y v  | OR2X1    | 0.113 |   4.029 |    9.346 | 
     | core/g24064__1881       | B v -> Y ^  | NAND2X1  | 0.078 |   4.107 |    9.424 | 
     | core/g24052__4319       | C ^ -> Y v  | NOR3X1   | 0.103 |   4.209 |    9.527 | 
     | core/FE_OFC28_n_573     | A v -> Y v  | BUFX2    | 0.138 |   4.347 |    9.665 | 
     | core/g24001__7098       | A0 v -> Y ^ | AOI21XL  | 0.119 |   4.466 |    9.784 | 
     | core/pending_q_reg[48]  | D ^         | DFFHQX1  | 0.000 |   4.466 |    9.784 | 
     +-------------------------------------------------------------------------------+ 
Path 60: MET Setup Check with Pin core/pending_q_reg[34]/CK 
Endpoint:   core/pending_q_reg[34]/D  (^) checked with  leading edge of 'clk'
Beginpoint: core/req_sync_q_reg[58]/Q (v) triggered by  leading edge of 'clk'
Path Groups: {clk}
Analysis View: setup_view
Other End Arrival Time          0.097
- Setup                         0.131
+ Phase Shift                  10.000
- Uncertainty                   0.200
= Required Time                 9.766
- Arrival Time                  4.442
= Slack Time                    5.323
     Clock Rise Edge                 0.000
     + Clock Network Latency (Prop)  0.000
     = Beginpoint Arrival Time       0.000
     +---------------------------------------------------------------------------------+ 
     |        Instance         |     Arc      |   Cell    | Delay | Arrival | Required | 
     |                         |              |           |       |  Time   |   Time   | 
     |-------------------------+--------------+-----------+-------+---------+----------| 
     | core/req_sync_q_reg[58] | CK ^         |           |       |   0.000 |    5.324 | 
     | core/req_sync_q_reg[58] | CK ^ -> Q v  | DFFHQX1   | 0.296 |   0.296 |    5.619 | 
     | core/g24486__5107       | A0 v -> Y ^  | AOI21X1   | 0.190 |   0.486 |    5.809 | 
     | core/g24250__5526       | C ^ -> Y v   | NAND4XL   | 0.269 |   0.755 |    6.078 | 
     | core/g24225__2802       | AN v -> Y v  | NAND4BX1  | 0.300 |   1.055 |    6.378 | 
     | core/g24217__6260       | AN v -> Y v  | NAND2BX1  | 0.261 |   1.315 |    6.639 | 
     | core/g24711__1881       | AN v -> Y v  | NAND2BX1  | 0.226 |   1.541 |    6.864 | 
     | core/g24179__2398       | B v -> Y ^   | NAND2XL   | 0.111 |   1.652 |    6.975 | 
     | core/g24167__5115       | B1 ^ -> Y v  | OAI222X1  | 0.196 |   1.848 |    7.171 | 
     | core/g24156__3680       | B0 v -> Y ^  | AOI211XL  | 0.216 |   2.063 |    7.387 | 
     | core/g24145__6260       | C0 ^ -> Y v  | OAI211X1  | 0.183 |   2.247 |    7.570 | 
     | core/g24139__1666       | C0 v -> Y ^  | AOI221X1  | 0.172 |   2.419 |    7.742 | 
     | core/g24135__9945       | B ^ -> Y v   | NAND2X2   | 0.181 |   2.600 |    7.924 | 
     | core/g24707__5122       | AN v -> Y v  | NOR2BX1   | 0.150 |   2.750 |    8.074 | 
     | core/g24121__8246       | B v -> Y ^   | NAND2X2   | 0.075 |   2.825 |    8.149 | 
     | core/g24105__1666       | B1 ^ -> Y ^  | OA22X1    | 0.191 |   3.017 |    8.340 | 
     | core/g24085__5526       | C0 ^ -> Y v  | OAI221X1  | 0.167 |   3.184 |    8.508 | 
     | core/g24076__6417       | A2 v -> Y ^  | OAI31X1   | 0.163 |   3.347 |    8.670 | 
     | core/g24073__2346       | A1N ^ -> Y ^ | OAI2BB1X1 | 0.160 |   3.507 |    8.831 | 
     | core/g24071__9945       | A1N ^ -> Y ^ | OAI2BB1X1 | 0.129 |   3.636 |    8.960 | 
     | core/g24059__1705       | A2 ^ -> Y v  | AOI32X1   | 0.170 |   3.807 |    9.130 | 
     | core/FE_OFC77_n_568     | A v -> Y v   | BUFX2     | 0.152 |   3.959 |    9.282 | 
     | core/FE_OFC73_n_568     | A v -> Y v   | BUFX2     | 0.080 |   4.039 |    9.362 | 
     | core/g24046__5477       | B v -> Y ^   | NOR2X1    | 0.087 |   4.126 |    9.449 | 
     | core/g24043__7410       | C ^ -> Y v   | NOR3X1    | 0.088 |   4.213 |    9.537 | 
     | core/FE_OFC37_n_580     | A v -> Y v   | BUFX2     | 0.120 |   4.333 |    9.657 | 
     | core/g23996__1617       | A1 v -> Y ^  | AOI21XL   | 0.109 |   4.442 |    9.766 | 
     | core/pending_q_reg[34]  | D ^          | DFFHQX1   | 0.000 |   4.442 |    9.766 | 
     +---------------------------------------------------------------------------------+ 
Path 61: MET Setup Check with Pin core/pending_q_reg[50]/CK 
Endpoint:   core/pending_q_reg[50]/D  (^) checked with  leading edge of 'clk'
Beginpoint: core/req_sync_q_reg[58]/Q (v) triggered by  leading edge of 'clk'
Path Groups: {clk}
Analysis View: setup_view
Other End Arrival Time          0.106
- Setup                         0.131
+ Phase Shift                  10.000
- Uncertainty                   0.200
= Required Time                 9.775
- Arrival Time                  4.448
= Slack Time                    5.327
     Clock Rise Edge                 0.000
     + Clock Network Latency (Prop)  0.000
     = Beginpoint Arrival Time       0.000
     +---------------------------------------------------------------------------------+ 
     |        Instance         |     Arc      |   Cell    | Delay | Arrival | Required | 
     |                         |              |           |       |  Time   |   Time   | 
     |-------------------------+--------------+-----------+-------+---------+----------| 
     | core/req_sync_q_reg[58] | CK ^         |           |       |   0.000 |    5.327 | 
     | core/req_sync_q_reg[58] | CK ^ -> Q v  | DFFHQX1   | 0.296 |   0.296 |    5.623 | 
     | core/g24486__5107       | A0 v -> Y ^  | AOI21X1   | 0.190 |   0.486 |    5.813 | 
     | core/g24250__5526       | C ^ -> Y v   | NAND4XL   | 0.269 |   0.755 |    6.082 | 
     | core/g24225__2802       | AN v -> Y v  | NAND4BX1  | 0.300 |   1.055 |    6.382 | 
     | core/g24217__6260       | AN v -> Y v  | NAND2BX1  | 0.261 |   1.315 |    6.642 | 
     | core/g24711__1881       | AN v -> Y v  | NAND2BX1  | 0.226 |   1.541 |    6.868 | 
     | core/g24179__2398       | B v -> Y ^   | NAND2XL   | 0.111 |   1.652 |    6.979 | 
     | core/g24167__5115       | B1 ^ -> Y v  | OAI222X1  | 0.196 |   1.848 |    7.175 | 
     | core/g24156__3680       | B0 v -> Y ^  | AOI211XL  | 0.216 |   2.063 |    7.390 | 
     | core/g24145__6260       | C0 ^ -> Y v  | OAI211X1  | 0.183 |   2.247 |    7.574 | 
     | core/g24139__1666       | C0 v -> Y ^  | AOI221X1  | 0.172 |   2.419 |    7.746 | 
     | core/g24135__9945       | B ^ -> Y v   | NAND2X2   | 0.181 |   2.600 |    7.927 | 
     | core/g24707__5122       | AN v -> Y v  | NOR2BX1   | 0.150 |   2.750 |    8.077 | 
     | core/g24121__8246       | B v -> Y ^   | NAND2X2   | 0.075 |   2.825 |    8.152 | 
     | core/g24105__1666       | B1 ^ -> Y ^  | OA22X1    | 0.191 |   3.017 |    8.344 | 
     | core/g24085__5526       | C0 ^ -> Y v  | OAI221X1  | 0.167 |   3.184 |    8.511 | 
     | core/g24076__6417       | A2 v -> Y ^  | OAI31X1   | 0.163 |   3.347 |    8.674 | 
     | core/g24073__2346       | A1N ^ -> Y ^ | OAI2BB1X1 | 0.160 |   3.507 |    8.834 | 
     | core/g24071__9945       | A1N ^ -> Y ^ | OAI2BB1X1 | 0.129 |   3.636 |    8.963 | 
     | core/g24059__1705       | A2 ^ -> Y v  | AOI32X1   | 0.170 |   3.807 |    9.134 | 
     | core/FE_OFC77_n_568     | A v -> Y v   | BUFX2     | 0.152 |   3.959 |    9.286 | 
     | core/FE_OFC73_n_568     | A v -> Y v   | BUFX2     | 0.080 |   4.039 |    9.366 | 
     | core/g24046__5477       | B v -> Y ^   | NOR2X1    | 0.087 |   4.126 |    9.453 | 
     | core/g24043__7410       | C ^ -> Y v   | NOR3X1    | 0.088 |   4.213 |    9.540 | 
     | core/FE_OFC37_n_580     | A v -> Y v   | BUFX2     | 0.120 |   4.333 |    9.660 | 
     | core/g24002__6131       | A1 v -> Y ^  | AOI21XL   | 0.115 |   4.448 |    9.775 | 
     | core/pending_q_reg[50]  | D ^          | DFFHQX1   | 0.000 |   4.448 |    9.775 | 
     +---------------------------------------------------------------------------------+ 
Path 62: MET Setup Check with Pin core/pending_q_reg[43]/CK 
Endpoint:   core/pending_q_reg[43]/D  (^) checked with  leading edge of 'clk'
Beginpoint: core/req_sync_q_reg[58]/Q (v) triggered by  leading edge of 'clk'
Path Groups: {clk}
Analysis View: setup_view
Other End Arrival Time          0.097
- Setup                         0.135
+ Phase Shift                  10.000
- Uncertainty                   0.200
= Required Time                 9.761
- Arrival Time                  4.416
= Slack Time                    5.345
     Clock Rise Edge                 0.000
     + Clock Network Latency (Prop)  0.000
     = Beginpoint Arrival Time       0.000
     +---------------------------------------------------------------------------------+ 
     |        Instance         |     Arc      |   Cell    | Delay | Arrival | Required | 
     |                         |              |           |       |  Time   |   Time   | 
     |-------------------------+--------------+-----------+-------+---------+----------| 
     | core/req_sync_q_reg[58] | CK ^         |           |       |   0.000 |    5.346 | 
     | core/req_sync_q_reg[58] | CK ^ -> Q v  | DFFHQX1   | 0.296 |   0.296 |    5.641 | 
     | core/g24486__5107       | A0 v -> Y ^  | AOI21X1   | 0.190 |   0.486 |    5.831 | 
     | core/g24250__5526       | C ^ -> Y v   | NAND4XL   | 0.269 |   0.755 |    6.100 | 
     | core/g24225__2802       | AN v -> Y v  | NAND4BX1  | 0.300 |   1.055 |    6.400 | 
     | core/g24217__6260       | AN v -> Y v  | NAND2BX1  | 0.261 |   1.315 |    6.661 | 
     | core/g24711__1881       | AN v -> Y v  | NAND2BX1  | 0.226 |   1.541 |    6.886 | 
     | core/g24179__2398       | B v -> Y ^   | NAND2XL   | 0.111 |   1.652 |    6.997 | 
     | core/g24167__5115       | B1 ^ -> Y v  | OAI222X1  | 0.196 |   1.848 |    7.193 | 
     | core/g24156__3680       | B0 v -> Y ^  | AOI211XL  | 0.216 |   2.063 |    7.409 | 
     | core/g24145__6260       | C0 ^ -> Y v  | OAI211X1  | 0.183 |   2.247 |    7.592 | 
     | core/g24139__1666       | C0 v -> Y ^  | AOI221X1  | 0.172 |   2.419 |    7.765 | 
     | core/g24135__9945       | B ^ -> Y v   | NAND2X2   | 0.181 |   2.600 |    7.946 | 
     | core/g24129__6161       | B v -> Y ^   | NAND2XL   | 0.139 |   2.740 |    8.085 | 
     | core/g24118__2802       | AN ^ -> Y ^  | NAND2BX2  | 0.138 |   2.877 |    8.223 | 
     | core/g24108__5477       | B1 ^ -> Y v  | OAI22X1   | 0.126 |   3.003 |    8.348 | 
     | core/g24083__4319       | A v -> Y ^   | NOR4X1    | 0.252 |   3.255 |    8.600 | 
     | core/g24076__6417       | B0 ^ -> Y v  | OAI31X1   | 0.191 |   3.446 |    8.791 | 
     | core/g24073__2346       | A1N v -> Y v | OAI2BB1X1 | 0.119 |   3.564 |    8.910 | 
     | core/g24071__9945       | A1N v -> Y v | OAI2BB1X1 | 0.110 |   3.674 |    9.020 | 
     | core/g24059__1705       | A2 v -> Y ^  | AOI32X1   | 0.116 |   3.790 |    9.136 | 
     | core/FE_OFC77_n_568     | A ^ -> Y ^   | BUFX2     | 0.116 |   3.906 |    9.251 | 
     | core/FE_OFC73_n_568     | A ^ -> Y ^   | BUFX2     | 0.087 |   3.993 |    9.338 | 
     | core/g24045__6417       | B ^ -> Y v   | NAND2X1   | 0.090 |   4.083 |    9.428 | 
     | core/g24039__2883       | A v -> Y v   | AND2X1    | 0.176 |   4.259 |    9.605 | 
     | core/g24025__1617       | A0 v -> Y ^  | AOI21XL   | 0.157 |   4.416 |    9.761 | 
     | core/pending_q_reg[43]  | D ^          | DFFHQX1   | 0.000 |   4.416 |    9.761 | 
     +---------------------------------------------------------------------------------+ 
Path 63: MET Setup Check with Pin core/pending_q_reg[41]/CK 
Endpoint:   core/pending_q_reg[41]/D  (^) checked with  leading edge of 'clk'
Beginpoint: core/req_sync_q_reg[58]/Q (v) triggered by  leading edge of 'clk'
Path Groups: {clk}
Analysis View: setup_view
Other End Arrival Time          0.090
- Setup                         0.131
+ Phase Shift                  10.000
- Uncertainty                   0.200
= Required Time                 9.759
- Arrival Time                  4.411
= Slack Time                    5.347
     Clock Rise Edge                 0.000
     + Clock Network Latency (Prop)  0.000
     = Beginpoint Arrival Time       0.000
     +---------------------------------------------------------------------------------+ 
     |        Instance         |     Arc      |   Cell    | Delay | Arrival | Required | 
     |                         |              |           |       |  Time   |   Time   | 
     |-------------------------+--------------+-----------+-------+---------+----------| 
     | core/req_sync_q_reg[58] | CK ^         |           |       |   0.000 |    5.348 | 
     | core/req_sync_q_reg[58] | CK ^ -> Q v  | DFFHQX1   | 0.296 |   0.296 |    5.643 | 
     | core/g24486__5107       | A0 v -> Y ^  | AOI21X1   | 0.190 |   0.486 |    5.833 | 
     | core/g24250__5526       | C ^ -> Y v   | NAND4XL   | 0.269 |   0.755 |    6.102 | 
     | core/g24225__2802       | AN v -> Y v  | NAND4BX1  | 0.300 |   1.055 |    6.402 | 
     | core/g24217__6260       | AN v -> Y v  | NAND2BX1  | 0.261 |   1.315 |    6.663 | 
     | core/g24711__1881       | AN v -> Y v  | NAND2BX1  | 0.226 |   1.541 |    6.888 | 
     | core/g24179__2398       | B v -> Y ^   | NAND2XL   | 0.111 |   1.652 |    6.999 | 
     | core/g24167__5115       | B1 ^ -> Y v  | OAI222X1  | 0.196 |   1.848 |    7.195 | 
     | core/g24156__3680       | B0 v -> Y ^  | AOI211XL  | 0.216 |   2.063 |    7.411 | 
     | core/g24145__6260       | C0 ^ -> Y v  | OAI211X1  | 0.183 |   2.247 |    7.594 | 
     | core/g24139__1666       | C0 v -> Y ^  | AOI221X1  | 0.172 |   2.419 |    7.766 | 
     | core/g24135__9945       | B ^ -> Y v   | NAND2X2   | 0.181 |   2.600 |    7.948 | 
     | core/g24129__6161       | B v -> Y ^   | NAND2XL   | 0.139 |   2.740 |    8.087 | 
     | core/g24118__2802       | AN ^ -> Y ^  | NAND2BX2  | 0.138 |   2.877 |    8.225 | 
     | core/g24108__5477       | B1 ^ -> Y v  | OAI22X1   | 0.126 |   3.003 |    8.350 | 
     | core/g24083__4319       | A v -> Y ^   | NOR4X1    | 0.252 |   3.255 |    8.602 | 
     | core/g24076__6417       | B0 ^ -> Y v  | OAI31X1   | 0.191 |   3.446 |    8.793 | 
     | core/g24073__2346       | A1N v -> Y v | OAI2BB1X1 | 0.119 |   3.564 |    8.912 | 
     | core/g24071__9945       | A1N v -> Y v | OAI2BB1X1 | 0.110 |   3.674 |    9.022 | 
     | core/g24059__1705       | A2 v -> Y ^  | AOI32X1   | 0.116 |   3.790 |    9.138 | 
     | core/FE_OFC77_n_568     | A ^ -> Y ^   | BUFX2     | 0.116 |   3.906 |    9.253 | 
     | core/FE_OFC73_n_568     | A ^ -> Y ^   | BUFX2     | 0.087 |   3.993 |    9.340 | 
     | core/g24045__6417       | B ^ -> Y v   | NAND2X1   | 0.090 |   4.083 |    9.430 | 
     | core/g24039__2883       | A v -> Y v   | AND2X1    | 0.176 |   4.259 |    9.607 | 
     | core/g24023__6783       | A0 v -> Y ^  | AOI21XL   | 0.152 |   4.411 |    9.759 | 
     | core/pending_q_reg[41]  | D ^          | DFFHQX1   | 0.000 |   4.411 |    9.759 | 
     +---------------------------------------------------------------------------------+ 
Path 64: MET Setup Check with Pin core/pending_q_reg[59]/CK 
Endpoint:   core/pending_q_reg[59]/D  (^) checked with  leading edge of 'clk'
Beginpoint: core/req_sync_q_reg[58]/Q (v) triggered by  leading edge of 'clk'
Path Groups: {clk}
Analysis View: setup_view
Other End Arrival Time          0.089
- Setup                         0.126
+ Phase Shift                  10.000
- Uncertainty                   0.200
= Required Time                 9.763
- Arrival Time                  4.405
= Slack Time                    5.359
     Clock Rise Edge                 0.000
     + Clock Network Latency (Prop)  0.000
     = Beginpoint Arrival Time       0.000
     +---------------------------------------------------------------------------------+ 
     |        Instance         |     Arc      |   Cell    | Delay | Arrival | Required | 
     |                         |              |           |       |  Time   |   Time   | 
     |-------------------------+--------------+-----------+-------+---------+----------| 
     | core/req_sync_q_reg[58] | CK ^         |           |       |   0.000 |    5.359 | 
     | core/req_sync_q_reg[58] | CK ^ -> Q v  | DFFHQX1   | 0.296 |   0.296 |    5.654 | 
     | core/g24486__5107       | A0 v -> Y ^  | AOI21X1   | 0.190 |   0.486 |    5.845 | 
     | core/g24250__5526       | C ^ -> Y v   | NAND4XL   | 0.269 |   0.755 |    6.113 | 
     | core/g24225__2802       | AN v -> Y v  | NAND4BX1  | 0.300 |   1.055 |    6.413 | 
     | core/g24217__6260       | AN v -> Y v  | NAND2BX1  | 0.261 |   1.315 |    6.674 | 
     | core/g24711__1881       | AN v -> Y v  | NAND2BX1  | 0.226 |   1.541 |    6.899 | 
     | core/g24179__2398       | B v -> Y ^   | NAND2XL   | 0.111 |   1.652 |    7.010 | 
     | core/g24167__5115       | B1 ^ -> Y v  | OAI222X1  | 0.196 |   1.848 |    7.206 | 
     | core/g24156__3680       | B0 v -> Y ^  | AOI211XL  | 0.216 |   2.063 |    7.422 | 
     | core/g24145__6260       | C0 ^ -> Y v  | OAI211X1  | 0.183 |   2.247 |    7.605 | 
     | core/g24139__1666       | C0 v -> Y ^  | AOI221X1  | 0.172 |   2.419 |    7.778 | 
     | core/g24135__9945       | B ^ -> Y v   | NAND2X2   | 0.181 |   2.600 |    7.959 | 
     | core/g24129__6161       | B v -> Y ^   | NAND2XL   | 0.139 |   2.740 |    8.098 | 
     | core/g24118__2802       | AN ^ -> Y ^  | NAND2BX2  | 0.138 |   2.877 |    8.236 | 
     | core/g24108__5477       | B1 ^ -> Y v  | OAI22X1   | 0.126 |   3.003 |    8.361 | 
     | core/g24083__4319       | A v -> Y ^   | NOR4X1    | 0.252 |   3.255 |    8.614 | 
     | core/g24076__6417       | B0 ^ -> Y v  | OAI31X1   | 0.191 |   3.446 |    8.804 | 
     | core/g24073__2346       | A1N v -> Y v | OAI2BB1X1 | 0.119 |   3.564 |    8.923 | 
     | core/g24071__9945       | A1N v -> Y v | OAI2BB1X1 | 0.110 |   3.674 |    9.033 | 
     | core/g24059__1705       | A2 v -> Y ^  | AOI32X1   | 0.116 |   3.790 |    9.149 | 
     | core/FE_OFC77_n_568     | A ^ -> Y ^   | BUFX2     | 0.116 |   3.906 |    9.264 | 
     | core/FE_OFC73_n_568     | A ^ -> Y ^   | BUFX2     | 0.087 |   3.993 |    9.351 | 
     | core/g24045__6417       | B ^ -> Y v   | NAND2X1   | 0.090 |   4.083 |    9.441 | 
     | core/g24039__2883       | A v -> Y v   | AND2X1    | 0.176 |   4.259 |    9.618 | 
     | core/g24010__9945       | A0 v -> Y ^  | AOI21XL   | 0.146 |   4.405 |    9.763 | 
     | core/pending_q_reg[59]  | D ^          | DFFHQX1   | 0.000 |   4.405 |    9.763 | 
     +---------------------------------------------------------------------------------+ 
Path 65: MET Setup Check with Pin core/out_rank_q_reg[0]/CK 
Endpoint:   core/out_rank_q_reg[0]/D  (^) checked with  leading edge of 'clk'
Beginpoint: core/req_sync_q_reg[58]/Q (v) triggered by  leading edge of 'clk'
Path Groups: {clk}
Analysis View: setup_view
Other End Arrival Time          0.090
- Setup                         0.133
+ Phase Shift                  10.000
- Uncertainty                   0.200
= Required Time                 9.757
- Arrival Time                  4.291
= Slack Time                    5.466
     Clock Rise Edge                 0.000
     + Clock Network Latency (Prop)  0.000
     = Beginpoint Arrival Time       0.000
     +---------------------------------------------------------------------------------+ 
     |        Instance         |     Arc      |   Cell    | Delay | Arrival | Required | 
     |                         |              |           |       |  Time   |   Time   | 
     |-------------------------+--------------+-----------+-------+---------+----------| 
     | core/req_sync_q_reg[58] | CK ^         |           |       |   0.000 |    5.466 | 
     | core/req_sync_q_reg[58] | CK ^ -> Q v  | DFFHQX1   | 0.296 |   0.296 |    5.761 | 
     | core/g24486__5107       | A0 v -> Y ^  | AOI21X1   | 0.190 |   0.486 |    5.952 | 
     | core/g24250__5526       | C ^ -> Y v   | NAND4XL   | 0.269 |   0.755 |    6.220 | 
     | core/g24225__2802       | AN v -> Y v  | NAND4BX1  | 0.300 |   1.055 |    6.520 | 
     | core/g24217__6260       | AN v -> Y v  | NAND2BX1  | 0.261 |   1.315 |    6.781 | 
     | core/g24711__1881       | AN v -> Y v  | NAND2BX1  | 0.226 |   1.541 |    7.007 | 
     | core/g24179__2398       | B v -> Y ^   | NAND2XL   | 0.111 |   1.652 |    7.117 | 
     | core/g24167__5115       | B1 ^ -> Y v  | OAI222X1  | 0.196 |   1.848 |    7.313 | 
     | core/g24156__3680       | B0 v -> Y ^  | AOI211XL  | 0.216 |   2.063 |    7.529 | 
     | core/g24145__6260       | C0 ^ -> Y v  | OAI211X1  | 0.183 |   2.247 |    7.712 | 
     | core/g24139__1666       | C0 v -> Y ^  | AOI221X1  | 0.172 |   2.419 |    7.885 | 
     | core/g24135__9945       | B ^ -> Y v   | NAND2X2   | 0.181 |   2.600 |    8.066 | 
     | core/g24707__5122       | AN v -> Y v  | NOR2BX1   | 0.150 |   2.750 |    8.216 | 
     | core/g24121__8246       | B v -> Y ^   | NAND2X2   | 0.075 |   2.825 |    8.291 | 
     | core/g24105__1666       | B1 ^ -> Y ^  | OA22X1    | 0.191 |   3.017 |    8.482 | 
     | core/g24085__5526       | C0 ^ -> Y v  | OAI221X1  | 0.167 |   3.184 |    8.650 | 
     | core/g24076__6417       | A2 v -> Y ^  | OAI31X1   | 0.163 |   3.347 |    8.813 | 
     | core/g24073__2346       | A1N ^ -> Y ^ | OAI2BB1X1 | 0.160 |   3.507 |    8.973 | 
     | core/g24071__9945       | A1N ^ -> Y ^ | OAI2BB1X1 | 0.129 |   3.636 |    9.102 | 
     | core/g24059__1705       | A2 ^ -> Y v  | AOI32X1   | 0.170 |   3.807 |    9.272 | 
     | core/FE_OFC77_n_568     | A v -> Y v   | BUFX2     | 0.152 |   3.959 |    9.424 | 
     | core/FE_OFC73_n_568     | A v -> Y v   | BUFX2     | 0.080 |   4.039 |    9.505 | 
     | core/g24046__5477       | B v -> Y ^   | NOR2X1    | 0.087 |   4.126 |    9.591 | 
     | core/g24044             | A ^ -> Y v   | INVX1     | 0.103 |   4.229 |    9.694 | 
     | core/g24035__4733       | C0 v -> Y ^  | OAI211X1  | 0.063 |   4.291 |    9.757 | 
     | core/out_rank_q_reg[0]  | D ^          | DFFHQX1   | 0.000 |   4.291 |    9.757 | 
     +---------------------------------------------------------------------------------+ 
Path 66: MET Setup Check with Pin core/out_rank_q_reg[1]/CK 
Endpoint:   core/out_rank_q_reg[1]/D  (^) checked with  leading edge of 'clk'
Beginpoint: core/req_sync_q_reg[58]/Q (v) triggered by  leading edge of 'clk'
Path Groups: {clk}
Analysis View: setup_view
Other End Arrival Time          0.090
- Setup                         0.135
+ Phase Shift                  10.000
- Uncertainty                   0.200
= Required Time                 9.755
- Arrival Time                  4.088
= Slack Time                    5.667
     Clock Rise Edge                 0.000
     + Clock Network Latency (Prop)  0.000
     = Beginpoint Arrival Time       0.000
     +-------------------------------------------------------------------------------+ 
     |        Instance         |     Arc     |   Cell   | Delay | Arrival | Required | 
     |                         |             |          |       |  Time   |   Time   | 
     |-------------------------+-------------+----------+-------+---------+----------| 
     | core/req_sync_q_reg[58] | CK ^        |          |       |   0.000 |    5.667 | 
     | core/req_sync_q_reg[58] | CK ^ -> Q v | DFFHQX1  | 0.296 |   0.296 |    5.962 | 
     | core/g24486__5107       | A0 v -> Y ^ | AOI21X1  | 0.190 |   0.486 |    6.153 | 
     | core/g24250__5526       | C ^ -> Y v  | NAND4XL  | 0.269 |   0.755 |    6.421 | 
     | core/g24225__2802       | AN v -> Y v | NAND4BX1 | 0.300 |   1.055 |    6.721 | 
     | core/g24217__6260       | AN v -> Y v | NAND2BX1 | 0.261 |   1.315 |    6.982 | 
     | core/g24711__1881       | AN v -> Y v | NAND2BX1 | 0.226 |   1.541 |    7.208 | 
     | core/g24179__2398       | B v -> Y ^  | NAND2XL  | 0.111 |   1.652 |    7.318 | 
     | core/g24167__5115       | B1 ^ -> Y v | OAI222X1 | 0.196 |   1.848 |    7.514 | 
     | core/g24156__3680       | B0 v -> Y ^ | AOI211XL | 0.216 |   2.063 |    7.730 | 
     | core/g24145__6260       | C0 ^ -> Y v | OAI211X1 | 0.183 |   2.247 |    7.913 | 
     | core/g24139__1666       | C0 v -> Y ^ | AOI221X1 | 0.172 |   2.419 |    8.086 | 
     | core/g24135__9945       | B ^ -> Y v  | NAND2X2  | 0.181 |   2.600 |    8.267 | 
     | core/g24129__6161       | B v -> Y ^  | NAND2XL  | 0.139 |   2.740 |    8.406 | 
     | core/g24118__2802       | AN ^ -> Y ^ | NAND2BX2 | 0.138 |   2.877 |    8.544 | 
     | core/g24091__5122       | B1 ^ -> Y v | OAI22X1  | 0.140 |   3.017 |    8.683 | 
     | core/g24077__5477       | A v -> Y ^  | NOR4X1   | 0.240 |   3.257 |    8.923 | 
     | core/FE_OFC45_n_548     | A ^ -> Y ^  | BUFX2    | 0.153 |   3.410 |    9.076 | 
     | core/g24075__7410       | C ^ -> Y ^  | AND3XL   | 0.185 |   3.595 |    9.262 | 
     | core/g24070__9315       | A0 ^ -> Y v | AOI22X1  | 0.166 |   3.761 |    9.428 | 
     | core/g24069__6161       | B v -> Y ^  | NOR2X2   | 0.173 |   3.934 |    9.600 | 
     | core/g24067             | A ^ -> Y v  | INVX1    | 0.106 |   4.039 |    9.706 | 
     | core/g24057__1617       | C0 v -> Y ^ | OAI211X1 | 0.049 |   4.088 |    9.755 | 
     | core/out_rank_q_reg[1]  | D ^         | DFFHQX1  | 0.000 |   4.088 |    9.755 | 
     +-------------------------------------------------------------------------------+ 
Path 67: MET Setup Check with Pin core/out_rank_q_reg[2]/CK 
Endpoint:   core/out_rank_q_reg[2]/D  (^) checked with  leading edge of 'clk'
Beginpoint: core/req_sync_q_reg[58]/Q (v) triggered by  leading edge of 'clk'
Path Groups: {clk}
Analysis View: setup_view
Other End Arrival Time          0.090
- Setup                         0.136
+ Phase Shift                  10.000
- Uncertainty                   0.200
= Required Time                 9.754
- Arrival Time                  4.075
= Slack Time                    5.679
     Clock Rise Edge                 0.000
     + Clock Network Latency (Prop)  0.000
     = Beginpoint Arrival Time       0.000
     +-------------------------------------------------------------------------------+ 
     |        Instance         |     Arc     |   Cell   | Delay | Arrival | Required | 
     |                         |             |          |       |  Time   |   Time   | 
     |-------------------------+-------------+----------+-------+---------+----------| 
     | core/req_sync_q_reg[58] | CK ^        |          |       |   0.000 |    5.679 | 
     | core/req_sync_q_reg[58] | CK ^ -> Q v | DFFHQX1  | 0.296 |   0.296 |    5.975 | 
     | core/g24486__5107       | A0 v -> Y ^ | AOI21X1  | 0.190 |   0.486 |    6.165 | 
     | core/g24250__5526       | C ^ -> Y v  | NAND4XL  | 0.269 |   0.755 |    6.434 | 
     | core/g24225__2802       | AN v -> Y v | NAND4BX1 | 0.300 |   1.055 |    6.733 | 
     | core/g24217__6260       | AN v -> Y v | NAND2BX1 | 0.261 |   1.315 |    6.994 | 
     | core/g24711__1881       | AN v -> Y v | NAND2BX1 | 0.226 |   1.541 |    7.220 | 
     | core/g24179__2398       | B v -> Y ^  | NAND2XL  | 0.111 |   1.652 |    7.331 | 
     | core/g24167__5115       | B1 ^ -> Y v | OAI222X1 | 0.196 |   1.848 |    7.526 | 
     | core/g24156__3680       | B0 v -> Y ^ | AOI211XL | 0.216 |   2.063 |    7.742 | 
     | core/g24145__6260       | C0 ^ -> Y v | OAI211X1 | 0.183 |   2.247 |    7.925 | 
     | core/g24139__1666       | C0 v -> Y ^ | AOI221X1 | 0.172 |   2.419 |    8.098 | 
     | core/g24135__9945       | B ^ -> Y v  | NAND2X2  | 0.181 |   2.600 |    8.279 | 
     | core/g24129__6161       | B v -> Y ^  | NAND2XL  | 0.139 |   2.740 |    8.418 | 
     | core/g24118__2802       | AN ^ -> Y ^ | NAND2BX2 | 0.138 |   2.877 |    8.556 | 
     | core/g24091__5122       | B1 ^ -> Y v | OAI22X1  | 0.140 |   3.017 |    8.696 | 
     | core/g24077__5477       | A v -> Y ^  | NOR4X1   | 0.240 |   3.257 |    8.935 | 
     | core/FE_OFC45_n_548     | A ^ -> Y ^  | BUFX2    | 0.153 |   3.410 |    9.088 | 
     | core/g24075__7410       | C ^ -> Y ^  | AND3XL   | 0.185 |   3.595 |    9.274 | 
     | core/g24072__2883       | A2 ^ -> Y v | AOI32X1  | 0.169 |   3.764 |    9.443 | 
     | core/FE_OFC33_n_554     | A v -> Y v  | BUFX2    | 0.151 |   3.916 |    9.595 | 
     | core/g24068__4733       | B v -> Y v  | OR2X1    | 0.113 |   4.029 |    9.707 | 
     | core/g24058__2802       | C0 v -> Y ^ | OAI211X1 | 0.047 |   4.075 |    9.754 | 
     | core/out_rank_q_reg[2]  | D ^         | DFFHQX1  | 0.000 |   4.075 |    9.754 | 
     +-------------------------------------------------------------------------------+ 
Path 68: MET Setup Check with Pin core/out_rank_q_reg[3]/CK 
Endpoint:   core/out_rank_q_reg[3]/D  (v) checked with  leading edge of 'clk'
Beginpoint: core/req_sync_q_reg[58]/Q (v) triggered by  leading edge of 'clk'
Path Groups: {clk}
Analysis View: setup_view
Other End Arrival Time          0.090
- Setup                         0.086
+ Phase Shift                  10.000
- Uncertainty                   0.200
= Required Time                 9.803
- Arrival Time                  2.868
= Slack Time                    6.935
     Clock Rise Edge                 0.000
     + Clock Network Latency (Prop)  0.000
     = Beginpoint Arrival Time       0.000
     +-------------------------------------------------------------------------------+ 
     |        Instance         |     Arc     |   Cell   | Delay | Arrival | Required | 
     |                         |             |          |       |  Time   |   Time   | 
     |-------------------------+-------------+----------+-------+---------+----------| 
     | core/req_sync_q_reg[58] | CK ^        |          |       |   0.000 |    6.935 | 
     | core/req_sync_q_reg[58] | CK ^ -> Q v | DFFHQX1  | 0.296 |   0.296 |    7.231 | 
     | core/g24486__5107       | A0 v -> Y ^ | AOI21X1  | 0.190 |   0.486 |    7.421 | 
     | core/g24250__5526       | C ^ -> Y v  | NAND4XL  | 0.269 |   0.755 |    7.690 | 
     | core/g24225__2802       | AN v -> Y v | NAND4BX1 | 0.300 |   1.055 |    7.990 | 
     | core/g24217__6260       | AN v -> Y v | NAND2BX1 | 0.261 |   1.315 |    8.250 | 
     | core/g24711__1881       | AN v -> Y v | NAND2BX1 | 0.226 |   1.541 |    8.476 | 
     | core/g24179__2398       | B v -> Y ^  | NAND2XL  | 0.111 |   1.652 |    8.587 | 
     | core/g24167__5115       | B1 ^ -> Y v | OAI222X1 | 0.196 |   1.848 |    8.783 | 
     | core/g24156__3680       | B0 v -> Y ^ | AOI211XL | 0.216 |   2.063 |    8.998 | 
     | core/g24145__6260       | C0 ^ -> Y v | OAI211X1 | 0.183 |   2.247 |    9.182 | 
     | core/g24139__1666       | C0 v -> Y ^ | AOI221X1 | 0.172 |   2.419 |    9.354 | 
     | core/g24135__9945       | B ^ -> Y v  | NAND2X2  | 0.181 |   2.600 |    9.535 | 
     | core/g24133__9315       | B v -> Y ^  | NAND2X1  | 0.122 |   2.722 |    9.657 | 
     | core/g24115__6783       | C0 ^ -> Y v | OAI211X1 | 0.146 |   2.868 |    9.803 | 
     | core/out_rank_q_reg[3]  | D v         | DFFHQX1  | 0.000 |   2.868 |    9.803 | 
     +-------------------------------------------------------------------------------+ 
Path 69: MET Setup Check with Pin core/out_rank_q_reg[4]/CK 
Endpoint:   core/out_rank_q_reg[4]/D  (v) checked with  leading edge of 'clk'
Beginpoint: core/req_sync_q_reg[58]/Q (v) triggered by  leading edge of 'clk'
Path Groups: {clk}
Analysis View: setup_view
Other End Arrival Time          0.090
- Setup                         0.084
+ Phase Shift                  10.000
- Uncertainty                   0.200
= Required Time                 9.805
- Arrival Time                  2.661
= Slack Time                    7.144
     Clock Rise Edge                 0.000
     + Clock Network Latency (Prop)  0.000
     = Beginpoint Arrival Time       0.000
     +-------------------------------------------------------------------------------+ 
     |        Instance         |     Arc     |   Cell   | Delay | Arrival | Required | 
     |                         |             |          |       |  Time   |   Time   | 
     |-------------------------+-------------+----------+-------+---------+----------| 
     | core/req_sync_q_reg[58] | CK ^        |          |       |   0.000 |    7.145 | 
     | core/req_sync_q_reg[58] | CK ^ -> Q v | DFFHQX1  | 0.296 |   0.296 |    7.440 | 
     | core/g24486__5107       | A0 v -> Y ^ | AOI21X1  | 0.190 |   0.486 |    7.630 | 
     | core/g24250__5526       | C ^ -> Y v  | NAND4XL  | 0.269 |   0.755 |    7.899 | 
     | core/g24225__2802       | AN v -> Y v | NAND4BX1 | 0.300 |   1.055 |    8.199 | 
     | core/g24217__6260       | AN v -> Y v | NAND2BX1 | 0.261 |   1.315 |    8.460 | 
     | core/g24203__4733       | A v -> Y ^  | NOR2X1   | 0.211 |   1.526 |    8.671 | 
     | core/g24182__4319       | C ^ -> Y v  | NOR3X1   | 0.123 |   1.650 |    8.794 | 
     | core/g24175__1666       | A v -> Y ^  | NOR2X1   | 0.094 |   1.743 |    8.888 | 
     | core/g24168__7482       | AN ^ -> Y ^ | NOR2BX1  | 0.117 |   1.861 |    9.005 | 
     | core/g24163__8246       | A1 ^ -> Y v | OAI22X1  | 0.117 |   1.978 |    9.122 | 
     | core/g24149__5526       | C0 v -> Y ^ | AOI221X1 | 0.140 |   2.118 |    9.262 | 
     | core/g24148__8428       | C0 ^ -> Y v | OAI211X1 | 0.179 |   2.297 |    9.441 | 
     | core/FE_OFC18_n_485     | A v -> Y v  | BUFX2    | 0.163 |   2.460 |    9.604 | 
     | core/g24141__6417       | B v -> Y ^  | NAND2X1  | 0.064 |   2.524 |    9.669 | 
     | core/g24136__2883       | C0 ^ -> Y v | OAI211X1 | 0.137 |   2.661 |    9.805 | 
     | core/out_rank_q_reg[4]  | D v         | DFFHQX1  | 0.000 |   2.661 |    9.805 | 
     +-------------------------------------------------------------------------------+ 
Path 70: MET Setup Check with Pin core/out_rank_q_reg[5]/CK 
Endpoint:   core/out_rank_q_reg[5]/D  (v) checked with  leading edge of 'clk'
Beginpoint: core/req_sync_q_reg[39]/Q (v) triggered by  leading edge of 'clk'
Path Groups: {clk}
Analysis View: setup_view
Other End Arrival Time          0.090
- Setup                         0.103
+ Phase Shift                  10.000
- Uncertainty                   0.200
= Required Time                 9.786
- Arrival Time                  2.495
= Slack Time                    7.291
     Clock Rise Edge                 0.000
     + Clock Network Latency (Prop)  0.006
     = Beginpoint Arrival Time       0.006
     +-------------------------------------------------------------------------------+ 
     |        Instance         |     Arc     |   Cell   | Delay | Arrival | Required | 
     |                         |             |          |       |  Time   |   Time   | 
     |-------------------------+-------------+----------+-------+---------+----------| 
     | core/req_sync_q_reg[39] | CK ^        |          |       |   0.006 |    7.297 | 
     | core/req_sync_q_reg[39] | CK ^ -> Q v | DFFHQX1  | 0.308 |   0.313 |    7.605 | 
     | core/g24515__1666       | A0 v -> Y ^ | AOI21X1  | 0.198 |   0.511 |    7.802 | 
     | core/g24251__6783       | A ^ -> Y v  | NAND4XL  | 0.267 |   0.778 |    8.070 | 
     | core/g24230__7098       | AN v -> Y v | NAND4BX1 | 0.282 |   1.060 |    8.351 | 
     | core/g24215__2398       | AN v -> Y v | NAND2BX2 | 0.220 |   1.279 |    8.571 | 
     | core/g24204__6161       | B v -> Y ^  | NOR2X1   | 0.170 |   1.450 |    8.741 | 
     | core/g24185__8428       | AN ^ -> Y ^ | NOR3BX1  | 0.202 |   1.652 |    8.943 | 
     | core/g24160__5122       | A0 ^ -> Y v | OAI22X1  | 0.156 |   1.808 |    9.099 | 
     | core/g24158__2802       | B v -> Y v  | OR2X1    | 0.241 |   2.049 |    9.341 | 
     | core/g24155             | A v -> Y ^  | INVX1    | 0.181 |   2.231 |    9.522 | 
     | core/g24143__2398       | A0 ^ -> Y v | OAI221X1 | 0.264 |   2.495 |    9.786 | 
     | core/out_rank_q_reg[5]  | D v         | DFFHQX1  | 0.000 |   2.495 |    9.786 | 
     +-------------------------------------------------------------------------------+ 
Path 71: MET Setup Check with Pin core/out_valid_q_reg/CK 
Endpoint:   core/out_valid_q_reg/D   (v) checked with  leading edge of 'clk'
Beginpoint: core/req_sync_q_reg[0]/Q (v) triggered by  leading edge of 'clk'
Path Groups: {clk}
Analysis View: setup_view
Other End Arrival Time          0.090
- Setup                         0.044
+ Phase Shift                  10.000
- Uncertainty                   0.200
= Required Time                 9.846
- Arrival Time                  2.173
= Slack Time                    7.673
     Clock Rise Edge                 0.000
     + Clock Network Latency (Prop)  -0.002
     = Beginpoint Arrival Time       -0.002
     +------------------------------------------------------------------------------+ 
     |        Instance        |     Arc     |   Cell   | Delay | Arrival | Required | 
     |                        |             |          |       |  Time   |   Time   | 
     |------------------------+-------------+----------+-------+---------+----------| 
     | core/req_sync_q_reg[0] | CK ^        |          |       |  -0.002 |    7.671 | 
     | core/req_sync_q_reg[0] | CK ^ -> Q v | DFFHQX1  | 0.321 |   0.318 |    7.991 | 
     | core/g24474__7482      | A0 v -> Y ^ | AOI21X1  | 0.187 |   0.505 |    8.178 | 
     | core/g24248__4319      | B ^ -> Y v  | NAND4XL  | 0.269 |   0.775 |    8.447 | 
     | core/g24238__9945      | AN v -> Y v | NAND3BXL | 0.242 |   1.017 |    8.689 | 
     | core/g24214__5477      | AN v -> Y v | NAND3BXL | 0.204 |   1.221 |    8.894 | 
     | core/FE_OFC17_n_427    | A v -> Y v  | BUFX2    | 0.147 |   1.368 |    9.040 | 
     | core/g24202__7482      | B v -> Y ^  | NOR2X1   | 0.096 |   1.464 |    9.137 | 
     | core/g24188__3680      | AN ^ -> Y ^ | NOR3BX1  | 0.236 |   1.700 |    9.373 | 
     | core/g24174__2346      | C ^ -> Y v  | NAND3BX1 | 0.212 |   1.912 |    9.585 | 
     | core/g24166__1881      | B v -> Y ^  | NOR2X1   | 0.164 |   2.076 |    9.749 | 
     | core/g24159__1705      | B ^ -> Y v  | NOR2XL   | 0.097 |   2.173 |    9.846 | 
     | core/out_valid_q_reg   | D v         | DFFHQX1  | 0.000 |   2.173 |    9.846 | 
     +------------------------------------------------------------------------------+ 
Path 72: MET Setup Check with Pin core/ack_q_reg[33]/CK 
Endpoint:   core/ack_q_reg[33]/D      (^) checked with  leading edge of 'clk'
Beginpoint: core/req_sync_q_reg[33]/Q (^) triggered by  leading edge of 'clk'
Path Groups: {clk}
Analysis View: setup_view
Other End Arrival Time          0.097
- Setup                         0.113
+ Phase Shift                  10.000
- Uncertainty                   0.200
= Required Time                 9.784
- Arrival Time                  0.593
= Slack Time                    9.192
     Clock Rise Edge                 0.000
     + Clock Network Latency (Prop)  0.000
     = Beginpoint Arrival Time       0.000
     +-------------------------------------------------------------------------------+ 
     |        Instance         |     Arc     |   Cell   | Delay | Arrival | Required | 
     |                         |             |          |       |  Time   |   Time   | 
     |-------------------------+-------------+----------+-------+---------+----------| 
     | core/req_sync_q_reg[33] | CK ^        |          |       |   0.000 |    9.192 | 
     | core/req_sync_q_reg[33] | CK ^ -> Q ^ | DFFHQX1  | 0.256 |   0.257 |    9.449 | 
     | core/g24386__4733       | B0 ^ -> Y v | OAI211X1 | 0.212 |   0.468 |    9.660 | 
     | core/g24355             | A v -> Y ^  | INVX1    | 0.124 |   0.593 |    9.784 | 
     | core/ack_q_reg[33]      | D ^         | DFFHQX1  | 0.000 |   0.593 |    9.784 | 
     +-------------------------------------------------------------------------------+ 
Path 73: MET Setup Check with Pin core/ack_q_reg[13]/CK 
Endpoint:   core/ack_q_reg[13]/D      (^) checked with  leading edge of 'clk'
Beginpoint: core/req_sync_q_reg[13]/Q (^) triggered by  leading edge of 'clk'
Path Groups: {clk}
Analysis View: setup_view
Other End Arrival Time          0.097
- Setup                         0.108
+ Phase Shift                  10.000
- Uncertainty                   0.200
= Required Time                 9.789
- Arrival Time                  0.595
= Slack Time                    9.194
     Clock Rise Edge                 0.000
     + Clock Network Latency (Prop)  0.001
     = Beginpoint Arrival Time       0.001
     +-------------------------------------------------------------------------------+ 
     |        Instance         |     Arc     |   Cell   | Delay | Arrival | Required | 
     |                         |             |          |       |  Time   |   Time   | 
     |-------------------------+-------------+----------+-------+---------+----------| 
     | core/req_sync_q_reg[13] | CK ^        |          |       |   0.001 |    9.195 | 
     | core/req_sync_q_reg[13] | CK ^ -> Q ^ | DFFHQX1  | 0.298 |   0.298 |    9.492 | 
     | core/g24458__5107       | B0 ^ -> Y v | OAI211X1 | 0.200 |   0.499 |    9.693 | 
     | core/g24425             | A v -> Y ^  | INVX1    | 0.096 |   0.595 |    9.789 | 
     | core/ack_q_reg[13]      | D ^         | DFFHQX1  | 0.000 |   0.595 |    9.789 | 
     +-------------------------------------------------------------------------------+ 
Path 74: MET Setup Check with Pin core/ack_q_reg[7]/CK 
Endpoint:   core/ack_q_reg[7]/D      (^) checked with  leading edge of 'clk'
Beginpoint: core/req_sync_q_reg[7]/Q (^) triggered by  leading edge of 'clk'
Path Groups: {clk}
Analysis View: setup_view
Other End Arrival Time          0.093
- Setup                         0.105
+ Phase Shift                  10.000
- Uncertainty                   0.200
= Required Time                 9.788
- Arrival Time                  0.588
= Slack Time                    9.200
     Clock Rise Edge                 0.000
     + Clock Network Latency (Prop)  -0.006
     = Beginpoint Arrival Time       -0.006
     +-----------------------------------------------------------------------------------+ 
     |          Instance           |     Arc     |   Cell   | Delay | Arrival | Required | 
     |                             |             |          |       |  Time   |   Time   | 
     |-----------------------------+-------------+----------+-------+---------+----------| 
     | core/req_sync_q_reg[7]      | CK ^        |          |       |  -0.006 |    9.194 | 
     | core/req_sync_q_reg[7]      | CK ^ -> Q ^ | DFFHQX1  | 0.241 |   0.235 |    9.435 | 
     | core/FE_PHC145_req_sync_q_7 | A ^ -> Y ^  | CLKBUFX2 | 0.104 |   0.339 |    9.539 | 
     | core/g24388__9315           | B0 ^ -> Y v | OAI211X1 | 0.147 |   0.486 |    9.686 | 
     | core/g24357                 | A v -> Y ^  | INVX1    | 0.102 |   0.588 |    9.788 | 
     | core/ack_q_reg[7]           | D ^         | DFFHQX1  | 0.000 |   0.588 |    9.788 | 
     +-----------------------------------------------------------------------------------+ 
Path 75: MET Setup Check with Pin core/ack_q_reg[3]/CK 
Endpoint:   core/ack_q_reg[3]/D      (^) checked with  leading edge of 'clk'
Beginpoint: core/req_sync_q_reg[3]/Q (^) triggered by  leading edge of 'clk'
Path Groups: {clk}
Analysis View: setup_view
Other End Arrival Time          0.097
- Setup                         0.107
+ Phase Shift                  10.000
- Uncertainty                   0.200
= Required Time                 9.790
- Arrival Time                  0.588
= Slack Time                    9.202
     Clock Rise Edge                 0.000
     + Clock Network Latency (Prop)  -0.002
     = Beginpoint Arrival Time       -0.002
     +------------------------------------------------------------------------------+ 
     |        Instance        |     Arc     |   Cell   | Delay | Arrival | Required | 
     |                        |             |          |       |  Time   |   Time   | 
     |------------------------+-------------+----------+-------+---------+----------| 
     | core/req_sync_q_reg[3] | CK ^        |          |       |  -0.002 |    9.200 | 
     | core/req_sync_q_reg[3] | CK ^ -> Q ^ | DFFHQX1  | 0.299 |   0.297 |    9.499 | 
     | core/g24385__7482      | B0 ^ -> Y v | OAI211X1 | 0.200 |   0.497 |    9.699 | 
     | core/g24354            | A v -> Y ^  | INVX1    | 0.091 |   0.588 |    9.790 | 
     | core/ack_q_reg[3]      | D ^         | DFFHQX1  | 0.000 |   0.588 |    9.790 | 
     +------------------------------------------------------------------------------+ 
Path 76: MET Setup Check with Pin core/ack_q_reg[1]/CK 
Endpoint:   core/ack_q_reg[1]/D      (^) checked with  leading edge of 'clk'
Beginpoint: core/req_sync_q_reg[1]/Q (^) triggered by  leading edge of 'clk'
Path Groups: {clk}
Analysis View: setup_view
Other End Arrival Time          0.097
- Setup                         0.110
+ Phase Shift                  10.000
- Uncertainty                   0.200
= Required Time                 9.788
- Arrival Time                  0.583
= Slack Time                    9.205
     Clock Rise Edge                 0.000
     + Clock Network Latency (Prop)  -0.002
     = Beginpoint Arrival Time       -0.002
     +------------------------------------------------------------------------------+ 
     |        Instance        |     Arc     |   Cell   | Delay | Arrival | Required | 
     |                        |             |          |       |  Time   |   Time   | 
     |------------------------+-------------+----------+-------+---------+----------| 
     | core/req_sync_q_reg[1] | CK ^        |          |       |  -0.002 |    9.203 | 
     | core/req_sync_q_reg[1] | CK ^ -> Q ^ | DFFHQX1  | 0.285 |   0.283 |    9.488 | 
     | core/g24376__1617      | B0 ^ -> Y v | OAI211X1 | 0.198 |   0.480 |    9.685 | 
     | core/g24345            | A v -> Y ^  | INVX1    | 0.103 |   0.583 |    9.788 | 
     | core/ack_q_reg[1]      | D ^         | DFFHQX1  | 0.000 |   0.583 |    9.788 | 
     +------------------------------------------------------------------------------+ 
Path 77: MET Setup Check with Pin core/ack_q_reg[4]/CK 
Endpoint:   core/ack_q_reg[4]/D      (^) checked with  leading edge of 'clk'
Beginpoint: core/req_sync_q_reg[4]/Q (^) triggered by  leading edge of 'clk'
Path Groups: {clk}
Analysis View: setup_view
Other End Arrival Time          0.097
- Setup                         0.108
+ Phase Shift                  10.000
- Uncertainty                   0.200
= Required Time                 9.789
- Arrival Time                  0.584
= Slack Time                    9.206
     Clock Rise Edge                 0.000
     + Clock Network Latency (Prop)  -0.002
     = Beginpoint Arrival Time       -0.002
     +------------------------------------------------------------------------------+ 
     |        Instance        |     Arc     |   Cell   | Delay | Arrival | Required | 
     |                        |             |          |       |  Time   |   Time   | 
     |------------------------+-------------+----------+-------+---------+----------| 
     | core/req_sync_q_reg[4] | CK ^        |          |       |  -0.002 |    9.204 | 
     | core/req_sync_q_reg[4] | CK ^ -> Q ^ | DFFHQX1  | 0.287 |   0.285 |    9.491 | 
     | core/g24401__5526      | B0 ^ -> Y v | OAI211X1 | 0.202 |   0.487 |    9.693 | 
     | core/g24370            | A v -> Y ^  | INVX1    | 0.096 |   0.584 |    9.789 | 
     | core/ack_q_reg[4]      | D ^         | DFFHQX1  | 0.000 |   0.584 |    9.789 | 
     +------------------------------------------------------------------------------+ 
Path 78: MET Setup Check with Pin core/ack_q_reg[27]/CK 
Endpoint:   core/ack_q_reg[27]/D      (^) checked with  leading edge of 'clk'
Beginpoint: core/req_sync_q_reg[27]/Q (^) triggered by  leading edge of 'clk'
Path Groups: {clk}
Analysis View: setup_view
Other End Arrival Time          0.106
- Setup                         0.103
+ Phase Shift                  10.000
- Uncertainty                   0.200
= Required Time                 9.803
- Arrival Time                  0.592
= Slack Time                    9.211
     Clock Rise Edge                 0.000
     + Clock Network Latency (Prop)  0.007
     = Beginpoint Arrival Time       0.007
     +------------------------------------------------------------------------------------+ 
     |           Instance           |     Arc     |   Cell   | Delay | Arrival | Required | 
     |                              |             |          |       |  Time   |   Time   | 
     |------------------------------+-------------+----------+-------+---------+----------| 
     | core/req_sync_q_reg[27]      | CK ^        |          |       |   0.007 |    9.218 | 
     | core/req_sync_q_reg[27]      | CK ^ -> Q ^ | DFFHQX1  | 0.238 |   0.245 |    9.456 | 
     | core/FE_PHC144_req_sync_q_27 | A ^ -> Y ^  | CLKBUFX2 | 0.102 |   0.347 |    9.558 | 
     | core/g24381__7098            | B0 ^ -> Y v | OAI211X1 | 0.145 |   0.492 |    9.703 | 
     | core/g24350                  | A v -> Y ^  | INVX1    | 0.100 |   0.592 |    9.803 | 
     | core/ack_q_reg[27]           | D ^         | DFFHQX1  | 0.000 |   0.592 |    9.803 | 
     +------------------------------------------------------------------------------------+ 
Path 79: MET Setup Check with Pin core/ack_q_reg[8]/CK 
Endpoint:   core/ack_q_reg[8]/D      (^) checked with  leading edge of 'clk'
Beginpoint: core/req_sync_q_reg[8]/Q (^) triggered by  leading edge of 'clk'
Path Groups: {clk}
Analysis View: setup_view
Other End Arrival Time          0.097
- Setup                         0.107
+ Phase Shift                  10.000
- Uncertainty                   0.200
= Required Time                 9.791
- Arrival Time                  0.567
= Slack Time                    9.223
     Clock Rise Edge                 0.000
     + Clock Network Latency (Prop)  -0.006
     = Beginpoint Arrival Time       -0.006
     +-----------------------------------------------------------------------------------+ 
     |          Instance           |     Arc     |   Cell   | Delay | Arrival | Required | 
     |                             |             |          |       |  Time   |   Time   | 
     |-----------------------------+-------------+----------+-------+---------+----------| 
     | core/req_sync_q_reg[8]      | CK ^        |          |       |  -0.006 |    9.217 | 
     | core/req_sync_q_reg[8]      | CK ^ -> Q ^ | DFFHQX1  | 0.239 |   0.233 |    9.456 | 
     | core/FE_PHC150_req_sync_q_8 | A ^ -> Y ^  | CLKBUFX2 | 0.104 |   0.337 |    9.560 | 
     | core/g24438__2802           | B0 ^ -> Y v | OAI211X1 | 0.137 |   0.473 |    9.696 | 
     | core/g24405                 | A v -> Y ^  | INVX1    | 0.094 |   0.567 |    9.791 | 
     | core/ack_q_reg[8]           | D ^         | DFFHQX1  | 0.000 |   0.567 |    9.791 | 
     +-----------------------------------------------------------------------------------+ 
Path 80: MET Setup Check with Pin core/ack_q_reg[5]/CK 
Endpoint:   core/ack_q_reg[5]/D      (^) checked with  leading edge of 'clk'
Beginpoint: core/req_sync_q_reg[5]/Q (^) triggered by  leading edge of 'clk'
Path Groups: {clk}
Analysis View: setup_view
Other End Arrival Time          0.100
- Setup                         0.106
+ Phase Shift                  10.000
- Uncertainty                   0.200
= Required Time                 9.794
- Arrival Time                  0.570
= Slack Time                    9.224
     Clock Rise Edge                 0.000
     + Clock Network Latency (Prop)  -0.002
     = Beginpoint Arrival Time       -0.002
     +------------------------------------------------------------------------------+ 
     |        Instance        |     Arc     |   Cell   | Delay | Arrival | Required | 
     |                        |             |          |       |  Time   |   Time   | 
     |------------------------+-------------+----------+-------+---------+----------| 
     | core/req_sync_q_reg[5] | CK ^        |          |       |  -0.002 |    9.222 | 
     | core/req_sync_q_reg[5] | CK ^ -> Q ^ | DFFHQX1  | 0.288 |   0.286 |    9.510 | 
     | core/g24377__2802      | B0 ^ -> Y v | OAI211X1 | 0.191 |   0.477 |    9.701 | 
     | core/g24346            | A v -> Y ^  | INVX1    | 0.093 |   0.570 |    9.794 | 
     | core/ack_q_reg[5]      | D ^         | DFFHQX1  | 0.000 |   0.570 |    9.794 | 
     +------------------------------------------------------------------------------+ 
Path 81: MET Setup Check with Pin core/ack_q_reg[43]/CK 
Endpoint:   core/ack_q_reg[43]/D      (^) checked with  leading edge of 'clk'
Beginpoint: core/req_sync_q_reg[43]/Q (^) triggered by  leading edge of 'clk'
Path Groups: {clk}
Analysis View: setup_view
Other End Arrival Time          0.097
- Setup                         0.108
+ Phase Shift                  10.000
- Uncertainty                   0.200
= Required Time                 9.789
- Arrival Time                  0.565
= Slack Time                    9.225
     Clock Rise Edge                 0.000
     + Clock Network Latency (Prop)  0.002
     = Beginpoint Arrival Time       0.002
     +-------------------------------------------------------------------------------+ 
     |        Instance         |     Arc     |   Cell   | Delay | Arrival | Required | 
     |                         |             |          |       |  Time   |   Time   | 
     |-------------------------+-------------+----------+-------+---------+----------| 
     | core/req_sync_q_reg[43] | CK ^        |          |       |   0.002 |    9.226 | 
     | core/req_sync_q_reg[43] | CK ^ -> Q ^ | DFFHQX1  | 0.286 |   0.288 |    9.512 | 
     | core/g24453__1666       | B0 ^ -> Y v | OAI211X1 | 0.188 |   0.475 |    9.700 | 
     | core/g24420             | A v -> Y ^  | INVX1    | 0.090 |   0.565 |    9.789 | 
     | core/ack_q_reg[43]      | D ^         | DFFHQX1  | 0.000 |   0.565 |    9.789 | 
     +-------------------------------------------------------------------------------+ 
Path 82: MET Setup Check with Pin core/ack_q_reg[6]/CK 
Endpoint:   core/ack_q_reg[6]/D      (^) checked with  leading edge of 'clk'
Beginpoint: core/req_sync_q_reg[6]/Q (^) triggered by  leading edge of 'clk'
Path Groups: {clk}
Analysis View: setup_view
Other End Arrival Time          0.097
- Setup                         0.108
+ Phase Shift                  10.000
- Uncertainty                   0.200
= Required Time                 9.790
- Arrival Time                  0.562
= Slack Time                    9.227
     Clock Rise Edge                 0.000
     + Clock Network Latency (Prop)  -0.002
     = Beginpoint Arrival Time       -0.002
     +------------------------------------------------------------------------------+ 
     |        Instance        |     Arc     |   Cell   | Delay | Arrival | Required | 
     |                        |             |          |       |  Time   |   Time   | 
     |------------------------+-------------+----------+-------+---------+----------| 
     | core/req_sync_q_reg[6] | CK ^        |          |       |  -0.002 |    9.225 | 
     | core/req_sync_q_reg[6] | CK ^ -> Q ^ | DFFHQX1  | 0.274 |   0.272 |    9.499 | 
     | core/g24398__6260      | B0 ^ -> Y v | OAI211X1 | 0.192 |   0.464 |    9.691 | 
     | core/g24367            | A v -> Y ^  | INVX1    | 0.099 |   0.562 |    9.790 | 
     | core/ack_q_reg[6]      | D ^         | DFFHQX1  | 0.000 |   0.562 |    9.790 | 
     +------------------------------------------------------------------------------+ 
Path 83: MET Setup Check with Pin core/ack_q_reg[46]/CK 
Endpoint:   core/ack_q_reg[46]/D      (^) checked with  leading edge of 'clk'
Beginpoint: core/req_sync_q_reg[46]/Q (^) triggered by  leading edge of 'clk'
Path Groups: {clk}
Analysis View: setup_view
Other End Arrival Time          0.097
- Setup                         0.108
+ Phase Shift                  10.000
- Uncertainty                   0.200
= Required Time                 9.789
- Arrival Time                  0.561
= Slack Time                    9.228
     Clock Rise Edge                 0.000
     + Clock Network Latency (Prop)  0.002
     = Beginpoint Arrival Time       0.002
     +-------------------------------------------------------------------------------+ 
     |        Instance         |     Arc     |   Cell   | Delay | Arrival | Required | 
     |                         |             |          |       |  Time   |   Time   | 
     |-------------------------+-------------+----------+-------+---------+----------| 
     | core/req_sync_q_reg[46] | CK ^        |          |       |   0.002 |    9.229 | 
     | core/req_sync_q_reg[46] | CK ^ -> Q ^ | DFFHQX1  | 0.285 |   0.286 |    9.514 | 
     | core/g24402__6783       | B0 ^ -> Y v | OAI211X1 | 0.186 |   0.472 |    9.700 | 
     | core/g24371             | A v -> Y ^  | INVX1    | 0.089 |   0.561 |    9.789 | 
     | core/ack_q_reg[46]      | D ^         | DFFHQX1  | 0.000 |   0.561 |    9.789 | 
     +-------------------------------------------------------------------------------+ 
Path 84: MET Setup Check with Pin core/ack_q_reg[25]/CK 
Endpoint:   core/ack_q_reg[25]/D      (^) checked with  leading edge of 'clk'
Beginpoint: core/req_sync_q_reg[25]/Q (^) triggered by  leading edge of 'clk'
Path Groups: {clk}
Analysis View: setup_view
Other End Arrival Time          0.099
- Setup                         0.106
+ Phase Shift                  10.000
- Uncertainty                   0.200
= Required Time                 9.794
- Arrival Time                  0.566
= Slack Time                    9.228
     Clock Rise Edge                 0.000
     + Clock Network Latency (Prop)  0.007
     = Beginpoint Arrival Time       0.007
     +------------------------------------------------------------------------------------+ 
     |           Instance           |     Arc     |   Cell   | Delay | Arrival | Required | 
     |                              |             |          |       |  Time   |   Time   | 
     |------------------------------+-------------+----------+-------+---------+----------| 
     | core/req_sync_q_reg[25]      | CK ^        |          |       |   0.007 |    9.235 | 
     | core/req_sync_q_reg[25]      | CK ^ -> Q ^ | DFFHQX1  | 0.231 |   0.239 |    9.467 | 
     | core/FE_PHC146_req_sync_q_25 | A ^ -> Y ^  | CLKBUFX2 | 0.097 |   0.336 |    9.564 | 
     | core/g24373__5526            | B0 ^ -> Y v | OAI211X1 | 0.137 |   0.473 |    9.701 | 
     | core/g24342                  | A v -> Y ^  | INVX1    | 0.093 |   0.566 |    9.794 | 
     | core/ack_q_reg[25]           | D ^         | DFFHQX1  | 0.000 |   0.566 |    9.794 | 
     +------------------------------------------------------------------------------------+ 
Path 85: MET Setup Check with Pin core/ack_q_reg[0]/CK 
Endpoint:   core/ack_q_reg[0]/D      (^) checked with  leading edge of 'clk'
Beginpoint: core/req_sync_q_reg[0]/Q (^) triggered by  leading edge of 'clk'
Path Groups: {clk}
Analysis View: setup_view
Other End Arrival Time          0.093
- Setup                         0.105
+ Phase Shift                  10.000
- Uncertainty                   0.200
= Required Time                 9.788
- Arrival Time                  0.559
= Slack Time                    9.229
     Clock Rise Edge                 0.000
     + Clock Network Latency (Prop)  -0.002
     = Beginpoint Arrival Time       -0.002
     +------------------------------------------------------------------------------+ 
     |        Instance        |     Arc     |   Cell   | Delay | Arrival | Required | 
     |                        |             |          |       |  Time   |   Time   | 
     |------------------------+-------------+----------+-------+---------+----------| 
     | core/req_sync_q_reg[0] | CK ^        |          |       |  -0.002 |    9.227 | 
     | core/req_sync_q_reg[0] | CK ^ -> Q ^ | DFFHQX1  | 0.280 |   0.277 |    9.506 | 
     | core/g24387__6161      | B0 ^ -> Y v | OAI211X1 | 0.187 |   0.464 |    9.693 | 
     | core/g24356            | A v -> Y ^  | INVX1    | 0.095 |   0.559 |    9.788 | 
     | core/ack_q_reg[0]      | D ^         | DFFHQX1  | 0.000 |   0.559 |    9.788 | 
     +------------------------------------------------------------------------------+ 
Path 86: MET Setup Check with Pin core/ack_q_reg[2]/CK 
Endpoint:   core/ack_q_reg[2]/D      (^) checked with  leading edge of 'clk'
Beginpoint: core/req_sync_q_reg[2]/Q (^) triggered by  leading edge of 'clk'
Path Groups: {clk}
Analysis View: setup_view
Other End Arrival Time          0.097
- Setup                         0.108
+ Phase Shift                  10.000
- Uncertainty                   0.200
= Required Time                 9.789
- Arrival Time                  0.557
= Slack Time                    9.233
     Clock Rise Edge                 0.000
     + Clock Network Latency (Prop)  -0.002
     = Beginpoint Arrival Time       -0.002
     +------------------------------------------------------------------------------+ 
     |        Instance        |     Arc     |   Cell   | Delay | Arrival | Required | 
     |                        |             |          |       |  Time   |   Time   | 
     |------------------------+-------------+----------+-------+---------+----------| 
     | core/req_sync_q_reg[2] | CK ^        |          |       |  -0.002 |    9.230 | 
     | core/req_sync_q_reg[2] | CK ^ -> Q ^ | DFFHQX1  | 0.280 |   0.278 |    9.510 | 
     | core/g24380__8246      | B0 ^ -> Y v | OAI211X1 | 0.187 |   0.465 |    9.698 | 
     | core/g24349            | A v -> Y ^  | INVX1    | 0.092 |   0.557 |    9.789 | 
     | core/ack_q_reg[2]      | D ^         | DFFHQX1  | 0.000 |   0.557 |    9.789 | 
     +------------------------------------------------------------------------------+ 
Path 87: MET Setup Check with Pin core/ack_q_reg[44]/CK 
Endpoint:   core/ack_q_reg[44]/D      (^) checked with  leading edge of 'clk'
Beginpoint: core/req_sync_q_reg[44]/Q (^) triggered by  leading edge of 'clk'
Path Groups: {clk}
Analysis View: setup_view
Other End Arrival Time          0.097
- Setup                         0.108
+ Phase Shift                  10.000
- Uncertainty                   0.200
= Required Time                 9.789
- Arrival Time                  0.555
= Slack Time                    9.234
     Clock Rise Edge                 0.000
     + Clock Network Latency (Prop)  0.006
     = Beginpoint Arrival Time       0.006
     +-------------------------------------------------------------------------------+ 
     |        Instance         |     Arc     |   Cell   | Delay | Arrival | Required | 
     |                         |             |          |       |  Time   |   Time   | 
     |-------------------------+-------------+----------+-------+---------+----------| 
     | core/req_sync_q_reg[44] | CK ^        |          |       |   0.006 |    9.240 | 
     | core/req_sync_q_reg[44] | CK ^ -> Q ^ | DFFHQX1  | 0.268 |   0.274 |    9.508 | 
     | core/g24439__1705       | B0 ^ -> Y v | OAI211X1 | 0.187 |   0.461 |    9.695 | 
     | core/g24406             | A v -> Y ^  | INVX1    | 0.094 |   0.555 |    9.789 | 
     | core/ack_q_reg[44]      | D ^         | DFFHQX1  | 0.000 |   0.555 |    9.789 | 
     +-------------------------------------------------------------------------------+ 
Path 88: MET Setup Check with Pin core/ack_q_reg[40]/CK 
Endpoint:   core/ack_q_reg[40]/D      (^) checked with  leading edge of 'clk'
Beginpoint: core/req_sync_q_reg[40]/Q (^) triggered by  leading edge of 'clk'
Path Groups: {clk}
Analysis View: setup_view
Other End Arrival Time          0.106
- Setup                         0.102
+ Phase Shift                  10.000
- Uncertainty                   0.200
= Required Time                 9.804
- Arrival Time                  0.570
= Slack Time                    9.235
     Clock Rise Edge                 0.000
     + Clock Network Latency (Prop)  0.006
     = Beginpoint Arrival Time       0.006
     +------------------------------------------------------------------------------------+ 
     |           Instance           |     Arc     |   Cell   | Delay | Arrival | Required | 
     |                              |             |          |       |  Time   |   Time   | 
     |------------------------------+-------------+----------+-------+---------+----------| 
     | core/req_sync_q_reg[40]      | CK ^        |          |       |   0.006 |    9.240 | 
     | core/req_sync_q_reg[40]      | CK ^ -> Q ^ | DFFHQX1  | 0.241 |   0.246 |    9.481 | 
     | core/FE_PHC148_req_sync_q_40 | A ^ -> Y ^  | CLKBUFX2 | 0.104 |   0.350 |    9.585 | 
     | core/g24399__4319            | B0 ^ -> Y v | OAI211X1 | 0.131 |   0.481 |    9.716 | 
     | core/g24368                  | A v -> Y ^  | INVX1    | 0.089 |   0.570 |    9.804 | 
     | core/ack_q_reg[40]           | D ^         | DFFHQX1  | 0.000 |   0.570 |    9.804 | 
     +------------------------------------------------------------------------------------+ 
Path 89: MET Setup Check with Pin core/ack_q_reg[30]/CK 
Endpoint:   core/ack_q_reg[30]/D      (^) checked with  leading edge of 'clk'
Beginpoint: core/req_sync_q_reg[30]/Q (^) triggered by  leading edge of 'clk'
Path Groups: {clk}
Analysis View: setup_view
Other End Arrival Time          0.100
- Setup                         0.105
+ Phase Shift                  10.000
- Uncertainty                   0.200
= Required Time                 9.795
- Arrival Time                  0.560
= Slack Time                    9.235
     Clock Rise Edge                 0.000
     + Clock Network Latency (Prop)  0.000
     = Beginpoint Arrival Time       0.000
     +------------------------------------------------------------------------------------+ 
     |           Instance           |     Arc     |   Cell   | Delay | Arrival | Required | 
     |                              |             |          |       |  Time   |   Time   | 
     |------------------------------+-------------+----------+-------+---------+----------| 
     | core/req_sync_q_reg[30]      | CK ^        |          |       |   0.000 |    9.236 | 
     | core/req_sync_q_reg[30]      | CK ^ -> Q ^ | DFFHQX1  | 0.237 |   0.238 |    9.473 | 
     | core/FE_PHC149_req_sync_q_30 | A ^ -> Y ^  | CLKBUFX2 | 0.102 |   0.340 |    9.575 | 
     | core/g24389__9945            | B0 ^ -> Y v | OAI211X1 | 0.132 |   0.471 |    9.707 | 
     | core/g24358                  | A v -> Y ^  | INVX1    | 0.088 |   0.560 |    9.795 | 
     | core/ack_q_reg[30]           | D ^         | DFFHQX1  | 0.000 |   0.560 |    9.795 | 
     +------------------------------------------------------------------------------------+ 
Path 90: MET Setup Check with Pin core/ack_q_reg[59]/CK 
Endpoint:   core/ack_q_reg[59]/D      (^) checked with  leading edge of 'clk'
Beginpoint: core/req_sync_q_reg[59]/Q (^) triggered by  leading edge of 'clk'
Path Groups: {clk}
Analysis View: setup_view
Other End Arrival Time          0.089
- Setup                         0.109
+ Phase Shift                  10.000
- Uncertainty                   0.200
= Required Time                 9.780
- Arrival Time                  0.545
= Slack Time                    9.236
     Clock Rise Edge                 0.000
     + Clock Network Latency (Prop)  -0.006
     = Beginpoint Arrival Time       -0.006
     +-------------------------------------------------------------------------------+ 
     |        Instance         |     Arc     |   Cell   | Delay | Arrival | Required | 
     |                         |             |          |       |  Time   |   Time   | 
     |-------------------------+-------------+----------+-------+---------+----------| 
     | core/req_sync_q_reg[59] | CK ^        |          |       |  -0.006 |    9.230 | 
     | core/req_sync_q_reg[59] | CK ^ -> Q ^ | DFFHQX1  | 0.262 |   0.257 |    9.492 | 
     | core/g24455__6417       | B0 ^ -> Y v | OAI211X1 | 0.185 |   0.442 |    9.677 | 
     | core/g24422             | A v -> Y ^  | INVX1    | 0.103 |   0.545 |    9.780 | 
     | core/ack_q_reg[59]      | D ^         | DFFHQX1  | 0.000 |   0.545 |    9.780 | 
     +-------------------------------------------------------------------------------+ 
Path 91: MET Setup Check with Pin core/ack_q_reg[24]/CK 
Endpoint:   core/ack_q_reg[24]/D      (^) checked with  leading edge of 'clk'
Beginpoint: core/req_sync_q_reg[24]/Q (^) triggered by  leading edge of 'clk'
Path Groups: {clk}
Analysis View: setup_view
Other End Arrival Time          0.100
- Setup                         0.106
+ Phase Shift                  10.000
- Uncertainty                   0.200
= Required Time                 9.793
- Arrival Time                  0.549
= Slack Time                    9.244
     Clock Rise Edge                 0.000
     + Clock Network Latency (Prop)  0.000
     = Beginpoint Arrival Time       0.000
     +------------------------------------------------------------------------------------+ 
     |           Instance           |     Arc     |   Cell   | Delay | Arrival | Required | 
     |                              |             |          |       |  Time   |   Time   | 
     |------------------------------+-------------+----------+-------+---------+----------| 
     | core/req_sync_q_reg[24]      | CK ^        |          |       |   0.000 |    9.244 | 
     | core/req_sync_q_reg[24]      | CK ^ -> Q ^ | DFFHQX1  | 0.227 |   0.227 |    9.471 | 
     | core/FE_PHC147_req_sync_q_24 | A ^ -> Y ^  | CLKBUFX2 | 0.098 |   0.325 |    9.569 | 
     | core/g24375__3680            | B0 ^ -> Y v | OAI211X1 | 0.134 |   0.459 |    9.703 | 
     | core/g24344                  | A v -> Y ^  | INVX1    | 0.090 |   0.549 |    9.793 | 
     | core/ack_q_reg[24]           | D ^         | DFFHQX1  | 0.000 |   0.549 |    9.793 | 
     +------------------------------------------------------------------------------------+ 
Path 92: MET Setup Check with Pin core/ack_q_reg[18]/CK 
Endpoint:   core/ack_q_reg[18]/D      (^) checked with  leading edge of 'clk'
Beginpoint: core/req_sync_q_reg[18]/Q (^) triggered by  leading edge of 'clk'
Path Groups: {clk}
Analysis View: setup_view
Other End Arrival Time          0.093
- Setup                         0.105
+ Phase Shift                  10.000
- Uncertainty                   0.200
= Required Time                 9.788
- Arrival Time                  0.542
= Slack Time                    9.246
     Clock Rise Edge                 0.000
     + Clock Network Latency (Prop)  0.007
     = Beginpoint Arrival Time       0.007
     +-------------------------------------------------------------------------------+ 
     |        Instance         |     Arc     |   Cell   | Delay | Arrival | Required | 
     |                         |             |          |       |  Time   |   Time   | 
     |-------------------------+-------------+----------+-------+---------+----------| 
     | core/req_sync_q_reg[18] | CK ^        |          |       |   0.007 |    9.253 | 
     | core/req_sync_q_reg[18] | CK ^ -> Q ^ | DFFHQX1  | 0.258 |   0.266 |    9.511 | 
     | core/g24464__3680       | B0 ^ -> Y v | OAI211X1 | 0.178 |   0.444 |    9.689 | 
     | core/g24431             | A v -> Y ^  | INVX1    | 0.099 |   0.542 |    9.788 | 
     | core/ack_q_reg[18]      | D ^         | DFFHQX1  | 0.000 |   0.542 |    9.788 | 
     +-------------------------------------------------------------------------------+ 
Path 93: MET Setup Check with Pin core/ack_q_reg[39]/CK 
Endpoint:   core/ack_q_reg[39]/D      (^) checked with  leading edge of 'clk'
Beginpoint: core/req_sync_q_reg[39]/Q (^) triggered by  leading edge of 'clk'
Path Groups: {clk}
Analysis View: setup_view
Other End Arrival Time          0.097
- Setup                         0.108
+ Phase Shift                  10.000
- Uncertainty                   0.200
= Required Time                 9.789
- Arrival Time                  0.541
= Slack Time                    9.248
     Clock Rise Edge                 0.000
     + Clock Network Latency (Prop)  0.006
     = Beginpoint Arrival Time       0.006
     +-------------------------------------------------------------------------------+ 
     |        Instance         |     Arc     |   Cell   | Delay | Arrival | Required | 
     |                         |             |          |       |  Time   |   Time   | 
     |-------------------------+-------------+----------+-------+---------+----------| 
     | core/req_sync_q_reg[39] | CK ^        |          |       |   0.006 |    9.254 | 
     | core/req_sync_q_reg[39] | CK ^ -> Q ^ | DFFHQX1  | 0.270 |   0.276 |    9.524 | 
     | core/g24397__5107       | B0 ^ -> Y v | OAI211X1 | 0.173 |   0.449 |    9.697 | 
     | core/g24366             | A v -> Y ^  | INVX1    | 0.092 |   0.541 |    9.789 | 
     | core/ack_q_reg[39]      | D ^         | DFFHQX1  | 0.000 |   0.541 |    9.789 | 
     +-------------------------------------------------------------------------------+ 
Path 94: MET Setup Check with Pin core/ack_q_reg[62]/CK 
Endpoint:   core/ack_q_reg[62]/D      (^) checked with  leading edge of 'clk'
Beginpoint: core/req_sync_q_reg[62]/Q (^) triggered by  leading edge of 'clk'
Path Groups: {clk}
Analysis View: setup_view
Other End Arrival Time          0.096
- Setup                         0.107
+ Phase Shift                  10.000
- Uncertainty                   0.200
= Required Time                 9.789
- Arrival Time                  0.535
= Slack Time                    9.254
     Clock Rise Edge                 0.000
     + Clock Network Latency (Prop)  -0.006
     = Beginpoint Arrival Time       -0.006
     +-------------------------------------------------------------------------------+ 
     |        Instance         |     Arc     |   Cell   | Delay | Arrival | Required | 
     |                         |             |          |       |  Time   |   Time   | 
     |-------------------------+-------------+----------+-------+---------+----------| 
     | core/req_sync_q_reg[62] | CK ^        |          |       |  -0.006 |    9.248 | 
     | core/req_sync_q_reg[62] | CK ^ -> Q ^ | DFFHQX1  | 0.261 |   0.256 |    9.510 | 
     | core/g24461__8428       | B0 ^ -> Y v | OAI211X1 | 0.183 |   0.438 |    9.692 | 
     | core/g24428             | A v -> Y ^  | INVX1    | 0.096 |   0.535 |    9.789 | 
     | core/ack_q_reg[62]      | D ^         | DFFHQX1  | 0.000 |   0.535 |    9.789 | 
     +-------------------------------------------------------------------------------+ 
Path 95: MET Setup Check with Pin core/ack_q_reg[47]/CK 
Endpoint:   core/ack_q_reg[47]/D      (^) checked with  leading edge of 'clk'
Beginpoint: core/req_sync_q_reg[47]/Q (^) triggered by  leading edge of 'clk'
Path Groups: {clk}
Analysis View: setup_view
Other End Arrival Time          0.097
- Setup                         0.107
+ Phase Shift                  10.000
- Uncertainty                   0.200
= Required Time                 9.790
- Arrival Time                  0.535
= Slack Time                    9.255
     Clock Rise Edge                 0.000
     + Clock Network Latency (Prop)  0.002
     = Beginpoint Arrival Time       0.002
     +-------------------------------------------------------------------------------+ 
     |        Instance         |     Arc     |   Cell   | Delay | Arrival | Required | 
     |                         |             |          |       |  Time   |   Time   | 
     |-------------------------+-------------+----------+-------+---------+----------| 
     | core/req_sync_q_reg[47] | CK ^        |          |       |   0.002 |    9.256 | 
     | core/req_sync_q_reg[47] | CK ^ -> Q ^ | DFFHQX1  | 0.263 |   0.264 |    9.519 | 
     | core/g24442__7098       | B0 ^ -> Y v | OAI211X1 | 0.182 |   0.446 |    9.701 | 
     | core/g24409             | A v -> Y ^  | INVX1    | 0.089 |   0.535 |    9.790 | 
     | core/ack_q_reg[47]      | D ^         | DFFHQX1  | 0.000 |   0.535 |    9.790 | 
     +-------------------------------------------------------------------------------+ 
Path 96: MET Setup Check with Pin core/ack_q_reg[45]/CK 
Endpoint:   core/ack_q_reg[45]/D      (^) checked with  leading edge of 'clk'
Beginpoint: core/req_sync_q_reg[45]/Q (^) triggered by  leading edge of 'clk'
Path Groups: {clk}
Analysis View: setup_view
Other End Arrival Time          0.097
- Setup                         0.108
+ Phase Shift                  10.000
- Uncertainty                   0.200
= Required Time                 9.789
- Arrival Time                  0.534
= Slack Time                    9.255
     Clock Rise Edge                 0.000
     + Clock Network Latency (Prop)  0.000
     = Beginpoint Arrival Time       0.000
     +-------------------------------------------------------------------------------+ 
     |        Instance         |     Arc     |   Cell   | Delay | Arrival | Required | 
     |                         |             |          |       |  Time   |   Time   | 
     |-------------------------+-------------+----------+-------+---------+----------| 
     | core/req_sync_q_reg[45] | CK ^        |          |       |   0.000 |    9.256 | 
     | core/req_sync_q_reg[45] | CK ^ -> Q ^ | DFFHQX1  | 0.265 |   0.266 |    9.521 | 
     | core/g24441__8246       | B0 ^ -> Y v | OAI211X1 | 0.179 |   0.444 |    9.700 | 
     | core/g24408             | A v -> Y ^  | INVX1    | 0.090 |   0.534 |    9.789 | 
     | core/ack_q_reg[45]      | D ^         | DFFHQX1  | 0.000 |   0.534 |    9.789 | 
     +-------------------------------------------------------------------------------+ 
Path 97: MET Setup Check with Pin core/ack_q_reg[61]/CK 
Endpoint:   core/ack_q_reg[61]/D      (^) checked with  leading edge of 'clk'
Beginpoint: core/req_sync_q_reg[61]/Q (^) triggered by  leading edge of 'clk'
Path Groups: {clk}
Analysis View: setup_view
Other End Arrival Time          0.090
- Setup                         0.108
+ Phase Shift                  10.000
- Uncertainty                   0.200
= Required Time                 9.782
- Arrival Time                  0.526
= Slack Time                    9.256
     Clock Rise Edge                 0.000
     + Clock Network Latency (Prop)  -0.006
     = Beginpoint Arrival Time       -0.006
     +-------------------------------------------------------------------------------+ 
     |        Instance         |     Arc     |   Cell   | Delay | Arrival | Required | 
     |                         |             |          |       |  Time   |   Time   | 
     |-------------------------+-------------+----------+-------+---------+----------| 
     | core/req_sync_q_reg[61] | CK ^        |          |       |  -0.006 |    9.250 | 
     | core/req_sync_q_reg[61] | CK ^ -> Q ^ | DFFHQX1  | 0.254 |   0.248 |    9.504 | 
     | core/g24460__4319       | B0 ^ -> Y v | OAI211X1 | 0.180 |   0.428 |    9.684 | 
     | core/g24427             | A v -> Y ^  | INVX1    | 0.097 |   0.526 |    9.782 | 
     | core/ack_q_reg[61]      | D ^         | DFFHQX1  | 0.000 |   0.526 |    9.782 | 
     +-------------------------------------------------------------------------------+ 
Path 98: MET Setup Check with Pin core/ack_q_reg[58]/CK 
Endpoint:   core/ack_q_reg[58]/D      (^) checked with  leading edge of 'clk'
Beginpoint: core/req_sync_q_reg[58]/Q (^) triggered by  leading edge of 'clk'
Path Groups: {clk}
Analysis View: setup_view
Other End Arrival Time          0.096
- Setup                         0.107
+ Phase Shift                  10.000
- Uncertainty                   0.200
= Required Time                 9.789
- Arrival Time                  0.530
= Slack Time                    9.260
     Clock Rise Edge                 0.000
     + Clock Network Latency (Prop)  0.000
     = Beginpoint Arrival Time       0.000
     +-------------------------------------------------------------------------------+ 
     |        Instance         |     Arc     |   Cell   | Delay | Arrival | Required | 
     |                         |             |          |       |  Time   |   Time   | 
     |-------------------------+-------------+----------+-------+---------+----------| 
     | core/req_sync_q_reg[58] | CK ^        |          |       |   0.000 |    9.260 | 
     | core/req_sync_q_reg[58] | CK ^ -> Q ^ | DFFHQX1  | 0.260 |   0.261 |    9.520 | 
     | core/g24396__2398       | B0 ^ -> Y v | OAI211X1 | 0.175 |   0.436 |    9.695 | 
     | core/g24365             | A v -> Y ^  | INVX1    | 0.094 |   0.530 |    9.789 | 
     | core/ack_q_reg[58]      | D ^         | DFFHQX1  | 0.000 |   0.530 |    9.789 | 
     +-------------------------------------------------------------------------------+ 
Path 99: MET Setup Check with Pin core/ack_q_reg[19]/CK 
Endpoint:   core/ack_q_reg[19]/D      (^) checked with  leading edge of 'clk'
Beginpoint: core/req_sync_q_reg[19]/Q (^) triggered by  leading edge of 'clk'
Path Groups: {clk}
Analysis View: setup_view
Other End Arrival Time          0.099
- Setup                         0.106
+ Phase Shift                  10.000
- Uncertainty                   0.200
= Required Time                 9.794
- Arrival Time                  0.534
= Slack Time                    9.260
     Clock Rise Edge                 0.000
     + Clock Network Latency (Prop)  0.007
     = Beginpoint Arrival Time       0.007
     +-------------------------------------------------------------------------------+ 
     |        Instance         |     Arc     |   Cell   | Delay | Arrival | Required | 
     |                         |             |          |       |  Time   |   Time   | 
     |-------------------------+-------------+----------+-------+---------+----------| 
     | core/req_sync_q_reg[19] | CK ^        |          |       |   0.007 |    9.267 | 
     | core/req_sync_q_reg[19] | CK ^ -> Q ^ | DFFHQX1  | 0.264 |   0.272 |    9.532 | 
     | core/g24465__1617       | B0 ^ -> Y v | OAI211X1 | 0.172 |   0.444 |    9.704 | 
     | core/g24432             | A v -> Y ^  | INVX1    | 0.090 |   0.534 |    9.794 | 
     | core/ack_q_reg[19]      | D ^         | DFFHQX1  | 0.000 |   0.534 |    9.794 | 
     +-------------------------------------------------------------------------------+ 
Path 100: MET Setup Check with Pin core/ack_q_reg[49]/CK 
Endpoint:   core/ack_q_reg[49]/D      (^) checked with  leading edge of 'clk'
Beginpoint: core/req_sync_q_reg[49]/Q (^) triggered by  leading edge of 'clk'
Path Groups: {clk}
Analysis View: setup_view
Other End Arrival Time          0.096
- Setup                         0.107
+ Phase Shift                  10.000
- Uncertainty                   0.200
= Required Time                 9.789
- Arrival Time                  0.528
= Slack Time                    9.261
     Clock Rise Edge                 0.000
     + Clock Network Latency (Prop)  0.000
     = Beginpoint Arrival Time       0.000
     +-------------------------------------------------------------------------------+ 
     |        Instance         |     Arc     |   Cell   | Delay | Arrival | Required | 
     |                         |             |          |       |  Time   |   Time   | 
     |-------------------------+-------------+----------+-------+---------+----------| 
     | core/req_sync_q_reg[49] | CK ^        |          |       |   0.000 |    9.261 | 
     | core/req_sync_q_reg[49] | CK ^ -> Q ^ | DFFHQX1  | 0.260 |   0.260 |    9.521 | 
     | core/g24444__1881       | B0 ^ -> Y v | OAI211X1 | 0.176 |   0.436 |    9.696 | 
     | core/g24411             | A v -> Y ^  | INVX1    | 0.093 |   0.528 |    9.789 | 
     | core/ack_q_reg[49]      | D ^         | DFFHQX1  | 0.000 |   0.528 |    9.789 | 
     +-------------------------------------------------------------------------------+ 

