###############################################################
#  Generated by:      Cadence Innovus 23.14-s088_1
#  OS:                Linux x86_64(Host ID <REMOTE_HOST>)
#  Generated on:      Wed Aug 26 17:03:34 2026
#  Design:            aer64_pending_grouped_rr
#  Command:           report_timing -max_paths 100 > [file join $report_dir postroute_setup_timing.rpt]
###############################################################
Path 1: MET Setup Check with Pin core/req_sync_q_reg[45]/CK 
Endpoint:   core/req_sync_q_reg[45]/D (^) checked with  leading edge of 'clk'
Beginpoint: core/req_meta_q_reg[45]/Q (^) triggered by  leading edge of '@'
Path Groups: {clk}
Analysis View: setup_view
Other End Arrival Time          0.099
- Setup                         0.107
+ Path Delay                    0.800
- Uncertainty                   0.200
= Required Time                 0.593
- Arrival Time                  0.213
= Slack Time                    0.380
     Clock Rise Edge                      0.000
     = Beginpoint Arrival Time            0.000
     +----------------------------------------------------------------------------------+ 
     |           Instance           |    Arc     |  Cell   | Delay | Arrival | Required | 
     |                              |            |         |       |  Time   |   Time   | 
     |------------------------------+------------+---------+-------+---------+----------| 
     | core/req_meta_q_reg[45]      | Q ^        |         |       |   0.000 |    0.380 | 
     | core/FE_PHC120_req_meta_q_45 | A ^ -> Y ^ | DLY1X1  | 0.213 |   0.213 |    0.593 | 
     | core/req_sync_q_reg[45]      | D ^        | DFFHQX1 | 0.000 |   0.213 |    0.593 | 
     +----------------------------------------------------------------------------------+ 
Path 2: MET Setup Check with Pin core/req_sync_q_reg[42]/CK 
Endpoint:   core/req_sync_q_reg[42]/D (^) checked with  leading edge of 'clk'
Beginpoint: core/req_meta_q_reg[42]/Q (^) triggered by  leading edge of '@'
Path Groups: {clk}
Analysis View: setup_view
Other End Arrival Time          0.099
- Setup                         0.108
+ Path Delay                    0.800
- Uncertainty                   0.200
= Required Time                 0.592
- Arrival Time                  0.211
= Slack Time                    0.381
     Clock Rise Edge                      0.000
     = Beginpoint Arrival Time            0.000
     +----------------------------------------------------------------------------------+ 
     |           Instance           |    Arc     |  Cell   | Delay | Arrival | Required | 
     |                              |            |         |       |  Time   |   Time   | 
     |------------------------------+------------+---------+-------+---------+----------| 
     | core/req_meta_q_reg[42]      | Q ^        |         |       |   0.000 |    0.381 | 
     | core/FE_PHC134_req_meta_q_42 | A ^ -> Y ^ | DLY1X1  | 0.211 |   0.211 |    0.591 | 
     | core/req_sync_q_reg[42]      | D ^        | DFFHQX1 | 0.000 |   0.211 |    0.592 | 
     +----------------------------------------------------------------------------------+ 
Path 3: MET Setup Check with Pin core/req_sync_q_reg[17]/CK 
Endpoint:   core/req_sync_q_reg[17]/D (^) checked with  leading edge of 'clk'
Beginpoint: core/req_meta_q_reg[17]/Q (^) triggered by  leading edge of '@'
Path Groups: {clk}
Analysis View: setup_view
Other End Arrival Time          0.101
- Setup                         0.121
+ Path Delay                    0.800
- Uncertainty                   0.200
= Required Time                 0.580
- Arrival Time                  0.198
= Slack Time                    0.382
     Clock Rise Edge                      0.000
     = Beginpoint Arrival Time            0.000
     +----------------------------------------------------------------------------------+ 
     |           Instance           |    Arc     |  Cell   | Delay | Arrival | Required | 
     |                              |            |         |       |  Time   |   Time   | 
     |------------------------------+------------+---------+-------+---------+----------| 
     | core/req_meta_q_reg[17]      | Q ^        |         |       |   0.000 |    0.382 | 
     | core/FE_PHC142_req_meta_q_17 | A ^ -> Y ^ | DLY1X1  | 0.198 |   0.198 |    0.580 | 
     | core/req_sync_q_reg[17]      | D ^        | DFFHQX1 | 0.000 |   0.198 |    0.580 | 
     +----------------------------------------------------------------------------------+ 
Path 4: MET Setup Check with Pin core/req_sync_q_reg[30]/CK 
Endpoint:   core/req_sync_q_reg[30]/D (^) checked with  leading edge of 'clk'
Beginpoint: core/req_meta_q_reg[30]/Q (^) triggered by  leading edge of '@'
Path Groups: {clk}
Analysis View: setup_view
Other End Arrival Time          0.099
- Setup                         0.114
+ Path Delay                    0.800
- Uncertainty                   0.200
= Required Time                 0.586
- Arrival Time                  0.202
= Slack Time                    0.383
     Clock Rise Edge                      0.000
     = Beginpoint Arrival Time            0.000
     +----------------------------------------------------------------------------------+ 
     |           Instance           |    Arc     |  Cell   | Delay | Arrival | Required | 
     |                              |            |         |       |  Time   |   Time   | 
     |------------------------------+------------+---------+-------+---------+----------| 
     | core/req_meta_q_reg[30]      | Q ^        |         |       |   0.000 |    0.383 | 
     | core/FE_PHC131_req_meta_q_30 | A ^ -> Y ^ | DLY1X1  | 0.202 |   0.202 |    0.586 | 
     | core/req_sync_q_reg[30]      | D ^        | DFFHQX1 | 0.000 |   0.202 |    0.586 | 
     +----------------------------------------------------------------------------------+ 
Path 5: MET Setup Check with Pin core/req_sync_q_reg[36]/CK 
Endpoint:   core/req_sync_q_reg[36]/D (^) checked with  leading edge of 'clk'
Beginpoint: core/req_meta_q_reg[36]/Q (^) triggered by  leading edge of '@'
Path Groups: {clk}
Analysis View: setup_view
Other End Arrival Time          0.099
- Setup                         0.106
+ Path Delay                    0.800
- Uncertainty                   0.200
= Required Time                 0.593
- Arrival Time                  0.207
= Slack Time                    0.386
     Clock Rise Edge                      0.000
     = Beginpoint Arrival Time            0.000
     +----------------------------------------------------------------------------------+ 
     |           Instance           |    Arc     |  Cell   | Delay | Arrival | Required | 
     |                              |            |         |       |  Time   |   Time   | 
     |------------------------------+------------+---------+-------+---------+----------| 
     | core/req_meta_q_reg[36]      | Q ^        |         |       |   0.000 |    0.386 | 
     | core/FE_PHC129_req_meta_q_36 | A ^ -> Y ^ | DLY1X1  | 0.207 |   0.207 |    0.593 | 
     | core/req_sync_q_reg[36]      | D ^        | DFFHQX1 | 0.000 |   0.207 |    0.593 | 
     +----------------------------------------------------------------------------------+ 
Path 6: MET Setup Check with Pin core/req_sync_q_reg[8]/CK 
Endpoint:   core/req_sync_q_reg[8]/D (^) checked with  leading edge of 'clk'
Beginpoint: core/req_meta_q_reg[8]/Q (^) triggered by  leading edge of '@'
Path Groups: {clk}
Analysis View: setup_view
Other End Arrival Time          0.093
- Setup                         0.096
+ Path Delay                    0.800
- Uncertainty                   0.200
= Required Time                 0.598
- Arrival Time                  0.211
= Slack Time                    0.386
     Clock Rise Edge                      0.000
     = Beginpoint Arrival Time            0.000
     +------------------------------------------------------------------------------------------+ 
     |              Instance               |    Arc     |   Cell   | Delay | Arrival | Required | 
     |                                     |            |          |       |  Time   |   Time   | 
     |-------------------------------------+------------+----------+-------+---------+----------| 
     | core/req_meta_q_reg[8]              | Q ^        |          |       |   0.000 |    0.386 | 
     | core/FE_OFC2_req_meta_q_8           | A ^ -> Y ^ | BUFX2    | 0.109 |   0.109 |    0.495 | 
     | core/FE_PHC143_FE_OFN3_req_meta_q_8 | A ^ -> Y ^ | CLKBUFX2 | 0.102 |   0.211 |    0.598 | 
     | core/req_sync_q_reg[8]              | D ^        | DFFHQX1  | 0.000 |   0.211 |    0.598 | 
     +------------------------------------------------------------------------------------------+ 
Path 7: MET Setup Check with Pin core/req_sync_q_reg[16]/CK 
Endpoint:   core/req_sync_q_reg[16]/D (^) checked with  leading edge of 'clk'
Beginpoint: core/req_meta_q_reg[16]/Q (^) triggered by  leading edge of '@'
Path Groups: {clk}
Analysis View: setup_view
Other End Arrival Time          0.099
- Setup                         0.115
+ Path Delay                    0.800
- Uncertainty                   0.200
= Required Time                 0.584
- Arrival Time                  0.197
= Slack Time                    0.387
     Clock Rise Edge                      0.000
     = Beginpoint Arrival Time            0.000
     +----------------------------------------------------------------------------------+ 
     |           Instance           |    Arc     |  Cell   | Delay | Arrival | Required | 
     |                              |            |         |       |  Time   |   Time   | 
     |------------------------------+------------+---------+-------+---------+----------| 
     | core/req_meta_q_reg[16]      | Q ^        |         |       |   0.000 |    0.387 | 
     | core/FE_PHC141_req_meta_q_16 | A ^ -> Y ^ | DLY1X1  | 0.197 |   0.197 |    0.584 | 
     | core/req_sync_q_reg[16]      | D ^        | DFFHQX1 | 0.000 |   0.197 |    0.584 | 
     +----------------------------------------------------------------------------------+ 
Path 8: MET Setup Check with Pin core/req_sync_q_reg[14]/CK 
Endpoint:   core/req_sync_q_reg[14]/D (^) checked with  leading edge of 'clk'
Beginpoint: core/req_meta_q_reg[14]/Q (^) triggered by  leading edge of '@'
Path Groups: {clk}
Analysis View: setup_view
Other End Arrival Time          0.099
- Setup                         0.107
+ Path Delay                    0.800
- Uncertainty                   0.200
= Required Time                 0.593
- Arrival Time                  0.203
= Slack Time                    0.390
     Clock Rise Edge                      0.000
     = Beginpoint Arrival Time            0.000
     +----------------------------------------------------------------------------------+ 
     |           Instance           |    Arc     |  Cell   | Delay | Arrival | Required | 
     |                              |            |         |       |  Time   |   Time   | 
     |------------------------------+------------+---------+-------+---------+----------| 
     | core/req_meta_q_reg[14]      | Q ^        |         |       |   0.000 |    0.390 | 
     | core/FE_PHC139_req_meta_q_14 | A ^ -> Y ^ | DLY1X1  | 0.203 |   0.203 |    0.593 | 
     | core/req_sync_q_reg[14]      | D ^        | DFFHQX1 | 0.000 |   0.203 |    0.593 | 
     +----------------------------------------------------------------------------------+ 
Path 9: MET Setup Check with Pin core/req_sync_q_reg[33]/CK 
Endpoint:   core/req_sync_q_reg[33]/D (^) checked with  leading edge of 'clk'
Beginpoint: core/req_meta_q_reg[33]/Q (^) triggered by  leading edge of '@'
Path Groups: {clk}
Analysis View: setup_view
Other End Arrival Time          0.099
- Setup                         0.112
+ Path Delay                    0.800
- Uncertainty                   0.200
= Required Time                 0.587
- Arrival Time                  0.196
= Slack Time                    0.391
     Clock Rise Edge                      0.000
     = Beginpoint Arrival Time            0.000
     +----------------------------------------------------------------------------------+ 
     |           Instance           |    Arc     |  Cell   | Delay | Arrival | Required | 
     |                              |            |         |       |  Time   |   Time   | 
     |------------------------------+------------+---------+-------+---------+----------| 
     | core/req_meta_q_reg[33]      | Q ^        |         |       |   0.000 |    0.391 | 
     | core/FE_PHC133_req_meta_q_33 | A ^ -> Y ^ | DLY1X1  | 0.196 |   0.196 |    0.587 | 
     | core/req_sync_q_reg[33]      | D ^        | DFFHQX1 | 0.000 |   0.196 |    0.587 | 
     +----------------------------------------------------------------------------------+ 
Path 10: MET Setup Check with Pin core/req_sync_q_reg[12]/CK 
Endpoint:   core/req_sync_q_reg[12]/D (^) checked with  leading edge of 'clk'
Beginpoint: core/req_meta_q_reg[12]/Q (^) triggered by  leading edge of '@'
Path Groups: {clk}
Analysis View: setup_view
Other End Arrival Time          0.101
- Setup                         0.117
+ Path Delay                    0.800
- Uncertainty                   0.200
= Required Time                 0.584
- Arrival Time                  0.192
= Slack Time                    0.391
     Clock Rise Edge                      0.000
     = Beginpoint Arrival Time            0.000
     +----------------------------------------------------------------------------------+ 
     |           Instance           |    Arc     |  Cell   | Delay | Arrival | Required | 
     |                              |            |         |       |  Time   |   Time   | 
     |------------------------------+------------+---------+-------+---------+----------| 
     | core/req_meta_q_reg[12]      | Q ^        |         |       |   0.000 |    0.391 | 
     | core/FE_PHC140_req_meta_q_12 | A ^ -> Y ^ | DLY1X1  | 0.192 |   0.192 |    0.583 | 
     | core/req_sync_q_reg[12]      | D ^        | DFFHQX1 | 0.000 |   0.192 |    0.584 | 
     +----------------------------------------------------------------------------------+ 
Path 11: MET Setup Check with Pin core/req_sync_q_reg[37]/CK 
Endpoint:   core/req_sync_q_reg[37]/D (^) checked with  leading edge of 'clk'
Beginpoint: core/req_meta_q_reg[37]/Q (^) triggered by  leading edge of '@'
Path Groups: {clk}
Analysis View: setup_view
Other End Arrival Time          0.099
- Setup                         0.105
+ Path Delay                    0.800
- Uncertainty                   0.200
= Required Time                 0.594
- Arrival Time                  0.201
= Slack Time                    0.393
     Clock Rise Edge                      0.000
     = Beginpoint Arrival Time            0.000
     +----------------------------------------------------------------------------------+ 
     |           Instance           |    Arc     |  Cell   | Delay | Arrival | Required | 
     |                              |            |         |       |  Time   |   Time   | 
     |------------------------------+------------+---------+-------+---------+----------| 
     | core/req_meta_q_reg[37]      | Q ^        |         |       |   0.000 |    0.393 | 
     | core/FE_PHC130_req_meta_q_37 | A ^ -> Y ^ | DLY1X1  | 0.201 |   0.201 |    0.594 | 
     | core/req_sync_q_reg[37]      | D ^        | DFFHQX1 | 0.000 |   0.201 |    0.594 | 
     +----------------------------------------------------------------------------------+ 
Path 12: MET Setup Check with Pin core/req_sync_q_reg[59]/CK 
Endpoint:   core/req_sync_q_reg[59]/D (^) checked with  leading edge of 'clk'
Beginpoint: core/req_meta_q_reg[59]/Q (^) triggered by  leading edge of '@'
Path Groups: {clk}
Analysis View: setup_view
Other End Arrival Time          0.093
- Setup                         0.103
+ Path Delay                    0.800
- Uncertainty                   0.200
= Required Time                 0.590
- Arrival Time                  0.193
= Slack Time                    0.397
     Clock Rise Edge                      0.000
     = Beginpoint Arrival Time            0.000
     +----------------------------------------------------------------------------------+ 
     |           Instance           |    Arc     |  Cell   | Delay | Arrival | Required | 
     |                              |            |         |       |  Time   |   Time   | 
     |------------------------------+------------+---------+-------+---------+----------| 
     | core/req_meta_q_reg[59]      | Q ^        |         |       |   0.000 |    0.397 | 
     | core/FE_PHC121_req_meta_q_59 | A ^ -> Y ^ | DLY1X1  | 0.193 |   0.193 |    0.590 | 
     | core/req_sync_q_reg[59]      | D ^        | DFFHQX1 | 0.000 |   0.193 |    0.590 | 
     +----------------------------------------------------------------------------------+ 
Path 13: MET Setup Check with Pin core/req_sync_q_reg[26]/CK 
Endpoint:   core/req_sync_q_reg[26]/D (^) checked with  leading edge of 'clk'
Beginpoint: core/req_meta_q_reg[26]/Q (^) triggered by  leading edge of '@'
Path Groups: {clk}
Analysis View: setup_view
Other End Arrival Time          0.099
- Setup                         0.108
+ Path Delay                    0.800
- Uncertainty                   0.200
= Required Time                 0.591
- Arrival Time                  0.183
= Slack Time                    0.409
     Clock Rise Edge                      0.000
     = Beginpoint Arrival Time            0.000
     +----------------------------------------------------------------------------------+ 
     |           Instance           |    Arc     |  Cell   | Delay | Arrival | Required | 
     |                              |            |         |       |  Time   |   Time   | 
     |------------------------------+------------+---------+-------+---------+----------| 
     | core/req_meta_q_reg[26]      | Q ^        |         |       |   0.000 |    0.409 | 
     | core/FE_PHC127_req_meta_q_26 | A ^ -> Y ^ | DLY1X1  | 0.183 |   0.183 |    0.591 | 
     | core/req_sync_q_reg[26]      | D ^        | DFFHQX1 | 0.000 |   0.183 |    0.591 | 
     +----------------------------------------------------------------------------------+ 
Path 14: MET Setup Check with Pin core/req_sync_q_reg[34]/CK 
Endpoint:   core/req_sync_q_reg[34]/D (^) checked with  leading edge of 'clk'
Beginpoint: core/req_meta_q_reg[34]/Q (^) triggered by  leading edge of '@'
Path Groups: {clk}
Analysis View: setup_view
Other End Arrival Time          0.099
- Setup                         0.108
+ Path Delay                    0.800
- Uncertainty                   0.200
= Required Time                 0.591
- Arrival Time                  0.179
= Slack Time                    0.412
     Clock Rise Edge                      0.000
     = Beginpoint Arrival Time            0.000
     +----------------------------------------------------------------------------------+ 
     |           Instance           |    Arc     |  Cell   | Delay | Arrival | Required | 
     |                              |            |         |       |  Time   |   Time   | 
     |------------------------------+------------+---------+-------+---------+----------| 
     | core/req_meta_q_reg[34]      | Q ^        |         |       |   0.000 |    0.412 | 
     | core/FE_PHC124_req_meta_q_34 | A ^ -> Y ^ | DLY1X1  | 0.179 |   0.179 |    0.591 | 
     | core/req_sync_q_reg[34]      | D ^        | DFFHQX1 | 0.000 |   0.179 |    0.591 | 
     +----------------------------------------------------------------------------------+ 
Path 15: MET Setup Check with Pin core/req_sync_q_reg[53]/CK 
Endpoint:   core/req_sync_q_reg[53]/D (^) checked with  leading edge of 'clk'
Beginpoint: core/req_meta_q_reg[53]/Q (^) triggered by  leading edge of '@'
Path Groups: {clk}
Analysis View: setup_view
Other End Arrival Time          0.099
- Setup                         0.106
+ Path Delay                    0.800
- Uncertainty                   0.200
= Required Time                 0.593
- Arrival Time                  0.180
= Slack Time                    0.413
     Clock Rise Edge                      0.000
     = Beginpoint Arrival Time            0.000
     +----------------------------------------------------------------------------------+ 
     |           Instance           |    Arc     |  Cell   | Delay | Arrival | Required | 
     |                              |            |         |       |  Time   |   Time   | 
     |------------------------------+------------+---------+-------+---------+----------| 
     | core/req_meta_q_reg[53]      | Q ^        |         |       |   0.000 |    0.413 | 
     | core/FE_PHC132_req_meta_q_53 | A ^ -> Y ^ | DLY1X1  | 0.180 |   0.180 |    0.593 | 
     | core/req_sync_q_reg[53]      | D ^        | DFFHQX1 | 0.000 |   0.180 |    0.593 | 
     +----------------------------------------------------------------------------------+ 
Path 16: MET Setup Check with Pin core/req_sync_q_reg[58]/CK 
Endpoint:   core/req_sync_q_reg[58]/D (^) checked with  leading edge of 'clk'
Beginpoint: core/req_meta_q_reg[58]/Q (^) triggered by  leading edge of '@'
Path Groups: {clk}
Analysis View: setup_view
Other End Arrival Time          0.099
- Setup                         0.098
+ Path Delay                    0.800
- Uncertainty                   0.200
= Required Time                 0.602
- Arrival Time                  0.189
= Slack Time                    0.413
     Clock Rise Edge                      0.000
     = Beginpoint Arrival Time            0.000
     +----------------------------------------------------------------------------------+ 
     |           Instance           |    Arc     |  Cell   | Delay | Arrival | Required | 
     |                              |            |         |       |  Time   |   Time   | 
     |------------------------------+------------+---------+-------+---------+----------| 
     | core/req_meta_q_reg[58]      | Q ^        |         |       |   0.000 |    0.413 | 
     | core/FE_PHC102_req_meta_q_58 | A ^ -> Y ^ | DLY1X1  | 0.189 |   0.189 |    0.602 | 
     | core/req_sync_q_reg[58]      | D ^        | DFFHQX1 | 0.000 |   0.189 |    0.602 | 
     +----------------------------------------------------------------------------------+ 
Path 17: MET Setup Check with Pin core/req_sync_q_reg[2]/CK 
Endpoint:   core/req_sync_q_reg[2]/D (^) checked with  leading edge of 'clk'
Beginpoint: core/req_meta_q_reg[2]/Q (^) triggered by  leading edge of '@'
Path Groups: {clk}
Analysis View: setup_view
Other End Arrival Time          0.096
- Setup                         0.108
+ Path Delay                    0.800
- Uncertainty                   0.200
= Required Time                 0.588
- Arrival Time                  0.173
= Slack Time                    0.415
     Clock Rise Edge                      0.000
     = Beginpoint Arrival Time            0.000
     +---------------------------------------------------------------------------------+ 
     |          Instance           |    Arc     |  Cell   | Delay | Arrival | Required | 
     |                             |            |         |       |  Time   |   Time   | 
     |-----------------------------+------------+---------+-------+---------+----------| 
     | core/req_meta_q_reg[2]      | Q ^        |         |       |   0.000 |    0.415 | 
     | core/FE_PHC113_req_meta_q_2 | A ^ -> Y ^ | DLY1X1  | 0.173 |   0.173 |    0.588 | 
     | core/req_sync_q_reg[2]      | D ^        | DFFHQX1 | 0.000 |   0.173 |    0.588 | 
     +---------------------------------------------------------------------------------+ 
Path 18: MET Setup Check with Pin core/req_sync_q_reg[57]/CK 
Endpoint:   core/req_sync_q_reg[57]/D (^) checked with  leading edge of 'clk'
Beginpoint: core/req_meta_q_reg[57]/Q (^) triggered by  leading edge of '@'
Path Groups: {clk}
Analysis View: setup_view
Other End Arrival Time          0.093
- Setup                         0.100
+ Path Delay                    0.800
- Uncertainty                   0.200
= Required Time                 0.593
- Arrival Time                  0.176
= Slack Time                    0.417
     Clock Rise Edge                      0.000
     = Beginpoint Arrival Time            0.000
     +----------------------------------------------------------------------------------+ 
     |           Instance           |    Arc     |  Cell   | Delay | Arrival | Required | 
     |                              |            |         |       |  Time   |   Time   | 
     |------------------------------+------------+---------+-------+---------+----------| 
     | core/req_meta_q_reg[57]      | Q ^        |         |       |   0.000 |    0.417 | 
     | core/FE_PHC126_req_meta_q_57 | A ^ -> Y ^ | DLY1X1  | 0.176 |   0.176 |    0.593 | 
     | core/req_sync_q_reg[57]      | D ^        | DFFHQX1 | 0.000 |   0.176 |    0.593 | 
     +----------------------------------------------------------------------------------+ 
Path 19: MET Setup Check with Pin core/req_sync_q_reg[51]/CK 
Endpoint:   core/req_sync_q_reg[51]/D (^) checked with  leading edge of 'clk'
Beginpoint: core/req_meta_q_reg[51]/Q (^) triggered by  leading edge of '@'
Path Groups: {clk}
Analysis View: setup_view
Other End Arrival Time          0.099
- Setup                         0.098
+ Path Delay                    0.800
- Uncertainty                   0.200
= Required Time                 0.602
- Arrival Time                  0.184
= Slack Time                    0.418
     Clock Rise Edge                      0.000
     = Beginpoint Arrival Time            0.000
     +---------------------------------------------------------------------------------+ 
     |          Instance           |    Arc     |  Cell   | Delay | Arrival | Required | 
     |                             |            |         |       |  Time   |   Time   | 
     |-----------------------------+------------+---------+-------+---------+----------| 
     | core/req_meta_q_reg[51]     | Q ^        |         |       |   0.000 |    0.418 | 
     | core/FE_PHC91_req_meta_q_51 | A ^ -> Y ^ | DLY1X1  | 0.184 |   0.184 |    0.602 | 
     | core/req_sync_q_reg[51]     | D ^        | DFFHQX1 | 0.000 |   0.184 |    0.602 | 
     +---------------------------------------------------------------------------------+ 
Path 20: MET Setup Check with Pin core/req_sync_q_reg[5]/CK 
Endpoint:   core/req_sync_q_reg[5]/D (^) checked with  leading edge of 'clk'
Beginpoint: core/req_meta_q_reg[5]/Q (^) triggered by  leading edge of '@'
Path Groups: {clk}
Analysis View: setup_view
Other End Arrival Time          0.096
- Setup                         0.107
+ Path Delay                    0.800
- Uncertainty                   0.200
= Required Time                 0.589
- Arrival Time                  0.171
= Slack Time                    0.418
     Clock Rise Edge                      0.000
     = Beginpoint Arrival Time            0.000
     +---------------------------------------------------------------------------------+ 
     |          Instance           |    Arc     |  Cell   | Delay | Arrival | Required | 
     |                             |            |         |       |  Time   |   Time   | 
     |-----------------------------+------------+---------+-------+---------+----------| 
     | core/req_meta_q_reg[5]      | Q ^        |         |       |   0.000 |    0.418 | 
     | core/FE_PHC118_req_meta_q_5 | A ^ -> Y ^ | DLY1X1  | 0.171 |   0.171 |    0.589 | 
     | core/req_sync_q_reg[5]      | D ^        | DFFHQX1 | 0.000 |   0.171 |    0.589 | 
     +---------------------------------------------------------------------------------+ 
Path 21: MET Setup Check with Pin core/req_sync_q_reg[3]/CK 
Endpoint:   core/req_sync_q_reg[3]/D (^) checked with  leading edge of 'clk'
Beginpoint: core/req_meta_q_reg[3]/Q (^) triggered by  leading edge of '@'
Path Groups: {clk}
Analysis View: setup_view
Other End Arrival Time          0.096
- Setup                         0.100
+ Path Delay                    0.800
- Uncertainty                   0.200
= Required Time                 0.596
- Arrival Time                  0.178
= Slack Time                    0.418
     Clock Rise Edge                      0.000
     = Beginpoint Arrival Time            0.000
     +---------------------------------------------------------------------------------+ 
     |          Instance           |    Arc     |  Cell   | Delay | Arrival | Required | 
     |                             |            |         |       |  Time   |   Time   | 
     |-----------------------------+------------+---------+-------+---------+----------| 
     | core/req_meta_q_reg[3]      | Q ^        |         |       |   0.000 |    0.418 | 
     | core/FE_PHC109_req_meta_q_3 | A ^ -> Y ^ | DLY1X1  | 0.178 |   0.178 |    0.596 | 
     | core/req_sync_q_reg[3]      | D ^        | DFFHQX1 | 0.000 |   0.178 |    0.596 | 
     +---------------------------------------------------------------------------------+ 
Path 22: MET Setup Check with Pin core/req_sync_q_reg[43]/CK 
Endpoint:   core/req_sync_q_reg[43]/D (^) checked with  leading edge of 'clk'
Beginpoint: core/req_meta_q_reg[43]/Q (^) triggered by  leading edge of '@'
Path Groups: {clk}
Analysis View: setup_view
Other End Arrival Time          0.101
- Setup                         0.103
+ Path Delay                    0.800
- Uncertainty                   0.200
= Required Time                 0.597
- Arrival Time                  0.179
= Slack Time                    0.418
     Clock Rise Edge                      0.000
     = Beginpoint Arrival Time            0.000
     +----------------------------------------------------------------------------------+ 
     |           Instance           |    Arc     |  Cell   | Delay | Arrival | Required | 
     |                              |            |         |       |  Time   |   Time   | 
     |------------------------------+------------+---------+-------+---------+----------| 
     | core/req_meta_q_reg[43]      | Q ^        |         |       |   0.000 |    0.418 | 
     | core/FE_PHC117_req_meta_q_43 | A ^ -> Y ^ | DLY1X1  | 0.179 |   0.179 |    0.597 | 
     | core/req_sync_q_reg[43]      | D ^        | DFFHQX1 | 0.000 |   0.179 |    0.597 | 
     +----------------------------------------------------------------------------------+ 
Path 23: MET Setup Check with Pin core/req_sync_q_reg[63]/CK 
Endpoint:   core/req_sync_q_reg[63]/D (^) checked with  leading edge of 'clk'
Beginpoint: core/req_meta_q_reg[63]/Q (^) triggered by  leading edge of '@'
Path Groups: {clk}
Analysis View: setup_view
Other End Arrival Time          0.093
- Setup                         0.096
+ Path Delay                    0.800
- Uncertainty                   0.200
= Required Time                 0.597
- Arrival Time                  0.178
= Slack Time                    0.419
     Clock Rise Edge                      0.000
     = Beginpoint Arrival Time            0.000
     +----------------------------------------------------------------------------------+ 
     |           Instance           |    Arc     |  Cell   | Delay | Arrival | Required | 
     |                              |            |         |       |  Time   |   Time   | 
     |------------------------------+------------+---------+-------+---------+----------| 
     | core/req_meta_q_reg[63]      | Q ^        |         |       |   0.000 |    0.419 | 
     | core/FE_PHC116_req_meta_q_63 | A ^ -> Y ^ | DLY1X1  | 0.178 |   0.178 |    0.597 | 
     | core/req_sync_q_reg[63]      | D ^        | DFFHQX1 | 0.000 |   0.178 |    0.597 | 
     +----------------------------------------------------------------------------------+ 
Path 24: MET Setup Check with Pin core/req_sync_q_reg[54]/CK 
Endpoint:   core/req_sync_q_reg[54]/D (^) checked with  leading edge of 'clk'
Beginpoint: core/req_meta_q_reg[54]/Q (^) triggered by  leading edge of '@'
Path Groups: {clk}
Analysis View: setup_view
Other End Arrival Time          0.099
- Setup                         0.102
+ Path Delay                    0.800
- Uncertainty                   0.200
= Required Time                 0.597
- Arrival Time                  0.178
= Slack Time                    0.419
     Clock Rise Edge                      0.000
     = Beginpoint Arrival Time            0.000
     +----------------------------------------------------------------------------------+ 
     |           Instance           |    Arc     |  Cell   | Delay | Arrival | Required | 
     |                              |            |         |       |  Time   |   Time   | 
     |------------------------------+------------+---------+-------+---------+----------| 
     | core/req_meta_q_reg[54]      | Q ^        |         |       |   0.000 |    0.419 | 
     | core/FE_PHC110_req_meta_q_54 | A ^ -> Y ^ | DLY1X1  | 0.178 |   0.178 |    0.597 | 
     | core/req_sync_q_reg[54]      | D ^        | DFFHQX1 | 0.000 |   0.178 |    0.597 | 
     +----------------------------------------------------------------------------------+ 
Path 25: MET Setup Check with Pin core/req_sync_q_reg[61]/CK 
Endpoint:   core/req_sync_q_reg[61]/D (^) checked with  leading edge of 'clk'
Beginpoint: core/req_meta_q_reg[61]/Q (^) triggered by  leading edge of '@'
Path Groups: {clk}
Analysis View: setup_view
Other End Arrival Time          0.093
- Setup                         0.100
+ Path Delay                    0.800
- Uncertainty                   0.200
= Required Time                 0.593
- Arrival Time                  0.173
= Slack Time                    0.420
     Clock Rise Edge                      0.000
     = Beginpoint Arrival Time            0.000
     +----------------------------------------------------------------------------------+ 
     |           Instance           |    Arc     |  Cell   | Delay | Arrival | Required | 
     |                              |            |         |       |  Time   |   Time   | 
     |------------------------------+------------+---------+-------+---------+----------| 
     | core/req_meta_q_reg[61]      | Q ^        |         |       |   0.000 |    0.420 | 
     | core/FE_PHC111_req_meta_q_61 | A ^ -> Y ^ | DLY1X1  | 0.173 |   0.173 |    0.593 | 
     | core/req_sync_q_reg[61]      | D ^        | DFFHQX1 | 0.000 |   0.173 |    0.593 | 
     +----------------------------------------------------------------------------------+ 
Path 26: MET Setup Check with Pin core/req_sync_q_reg[41]/CK 
Endpoint:   core/req_sync_q_reg[41]/D (^) checked with  leading edge of 'clk'
Beginpoint: core/req_meta_q_reg[41]/Q (^) triggered by  leading edge of '@'
Path Groups: {clk}
Analysis View: setup_view
Other End Arrival Time          0.096
- Setup                         0.105
+ Path Delay                    0.800
- Uncertainty                   0.200
= Required Time                 0.591
- Arrival Time                  0.170
= Slack Time                    0.421
     Clock Rise Edge                      0.000
     = Beginpoint Arrival Time            0.000
     +----------------------------------------------------------------------------------+ 
     |           Instance           |    Arc     |  Cell   | Delay | Arrival | Required | 
     |                              |            |         |       |  Time   |   Time   | 
     |------------------------------+------------+---------+-------+---------+----------| 
     | core/req_meta_q_reg[41]      | Q ^        |         |       |   0.000 |    0.421 | 
     | core/FE_PHC105_req_meta_q_41 | A ^ -> Y ^ | DLY1X1  | 0.170 |   0.170 |    0.591 | 
     | core/req_sync_q_reg[41]      | D ^        | DFFHQX1 | 0.000 |   0.170 |    0.591 | 
     +----------------------------------------------------------------------------------+ 
Path 27: MET Setup Check with Pin core/req_sync_q_reg[35]/CK 
Endpoint:   core/req_sync_q_reg[35]/D (^) checked with  leading edge of 'clk'
Beginpoint: core/req_meta_q_reg[35]/Q (^) triggered by  leading edge of '@'
Path Groups: {clk}
Analysis View: setup_view
Other End Arrival Time          0.099
- Setup                         0.100
+ Path Delay                    0.800
- Uncertainty                   0.200
= Required Time                 0.599
- Arrival Time                  0.178
= Slack Time                    0.422
     Clock Rise Edge                      0.000
     = Beginpoint Arrival Time            0.000
     +----------------------------------------------------------------------------------+ 
     |           Instance           |    Arc     |  Cell   | Delay | Arrival | Required | 
     |                              |            |         |       |  Time   |   Time   | 
     |------------------------------+------------+---------+-------+---------+----------| 
     | core/req_meta_q_reg[35]      | Q ^        |         |       |   0.000 |    0.422 | 
     | core/FE_PHC101_req_meta_q_35 | A ^ -> Y ^ | DLY1X1  | 0.178 |   0.178 |    0.599 | 
     | core/req_sync_q_reg[35]      | D ^        | DFFHQX1 | 0.000 |   0.178 |    0.599 | 
     +----------------------------------------------------------------------------------+ 
Path 28: MET Setup Check with Pin core/req_sync_q_reg[0]/CK 
Endpoint:   core/req_sync_q_reg[0]/D (^) checked with  leading edge of 'clk'
Beginpoint: core/req_meta_q_reg[0]/Q (^) triggered by  leading edge of '@'
Path Groups: {clk}
Analysis View: setup_view
Other End Arrival Time          0.096
- Setup                         0.105
+ Path Delay                    0.800
- Uncertainty                   0.200
= Required Time                 0.592
- Arrival Time                  0.170
= Slack Time                    0.422
     Clock Rise Edge                      0.000
     = Beginpoint Arrival Time            0.000
     +--------------------------------------------------------------------------------+ 
     |          Instance          |    Arc     |  Cell   | Delay | Arrival | Required | 
     |                            |            |         |       |  Time   |   Time   | 
     |----------------------------+------------+---------+-------+---------+----------| 
     | core/req_meta_q_reg[0]     | Q ^        |         |       |   0.000 |    0.422 | 
     | core/FE_PHC96_req_meta_q_0 | A ^ -> Y ^ | DLY1X1  | 0.170 |   0.170 |    0.592 | 
     | core/req_sync_q_reg[0]     | D ^        | DFFHQX1 | 0.000 |   0.170 |    0.592 | 
     +--------------------------------------------------------------------------------+ 
Path 29: MET Setup Check with Pin core/req_sync_q_reg[47]/CK 
Endpoint:   core/req_sync_q_reg[47]/D (^) checked with  leading edge of 'clk'
Beginpoint: core/req_meta_q_reg[47]/Q (^) triggered by  leading edge of '@'
Path Groups: {clk}
Analysis View: setup_view
Other End Arrival Time          0.101
- Setup                         0.102
+ Path Delay                    0.800
- Uncertainty                   0.200
= Required Time                 0.598
- Arrival Time                  0.177
= Slack Time                    0.422
     Clock Rise Edge                      0.000
     = Beginpoint Arrival Time            0.000
     +----------------------------------------------------------------------------------+ 
     |           Instance           |    Arc     |  Cell   | Delay | Arrival | Required | 
     |                              |            |         |       |  Time   |   Time   | 
     |------------------------------+------------+---------+-------+---------+----------| 
     | core/req_meta_q_reg[47]      | Q ^        |         |       |   0.000 |    0.422 | 
     | core/FE_PHC112_req_meta_q_47 | A ^ -> Y ^ | DLY1X1  | 0.177 |   0.177 |    0.598 | 
     | core/req_sync_q_reg[47]      | D ^        | DFFHQX1 | 0.000 |   0.177 |    0.598 | 
     +----------------------------------------------------------------------------------+ 
Path 30: MET Setup Check with Pin core/req_sync_q_reg[55]/CK 
Endpoint:   core/req_sync_q_reg[55]/D (^) checked with  leading edge of 'clk'
Beginpoint: core/req_meta_q_reg[55]/Q (^) triggered by  leading edge of '@'
Path Groups: {clk}
Analysis View: setup_view
Other End Arrival Time          0.099
- Setup                         0.103
+ Path Delay                    0.800
- Uncertainty                   0.200
= Required Time                 0.596
- Arrival Time                  0.174
= Slack Time                    0.423
     Clock Rise Edge                      0.000
     = Beginpoint Arrival Time            0.000
     +----------------------------------------------------------------------------------+ 
     |           Instance           |    Arc     |  Cell   | Delay | Arrival | Required | 
     |                              |            |         |       |  Time   |   Time   | 
     |------------------------------+------------+---------+-------+---------+----------| 
     | core/req_meta_q_reg[55]      | Q ^        |         |       |   0.000 |    0.423 | 
     | core/FE_PHC137_req_meta_q_55 | A ^ -> Y ^ | DLY1X1  | 0.174 |   0.174 |    0.596 | 
     | core/req_sync_q_reg[55]      | D ^        | DFFHQX1 | 0.000 |   0.174 |    0.596 | 
     +----------------------------------------------------------------------------------+ 
Path 31: MET Setup Check with Pin core/req_sync_q_reg[1]/CK 
Endpoint:   core/req_sync_q_reg[1]/D (^) checked with  leading edge of 'clk'
Beginpoint: core/req_meta_q_reg[1]/Q (^) triggered by  leading edge of '@'
Path Groups: {clk}
Analysis View: setup_view
Other End Arrival Time          0.096
- Setup                         0.105
+ Path Delay                    0.800
- Uncertainty                   0.200
= Required Time                 0.591
- Arrival Time                  0.168
= Slack Time                    0.423
     Clock Rise Edge                      0.000
     = Beginpoint Arrival Time            0.000
     +--------------------------------------------------------------------------------+ 
     |          Instance          |    Arc     |  Cell   | Delay | Arrival | Required | 
     |                            |            |         |       |  Time   |   Time   | 
     |----------------------------+------------+---------+-------+---------+----------| 
     | core/req_meta_q_reg[1]     | Q ^        |         |       |   0.000 |    0.423 | 
     | core/FE_PHC94_req_meta_q_1 | A ^ -> Y ^ | DLY1X1  | 0.168 |   0.168 |    0.591 | 
     | core/req_sync_q_reg[1]     | D ^        | DFFHQX1 | 0.000 |   0.168 |    0.591 | 
     +--------------------------------------------------------------------------------+ 
Path 32: MET Setup Check with Pin core/req_sync_q_reg[31]/CK 
Endpoint:   core/req_sync_q_reg[31]/D (^) checked with  leading edge of 'clk'
Beginpoint: core/req_meta_q_reg[31]/Q (^) triggered by  leading edge of '@'
Path Groups: {clk}
Analysis View: setup_view
Other End Arrival Time          0.099
- Setup                         0.097
+ Path Delay                    0.800
- Uncertainty                   0.200
= Required Time                 0.602
- Arrival Time                  0.179
= Slack Time                    0.423
     Clock Rise Edge                      0.000
     = Beginpoint Arrival Time            0.000
     +----------------------------------------------------------------------------------+ 
     |           Instance           |    Arc     |  Cell   | Delay | Arrival | Required | 
     |                              |            |         |       |  Time   |   Time   | 
     |------------------------------+------------+---------+-------+---------+----------| 
     | core/req_meta_q_reg[31]      | Q ^        |         |       |   0.000 |    0.423 | 
     | core/FE_PHC128_req_meta_q_31 | A ^ -> Y ^ | DLY1X1  | 0.179 |   0.179 |    0.602 | 
     | core/req_sync_q_reg[31]      | D ^        | DFFHQX1 | 0.000 |   0.179 |    0.602 | 
     +----------------------------------------------------------------------------------+ 
Path 33: MET Setup Check with Pin core/req_sync_q_reg[60]/CK 
Endpoint:   core/req_sync_q_reg[60]/D (^) checked with  leading edge of 'clk'
Beginpoint: core/req_meta_q_reg[60]/Q (^) triggered by  leading edge of '@'
Path Groups: {clk}
Analysis View: setup_view
Other End Arrival Time          0.093
- Setup                         0.100
+ Path Delay                    0.800
- Uncertainty                   0.200
= Required Time                 0.593
- Arrival Time                  0.170
= Slack Time                    0.423
     Clock Rise Edge                      0.000
     = Beginpoint Arrival Time            0.000
     +----------------------------------------------------------------------------------+ 
     |           Instance           |    Arc     |  Cell   | Delay | Arrival | Required | 
     |                              |            |         |       |  Time   |   Time   | 
     |------------------------------+------------+---------+-------+---------+----------| 
     | core/req_meta_q_reg[60]      | Q ^        |         |       |   0.000 |    0.423 | 
     | core/FE_PHC135_req_meta_q_60 | A ^ -> Y ^ | DLY1X1  | 0.170 |   0.170 |    0.593 | 
     | core/req_sync_q_reg[60]      | D ^        | DFFHQX1 | 0.000 |   0.170 |    0.593 | 
     +----------------------------------------------------------------------------------+ 
Path 34: MET Setup Check with Pin core/req_sync_q_reg[56]/CK 
Endpoint:   core/req_sync_q_reg[56]/D (^) checked with  leading edge of 'clk'
Beginpoint: core/req_meta_q_reg[56]/Q (^) triggered by  leading edge of '@'
Path Groups: {clk}
Analysis View: setup_view
Other End Arrival Time          0.099
- Setup                         0.100
+ Path Delay                    0.800
- Uncertainty                   0.200
= Required Time                 0.599
- Arrival Time                  0.173
= Slack Time                    0.426
     Clock Rise Edge                      0.000
     = Beginpoint Arrival Time            0.000
     +----------------------------------------------------------------------------------+ 
     |           Instance           |    Arc     |  Cell   | Delay | Arrival | Required | 
     |                              |            |         |       |  Time   |   Time   | 
     |------------------------------+------------+---------+-------+---------+----------| 
     | core/req_meta_q_reg[56]      | Q ^        |         |       |   0.000 |    0.426 | 
     | core/FE_PHC114_req_meta_q_56 | A ^ -> Y ^ | DLY1X1  | 0.173 |   0.173 |    0.599 | 
     | core/req_sync_q_reg[56]      | D ^        | DFFHQX1 | 0.000 |   0.173 |    0.599 | 
     +----------------------------------------------------------------------------------+ 
Path 35: MET Setup Check with Pin core/req_sync_q_reg[49]/CK 
Endpoint:   core/req_sync_q_reg[49]/D (^) checked with  leading edge of 'clk'
Beginpoint: core/req_meta_q_reg[49]/Q (^) triggered by  leading edge of '@'
Path Groups: {clk}
Analysis View: setup_view
Other End Arrival Time          0.099
- Setup                         0.104
+ Path Delay                    0.800
- Uncertainty                   0.200
= Required Time                 0.595
- Arrival Time                  0.169
= Slack Time                    0.426
     Clock Rise Edge                      0.000
     = Beginpoint Arrival Time            0.000
     +----------------------------------------------------------------------------------+ 
     |           Instance           |    Arc     |  Cell   | Delay | Arrival | Required | 
     |                              |            |         |       |  Time   |   Time   | 
     |------------------------------+------------+---------+-------+---------+----------| 
     | core/req_meta_q_reg[49]      | Q ^        |         |       |   0.000 |    0.426 | 
     | core/FE_PHC104_req_meta_q_49 | A ^ -> Y ^ | DLY1X1  | 0.169 |   0.169 |    0.595 | 
     | core/req_sync_q_reg[49]      | D ^        | DFFHQX1 | 0.000 |   0.169 |    0.595 | 
     +----------------------------------------------------------------------------------+ 
Path 36: MET Setup Check with Pin core/req_sync_q_reg[44]/CK 
Endpoint:   core/req_sync_q_reg[44]/D (^) checked with  leading edge of 'clk'
Beginpoint: core/req_meta_q_reg[44]/Q (^) triggered by  leading edge of '@'
Path Groups: {clk}
Analysis View: setup_view
Other End Arrival Time          0.105
- Setup                         0.097
+ Path Delay                    0.800
- Uncertainty                   0.200
= Required Time                 0.608
- Arrival Time                  0.180
= Slack Time                    0.427
     Clock Rise Edge                      0.000
     = Beginpoint Arrival Time            0.000
     +---------------------------------------------------------------------------------+ 
     |          Instance           |    Arc     |  Cell   | Delay | Arrival | Required | 
     |                             |            |         |       |  Time   |   Time   | 
     |-----------------------------+------------+---------+-------+---------+----------| 
     | core/req_meta_q_reg[44]     | Q ^        |         |       |   0.000 |    0.427 | 
     | core/FE_PHC87_req_meta_q_44 | A ^ -> Y ^ | DLY1X1  | 0.180 |   0.180 |    0.608 | 
     | core/req_sync_q_reg[44]     | D ^        | DFFHQX1 | 0.000 |   0.180 |    0.608 | 
     +---------------------------------------------------------------------------------+ 
Path 37: MET Setup Check with Pin core/req_sync_q_reg[19]/CK 
Endpoint:   core/req_sync_q_reg[19]/D (^) checked with  leading edge of 'clk'
Beginpoint: core/req_meta_q_reg[19]/Q (^) triggered by  leading edge of '@'
Path Groups: {clk}
Analysis View: setup_view
Other End Arrival Time          0.106
- Setup                         0.096
+ Path Delay                    0.800
- Uncertainty                   0.200
= Required Time                 0.610
- Arrival Time                  0.183
= Slack Time                    0.427
     Clock Rise Edge                      0.000
     = Beginpoint Arrival Time            0.000
     +-----------------------------------------------------------------------------------+ 
     |           Instance           |    Arc     |   Cell   | Delay | Arrival | Required | 
     |                              |            |          |       |  Time   |   Time   | 
     |------------------------------+------------+----------+-------+---------+----------| 
     | core/req_meta_q_reg[19]      | Q ^        |          |       |   0.000 |    0.427 | 
     | core/FE_PHC78_req_meta_q_19  | A ^ -> Y ^ | CLKBUFX2 | 0.097 |   0.097 |    0.525 | 
     | core/FE_PHC136_req_meta_q_19 | A ^ -> Y ^ | CLKBUFX2 | 0.086 |   0.183 |    0.610 | 
     | core/req_sync_q_reg[19]      | D ^        | DFFHQX1  | 0.000 |   0.183 |    0.610 | 
     +-----------------------------------------------------------------------------------+ 
Path 38: MET Setup Check with Pin core/req_sync_q_reg[52]/CK 
Endpoint:   core/req_sync_q_reg[52]/D (^) checked with  leading edge of 'clk'
Beginpoint: core/req_meta_q_reg[52]/Q (^) triggered by  leading edge of '@'
Path Groups: {clk}
Analysis View: setup_view
Other End Arrival Time          0.099
- Setup                         0.099
+ Path Delay                    0.800
- Uncertainty                   0.200
= Required Time                 0.600
- Arrival Time                  0.172
= Slack Time                    0.428
     Clock Rise Edge                      0.000
     = Beginpoint Arrival Time            0.000
     +---------------------------------------------------------------------------------+ 
     |          Instance           |    Arc     |  Cell   | Delay | Arrival | Required | 
     |                             |            |         |       |  Time   |   Time   | 
     |-----------------------------+------------+---------+-------+---------+----------| 
     | core/req_meta_q_reg[52]     | Q ^        |         |       |   0.000 |    0.428 | 
     | core/FE_PHC99_req_meta_q_52 | A ^ -> Y ^ | DLY1X1  | 0.172 |   0.172 |    0.600 | 
     | core/req_sync_q_reg[52]     | D ^        | DFFHQX1 | 0.000 |   0.172 |    0.600 | 
     +---------------------------------------------------------------------------------+ 
Path 39: MET Setup Check with Pin core/req_sync_q_reg[21]/CK 
Endpoint:   core/req_sync_q_reg[21]/D (^) checked with  leading edge of 'clk'
Beginpoint: core/req_meta_q_reg[21]/Q (^) triggered by  leading edge of '@'
Path Groups: {clk}
Analysis View: setup_view
Other End Arrival Time          0.104
- Setup                         0.101
+ Path Delay                    0.800
- Uncertainty                   0.200
= Required Time                 0.603
- Arrival Time                  0.175
= Slack Time                    0.428
     Clock Rise Edge                      0.000
     = Beginpoint Arrival Time            0.000
     +---------------------------------------------------------------------------------+ 
     |          Instance           |    Arc     |  Cell   | Delay | Arrival | Required | 
     |                             |            |         |       |  Time   |   Time   | 
     |-----------------------------+------------+---------+-------+---------+----------| 
     | core/req_meta_q_reg[21]     | Q ^        |         |       |   0.000 |    0.428 | 
     | core/FE_PHC86_req_meta_q_21 | A ^ -> Y ^ | DLY1X1  | 0.175 |   0.175 |    0.603 | 
     | core/req_sync_q_reg[21]     | D ^        | DFFHQX1 | 0.000 |   0.175 |    0.603 | 
     +---------------------------------------------------------------------------------+ 
Path 40: MET Setup Check with Pin core/req_sync_q_reg[50]/CK 
Endpoint:   core/req_sync_q_reg[50]/D (^) checked with  leading edge of 'clk'
Beginpoint: core/req_meta_q_reg[50]/Q (^) triggered by  leading edge of '@'
Path Groups: {clk}
Analysis View: setup_view
Other End Arrival Time          0.099
- Setup                         0.100
+ Path Delay                    0.800
- Uncertainty                   0.200
= Required Time                 0.599
- Arrival Time                  0.170
= Slack Time                    0.429
     Clock Rise Edge                      0.000
     = Beginpoint Arrival Time            0.000
     +----------------------------------------------------------------------------------+ 
     |           Instance           |    Arc     |  Cell   | Delay | Arrival | Required | 
     |                              |            |         |       |  Time   |   Time   | 
     |------------------------------+------------+---------+-------+---------+----------| 
     | core/req_meta_q_reg[50]      | Q ^        |         |       |   0.000 |    0.429 | 
     | core/FE_PHC106_req_meta_q_50 | A ^ -> Y ^ | DLY1X1  | 0.170 |   0.170 |    0.599 | 
     | core/req_sync_q_reg[50]      | D ^        | DFFHQX1 | 0.000 |   0.170 |    0.599 | 
     +----------------------------------------------------------------------------------+ 
Path 41: MET Setup Check with Pin core/req_sync_q_reg[48]/CK 
Endpoint:   core/req_sync_q_reg[48]/D (^) checked with  leading edge of 'clk'
Beginpoint: core/req_meta_q_reg[48]/Q (^) triggered by  leading edge of '@'
Path Groups: {clk}
Analysis View: setup_view
Other End Arrival Time          0.099
- Setup                         0.102
+ Path Delay                    0.800
- Uncertainty                   0.200
= Required Time                 0.598
- Arrival Time                  0.168
= Slack Time                    0.430
     Clock Rise Edge                      0.000
     = Beginpoint Arrival Time            0.000
     +----------------------------------------------------------------------------------+ 
     |           Instance           |    Arc     |  Cell   | Delay | Arrival | Required | 
     |                              |            |         |       |  Time   |   Time   | 
     |------------------------------+------------+---------+-------+---------+----------| 
     | core/req_meta_q_reg[48]      | Q ^        |         |       |   0.000 |    0.430 | 
     | core/FE_PHC107_req_meta_q_48 | A ^ -> Y ^ | DLY1X1  | 0.168 |   0.168 |    0.598 | 
     | core/req_sync_q_reg[48]      | D ^        | DFFHQX1 | 0.000 |   0.168 |    0.598 | 
     +----------------------------------------------------------------------------------+ 
Path 42: MET Setup Check with Pin core/req_sync_q_reg[32]/CK 
Endpoint:   core/req_sync_q_reg[32]/D (^) checked with  leading edge of 'clk'
Beginpoint: core/req_meta_q_reg[32]/Q (^) triggered by  leading edge of '@'
Path Groups: {clk}
Analysis View: setup_view
Other End Arrival Time          0.099
- Setup                         0.098
+ Path Delay                    0.800
- Uncertainty                   0.200
= Required Time                 0.601
- Arrival Time                  0.170
= Slack Time                    0.431
     Clock Rise Edge                      0.000
     = Beginpoint Arrival Time            0.000
     +---------------------------------------------------------------------------------+ 
     |          Instance           |    Arc     |  Cell   | Delay | Arrival | Required | 
     |                             |            |         |       |  Time   |   Time   | 
     |-----------------------------+------------+---------+-------+---------+----------| 
     | core/req_meta_q_reg[32]     | Q ^        |         |       |   0.000 |    0.431 | 
     | core/FE_PHC95_req_meta_q_32 | A ^ -> Y ^ | DLY1X1  | 0.170 |   0.170 |    0.601 | 
     | core/req_sync_q_reg[32]     | D ^        | DFFHQX1 | 0.000 |   0.170 |    0.601 | 
     +---------------------------------------------------------------------------------+ 
Path 43: MET Setup Check with Pin core/req_sync_q_reg[28]/CK 
Endpoint:   core/req_sync_q_reg[28]/D (^) checked with  leading edge of 'clk'
Beginpoint: core/req_meta_q_reg[28]/Q (^) triggered by  leading edge of '@'
Path Groups: {clk}
Analysis View: setup_view
Other End Arrival Time          0.105
- Setup                         0.097
+ Path Delay                    0.800
- Uncertainty                   0.200
= Required Time                 0.608
- Arrival Time                  0.177
= Slack Time                    0.431
     Clock Rise Edge                      0.000
     = Beginpoint Arrival Time            0.000
     +---------------------------------------------------------------------------------+ 
     |          Instance           |    Arc     |  Cell   | Delay | Arrival | Required | 
     |                             |            |         |       |  Time   |   Time   | 
     |-----------------------------+------------+---------+-------+---------+----------| 
     | core/req_meta_q_reg[28]     | Q ^        |         |       |   0.000 |    0.431 | 
     | core/FE_PHC89_req_meta_q_28 | A ^ -> Y ^ | DLY1X1  | 0.177 |   0.177 |    0.608 | 
     | core/req_sync_q_reg[28]     | D ^        | DFFHQX1 | 0.000 |   0.177 |    0.608 | 
     +---------------------------------------------------------------------------------+ 
Path 44: MET Setup Check with Pin core/req_sync_q_reg[39]/CK 
Endpoint:   core/req_sync_q_reg[39]/D (^) checked with  leading edge of 'clk'
Beginpoint: core/req_meta_q_reg[39]/Q (^) triggered by  leading edge of '@'
Path Groups: {clk}
Analysis View: setup_view
Other End Arrival Time          0.105
- Setup                         0.096
+ Path Delay                    0.800
- Uncertainty                   0.200
= Required Time                 0.608
- Arrival Time                  0.177
= Slack Time                    0.431
     Clock Rise Edge                      0.000
     = Beginpoint Arrival Time            0.000
     +---------------------------------------------------------------------------------+ 
     |          Instance           |    Arc     |  Cell   | Delay | Arrival | Required | 
     |                             |            |         |       |  Time   |   Time   | 
     |-----------------------------+------------+---------+-------+---------+----------| 
     | core/req_meta_q_reg[39]     | Q ^        |         |       |   0.000 |    0.431 | 
     | core/FE_PHC90_req_meta_q_39 | A ^ -> Y ^ | DLY1X1  | 0.177 |   0.177 |    0.608 | 
     | core/req_sync_q_reg[39]     | D ^        | DFFHQX1 | 0.000 |   0.177 |    0.608 | 
     +---------------------------------------------------------------------------------+ 
Path 45: MET Setup Check with Pin core/req_sync_q_reg[6]/CK 
Endpoint:   core/req_sync_q_reg[6]/D (^) checked with  leading edge of 'clk'
Beginpoint: core/req_meta_q_reg[6]/Q (^) triggered by  leading edge of '@'
Path Groups: {clk}
Analysis View: setup_view
Other End Arrival Time          0.096
- Setup                         0.098
+ Path Delay                    0.800
- Uncertainty                   0.200
= Required Time                 0.598
- Arrival Time                  0.167
= Slack Time                    0.431
     Clock Rise Edge                      0.000
     = Beginpoint Arrival Time            0.000
     +--------------------------------------------------------------------------------+ 
     |          Instance          |    Arc     |  Cell   | Delay | Arrival | Required | 
     |                            |            |         |       |  Time   |   Time   | 
     |----------------------------+------------+---------+-------+---------+----------| 
     | core/req_meta_q_reg[6]     | Q ^        |         |       |   0.000 |    0.431 | 
     | core/FE_PHC88_req_meta_q_6 | A ^ -> Y ^ | DLY1X1  | 0.167 |   0.167 |    0.598 | 
     | core/req_sync_q_reg[6]     | D ^        | DFFHQX1 | 0.000 |   0.167 |    0.598 | 
     +--------------------------------------------------------------------------------+ 
Path 46: MET Setup Check with Pin core/req_sync_q_reg[23]/CK 
Endpoint:   core/req_sync_q_reg[23]/D (^) checked with  leading edge of 'clk'
Beginpoint: core/req_meta_q_reg[23]/Q (^) triggered by  leading edge of '@'
Path Groups: {clk}
Analysis View: setup_view
Other End Arrival Time          0.106
- Setup                         0.094
+ Path Delay                    0.800
- Uncertainty                   0.200
= Required Time                 0.612
- Arrival Time                  0.181
= Slack Time                    0.432
     Clock Rise Edge                      0.000
     = Beginpoint Arrival Time            0.000
     +---------------------------------------------------------------------------------+ 
     |          Instance           |    Arc     |  Cell   | Delay | Arrival | Required | 
     |                             |            |         |       |  Time   |   Time   | 
     |-----------------------------+------------+---------+-------+---------+----------| 
     | core/req_meta_q_reg[23]     | Q ^        |         |       |   0.000 |    0.432 | 
     | core/FE_PHC93_req_meta_q_23 | A ^ -> Y ^ | DLY1X1  | 0.181 |   0.181 |    0.612 | 
     | core/req_sync_q_reg[23]     | D ^        | DFFHQX1 | 0.000 |   0.181 |    0.612 | 
     +---------------------------------------------------------------------------------+ 
Path 47: MET Setup Check with Pin core/req_sync_q_reg[40]/CK 
Endpoint:   core/req_sync_q_reg[40]/D (^) checked with  leading edge of 'clk'
Beginpoint: core/req_meta_q_reg[40]/Q (^) triggered by  leading edge of '@'
Path Groups: {clk}
Analysis View: setup_view
Other End Arrival Time          0.105
- Setup                         0.100
+ Path Delay                    0.800
- Uncertainty                   0.200
= Required Time                 0.604
- Arrival Time                  0.170
= Slack Time                    0.434
     Clock Rise Edge                      0.000
     = Beginpoint Arrival Time            0.000
     +---------------------------------------------------------------------------------+ 
     |          Instance           |    Arc     |  Cell   | Delay | Arrival | Required | 
     |                             |            |         |       |  Time   |   Time   | 
     |-----------------------------+------------+---------+-------+---------+----------| 
     | core/req_meta_q_reg[40]     | Q ^        |         |       |   0.000 |    0.434 | 
     | core/FE_PHC98_req_meta_q_40 | A ^ -> Y ^ | DLY1X1  | 0.170 |   0.170 |    0.604 | 
     | core/req_sync_q_reg[40]     | D ^        | DFFHQX1 | 0.000 |   0.170 |    0.604 | 
     +---------------------------------------------------------------------------------+ 
Path 48: MET Setup Check with Pin core/req_sync_q_reg[20]/CK 
Endpoint:   core/req_sync_q_reg[20]/D (^) checked with  leading edge of 'clk'
Beginpoint: core/req_meta_q_reg[20]/Q (^) triggered by  leading edge of '@'
Path Groups: {clk}
Analysis View: setup_view
Other End Arrival Time          0.104
- Setup                         0.102
+ Path Delay                    0.800
- Uncertainty                   0.200
= Required Time                 0.603
- Arrival Time                  0.167
= Slack Time                    0.435
     Clock Rise Edge                      0.000
     = Beginpoint Arrival Time            0.000
     +----------------------------------------------------------------------------------+ 
     |           Instance           |    Arc     |  Cell   | Delay | Arrival | Required | 
     |                              |            |         |       |  Time   |   Time   | 
     |------------------------------+------------+---------+-------+---------+----------| 
     | core/req_meta_q_reg[20]      | Q ^        |         |       |   0.000 |    0.435 | 
     | core/FE_PHC103_req_meta_q_20 | A ^ -> Y ^ | DLY1X1  | 0.167 |   0.167 |    0.603 | 
     | core/req_sync_q_reg[20]      | D ^        | DFFHQX1 | 0.000 |   0.167 |    0.603 | 
     +----------------------------------------------------------------------------------+ 
Path 49: MET Setup Check with Pin core/req_sync_q_reg[4]/CK 
Endpoint:   core/req_sync_q_reg[4]/D (^) checked with  leading edge of 'clk'
Beginpoint: core/req_meta_q_reg[4]/Q (^) triggered by  leading edge of '@'
Path Groups: {clk}
Analysis View: setup_view
Other End Arrival Time          0.096
- Setup                         0.100
+ Path Delay                    0.800
- Uncertainty                   0.200
= Required Time                 0.596
- Arrival Time                  0.159
= Slack Time                    0.437
     Clock Rise Edge                      0.000
     = Beginpoint Arrival Time            0.000
     +---------------------------------------------------------------------------------+ 
     |          Instance           |    Arc     |  Cell   | Delay | Arrival | Required | 
     |                             |            |         |       |  Time   |   Time   | 
     |-----------------------------+------------+---------+-------+---------+----------| 
     | core/req_meta_q_reg[4]      | Q ^        |         |       |   0.000 |    0.437 | 
     | core/FE_PHC125_req_meta_q_4 | A ^ -> Y ^ | DLY1X1  | 0.159 |   0.159 |    0.596 | 
     | core/req_sync_q_reg[4]      | D ^        | DFFHQX1 | 0.000 |   0.159 |    0.596 | 
     +---------------------------------------------------------------------------------+ 
Path 50: MET Setup Check with Pin core/req_sync_q_reg[22]/CK 
Endpoint:   core/req_sync_q_reg[22]/D (^) checked with  leading edge of 'clk'
Beginpoint: core/req_meta_q_reg[22]/Q (^) triggered by  leading edge of '@'
Path Groups: {clk}
Analysis View: setup_view
Other End Arrival Time          0.106
- Setup                         0.099
+ Path Delay                    0.800
- Uncertainty                   0.200
= Required Time                 0.607
- Arrival Time                  0.169
= Slack Time                    0.438
     Clock Rise Edge                      0.000
     = Beginpoint Arrival Time            0.000
     +----------------------------------------------------------------------------------+ 
     |           Instance           |    Arc     |  Cell   | Delay | Arrival | Required | 
     |                              |            |         |       |  Time   |   Time   | 
     |------------------------------+------------+---------+-------+---------+----------| 
     | core/req_meta_q_reg[22]      | Q ^        |         |       |   0.000 |    0.438 | 
     | core/FE_PHC108_req_meta_q_22 | A ^ -> Y ^ | DLY1X1  | 0.169 |   0.169 |    0.607 | 
     | core/req_sync_q_reg[22]      | D ^        | DFFHQX1 | 0.000 |   0.169 |    0.607 | 
     +----------------------------------------------------------------------------------+ 
Path 51: MET Setup Check with Pin core/req_sync_q_reg[38]/CK 
Endpoint:   core/req_sync_q_reg[38]/D (^) checked with  leading edge of 'clk'
Beginpoint: core/req_meta_q_reg[38]/Q (^) triggered by  leading edge of '@'
Path Groups: {clk}
Analysis View: setup_view
Other End Arrival Time          0.101
- Setup                         0.099
+ Path Delay                    0.800
- Uncertainty                   0.200
= Required Time                 0.601
- Arrival Time                  0.161
= Slack Time                    0.440
     Clock Rise Edge                      0.000
     = Beginpoint Arrival Time            0.000
     +---------------------------------------------------------------------------------+ 
     |          Instance           |    Arc     |  Cell   | Delay | Arrival | Required | 
     |                             |            |         |       |  Time   |   Time   | 
     |-----------------------------+------------+---------+-------+---------+----------| 
     | core/req_meta_q_reg[38]     | Q ^        |         |       |   0.000 |    0.440 | 
     | core/FE_PHC92_req_meta_q_38 | A ^ -> Y ^ | DLY1X1  | 0.161 |   0.161 |    0.601 | 
     | core/req_sync_q_reg[38]     | D ^        | DFFHQX1 | 0.000 |   0.161 |    0.601 | 
     +---------------------------------------------------------------------------------+ 
Path 52: MET Setup Check with Pin core/req_sync_q_reg[13]/CK 
Endpoint:   core/req_sync_q_reg[13]/D (^) checked with  leading edge of 'clk'
Beginpoint: core/req_meta_q_reg[13]/Q (^) triggered by  leading edge of '@'
Path Groups: {clk}
Analysis View: setup_view
Other End Arrival Time          0.100
- Setup                         0.099
+ Path Delay                    0.800
- Uncertainty                   0.200
= Required Time                 0.601
- Arrival Time                  0.161
= Slack Time                    0.440
     Clock Rise Edge                      0.000
     = Beginpoint Arrival Time            0.000
     +----------------------------------------------------------------------------------+ 
     |           Instance           |    Arc     |  Cell   | Delay | Arrival | Required | 
     |                              |            |         |       |  Time   |   Time   | 
     |------------------------------+------------+---------+-------+---------+----------| 
     | core/req_meta_q_reg[13]      | Q ^        |         |       |   0.000 |    0.440 | 
     | core/FE_PHC123_req_meta_q_13 | A ^ -> Y ^ | DLY1X1  | 0.161 |   0.161 |    0.601 | 
     | core/req_sync_q_reg[13]      | D ^        | DFFHQX1 | 0.000 |   0.161 |    0.601 | 
     +----------------------------------------------------------------------------------+ 
Path 53: MET Setup Check with Pin core/req_sync_q_reg[46]/CK 
Endpoint:   core/req_sync_q_reg[46]/D (^) checked with  leading edge of 'clk'
Beginpoint: core/req_meta_q_reg[46]/Q (^) triggered by  leading edge of '@'
Path Groups: {clk}
Analysis View: setup_view
Other End Arrival Time          0.101
- Setup                         0.097
+ Path Delay                    0.800
- Uncertainty                   0.200
= Required Time                 0.604
- Arrival Time                  0.162
= Slack Time                    0.441
     Clock Rise Edge                      0.000
     = Beginpoint Arrival Time            0.000
     +----------------------------------------------------------------------------------+ 
     |           Instance           |    Arc     |  Cell   | Delay | Arrival | Required | 
     |                              |            |         |       |  Time   |   Time   | 
     |------------------------------+------------+---------+-------+---------+----------| 
     | core/req_meta_q_reg[46]      | Q ^        |         |       |   0.000 |    0.441 | 
     | core/FE_PHC119_req_meta_q_46 | A ^ -> Y ^ | DLY1X1  | 0.162 |   0.162 |    0.604 | 
     | core/req_sync_q_reg[46]      | D ^        | DFFHQX1 | 0.000 |   0.162 |    0.604 | 
     +----------------------------------------------------------------------------------+ 
Path 54: MET Setup Check with Pin core/req_sync_q_reg[62]/CK 
Endpoint:   core/req_sync_q_reg[62]/D (^) checked with  leading edge of 'clk'
Beginpoint: core/req_meta_q_reg[62]/Q (^) triggered by  leading edge of '@'
Path Groups: {clk}
Analysis View: setup_view
Other End Arrival Time          0.093
- Setup                         0.095
+ Path Delay                    0.800
- Uncertainty                   0.200
= Required Time                 0.598
- Arrival Time                  0.156
= Slack Time                    0.442
     Clock Rise Edge                      0.000
     = Beginpoint Arrival Time            0.000
     +----------------------------------------------------------------------------------+ 
     |           Instance           |    Arc     |  Cell   | Delay | Arrival | Required | 
     |                              |            |         |       |  Time   |   Time   | 
     |------------------------------+------------+---------+-------+---------+----------| 
     | core/req_meta_q_reg[62]      | Q ^        |         |       |   0.000 |    0.442 | 
     | core/FE_PHC122_req_meta_q_62 | A ^ -> Y ^ | DLY1X1  | 0.156 |   0.156 |    0.598 | 
     | core/req_sync_q_reg[62]      | D ^        | DFFHQX1 | 0.000 |   0.156 |    0.598 | 
     +----------------------------------------------------------------------------------+ 
Path 55: MET Setup Check with Pin core/req_sync_q_reg[18]/CK 
Endpoint:   core/req_sync_q_reg[18]/D (^) checked with  leading edge of 'clk'
Beginpoint: core/req_meta_q_reg[18]/Q (^) triggered by  leading edge of '@'
Path Groups: {clk}
Analysis View: setup_view
Other End Arrival Time          0.106
- Setup                         0.093
+ Path Delay                    0.800
- Uncertainty                   0.200
= Required Time                 0.613
- Arrival Time                  0.169
= Slack Time                    0.445
     Clock Rise Edge                      0.000
     = Beginpoint Arrival Time            0.000
     +-----------------------------------------------------------------------------------+ 
     |           Instance           |    Arc     |   Cell   | Delay | Arrival | Required | 
     |                              |            |          |       |  Time   |   Time   | 
     |------------------------------+------------+----------+-------+---------+----------| 
     | core/req_meta_q_reg[18]      | Q ^        |          |       |   0.000 |    0.445 | 
     | core/FE_PHC77_req_meta_q_18  | A ^ -> Y ^ | CLKBUFX2 | 0.088 |   0.088 |    0.533 | 
     | core/FE_PHC100_req_meta_q_18 | A ^ -> Y ^ | CLKBUFX2 | 0.080 |   0.169 |    0.613 | 
     | core/req_sync_q_reg[18]      | D ^        | DFFHQX1  | 0.000 |   0.169 |    0.613 | 
     +-----------------------------------------------------------------------------------+ 
Path 56: MET Setup Check with Pin core/req_sync_q_reg[29]/CK 
Endpoint:   core/req_sync_q_reg[29]/D (^) checked with  leading edge of 'clk'
Beginpoint: core/req_meta_q_reg[29]/Q (^) triggered by  leading edge of '@'
Path Groups: {clk}
Analysis View: setup_view
Other End Arrival Time          0.105
- Setup                         0.097
+ Path Delay                    0.800
- Uncertainty                   0.200
= Required Time                 0.607
- Arrival Time                  0.160
= Slack Time                    0.447
     Clock Rise Edge                      0.000
     = Beginpoint Arrival Time            0.000
     +----------------------------------------------------------------------------------+ 
     |           Instance           |    Arc     |  Cell   | Delay | Arrival | Required | 
     |                              |            |         |       |  Time   |   Time   | 
     |------------------------------+------------+---------+-------+---------+----------| 
     | core/req_meta_q_reg[29]      | Q ^        |         |       |   0.000 |    0.447 | 
     | core/FE_PHC115_req_meta_q_29 | A ^ -> Y ^ | DLY1X1  | 0.160 |   0.160 |    0.607 | 
     | core/req_sync_q_reg[29]      | D ^        | DFFHQX1 | 0.000 |   0.160 |    0.607 | 
     +----------------------------------------------------------------------------------+ 
Path 57: MET Setup Check with Pin core/req_sync_q_reg[25]/CK 
Endpoint:   core/req_sync_q_reg[25]/D (^) checked with  leading edge of 'clk'
Beginpoint: core/req_meta_q_reg[25]/Q (^) triggered by  leading edge of '@'
Path Groups: {clk}
Analysis View: setup_view
Other End Arrival Time          0.106
- Setup                         0.097
+ Path Delay                    0.800
- Uncertainty                   0.200
= Required Time                 0.609
- Arrival Time                  0.162
= Slack Time                    0.448
     Clock Rise Edge                      0.000
     = Beginpoint Arrival Time            0.000
     +---------------------------------------------------------------------------------+ 
     |          Instance           |    Arc     |  Cell   | Delay | Arrival | Required | 
     |                             |            |         |       |  Time   |   Time   | 
     |-----------------------------+------------+---------+-------+---------+----------| 
     | core/req_meta_q_reg[25]     | Q ^        |         |       |   0.000 |    0.448 | 
     | core/FE_PHC85_req_meta_q_25 | A ^ -> Y ^ | DLY1X1  | 0.162 |   0.162 |    0.609 | 
     | core/req_sync_q_reg[25]     | D ^        | DFFHQX1 | 0.000 |   0.162 |    0.609 | 
     +---------------------------------------------------------------------------------+ 
Path 58: MET Setup Check with Pin core/req_sync_q_reg[7]/CK 
Endpoint:   core/req_sync_q_reg[7]/D (^) checked with  leading edge of 'clk'
Beginpoint: core/req_meta_q_reg[7]/Q (^) triggered by  leading edge of '@'
Path Groups: {clk}
Analysis View: setup_view
Other End Arrival Time          0.093
- Setup                         0.096
+ Path Delay                    0.800
- Uncertainty                   0.200
= Required Time                 0.598
- Arrival Time                  0.148
= Slack Time                    0.450
     Clock Rise Edge                      0.000
     = Beginpoint Arrival Time            0.000
     +----------------------------------------------------------------------------------+ 
     |          Instance           |    Arc     |   Cell   | Delay | Arrival | Required | 
     |                             |            |          |       |  Time   |   Time   | 
     |-----------------------------+------------+----------+-------+---------+----------| 
     | core/req_meta_q_reg[7]      | Q ^        |          |       |   0.000 |    0.450 | 
     | core/FE_PHC138_req_meta_q_7 | A ^ -> Y ^ | CLKBUFX2 | 0.148 |   0.148 |    0.598 | 
     | core/req_sync_q_reg[7]      | D ^        | DFFHQX1  | 0.000 |   0.148 |    0.598 | 
     +----------------------------------------------------------------------------------+ 
Path 59: MET Setup Check with Pin core/req_sync_q_reg[27]/CK 
Endpoint:   core/req_sync_q_reg[27]/D (^) checked with  leading edge of 'clk'
Beginpoint: core/req_meta_q_reg[27]/Q (^) triggered by  leading edge of '@'
Path Groups: {clk}
Analysis View: setup_view
Other End Arrival Time          0.106
- Setup                         0.095
+ Path Delay                    0.800
- Uncertainty                   0.200
= Required Time                 0.611
- Arrival Time                  0.159
= Slack Time                    0.452
     Clock Rise Edge                      0.000
     = Beginpoint Arrival Time            0.000
     +---------------------------------------------------------------------------------+ 
     |          Instance           |    Arc     |  Cell   | Delay | Arrival | Required | 
     |                             |            |         |       |  Time   |   Time   | 
     |-----------------------------+------------+---------+-------+---------+----------| 
     | core/req_meta_q_reg[27]     | Q ^        |         |       |   0.000 |    0.452 | 
     | core/FE_PHC97_req_meta_q_27 | A ^ -> Y ^ | DLY1X1  | 0.159 |   0.159 |    0.611 | 
     | core/req_sync_q_reg[27]     | D ^        | DFFHQX1 | 0.000 |   0.159 |    0.611 | 
     +---------------------------------------------------------------------------------+ 
Path 60: MET Setup Check with Pin core/req_sync_q_reg[11]/CK 
Endpoint:   core/req_sync_q_reg[11]/D (^) checked with  leading edge of 'clk'
Beginpoint: core/req_meta_q_reg[11]/Q (^) triggered by  leading edge of '@'
Path Groups: {clk}
Analysis View: setup_view
Other End Arrival Time          0.099
- Setup                         0.097
+ Path Delay                    0.800
- Uncertainty                   0.200
= Required Time                 0.603
- Arrival Time                  0.146
= Slack Time                    0.457
     Clock Rise Edge                      0.000
     = Beginpoint Arrival Time            0.000
     +----------------------------------------------------------------------------------+ 
     |          Instance           |    Arc     |   Cell   | Delay | Arrival | Required | 
     |                             |            |          |       |  Time   |   Time   | 
     |-----------------------------+------------+----------+-------+---------+----------| 
     | core/req_meta_q_reg[11]     | Q ^        |          |       |   0.000 |    0.457 | 
     | core/FE_PHC84_req_meta_q_11 | A ^ -> Y ^ | CLKBUFX2 | 0.146 |   0.146 |    0.603 | 
     | core/req_sync_q_reg[11]     | D ^        | DFFHQX1  | 0.000 |   0.146 |    0.603 | 
     +----------------------------------------------------------------------------------+ 
Path 61: MET Setup Check with Pin core/req_sync_q_reg[10]/CK 
Endpoint:   core/req_sync_q_reg[10]/D (^) checked with  leading edge of 'clk'
Beginpoint: core/req_meta_q_reg[10]/Q (^) triggered by  leading edge of '@'
Path Groups: {clk}
Analysis View: setup_view
Other End Arrival Time          0.099
- Setup                         0.097
+ Path Delay                    0.800
- Uncertainty                   0.200
= Required Time                 0.603
- Arrival Time                  0.145
= Slack Time                    0.458
     Clock Rise Edge                      0.000
     = Beginpoint Arrival Time            0.000
     +----------------------------------------------------------------------------------+ 
     |          Instance           |    Arc     |   Cell   | Delay | Arrival | Required | 
     |                             |            |          |       |  Time   |   Time   | 
     |-----------------------------+------------+----------+-------+---------+----------| 
     | core/req_meta_q_reg[10]     | Q ^        |          |       |   0.000 |    0.458 | 
     | core/FE_PHC83_req_meta_q_10 | A ^ -> Y ^ | CLKBUFX2 | 0.145 |   0.145 |    0.603 | 
     | core/req_sync_q_reg[10]     | D ^        | DFFHQX1  | 0.000 |   0.145 |    0.603 | 
     +----------------------------------------------------------------------------------+ 
Path 62: MET Setup Check with Pin core/req_sync_q_reg[9]/CK 
Endpoint:   core/req_sync_q_reg[9]/D (^) checked with  leading edge of 'clk'
Beginpoint: core/req_meta_q_reg[9]/Q (^) triggered by  leading edge of '@'
Path Groups: {clk}
Analysis View: setup_view
Other End Arrival Time          0.099
- Setup                         0.096
+ Path Delay                    0.800
- Uncertainty                   0.200
= Required Time                 0.603
- Arrival Time                  0.137
= Slack Time                    0.466
     Clock Rise Edge                      0.000
     = Beginpoint Arrival Time            0.000
     +---------------------------------------------------------------------------------+ 
     |          Instance          |    Arc     |   Cell   | Delay | Arrival | Required | 
     |                            |            |          |       |  Time   |   Time   | 
     |----------------------------+------------+----------+-------+---------+----------| 
     | core/req_meta_q_reg[9]     | Q ^        |          |       |   0.000 |    0.466 | 
     | core/FE_PHC82_req_meta_q_9 | A ^ -> Y ^ | CLKBUFX2 | 0.137 |   0.137 |    0.603 | 
     | core/req_sync_q_reg[9]     | D ^        | DFFHQX1  | 0.000 |   0.137 |    0.603 | 
     +---------------------------------------------------------------------------------+ 
Path 63: MET Setup Check with Pin core/req_sync_q_reg[15]/CK 
Endpoint:   core/req_sync_q_reg[15]/D (^) checked with  leading edge of 'clk'
Beginpoint: core/req_meta_q_reg[15]/Q (^) triggered by  leading edge of '@'
Path Groups: {clk}
Analysis View: setup_view
Other End Arrival Time          0.099
- Setup                         0.097
+ Path Delay                    0.800
- Uncertainty                   0.200
= Required Time                 0.603
- Arrival Time                  0.129
= Slack Time                    0.473
     Clock Rise Edge                      0.000
     = Beginpoint Arrival Time            0.000
     +----------------------------------------------------------------------------------+ 
     |          Instance           |    Arc     |   Cell   | Delay | Arrival | Required | 
     |                             |            |          |       |  Time   |   Time   | 
     |-----------------------------+------------+----------+-------+---------+----------| 
     | core/req_meta_q_reg[15]     | Q ^        |          |       |   0.000 |    0.473 | 
     | core/FE_PHC80_req_meta_q_15 | A ^ -> Y ^ | CLKBUFX2 | 0.129 |   0.129 |    0.603 | 
     | core/req_sync_q_reg[15]     | D ^        | DFFHQX1  | 0.000 |   0.129 |    0.603 | 
     +----------------------------------------------------------------------------------+ 
Path 64: MET Setup Check with Pin core/req_sync_q_reg[24]/CK 
Endpoint:   core/req_sync_q_reg[24]/D (^) checked with  leading edge of 'clk'
Beginpoint: core/req_meta_q_reg[24]/Q (^) triggered by  leading edge of '@'
Path Groups: {clk}
Analysis View: setup_view
Other End Arrival Time          0.099
- Setup                         0.097
+ Path Delay                    0.800
- Uncertainty                   0.200
= Required Time                 0.603
- Arrival Time                  0.125
= Slack Time                    0.478
     Clock Rise Edge                      0.000
     = Beginpoint Arrival Time            0.000
     +----------------------------------------------------------------------------------+ 
     |          Instance           |    Arc     |   Cell   | Delay | Arrival | Required | 
     |                             |            |          |       |  Time   |   Time   | 
     |-----------------------------+------------+----------+-------+---------+----------| 
     | core/req_meta_q_reg[24]     | Q ^        |          |       |   0.000 |    0.478 | 
     | core/FE_PHC81_req_meta_q_24 | A ^ -> Y ^ | CLKBUFX2 | 0.125 |   0.125 |    0.603 | 
     | core/req_sync_q_reg[24]     | D ^        | DFFHQX1  | 0.000 |   0.125 |    0.603 | 
     +----------------------------------------------------------------------------------+ 
Path 65: MET Setup Check with Pin core/reset_release_q_reg[1]/CK 
Endpoint:   core/reset_release_q_reg[1]/D (^) checked with  leading edge of 
'clk'
Beginpoint: core/reset_release_q_reg[0]/Q (^) triggered by  leading edge of '@'
Path Groups: {clk}
Analysis View: setup_view
Other End Arrival Time          0.090
- Setup                         0.106
+ Path Delay                    1.000
- Uncertainty                   0.200
= Required Time                 0.783
- Arrival Time                  0.157
= Slack Time                    0.626
     Clock Rise Edge                      0.000
     = Beginpoint Arrival Time            0.000
     +-------------------------------------------------------------------------------------+ 
     |             Instance             |    Arc     |  Cell  | Delay | Arrival | Required | 
     |                                  |            |        |       |  Time   |   Time   | 
     |----------------------------------+------------+--------+-------+---------+----------| 
     | core/reset_release_q_reg[0]      | Q ^        |        |       |   0.000 |    0.626 | 
     | core/FE_PHC151_reset_release_q_0 | A ^ -> Y ^ | DLY1X1 | 0.157 |   0.157 |    0.783 | 
     | core/reset_release_q_reg[1]      | D ^        | DFFRX1 | 0.000 |   0.157 |    0.783 | 
     +-------------------------------------------------------------------------------------+ 
Path 66: MET Setup Check with Pin core/pending_q_reg[61]/CK 
Endpoint:   core/pending_q_reg[61]/D  (v) checked with  leading edge of 'clk'
Beginpoint: core/req_sync_q_reg[58]/Q (v) triggered by  leading edge of 'clk'
Path Groups: {clk}
Analysis View: setup_view
Other End Arrival Time          0.090
- Setup                         0.074
+ Phase Shift                  10.000
- Uncertainty                   0.200
= Required Time                 9.815
- Arrival Time                  4.673
= Slack Time                    5.142
     Clock Rise Edge                 0.000
     + Clock Network Latency (Prop)  0.000
     = Beginpoint Arrival Time       0.000
     +---------------------------------------------------------------------------------+ 
     |        Instance         |     Arc      |   Cell    | Delay | Arrival | Required | 
     |                         |              |           |       |  Time   |   Time   | 
     |-------------------------+--------------+-----------+-------+---------+----------| 
     | core/req_sync_q_reg[58] | CK ^         |           |       |   0.000 |    5.142 | 
     | core/req_sync_q_reg[58] | CK ^ -> Q v  | DFFHQX1   | 0.296 |   0.296 |    5.438 | 
     | core/g24486__5107       | A0 v -> Y ^  | AOI21X1   | 0.190 |   0.486 |    5.628 | 
     | core/g24250__5526       | C ^ -> Y v   | NAND4XL   | 0.269 |   0.755 |    5.897 | 
     | core/g24225__2802       | AN v -> Y v  | NAND4BX1  | 0.300 |   1.055 |    6.197 | 
     | core/g24217__6260       | AN v -> Y v  | NAND2BX1  | 0.261 |   1.315 |    6.457 | 
     | core/g24711__1881       | AN v -> Y v  | NAND2BX1  | 0.226 |   1.541 |    6.683 | 
     | core/g24179__2398       | B v -> Y ^   | NAND2XL   | 0.111 |   1.652 |    6.794 | 
     | core/g24167__5115       | B1 ^ -> Y v  | OAI222X1  | 0.196 |   1.848 |    6.990 | 
     | core/g24156__3680       | B0 v -> Y ^  | AOI211XL  | 0.216 |   2.063 |    7.206 | 
     | core/g24145__6260       | C0 ^ -> Y v  | OAI211X1  | 0.183 |   2.247 |    7.389 | 
     | core/g24139__1666       | C0 v -> Y ^  | AOI221X1  | 0.172 |   2.419 |    7.561 | 
     | core/g24135__9945       | B ^ -> Y v   | NAND2X2   | 0.181 |   2.600 |    7.742 | 
     | core/g24129__6161       | B v -> Y ^   | NAND2XL   | 0.139 |   2.740 |    7.882 | 
     | core/g24118__2802       | AN ^ -> Y ^  | NAND2BX2  | 0.138 |   2.877 |    8.019 | 
     | core/g24091__5122       | B1 ^ -> Y v  | OAI22X1   | 0.140 |   3.017 |    8.159 | 
     | core/g24077__5477       | A v -> Y ^   | NOR4X1    | 0.240 |   3.257 |    8.399 | 
     | core/FE_OFC45_n_548     | A ^ -> Y ^   | BUFX2     | 0.153 |   3.410 |    8.552 | 
     | core/g24075__7410       | C ^ -> Y ^   | AND3XL    | 0.185 |   3.595 |    8.737 | 
     | core/g24072__2883       | A2 ^ -> Y v  | AOI32X1   | 0.169 |   3.764 |    8.907 | 
     | core/FE_OFC33_n_554     | A v -> Y v   | BUFX2     | 0.151 |   3.916 |    9.058 | 
     | core/g24065__5115       | A1N v -> Y v | OAI2BB1X1 | 0.185 |   4.101 |    9.243 | 
     | core/g24053__8428       | B v -> Y ^   | NOR2X1    | 0.148 |   4.249 |    9.391 | 
     | core/g24050__5107       | AN ^ -> Y ^  | NOR2BX2   | 0.225 |   4.474 |    9.616 | 
     | core/g24033__5115       | A1 ^ -> Y v  | AOI21X1   | 0.199 |   4.673 |    9.815 | 
     | core/pending_q_reg[61]  | D v          | DFFHQX1   | 0.000 |   4.673 |    9.815 | 
     +---------------------------------------------------------------------------------+ 
Path 67: MET Setup Check with Pin core/pending_q_reg[21]/CK 
Endpoint:   core/pending_q_reg[21]/D  (v) checked with  leading edge of 'clk'
Beginpoint: core/req_sync_q_reg[58]/Q (v) triggered by  leading edge of 'clk'
Path Groups: {clk}
Analysis View: setup_view
Other End Arrival Time          0.099
- Setup                         0.072
+ Phase Shift                  10.000
- Uncertainty                   0.200
= Required Time                 9.827
- Arrival Time                  4.680
= Slack Time                    5.147
     Clock Rise Edge                 0.000
     + Clock Network Latency (Prop)  0.000
     = Beginpoint Arrival Time       0.000
     +---------------------------------------------------------------------------------+ 
     |        Instance         |     Arc      |   Cell    | Delay | Arrival | Required | 
     |                         |              |           |       |  Time   |   Time   | 
     |-------------------------+--------------+-----------+-------+---------+----------| 
     | core/req_sync_q_reg[58] | CK ^         |           |       |   0.000 |    5.147 | 
     | core/req_sync_q_reg[58] | CK ^ -> Q v  | DFFHQX1   | 0.296 |   0.296 |    5.443 | 
     | core/g24486__5107       | A0 v -> Y ^  | AOI21X1   | 0.190 |   0.486 |    5.633 | 
     | core/g24250__5526       | C ^ -> Y v   | NAND4XL   | 0.269 |   0.755 |    5.902 | 
     | core/g24225__2802       | AN v -> Y v  | NAND4BX1  | 0.300 |   1.055 |    6.202 | 
     | core/g24217__6260       | AN v -> Y v  | NAND2BX1  | 0.261 |   1.315 |    6.462 | 
     | core/g24711__1881       | AN v -> Y v  | NAND2BX1  | 0.226 |   1.541 |    6.688 | 
     | core/g24179__2398       | B v -> Y ^   | NAND2XL   | 0.111 |   1.652 |    6.799 | 
     | core/g24167__5115       | B1 ^ -> Y v  | OAI222X1  | 0.196 |   1.848 |    6.995 | 
     | core/g24156__3680       | B0 v -> Y ^  | AOI211XL  | 0.216 |   2.063 |    7.210 | 
     | core/g24145__6260       | C0 ^ -> Y v  | OAI211X1  | 0.183 |   2.247 |    7.394 | 
     | core/g24139__1666       | C0 v -> Y ^  | AOI221X1  | 0.172 |   2.419 |    7.566 | 
     | core/g24135__9945       | B ^ -> Y v   | NAND2X2   | 0.181 |   2.600 |    7.747 | 
     | core/g24129__6161       | B v -> Y ^   | NAND2XL   | 0.139 |   2.740 |    7.887 | 
     | core/g24118__2802       | AN ^ -> Y ^  | NAND2BX2  | 0.138 |   2.877 |    8.024 | 
     | core/g24091__5122       | B1 ^ -> Y v  | OAI22X1   | 0.140 |   3.017 |    8.164 | 
     | core/g24077__5477       | A v -> Y ^   | NOR4X1    | 0.240 |   3.257 |    8.404 | 
     | core/FE_OFC45_n_548     | A ^ -> Y ^   | BUFX2     | 0.153 |   3.410 |    8.557 | 
     | core/g24075__7410       | C ^ -> Y ^   | AND3XL    | 0.185 |   3.595 |    8.742 | 
     | core/g24072__2883       | A2 ^ -> Y v  | AOI32X1   | 0.169 |   3.764 |    8.911 | 
     | core/FE_OFC33_n_554     | A v -> Y v   | BUFX2     | 0.151 |   3.916 |    9.063 | 
     | core/g24065__5115       | A1N v -> Y v | OAI2BB1X1 | 0.185 |   4.101 |    9.248 | 
     | core/g24053__8428       | B v -> Y ^   | NOR2X1    | 0.148 |   4.249 |    9.396 | 
     | core/g24050__5107       | AN ^ -> Y ^  | NOR2BX2   | 0.225 |   4.474 |    9.621 | 
     | core/g23963__6161       | A1 ^ -> Y v  | AOI21XL   | 0.206 |   4.680 |    9.827 | 
     | core/pending_q_reg[21]  | D v          | DFFHQX1   | 0.000 |   4.680 |    9.827 | 
     +---------------------------------------------------------------------------------+ 
Path 68: MET Setup Check with Pin core/pending_q_reg[53]/CK 
Endpoint:   core/pending_q_reg[53]/D  (v) checked with  leading edge of 'clk'
Beginpoint: core/req_sync_q_reg[58]/Q (v) triggered by  leading edge of 'clk'
Path Groups: {clk}
Analysis View: setup_view
Other End Arrival Time          0.106
- Setup                         0.062
+ Phase Shift                  10.000
- Uncertainty                   0.200
= Required Time                 9.844
- Arrival Time                  4.675
= Slack Time                    5.169
     Clock Rise Edge                 0.000
     + Clock Network Latency (Prop)  0.000
     = Beginpoint Arrival Time       0.000
     +---------------------------------------------------------------------------------+ 
     |        Instance         |     Arc      |   Cell    | Delay | Arrival | Required | 
     |                         |              |           |       |  Time   |   Time   | 
     |-------------------------+--------------+-----------+-------+---------+----------| 
     | core/req_sync_q_reg[58] | CK ^         |           |       |   0.000 |    5.170 | 
     | core/req_sync_q_reg[58] | CK ^ -> Q v  | DFFHQX1   | 0.296 |   0.296 |    5.465 | 
     | core/g24486__5107       | A0 v -> Y ^  | AOI21X1   | 0.190 |   0.486 |    5.655 | 
     | core/g24250__5526       | C ^ -> Y v   | NAND4XL   | 0.269 |   0.755 |    5.924 | 
     | core/g24225__2802       | AN v -> Y v  | NAND4BX1  | 0.300 |   1.055 |    6.224 | 
     | core/g24217__6260       | AN v -> Y v  | NAND2BX1  | 0.261 |   1.315 |    6.485 | 
     | core/g24711__1881       | AN v -> Y v  | NAND2BX1  | 0.226 |   1.541 |    6.710 | 
     | core/g24179__2398       | B v -> Y ^   | NAND2XL   | 0.111 |   1.652 |    6.821 | 
     | core/g24167__5115       | B1 ^ -> Y v  | OAI222X1  | 0.196 |   1.848 |    7.017 | 
     | core/g24156__3680       | B0 v -> Y ^  | AOI211XL  | 0.216 |   2.063 |    7.233 | 
     | core/g24145__6260       | C0 ^ -> Y v  | OAI211X1  | 0.183 |   2.247 |    7.416 | 
     | core/g24139__1666       | C0 v -> Y ^  | AOI221X1  | 0.172 |   2.419 |    7.589 | 
     | core/g24135__9945       | B ^ -> Y v   | NAND2X2   | 0.181 |   2.600 |    7.770 | 
     | core/g24129__6161       | B v -> Y ^   | NAND2XL   | 0.139 |   2.740 |    7.909 | 
     | core/g24118__2802       | AN ^ -> Y ^  | NAND2BX2  | 0.138 |   2.877 |    8.047 | 
     | core/g24091__5122       | B1 ^ -> Y v  | OAI22X1   | 0.140 |   3.017 |    8.186 | 
     | core/g24077__5477       | A v -> Y ^   | NOR4X1    | 0.240 |   3.257 |    8.426 | 
     | core/FE_OFC45_n_548     | A ^ -> Y ^   | BUFX2     | 0.153 |   3.410 |    8.579 | 
     | core/g24075__7410       | C ^ -> Y ^   | AND3XL    | 0.185 |   3.595 |    8.764 | 
     | core/g24072__2883       | A2 ^ -> Y v  | AOI32X1   | 0.169 |   3.764 |    8.934 | 
     | core/FE_OFC33_n_554     | A v -> Y v   | BUFX2     | 0.151 |   3.916 |    9.085 | 
     | core/g24065__5115       | A1N v -> Y v | OAI2BB1X1 | 0.185 |   4.101 |    9.270 | 
     | core/g24053__8428       | B v -> Y ^   | NOR2X1    | 0.148 |   4.249 |    9.418 | 
     | core/g24050__5107       | AN ^ -> Y ^  | NOR2BX2   | 0.225 |   4.474 |    9.643 | 
     | core/g23957__7098       | A1 ^ -> Y v  | AOI21XL   | 0.201 |   4.675 |    9.844 | 
     | core/pending_q_reg[53]  | D v          | DFFHQX1   | 0.000 |   4.675 |    9.844 | 
     +---------------------------------------------------------------------------------+ 
Path 69: MET Setup Check with Pin core/pending_q_reg[37]/CK 
Endpoint:   core/pending_q_reg[37]/D  (v) checked with  leading edge of 'clk'
Beginpoint: core/req_sync_q_reg[58]/Q (v) triggered by  leading edge of 'clk'
Path Groups: {clk}
Analysis View: setup_view
Other End Arrival Time          0.100
- Setup                         0.078
+ Phase Shift                  10.000
- Uncertainty                   0.200
= Required Time                 9.822
- Arrival Time                  4.652
= Slack Time                    5.170
     Clock Rise Edge                 0.000
     + Clock Network Latency (Prop)  0.000
     = Beginpoint Arrival Time       0.000
     +---------------------------------------------------------------------------------+ 
     |        Instance         |     Arc      |   Cell    | Delay | Arrival | Required | 
     |                         |              |           |       |  Time   |   Time   | 
     |-------------------------+--------------+-----------+-------+---------+----------| 
     | core/req_sync_q_reg[58] | CK ^         |           |       |   0.000 |    5.170 | 
     | core/req_sync_q_reg[58] | CK ^ -> Q v  | DFFHQX1   | 0.296 |   0.296 |    5.466 | 
     | core/g24486__5107       | A0 v -> Y ^  | AOI21X1   | 0.190 |   0.486 |    5.656 | 
     | core/g24250__5526       | C ^ -> Y v   | NAND4XL   | 0.269 |   0.755 |    5.925 | 
     | core/g24225__2802       | AN v -> Y v  | NAND4BX1  | 0.300 |   1.055 |    6.225 | 
     | core/g24217__6260       | AN v -> Y v  | NAND2BX1  | 0.261 |   1.315 |    6.485 | 
     | core/g24711__1881       | AN v -> Y v  | NAND2BX1  | 0.226 |   1.541 |    6.711 | 
     | core/g24179__2398       | B v -> Y ^   | NAND2XL   | 0.111 |   1.652 |    6.822 | 
     | core/g24167__5115       | B1 ^ -> Y v  | OAI222X1  | 0.196 |   1.848 |    7.018 | 
     | core/g24156__3680       | B0 v -> Y ^  | AOI211XL  | 0.216 |   2.063 |    7.233 | 
     | core/g24145__6260       | C0 ^ -> Y v  | OAI211X1  | 0.183 |   2.247 |    7.417 | 
     | core/g24139__1666       | C0 v -> Y ^  | AOI221X1  | 0.172 |   2.419 |    7.589 | 
     | core/g24135__9945       | B ^ -> Y v   | NAND2X2   | 0.181 |   2.600 |    7.770 | 
     | core/g24129__6161       | B v -> Y ^   | NAND2XL   | 0.139 |   2.740 |    7.909 | 
     | core/g24118__2802       | AN ^ -> Y ^  | NAND2BX2  | 0.138 |   2.877 |    8.047 | 
     | core/g24091__5122       | B1 ^ -> Y v  | OAI22X1   | 0.140 |   3.017 |    8.187 | 
     | core/g24077__5477       | A v -> Y ^   | NOR4X1    | 0.240 |   3.257 |    8.427 | 
     | core/FE_OFC45_n_548     | A ^ -> Y ^   | BUFX2     | 0.153 |   3.410 |    8.579 | 
     | core/g24075__7410       | C ^ -> Y ^   | AND3XL    | 0.185 |   3.595 |    8.765 | 
     | core/g24072__2883       | A2 ^ -> Y v  | AOI32X1   | 0.169 |   3.764 |    8.934 | 
     | core/FE_OFC33_n_554     | A v -> Y v   | BUFX2     | 0.151 |   3.916 |    9.086 | 
     | core/g24065__5115       | A1N v -> Y v | OAI2BB1X1 | 0.185 |   4.101 |    9.271 | 
     | core/g24054__5526       | B v -> Y ^   | NOR2X1    | 0.152 |   4.252 |    9.422 | 
     | core/g24051__6260       | AN ^ -> Y ^  | NOR2BX2   | 0.203 |   4.456 |    9.626 | 
     | core/g23960__5115       | A1 ^ -> Y v  | AOI21XL   | 0.196 |   4.652 |    9.822 | 
     | core/pending_q_reg[37]  | D v          | DFFHQX1   | 0.000 |   4.652 |    9.822 | 
     +---------------------------------------------------------------------------------+ 
Path 70: MET Setup Check with Pin core/pending_q_reg[3]/CK 
Endpoint:   core/pending_q_reg[3]/D   (v) checked with  leading edge of 'clk'
Beginpoint: core/req_sync_q_reg[58]/Q (v) triggered by  leading edge of 'clk'
Path Groups: {clk}
Analysis View: setup_view
Other End Arrival Time          0.097
- Setup                         0.097
+ Phase Shift                  10.000
- Uncertainty                   0.200
= Required Time                 9.801
- Arrival Time                  4.629
= Slack Time                    5.172
     Clock Rise Edge                 0.000
     + Clock Network Latency (Prop)  0.000
     = Beginpoint Arrival Time       0.000
     +---------------------------------------------------------------------------------+ 
     |        Instance         |     Arc      |   Cell    | Delay | Arrival | Required | 
     |                         |              |           |       |  Time   |   Time   | 
     |-------------------------+--------------+-----------+-------+---------+----------| 
     | core/req_sync_q_reg[58] | CK ^         |           |       |   0.000 |    5.172 | 
     | core/req_sync_q_reg[58] | CK ^ -> Q v  | DFFHQX1   | 0.296 |   0.296 |    5.467 | 
     | core/g24486__5107       | A0 v -> Y ^  | AOI21X1   | 0.190 |   0.486 |    5.658 | 
     | core/g24250__5526       | C ^ -> Y v   | NAND4XL   | 0.269 |   0.755 |    5.926 | 
     | core/g24225__2802       | AN v -> Y v  | NAND4BX1  | 0.300 |   1.055 |    6.226 | 
     | core/g24217__6260       | AN v -> Y v  | NAND2BX1  | 0.261 |   1.315 |    6.487 | 
     | core/g24711__1881       | AN v -> Y v  | NAND2BX1  | 0.226 |   1.541 |    6.713 | 
     | core/g24179__2398       | B v -> Y ^   | NAND2XL   | 0.111 |   1.652 |    6.823 | 
     | core/g24167__5115       | B1 ^ -> Y v  | OAI222X1  | 0.196 |   1.848 |    7.019 | 
     | core/g24156__3680       | B0 v -> Y ^  | AOI211XL  | 0.216 |   2.063 |    7.235 | 
     | core/g24145__6260       | C0 ^ -> Y v  | OAI211X1  | 0.183 |   2.247 |    7.418 | 
     | core/g24139__1666       | C0 v -> Y ^  | AOI221X1  | 0.172 |   2.419 |    7.591 | 
     | core/g24135__9945       | B ^ -> Y v   | NAND2X2   | 0.181 |   2.600 |    7.772 | 
     | core/g24707__5122       | AN v -> Y v  | NOR2BX1   | 0.150 |   2.750 |    7.922 | 
     | core/g24121__8246       | B v -> Y ^   | NAND2X2   | 0.075 |   2.825 |    7.997 | 
     | core/g24105__1666       | B1 ^ -> Y ^  | OA22X1    | 0.191 |   3.017 |    8.188 | 
     | core/g24085__5526       | C0 ^ -> Y v  | OAI221X1  | 0.167 |   3.184 |    8.356 | 
     | core/g24076__6417       | A2 v -> Y ^  | OAI31X1   | 0.163 |   3.347 |    8.519 | 
     | core/g24073__2346       | A1N ^ -> Y ^ | OAI2BB1X1 | 0.160 |   3.507 |    8.679 | 
     | core/g24071__9945       | A1N ^ -> Y ^ | OAI2BB1X1 | 0.129 |   3.636 |    8.808 | 
     | core/g24059__1705       | A2 ^ -> Y v  | AOI32X1   | 0.170 |   3.807 |    8.978 | 
     | core/FE_OFC77_n_568     | A v -> Y v   | BUFX2     | 0.152 |   3.959 |    9.130 | 
     | core/FE_OFC73_n_568     | A v -> Y v   | BUFX2     | 0.080 |   4.039 |    9.211 | 
     | core/g24045__6417       | B v -> Y ^   | NAND2X1   | 0.047 |   4.086 |    9.258 | 
     | core/g2__1705           | B ^ -> Y v   | NAND2BX1  | 0.122 |   4.208 |    9.380 | 
     | core/g24034__7482       | B v -> Y ^   | NOR2X2    | 0.185 |   4.393 |    9.564 | 
     | core/g23968__1666       | A1 ^ -> Y v  | AOI21XL   | 0.236 |   4.629 |    9.801 | 
     | core/pending_q_reg[3]   | D v          | DFFHQX1   | 0.000 |   4.629 |    9.801 | 
     +---------------------------------------------------------------------------------+ 
Path 71: MET Setup Check with Pin core/pending_q_reg[60]/CK 
Endpoint:   core/pending_q_reg[60]/D  (v) checked with  leading edge of 'clk'
Beginpoint: core/req_sync_q_reg[58]/Q (v) triggered by  leading edge of 'clk'
Path Groups: {clk}
Analysis View: setup_view
Other End Arrival Time          0.096
- Setup                         0.066
+ Phase Shift                  10.000
- Uncertainty                   0.200
= Required Time                 9.830
- Arrival Time                  4.657
= Slack Time                    5.173
     Clock Rise Edge                 0.000
     + Clock Network Latency (Prop)  0.000
     = Beginpoint Arrival Time       0.000
     +---------------------------------------------------------------------------------+ 
     |        Instance         |     Arc      |   Cell    | Delay | Arrival | Required | 
     |                         |              |           |       |  Time   |   Time   | 
     |-------------------------+--------------+-----------+-------+---------+----------| 
     | core/req_sync_q_reg[58] | CK ^         |           |       |   0.000 |    5.173 | 
     | core/req_sync_q_reg[58] | CK ^ -> Q v  | DFFHQX1   | 0.296 |   0.296 |    5.468 | 
     | core/g24486__5107       | A0 v -> Y ^  | AOI21X1   | 0.190 |   0.486 |    5.659 | 
     | core/g24250__5526       | C ^ -> Y v   | NAND4XL   | 0.269 |   0.755 |    5.927 | 
     | core/g24225__2802       | AN v -> Y v  | NAND4BX1  | 0.300 |   1.055 |    6.227 | 
     | core/g24217__6260       | AN v -> Y v  | NAND2BX1  | 0.261 |   1.315 |    6.488 | 
     | core/g24711__1881       | AN v -> Y v  | NAND2BX1  | 0.226 |   1.541 |    6.713 | 
     | core/g24179__2398       | B v -> Y ^   | NAND2XL   | 0.111 |   1.652 |    6.824 | 
     | core/g24167__5115       | B1 ^ -> Y v  | OAI222X1  | 0.196 |   1.848 |    7.020 | 
     | core/g24156__3680       | B0 v -> Y ^  | AOI211XL  | 0.216 |   2.063 |    7.236 | 
     | core/g24145__6260       | C0 ^ -> Y v  | OAI211X1  | 0.183 |   2.247 |    7.419 | 
     | core/g24139__1666       | C0 v -> Y ^  | AOI221X1  | 0.172 |   2.419 |    7.592 | 
     | core/g24135__9945       | B ^ -> Y v   | NAND2X2   | 0.181 |   2.600 |    7.773 | 
     | core/g24129__6161       | B v -> Y ^   | NAND2XL   | 0.139 |   2.740 |    7.912 | 
     | core/g24118__2802       | AN ^ -> Y ^  | NAND2BX2  | 0.138 |   2.877 |    8.050 | 
     | core/g24091__5122       | B1 ^ -> Y v  | OAI22X1   | 0.140 |   3.017 |    8.189 | 
     | core/g24077__5477       | A v -> Y ^   | NOR4X1    | 0.240 |   3.257 |    8.429 | 
     | core/FE_OFC45_n_548     | A ^ -> Y ^   | BUFX2     | 0.153 |   3.410 |    8.582 | 
     | core/g24075__7410       | C ^ -> Y ^   | AND3XL    | 0.185 |   3.595 |    8.768 | 
     | core/g24072__2883       | A2 ^ -> Y v  | AOI32X1   | 0.169 |   3.764 |    8.937 | 
     | core/FE_OFC33_n_554     | A v -> Y v   | BUFX2     | 0.151 |   3.916 |    9.088 | 
     | core/g24065__5115       | A1N v -> Y v | OAI2BB1X1 | 0.185 |   4.101 |    9.273 | 
     | core/g24053__8428       | B v -> Y ^   | NOR2X1    | 0.148 |   4.249 |    9.421 | 
     | core/g24050__5107       | AN ^ -> Y ^  | NOR2BX2   | 0.225 |   4.474 |    9.646 | 
     | core/g24006__4733       | A1 ^ -> Y v  | AOI21X1   | 0.184 |   4.657 |    9.830 | 
     | core/pending_q_reg[60]  | D v          | DFFHQX1   | 0.000 |   4.657 |    9.830 | 
     +---------------------------------------------------------------------------------+ 
Path 72: MET Setup Check with Pin core/pending_q_reg[8]/CK 
Endpoint:   core/pending_q_reg[8]/D   (^) checked with  leading edge of 'clk'
Beginpoint: core/req_sync_q_reg[58]/Q (v) triggered by  leading edge of 'clk'
Path Groups: {clk}
Analysis View: setup_view
Other End Arrival Time          0.097
- Setup                         0.141
+ Phase Shift                  10.000
- Uncertainty                   0.200
= Required Time                 9.756
- Arrival Time                  4.578
= Slack Time                    5.178
     Clock Rise Edge                 0.000
     + Clock Network Latency (Prop)  0.000
     = Beginpoint Arrival Time       0.000
     +---------------------------------------------------------------------------------+ 
     |        Instance         |     Arc      |   Cell    | Delay | Arrival | Required | 
     |                         |              |           |       |  Time   |   Time   | 
     |-------------------------+--------------+-----------+-------+---------+----------| 
     | core/req_sync_q_reg[58] | CK ^         |           |       |   0.000 |    5.179 | 
     | core/req_sync_q_reg[58] | CK ^ -> Q v  | DFFHQX1   | 0.296 |   0.296 |    5.474 | 
     | core/g24486__5107       | A0 v -> Y ^  | AOI21X1   | 0.190 |   0.486 |    5.664 | 
     | core/g24250__5526       | C ^ -> Y v   | NAND4XL   | 0.269 |   0.755 |    5.933 | 
     | core/g24225__2802       | AN v -> Y v  | NAND4BX1  | 0.300 |   1.055 |    6.233 | 
     | core/g24217__6260       | AN v -> Y v  | NAND2BX1  | 0.261 |   1.315 |    6.494 | 
     | core/g24711__1881       | AN v -> Y v  | NAND2BX1  | 0.226 |   1.541 |    6.719 | 
     | core/g24179__2398       | B v -> Y ^   | NAND2XL   | 0.111 |   1.652 |    6.830 | 
     | core/g24167__5115       | B1 ^ -> Y v  | OAI222X1  | 0.196 |   1.848 |    7.026 | 
     | core/g24156__3680       | B0 v -> Y ^  | AOI211XL  | 0.216 |   2.063 |    7.242 | 
     | core/g24145__6260       | C0 ^ -> Y v  | OAI211X1  | 0.183 |   2.247 |    7.425 | 
     | core/g24139__1666       | C0 v -> Y ^  | AOI221X1  | 0.172 |   2.419 |    7.598 | 
     | core/g24135__9945       | B ^ -> Y v   | NAND2X2   | 0.181 |   2.600 |    7.779 | 
     | core/g24707__5122       | AN v -> Y v  | NOR2BX1   | 0.150 |   2.750 |    7.929 | 
     | core/g24121__8246       | B v -> Y ^   | NAND2X2   | 0.075 |   2.825 |    8.004 | 
     | core/g24105__1666       | B1 ^ -> Y ^  | OA22X1    | 0.191 |   3.017 |    8.195 | 
     | core/g24085__5526       | C0 ^ -> Y v  | OAI221X1  | 0.167 |   3.184 |    8.363 | 
     | core/g24076__6417       | A2 v -> Y ^  | OAI31X1   | 0.163 |   3.347 |    8.525 | 
     | core/g24073__2346       | A1N ^ -> Y ^ | OAI2BB1X1 | 0.160 |   3.507 |    8.686 | 
     | core/g24071__9945       | A1N ^ -> Y ^ | OAI2BB1X1 | 0.129 |   3.636 |    8.815 | 
     | core/g24059__1705       | A2 ^ -> Y v  | AOI32X1   | 0.170 |   3.807 |    8.985 | 
     | core/FE_OFC77_n_568     | A v -> Y v   | BUFX2     | 0.152 |   3.959 |    9.137 | 
     | core/FE_OFC73_n_568     | A v -> Y v   | BUFX2     | 0.080 |   4.039 |    9.218 | 
     | core/g24046__5477       | B v -> Y ^   | NOR2X1    | 0.087 |   4.126 |    9.304 | 
     | core/g24044             | A ^ -> Y v   | INVX1     | 0.103 |   4.229 |    9.407 | 
     | core/g24037__9315       | A v -> Y v   | AND2X1    | 0.180 |   4.409 |    9.587 | 
     | core/g23985__7410       | A1 v -> Y ^  | AOI21XL   | 0.169 |   4.578 |    9.756 | 
     | core/pending_q_reg[8]   | D ^          | DFFHQX1   | 0.000 |   4.578 |    9.756 | 
     +---------------------------------------------------------------------------------+ 
Path 73: MET Setup Check with Pin core/pending_q_reg[10]/CK 
Endpoint:   core/pending_q_reg[10]/D  (^) checked with  leading edge of 'clk'
Beginpoint: core/req_sync_q_reg[58]/Q (v) triggered by  leading edge of 'clk'
Path Groups: {clk}
Analysis View: setup_view
Other End Arrival Time          0.097
- Setup                         0.139
+ Phase Shift                  10.000
- Uncertainty                   0.200
= Required Time                 9.759
- Arrival Time                  4.575
= Slack Time                    5.184
     Clock Rise Edge                 0.000
     + Clock Network Latency (Prop)  0.000
     = Beginpoint Arrival Time       0.000
     +---------------------------------------------------------------------------------+ 
     |        Instance         |     Arc      |   Cell    | Delay | Arrival | Required | 
     |                         |              |           |       |  Time   |   Time   | 
     |-------------------------+--------------+-----------+-------+---------+----------| 
     | core/req_sync_q_reg[58] | CK ^         |           |       |   0.000 |    5.184 | 
     | core/req_sync_q_reg[58] | CK ^ -> Q v  | DFFHQX1   | 0.296 |   0.296 |    5.479 | 
     | core/g24486__5107       | A0 v -> Y ^  | AOI21X1   | 0.190 |   0.486 |    5.670 | 
     | core/g24250__5526       | C ^ -> Y v   | NAND4XL   | 0.269 |   0.755 |    5.938 | 
     | core/g24225__2802       | AN v -> Y v  | NAND4BX1  | 0.300 |   1.055 |    6.238 | 
     | core/g24217__6260       | AN v -> Y v  | NAND2BX1  | 0.261 |   1.315 |    6.499 | 
     | core/g24711__1881       | AN v -> Y v  | NAND2BX1  | 0.226 |   1.541 |    6.725 | 
     | core/g24179__2398       | B v -> Y ^   | NAND2XL   | 0.111 |   1.652 |    6.835 | 
     | core/g24167__5115       | B1 ^ -> Y v  | OAI222X1  | 0.196 |   1.848 |    7.031 | 
     | core/g24156__3680       | B0 v -> Y ^  | AOI211XL  | 0.216 |   2.063 |    7.247 | 
     | core/g24145__6260       | C0 ^ -> Y v  | OAI211X1  | 0.183 |   2.247 |    7.430 | 
     | core/g24139__1666       | C0 v -> Y ^  | AOI221X1  | 0.172 |   2.419 |    7.603 | 
     | core/g24135__9945       | B ^ -> Y v   | NAND2X2   | 0.181 |   2.600 |    7.784 | 
     | core/g24707__5122       | AN v -> Y v  | NOR2BX1   | 0.150 |   2.750 |    7.934 | 
     | core/g24121__8246       | B v -> Y ^   | NAND2X2   | 0.075 |   2.825 |    8.009 | 
     | core/g24105__1666       | B1 ^ -> Y ^  | OA22X1    | 0.191 |   3.017 |    8.200 | 
     | core/g24085__5526       | C0 ^ -> Y v  | OAI221X1  | 0.167 |   3.184 |    8.368 | 
     | core/g24076__6417       | A2 v -> Y ^  | OAI31X1   | 0.163 |   3.347 |    8.531 | 
     | core/g24073__2346       | A1N ^ -> Y ^ | OAI2BB1X1 | 0.160 |   3.507 |    8.691 | 
     | core/g24071__9945       | A1N ^ -> Y ^ | OAI2BB1X1 | 0.129 |   3.636 |    8.820 | 
     | core/g24059__1705       | A2 ^ -> Y v  | AOI32X1   | 0.170 |   3.807 |    8.990 | 
     | core/FE_OFC77_n_568     | A v -> Y v   | BUFX2     | 0.152 |   3.959 |    9.142 | 
     | core/FE_OFC73_n_568     | A v -> Y v   | BUFX2     | 0.080 |   4.039 |    9.223 | 
     | core/g24046__5477       | B v -> Y ^   | NOR2X1    | 0.087 |   4.126 |    9.309 | 
     | core/g24044             | A ^ -> Y v   | INVX1     | 0.103 |   4.229 |    9.412 | 
     | core/g24037__9315       | A v -> Y v   | AND2X1    | 0.180 |   4.409 |    9.592 | 
     | core/g24011__2883       | A1 v -> Y ^  | AOI21XL   | 0.167 |   4.575 |    9.759 | 
     | core/pending_q_reg[10]  | D ^          | DFFHQX1   | 0.000 |   4.575 |    9.759 | 
     +---------------------------------------------------------------------------------+ 
Path 74: MET Setup Check with Pin core/pending_q_reg[0]/CK 
Endpoint:   core/pending_q_reg[0]/D   (^) checked with  leading edge of 'clk'
Beginpoint: core/req_sync_q_reg[58]/Q (v) triggered by  leading edge of 'clk'
Path Groups: {clk}
Analysis View: setup_view
Other End Arrival Time          0.093
- Setup                         0.149
+ Phase Shift                  10.000
- Uncertainty                   0.200
= Required Time                 9.744
- Arrival Time                  4.556
= Slack Time                    5.188
     Clock Rise Edge                 0.000
     + Clock Network Latency (Prop)  0.000
     = Beginpoint Arrival Time       0.000
     +-------------------------------------------------------------------------------+ 
     |        Instance         |     Arc     |   Cell   | Delay | Arrival | Required | 
     |                         |             |          |       |  Time   |   Time   | 
     |-------------------------+-------------+----------+-------+---------+----------| 
     | core/req_sync_q_reg[58] | CK ^        |          |       |   0.000 |    5.188 | 
     | core/req_sync_q_reg[58] | CK ^ -> Q v | DFFHQX1  | 0.296 |   0.296 |    5.484 | 
     | core/g24486__5107       | A0 v -> Y ^ | AOI21X1  | 0.190 |   0.486 |    5.674 | 
     | core/g24250__5526       | C ^ -> Y v  | NAND4XL  | 0.269 |   0.755 |    5.943 | 
     | core/g24225__2802       | AN v -> Y v | NAND4BX1 | 0.300 |   1.055 |    6.242 | 
     | core/g24217__6260       | AN v -> Y v | NAND2BX1 | 0.261 |   1.315 |    6.503 | 
     | core/g24711__1881       | AN v -> Y v | NAND2BX1 | 0.226 |   1.541 |    6.729 | 
     | core/g24179__2398       | B v -> Y ^  | NAND2XL  | 0.111 |   1.652 |    6.840 | 
     | core/g24167__5115       | B1 ^ -> Y v | OAI222X1 | 0.196 |   1.848 |    7.035 | 
     | core/g24156__3680       | B0 v -> Y ^ | AOI211XL | 0.216 |   2.063 |    7.251 | 
     | core/g24145__6260       | C0 ^ -> Y v | OAI211X1 | 0.183 |   2.247 |    7.434 | 
     | core/g24139__1666       | C0 v -> Y ^ | AOI221X1 | 0.172 |   2.419 |    7.607 | 
     | core/g24135__9945       | B ^ -> Y v  | NAND2X2  | 0.181 |   2.600 |    7.788 | 
     | core/g24129__6161       | B v -> Y ^  | NAND2XL  | 0.139 |   2.740 |    7.927 | 
     | core/g24118__2802       | AN ^ -> Y ^ | NAND2BX2 | 0.138 |   2.877 |    8.065 | 
     | core/g24091__5122       | B1 ^ -> Y v | OAI22X1  | 0.140 |   3.017 |    8.205 | 
     | core/g24077__5477       | A v -> Y ^  | NOR4X1   | 0.240 |   3.257 |    8.444 | 
     | core/FE_OFC45_n_548     | A ^ -> Y ^  | BUFX2    | 0.153 |   3.410 |    8.597 | 
     | core/g24075__7410       | C ^ -> Y ^  | AND3XL   | 0.185 |   3.595 |    8.783 | 
     | core/g24072__2883       | A2 ^ -> Y v | AOI32X1  | 0.169 |   3.764 |    8.952 | 
     | core/FE_OFC33_n_554     | A v -> Y v  | BUFX2    | 0.151 |   3.916 |    9.104 | 
     | core/g24068__4733       | B v -> Y v  | OR2X1    | 0.113 |   4.029 |    9.216 | 
     | core/g24064__1881       | B v -> Y ^  | NAND2X1  | 0.078 |   4.107 |    9.294 | 
     | core/g24049__2398       | C ^ -> Y v  | NOR3X1   | 0.094 |   4.200 |    9.388 | 
     | core/FE_OFC48_n_576     | A v -> Y ^  | INVXL    | 0.063 |   4.263 |    9.451 | 
     | core/FE_OFC49_n_576     | A ^ -> Y v  | INVX1    | 0.122 |   4.385 |    9.573 | 
     | core/g23986__6417       | A0 v -> Y ^ | AOI21XL  | 0.171 |   4.556 |    9.744 | 
     | core/pending_q_reg[0]   | D ^         | DFFHQX1  | 0.000 |   4.556 |    9.744 | 
     +-------------------------------------------------------------------------------+ 
Path 75: MET Setup Check with Pin core/pending_q_reg[28]/CK 
Endpoint:   core/pending_q_reg[28]/D  (v) checked with  leading edge of 'clk'
Beginpoint: core/req_sync_q_reg[58]/Q (v) triggered by  leading edge of 'clk'
Path Groups: {clk}
Analysis View: setup_view
Other End Arrival Time          0.099
- Setup                         0.059
+ Phase Shift                  10.000
- Uncertainty                   0.200
= Required Time                 9.840
- Arrival Time                  4.651
= Slack Time                    5.189
     Clock Rise Edge                 0.000
     + Clock Network Latency (Prop)  0.000
     = Beginpoint Arrival Time       0.000
     +---------------------------------------------------------------------------------+ 
     |        Instance         |     Arc      |   Cell    | Delay | Arrival | Required | 
     |                         |              |           |       |  Time   |   Time   | 
     |-------------------------+--------------+-----------+-------+---------+----------| 
     | core/req_sync_q_reg[58] | CK ^         |           |       |   0.000 |    5.189 | 
     | core/req_sync_q_reg[58] | CK ^ -> Q v  | DFFHQX1   | 0.296 |   0.296 |    5.485 | 
     | core/g24486__5107       | A0 v -> Y ^  | AOI21X1   | 0.190 |   0.486 |    5.675 | 
     | core/g24250__5526       | C ^ -> Y v   | NAND4XL   | 0.269 |   0.755 |    5.944 | 
     | core/g24225__2802       | AN v -> Y v  | NAND4BX1  | 0.300 |   1.055 |    6.244 | 
     | core/g24217__6260       | AN v -> Y v  | NAND2BX1  | 0.261 |   1.315 |    6.504 | 
     | core/g24711__1881       | AN v -> Y v  | NAND2BX1  | 0.226 |   1.541 |    6.730 | 
     | core/g24179__2398       | B v -> Y ^   | NAND2XL   | 0.111 |   1.652 |    6.841 | 
     | core/g24167__5115       | B1 ^ -> Y v  | OAI222X1  | 0.196 |   1.848 |    7.037 | 
     | core/g24156__3680       | B0 v -> Y ^  | AOI211XL  | 0.216 |   2.063 |    7.253 | 
     | core/g24145__6260       | C0 ^ -> Y v  | OAI211X1  | 0.183 |   2.247 |    7.436 | 
     | core/g24139__1666       | C0 v -> Y ^  | AOI221X1  | 0.172 |   2.419 |    7.608 | 
     | core/g24135__9945       | B ^ -> Y v   | NAND2X2   | 0.181 |   2.600 |    7.789 | 
     | core/g24129__6161       | B v -> Y ^   | NAND2XL   | 0.139 |   2.740 |    7.929 | 
     | core/g24118__2802       | AN ^ -> Y ^  | NAND2BX2  | 0.138 |   2.877 |    8.066 | 
     | core/g24091__5122       | B1 ^ -> Y v  | OAI22X1   | 0.140 |   3.017 |    8.206 | 
     | core/g24077__5477       | A v -> Y ^   | NOR4X1    | 0.240 |   3.257 |    8.446 | 
     | core/FE_OFC45_n_548     | A ^ -> Y ^   | BUFX2     | 0.153 |   3.410 |    8.599 | 
     | core/g24075__7410       | C ^ -> Y ^   | AND3XL    | 0.185 |   3.595 |    8.784 | 
     | core/g24072__2883       | A2 ^ -> Y v  | AOI32X1   | 0.169 |   3.764 |    8.954 | 
     | core/FE_OFC33_n_554     | A v -> Y v   | BUFX2     | 0.151 |   3.916 |    9.105 | 
     | core/g24065__5115       | A1N v -> Y v | OAI2BB1X1 | 0.185 |   4.101 |    9.290 | 
     | core/g24053__8428       | B v -> Y ^   | NOR2X1    | 0.148 |   4.249 |    9.438 | 
     | core/g24050__5107       | AN ^ -> Y ^  | NOR2BX2   | 0.225 |   4.474 |    9.663 | 
     | core/g23994__6783       | A1 ^ -> Y v  | AOI21X1   | 0.177 |   4.651 |    9.840 | 
     | core/pending_q_reg[28]  | D v          | DFFHQX1   | 0.000 |   4.651 |    9.840 | 
     +---------------------------------------------------------------------------------+ 
Path 76: MET Setup Check with Pin core/pending_q_reg[24]/CK 
Endpoint:   core/pending_q_reg[24]/D  (^) checked with  leading edge of 'clk'
Beginpoint: core/req_sync_q_reg[58]/Q (v) triggered by  leading edge of 'clk'
Path Groups: {clk}
Analysis View: setup_view
Other End Arrival Time          0.093
- Setup                         0.131
+ Phase Shift                  10.000
- Uncertainty                   0.200
= Required Time                 9.762
- Arrival Time                  4.569
= Slack Time                    5.193
     Clock Rise Edge                 0.000
     + Clock Network Latency (Prop)  0.000
     = Beginpoint Arrival Time       0.000
     +---------------------------------------------------------------------------------+ 
     |        Instance         |     Arc      |   Cell    | Delay | Arrival | Required | 
     |                         |              |           |       |  Time   |   Time   | 
     |-------------------------+--------------+-----------+-------+---------+----------| 
     | core/req_sync_q_reg[58] | CK ^         |           |       |   0.000 |    5.194 | 
     | core/req_sync_q_reg[58] | CK ^ -> Q v  | DFFHQX1   | 0.296 |   0.296 |    5.489 | 
     | core/g24486__5107       | A0 v -> Y ^  | AOI21X1   | 0.190 |   0.486 |    5.679 | 
     | core/g24250__5526       | C ^ -> Y v   | NAND4XL   | 0.269 |   0.755 |    5.948 | 
     | core/g24225__2802       | AN v -> Y v  | NAND4BX1  | 0.300 |   1.055 |    6.248 | 
     | core/g24217__6260       | AN v -> Y v  | NAND2BX1  | 0.261 |   1.315 |    6.509 | 
     | core/g24711__1881       | AN v -> Y v  | NAND2BX1  | 0.226 |   1.541 |    6.734 | 
     | core/g24179__2398       | B v -> Y ^   | NAND2XL   | 0.111 |   1.652 |    6.845 | 
     | core/g24167__5115       | B1 ^ -> Y v  | OAI222X1  | 0.196 |   1.848 |    7.041 | 
     | core/g24156__3680       | B0 v -> Y ^  | AOI211XL  | 0.216 |   2.063 |    7.257 | 
     | core/g24145__6260       | C0 ^ -> Y v  | OAI211X1  | 0.183 |   2.247 |    7.440 | 
     | core/g24139__1666       | C0 v -> Y ^  | AOI221X1  | 0.172 |   2.419 |    7.613 | 
     | core/g24135__9945       | B ^ -> Y v   | NAND2X2   | 0.181 |   2.600 |    7.794 | 
     | core/g24707__5122       | AN v -> Y v  | NOR2BX1   | 0.150 |   2.750 |    7.944 | 
     | core/g24121__8246       | B v -> Y ^   | NAND2X2   | 0.075 |   2.825 |    8.019 | 
     | core/g24105__1666       | B1 ^ -> Y ^  | OA22X1    | 0.191 |   3.017 |    8.210 | 
     | core/g24085__5526       | C0 ^ -> Y v  | OAI221X1  | 0.167 |   3.184 |    8.378 | 
     | core/g24076__6417       | A2 v -> Y ^  | OAI31X1   | 0.163 |   3.347 |    8.540 | 
     | core/g24073__2346       | A1N ^ -> Y ^ | OAI2BB1X1 | 0.160 |   3.507 |    8.701 | 
     | core/g24071__9945       | A1N ^ -> Y ^ | OAI2BB1X1 | 0.129 |   3.636 |    8.830 | 
     | core/g24059__1705       | A2 ^ -> Y v  | AOI32X1   | 0.170 |   3.807 |    9.000 | 
     | core/FE_OFC77_n_568     | A v -> Y v   | BUFX2     | 0.152 |   3.959 |    9.152 | 
     | core/FE_OFC73_n_568     | A v -> Y v   | BUFX2     | 0.080 |   4.039 |    9.233 | 
     | core/g24046__5477       | B v -> Y ^   | NOR2X1    | 0.087 |   4.126 |    9.319 | 
     | core/g24044             | A ^ -> Y v   | INVX1     | 0.103 |   4.229 |    9.422 | 
     | core/g24037__9315       | A v -> Y v   | AND2X1    | 0.180 |   4.409 |    9.602 | 
     | core/g24016__5477       | A1 v -> Y ^  | AOI21XL   | 0.160 |   4.569 |    9.762 | 
     | core/pending_q_reg[24]  | D ^          | DFFHQX1   | 0.000 |   4.569 |    9.762 | 
     +---------------------------------------------------------------------------------+ 
Path 77: MET Setup Check with Pin core/pending_q_reg[20]/CK 
Endpoint:   core/pending_q_reg[20]/D  (v) checked with  leading edge of 'clk'
Beginpoint: core/req_sync_q_reg[58]/Q (v) triggered by  leading edge of 'clk'
Path Groups: {clk}
Analysis View: setup_view
Other End Arrival Time          0.099
- Setup                         0.057
+ Phase Shift                  10.000
- Uncertainty                   0.200
= Required Time                 9.843
- Arrival Time                  4.648
= Slack Time                    5.194
     Clock Rise Edge                 0.000
     + Clock Network Latency (Prop)  0.000
     = Beginpoint Arrival Time       0.000
     +---------------------------------------------------------------------------------+ 
     |        Instance         |     Arc      |   Cell    | Delay | Arrival | Required | 
     |                         |              |           |       |  Time   |   Time   | 
     |-------------------------+--------------+-----------+-------+---------+----------| 
     | core/req_sync_q_reg[58] | CK ^         |           |       |   0.000 |    5.195 | 
     | core/req_sync_q_reg[58] | CK ^ -> Q v  | DFFHQX1   | 0.296 |   0.296 |    5.490 | 
     | core/g24486__5107       | A0 v -> Y ^  | AOI21X1   | 0.190 |   0.486 |    5.680 | 
     | core/g24250__5526       | C ^ -> Y v   | NAND4XL   | 0.269 |   0.755 |    5.949 | 
     | core/g24225__2802       | AN v -> Y v  | NAND4BX1  | 0.300 |   1.055 |    6.249 | 
     | core/g24217__6260       | AN v -> Y v  | NAND2BX1  | 0.261 |   1.315 |    6.510 | 
     | core/g24711__1881       | AN v -> Y v  | NAND2BX1  | 0.226 |   1.541 |    6.735 | 
     | core/g24179__2398       | B v -> Y ^   | NAND2XL   | 0.111 |   1.652 |    6.846 | 
     | core/g24167__5115       | B1 ^ -> Y v  | OAI222X1  | 0.196 |   1.848 |    7.042 | 
     | core/g24156__3680       | B0 v -> Y ^  | AOI211XL  | 0.216 |   2.063 |    7.258 | 
     | core/g24145__6260       | C0 ^ -> Y v  | OAI211X1  | 0.183 |   2.247 |    7.441 | 
     | core/g24139__1666       | C0 v -> Y ^  | AOI221X1  | 0.172 |   2.419 |    7.613 | 
     | core/g24135__9945       | B ^ -> Y v   | NAND2X2   | 0.181 |   2.600 |    7.795 | 
     | core/g24129__6161       | B v -> Y ^   | NAND2XL   | 0.139 |   2.740 |    7.934 | 
     | core/g24118__2802       | AN ^ -> Y ^  | NAND2BX2  | 0.138 |   2.877 |    8.072 | 
     | core/g24091__5122       | B1 ^ -> Y v  | OAI22X1   | 0.140 |   3.017 |    8.211 | 
     | core/g24077__5477       | A v -> Y ^   | NOR4X1    | 0.240 |   3.257 |    8.451 | 
     | core/FE_OFC45_n_548     | A ^ -> Y ^   | BUFX2     | 0.153 |   3.410 |    8.604 | 
     | core/g24075__7410       | C ^ -> Y ^   | AND3XL    | 0.185 |   3.595 |    8.789 | 
     | core/g24072__2883       | A2 ^ -> Y v  | AOI32X1   | 0.169 |   3.764 |    8.959 | 
     | core/FE_OFC33_n_554     | A v -> Y v   | BUFX2     | 0.151 |   3.916 |    9.110 | 
     | core/g24065__5115       | A1N v -> Y v | OAI2BB1X1 | 0.185 |   4.101 |    9.295 | 
     | core/g24053__8428       | B v -> Y ^   | NOR2X1    | 0.148 |   4.249 |    9.443 | 
     | core/g24050__5107       | AN ^ -> Y ^  | NOR2BX2   | 0.225 |   4.474 |    9.668 | 
     | core/g23992__8428       | A1 ^ -> Y v  | AOI21X1   | 0.174 |   4.648 |    9.843 | 
     | core/pending_q_reg[20]  | D v          | DFFHQX1   | 0.000 |   4.648 |    9.843 | 
     +---------------------------------------------------------------------------------+ 
Path 78: MET Setup Check with Pin core/pending_q_reg[30]/CK 
Endpoint:   core/pending_q_reg[30]/D  (^) checked with  leading edge of 'clk'
Beginpoint: core/req_sync_q_reg[58]/Q (v) triggered by  leading edge of 'clk'
Path Groups: {clk}
Analysis View: setup_view
Other End Arrival Time          0.099
- Setup                         0.141
+ Phase Shift                  10.000
- Uncertainty                   0.200
= Required Time                 9.759
- Arrival Time                  4.563
= Slack Time                    5.196
     Clock Rise Edge                 0.000
     + Clock Network Latency (Prop)  0.000
     = Beginpoint Arrival Time       0.000
     +---------------------------------------------------------------------------------+ 
     |        Instance         |     Arc      |   Cell    | Delay | Arrival | Required | 
     |                         |              |           |       |  Time   |   Time   | 
     |-------------------------+--------------+-----------+-------+---------+----------| 
     | core/req_sync_q_reg[58] | CK ^         |           |       |   0.000 |    5.196 | 
     | core/req_sync_q_reg[58] | CK ^ -> Q v  | DFFHQX1   | 0.296 |   0.296 |    5.492 | 
     | core/g24486__5107       | A0 v -> Y ^  | AOI21X1   | 0.190 |   0.486 |    5.682 | 
     | core/g24250__5526       | C ^ -> Y v   | NAND4XL   | 0.269 |   0.755 |    5.951 | 
     | core/g24225__2802       | AN v -> Y v  | NAND4BX1  | 0.300 |   1.055 |    6.250 | 
     | core/g24217__6260       | AN v -> Y v  | NAND2BX1  | 0.261 |   1.315 |    6.511 | 
     | core/g24711__1881       | AN v -> Y v  | NAND2BX1  | 0.226 |   1.541 |    6.737 | 
     | core/g24179__2398       | B v -> Y ^   | NAND2XL   | 0.111 |   1.652 |    6.848 | 
     | core/g24167__5115       | B1 ^ -> Y v  | OAI222X1  | 0.196 |   1.848 |    7.043 | 
     | core/g24156__3680       | B0 v -> Y ^  | AOI211XL  | 0.216 |   2.063 |    7.259 | 
     | core/g24145__6260       | C0 ^ -> Y v  | OAI211X1  | 0.183 |   2.247 |    7.442 | 
     | core/g24139__1666       | C0 v -> Y ^  | AOI221X1  | 0.172 |   2.419 |    7.615 | 
     | core/g24135__9945       | B ^ -> Y v   | NAND2X2   | 0.181 |   2.600 |    7.796 | 
     | core/g24707__5122       | AN v -> Y v  | NOR2BX1   | 0.150 |   2.750 |    7.946 | 
     | core/g24121__8246       | B v -> Y ^   | NAND2X2   | 0.075 |   2.825 |    8.021 | 
     | core/g24105__1666       | B1 ^ -> Y ^  | OA22X1    | 0.191 |   3.017 |    8.213 | 
     | core/g24085__5526       | C0 ^ -> Y v  | OAI221X1  | 0.167 |   3.184 |    8.380 | 
     | core/g24076__6417       | A2 v -> Y ^  | OAI31X1   | 0.163 |   3.347 |    8.543 | 
     | core/g24073__2346       | A1N ^ -> Y ^ | OAI2BB1X1 | 0.160 |   3.507 |    8.703 | 
     | core/g24071__9945       | A1N ^ -> Y ^ | OAI2BB1X1 | 0.129 |   3.636 |    8.832 | 
     | core/g24059__1705       | A2 ^ -> Y v  | AOI32X1   | 0.170 |   3.807 |    9.002 | 
     | core/FE_OFC77_n_568     | A v -> Y v   | BUFX2     | 0.152 |   3.959 |    9.154 | 
     | core/FE_OFC73_n_568     | A v -> Y v   | BUFX2     | 0.080 |   4.039 |    9.235 | 
     | core/g24046__5477       | B v -> Y ^   | NOR2X1    | 0.087 |   4.126 |    9.321 | 
     | core/g24044             | A ^ -> Y v   | INVX1     | 0.103 |   4.229 |    9.424 | 
     | core/g24037__9315       | A v -> Y v   | AND2X1    | 0.180 |   4.409 |    9.604 | 
     | core/g24009__9315       | A1 v -> Y ^  | AOI21XL   | 0.155 |   4.563 |    9.759 | 
     | core/pending_q_reg[30]  | D ^          | DFFHQX1   | 0.000 |   4.563 |    9.759 | 
     +---------------------------------------------------------------------------------+ 
Path 79: MET Setup Check with Pin core/pending_q_reg[5]/CK 
Endpoint:   core/pending_q_reg[5]/D   (v) checked with  leading edge of 'clk'
Beginpoint: core/req_sync_q_reg[58]/Q (v) triggered by  leading edge of 'clk'
Path Groups: {clk}
Analysis View: setup_view
Other End Arrival Time          0.100
- Setup                         0.064
+ Phase Shift                  10.000
- Uncertainty                   0.200
= Required Time                 9.836
- Arrival Time                  4.633
= Slack Time                    5.203
     Clock Rise Edge                 0.000
     + Clock Network Latency (Prop)  0.000
     = Beginpoint Arrival Time       0.000
     +---------------------------------------------------------------------------------+ 
     |        Instance         |     Arc      |   Cell    | Delay | Arrival | Required | 
     |                         |              |           |       |  Time   |   Time   | 
     |-------------------------+--------------+-----------+-------+---------+----------| 
     | core/req_sync_q_reg[58] | CK ^         |           |       |   0.000 |    5.203 | 
     | core/req_sync_q_reg[58] | CK ^ -> Q v  | DFFHQX1   | 0.296 |   0.296 |    5.499 | 
     | core/g24486__5107       | A0 v -> Y ^  | AOI21X1   | 0.190 |   0.486 |    5.689 | 
     | core/g24250__5526       | C ^ -> Y v   | NAND4XL   | 0.269 |   0.755 |    5.958 | 
     | core/g24225__2802       | AN v -> Y v  | NAND4BX1  | 0.300 |   1.055 |    6.258 | 
     | core/g24217__6260       | AN v -> Y v  | NAND2BX1  | 0.261 |   1.315 |    6.518 | 
     | core/g24711__1881       | AN v -> Y v  | NAND2BX1  | 0.226 |   1.541 |    6.744 | 
     | core/g24179__2398       | B v -> Y ^   | NAND2XL   | 0.111 |   1.652 |    6.855 | 
     | core/g24167__5115       | B1 ^ -> Y v  | OAI222X1  | 0.196 |   1.848 |    7.051 | 
     | core/g24156__3680       | B0 v -> Y ^  | AOI211XL  | 0.216 |   2.063 |    7.267 | 
     | core/g24145__6260       | C0 ^ -> Y v  | OAI211X1  | 0.183 |   2.247 |    7.450 | 
     | core/g24139__1666       | C0 v -> Y ^  | AOI221X1  | 0.172 |   2.419 |    7.622 | 
     | core/g24135__9945       | B ^ -> Y v   | NAND2X2   | 0.181 |   2.600 |    7.803 | 
     | core/g24129__6161       | B v -> Y ^   | NAND2XL   | 0.139 |   2.740 |    7.943 | 
     | core/g24118__2802       | AN ^ -> Y ^  | NAND2BX2  | 0.138 |   2.877 |    8.080 | 
     | core/g24091__5122       | B1 ^ -> Y v  | OAI22X1   | 0.140 |   3.017 |    8.220 | 
     | core/g24077__5477       | A v -> Y ^   | NOR4X1    | 0.240 |   3.257 |    8.460 | 
     | core/FE_OFC45_n_548     | A ^ -> Y ^   | BUFX2     | 0.153 |   3.410 |    8.613 | 
     | core/g24075__7410       | C ^ -> Y ^   | AND3XL    | 0.185 |   3.595 |    8.798 | 
     | core/g24072__2883       | A2 ^ -> Y v  | AOI32X1   | 0.169 |   3.764 |    8.968 | 
     | core/FE_OFC33_n_554     | A v -> Y v   | BUFX2     | 0.151 |   3.916 |    9.119 | 
     | core/g24065__5115       | A1N v -> Y v | OAI2BB1X1 | 0.185 |   4.101 |    9.304 | 
     | core/g24054__5526       | B v -> Y ^   | NOR2X1    | 0.152 |   4.252 |    9.455 | 
     | core/g24051__6260       | AN ^ -> Y ^  | NOR2BX2   | 0.203 |   4.456 |    9.659 | 
     | core/g23967__2346       | A1 ^ -> Y v  | AOI21XL   | 0.177 |   4.633 |    9.836 | 
     | core/pending_q_reg[5]   | D v          | DFFHQX1   | 0.000 |   4.633 |    9.836 | 
     +---------------------------------------------------------------------------------+ 
Path 80: MET Setup Check with Pin core/pending_q_reg[4]/CK 
Endpoint:   core/pending_q_reg[4]/D   (v) checked with  leading edge of 'clk'
Beginpoint: core/req_sync_q_reg[58]/Q (v) triggered by  leading edge of 'clk'
Path Groups: {clk}
Analysis View: setup_view
Other End Arrival Time          0.097
- Setup                         0.066
+ Phase Shift                  10.000
- Uncertainty                   0.200
= Required Time                 9.832
- Arrival Time                  4.627
= Slack Time                    5.205
     Clock Rise Edge                 0.000
     + Clock Network Latency (Prop)  0.000
     = Beginpoint Arrival Time       0.000
     +---------------------------------------------------------------------------------+ 
     |        Instance         |     Arc      |   Cell    | Delay | Arrival | Required | 
     |                         |              |           |       |  Time   |   Time   | 
     |-------------------------+--------------+-----------+-------+---------+----------| 
     | core/req_sync_q_reg[58] | CK ^         |           |       |   0.000 |    5.205 | 
     | core/req_sync_q_reg[58] | CK ^ -> Q v  | DFFHQX1   | 0.296 |   0.296 |    5.500 | 
     | core/g24486__5107       | A0 v -> Y ^  | AOI21X1   | 0.190 |   0.486 |    5.691 | 
     | core/g24250__5526       | C ^ -> Y v   | NAND4XL   | 0.269 |   0.755 |    5.959 | 
     | core/g24225__2802       | AN v -> Y v  | NAND4BX1  | 0.300 |   1.055 |    6.259 | 
     | core/g24217__6260       | AN v -> Y v  | NAND2BX1  | 0.261 |   1.315 |    6.520 | 
     | core/g24711__1881       | AN v -> Y v  | NAND2BX1  | 0.226 |   1.541 |    6.745 | 
     | core/g24179__2398       | B v -> Y ^   | NAND2XL   | 0.111 |   1.652 |    6.856 | 
     | core/g24167__5115       | B1 ^ -> Y v  | OAI222X1  | 0.196 |   1.848 |    7.052 | 
     | core/g24156__3680       | B0 v -> Y ^  | AOI211XL  | 0.216 |   2.063 |    7.268 | 
     | core/g24145__6260       | C0 ^ -> Y v  | OAI211X1  | 0.183 |   2.247 |    7.451 | 
     | core/g24139__1666       | C0 v -> Y ^  | AOI221X1  | 0.172 |   2.419 |    7.624 | 
     | core/g24135__9945       | B ^ -> Y v   | NAND2X2   | 0.181 |   2.600 |    7.805 | 
     | core/g24129__6161       | B v -> Y ^   | NAND2XL   | 0.139 |   2.740 |    7.944 | 
     | core/g24118__2802       | AN ^ -> Y ^  | NAND2BX2  | 0.138 |   2.877 |    8.082 | 
     | core/g24091__5122       | B1 ^ -> Y v  | OAI22X1   | 0.140 |   3.017 |    8.221 | 
     | core/g24077__5477       | A v -> Y ^   | NOR4X1    | 0.240 |   3.257 |    8.461 | 
     | core/FE_OFC45_n_548     | A ^ -> Y ^   | BUFX2     | 0.153 |   3.410 |    8.614 | 
     | core/g24075__7410       | C ^ -> Y ^   | AND3XL    | 0.185 |   3.595 |    8.800 | 
     | core/g24072__2883       | A2 ^ -> Y v  | AOI32X1   | 0.169 |   3.764 |    8.969 | 
     | core/FE_OFC33_n_554     | A v -> Y v   | BUFX2     | 0.151 |   3.916 |    9.120 | 
     | core/g24065__5115       | A1N v -> Y v | OAI2BB1X1 | 0.185 |   4.101 |    9.305 | 
     | core/g24054__5526       | B v -> Y ^   | NOR2X1    | 0.152 |   4.252 |    9.457 | 
     | core/g24051__6260       | AN ^ -> Y ^  | NOR2BX2   | 0.203 |   4.456 |    9.660 | 
     | core/g23987__5477       | A1 ^ -> Y v  | AOI21X1   | 0.171 |   4.627 |    9.832 | 
     | core/pending_q_reg[4]   | D v          | DFFHQX1   | 0.000 |   4.627 |    9.832 | 
     +---------------------------------------------------------------------------------+ 
Path 81: MET Setup Check with Pin core/pending_q_reg[29]/CK 
Endpoint:   core/pending_q_reg[29]/D  (v) checked with  leading edge of 'clk'
Beginpoint: core/req_sync_q_reg[58]/Q (v) triggered by  leading edge of 'clk'
Path Groups: {clk}
Analysis View: setup_view
Other End Arrival Time          0.106
- Setup                         0.052
+ Phase Shift                  10.000
- Uncertainty                   0.200
= Required Time                 9.854
- Arrival Time                  4.649
= Slack Time                    5.205
     Clock Rise Edge                 0.000
     + Clock Network Latency (Prop)  0.000
     = Beginpoint Arrival Time       0.000
     +---------------------------------------------------------------------------------+ 
     |        Instance         |     Arc      |   Cell    | Delay | Arrival | Required | 
     |                         |              |           |       |  Time   |   Time   | 
     |-------------------------+--------------+-----------+-------+---------+----------| 
     | core/req_sync_q_reg[58] | CK ^         |           |       |   0.000 |    5.205 | 
     | core/req_sync_q_reg[58] | CK ^ -> Q v  | DFFHQX1   | 0.296 |   0.296 |    5.501 | 
     | core/g24486__5107       | A0 v -> Y ^  | AOI21X1   | 0.190 |   0.486 |    5.691 | 
     | core/g24250__5526       | C ^ -> Y v   | NAND4XL   | 0.269 |   0.755 |    5.960 | 
     | core/g24225__2802       | AN v -> Y v  | NAND4BX1  | 0.300 |   1.055 |    6.260 | 
     | core/g24217__6260       | AN v -> Y v  | NAND2BX1  | 0.261 |   1.315 |    6.520 | 
     | core/g24711__1881       | AN v -> Y v  | NAND2BX1  | 0.226 |   1.541 |    6.746 | 
     | core/g24179__2398       | B v -> Y ^   | NAND2XL   | 0.111 |   1.652 |    6.857 | 
     | core/g24167__5115       | B1 ^ -> Y v  | OAI222X1  | 0.196 |   1.848 |    7.053 | 
     | core/g24156__3680       | B0 v -> Y ^  | AOI211XL  | 0.216 |   2.063 |    7.269 | 
     | core/g24145__6260       | C0 ^ -> Y v  | OAI211X1  | 0.183 |   2.247 |    7.452 | 
     | core/g24139__1666       | C0 v -> Y ^  | AOI221X1  | 0.172 |   2.419 |    7.624 | 
     | core/g24135__9945       | B ^ -> Y v   | NAND2X2   | 0.181 |   2.600 |    7.805 | 
     | core/g24129__6161       | B v -> Y ^   | NAND2XL   | 0.139 |   2.740 |    7.945 | 
     | core/g24118__2802       | AN ^ -> Y ^  | NAND2BX2  | 0.138 |   2.877 |    8.082 | 
     | core/g24091__5122       | B1 ^ -> Y v  | OAI22X1   | 0.140 |   3.017 |    8.222 | 
     | core/g24077__5477       | A v -> Y ^   | NOR4X1    | 0.240 |   3.257 |    8.462 | 
     | core/FE_OFC45_n_548     | A ^ -> Y ^   | BUFX2     | 0.153 |   3.410 |    8.615 | 
     | core/g24075__7410       | C ^ -> Y ^   | AND3XL    | 0.185 |   3.595 |    8.800 | 
     | core/g24072__2883       | A2 ^ -> Y v  | AOI32X1   | 0.169 |   3.764 |    8.970 | 
     | core/FE_OFC33_n_554     | A v -> Y v   | BUFX2     | 0.151 |   3.916 |    9.121 | 
     | core/g24065__5115       | A1N v -> Y v | OAI2BB1X1 | 0.185 |   4.101 |    9.306 | 
     | core/g24053__8428       | B v -> Y ^   | NOR2X1    | 0.148 |   4.249 |    9.454 | 
     | core/g24050__5107       | AN ^ -> Y ^  | NOR2BX2   | 0.225 |   4.474 |    9.679 | 
     | core/g24020__4319       | A1 ^ -> Y v  | AOI21X1   | 0.175 |   4.649 |    9.854 | 
     | core/pending_q_reg[29]  | D v          | DFFHQX1   | 0.000 |   4.649 |    9.854 | 
     +---------------------------------------------------------------------------------+ 
Path 82: MET Setup Check with Pin core/pending_q_reg[52]/CK 
Endpoint:   core/pending_q_reg[52]/D  (v) checked with  leading edge of 'clk'
Beginpoint: core/req_sync_q_reg[58]/Q (v) triggered by  leading edge of 'clk'
Path Groups: {clk}
Analysis View: setup_view
Other End Arrival Time          0.106
- Setup                         0.051
+ Phase Shift                  10.000
- Uncertainty                   0.200
= Required Time                 9.855
- Arrival Time                  4.649
= Slack Time                    5.206
     Clock Rise Edge                 0.000
     + Clock Network Latency (Prop)  0.000
     = Beginpoint Arrival Time       0.000
     +---------------------------------------------------------------------------------+ 
     |        Instance         |     Arc      |   Cell    | Delay | Arrival | Required | 
     |                         |              |           |       |  Time   |   Time   | 
     |-------------------------+--------------+-----------+-------+---------+----------| 
     | core/req_sync_q_reg[58] | CK ^         |           |       |   0.000 |    5.206 | 
     | core/req_sync_q_reg[58] | CK ^ -> Q v  | DFFHQX1   | 0.296 |   0.296 |    5.502 | 
     | core/g24486__5107       | A0 v -> Y ^  | AOI21X1   | 0.190 |   0.486 |    5.692 | 
     | core/g24250__5526       | C ^ -> Y v   | NAND4XL   | 0.269 |   0.755 |    5.961 | 
     | core/g24225__2802       | AN v -> Y v  | NAND4BX1  | 0.300 |   1.055 |    6.260 | 
     | core/g24217__6260       | AN v -> Y v  | NAND2BX1  | 0.261 |   1.315 |    6.521 | 
     | core/g24711__1881       | AN v -> Y v  | NAND2BX1  | 0.226 |   1.541 |    6.747 | 
     | core/g24179__2398       | B v -> Y ^   | NAND2XL   | 0.111 |   1.652 |    6.858 | 
     | core/g24167__5115       | B1 ^ -> Y v  | OAI222X1  | 0.196 |   1.848 |    7.053 | 
     | core/g24156__3680       | B0 v -> Y ^  | AOI211XL  | 0.216 |   2.063 |    7.269 | 
     | core/g24145__6260       | C0 ^ -> Y v  | OAI211X1  | 0.183 |   2.247 |    7.452 | 
     | core/g24139__1666       | C0 v -> Y ^  | AOI221X1  | 0.172 |   2.419 |    7.625 | 
     | core/g24135__9945       | B ^ -> Y v   | NAND2X2   | 0.181 |   2.600 |    7.806 | 
     | core/g24129__6161       | B v -> Y ^   | NAND2XL   | 0.139 |   2.740 |    7.945 | 
     | core/g24118__2802       | AN ^ -> Y ^  | NAND2BX2  | 0.138 |   2.877 |    8.083 | 
     | core/g24091__5122       | B1 ^ -> Y v  | OAI22X1   | 0.140 |   3.017 |    8.223 | 
     | core/g24077__5477       | A v -> Y ^   | NOR4X1    | 0.240 |   3.257 |    8.462 | 
     | core/FE_OFC45_n_548     | A ^ -> Y ^   | BUFX2     | 0.153 |   3.410 |    8.615 | 
     | core/g24075__7410       | C ^ -> Y ^   | AND3XL    | 0.185 |   3.595 |    8.801 | 
     | core/g24072__2883       | A2 ^ -> Y v  | AOI32X1   | 0.169 |   3.764 |    8.970 | 
     | core/FE_OFC33_n_554     | A v -> Y v   | BUFX2     | 0.151 |   3.916 |    9.122 | 
     | core/g24065__5115       | A1N v -> Y v | OAI2BB1X1 | 0.185 |   4.101 |    9.306 | 
     | core/g24053__8428       | B v -> Y ^   | NOR2X1    | 0.148 |   4.249 |    9.454 | 
     | core/g24050__5107       | AN ^ -> Y ^  | NOR2BX2   | 0.225 |   4.474 |    9.680 | 
     | core/g24003__1881       | A1 ^ -> Y v  | AOI21X1   | 0.175 |   4.649 |    9.855 | 
     | core/pending_q_reg[52]  | D v          | DFFHQX1   | 0.000 |   4.649 |    9.855 | 
     +---------------------------------------------------------------------------------+ 
Path 83: MET Setup Check with Pin core/pending_q_reg[26]/CK 
Endpoint:   core/pending_q_reg[26]/D  (^) checked with  leading edge of 'clk'
Beginpoint: core/req_sync_q_reg[58]/Q (v) triggered by  leading edge of 'clk'
Path Groups: {clk}
Analysis View: setup_view
Other End Arrival Time          0.100
- Setup                         0.128
+ Phase Shift                  10.000
- Uncertainty                   0.200
= Required Time                 9.771
- Arrival Time                  4.563
= Slack Time                    5.208
     Clock Rise Edge                 0.000
     + Clock Network Latency (Prop)  0.000
     = Beginpoint Arrival Time       0.000
     +---------------------------------------------------------------------------------+ 
     |        Instance         |     Arc      |   Cell    | Delay | Arrival | Required | 
     |                         |              |           |       |  Time   |   Time   | 
     |-------------------------+--------------+-----------+-------+---------+----------| 
     | core/req_sync_q_reg[58] | CK ^         |           |       |   0.000 |    5.208 | 
     | core/req_sync_q_reg[58] | CK ^ -> Q v  | DFFHQX1   | 0.296 |   0.296 |    5.504 | 
     | core/g24486__5107       | A0 v -> Y ^  | AOI21X1   | 0.190 |   0.486 |    5.694 | 
     | core/g24250__5526       | C ^ -> Y v   | NAND4XL   | 0.269 |   0.755 |    5.963 | 
     | core/g24225__2802       | AN v -> Y v  | NAND4BX1  | 0.300 |   1.055 |    6.263 | 
     | core/g24217__6260       | AN v -> Y v  | NAND2BX1  | 0.261 |   1.315 |    6.523 | 
     | core/g24711__1881       | AN v -> Y v  | NAND2BX1  | 0.226 |   1.541 |    6.749 | 
     | core/g24179__2398       | B v -> Y ^   | NAND2XL   | 0.111 |   1.652 |    6.860 | 
     | core/g24167__5115       | B1 ^ -> Y v  | OAI222X1  | 0.196 |   1.848 |    7.056 | 
     | core/g24156__3680       | B0 v -> Y ^  | AOI211XL  | 0.216 |   2.063 |    7.271 | 
     | core/g24145__6260       | C0 ^ -> Y v  | OAI211X1  | 0.183 |   2.247 |    7.455 | 
     | core/g24139__1666       | C0 v -> Y ^  | AOI221X1  | 0.172 |   2.419 |    7.627 | 
     | core/g24135__9945       | B ^ -> Y v   | NAND2X2   | 0.181 |   2.600 |    7.808 | 
     | core/g24707__5122       | AN v -> Y v  | NOR2BX1   | 0.150 |   2.750 |    7.958 | 
     | core/g24121__8246       | B v -> Y ^   | NAND2X2   | 0.075 |   2.825 |    8.033 | 
     | core/g24105__1666       | B1 ^ -> Y ^  | OA22X1    | 0.191 |   3.017 |    8.225 | 
     | core/g24085__5526       | C0 ^ -> Y v  | OAI221X1  | 0.167 |   3.184 |    8.392 | 
     | core/g24076__6417       | A2 v -> Y ^  | OAI31X1   | 0.163 |   3.347 |    8.555 | 
     | core/g24073__2346       | A1N ^ -> Y ^ | OAI2BB1X1 | 0.160 |   3.507 |    8.715 | 
     | core/g24071__9945       | A1N ^ -> Y ^ | OAI2BB1X1 | 0.129 |   3.636 |    8.844 | 
     | core/g24059__1705       | A2 ^ -> Y v  | AOI32X1   | 0.170 |   3.807 |    9.015 | 
     | core/FE_OFC77_n_568     | A v -> Y v   | BUFX2     | 0.152 |   3.959 |    9.167 | 
     | core/FE_OFC73_n_568     | A v -> Y v   | BUFX2     | 0.080 |   4.039 |    9.247 | 
     | core/g24046__5477       | B v -> Y ^   | NOR2X1    | 0.087 |   4.126 |    9.334 | 
     | core/g24044             | A ^ -> Y v   | INVX1     | 0.103 |   4.229 |    9.437 | 
     | core/g24037__9315       | A v -> Y v   | AND2X1    | 0.180 |   4.409 |    9.616 | 
     | core/g24017__2398       | A1 v -> Y ^  | AOI21XL   | 0.155 |   4.563 |    9.771 | 
     | core/pending_q_reg[26]  | D ^          | DFFHQX1   | 0.000 |   4.563 |    9.771 | 
     +---------------------------------------------------------------------------------+ 
Path 84: MET Setup Check with Pin core/pending_q_reg[7]/CK 
Endpoint:   core/pending_q_reg[7]/D   (v) checked with  leading edge of 'clk'
Beginpoint: core/req_sync_q_reg[58]/Q (v) triggered by  leading edge of 'clk'
Path Groups: {clk}
Analysis View: setup_view
Other End Arrival Time          0.093
- Setup                         0.078
+ Phase Shift                  10.000
- Uncertainty                   0.200
= Required Time                 9.815
- Arrival Time                  4.604
= Slack Time                    5.211
     Clock Rise Edge                 0.000
     + Clock Network Latency (Prop)  0.000
     = Beginpoint Arrival Time       0.000
     +---------------------------------------------------------------------------------+ 
     |        Instance         |     Arc      |   Cell    | Delay | Arrival | Required | 
     |                         |              |           |       |  Time   |   Time   | 
     |-------------------------+--------------+-----------+-------+---------+----------| 
     | core/req_sync_q_reg[58] | CK ^         |           |       |   0.000 |    5.212 | 
     | core/req_sync_q_reg[58] | CK ^ -> Q v  | DFFHQX1   | 0.296 |   0.296 |    5.507 | 
     | core/g24486__5107       | A0 v -> Y ^  | AOI21X1   | 0.190 |   0.486 |    5.697 | 
     | core/g24250__5526       | C ^ -> Y v   | NAND4XL   | 0.269 |   0.755 |    5.966 | 
     | core/g24225__2802       | AN v -> Y v  | NAND4BX1  | 0.300 |   1.055 |    6.266 | 
     | core/g24217__6260       | AN v -> Y v  | NAND2BX1  | 0.261 |   1.315 |    6.527 | 
     | core/g24711__1881       | AN v -> Y v  | NAND2BX1  | 0.226 |   1.541 |    6.752 | 
     | core/g24179__2398       | B v -> Y ^   | NAND2XL   | 0.111 |   1.652 |    6.863 | 
     | core/g24167__5115       | B1 ^ -> Y v  | OAI222X1  | 0.196 |   1.848 |    7.059 | 
     | core/g24156__3680       | B0 v -> Y ^  | AOI211XL  | 0.216 |   2.063 |    7.275 | 
     | core/g24145__6260       | C0 ^ -> Y v  | OAI211X1  | 0.183 |   2.247 |    7.458 | 
     | core/g24139__1666       | C0 v -> Y ^  | AOI221X1  | 0.172 |   2.419 |    7.630 | 
     | core/g24135__9945       | B ^ -> Y v   | NAND2X2   | 0.181 |   2.600 |    7.812 | 
     | core/g24707__5122       | AN v -> Y v  | NOR2BX1   | 0.150 |   2.750 |    7.962 | 
     | core/g24121__8246       | B v -> Y ^   | NAND2X2   | 0.075 |   2.825 |    8.037 | 
     | core/g24105__1666       | B1 ^ -> Y ^  | OA22X1    | 0.191 |   3.017 |    8.228 | 
     | core/g24085__5526       | C0 ^ -> Y v  | OAI221X1  | 0.167 |   3.184 |    8.396 | 
     | core/g24076__6417       | A2 v -> Y ^  | OAI31X1   | 0.163 |   3.347 |    8.558 | 
     | core/g24073__2346       | A1N ^ -> Y ^ | OAI2BB1X1 | 0.160 |   3.507 |    8.719 | 
     | core/g24071__9945       | A1N ^ -> Y ^ | OAI2BB1X1 | 0.129 |   3.636 |    8.848 | 
     | core/g24059__1705       | A2 ^ -> Y v  | AOI32X1   | 0.170 |   3.807 |    9.018 | 
     | core/FE_OFC77_n_568     | A v -> Y v   | BUFX2     | 0.152 |   3.959 |    9.170 | 
     | core/FE_OFC73_n_568     | A v -> Y v   | BUFX2     | 0.080 |   4.039 |    9.250 | 
     | core/g24045__6417       | B v -> Y ^   | NAND2X1   | 0.047 |   4.086 |    9.297 | 
     | core/g2__1705           | B ^ -> Y v   | NAND2BX1  | 0.122 |   4.208 |    9.419 | 
     | core/g24034__7482       | B v -> Y ^   | NOR2X2    | 0.185 |   4.393 |    9.604 | 
     | core/g23966__2883       | A1 ^ -> Y v  | AOI21XL   | 0.211 |   4.604 |    9.815 | 
     | core/pending_q_reg[7]   | D v          | DFFHQX1   | 0.000 |   4.604 |    9.815 | 
     +---------------------------------------------------------------------------------+ 
Path 85: MET Setup Check with Pin core/pending_q_reg[42]/CK 
Endpoint:   core/pending_q_reg[42]/D  (^) checked with  leading edge of 'clk'
Beginpoint: core/req_sync_q_reg[58]/Q (v) triggered by  leading edge of 'clk'
Path Groups: {clk}
Analysis View: setup_view
Other End Arrival Time          0.097
- Setup                         0.138
+ Phase Shift                  10.000
- Uncertainty                   0.200
= Required Time                 9.759
- Arrival Time                  4.547
= Slack Time                    5.212
     Clock Rise Edge                 0.000
     + Clock Network Latency (Prop)  0.000
     = Beginpoint Arrival Time       0.000
     +---------------------------------------------------------------------------------+ 
     |        Instance         |     Arc      |   Cell    | Delay | Arrival | Required | 
     |                         |              |           |       |  Time   |   Time   | 
     |-------------------------+--------------+-----------+-------+---------+----------| 
     | core/req_sync_q_reg[58] | CK ^         |           |       |   0.000 |    5.212 | 
     | core/req_sync_q_reg[58] | CK ^ -> Q v  | DFFHQX1   | 0.296 |   0.296 |    5.508 | 
     | core/g24486__5107       | A0 v -> Y ^  | AOI21X1   | 0.190 |   0.486 |    5.698 | 
     | core/g24250__5526       | C ^ -> Y v   | NAND4XL   | 0.269 |   0.755 |    5.967 | 
     | core/g24225__2802       | AN v -> Y v  | NAND4BX1  | 0.300 |   1.055 |    6.266 | 
     | core/g24217__6260       | AN v -> Y v  | NAND2BX1  | 0.261 |   1.315 |    6.527 | 
     | core/g24711__1881       | AN v -> Y v  | NAND2BX1  | 0.226 |   1.541 |    6.753 | 
     | core/g24179__2398       | B v -> Y ^   | NAND2XL   | 0.111 |   1.652 |    6.864 | 
     | core/g24167__5115       | B1 ^ -> Y v  | OAI222X1  | 0.196 |   1.848 |    7.059 | 
     | core/g24156__3680       | B0 v -> Y ^  | AOI211XL  | 0.216 |   2.063 |    7.275 | 
     | core/g24145__6260       | C0 ^ -> Y v  | OAI211X1  | 0.183 |   2.247 |    7.458 | 
     | core/g24139__1666       | C0 v -> Y ^  | AOI221X1  | 0.172 |   2.419 |    7.631 | 
     | core/g24135__9945       | B ^ -> Y v   | NAND2X2   | 0.181 |   2.600 |    7.812 | 
     | core/g24707__5122       | AN v -> Y v  | NOR2BX1   | 0.150 |   2.750 |    7.962 | 
     | core/g24121__8246       | B v -> Y ^   | NAND2X2   | 0.075 |   2.825 |    8.037 | 
     | core/g24105__1666       | B1 ^ -> Y ^  | OA22X1    | 0.191 |   3.017 |    8.229 | 
     | core/g24085__5526       | C0 ^ -> Y v  | OAI221X1  | 0.167 |   3.184 |    8.396 | 
     | core/g24076__6417       | A2 v -> Y ^  | OAI31X1   | 0.163 |   3.347 |    8.559 | 
     | core/g24073__2346       | A1N ^ -> Y ^ | OAI2BB1X1 | 0.160 |   3.507 |    8.719 | 
     | core/g24071__9945       | A1N ^ -> Y ^ | OAI2BB1X1 | 0.129 |   3.636 |    8.848 | 
     | core/g24059__1705       | A2 ^ -> Y v  | AOI32X1   | 0.170 |   3.807 |    9.018 | 
     | core/FE_OFC77_n_568     | A v -> Y v   | BUFX2     | 0.152 |   3.959 |    9.170 | 
     | core/FE_OFC73_n_568     | A v -> Y v   | BUFX2     | 0.080 |   4.039 |    9.251 | 
     | core/g24046__5477       | B v -> Y ^   | NOR2X1    | 0.087 |   4.126 |    9.337 | 
     | core/g24044             | A ^ -> Y v   | INVX1     | 0.103 |   4.229 |    9.440 | 
     | core/g24042__1666       | A v -> Y v   | AND2X1    | 0.162 |   4.391 |    9.603 | 
     | core/g24024__3680       | A1 v -> Y ^  | AOI21XL   | 0.156 |   4.547 |    9.759 | 
     | core/pending_q_reg[42]  | D ^          | DFFHQX1   | 0.000 |   4.547 |    9.759 | 
     +---------------------------------------------------------------------------------+ 
Path 86: MET Setup Check with Pin core/pending_q_reg[14]/CK 
Endpoint:   core/pending_q_reg[14]/D  (^) checked with  leading edge of 'clk'
Beginpoint: core/req_sync_q_reg[58]/Q (v) triggered by  leading edge of 'clk'
Path Groups: {clk}
Analysis View: setup_view
Other End Arrival Time          0.100
- Setup                         0.126
+ Phase Shift                  10.000
- Uncertainty                   0.200
= Required Time                 9.774
- Arrival Time                  4.561
= Slack Time                    5.213
     Clock Rise Edge                 0.000
     + Clock Network Latency (Prop)  0.000
     = Beginpoint Arrival Time       0.000
     +---------------------------------------------------------------------------------+ 
     |        Instance         |     Arc      |   Cell    | Delay | Arrival | Required | 
     |                         |              |           |       |  Time   |   Time   | 
     |-------------------------+--------------+-----------+-------+---------+----------| 
     | core/req_sync_q_reg[58] | CK ^         |           |       |   0.000 |    5.213 | 
     | core/req_sync_q_reg[58] | CK ^ -> Q v  | DFFHQX1   | 0.296 |   0.296 |    5.509 | 
     | core/g24486__5107       | A0 v -> Y ^  | AOI21X1   | 0.190 |   0.486 |    5.699 | 
     | core/g24250__5526       | C ^ -> Y v   | NAND4XL   | 0.269 |   0.755 |    5.968 | 
     | core/g24225__2802       | AN v -> Y v  | NAND4BX1  | 0.300 |   1.055 |    6.268 | 
     | core/g24217__6260       | AN v -> Y v  | NAND2BX1  | 0.261 |   1.315 |    6.528 | 
     | core/g24711__1881       | AN v -> Y v  | NAND2BX1  | 0.226 |   1.541 |    6.754 | 
     | core/g24179__2398       | B v -> Y ^   | NAND2XL   | 0.111 |   1.652 |    6.865 | 
     | core/g24167__5115       | B1 ^ -> Y v  | OAI222X1  | 0.196 |   1.848 |    7.061 | 
     | core/g24156__3680       | B0 v -> Y ^  | AOI211XL  | 0.216 |   2.063 |    7.276 | 
     | core/g24145__6260       | C0 ^ -> Y v  | OAI211X1  | 0.183 |   2.247 |    7.460 | 
     | core/g24139__1666       | C0 v -> Y ^  | AOI221X1  | 0.172 |   2.419 |    7.632 | 
     | core/g24135__9945       | B ^ -> Y v   | NAND2X2   | 0.181 |   2.600 |    7.813 | 
     | core/g24707__5122       | AN v -> Y v  | NOR2BX1   | 0.150 |   2.750 |    7.963 | 
     | core/g24121__8246       | B v -> Y ^   | NAND2X2   | 0.075 |   2.825 |    8.038 | 
     | core/g24105__1666       | B1 ^ -> Y ^  | OA22X1    | 0.191 |   3.017 |    8.230 | 
     | core/g24085__5526       | C0 ^ -> Y v  | OAI221X1  | 0.167 |   3.184 |    8.397 | 
     | core/g24076__6417       | A2 v -> Y ^  | OAI31X1   | 0.163 |   3.347 |    8.560 | 
     | core/g24073__2346       | A1N ^ -> Y ^ | OAI2BB1X1 | 0.160 |   3.507 |    8.720 | 
     | core/g24071__9945       | A1N ^ -> Y ^ | OAI2BB1X1 | 0.129 |   3.636 |    8.849 | 
     | core/g24059__1705       | A2 ^ -> Y v  | AOI32X1   | 0.170 |   3.807 |    9.020 | 
     | core/FE_OFC77_n_568     | A v -> Y v   | BUFX2     | 0.152 |   3.959 |    9.172 | 
     | core/FE_OFC73_n_568     | A v -> Y v   | BUFX2     | 0.080 |   4.039 |    9.252 | 
     | core/g24046__5477       | B v -> Y ^   | NOR2X1    | 0.087 |   4.126 |    9.339 | 
     | core/g24044             | A ^ -> Y v   | INVX1     | 0.103 |   4.229 |    9.442 | 
     | core/g24037__9315       | A v -> Y v   | AND2X1    | 0.180 |   4.409 |    9.621 | 
     | core/g24014__7410       | A1 v -> Y ^  | AOI21XL   | 0.152 |   4.561 |    9.774 | 
     | core/pending_q_reg[14]  | D ^          | DFFHQX1   | 0.000 |   4.561 |    9.774 | 
     +---------------------------------------------------------------------------------+ 
Path 87: MET Setup Check with Pin core/pending_q_reg[44]/CK 
Endpoint:   core/pending_q_reg[44]/D  (v) checked with  leading edge of 'clk'
Beginpoint: core/req_sync_q_reg[58]/Q (v) triggered by  leading edge of 'clk'
Path Groups: {clk}
Analysis View: setup_view
Other End Arrival Time          0.097
- Setup                         0.063
+ Phase Shift                  10.000
- Uncertainty                   0.200
= Required Time                 9.834
- Arrival Time                  4.619
= Slack Time                    5.215
     Clock Rise Edge                 0.000
     + Clock Network Latency (Prop)  0.000
     = Beginpoint Arrival Time       0.000
     +---------------------------------------------------------------------------------+ 
     |        Instance         |     Arc      |   Cell    | Delay | Arrival | Required | 
     |                         |              |           |       |  Time   |   Time   | 
     |-------------------------+--------------+-----------+-------+---------+----------| 
     | core/req_sync_q_reg[58] | CK ^         |           |       |   0.000 |    5.215 | 
     | core/req_sync_q_reg[58] | CK ^ -> Q v  | DFFHQX1   | 0.296 |   0.296 |    5.510 | 
     | core/g24486__5107       | A0 v -> Y ^  | AOI21X1   | 0.190 |   0.486 |    5.701 | 
     | core/g24250__5526       | C ^ -> Y v   | NAND4XL   | 0.269 |   0.755 |    5.969 | 
     | core/g24225__2802       | AN v -> Y v  | NAND4BX1  | 0.300 |   1.055 |    6.269 | 
     | core/g24217__6260       | AN v -> Y v  | NAND2BX1  | 0.261 |   1.315 |    6.530 | 
     | core/g24711__1881       | AN v -> Y v  | NAND2BX1  | 0.226 |   1.541 |    6.756 | 
     | core/g24179__2398       | B v -> Y ^   | NAND2XL   | 0.111 |   1.652 |    6.866 | 
     | core/g24167__5115       | B1 ^ -> Y v  | OAI222X1  | 0.196 |   1.848 |    7.062 | 
     | core/g24156__3680       | B0 v -> Y ^  | AOI211XL  | 0.216 |   2.063 |    7.278 | 
     | core/g24145__6260       | C0 ^ -> Y v  | OAI211X1  | 0.183 |   2.247 |    7.461 | 
     | core/g24139__1666       | C0 v -> Y ^  | AOI221X1  | 0.172 |   2.419 |    7.634 | 
     | core/g24135__9945       | B ^ -> Y v   | NAND2X2   | 0.181 |   2.600 |    7.815 | 
     | core/g24129__6161       | B v -> Y ^   | NAND2XL   | 0.139 |   2.740 |    7.954 | 
     | core/g24118__2802       | AN ^ -> Y ^  | NAND2BX2  | 0.138 |   2.877 |    8.092 | 
     | core/g24091__5122       | B1 ^ -> Y v  | OAI22X1   | 0.140 |   3.017 |    8.231 | 
     | core/g24077__5477       | A v -> Y ^   | NOR4X1    | 0.240 |   3.257 |    8.471 | 
     | core/FE_OFC45_n_548     | A ^ -> Y ^   | BUFX2     | 0.153 |   3.410 |    8.624 | 
     | core/g24075__7410       | C ^ -> Y ^   | AND3XL    | 0.185 |   3.595 |    8.810 | 
     | core/g24072__2883       | A2 ^ -> Y v  | AOI32X1   | 0.169 |   3.764 |    8.979 | 
     | core/FE_OFC33_n_554     | A v -> Y v   | BUFX2     | 0.151 |   3.916 |    9.131 | 
     | core/g24065__5115       | A1N v -> Y v | OAI2BB1X1 | 0.185 |   4.101 |    9.315 | 
     | core/g24054__5526       | B v -> Y ^   | NOR2X1    | 0.152 |   4.252 |    9.467 | 
     | core/g24051__6260       | AN ^ -> Y ^  | NOR2BX2   | 0.203 |   4.456 |    9.670 | 
     | core/g24000__8246       | A1 ^ -> Y v  | AOI21X1   | 0.163 |   4.619 |    9.834 | 
     | core/pending_q_reg[44]  | D v          | DFFHQX1   | 0.000 |   4.619 |    9.834 | 
     +---------------------------------------------------------------------------------+ 
Path 88: MET Setup Check with Pin core/pending_q_reg[12]/CK 
Endpoint:   core/pending_q_reg[12]/D  (^) checked with  leading edge of 'clk'
Beginpoint: core/req_sync_q_reg[58]/Q (v) triggered by  leading edge of 'clk'
Path Groups: {clk}
Analysis View: setup_view
Other End Arrival Time          0.100
- Setup                         0.125
+ Phase Shift                  10.000
- Uncertainty                   0.200
= Required Time                 9.775
- Arrival Time                  4.559
= Slack Time                    5.215
     Clock Rise Edge                 0.000
     + Clock Network Latency (Prop)  0.000
     = Beginpoint Arrival Time       0.000
     +---------------------------------------------------------------------------------+ 
     |        Instance         |     Arc      |   Cell    | Delay | Arrival | Required | 
     |                         |              |           |       |  Time   |   Time   | 
     |-------------------------+--------------+-----------+-------+---------+----------| 
     | core/req_sync_q_reg[58] | CK ^         |           |       |   0.000 |    5.216 | 
     | core/req_sync_q_reg[58] | CK ^ -> Q v  | DFFHQX1   | 0.296 |   0.296 |    5.511 | 
     | core/g24486__5107       | A0 v -> Y ^  | AOI21X1   | 0.190 |   0.486 |    5.701 | 
     | core/g24250__5526       | C ^ -> Y v   | NAND4XL   | 0.269 |   0.755 |    5.970 | 
     | core/g24225__2802       | AN v -> Y v  | NAND4BX1  | 0.300 |   1.055 |    6.270 | 
     | core/g24217__6260       | AN v -> Y v  | NAND2BX1  | 0.261 |   1.315 |    6.531 | 
     | core/g24711__1881       | AN v -> Y v  | NAND2BX1  | 0.226 |   1.541 |    6.756 | 
     | core/g24179__2398       | B v -> Y ^   | NAND2XL   | 0.111 |   1.652 |    6.867 | 
     | core/g24167__5115       | B1 ^ -> Y v  | OAI222X1  | 0.196 |   1.848 |    7.063 | 
     | core/g24156__3680       | B0 v -> Y ^  | AOI211XL  | 0.216 |   2.063 |    7.279 | 
     | core/g24145__6260       | C0 ^ -> Y v  | OAI211X1  | 0.183 |   2.247 |    7.462 | 
     | core/g24139__1666       | C0 v -> Y ^  | AOI221X1  | 0.172 |   2.419 |    7.635 | 
     | core/g24135__9945       | B ^ -> Y v   | NAND2X2   | 0.181 |   2.600 |    7.816 | 
     | core/g24707__5122       | AN v -> Y v  | NOR2BX1   | 0.150 |   2.750 |    7.966 | 
     | core/g24121__8246       | B v -> Y ^   | NAND2X2   | 0.075 |   2.825 |    8.041 | 
     | core/g24105__1666       | B1 ^ -> Y ^  | OA22X1    | 0.191 |   3.017 |    8.232 | 
     | core/g24085__5526       | C0 ^ -> Y v  | OAI221X1  | 0.167 |   3.184 |    8.400 | 
     | core/g24076__6417       | A2 v -> Y ^  | OAI31X1   | 0.163 |   3.347 |    8.562 | 
     | core/g24073__2346       | A1N ^ -> Y ^ | OAI2BB1X1 | 0.160 |   3.507 |    8.723 | 
     | core/g24071__9945       | A1N ^ -> Y ^ | OAI2BB1X1 | 0.129 |   3.636 |    8.852 | 
     | core/g24059__1705       | A2 ^ -> Y v  | AOI32X1   | 0.170 |   3.807 |    9.022 | 
     | core/FE_OFC77_n_568     | A v -> Y v   | BUFX2     | 0.152 |   3.959 |    9.174 | 
     | core/FE_OFC73_n_568     | A v -> Y v   | BUFX2     | 0.080 |   4.039 |    9.255 | 
     | core/g24046__5477       | B v -> Y ^   | NOR2X1    | 0.087 |   4.126 |    9.341 | 
     | core/g24044             | A ^ -> Y v   | INVX1     | 0.103 |   4.229 |    9.444 | 
     | core/g24037__9315       | A v -> Y v   | AND2X1    | 0.180 |   4.409 |    9.624 | 
     | core/g23989__5107       | A0 v -> Y ^  | AOI21X1   | 0.151 |   4.559 |    9.775 | 
     | core/pending_q_reg[12]  | D ^          | DFFHQX1   | 0.000 |   4.559 |    9.775 | 
     +---------------------------------------------------------------------------------+ 
Path 89: MET Setup Check with Pin core/pending_q_reg[36]/CK 
Endpoint:   core/pending_q_reg[36]/D  (v) checked with  leading edge of 'clk'
Beginpoint: core/req_sync_q_reg[58]/Q (v) triggered by  leading edge of 'clk'
Path Groups: {clk}
Analysis View: setup_view
Other End Arrival Time          0.097
- Setup                         0.062
+ Phase Shift                  10.000
- Uncertainty                   0.200
= Required Time                 9.835
- Arrival Time                  4.618
= Slack Time                    5.217
     Clock Rise Edge                 0.000
     + Clock Network Latency (Prop)  0.000
     = Beginpoint Arrival Time       0.000
     +---------------------------------------------------------------------------------+ 
     |        Instance         |     Arc      |   Cell    | Delay | Arrival | Required | 
     |                         |              |           |       |  Time   |   Time   | 
     |-------------------------+--------------+-----------+-------+---------+----------| 
     | core/req_sync_q_reg[58] | CK ^         |           |       |   0.000 |    5.217 | 
     | core/req_sync_q_reg[58] | CK ^ -> Q v  | DFFHQX1   | 0.296 |   0.296 |    5.512 | 
     | core/g24486__5107       | A0 v -> Y ^  | AOI21X1   | 0.190 |   0.486 |    5.703 | 
     | core/g24250__5526       | C ^ -> Y v   | NAND4XL   | 0.269 |   0.755 |    5.971 | 
     | core/g24225__2802       | AN v -> Y v  | NAND4BX1  | 0.300 |   1.055 |    6.271 | 
     | core/g24217__6260       | AN v -> Y v  | NAND2BX1  | 0.261 |   1.315 |    6.532 | 
     | core/g24711__1881       | AN v -> Y v  | NAND2BX1  | 0.226 |   1.541 |    6.757 | 
     | core/g24179__2398       | B v -> Y ^   | NAND2XL   | 0.111 |   1.652 |    6.868 | 
     | core/g24167__5115       | B1 ^ -> Y v  | OAI222X1  | 0.196 |   1.848 |    7.064 | 
     | core/g24156__3680       | B0 v -> Y ^  | AOI211XL  | 0.216 |   2.063 |    7.280 | 
     | core/g24145__6260       | C0 ^ -> Y v  | OAI211X1  | 0.183 |   2.247 |    7.463 | 
     | core/g24139__1666       | C0 v -> Y ^  | AOI221X1  | 0.172 |   2.419 |    7.636 | 
     | core/g24135__9945       | B ^ -> Y v   | NAND2X2   | 0.181 |   2.600 |    7.817 | 
     | core/g24129__6161       | B v -> Y ^   | NAND2XL   | 0.139 |   2.740 |    7.956 | 
     | core/g24118__2802       | AN ^ -> Y ^  | NAND2BX2  | 0.138 |   2.877 |    8.094 | 
     | core/g24091__5122       | B1 ^ -> Y v  | OAI22X1   | 0.140 |   3.017 |    8.233 | 
     | core/g24077__5477       | A v -> Y ^   | NOR4X1    | 0.240 |   3.257 |    8.473 | 
     | core/FE_OFC45_n_548     | A ^ -> Y ^   | BUFX2     | 0.153 |   3.410 |    8.626 | 
     | core/g24075__7410       | C ^ -> Y ^   | AND3XL    | 0.185 |   3.595 |    8.812 | 
     | core/g24072__2883       | A2 ^ -> Y v  | AOI32X1   | 0.169 |   3.764 |    8.981 | 
     | core/FE_OFC33_n_554     | A v -> Y v   | BUFX2     | 0.151 |   3.916 |    9.132 | 
     | core/g24065__5115       | A1N v -> Y v | OAI2BB1X1 | 0.185 |   4.101 |    9.317 | 
     | core/g24054__5526       | B v -> Y ^   | NOR2X1    | 0.152 |   4.252 |    9.469 | 
     | core/g24051__6260       | AN ^ -> Y ^  | NOR2BX2   | 0.203 |   4.456 |    9.672 | 
     | core/g23997__2802       | A1 ^ -> Y v  | AOI21X1   | 0.162 |   4.618 |    9.835 | 
     | core/pending_q_reg[36]  | D v          | DFFHQX1   | 0.000 |   4.618 |    9.835 | 
     +---------------------------------------------------------------------------------+ 
Path 90: MET Setup Check with Pin core/pending_q_reg[45]/CK 
Endpoint:   core/pending_q_reg[45]/D  (v) checked with  leading edge of 'clk'
Beginpoint: core/req_sync_q_reg[58]/Q (v) triggered by  leading edge of 'clk'
Path Groups: {clk}
Analysis View: setup_view
Other End Arrival Time          0.097
- Setup                         0.062
+ Phase Shift                  10.000
- Uncertainty                   0.200
= Required Time                 9.835
- Arrival Time                  4.618
= Slack Time                    5.217
     Clock Rise Edge                 0.000
     + Clock Network Latency (Prop)  0.000
     = Beginpoint Arrival Time       0.000
     +---------------------------------------------------------------------------------+ 
     |        Instance         |     Arc      |   Cell    | Delay | Arrival | Required | 
     |                         |              |           |       |  Time   |   Time   | 
     |-------------------------+--------------+-----------+-------+---------+----------| 
     | core/req_sync_q_reg[58] | CK ^         |           |       |   0.000 |    5.217 | 
     | core/req_sync_q_reg[58] | CK ^ -> Q v  | DFFHQX1   | 0.296 |   0.296 |    5.512 | 
     | core/g24486__5107       | A0 v -> Y ^  | AOI21X1   | 0.190 |   0.486 |    5.703 | 
     | core/g24250__5526       | C ^ -> Y v   | NAND4XL   | 0.269 |   0.755 |    5.971 | 
     | core/g24225__2802       | AN v -> Y v  | NAND4BX1  | 0.300 |   1.055 |    6.271 | 
     | core/g24217__6260       | AN v -> Y v  | NAND2BX1  | 0.261 |   1.315 |    6.532 | 
     | core/g24711__1881       | AN v -> Y v  | NAND2BX1  | 0.226 |   1.541 |    6.757 | 
     | core/g24179__2398       | B v -> Y ^   | NAND2XL   | 0.111 |   1.652 |    6.868 | 
     | core/g24167__5115       | B1 ^ -> Y v  | OAI222X1  | 0.196 |   1.848 |    7.064 | 
     | core/g24156__3680       | B0 v -> Y ^  | AOI211XL  | 0.216 |   2.063 |    7.280 | 
     | core/g24145__6260       | C0 ^ -> Y v  | OAI211X1  | 0.183 |   2.247 |    7.463 | 
     | core/g24139__1666       | C0 v -> Y ^  | AOI221X1  | 0.172 |   2.419 |    7.636 | 
     | core/g24135__9945       | B ^ -> Y v   | NAND2X2   | 0.181 |   2.600 |    7.817 | 
     | core/g24129__6161       | B v -> Y ^   | NAND2XL   | 0.139 |   2.740 |    7.956 | 
     | core/g24118__2802       | AN ^ -> Y ^  | NAND2BX2  | 0.138 |   2.877 |    8.094 | 
     | core/g24091__5122       | B1 ^ -> Y v  | OAI22X1   | 0.140 |   3.017 |    8.233 | 
     | core/g24077__5477       | A v -> Y ^   | NOR4X1    | 0.240 |   3.257 |    8.473 | 
     | core/FE_OFC45_n_548     | A ^ -> Y ^   | BUFX2     | 0.153 |   3.410 |    8.626 | 
     | core/g24075__7410       | C ^ -> Y ^   | AND3XL    | 0.185 |   3.595 |    8.812 | 
     | core/g24072__2883       | A2 ^ -> Y v  | AOI32X1   | 0.169 |   3.764 |    8.981 | 
     | core/FE_OFC33_n_554     | A v -> Y v   | BUFX2     | 0.151 |   3.916 |    9.132 | 
     | core/g24065__5115       | A1N v -> Y v | OAI2BB1X1 | 0.185 |   4.101 |    9.317 | 
     | core/g24054__5526       | B v -> Y ^   | NOR2X1    | 0.152 |   4.252 |    9.469 | 
     | core/g24051__6260       | AN ^ -> Y ^  | NOR2BX2   | 0.203 |   4.456 |    9.672 | 
     | core/g24026__2802       | A1 ^ -> Y v  | AOI21X1   | 0.162 |   4.618 |    9.835 | 
     | core/pending_q_reg[45]  | D v          | DFFHQX1   | 0.000 |   4.618 |    9.835 | 
     +---------------------------------------------------------------------------------+ 
Path 91: MET Setup Check with Pin core/pending_q_reg[32]/CK 
Endpoint:   core/pending_q_reg[32]/D  (^) checked with  leading edge of 'clk'
Beginpoint: core/req_sync_q_reg[58]/Q (v) triggered by  leading edge of 'clk'
Path Groups: {clk}
Analysis View: setup_view
Other End Arrival Time          0.097
- Setup                         0.131
+ Phase Shift                  10.000
- Uncertainty                   0.200
= Required Time                 9.766
- Arrival Time                  4.548
= Slack Time                    5.218
     Clock Rise Edge                 0.000
     + Clock Network Latency (Prop)  0.000
     = Beginpoint Arrival Time       0.000
     +-------------------------------------------------------------------------------+ 
     |        Instance         |     Arc     |   Cell   | Delay | Arrival | Required | 
     |                         |             |          |       |  Time   |   Time   | 
     |-------------------------+-------------+----------+-------+---------+----------| 
     | core/req_sync_q_reg[58] | CK ^        |          |       |   0.000 |    5.218 | 
     | core/req_sync_q_reg[58] | CK ^ -> Q v | DFFHQX1  | 0.296 |   0.296 |    5.514 | 
     | core/g24486__5107       | A0 v -> Y ^ | AOI21X1  | 0.190 |   0.486 |    5.704 | 
     | core/g24250__5526       | C ^ -> Y v  | NAND4XL  | 0.269 |   0.755 |    5.973 | 
     | core/g24225__2802       | AN v -> Y v | NAND4BX1 | 0.300 |   1.055 |    6.273 | 
     | core/g24217__6260       | AN v -> Y v | NAND2BX1 | 0.261 |   1.315 |    6.533 | 
     | core/g24711__1881       | AN v -> Y v | NAND2BX1 | 0.226 |   1.541 |    6.759 | 
     | core/g24179__2398       | B v -> Y ^  | NAND2XL  | 0.111 |   1.652 |    6.870 | 
     | core/g24167__5115       | B1 ^ -> Y v | OAI222X1 | 0.196 |   1.848 |    7.066 | 
     | core/g24156__3680       | B0 v -> Y ^ | AOI211XL | 0.216 |   2.063 |    7.281 | 
     | core/g24145__6260       | C0 ^ -> Y v | OAI211X1 | 0.183 |   2.247 |    7.465 | 
     | core/g24139__1666       | C0 v -> Y ^ | AOI221X1 | 0.172 |   2.419 |    7.637 | 
     | core/g24135__9945       | B ^ -> Y v  | NAND2X2  | 0.181 |   2.600 |    7.818 | 
     | core/g24129__6161       | B v -> Y ^  | NAND2XL  | 0.139 |   2.740 |    7.957 | 
     | core/g24118__2802       | AN ^ -> Y ^ | NAND2BX2 | 0.138 |   2.877 |    8.095 | 
     | core/g24091__5122       | B1 ^ -> Y v | OAI22X1  | 0.140 |   3.017 |    8.235 | 
     | core/g24077__5477       | A v -> Y ^  | NOR4X1   | 0.240 |   3.257 |    8.475 | 
     | core/FE_OFC45_n_548     | A ^ -> Y ^  | BUFX2    | 0.153 |   3.410 |    8.627 | 
     | core/g24075__7410       | C ^ -> Y ^  | AND3XL   | 0.185 |   3.595 |    8.813 | 
     | core/g24072__2883       | A2 ^ -> Y v | AOI32X1  | 0.169 |   3.764 |    8.982 | 
     | core/FE_OFC33_n_554     | A v -> Y v  | BUFX2    | 0.151 |   3.916 |    9.134 | 
     | core/g24068__4733       | B v -> Y v  | OR2X1    | 0.113 |   4.029 |    9.246 | 
     | core/g24064__1881       | B v -> Y ^  | NAND2X1  | 0.078 |   4.107 |    9.325 | 
     | core/g24049__2398       | C ^ -> Y v  | NOR3X1   | 0.094 |   4.200 |    9.418 | 
     | core/FE_OFC48_n_576     | A v -> Y ^  | INVXL    | 0.063 |   4.263 |    9.481 | 
     | core/FE_OFC49_n_576     | A ^ -> Y v  | INVX1    | 0.122 |   4.385 |    9.603 | 
     | core/g23995__3680       | A0 v -> Y ^ | AOI21XL  | 0.162 |   4.548 |    9.766 | 
     | core/pending_q_reg[32]  | D ^         | DFFHQX1  | 0.000 |   4.548 |    9.766 | 
     +-------------------------------------------------------------------------------+ 
Path 92: MET Setup Check with Pin core/pending_q_reg[46]/CK 
Endpoint:   core/pending_q_reg[46]/D  (^) checked with  leading edge of 'clk'
Beginpoint: core/req_sync_q_reg[58]/Q (v) triggered by  leading edge of 'clk'
Path Groups: {clk}
Analysis View: setup_view
Other End Arrival Time          0.097
- Setup                         0.135
+ Phase Shift                  10.000
- Uncertainty                   0.200
= Required Time                 9.762
- Arrival Time                  4.538
= Slack Time                    5.224
     Clock Rise Edge                 0.000
     + Clock Network Latency (Prop)  0.000
     = Beginpoint Arrival Time       0.000
     +---------------------------------------------------------------------------------+ 
     |        Instance         |     Arc      |   Cell    | Delay | Arrival | Required | 
     |                         |              |           |       |  Time   |   Time   | 
     |-------------------------+--------------+-----------+-------+---------+----------| 
     | core/req_sync_q_reg[58] | CK ^         |           |       |   0.000 |    5.224 | 
     | core/req_sync_q_reg[58] | CK ^ -> Q v  | DFFHQX1   | 0.296 |   0.296 |    5.520 | 
     | core/g24486__5107       | A0 v -> Y ^  | AOI21X1   | 0.190 |   0.486 |    5.710 | 
     | core/g24250__5526       | C ^ -> Y v   | NAND4XL   | 0.269 |   0.755 |    5.979 | 
     | core/g24225__2802       | AN v -> Y v  | NAND4BX1  | 0.300 |   1.055 |    6.279 | 
     | core/g24217__6260       | AN v -> Y v  | NAND2BX1  | 0.261 |   1.315 |    6.539 | 
     | core/g24711__1881       | AN v -> Y v  | NAND2BX1  | 0.226 |   1.541 |    6.765 | 
     | core/g24179__2398       | B v -> Y ^   | NAND2XL   | 0.111 |   1.652 |    6.876 | 
     | core/g24167__5115       | B1 ^ -> Y v  | OAI222X1  | 0.196 |   1.848 |    7.072 | 
     | core/g24156__3680       | B0 v -> Y ^  | AOI211XL  | 0.216 |   2.063 |    7.287 | 
     | core/g24145__6260       | C0 ^ -> Y v  | OAI211X1  | 0.183 |   2.247 |    7.471 | 
     | core/g24139__1666       | C0 v -> Y ^  | AOI221X1  | 0.172 |   2.419 |    7.643 | 
     | core/g24135__9945       | B ^ -> Y v   | NAND2X2   | 0.181 |   2.600 |    7.824 | 
     | core/g24707__5122       | AN v -> Y v  | NOR2BX1   | 0.150 |   2.750 |    7.974 | 
     | core/g24121__8246       | B v -> Y ^   | NAND2X2   | 0.075 |   2.825 |    8.049 | 
     | core/g24105__1666       | B1 ^ -> Y ^  | OA22X1    | 0.191 |   3.017 |    8.241 | 
     | core/g24085__5526       | C0 ^ -> Y v  | OAI221X1  | 0.167 |   3.184 |    8.408 | 
     | core/g24076__6417       | A2 v -> Y ^  | OAI31X1   | 0.163 |   3.347 |    8.571 | 
     | core/g24073__2346       | A1N ^ -> Y ^ | OAI2BB1X1 | 0.160 |   3.507 |    8.731 | 
     | core/g24071__9945       | A1N ^ -> Y ^ | OAI2BB1X1 | 0.129 |   3.636 |    8.860 | 
     | core/g24059__1705       | A2 ^ -> Y v  | AOI32X1   | 0.170 |   3.807 |    9.030 | 
     | core/FE_OFC77_n_568     | A v -> Y v   | BUFX2     | 0.152 |   3.959 |    9.182 | 
     | core/FE_OFC73_n_568     | A v -> Y v   | BUFX2     | 0.080 |   4.039 |    9.263 | 
     | core/g24046__5477       | B v -> Y ^   | NOR2X1    | 0.087 |   4.126 |    9.350 | 
     | core/g24044             | A ^ -> Y v   | INVX1     | 0.103 |   4.229 |    9.452 | 
     | core/g24042__1666       | A v -> Y v   | AND2X1    | 0.162 |   4.391 |    9.615 | 
     | core/g24027__1705       | A1 v -> Y ^  | AOI21XL   | 0.147 |   4.538 |    9.762 | 
     | core/pending_q_reg[46]  | D ^          | DFFHQX1   | 0.000 |   4.538 |    9.762 | 
     +---------------------------------------------------------------------------------+ 
Path 93: MET Setup Check with Pin core/pending_q_reg[1]/CK 
Endpoint:   core/pending_q_reg[1]/D   (^) checked with  leading edge of 'clk'
Beginpoint: core/req_sync_q_reg[58]/Q (v) triggered by  leading edge of 'clk'
Path Groups: {clk}
Analysis View: setup_view
Other End Arrival Time          0.100
- Setup                         0.128
+ Phase Shift                  10.000
- Uncertainty                   0.200
= Required Time                 9.771
- Arrival Time                  4.546
= Slack Time                    5.225
     Clock Rise Edge                 0.000
     + Clock Network Latency (Prop)  0.000
     = Beginpoint Arrival Time       0.000
     +-------------------------------------------------------------------------------+ 
     |        Instance         |     Arc     |   Cell   | Delay | Arrival | Required | 
     |                         |             |          |       |  Time   |   Time   | 
     |-------------------------+-------------+----------+-------+---------+----------| 
     | core/req_sync_q_reg[58] | CK ^        |          |       |   0.000 |    5.226 | 
     | core/req_sync_q_reg[58] | CK ^ -> Q v | DFFHQX1  | 0.296 |   0.296 |    5.521 | 
     | core/g24486__5107       | A0 v -> Y ^ | AOI21X1  | 0.190 |   0.486 |    5.711 | 
     | core/g24250__5526       | C ^ -> Y v  | NAND4XL  | 0.269 |   0.755 |    5.980 | 
     | core/g24225__2802       | AN v -> Y v | NAND4BX1 | 0.300 |   1.055 |    6.280 | 
     | core/g24217__6260       | AN v -> Y v | NAND2BX1 | 0.261 |   1.315 |    6.541 | 
     | core/g24711__1881       | AN v -> Y v | NAND2BX1 | 0.226 |   1.541 |    6.766 | 
     | core/g24179__2398       | B v -> Y ^  | NAND2XL  | 0.111 |   1.652 |    6.877 | 
     | core/g24167__5115       | B1 ^ -> Y v | OAI222X1 | 0.196 |   1.848 |    7.073 | 
     | core/g24156__3680       | B0 v -> Y ^ | AOI211XL | 0.216 |   2.063 |    7.289 | 
     | core/g24145__6260       | C0 ^ -> Y v | OAI211X1 | 0.183 |   2.247 |    7.472 | 
     | core/g24139__1666       | C0 v -> Y ^ | AOI221X1 | 0.172 |   2.419 |    7.645 | 
     | core/g24135__9945       | B ^ -> Y v  | NAND2X2  | 0.181 |   2.600 |    7.826 | 
     | core/g24129__6161       | B v -> Y ^  | NAND2XL  | 0.139 |   2.740 |    7.965 | 
     | core/g24118__2802       | AN ^ -> Y ^ | NAND2BX2 | 0.138 |   2.877 |    8.103 | 
     | core/g24091__5122       | B1 ^ -> Y v | OAI22X1  | 0.140 |   3.017 |    8.242 | 
     | core/g24077__5477       | A v -> Y ^  | NOR4X1   | 0.240 |   3.257 |    8.482 | 
     | core/FE_OFC45_n_548     | A ^ -> Y ^  | BUFX2    | 0.153 |   3.410 |    8.635 | 
     | core/g24075__7410       | C ^ -> Y ^  | AND3XL   | 0.185 |   3.595 |    8.820 | 
     | core/g24072__2883       | A2 ^ -> Y v | AOI32X1  | 0.169 |   3.764 |    8.990 | 
     | core/FE_OFC33_n_554     | A v -> Y v  | BUFX2    | 0.151 |   3.916 |    9.141 | 
     | core/g24068__4733       | B v -> Y v  | OR2X1    | 0.113 |   4.029 |    9.254 | 
     | core/g24064__1881       | B v -> Y ^  | NAND2X1  | 0.078 |   4.107 |    9.332 | 
     | core/g24049__2398       | C ^ -> Y v  | NOR3X1   | 0.094 |   4.200 |    9.426 | 
     | core/FE_OFC48_n_576     | A v -> Y ^  | INVXL    | 0.063 |   4.263 |    9.489 | 
     | core/FE_OFC49_n_576     | A ^ -> Y v  | INVX1    | 0.122 |   4.385 |    9.611 | 
     | core/g23953__2802       | A0 v -> Y ^ | AOI21XL  | 0.160 |   4.546 |    9.771 | 
     | core/pending_q_reg[1]   | D ^         | DFFHQX1  | 0.000 |   4.546 |    9.771 | 
     +-------------------------------------------------------------------------------+ 
Path 94: MET Setup Check with Pin core/pending_q_reg[9]/CK 
Endpoint:   core/pending_q_reg[9]/D   (^) checked with  leading edge of 'clk'
Beginpoint: core/req_sync_q_reg[58]/Q (v) triggered by  leading edge of 'clk'
Path Groups: {clk}
Analysis View: setup_view
Other End Arrival Time          0.097
- Setup                         0.132
+ Phase Shift                  10.000
- Uncertainty                   0.200
= Required Time                 9.766
- Arrival Time                  4.539
= Slack Time                    5.227
     Clock Rise Edge                 0.000
     + Clock Network Latency (Prop)  0.000
     = Beginpoint Arrival Time       0.000
     +-------------------------------------------------------------------------------+ 
     |        Instance         |     Arc     |   Cell   | Delay | Arrival | Required | 
     |                         |             |          |       |  Time   |   Time   | 
     |-------------------------+-------------+----------+-------+---------+----------| 
     | core/req_sync_q_reg[58] | CK ^        |          |       |   0.000 |    5.227 | 
     | core/req_sync_q_reg[58] | CK ^ -> Q v | DFFHQX1  | 0.296 |   0.296 |    5.523 | 
     | core/g24486__5107       | A0 v -> Y ^ | AOI21X1  | 0.190 |   0.486 |    5.713 | 
     | core/g24250__5526       | C ^ -> Y v  | NAND4XL  | 0.269 |   0.755 |    5.982 | 
     | core/g24225__2802       | AN v -> Y v | NAND4BX1 | 0.300 |   1.055 |    6.282 | 
     | core/g24217__6260       | AN v -> Y v | NAND2BX1 | 0.261 |   1.315 |    6.542 | 
     | core/g24711__1881       | AN v -> Y v | NAND2BX1 | 0.226 |   1.541 |    6.768 | 
     | core/g24179__2398       | B v -> Y ^  | NAND2XL  | 0.111 |   1.652 |    6.879 | 
     | core/g24167__5115       | B1 ^ -> Y v | OAI222X1 | 0.196 |   1.848 |    7.075 | 
     | core/g24156__3680       | B0 v -> Y ^ | AOI211XL | 0.216 |   2.063 |    7.291 | 
     | core/g24145__6260       | C0 ^ -> Y v | OAI211X1 | 0.183 |   2.247 |    7.474 | 
     | core/g24139__1666       | C0 v -> Y ^ | AOI221X1 | 0.172 |   2.419 |    7.646 | 
     | core/g24135__9945       | B ^ -> Y v  | NAND2X2  | 0.181 |   2.600 |    7.827 | 
     | core/g24129__6161       | B v -> Y ^  | NAND2XL  | 0.139 |   2.740 |    7.967 | 
     | core/g24118__2802       | AN ^ -> Y ^ | NAND2BX2 | 0.138 |   2.877 |    8.104 | 
     | core/g24091__5122       | B1 ^ -> Y v | OAI22X1  | 0.140 |   3.017 |    8.244 | 
     | core/g24077__5477       | A v -> Y ^  | NOR4X1   | 0.240 |   3.257 |    8.484 | 
     | core/FE_OFC45_n_548     | A ^ -> Y ^  | BUFX2    | 0.153 |   3.410 |    8.637 | 
     | core/g24075__7410       | C ^ -> Y ^  | AND3XL   | 0.185 |   3.595 |    8.822 | 
     | core/g24072__2883       | A2 ^ -> Y v | AOI32X1  | 0.169 |   3.764 |    8.992 | 
     | core/FE_OFC33_n_554     | A v -> Y v  | BUFX2    | 0.151 |   3.916 |    9.143 | 
     | core/g24068__4733       | B v -> Y v  | OR2X1    | 0.113 |   4.029 |    9.256 | 
     | core/g24064__1881       | B v -> Y ^  | NAND2X1  | 0.078 |   4.107 |    9.334 | 
     | core/g24049__2398       | C ^ -> Y v  | NOR3X1   | 0.094 |   4.200 |    9.427 | 
     | core/FE_OFC48_n_576     | A v -> Y ^  | INVXL    | 0.063 |   4.263 |    9.490 | 
     | core/FE_OFC49_n_576     | A ^ -> Y v  | INVX1    | 0.122 |   4.385 |    9.613 | 
     | core/g24021__8428       | A1 v -> Y ^ | AOI21XL  | 0.153 |   4.539 |    9.766 | 
     | core/pending_q_reg[9]   | D ^         | DFFHQX1  | 0.000 |   4.539 |    9.766 | 
     +-------------------------------------------------------------------------------+ 
Path 95: MET Setup Check with Pin core/pending_q_reg[56]/CK 
Endpoint:   core/pending_q_reg[56]/D  (^) checked with  leading edge of 'clk'
Beginpoint: core/req_sync_q_reg[58]/Q (v) triggered by  leading edge of 'clk'
Path Groups: {clk}
Analysis View: setup_view
Other End Arrival Time          0.096
- Setup                         0.132
+ Phase Shift                  10.000
- Uncertainty                   0.200
= Required Time                 9.764
- Arrival Time                  4.535
= Slack Time                    5.229
     Clock Rise Edge                 0.000
     + Clock Network Latency (Prop)  0.000
     = Beginpoint Arrival Time       0.000
     +---------------------------------------------------------------------------------+ 
     |        Instance         |     Arc      |   Cell    | Delay | Arrival | Required | 
     |                         |              |           |       |  Time   |   Time   | 
     |-------------------------+--------------+-----------+-------+---------+----------| 
     | core/req_sync_q_reg[58] | CK ^         |           |       |   0.000 |    5.229 | 
     | core/req_sync_q_reg[58] | CK ^ -> Q v  | DFFHQX1   | 0.296 |   0.296 |    5.524 | 
     | core/g24486__5107       | A0 v -> Y ^  | AOI21X1   | 0.190 |   0.486 |    5.715 | 
     | core/g24250__5526       | C ^ -> Y v   | NAND4XL   | 0.269 |   0.755 |    5.983 | 
     | core/g24225__2802       | AN v -> Y v  | NAND4BX1  | 0.300 |   1.055 |    6.283 | 
     | core/g24217__6260       | AN v -> Y v  | NAND2BX1  | 0.261 |   1.315 |    6.544 | 
     | core/g24711__1881       | AN v -> Y v  | NAND2BX1  | 0.226 |   1.541 |    6.769 | 
     | core/g24179__2398       | B v -> Y ^   | NAND2XL   | 0.111 |   1.652 |    6.880 | 
     | core/g24167__5115       | B1 ^ -> Y v  | OAI222X1  | 0.196 |   1.848 |    7.076 | 
     | core/g24156__3680       | B0 v -> Y ^  | AOI211XL  | 0.216 |   2.063 |    7.292 | 
     | core/g24145__6260       | C0 ^ -> Y v  | OAI211X1  | 0.183 |   2.247 |    7.475 | 
     | core/g24139__1666       | C0 v -> Y ^  | AOI221X1  | 0.172 |   2.419 |    7.648 | 
     | core/g24135__9945       | B ^ -> Y v   | NAND2X2   | 0.181 |   2.600 |    7.829 | 
     | core/g24707__5122       | AN v -> Y v  | NOR2BX1   | 0.150 |   2.750 |    7.979 | 
     | core/g24121__8246       | B v -> Y ^   | NAND2X2   | 0.075 |   2.825 |    8.054 | 
     | core/g24105__1666       | B1 ^ -> Y ^  | OA22X1    | 0.191 |   3.017 |    8.245 | 
     | core/g24085__5526       | C0 ^ -> Y v  | OAI221X1  | 0.167 |   3.184 |    8.413 | 
     | core/g24076__6417       | A2 v -> Y ^  | OAI31X1   | 0.163 |   3.347 |    8.576 | 
     | core/g24073__2346       | A1N ^ -> Y ^ | OAI2BB1X1 | 0.160 |   3.507 |    8.736 | 
     | core/g24071__9945       | A1N ^ -> Y ^ | OAI2BB1X1 | 0.129 |   3.636 |    8.865 | 
     | core/g24059__1705       | A2 ^ -> Y v  | AOI32X1   | 0.170 |   3.807 |    9.035 | 
     | core/FE_OFC77_n_568     | A v -> Y v   | BUFX2     | 0.152 |   3.959 |    9.187 | 
     | core/FE_OFC73_n_568     | A v -> Y v   | BUFX2     | 0.080 |   4.039 |    9.268 | 
     | core/g24046__5477       | B v -> Y ^   | NOR2X1    | 0.087 |   4.126 |    9.354 | 
     | core/g24044             | A ^ -> Y v   | INVX1     | 0.103 |   4.229 |    9.457 | 
     | core/g24042__1666       | A v -> Y v   | AND2X1    | 0.162 |   4.391 |    9.620 | 
     | core/g24005__7482       | A1 v -> Y ^  | AOI21XL   | 0.144 |   4.535 |    9.764 | 
     | core/pending_q_reg[56]  | D ^          | DFFHQX1   | 0.000 |   4.535 |    9.764 | 
     +---------------------------------------------------------------------------------+ 
Path 96: MET Setup Check with Pin core/pending_q_reg[33]/CK 
Endpoint:   core/pending_q_reg[33]/D  (^) checked with  leading edge of 'clk'
Beginpoint: core/req_sync_q_reg[58]/Q (v) triggered by  leading edge of 'clk'
Path Groups: {clk}
Analysis View: setup_view
Other End Arrival Time          0.100
- Setup                         0.124
+ Phase Shift                  10.000
- Uncertainty                   0.200
= Required Time                 9.776
- Arrival Time                  4.541
= Slack Time                    5.235
     Clock Rise Edge                 0.000
     + Clock Network Latency (Prop)  0.000
     = Beginpoint Arrival Time       0.000
     +-------------------------------------------------------------------------------+ 
     |        Instance         |     Arc     |   Cell   | Delay | Arrival | Required | 
     |                         |             |          |       |  Time   |   Time   | 
     |-------------------------+-------------+----------+-------+---------+----------| 
     | core/req_sync_q_reg[58] | CK ^        |          |       |   0.000 |    5.235 | 
     | core/req_sync_q_reg[58] | CK ^ -> Q v | DFFHQX1  | 0.296 |   0.296 |    5.531 | 
     | core/g24486__5107       | A0 v -> Y ^ | AOI21X1  | 0.190 |   0.486 |    5.721 | 
     | core/g24250__5526       | C ^ -> Y v  | NAND4XL  | 0.269 |   0.755 |    5.990 | 
     | core/g24225__2802       | AN v -> Y v | NAND4BX1 | 0.300 |   1.055 |    6.290 | 
     | core/g24217__6260       | AN v -> Y v | NAND2BX1 | 0.261 |   1.315 |    6.550 | 
     | core/g24711__1881       | AN v -> Y v | NAND2BX1 | 0.226 |   1.541 |    6.776 | 
     | core/g24179__2398       | B v -> Y ^  | NAND2XL  | 0.111 |   1.652 |    6.887 | 
     | core/g24167__5115       | B1 ^ -> Y v | OAI222X1 | 0.196 |   1.848 |    7.083 | 
     | core/g24156__3680       | B0 v -> Y ^ | AOI211XL | 0.216 |   2.063 |    7.299 | 
     | core/g24145__6260       | C0 ^ -> Y v | OAI211X1 | 0.183 |   2.247 |    7.482 | 
     | core/g24139__1666       | C0 v -> Y ^ | AOI221X1 | 0.172 |   2.419 |    7.654 | 
     | core/g24135__9945       | B ^ -> Y v  | NAND2X2  | 0.181 |   2.600 |    7.835 | 
     | core/g24129__6161       | B v -> Y ^  | NAND2XL  | 0.139 |   2.740 |    7.975 | 
     | core/g24118__2802       | AN ^ -> Y ^ | NAND2BX2 | 0.138 |   2.877 |    8.112 | 
     | core/g24091__5122       | B1 ^ -> Y v | OAI22X1  | 0.140 |   3.017 |    8.252 | 
     | core/g24077__5477       | A v -> Y ^  | NOR4X1   | 0.240 |   3.257 |    8.492 | 
     | core/FE_OFC45_n_548     | A ^ -> Y ^  | BUFX2    | 0.153 |   3.410 |    8.645 | 
     | core/g24075__7410       | C ^ -> Y ^  | AND3XL   | 0.185 |   3.595 |    8.830 | 
     | core/g24072__2883       | A2 ^ -> Y v | AOI32X1  | 0.169 |   3.764 |    9.000 | 
     | core/FE_OFC33_n_554     | A v -> Y v  | BUFX2    | 0.151 |   3.916 |    9.151 | 
     | core/g24068__4733       | B v -> Y v  | OR2X1    | 0.113 |   4.029 |    9.264 | 
     | core/g24064__1881       | B v -> Y ^  | NAND2X1  | 0.078 |   4.107 |    9.342 | 
     | core/g24049__2398       | C ^ -> Y v  | NOR3X1   | 0.094 |   4.200 |    9.435 | 
     | core/FE_OFC48_n_576     | A v -> Y ^  | INVXL    | 0.063 |   4.263 |    9.498 | 
     | core/FE_OFC49_n_576     | A ^ -> Y v  | INVX1    | 0.122 |   4.385 |    9.621 | 
     | core/g23961__7482       | A0 v -> Y ^ | AOI21XL  | 0.155 |   4.541 |    9.776 | 
     | core/pending_q_reg[33]  | D ^         | DFFHQX1  | 0.000 |   4.541 |    9.776 | 
     +-------------------------------------------------------------------------------+ 
Path 97: MET Setup Check with Pin core/pending_q_reg[58]/CK 
Endpoint:   core/pending_q_reg[58]/D  (^) checked with  leading edge of 'clk'
Beginpoint: core/req_sync_q_reg[58]/Q (v) triggered by  leading edge of 'clk'
Path Groups: {clk}
Analysis View: setup_view
Other End Arrival Time          0.096
- Setup                         0.130
+ Phase Shift                  10.000
- Uncertainty                   0.200
= Required Time                 9.767
- Arrival Time                  4.531
= Slack Time                    5.235
     Clock Rise Edge                 0.000
     + Clock Network Latency (Prop)  0.000
     = Beginpoint Arrival Time       0.000
     +---------------------------------------------------------------------------------+ 
     |        Instance         |     Arc      |   Cell    | Delay | Arrival | Required | 
     |                         |              |           |       |  Time   |   Time   | 
     |-------------------------+--------------+-----------+-------+---------+----------| 
     | core/req_sync_q_reg[58] | CK ^         |           |       |   0.000 |    5.236 | 
     | core/req_sync_q_reg[58] | CK ^ -> Q v  | DFFHQX1   | 0.296 |   0.296 |    5.531 | 
     | core/g24486__5107       | A0 v -> Y ^  | AOI21X1   | 0.190 |   0.486 |    5.721 | 
     | core/g24250__5526       | C ^ -> Y v   | NAND4XL   | 0.269 |   0.755 |    5.990 | 
     | core/g24225__2802       | AN v -> Y v  | NAND4BX1  | 0.300 |   1.055 |    6.290 | 
     | core/g24217__6260       | AN v -> Y v  | NAND2BX1  | 0.261 |   1.315 |    6.551 | 
     | core/g24711__1881       | AN v -> Y v  | NAND2BX1  | 0.226 |   1.541 |    6.776 | 
     | core/g24179__2398       | B v -> Y ^   | NAND2XL   | 0.111 |   1.652 |    6.887 | 
     | core/g24167__5115       | B1 ^ -> Y v  | OAI222X1  | 0.196 |   1.848 |    7.083 | 
     | core/g24156__3680       | B0 v -> Y ^  | AOI211XL  | 0.216 |   2.063 |    7.299 | 
     | core/g24145__6260       | C0 ^ -> Y v  | OAI211X1  | 0.183 |   2.247 |    7.482 | 
     | core/g24139__1666       | C0 v -> Y ^  | AOI221X1  | 0.172 |   2.419 |    7.654 | 
     | core/g24135__9945       | B ^ -> Y v   | NAND2X2   | 0.181 |   2.600 |    7.836 | 
     | core/g24707__5122       | AN v -> Y v  | NOR2BX1   | 0.150 |   2.750 |    7.986 | 
     | core/g24121__8246       | B v -> Y ^   | NAND2X2   | 0.075 |   2.825 |    8.061 | 
     | core/g24105__1666       | B1 ^ -> Y ^  | OA22X1    | 0.191 |   3.017 |    8.252 | 
     | core/g24085__5526       | C0 ^ -> Y v  | OAI221X1  | 0.167 |   3.184 |    8.420 | 
     | core/g24076__6417       | A2 v -> Y ^  | OAI31X1   | 0.163 |   3.347 |    8.582 | 
     | core/g24073__2346       | A1N ^ -> Y ^ | OAI2BB1X1 | 0.160 |   3.507 |    8.743 | 
     | core/g24071__9945       | A1N ^ -> Y ^ | OAI2BB1X1 | 0.129 |   3.636 |    8.872 | 
     | core/g24059__1705       | A2 ^ -> Y v  | AOI32X1   | 0.170 |   3.807 |    9.042 | 
     | core/FE_OFC77_n_568     | A v -> Y v   | BUFX2     | 0.152 |   3.959 |    9.194 | 
     | core/FE_OFC73_n_568     | A v -> Y v   | BUFX2     | 0.080 |   4.039 |    9.274 | 
     | core/g24046__5477       | B v -> Y ^   | NOR2X1    | 0.087 |   4.126 |    9.361 | 
     | core/g24044             | A ^ -> Y v   | INVX1     | 0.103 |   4.229 |    9.464 | 
     | core/g24042__1666       | A v -> Y v   | AND2X1    | 0.162 |   4.391 |    9.626 | 
     | core/g24030__7098       | A1 v -> Y ^  | AOI21XL   | 0.140 |   4.531 |    9.767 | 
     | core/pending_q_reg[58]  | D ^          | DFFHQX1   | 0.000 |   4.531 |    9.767 | 
     +---------------------------------------------------------------------------------+ 
Path 98: MET Setup Check with Pin core/pending_q_reg[40]/CK 
Endpoint:   core/pending_q_reg[40]/D  (^) checked with  leading edge of 'clk'
Beginpoint: core/req_sync_q_reg[58]/Q (v) triggered by  leading edge of 'clk'
Path Groups: {clk}
Analysis View: setup_view
Other End Arrival Time          0.106
- Setup                         0.123
+ Phase Shift                  10.000
- Uncertainty                   0.200
= Required Time                 9.783
- Arrival Time                  4.544
= Slack Time                    5.239
     Clock Rise Edge                 0.000
     + Clock Network Latency (Prop)  0.000
     = Beginpoint Arrival Time       0.000
     +-------------------------------------------------------------------------------+ 
     |        Instance         |     Arc     |   Cell   | Delay | Arrival | Required | 
     |                         |             |          |       |  Time   |   Time   | 
     |-------------------------+-------------+----------+-------+---------+----------| 
     | core/req_sync_q_reg[58] | CK ^        |          |       |   0.000 |    5.239 | 
     | core/req_sync_q_reg[58] | CK ^ -> Q v | DFFHQX1  | 0.296 |   0.296 |    5.535 | 
     | core/g24486__5107       | A0 v -> Y ^ | AOI21X1  | 0.190 |   0.486 |    5.725 | 
     | core/g24250__5526       | C ^ -> Y v  | NAND4XL  | 0.269 |   0.755 |    5.994 | 
     | core/g24225__2802       | AN v -> Y v | NAND4BX1 | 0.300 |   1.055 |    6.293 | 
     | core/g24217__6260       | AN v -> Y v | NAND2BX1 | 0.261 |   1.315 |    6.554 | 
     | core/g24711__1881       | AN v -> Y v | NAND2BX1 | 0.226 |   1.541 |    6.780 | 
     | core/g24179__2398       | B v -> Y ^  | NAND2XL  | 0.111 |   1.652 |    6.891 | 
     | core/g24167__5115       | B1 ^ -> Y v | OAI222X1 | 0.196 |   1.848 |    7.086 | 
     | core/g24156__3680       | B0 v -> Y ^ | AOI211XL | 0.216 |   2.063 |    7.302 | 
     | core/g24145__6260       | C0 ^ -> Y v | OAI211X1 | 0.183 |   2.247 |    7.485 | 
     | core/g24139__1666       | C0 v -> Y ^ | AOI221X1 | 0.172 |   2.419 |    7.658 | 
     | core/g24135__9945       | B ^ -> Y v  | NAND2X2  | 0.181 |   2.600 |    7.839 | 
     | core/g24129__6161       | B v -> Y ^  | NAND2XL  | 0.139 |   2.740 |    7.978 | 
     | core/g24118__2802       | AN ^ -> Y ^ | NAND2BX2 | 0.138 |   2.877 |    8.116 | 
     | core/g24091__5122       | B1 ^ -> Y v | OAI22X1  | 0.140 |   3.017 |    8.256 | 
     | core/g24077__5477       | A v -> Y ^  | NOR4X1   | 0.240 |   3.257 |    8.495 | 
     | core/FE_OFC45_n_548     | A ^ -> Y ^  | BUFX2    | 0.153 |   3.410 |    8.648 | 
     | core/g24075__7410       | C ^ -> Y ^  | AND3XL   | 0.185 |   3.595 |    8.834 | 
     | core/g24072__2883       | A2 ^ -> Y v | AOI32X1  | 0.169 |   3.764 |    9.003 | 
     | core/FE_OFC33_n_554     | A v -> Y v  | BUFX2    | 0.151 |   3.916 |    9.155 | 
     | core/g24068__4733       | B v -> Y v  | OR2X1    | 0.113 |   4.029 |    9.267 | 
     | core/g24064__1881       | B v -> Y ^  | NAND2X1  | 0.078 |   4.107 |    9.345 | 
     | core/g24049__2398       | C ^ -> Y v  | NOR3X1   | 0.094 |   4.200 |    9.439 | 
     | core/FE_OFC48_n_576     | A v -> Y ^  | INVXL    | 0.063 |   4.263 |    9.502 | 
     | core/FE_OFC49_n_576     | A ^ -> Y v  | INVX1    | 0.122 |   4.385 |    9.624 | 
     | core/g23999__5122       | A0 v -> Y ^ | AOI21XL  | 0.158 |   4.544 |    9.783 | 
     | core/pending_q_reg[40]  | D ^         | DFFHQX1  | 0.000 |   4.544 |    9.783 | 
     +-------------------------------------------------------------------------------+ 
Path 99: MET Setup Check with Pin core/pending_q_reg[23]/CK 
Endpoint:   core/pending_q_reg[23]/D  (v) checked with  leading edge of 'clk'
Beginpoint: core/req_sync_q_reg[58]/Q (v) triggered by  leading edge of 'clk'
Path Groups: {clk}
Analysis View: setup_view
Other End Arrival Time          0.106
- Setup                         0.083
+ Phase Shift                  10.000
- Uncertainty                   0.200
= Required Time                 9.823
- Arrival Time                  4.579
= Slack Time                    5.244
     Clock Rise Edge                 0.000
     + Clock Network Latency (Prop)  0.000
     = Beginpoint Arrival Time       0.000
     +---------------------------------------------------------------------------------+ 
     |        Instance         |     Arc      |   Cell    | Delay | Arrival | Required | 
     |                         |              |           |       |  Time   |   Time   | 
     |-------------------------+--------------+-----------+-------+---------+----------| 
     | core/req_sync_q_reg[58] | CK ^         |           |       |   0.000 |    5.244 | 
     | core/req_sync_q_reg[58] | CK ^ -> Q v  | DFFHQX1   | 0.296 |   0.296 |    5.539 | 
     | core/g24486__5107       | A0 v -> Y ^  | AOI21X1   | 0.190 |   0.486 |    5.730 | 
     | core/g24250__5526       | C ^ -> Y v   | NAND4XL   | 0.269 |   0.755 |    5.998 | 
     | core/g24225__2802       | AN v -> Y v  | NAND4BX1  | 0.300 |   1.055 |    6.298 | 
     | core/g24217__6260       | AN v -> Y v  | NAND2BX1  | 0.261 |   1.315 |    6.559 | 
     | core/g24711__1881       | AN v -> Y v  | NAND2BX1  | 0.226 |   1.541 |    6.784 | 
     | core/g24179__2398       | B v -> Y ^   | NAND2XL   | 0.111 |   1.652 |    6.895 | 
     | core/g24167__5115       | B1 ^ -> Y v  | OAI222X1  | 0.196 |   1.848 |    7.091 | 
     | core/g24156__3680       | B0 v -> Y ^  | AOI211XL  | 0.216 |   2.063 |    7.307 | 
     | core/g24145__6260       | C0 ^ -> Y v  | OAI211X1  | 0.183 |   2.247 |    7.490 | 
     | core/g24139__1666       | C0 v -> Y ^  | AOI221X1  | 0.172 |   2.419 |    7.663 | 
     | core/g24135__9945       | B ^ -> Y v   | NAND2X2   | 0.181 |   2.600 |    7.844 | 
     | core/g24707__5122       | AN v -> Y v  | NOR2BX1   | 0.150 |   2.750 |    7.994 | 
     | core/g24121__8246       | B v -> Y ^   | NAND2X2   | 0.075 |   2.825 |    8.069 | 
     | core/g24105__1666       | B1 ^ -> Y ^  | OA22X1    | 0.191 |   3.017 |    8.260 | 
     | core/g24085__5526       | C0 ^ -> Y v  | OAI221X1  | 0.167 |   3.184 |    8.428 | 
     | core/g24076__6417       | A2 v -> Y ^  | OAI31X1   | 0.163 |   3.347 |    8.591 | 
     | core/g24073__2346       | A1N ^ -> Y ^ | OAI2BB1X1 | 0.160 |   3.507 |    8.751 | 
     | core/g24071__9945       | A1N ^ -> Y ^ | OAI2BB1X1 | 0.129 |   3.636 |    8.880 | 
     | core/g24059__1705       | A2 ^ -> Y v  | AOI32X1   | 0.170 |   3.807 |    9.050 | 
     | core/FE_OFC77_n_568     | A v -> Y v   | BUFX2     | 0.152 |   3.959 |    9.202 | 
     | core/FE_OFC73_n_568     | A v -> Y v   | BUFX2     | 0.080 |   4.039 |    9.283 | 
     | core/g24045__6417       | B v -> Y ^   | NAND2X1   | 0.047 |   4.086 |    9.330 | 
     | core/g2__1705           | B ^ -> Y v   | NAND2BX1  | 0.122 |   4.208 |    9.452 | 
     | core/g24034__7482       | B v -> Y ^   | NOR2X2    | 0.185 |   4.393 |    9.636 | 
     | core/g23962__4733       | A1 ^ -> Y v  | AOI21XL   | 0.186 |   4.579 |    9.823 | 
     | core/pending_q_reg[23]  | D v          | DFFHQX1   | 0.000 |   4.579 |    9.823 | 
     +---------------------------------------------------------------------------------+ 
Path 100: MET Setup Check with Pin core/pending_q_reg[62]/CK 
Endpoint:   core/pending_q_reg[62]/D  (^) checked with  leading edge of 'clk'
Beginpoint: core/req_sync_q_reg[58]/Q (v) triggered by  leading edge of 'clk'
Path Groups: {clk}
Analysis View: setup_view
Other End Arrival Time          0.096
- Setup                         0.125
+ Phase Shift                  10.000
- Uncertainty                   0.200
= Required Time                 9.771
- Arrival Time                  4.528
= Slack Time                    5.244
     Clock Rise Edge                 0.000
     + Clock Network Latency (Prop)  0.000
     = Beginpoint Arrival Time       0.000
     +---------------------------------------------------------------------------------+ 
     |        Instance         |     Arc      |   Cell    | Delay | Arrival | Required | 
     |                         |              |           |       |  Time   |   Time   | 
     |-------------------------+--------------+-----------+-------+---------+----------| 
     | core/req_sync_q_reg[58] | CK ^         |           |       |   0.000 |    5.244 | 
     | core/req_sync_q_reg[58] | CK ^ -> Q v  | DFFHQX1   | 0.296 |   0.296 |    5.540 | 
     | core/g24486__5107       | A0 v -> Y ^  | AOI21X1   | 0.190 |   0.486 |    5.730 | 
     | core/g24250__5526       | C ^ -> Y v   | NAND4XL   | 0.269 |   0.755 |    5.999 | 
     | core/g24225__2802       | AN v -> Y v  | NAND4BX1  | 0.300 |   1.055 |    6.299 | 
     | core/g24217__6260       | AN v -> Y v  | NAND2BX1  | 0.261 |   1.315 |    6.559 | 
     | core/g24711__1881       | AN v -> Y v  | NAND2BX1  | 0.226 |   1.541 |    6.785 | 
     | core/g24179__2398       | B v -> Y ^   | NAND2XL   | 0.111 |   1.652 |    6.896 | 
     | core/g24167__5115       | B1 ^ -> Y v  | OAI222X1  | 0.196 |   1.848 |    7.092 | 
     | core/g24156__3680       | B0 v -> Y ^  | AOI211XL  | 0.216 |   2.063 |    7.307 | 
     | core/g24145__6260       | C0 ^ -> Y v  | OAI211X1  | 0.183 |   2.247 |    7.491 | 
     | core/g24139__1666       | C0 v -> Y ^  | AOI221X1  | 0.172 |   2.419 |    7.663 | 
     | core/g24135__9945       | B ^ -> Y v   | NAND2X2   | 0.181 |   2.600 |    7.844 | 
     | core/g24707__5122       | AN v -> Y v  | NOR2BX1   | 0.150 |   2.750 |    7.994 | 
     | core/g24121__8246       | B v -> Y ^   | NAND2X2   | 0.075 |   2.825 |    8.069 | 
     | core/g24105__1666       | B1 ^ -> Y ^  | OA22X1    | 0.191 |   3.017 |    8.261 | 
     | core/g24085__5526       | C0 ^ -> Y v  | OAI221X1  | 0.167 |   3.184 |    8.428 | 
     | core/g24076__6417       | A2 v -> Y ^  | OAI31X1   | 0.163 |   3.347 |    8.591 | 
     | core/g24073__2346       | A1N ^ -> Y ^ | OAI2BB1X1 | 0.160 |   3.507 |    8.751 | 
     | core/g24071__9945       | A1N ^ -> Y ^ | OAI2BB1X1 | 0.129 |   3.636 |    8.880 | 
     | core/g24059__1705       | A2 ^ -> Y v  | AOI32X1   | 0.170 |   3.807 |    9.050 | 
     | core/FE_OFC77_n_568     | A v -> Y v   | BUFX2     | 0.152 |   3.959 |    9.202 | 
     | core/FE_OFC73_n_568     | A v -> Y v   | BUFX2     | 0.080 |   4.039 |    9.283 | 
     | core/g24046__5477       | B v -> Y ^   | NOR2X1    | 0.087 |   4.126 |    9.370 | 
     | core/g24044             | A ^ -> Y v   | INVX1     | 0.103 |   4.229 |    9.472 | 
     | core/g24042__1666       | A v -> Y v   | AND2X1    | 0.162 |   4.391 |    9.635 | 
     | core/g24031__6131       | A1 v -> Y ^  | AOI21XL   | 0.137 |   4.528 |    9.771 | 
     | core/pending_q_reg[62]  | D ^          | DFFHQX1   | 0.000 |   4.528 |    9.771 | 
     +---------------------------------------------------------------------------------+ 

