============================================================
  Generated by:           Genus(TM) Synthesis Solution 23.14-s090_1
  Generated on:           Aug 26 2026  05:25:02 pm
  Module:                 aer_pending_gray_rank_reuse_sync_core_reset
  Operating conditions:   PVT_0P9V_125C (balanced_tree)
  Wireload mode:          enclosed
  Area mode:              timing library
============================================================


Path 1: MET (7594 ps) Setup Check with Pin CDN_MBIT_pending_rank_q_reg[4]_MB_pending_rank_q_reg[5]_MB_pending_rank_q_reg[6]_MB_pending_rank_q_reg[7]/CK->D2
          Group: clk
     Startpoint: (R) CDN_MBIT_pending_rank_q_reg[12]_MB_pending_rank_q_reg[13]_MB_pending_rank_q_reg[14]_MB_pending_rank_q_reg[15]/CK
          Clock: (R) clk
       Endpoint: (R) CDN_MBIT_pending_rank_q_reg[4]_MB_pending_rank_q_reg[5]_MB_pending_rank_q_reg[6]_MB_pending_rank_q_reg[7]/D2
          Clock: (R) clk

                     Capture       Launch     
        Clock Edge:+   10000            0     
       Src Latency:+       0            0     
       Net Latency:+       0 (I)        0 (I) 
           Arrival:=   10000            0     
                                              
             Setup:-     119                  
     Required Time:=    9881                  
      Launch Clock:-       0                  
         Data Path:-    2287                  
             Slack:=    7594                  

#------------------------------------------------------------------------------------------------------------------------------------------------------------------------------------------
#                                                  Timing Point                                                    Flags    Arc   Edge   Cell     Fanout Load Trans Delay Arrival Instance 
#                                                                                                                                                        (fF)  (ps)  (ps)   (ps)  Location 
#------------------------------------------------------------------------------------------------------------------------------------------------------------------------------------------
  CDN_MBIT_pending_rank_q_reg[12]_MB_pending_rank_q_reg[13]_MB_pending_rank_q_reg[14]_MB_pending_rank_q_reg[15]/CK -       -      R     (arrival)     44    -     0     0       0    (-,-) 
  CDN_MBIT_pending_rank_q_reg[12]_MB_pending_rank_q_reg[13]_MB_pending_rank_q_reg[14]_MB_pending_rank_q_reg[15]/Q4 (p)     CK->Q4 F     DFF4X1         2  0.5    26   292     292    (-,-) 
  g6940__1666/Y                                                                                                    -       B0->Y  R     AOI21X1        3  0.8    69    62     355    (-,-) 
  g6916__6417/Y                                                                                                    -       A->Y   F     NAND4XL        2  0.7   278   270     624    (-,-) 
  g6909__6131/Y                                                                                                    -       B->Y   R     NOR2X1         2  0.6    80   185     810    (-,-) 
  g6904__1617/Y                                                                                                    -       AN->Y  R     NAND2BXL       2  0.4    40    88     897    (-,-) 
  g6900__8428/Y                                                                                                    -       AN->Y  R     NOR2BX1        1  0.4    69    97     994    (-,-) 
  g6890__6417/Y                                                                                                    -       B1->Y  F     OAI22X1        1  0.2    87    95    1090    (-,-) 
  g6884__9945/Y                                                                                                    -       A1N->Y F     OAI2BB1X1      6  2.2   153   168    1257    (-,-) 
  g6883/Y                                                                                                          -       A->Y   R     INVX1          4  1.6    66   113    1370    (-,-) 
  g6874__7098/Y                                                                                                    -       B1->Y  F     OAI22X1        1  0.4    99   100    1470    (-,-) 
  g6867__3680/Y                                                                                                    -       A1->Y  R     AOI22X1        2  0.8    92   127    1597    (-,-) 
  g6865__6783/Y                                                                                                    -       C0->Y  F     OAI221X1       1  0.4   156   178    1775    (-,-) 
  g6861__4319/Y                                                                                                    -       A2->Y  R     AOI32X1        1  0.4    80   153    1928    (-,-) 
  g6857__5477/Y                                                                                                    -       B->Y   F     NAND2X1        5  1.6   125   121    2050    (-,-) 
  g6851__9315/Y                                                                                                    -       A1N->Y F     OAI2BB1X1      4  0.8    94   143    2192    (-,-) 
  g6833__5526/Y                                                                                                    -       A1->Y  R     AOI21XL        1  0.2    56    94    2287    (-,-) 
  CDN_MBIT_pending_rank_q_reg[4]_MB_pending_rank_q_reg[5]_MB_pending_rank_q_reg[6]_MB_pending_rank_q_reg[7]/D2     (p)     -      R     DFF4X1         1    -     -     0    2287    (-,-) 
#------------------------------------------------------------------------------------------------------------------------------------------------------------------------------------------

(p) : Instance is preserved but may be resized



Path 2: MET (7594 ps) Setup Check with Pin CDN_MBIT_pending_rank_q_reg[8]_MB_pending_rank_q_reg[9]_MB_pending_rank_q_reg[10]_MB_pending_rank_q_reg[11]/CK->D2
          Group: clk
     Startpoint: (R) CDN_MBIT_pending_rank_q_reg[12]_MB_pending_rank_q_reg[13]_MB_pending_rank_q_reg[14]_MB_pending_rank_q_reg[15]/CK
          Clock: (R) clk
       Endpoint: (R) CDN_MBIT_pending_rank_q_reg[8]_MB_pending_rank_q_reg[9]_MB_pending_rank_q_reg[10]_MB_pending_rank_q_reg[11]/D2
          Clock: (R) clk

                     Capture       Launch     
        Clock Edge:+   10000            0     
       Src Latency:+       0            0     
       Net Latency:+       0 (I)        0 (I) 
           Arrival:=   10000            0     
                                              
             Setup:-     119                  
     Required Time:=    9881                  
      Launch Clock:-       0                  
         Data Path:-    2287                  
             Slack:=    7594                  

#------------------------------------------------------------------------------------------------------------------------------------------------------------------------------------------
#                                                  Timing Point                                                    Flags    Arc   Edge   Cell     Fanout Load Trans Delay Arrival Instance 
#                                                                                                                                                        (fF)  (ps)  (ps)   (ps)  Location 
#------------------------------------------------------------------------------------------------------------------------------------------------------------------------------------------
  CDN_MBIT_pending_rank_q_reg[12]_MB_pending_rank_q_reg[13]_MB_pending_rank_q_reg[14]_MB_pending_rank_q_reg[15]/CK -       -      R     (arrival)     44    -     0     0       0    (-,-) 
  CDN_MBIT_pending_rank_q_reg[12]_MB_pending_rank_q_reg[13]_MB_pending_rank_q_reg[14]_MB_pending_rank_q_reg[15]/Q4 (p)     CK->Q4 F     DFF4X1         2  0.5    26   292     292    (-,-) 
  g6940__1666/Y                                                                                                    -       B0->Y  R     AOI21X1        3  0.8    69    62     355    (-,-) 
  g6916__6417/Y                                                                                                    -       A->Y   F     NAND4XL        2  0.7   278   270     624    (-,-) 
  g6909__6131/Y                                                                                                    -       B->Y   R     NOR2X1         2  0.6    80   185     810    (-,-) 
  g6904__1617/Y                                                                                                    -       AN->Y  R     NAND2BXL       2  0.4    40    88     897    (-,-) 
  g6900__8428/Y                                                                                                    -       AN->Y  R     NOR2BX1        1  0.4    69    97     994    (-,-) 
  g6890__6417/Y                                                                                                    -       B1->Y  F     OAI22X1        1  0.2    87    95    1090    (-,-) 
  g6884__9945/Y                                                                                                    -       A1N->Y F     OAI2BB1X1      6  2.2   153   168    1257    (-,-) 
  g6883/Y                                                                                                          -       A->Y   R     INVX1          4  1.6    66   113    1370    (-,-) 
  g6874__7098/Y                                                                                                    -       B1->Y  F     OAI22X1        1  0.4    99   100    1470    (-,-) 
  g6867__3680/Y                                                                                                    -       A1->Y  R     AOI22X1        2  0.8    92   127    1597    (-,-) 
  g6865__6783/Y                                                                                                    -       C0->Y  F     OAI221X1       1  0.4   156   178    1775    (-,-) 
  g6861__4319/Y                                                                                                    -       A2->Y  R     AOI32X1        1  0.4    80   153    1928    (-,-) 
  g6857__5477/Y                                                                                                    -       B->Y   F     NAND2X1        5  1.6   125   121    2050    (-,-) 
  g6850__9945/Y                                                                                                    -       A1N->Y F     OAI2BB1X1      4  0.8    94   143    2192    (-,-) 
  g6844__6260/Y                                                                                                    -       A1->Y  R     AOI21XL        1  0.2    56    94    2287    (-,-) 
  CDN_MBIT_pending_rank_q_reg[8]_MB_pending_rank_q_reg[9]_MB_pending_rank_q_reg[10]_MB_pending_rank_q_reg[11]/D2   (p)     -      R     DFF4X1         1    -     -     0    2287    (-,-) 
#------------------------------------------------------------------------------------------------------------------------------------------------------------------------------------------

(p) : Instance is preserved but may be resized



Path 3: MET (7594 ps) Setup Check with Pin CDN_MBIT_pending_rank_q_reg[0]_MB_pending_rank_q_reg[1]_MB_pending_rank_q_reg[2]_MB_pending_rank_q_reg[3]/CK->D2
          Group: clk
     Startpoint: (R) CDN_MBIT_pending_rank_q_reg[12]_MB_pending_rank_q_reg[13]_MB_pending_rank_q_reg[14]_MB_pending_rank_q_reg[15]/CK
          Clock: (R) clk
       Endpoint: (R) CDN_MBIT_pending_rank_q_reg[0]_MB_pending_rank_q_reg[1]_MB_pending_rank_q_reg[2]_MB_pending_rank_q_reg[3]/D2
          Clock: (R) clk

                     Capture       Launch     
        Clock Edge:+   10000            0     
       Src Latency:+       0            0     
       Net Latency:+       0 (I)        0 (I) 
           Arrival:=   10000            0     
                                              
             Setup:-     119                  
     Required Time:=    9881                  
      Launch Clock:-       0                  
         Data Path:-    2287                  
             Slack:=    7594                  

#------------------------------------------------------------------------------------------------------------------------------------------------------------------------------------------
#                                                  Timing Point                                                    Flags    Arc   Edge   Cell     Fanout Load Trans Delay Arrival Instance 
#                                                                                                                                                        (fF)  (ps)  (ps)   (ps)  Location 
#------------------------------------------------------------------------------------------------------------------------------------------------------------------------------------------
  CDN_MBIT_pending_rank_q_reg[12]_MB_pending_rank_q_reg[13]_MB_pending_rank_q_reg[14]_MB_pending_rank_q_reg[15]/CK -       -      R     (arrival)     44    -     0     0       0    (-,-) 
  CDN_MBIT_pending_rank_q_reg[12]_MB_pending_rank_q_reg[13]_MB_pending_rank_q_reg[14]_MB_pending_rank_q_reg[15]/Q4 (p)     CK->Q4 F     DFF4X1         2  0.5    26   292     292    (-,-) 
  g6940__1666/Y                                                                                                    -       B0->Y  R     AOI21X1        3  0.8    69    62     355    (-,-) 
  g6916__6417/Y                                                                                                    -       A->Y   F     NAND4XL        2  0.7   278   270     624    (-,-) 
  g6909__6131/Y                                                                                                    -       B->Y   R     NOR2X1         2  0.6    80   185     810    (-,-) 
  g6904__1617/Y                                                                                                    -       AN->Y  R     NAND2BXL       2  0.4    40    88     897    (-,-) 
  g6900__8428/Y                                                                                                    -       AN->Y  R     NOR2BX1        1  0.4    69    97     994    (-,-) 
  g6890__6417/Y                                                                                                    -       B1->Y  F     OAI22X1        1  0.2    87    95    1090    (-,-) 
  g6884__9945/Y                                                                                                    -       A1N->Y F     OAI2BB1X1      6  2.2   153   168    1257    (-,-) 
  g6883/Y                                                                                                          -       A->Y   R     INVX1          4  1.6    66   113    1370    (-,-) 
  g6874__7098/Y                                                                                                    -       B1->Y  F     OAI22X1        1  0.4    99   100    1470    (-,-) 
  g6867__3680/Y                                                                                                    -       A1->Y  R     AOI22X1        2  0.8    92   127    1597    (-,-) 
  g6865__6783/Y                                                                                                    -       C0->Y  F     OAI221X1       1  0.4   156   178    1775    (-,-) 
  g6861__4319/Y                                                                                                    -       A2->Y  R     AOI32X1        1  0.4    80   153    1928    (-,-) 
  g6857__5477/Y                                                                                                    -       B->Y   F     NAND2X1        5  1.6   125   121    2050    (-,-) 
  g6851__9315/Y                                                                                                    -       A1N->Y F     OAI2BB1X1      4  0.8    94   143    2192    (-,-) 
  g6831__2398/Y                                                                                                    -       A1->Y  R     AOI21XL        1  0.2    56    94    2287    (-,-) 
  CDN_MBIT_pending_rank_q_reg[0]_MB_pending_rank_q_reg[1]_MB_pending_rank_q_reg[2]_MB_pending_rank_q_reg[3]/D2     (p)     -      R     DFF4X1         1    -     -     0    2287    (-,-) 
#------------------------------------------------------------------------------------------------------------------------------------------------------------------------------------------

(p) : Instance is preserved but may be resized



Path 4: MET (7594 ps) Setup Check with Pin CDN_MBIT_pending_rank_q_reg[12]_MB_pending_rank_q_reg[13]_MB_pending_rank_q_reg[14]_MB_pending_rank_q_reg[15]/CK->D2
          Group: clk
     Startpoint: (R) CDN_MBIT_pending_rank_q_reg[12]_MB_pending_rank_q_reg[13]_MB_pending_rank_q_reg[14]_MB_pending_rank_q_reg[15]/CK
          Clock: (R) clk
       Endpoint: (R) CDN_MBIT_pending_rank_q_reg[12]_MB_pending_rank_q_reg[13]_MB_pending_rank_q_reg[14]_MB_pending_rank_q_reg[15]/D2
          Clock: (R) clk

                     Capture       Launch     
        Clock Edge:+   10000            0     
       Src Latency:+       0            0     
       Net Latency:+       0 (I)        0 (I) 
           Arrival:=   10000            0     
                                              
             Setup:-     119                  
     Required Time:=    9881                  
      Launch Clock:-       0                  
         Data Path:-    2287                  
             Slack:=    7594                  

#------------------------------------------------------------------------------------------------------------------------------------------------------------------------------------------
#                                                  Timing Point                                                    Flags    Arc   Edge   Cell     Fanout Load Trans Delay Arrival Instance 
#                                                                                                                                                        (fF)  (ps)  (ps)   (ps)  Location 
#------------------------------------------------------------------------------------------------------------------------------------------------------------------------------------------
  CDN_MBIT_pending_rank_q_reg[12]_MB_pending_rank_q_reg[13]_MB_pending_rank_q_reg[14]_MB_pending_rank_q_reg[15]/CK -       -      R     (arrival)     44    -     0     0       0    (-,-) 
  CDN_MBIT_pending_rank_q_reg[12]_MB_pending_rank_q_reg[13]_MB_pending_rank_q_reg[14]_MB_pending_rank_q_reg[15]/Q4 (p)     CK->Q4 F     DFF4X1         2  0.5    26   292     292    (-,-) 
  g6940__1666/Y                                                                                                    -       B0->Y  R     AOI21X1        3  0.8    69    62     355    (-,-) 
  g6916__6417/Y                                                                                                    -       A->Y   F     NAND4XL        2  0.7   278   270     624    (-,-) 
  g6909__6131/Y                                                                                                    -       B->Y   R     NOR2X1         2  0.6    80   185     810    (-,-) 
  g6904__1617/Y                                                                                                    -       AN->Y  R     NAND2BXL       2  0.4    40    88     897    (-,-) 
  g6900__8428/Y                                                                                                    -       AN->Y  R     NOR2BX1        1  0.4    69    97     994    (-,-) 
  g6890__6417/Y                                                                                                    -       B1->Y  F     OAI22X1        1  0.2    87    95    1090    (-,-) 
  g6884__9945/Y                                                                                                    -       A1N->Y F     OAI2BB1X1      6  2.2   153   168    1257    (-,-) 
  g6883/Y                                                                                                          -       A->Y   R     INVX1          4  1.6    66   113    1370    (-,-) 
  g6874__7098/Y                                                                                                    -       B1->Y  F     OAI22X1        1  0.4    99   100    1470    (-,-) 
  g6867__3680/Y                                                                                                    -       A1->Y  R     AOI22X1        2  0.8    92   127    1597    (-,-) 
  g6865__6783/Y                                                                                                    -       C0->Y  F     OAI221X1       1  0.4   156   178    1775    (-,-) 
  g6861__4319/Y                                                                                                    -       A2->Y  R     AOI32X1        1  0.4    80   153    1928    (-,-) 
  g6857__5477/Y                                                                                                    -       B->Y   F     NAND2X1        5  1.6   125   121    2050    (-,-) 
  g6850__9945/Y                                                                                                    -       A1N->Y F     OAI2BB1X1      4  0.8    94   143    2192    (-,-) 
  g6840__7098/Y                                                                                                    -       A1->Y  R     AOI21XL        1  0.2    55    94    2287    (-,-) 
  CDN_MBIT_pending_rank_q_reg[12]_MB_pending_rank_q_reg[13]_MB_pending_rank_q_reg[14]_MB_pending_rank_q_reg[15]/D2 (p)     -      R     DFF4X1         1    -     -     0    2287    (-,-) 
#------------------------------------------------------------------------------------------------------------------------------------------------------------------------------------------

(p) : Instance is preserved but may be resized



Path 5: MET (7594 ps) Setup Check with Pin CDN_MBIT_pending_rank_q_reg[4]_MB_pending_rank_q_reg[5]_MB_pending_rank_q_reg[6]_MB_pending_rank_q_reg[7]/CK->D4
          Group: clk
     Startpoint: (R) CDN_MBIT_pending_rank_q_reg[12]_MB_pending_rank_q_reg[13]_MB_pending_rank_q_reg[14]_MB_pending_rank_q_reg[15]/CK
          Clock: (R) clk
       Endpoint: (R) CDN_MBIT_pending_rank_q_reg[4]_MB_pending_rank_q_reg[5]_MB_pending_rank_q_reg[6]_MB_pending_rank_q_reg[7]/D4
          Clock: (R) clk

                     Capture       Launch     
        Clock Edge:+   10000            0     
       Src Latency:+       0            0     
       Net Latency:+       0 (I)        0 (I) 
           Arrival:=   10000            0     
                                              
             Setup:-     119                  
     Required Time:=    9881                  
      Launch Clock:-       0                  
         Data Path:-    2287                  
             Slack:=    7594                  

#------------------------------------------------------------------------------------------------------------------------------------------------------------------------------------------
#                                                  Timing Point                                                    Flags    Arc   Edge   Cell     Fanout Load Trans Delay Arrival Instance 
#                                                                                                                                                        (fF)  (ps)  (ps)   (ps)  Location 
#------------------------------------------------------------------------------------------------------------------------------------------------------------------------------------------
  CDN_MBIT_pending_rank_q_reg[12]_MB_pending_rank_q_reg[13]_MB_pending_rank_q_reg[14]_MB_pending_rank_q_reg[15]/CK -       -      R     (arrival)     44    -     0     0       0    (-,-) 
  CDN_MBIT_pending_rank_q_reg[12]_MB_pending_rank_q_reg[13]_MB_pending_rank_q_reg[14]_MB_pending_rank_q_reg[15]/Q4 (p)     CK->Q4 F     DFF4X1         2  0.5    26   292     292    (-,-) 
  g6940__1666/Y                                                                                                    -       B0->Y  R     AOI21X1        3  0.8    69    62     355    (-,-) 
  g6916__6417/Y                                                                                                    -       A->Y   F     NAND4XL        2  0.7   278   270     624    (-,-) 
  g6909__6131/Y                                                                                                    -       B->Y   R     NOR2X1         2  0.6    80   185     810    (-,-) 
  g6904__1617/Y                                                                                                    -       AN->Y  R     NAND2BXL       2  0.4    40    88     897    (-,-) 
  g6900__8428/Y                                                                                                    -       AN->Y  R     NOR2BX1        1  0.4    69    97     994    (-,-) 
  g6890__6417/Y                                                                                                    -       B1->Y  F     OAI22X1        1  0.2    87    95    1090    (-,-) 
  g6884__9945/Y                                                                                                    -       A1N->Y F     OAI2BB1X1      6  2.2   153   168    1257    (-,-) 
  g6883/Y                                                                                                          -       A->Y   R     INVX1          4  1.6    66   113    1370    (-,-) 
  g6874__7098/Y                                                                                                    -       B1->Y  F     OAI22X1        1  0.4    99   100    1470    (-,-) 
  g6867__3680/Y                                                                                                    -       A1->Y  R     AOI22X1        2  0.8    92   127    1597    (-,-) 
  g6865__6783/Y                                                                                                    -       C0->Y  F     OAI221X1       1  0.4   156   178    1775    (-,-) 
  g6861__4319/Y                                                                                                    -       A2->Y  R     AOI32X1        1  0.4    80   153    1928    (-,-) 
  g6857__5477/Y                                                                                                    -       B->Y   F     NAND2X1        5  1.6   125   121    2050    (-,-) 
  g6851__9315/Y                                                                                                    -       A1N->Y F     OAI2BB1X1      4  0.8    94   143    2192    (-,-) 
  g6842__8428/Y                                                                                                    -       A1->Y  R     AOI21XL        1  0.2    55    94    2287    (-,-) 
  CDN_MBIT_pending_rank_q_reg[4]_MB_pending_rank_q_reg[5]_MB_pending_rank_q_reg[6]_MB_pending_rank_q_reg[7]/D4     (p)     -      R     DFF4X1         1    -     -     0    2287    (-,-) 
#------------------------------------------------------------------------------------------------------------------------------------------------------------------------------------------

(p) : Instance is preserved but may be resized



Path 6: MET (7595 ps) Setup Check with Pin CDN_MBIT_pending_rank_q_reg[8]_MB_pending_rank_q_reg[9]_MB_pending_rank_q_reg[10]_MB_pending_rank_q_reg[11]/CK->D4
          Group: clk
     Startpoint: (R) CDN_MBIT_pending_rank_q_reg[12]_MB_pending_rank_q_reg[13]_MB_pending_rank_q_reg[14]_MB_pending_rank_q_reg[15]/CK
          Clock: (R) clk
       Endpoint: (R) CDN_MBIT_pending_rank_q_reg[8]_MB_pending_rank_q_reg[9]_MB_pending_rank_q_reg[10]_MB_pending_rank_q_reg[11]/D4
          Clock: (R) clk

                     Capture       Launch     
        Clock Edge:+   10000            0     
       Src Latency:+       0            0     
       Net Latency:+       0 (I)        0 (I) 
           Arrival:=   10000            0     
                                              
             Setup:-     118                  
     Required Time:=    9882                  
      Launch Clock:-       0                  
         Data Path:-    2287                  
             Slack:=    7595                  

#------------------------------------------------------------------------------------------------------------------------------------------------------------------------------------------
#                                                  Timing Point                                                    Flags    Arc   Edge   Cell     Fanout Load Trans Delay Arrival Instance 
#                                                                                                                                                        (fF)  (ps)  (ps)   (ps)  Location 
#------------------------------------------------------------------------------------------------------------------------------------------------------------------------------------------
  CDN_MBIT_pending_rank_q_reg[12]_MB_pending_rank_q_reg[13]_MB_pending_rank_q_reg[14]_MB_pending_rank_q_reg[15]/CK -       -      R     (arrival)     44    -     0     0       0    (-,-) 
  CDN_MBIT_pending_rank_q_reg[12]_MB_pending_rank_q_reg[13]_MB_pending_rank_q_reg[14]_MB_pending_rank_q_reg[15]/Q4 (p)     CK->Q4 F     DFF4X1         2  0.5    26   292     292    (-,-) 
  g6940__1666/Y                                                                                                    -       B0->Y  R     AOI21X1        3  0.8    69    62     355    (-,-) 
  g6916__6417/Y                                                                                                    -       A->Y   F     NAND4XL        2  0.7   278   270     624    (-,-) 
  g6909__6131/Y                                                                                                    -       B->Y   R     NOR2X1         2  0.6    80   185     810    (-,-) 
  g6904__1617/Y                                                                                                    -       AN->Y  R     NAND2BXL       2  0.4    40    88     897    (-,-) 
  g6900__8428/Y                                                                                                    -       AN->Y  R     NOR2BX1        1  0.4    69    97     994    (-,-) 
  g6890__6417/Y                                                                                                    -       B1->Y  F     OAI22X1        1  0.2    87    95    1090    (-,-) 
  g6884__9945/Y                                                                                                    -       A1N->Y F     OAI2BB1X1      6  2.2   153   168    1257    (-,-) 
  g6883/Y                                                                                                          -       A->Y   R     INVX1          4  1.6    66   113    1370    (-,-) 
  g6874__7098/Y                                                                                                    -       B1->Y  F     OAI22X1        1  0.4    99   100    1470    (-,-) 
  g6867__3680/Y                                                                                                    -       A1->Y  R     AOI22X1        2  0.8    92   127    1597    (-,-) 
  g6865__6783/Y                                                                                                    -       C0->Y  F     OAI221X1       1  0.4   156   178    1775    (-,-) 
  g6861__4319/Y                                                                                                    -       A2->Y  R     AOI32X1        1  0.4    80   153    1928    (-,-) 
  g6857__5477/Y                                                                                                    -       B->Y   F     NAND2X1        5  1.6   125   121    2050    (-,-) 
  g6850__9945/Y                                                                                                    -       A1N->Y F     OAI2BB1X1      4  0.8    94   143    2192    (-,-) 
  g6843__5107/Y                                                                                                    -       A1->Y  R     AOI21XL        1  0.2    54    94    2287    (-,-) 
  CDN_MBIT_pending_rank_q_reg[8]_MB_pending_rank_q_reg[9]_MB_pending_rank_q_reg[10]_MB_pending_rank_q_reg[11]/D4   (p)     -      R     DFF4X1         1    -     -     0    2287    (-,-) 
#------------------------------------------------------------------------------------------------------------------------------------------------------------------------------------------

(p) : Instance is preserved but may be resized



Path 7: MET (7595 ps) Setup Check with Pin CDN_MBIT_pending_rank_q_reg[0]_MB_pending_rank_q_reg[1]_MB_pending_rank_q_reg[2]_MB_pending_rank_q_reg[3]/CK->D4
          Group: clk
     Startpoint: (R) CDN_MBIT_pending_rank_q_reg[12]_MB_pending_rank_q_reg[13]_MB_pending_rank_q_reg[14]_MB_pending_rank_q_reg[15]/CK
          Clock: (R) clk
       Endpoint: (R) CDN_MBIT_pending_rank_q_reg[0]_MB_pending_rank_q_reg[1]_MB_pending_rank_q_reg[2]_MB_pending_rank_q_reg[3]/D4
          Clock: (R) clk

                     Capture       Launch     
        Clock Edge:+   10000            0     
       Src Latency:+       0            0     
       Net Latency:+       0 (I)        0 (I) 
           Arrival:=   10000            0     
                                              
             Setup:-     118                  
     Required Time:=    9882                  
      Launch Clock:-       0                  
         Data Path:-    2287                  
             Slack:=    7595                  

#------------------------------------------------------------------------------------------------------------------------------------------------------------------------------------------
#                                                  Timing Point                                                    Flags    Arc   Edge   Cell     Fanout Load Trans Delay Arrival Instance 
#                                                                                                                                                        (fF)  (ps)  (ps)   (ps)  Location 
#------------------------------------------------------------------------------------------------------------------------------------------------------------------------------------------
  CDN_MBIT_pending_rank_q_reg[12]_MB_pending_rank_q_reg[13]_MB_pending_rank_q_reg[14]_MB_pending_rank_q_reg[15]/CK -       -      R     (arrival)     44    -     0     0       0    (-,-) 
  CDN_MBIT_pending_rank_q_reg[12]_MB_pending_rank_q_reg[13]_MB_pending_rank_q_reg[14]_MB_pending_rank_q_reg[15]/Q4 (p)     CK->Q4 F     DFF4X1         2  0.5    26   292     292    (-,-) 
  g6940__1666/Y                                                                                                    -       B0->Y  R     AOI21X1        3  0.8    69    62     355    (-,-) 
  g6916__6417/Y                                                                                                    -       A->Y   F     NAND4XL        2  0.7   278   270     624    (-,-) 
  g6909__6131/Y                                                                                                    -       B->Y   R     NOR2X1         2  0.6    80   185     810    (-,-) 
  g6904__1617/Y                                                                                                    -       AN->Y  R     NAND2BXL       2  0.4    40    88     897    (-,-) 
  g6900__8428/Y                                                                                                    -       AN->Y  R     NOR2BX1        1  0.4    69    97     994    (-,-) 
  g6890__6417/Y                                                                                                    -       B1->Y  F     OAI22X1        1  0.2    87    95    1090    (-,-) 
  g6884__9945/Y                                                                                                    -       A1N->Y F     OAI2BB1X1      6  2.2   153   168    1257    (-,-) 
  g6883/Y                                                                                                          -       A->Y   R     INVX1          4  1.6    66   113    1370    (-,-) 
  g6874__7098/Y                                                                                                    -       B1->Y  F     OAI22X1        1  0.4    99   100    1470    (-,-) 
  g6867__3680/Y                                                                                                    -       A1->Y  R     AOI22X1        2  0.8    92   127    1597    (-,-) 
  g6865__6783/Y                                                                                                    -       C0->Y  F     OAI221X1       1  0.4   156   178    1775    (-,-) 
  g6861__4319/Y                                                                                                    -       A2->Y  R     AOI32X1        1  0.4    80   153    1928    (-,-) 
  g6857__5477/Y                                                                                                    -       B->Y   F     NAND2X1        5  1.6   125   121    2050    (-,-) 
  g6851__9315/Y                                                                                                    -       A1N->Y F     OAI2BB1X1      4  0.8    94   143    2192    (-,-) 
  g6841__1881/Y                                                                                                    -       A1->Y  R     AOI21XL        1  0.2    54    94    2287    (-,-) 
  CDN_MBIT_pending_rank_q_reg[0]_MB_pending_rank_q_reg[1]_MB_pending_rank_q_reg[2]_MB_pending_rank_q_reg[3]/D4     (p)     -      R     DFF4X1         1    -     -     0    2287    (-,-) 
#------------------------------------------------------------------------------------------------------------------------------------------------------------------------------------------

(p) : Instance is preserved but may be resized



Path 8: MET (7595 ps) Setup Check with Pin CDN_MBIT_pending_rank_q_reg[12]_MB_pending_rank_q_reg[13]_MB_pending_rank_q_reg[14]_MB_pending_rank_q_reg[15]/CK->D4
          Group: clk
     Startpoint: (R) CDN_MBIT_pending_rank_q_reg[12]_MB_pending_rank_q_reg[13]_MB_pending_rank_q_reg[14]_MB_pending_rank_q_reg[15]/CK
          Clock: (R) clk
       Endpoint: (R) CDN_MBIT_pending_rank_q_reg[12]_MB_pending_rank_q_reg[13]_MB_pending_rank_q_reg[14]_MB_pending_rank_q_reg[15]/D4
          Clock: (R) clk

                     Capture       Launch     
        Clock Edge:+   10000            0     
       Src Latency:+       0            0     
       Net Latency:+       0 (I)        0 (I) 
           Arrival:=   10000            0     
                                              
             Setup:-     118                  
     Required Time:=    9882                  
      Launch Clock:-       0                  
         Data Path:-    2287                  
             Slack:=    7595                  

#------------------------------------------------------------------------------------------------------------------------------------------------------------------------------------------
#                                                  Timing Point                                                    Flags    Arc   Edge   Cell     Fanout Load Trans Delay Arrival Instance 
#                                                                                                                                                        (fF)  (ps)  (ps)   (ps)  Location 
#------------------------------------------------------------------------------------------------------------------------------------------------------------------------------------------
  CDN_MBIT_pending_rank_q_reg[12]_MB_pending_rank_q_reg[13]_MB_pending_rank_q_reg[14]_MB_pending_rank_q_reg[15]/CK -       -      R     (arrival)     44    -     0     0       0    (-,-) 
  CDN_MBIT_pending_rank_q_reg[12]_MB_pending_rank_q_reg[13]_MB_pending_rank_q_reg[14]_MB_pending_rank_q_reg[15]/Q4 (p)     CK->Q4 F     DFF4X1         2  0.5    26   292     292    (-,-) 
  g6940__1666/Y                                                                                                    -       B0->Y  R     AOI21X1        3  0.8    69    62     355    (-,-) 
  g6916__6417/Y                                                                                                    -       A->Y   F     NAND4XL        2  0.7   278   270     624    (-,-) 
  g6909__6131/Y                                                                                                    -       B->Y   R     NOR2X1         2  0.6    80   185     810    (-,-) 
  g6904__1617/Y                                                                                                    -       AN->Y  R     NAND2BXL       2  0.4    40    88     897    (-,-) 
  g6900__8428/Y                                                                                                    -       AN->Y  R     NOR2BX1        1  0.4    69    97     994    (-,-) 
  g6890__6417/Y                                                                                                    -       B1->Y  F     OAI22X1        1  0.2    87    95    1090    (-,-) 
  g6884__9945/Y                                                                                                    -       A1N->Y F     OAI2BB1X1      6  2.2   153   168    1257    (-,-) 
  g6883/Y                                                                                                          -       A->Y   R     INVX1          4  1.6    66   113    1370    (-,-) 
  g6874__7098/Y                                                                                                    -       B1->Y  F     OAI22X1        1  0.4    99   100    1470    (-,-) 
  g6867__3680/Y                                                                                                    -       A1->Y  R     AOI22X1        2  0.8    92   127    1597    (-,-) 
  g6865__6783/Y                                                                                                    -       C0->Y  F     OAI221X1       1  0.4   156   178    1775    (-,-) 
  g6861__4319/Y                                                                                                    -       A2->Y  R     AOI32X1        1  0.4    80   153    1928    (-,-) 
  g6857__5477/Y                                                                                                    -       B->Y   F     NAND2X1        5  1.6   125   121    2050    (-,-) 
  g6850__9945/Y                                                                                                    -       A1N->Y F     OAI2BB1X1      4  0.8    94   143    2192    (-,-) 
  g6836__8246/Y                                                                                                    -       A1->Y  R     AOI21XL        1  0.2    54    94    2287    (-,-) 
  CDN_MBIT_pending_rank_q_reg[12]_MB_pending_rank_q_reg[13]_MB_pending_rank_q_reg[14]_MB_pending_rank_q_reg[15]/D4 (p)     -      R     DFF4X1         1    -     -     0    2287    (-,-) 
#------------------------------------------------------------------------------------------------------------------------------------------------------------------------------------------

(p) : Instance is preserved but may be resized



Path 9: MET (7684 ps) Setup Check with Pin CDN_MBIT_pending_rank_q_reg[12]_MB_pending_rank_q_reg[13]_MB_pending_rank_q_reg[14]_MB_pending_rank_q_reg[15]/CK->D3
          Group: clk
     Startpoint: (R) CDN_MBIT_pending_rank_q_reg[12]_MB_pending_rank_q_reg[13]_MB_pending_rank_q_reg[14]_MB_pending_rank_q_reg[15]/CK
          Clock: (R) clk
       Endpoint: (F) CDN_MBIT_pending_rank_q_reg[12]_MB_pending_rank_q_reg[13]_MB_pending_rank_q_reg[14]_MB_pending_rank_q_reg[15]/D3
          Clock: (R) clk

                     Capture       Launch     
        Clock Edge:+   10000            0     
       Src Latency:+       0            0     
       Net Latency:+       0 (I)        0 (I) 
           Arrival:=   10000            0     
                                              
             Setup:-      31                  
     Required Time:=    9969                  
      Launch Clock:-       0                  
         Data Path:-    2285                  
             Slack:=    7684                  

#------------------------------------------------------------------------------------------------------------------------------------------------------------------------------------------
#                                                  Timing Point                                                    Flags    Arc   Edge   Cell     Fanout Load Trans Delay Arrival Instance 
#                                                                                                                                                        (fF)  (ps)  (ps)   (ps)  Location 
#------------------------------------------------------------------------------------------------------------------------------------------------------------------------------------------
  CDN_MBIT_pending_rank_q_reg[12]_MB_pending_rank_q_reg[13]_MB_pending_rank_q_reg[14]_MB_pending_rank_q_reg[15]/CK -       -      R     (arrival)     44    -     0     0       0    (-,-) 
  CDN_MBIT_pending_rank_q_reg[12]_MB_pending_rank_q_reg[13]_MB_pending_rank_q_reg[14]_MB_pending_rank_q_reg[15]/Q4 (p)     CK->Q4 F     DFF4X1         2  0.5    26   292     292    (-,-) 
  g6940__1666/Y                                                                                                    -       B0->Y  R     AOI21X1        3  0.8    69    62     355    (-,-) 
  g6916__6417/Y                                                                                                    -       A->Y   F     NAND4XL        2  0.7   278   270     624    (-,-) 
  g6909__6131/Y                                                                                                    -       B->Y   R     NOR2X1         2  0.6    80   185     810    (-,-) 
  g6904__1617/Y                                                                                                    -       AN->Y  R     NAND2BXL       2  0.4    40    88     897    (-,-) 
  g6900__8428/Y                                                                                                    -       AN->Y  R     NOR2BX1        1  0.4    69    97     994    (-,-) 
  g6890__6417/Y                                                                                                    -       B1->Y  F     OAI22X1        1  0.2    87    95    1090    (-,-) 
  g6884__9945/Y                                                                                                    -       A1N->Y F     OAI2BB1X1      6  2.2   153   168    1257    (-,-) 
  g6883/Y                                                                                                          -       A->Y   R     INVX1          4  1.6    66   113    1370    (-,-) 
  g6874__7098/Y                                                                                                    -       B1->Y  F     OAI22X1        1  0.4    99   100    1470    (-,-) 
  g6867__3680/Y                                                                                                    -       A1->Y  R     AOI22X1        2  0.8    92   127    1597    (-,-) 
  g6865__6783/Y                                                                                                    -       C0->Y  F     OAI221X1       1  0.4   156   178    1775    (-,-) 
  g6861__4319/Y                                                                                                    -       A2->Y  R     AOI32X1        1  0.4    80   153    1928    (-,-) 
  g6857__5477/Y                                                                                                    -       B->Y   F     NAND2X1        5  1.6   125   121    2050    (-,-) 
  g6847__4733/Y                                                                                                    -       A1->Y  R     OAI21X1        4  0.8    85   121    2171    (-,-) 
  g6838__1705/Y                                                                                                    -       A1->Y  F     AOI21XL        1  0.2    78   114    2285    (-,-) 
  CDN_MBIT_pending_rank_q_reg[12]_MB_pending_rank_q_reg[13]_MB_pending_rank_q_reg[14]_MB_pending_rank_q_reg[15]/D3 (p)     -      F     DFF4X1         1    -     -     0    2285    (-,-) 
#------------------------------------------------------------------------------------------------------------------------------------------------------------------------------------------

(p) : Instance is preserved but may be resized



Path 10: MET (7684 ps) Setup Check with Pin CDN_MBIT_pending_rank_q_reg[12]_MB_pending_rank_q_reg[13]_MB_pending_rank_q_reg[14]_MB_pending_rank_q_reg[15]/CK->D1
          Group: clk
     Startpoint: (R) CDN_MBIT_pending_rank_q_reg[12]_MB_pending_rank_q_reg[13]_MB_pending_rank_q_reg[14]_MB_pending_rank_q_reg[15]/CK
          Clock: (R) clk
       Endpoint: (F) CDN_MBIT_pending_rank_q_reg[12]_MB_pending_rank_q_reg[13]_MB_pending_rank_q_reg[14]_MB_pending_rank_q_reg[15]/D1
          Clock: (R) clk

                     Capture       Launch     
        Clock Edge:+   10000            0     
       Src Latency:+       0            0     
       Net Latency:+       0 (I)        0 (I) 
           Arrival:=   10000            0     
                                              
             Setup:-      31                  
     Required Time:=    9969                  
      Launch Clock:-       0                  
         Data Path:-    2285                  
             Slack:=    7684                  

#------------------------------------------------------------------------------------------------------------------------------------------------------------------------------------------
#                                                  Timing Point                                                    Flags    Arc   Edge   Cell     Fanout Load Trans Delay Arrival Instance 
#                                                                                                                                                        (fF)  (ps)  (ps)   (ps)  Location 
#------------------------------------------------------------------------------------------------------------------------------------------------------------------------------------------
  CDN_MBIT_pending_rank_q_reg[12]_MB_pending_rank_q_reg[13]_MB_pending_rank_q_reg[14]_MB_pending_rank_q_reg[15]/CK -       -      R     (arrival)     44    -     0     0       0    (-,-) 
  CDN_MBIT_pending_rank_q_reg[12]_MB_pending_rank_q_reg[13]_MB_pending_rank_q_reg[14]_MB_pending_rank_q_reg[15]/Q4 (p)     CK->Q4 F     DFF4X1         2  0.5    26   292     292    (-,-) 
  g6940__1666/Y                                                                                                    -       B0->Y  R     AOI21X1        3  0.8    69    62     355    (-,-) 
  g6916__6417/Y                                                                                                    -       A->Y   F     NAND4XL        2  0.7   278   270     624    (-,-) 
  g6909__6131/Y                                                                                                    -       B->Y   R     NOR2X1         2  0.6    80   185     810    (-,-) 
  g6904__1617/Y                                                                                                    -       AN->Y  R     NAND2BXL       2  0.4    40    88     897    (-,-) 
  g6900__8428/Y                                                                                                    -       AN->Y  R     NOR2BX1        1  0.4    69    97     994    (-,-) 
  g6890__6417/Y                                                                                                    -       B1->Y  F     OAI22X1        1  0.2    87    95    1090    (-,-) 
  g6884__9945/Y                                                                                                    -       A1N->Y F     OAI2BB1X1      6  2.2   153   168    1257    (-,-) 
  g6883/Y                                                                                                          -       A->Y   R     INVX1          4  1.6    66   113    1370    (-,-) 
  g6874__7098/Y                                                                                                    -       B1->Y  F     OAI22X1        1  0.4    99   100    1470    (-,-) 
  g6867__3680/Y                                                                                                    -       A1->Y  R     AOI22X1        2  0.8    92   127    1597    (-,-) 
  g6865__6783/Y                                                                                                    -       C0->Y  F     OAI221X1       1  0.4   156   178    1775    (-,-) 
  g6861__4319/Y                                                                                                    -       A2->Y  R     AOI32X1        1  0.4    80   153    1928    (-,-) 
  g6857__5477/Y                                                                                                    -       B->Y   F     NAND2X1        5  1.6   125   121    2050    (-,-) 
  g6847__4733/Y                                                                                                    -       A1->Y  R     OAI21X1        4  0.8    85   121    2171    (-,-) 
  g6839__5122/Y                                                                                                    -       A1->Y  F     AOI21XL        1  0.2    78   114    2285    (-,-) 
  CDN_MBIT_pending_rank_q_reg[12]_MB_pending_rank_q_reg[13]_MB_pending_rank_q_reg[14]_MB_pending_rank_q_reg[15]/D1 (p)     -      F     DFF4X1         1    -     -     0    2285    (-,-) 
#------------------------------------------------------------------------------------------------------------------------------------------------------------------------------------------

(p) : Instance is preserved but may be resized



Path 11: MET (7684 ps) Setup Check with Pin CDN_MBIT_pending_rank_q_reg[8]_MB_pending_rank_q_reg[9]_MB_pending_rank_q_reg[10]_MB_pending_rank_q_reg[11]/CK->D3
          Group: clk
     Startpoint: (R) CDN_MBIT_pending_rank_q_reg[12]_MB_pending_rank_q_reg[13]_MB_pending_rank_q_reg[14]_MB_pending_rank_q_reg[15]/CK
          Clock: (R) clk
       Endpoint: (F) CDN_MBIT_pending_rank_q_reg[8]_MB_pending_rank_q_reg[9]_MB_pending_rank_q_reg[10]_MB_pending_rank_q_reg[11]/D3
          Clock: (R) clk

                     Capture       Launch     
        Clock Edge:+   10000            0     
       Src Latency:+       0            0     
       Net Latency:+       0 (I)        0 (I) 
           Arrival:=   10000            0     
                                              
             Setup:-      31                  
     Required Time:=    9969                  
      Launch Clock:-       0                  
         Data Path:-    2285                  
             Slack:=    7684                  

#------------------------------------------------------------------------------------------------------------------------------------------------------------------------------------------
#                                                  Timing Point                                                    Flags    Arc   Edge   Cell     Fanout Load Trans Delay Arrival Instance 
#                                                                                                                                                        (fF)  (ps)  (ps)   (ps)  Location 
#------------------------------------------------------------------------------------------------------------------------------------------------------------------------------------------
  CDN_MBIT_pending_rank_q_reg[12]_MB_pending_rank_q_reg[13]_MB_pending_rank_q_reg[14]_MB_pending_rank_q_reg[15]/CK -       -      R     (arrival)     44    -     0     0       0    (-,-) 
  CDN_MBIT_pending_rank_q_reg[12]_MB_pending_rank_q_reg[13]_MB_pending_rank_q_reg[14]_MB_pending_rank_q_reg[15]/Q4 (p)     CK->Q4 F     DFF4X1         2  0.5    26   292     292    (-,-) 
  g6940__1666/Y                                                                                                    -       B0->Y  R     AOI21X1        3  0.8    69    62     355    (-,-) 
  g6916__6417/Y                                                                                                    -       A->Y   F     NAND4XL        2  0.7   278   270     624    (-,-) 
  g6909__6131/Y                                                                                                    -       B->Y   R     NOR2X1         2  0.6    80   185     810    (-,-) 
  g6904__1617/Y                                                                                                    -       AN->Y  R     NAND2BXL       2  0.4    40    88     897    (-,-) 
  g6900__8428/Y                                                                                                    -       AN->Y  R     NOR2BX1        1  0.4    69    97     994    (-,-) 
  g6890__6417/Y                                                                                                    -       B1->Y  F     OAI22X1        1  0.2    87    95    1090    (-,-) 
  g6884__9945/Y                                                                                                    -       A1N->Y F     OAI2BB1X1      6  2.2   153   168    1257    (-,-) 
  g6883/Y                                                                                                          -       A->Y   R     INVX1          4  1.6    66   113    1370    (-,-) 
  g6874__7098/Y                                                                                                    -       B1->Y  F     OAI22X1        1  0.4    99   100    1470    (-,-) 
  g6867__3680/Y                                                                                                    -       A1->Y  R     AOI22X1        2  0.8    92   127    1597    (-,-) 
  g6865__6783/Y                                                                                                    -       C0->Y  F     OAI221X1       1  0.4   156   178    1775    (-,-) 
  g6861__4319/Y                                                                                                    -       A2->Y  R     AOI32X1        1  0.4    80   153    1928    (-,-) 
  g6857__5477/Y                                                                                                    -       B->Y   F     NAND2X1        5  1.6   125   121    2050    (-,-) 
  g6847__4733/Y                                                                                                    -       A1->Y  R     OAI21X1        4  0.8    85   121    2171    (-,-) 
  g6837__2802/Y                                                                                                    -       A1->Y  F     AOI21XL        1  0.2    78   114    2285    (-,-) 
  CDN_MBIT_pending_rank_q_reg[8]_MB_pending_rank_q_reg[9]_MB_pending_rank_q_reg[10]_MB_pending_rank_q_reg[11]/D3   (p)     -      F     DFF4X1         1    -     -     0    2285    (-,-) 
#------------------------------------------------------------------------------------------------------------------------------------------------------------------------------------------

(p) : Instance is preserved but may be resized



Path 12: MET (7684 ps) Setup Check with Pin CDN_MBIT_pending_rank_q_reg[8]_MB_pending_rank_q_reg[9]_MB_pending_rank_q_reg[10]_MB_pending_rank_q_reg[11]/CK->D1
          Group: clk
     Startpoint: (R) CDN_MBIT_pending_rank_q_reg[12]_MB_pending_rank_q_reg[13]_MB_pending_rank_q_reg[14]_MB_pending_rank_q_reg[15]/CK
          Clock: (R) clk
       Endpoint: (F) CDN_MBIT_pending_rank_q_reg[8]_MB_pending_rank_q_reg[9]_MB_pending_rank_q_reg[10]_MB_pending_rank_q_reg[11]/D1
          Clock: (R) clk

                     Capture       Launch     
        Clock Edge:+   10000            0     
       Src Latency:+       0            0     
       Net Latency:+       0 (I)        0 (I) 
           Arrival:=   10000            0     
                                              
             Setup:-      31                  
     Required Time:=    9969                  
      Launch Clock:-       0                  
         Data Path:-    2285                  
             Slack:=    7684                  

#------------------------------------------------------------------------------------------------------------------------------------------------------------------------------------------
#                                                  Timing Point                                                    Flags    Arc   Edge   Cell     Fanout Load Trans Delay Arrival Instance 
#                                                                                                                                                        (fF)  (ps)  (ps)   (ps)  Location 
#------------------------------------------------------------------------------------------------------------------------------------------------------------------------------------------
  CDN_MBIT_pending_rank_q_reg[12]_MB_pending_rank_q_reg[13]_MB_pending_rank_q_reg[14]_MB_pending_rank_q_reg[15]/CK -       -      R     (arrival)     44    -     0     0       0    (-,-) 
  CDN_MBIT_pending_rank_q_reg[12]_MB_pending_rank_q_reg[13]_MB_pending_rank_q_reg[14]_MB_pending_rank_q_reg[15]/Q4 (p)     CK->Q4 F     DFF4X1         2  0.5    26   292     292    (-,-) 
  g6940__1666/Y                                                                                                    -       B0->Y  R     AOI21X1        3  0.8    69    62     355    (-,-) 
  g6916__6417/Y                                                                                                    -       A->Y   F     NAND4XL        2  0.7   278   270     624    (-,-) 
  g6909__6131/Y                                                                                                    -       B->Y   R     NOR2X1         2  0.6    80   185     810    (-,-) 
  g6904__1617/Y                                                                                                    -       AN->Y  R     NAND2BXL       2  0.4    40    88     897    (-,-) 
  g6900__8428/Y                                                                                                    -       AN->Y  R     NOR2BX1        1  0.4    69    97     994    (-,-) 
  g6890__6417/Y                                                                                                    -       B1->Y  F     OAI22X1        1  0.2    87    95    1090    (-,-) 
  g6884__9945/Y                                                                                                    -       A1N->Y F     OAI2BB1X1      6  2.2   153   168    1257    (-,-) 
  g6883/Y                                                                                                          -       A->Y   R     INVX1          4  1.6    66   113    1370    (-,-) 
  g6874__7098/Y                                                                                                    -       B1->Y  F     OAI22X1        1  0.4    99   100    1470    (-,-) 
  g6867__3680/Y                                                                                                    -       A1->Y  R     AOI22X1        2  0.8    92   127    1597    (-,-) 
  g6865__6783/Y                                                                                                    -       C0->Y  F     OAI221X1       1  0.4   156   178    1775    (-,-) 
  g6861__4319/Y                                                                                                    -       A2->Y  R     AOI32X1        1  0.4    80   153    1928    (-,-) 
  g6857__5477/Y                                                                                                    -       B->Y   F     NAND2X1        5  1.6   125   121    2050    (-,-) 
  g6847__4733/Y                                                                                                    -       A1->Y  R     OAI21X1        4  0.8    85   121    2171    (-,-) 
  g6832__4319/Y                                                                                                    -       A1->Y  F     AOI21XL        1  0.2    78   114    2285    (-,-) 
  CDN_MBIT_pending_rank_q_reg[8]_MB_pending_rank_q_reg[9]_MB_pending_rank_q_reg[10]_MB_pending_rank_q_reg[11]/D1   (p)     -      F     DFF4X1         1    -     -     0    2285    (-,-) 
#------------------------------------------------------------------------------------------------------------------------------------------------------------------------------------------

(p) : Instance is preserved but may be resized



Path 13: MET (7684 ps) Setup Check with Pin CDN_MBIT_pending_rank_q_reg[4]_MB_pending_rank_q_reg[5]_MB_pending_rank_q_reg[6]_MB_pending_rank_q_reg[7]/CK->D3
          Group: clk
     Startpoint: (R) CDN_MBIT_pending_rank_q_reg[12]_MB_pending_rank_q_reg[13]_MB_pending_rank_q_reg[14]_MB_pending_rank_q_reg[15]/CK
          Clock: (R) clk
       Endpoint: (F) CDN_MBIT_pending_rank_q_reg[4]_MB_pending_rank_q_reg[5]_MB_pending_rank_q_reg[6]_MB_pending_rank_q_reg[7]/D3
          Clock: (R) clk

                     Capture       Launch     
        Clock Edge:+   10000            0     
       Src Latency:+       0            0     
       Net Latency:+       0 (I)        0 (I) 
           Arrival:=   10000            0     
                                              
             Setup:-      31                  
     Required Time:=    9969                  
      Launch Clock:-       0                  
         Data Path:-    2285                  
             Slack:=    7684                  

#------------------------------------------------------------------------------------------------------------------------------------------------------------------------------------------
#                                                  Timing Point                                                    Flags    Arc   Edge   Cell     Fanout Load Trans Delay Arrival Instance 
#                                                                                                                                                        (fF)  (ps)  (ps)   (ps)  Location 
#------------------------------------------------------------------------------------------------------------------------------------------------------------------------------------------
  CDN_MBIT_pending_rank_q_reg[12]_MB_pending_rank_q_reg[13]_MB_pending_rank_q_reg[14]_MB_pending_rank_q_reg[15]/CK -       -      R     (arrival)     44    -     0     0       0    (-,-) 
  CDN_MBIT_pending_rank_q_reg[12]_MB_pending_rank_q_reg[13]_MB_pending_rank_q_reg[14]_MB_pending_rank_q_reg[15]/Q4 (p)     CK->Q4 F     DFF4X1         2  0.5    26   292     292    (-,-) 
  g6940__1666/Y                                                                                                    -       B0->Y  R     AOI21X1        3  0.8    69    62     355    (-,-) 
  g6916__6417/Y                                                                                                    -       A->Y   F     NAND4XL        2  0.7   278   270     624    (-,-) 
  g6909__6131/Y                                                                                                    -       B->Y   R     NOR2X1         2  0.6    80   185     810    (-,-) 
  g6904__1617/Y                                                                                                    -       AN->Y  R     NAND2BXL       2  0.4    40    88     897    (-,-) 
  g6900__8428/Y                                                                                                    -       AN->Y  R     NOR2BX1        1  0.4    69    97     994    (-,-) 
  g6890__6417/Y                                                                                                    -       B1->Y  F     OAI22X1        1  0.2    87    95    1090    (-,-) 
  g6884__9945/Y                                                                                                    -       A1N->Y F     OAI2BB1X1      6  2.2   153   168    1257    (-,-) 
  g6883/Y                                                                                                          -       A->Y   R     INVX1          4  1.6    66   113    1370    (-,-) 
  g6874__7098/Y                                                                                                    -       B1->Y  F     OAI22X1        1  0.4    99   100    1470    (-,-) 
  g6867__3680/Y                                                                                                    -       A1->Y  R     AOI22X1        2  0.8    92   127    1597    (-,-) 
  g6865__6783/Y                                                                                                    -       C0->Y  F     OAI221X1       1  0.4   156   178    1775    (-,-) 
  g6861__4319/Y                                                                                                    -       A2->Y  R     AOI32X1        1  0.4    80   153    1928    (-,-) 
  g6857__5477/Y                                                                                                    -       B->Y   F     NAND2X1        5  1.6   125   121    2050    (-,-) 
  g6846__7482/Y                                                                                                    -       A1->Y  R     OAI21X1        4  0.8    85   121    2171    (-,-) 
  g6834__6783/Y                                                                                                    -       A1->Y  F     AOI21XL        1  0.2    78   114    2285    (-,-) 
  CDN_MBIT_pending_rank_q_reg[4]_MB_pending_rank_q_reg[5]_MB_pending_rank_q_reg[6]_MB_pending_rank_q_reg[7]/D3     (p)     -      F     DFF4X1         1    -     -     0    2285    (-,-) 
#------------------------------------------------------------------------------------------------------------------------------------------------------------------------------------------

(p) : Instance is preserved but may be resized



Path 14: MET (7684 ps) Setup Check with Pin CDN_MBIT_pending_rank_q_reg[4]_MB_pending_rank_q_reg[5]_MB_pending_rank_q_reg[6]_MB_pending_rank_q_reg[7]/CK->D1
          Group: clk
     Startpoint: (R) CDN_MBIT_pending_rank_q_reg[12]_MB_pending_rank_q_reg[13]_MB_pending_rank_q_reg[14]_MB_pending_rank_q_reg[15]/CK
          Clock: (R) clk
       Endpoint: (F) CDN_MBIT_pending_rank_q_reg[4]_MB_pending_rank_q_reg[5]_MB_pending_rank_q_reg[6]_MB_pending_rank_q_reg[7]/D1
          Clock: (R) clk

                     Capture       Launch     
        Clock Edge:+   10000            0     
       Src Latency:+       0            0     
       Net Latency:+       0 (I)        0 (I) 
           Arrival:=   10000            0     
                                              
             Setup:-      31                  
     Required Time:=    9969                  
      Launch Clock:-       0                  
         Data Path:-    2285                  
             Slack:=    7684                  

#------------------------------------------------------------------------------------------------------------------------------------------------------------------------------------------
#                                                  Timing Point                                                    Flags    Arc   Edge   Cell     Fanout Load Trans Delay Arrival Instance 
#                                                                                                                                                        (fF)  (ps)  (ps)   (ps)  Location 
#------------------------------------------------------------------------------------------------------------------------------------------------------------------------------------------
  CDN_MBIT_pending_rank_q_reg[12]_MB_pending_rank_q_reg[13]_MB_pending_rank_q_reg[14]_MB_pending_rank_q_reg[15]/CK -       -      R     (arrival)     44    -     0     0       0    (-,-) 
  CDN_MBIT_pending_rank_q_reg[12]_MB_pending_rank_q_reg[13]_MB_pending_rank_q_reg[14]_MB_pending_rank_q_reg[15]/Q4 (p)     CK->Q4 F     DFF4X1         2  0.5    26   292     292    (-,-) 
  g6940__1666/Y                                                                                                    -       B0->Y  R     AOI21X1        3  0.8    69    62     355    (-,-) 
  g6916__6417/Y                                                                                                    -       A->Y   F     NAND4XL        2  0.7   278   270     624    (-,-) 
  g6909__6131/Y                                                                                                    -       B->Y   R     NOR2X1         2  0.6    80   185     810    (-,-) 
  g6904__1617/Y                                                                                                    -       AN->Y  R     NAND2BXL       2  0.4    40    88     897    (-,-) 
  g6900__8428/Y                                                                                                    -       AN->Y  R     NOR2BX1        1  0.4    69    97     994    (-,-) 
  g6890__6417/Y                                                                                                    -       B1->Y  F     OAI22X1        1  0.2    87    95    1090    (-,-) 
  g6884__9945/Y                                                                                                    -       A1N->Y F     OAI2BB1X1      6  2.2   153   168    1257    (-,-) 
  g6883/Y                                                                                                          -       A->Y   R     INVX1          4  1.6    66   113    1370    (-,-) 
  g6874__7098/Y                                                                                                    -       B1->Y  F     OAI22X1        1  0.4    99   100    1470    (-,-) 
  g6867__3680/Y                                                                                                    -       A1->Y  R     AOI22X1        2  0.8    92   127    1597    (-,-) 
  g6865__6783/Y                                                                                                    -       C0->Y  F     OAI221X1       1  0.4   156   178    1775    (-,-) 
  g6861__4319/Y                                                                                                    -       A2->Y  R     AOI32X1        1  0.4    80   153    1928    (-,-) 
  g6857__5477/Y                                                                                                    -       B->Y   F     NAND2X1        5  1.6   125   121    2050    (-,-) 
  g6846__7482/Y                                                                                                    -       A1->Y  R     OAI21X1        4  0.8    85   121    2171    (-,-) 
  g6828__1617/Y                                                                                                    -       A1->Y  F     AOI21XL        1  0.2    78   114    2285    (-,-) 
  CDN_MBIT_pending_rank_q_reg[4]_MB_pending_rank_q_reg[5]_MB_pending_rank_q_reg[6]_MB_pending_rank_q_reg[7]/D1     (p)     -      F     DFF4X1         1    -     -     0    2285    (-,-) 
#------------------------------------------------------------------------------------------------------------------------------------------------------------------------------------------

(p) : Instance is preserved but may be resized



Path 15: MET (7684 ps) Setup Check with Pin CDN_MBIT_pending_rank_q_reg[0]_MB_pending_rank_q_reg[1]_MB_pending_rank_q_reg[2]_MB_pending_rank_q_reg[3]/CK->D3
          Group: clk
     Startpoint: (R) CDN_MBIT_pending_rank_q_reg[12]_MB_pending_rank_q_reg[13]_MB_pending_rank_q_reg[14]_MB_pending_rank_q_reg[15]/CK
          Clock: (R) clk
       Endpoint: (F) CDN_MBIT_pending_rank_q_reg[0]_MB_pending_rank_q_reg[1]_MB_pending_rank_q_reg[2]_MB_pending_rank_q_reg[3]/D3
          Clock: (R) clk

                     Capture       Launch     
        Clock Edge:+   10000            0     
       Src Latency:+       0            0     
       Net Latency:+       0 (I)        0 (I) 
           Arrival:=   10000            0     
                                              
             Setup:-      31                  
     Required Time:=    9969                  
      Launch Clock:-       0                  
         Data Path:-    2285                  
             Slack:=    7684                  

#------------------------------------------------------------------------------------------------------------------------------------------------------------------------------------------
#                                                  Timing Point                                                    Flags    Arc   Edge   Cell     Fanout Load Trans Delay Arrival Instance 
#                                                                                                                                                        (fF)  (ps)  (ps)   (ps)  Location 
#------------------------------------------------------------------------------------------------------------------------------------------------------------------------------------------
  CDN_MBIT_pending_rank_q_reg[12]_MB_pending_rank_q_reg[13]_MB_pending_rank_q_reg[14]_MB_pending_rank_q_reg[15]/CK -       -      R     (arrival)     44    -     0     0       0    (-,-) 
  CDN_MBIT_pending_rank_q_reg[12]_MB_pending_rank_q_reg[13]_MB_pending_rank_q_reg[14]_MB_pending_rank_q_reg[15]/Q4 (p)     CK->Q4 F     DFF4X1         2  0.5    26   292     292    (-,-) 
  g6940__1666/Y                                                                                                    -       B0->Y  R     AOI21X1        3  0.8    69    62     355    (-,-) 
  g6916__6417/Y                                                                                                    -       A->Y   F     NAND4XL        2  0.7   278   270     624    (-,-) 
  g6909__6131/Y                                                                                                    -       B->Y   R     NOR2X1         2  0.6    80   185     810    (-,-) 
  g6904__1617/Y                                                                                                    -       AN->Y  R     NAND2BXL       2  0.4    40    88     897    (-,-) 
  g6900__8428/Y                                                                                                    -       AN->Y  R     NOR2BX1        1  0.4    69    97     994    (-,-) 
  g6890__6417/Y                                                                                                    -       B1->Y  F     OAI22X1        1  0.2    87    95    1090    (-,-) 
  g6884__9945/Y                                                                                                    -       A1N->Y F     OAI2BB1X1      6  2.2   153   168    1257    (-,-) 
  g6883/Y                                                                                                          -       A->Y   R     INVX1          4  1.6    66   113    1370    (-,-) 
  g6874__7098/Y                                                                                                    -       B1->Y  F     OAI22X1        1  0.4    99   100    1470    (-,-) 
  g6867__3680/Y                                                                                                    -       A1->Y  R     AOI22X1        2  0.8    92   127    1597    (-,-) 
  g6865__6783/Y                                                                                                    -       C0->Y  F     OAI221X1       1  0.4   156   178    1775    (-,-) 
  g6861__4319/Y                                                                                                    -       A2->Y  R     AOI32X1        1  0.4    80   153    1928    (-,-) 
  g6857__5477/Y                                                                                                    -       B->Y   F     NAND2X1        5  1.6   125   121    2050    (-,-) 
  g6846__7482/Y                                                                                                    -       A1->Y  R     OAI21X1        4  0.8    85   121    2171    (-,-) 
  g6829__3680/Y                                                                                                    -       A1->Y  F     AOI21XL        1  0.2    78   114    2285    (-,-) 
  CDN_MBIT_pending_rank_q_reg[0]_MB_pending_rank_q_reg[1]_MB_pending_rank_q_reg[2]_MB_pending_rank_q_reg[3]/D3     (p)     -      F     DFF4X1         1    -     -     0    2285    (-,-) 
#------------------------------------------------------------------------------------------------------------------------------------------------------------------------------------------

(p) : Instance is preserved but may be resized



Path 16: MET (7684 ps) Setup Check with Pin CDN_MBIT_pending_rank_q_reg[0]_MB_pending_rank_q_reg[1]_MB_pending_rank_q_reg[2]_MB_pending_rank_q_reg[3]/CK->D1
          Group: clk
     Startpoint: (R) CDN_MBIT_pending_rank_q_reg[12]_MB_pending_rank_q_reg[13]_MB_pending_rank_q_reg[14]_MB_pending_rank_q_reg[15]/CK
          Clock: (R) clk
       Endpoint: (F) CDN_MBIT_pending_rank_q_reg[0]_MB_pending_rank_q_reg[1]_MB_pending_rank_q_reg[2]_MB_pending_rank_q_reg[3]/D1
          Clock: (R) clk

                     Capture       Launch     
        Clock Edge:+   10000            0     
       Src Latency:+       0            0     
       Net Latency:+       0 (I)        0 (I) 
           Arrival:=   10000            0     
                                              
             Setup:-      31                  
     Required Time:=    9969                  
      Launch Clock:-       0                  
         Data Path:-    2285                  
             Slack:=    7684                  

#------------------------------------------------------------------------------------------------------------------------------------------------------------------------------------------
#                                                  Timing Point                                                    Flags    Arc   Edge   Cell     Fanout Load Trans Delay Arrival Instance 
#                                                                                                                                                        (fF)  (ps)  (ps)   (ps)  Location 
#------------------------------------------------------------------------------------------------------------------------------------------------------------------------------------------
  CDN_MBIT_pending_rank_q_reg[12]_MB_pending_rank_q_reg[13]_MB_pending_rank_q_reg[14]_MB_pending_rank_q_reg[15]/CK -       -      R     (arrival)     44    -     0     0       0    (-,-) 
  CDN_MBIT_pending_rank_q_reg[12]_MB_pending_rank_q_reg[13]_MB_pending_rank_q_reg[14]_MB_pending_rank_q_reg[15]/Q4 (p)     CK->Q4 F     DFF4X1         2  0.5    26   292     292    (-,-) 
  g6940__1666/Y                                                                                                    -       B0->Y  R     AOI21X1        3  0.8    69    62     355    (-,-) 
  g6916__6417/Y                                                                                                    -       A->Y   F     NAND4XL        2  0.7   278   270     624    (-,-) 
  g6909__6131/Y                                                                                                    -       B->Y   R     NOR2X1         2  0.6    80   185     810    (-,-) 
  g6904__1617/Y                                                                                                    -       AN->Y  R     NAND2BXL       2  0.4    40    88     897    (-,-) 
  g6900__8428/Y                                                                                                    -       AN->Y  R     NOR2BX1        1  0.4    69    97     994    (-,-) 
  g6890__6417/Y                                                                                                    -       B1->Y  F     OAI22X1        1  0.2    87    95    1090    (-,-) 
  g6884__9945/Y                                                                                                    -       A1N->Y F     OAI2BB1X1      6  2.2   153   168    1257    (-,-) 
  g6883/Y                                                                                                          -       A->Y   R     INVX1          4  1.6    66   113    1370    (-,-) 
  g6874__7098/Y                                                                                                    -       B1->Y  F     OAI22X1        1  0.4    99   100    1470    (-,-) 
  g6867__3680/Y                                                                                                    -       A1->Y  R     AOI22X1        2  0.8    92   127    1597    (-,-) 
  g6865__6783/Y                                                                                                    -       C0->Y  F     OAI221X1       1  0.4   156   178    1775    (-,-) 
  g6861__4319/Y                                                                                                    -       A2->Y  R     AOI32X1        1  0.4    80   153    1928    (-,-) 
  g6857__5477/Y                                                                                                    -       B->Y   F     NAND2X1        5  1.6   125   121    2050    (-,-) 
  g6846__7482/Y                                                                                                    -       A1->Y  R     OAI21X1        4  0.8    85   121    2171    (-,-) 
  g6830__6131/Y                                                                                                    -       A1->Y  F     AOI21XL        1  0.2    78   114    2285    (-,-) 
  CDN_MBIT_pending_rank_q_reg[0]_MB_pending_rank_q_reg[1]_MB_pending_rank_q_reg[2]_MB_pending_rank_q_reg[3]/D1     (p)     -      F     DFF4X1         1    -     -     0    2285    (-,-) 
#------------------------------------------------------------------------------------------------------------------------------------------------------------------------------------------

(p) : Instance is preserved but may be resized



Path 17: MET (7724 ps) Setup Check with Pin CDN_MBIT_out_rank_q_reg[0]_MB_out_rank_q_reg[1]_MB_out_rank_q_reg[2]_MB_out_rank_q_reg[3]/CK->D1
          Group: clk
     Startpoint: (R) CDN_MBIT_pending_rank_q_reg[12]_MB_pending_rank_q_reg[13]_MB_pending_rank_q_reg[14]_MB_pending_rank_q_reg[15]/CK
          Clock: (R) clk
       Endpoint: (F) CDN_MBIT_out_rank_q_reg[0]_MB_out_rank_q_reg[1]_MB_out_rank_q_reg[2]_MB_out_rank_q_reg[3]/D1
          Clock: (R) clk

                     Capture       Launch     
        Clock Edge:+   10000            0     
       Src Latency:+       0            0     
       Net Latency:+       0 (I)        0 (I) 
           Arrival:=   10000            0     
                                              
             Setup:-      19                  
     Required Time:=    9981                  
      Launch Clock:-       0                  
         Data Path:-    2256                  
             Slack:=    7724                  

#------------------------------------------------------------------------------------------------------------------------------------------------------------------------------------------
#                                                  Timing Point                                                    Flags    Arc   Edge   Cell     Fanout Load Trans Delay Arrival Instance 
#                                                                                                                                                        (fF)  (ps)  (ps)   (ps)  Location 
#------------------------------------------------------------------------------------------------------------------------------------------------------------------------------------------
  CDN_MBIT_pending_rank_q_reg[12]_MB_pending_rank_q_reg[13]_MB_pending_rank_q_reg[14]_MB_pending_rank_q_reg[15]/CK -       -      R     (arrival)     44    -     0     0       0    (-,-) 
  CDN_MBIT_pending_rank_q_reg[12]_MB_pending_rank_q_reg[13]_MB_pending_rank_q_reg[14]_MB_pending_rank_q_reg[15]/Q4 (p)     CK->Q4 F     DFF4X1         2  0.5    26   292     292    (-,-) 
  g6940__1666/Y                                                                                                    -       B0->Y  R     AOI21X1        3  0.8    69    62     355    (-,-) 
  g6916__6417/Y                                                                                                    -       A->Y   F     NAND4XL        2  0.7   278   270     624    (-,-) 
  g6909__6131/Y                                                                                                    -       B->Y   R     NOR2X1         2  0.6    80   185     810    (-,-) 
  g6904__1617/Y                                                                                                    -       AN->Y  R     NAND2BXL       2  0.4    40    88     897    (-,-) 
  g6900__8428/Y                                                                                                    -       AN->Y  R     NOR2BX1        1  0.4    69    97     994    (-,-) 
  g6890__6417/Y                                                                                                    -       B1->Y  F     OAI22X1        1  0.2    87    95    1090    (-,-) 
  g6884__9945/Y                                                                                                    -       A1N->Y F     OAI2BB1X1      6  2.2   153   168    1257    (-,-) 
  g6883/Y                                                                                                          -       A->Y   R     INVX1          4  1.6    66   113    1370    (-,-) 
  g6874__7098/Y                                                                                                    -       B1->Y  F     OAI22X1        1  0.4    99   100    1470    (-,-) 
  g6867__3680/Y                                                                                                    -       A1->Y  R     AOI22X1        2  0.8    92   127    1597    (-,-) 
  g6865__6783/Y                                                                                                    -       C0->Y  F     OAI221X1       1  0.4   156   178    1775    (-,-) 
  g6861__4319/Y                                                                                                    -       A2->Y  R     AOI32X1        1  0.4    80   153    1928    (-,-) 
  g6857__5477/Y                                                                                                    -       B->Y   F     NAND2X1        5  1.6   125   121    2050    (-,-) 
  g6849__6161/Y                                                                                                    -       A1->Y  R     AOI22X1        1  0.4    74   131    2180    (-,-) 
  g6845__5115/Y                                                                                                    -       B->Y   F     NAND2X1        1  0.2    52    76    2256    (-,-) 
  CDN_MBIT_out_rank_q_reg[0]_MB_out_rank_q_reg[1]_MB_out_rank_q_reg[2]_MB_out_rank_q_reg[3]/D1                     (p)     -      F     DFF4X1         1    -     -     0    2256    (-,-) 
#------------------------------------------------------------------------------------------------------------------------------------------------------------------------------------------

(p) : Instance is preserved but may be resized



Path 18: MET (7907 ps) Setup Check with Pin CDN_MBIT_out_rank_q_reg[0]_MB_out_rank_q_reg[1]_MB_out_rank_q_reg[2]_MB_out_rank_q_reg[3]/CK->D2
          Group: clk
     Startpoint: (R) CDN_MBIT_pending_rank_q_reg[12]_MB_pending_rank_q_reg[13]_MB_pending_rank_q_reg[14]_MB_pending_rank_q_reg[15]/CK
          Clock: (R) clk
       Endpoint: (R) CDN_MBIT_out_rank_q_reg[0]_MB_out_rank_q_reg[1]_MB_out_rank_q_reg[2]_MB_out_rank_q_reg[3]/D2
          Clock: (R) clk

                     Capture       Launch     
        Clock Edge:+   10000            0     
       Src Latency:+       0            0     
       Net Latency:+       0 (I)        0 (I) 
           Arrival:=   10000            0     
                                              
             Setup:-     104                  
     Required Time:=    9896                  
      Launch Clock:-       0                  
         Data Path:-    1990                  
             Slack:=    7907                  

#------------------------------------------------------------------------------------------------------------------------------------------------------------------------------------------
#                                                  Timing Point                                                    Flags    Arc   Edge   Cell     Fanout Load Trans Delay Arrival Instance 
#                                                                                                                                                        (fF)  (ps)  (ps)   (ps)  Location 
#------------------------------------------------------------------------------------------------------------------------------------------------------------------------------------------
  CDN_MBIT_pending_rank_q_reg[12]_MB_pending_rank_q_reg[13]_MB_pending_rank_q_reg[14]_MB_pending_rank_q_reg[15]/CK -       -      R     (arrival)     44    -     0     0       0    (-,-) 
  CDN_MBIT_pending_rank_q_reg[12]_MB_pending_rank_q_reg[13]_MB_pending_rank_q_reg[14]_MB_pending_rank_q_reg[15]/Q4 (p)     CK->Q4 F     DFF4X1         2  0.5    26   292     292    (-,-) 
  g6940__1666/Y                                                                                                    -       B0->Y  R     AOI21X1        3  0.8    69    62     355    (-,-) 
  g6916__6417/Y                                                                                                    -       A->Y   F     NAND4XL        2  0.7   278   270     624    (-,-) 
  g6909__6131/Y                                                                                                    -       B->Y   R     NOR2X1         2  0.6    80   185     810    (-,-) 
  g6904__1617/Y                                                                                                    -       AN->Y  R     NAND2BXL       2  0.4    40    88     897    (-,-) 
  g6900__8428/Y                                                                                                    -       AN->Y  R     NOR2BX1        1  0.4    69    97     994    (-,-) 
  g6890__6417/Y                                                                                                    -       B1->Y  F     OAI22X1        1  0.2    87    95    1090    (-,-) 
  g6884__9945/Y                                                                                                    -       A1N->Y F     OAI2BB1X1      6  2.2   153   168    1257    (-,-) 
  g6883/Y                                                                                                          -       A->Y   R     INVX1          4  1.6    66   113    1370    (-,-) 
  g6874__7098/Y                                                                                                    -       B1->Y  F     OAI22X1        1  0.4    99   100    1470    (-,-) 
  g6867__3680/Y                                                                                                    -       A1->Y  R     AOI22X1        2  0.8    92   127    1597    (-,-) 
  g6864__5526/Y                                                                                                    -       B->Y   F     NAND2X1        1  0.2    54    86    1683    (-,-) 
  g6862__8428/Y                                                                                                    -       A1N->Y F     OAI2BB1X1      3  0.8    85   111    1794    (-,-) 
  g2/Y                                                                                                             -       A1->Y  F     AO21X1         3  1.0    43   154    1948    (-,-) 
  g6854__1666/Y                                                                                                    -       B0->Y  R     OAI2BB1X1      1  0.2    26    41    1990    (-,-) 
  CDN_MBIT_out_rank_q_reg[0]_MB_out_rank_q_reg[1]_MB_out_rank_q_reg[2]_MB_out_rank_q_reg[3]/D2                     (p)     -      R     DFF4X1         1    -     -     0    1990    (-,-) 
#------------------------------------------------------------------------------------------------------------------------------------------------------------------------------------------

(p) : Instance is preserved but may be resized



Path 19: MET (8214 ps) Setup Check with Pin CDN_MBIT_out_rank_q_reg[0]_MB_out_rank_q_reg[1]_MB_out_rank_q_reg[2]_MB_out_rank_q_reg[3]/CK->D4
          Group: clk
     Startpoint: (R) out_ready
          Clock: (R) clk
       Endpoint: (R) CDN_MBIT_out_rank_q_reg[0]_MB_out_rank_q_reg[1]_MB_out_rank_q_reg[2]_MB_out_rank_q_reg[3]/D4
          Clock: (R) clk

                     Capture       Launch     
        Clock Edge:+   10000            0     
        Drv Adjust:+       0            0     
       Src Latency:+       0            0     
       Net Latency:+       0 (I)        0 (I) 
           Arrival:=   10000            0     
                                              
             Setup:-     101                  
     Required Time:=    9899                  
      Launch Clock:-       0                  
       Input Delay:-    1000                  
         Data Path:-     684                  
             Slack:=    8214                  

Exceptions/Constraints:
  input_delay             1000            in_del   

#---------------------------------------------------------------------------------------------------------------------------------------------------------------------
#                                        Timing Point                                          Flags   Arc   Edge   Cell     Fanout Load Trans Delay Arrival Instance 
#                                                                                                                                   (fF)  (ps)  (ps)   (ps)  Location 
#---------------------------------------------------------------------------------------------------------------------------------------------------------------------
  out_ready                                                                                    -       -     R     (arrival)      2  0.8     0     0    1000    (-,-) 
  g7066/Y                                                                                      -       A->Y  F     INVX1          1  0.4    18    15    1015    (-,-) 
  g6988__6131/Y                                                                                -       A0->Y R     AOI21X1        2  0.6    64    68    1084    (-,-) 
  g6899__6260/Y                                                                                -       AN->Y R     NOR2BX1       13  4.8   237   220    1304    (-,-) 
  g6887__2883/Y                                                                                -       A1->Y F     AOI21X1        2  0.8   111   204    1509    (-,-) 
  g6871__1705/Y                                                                                -       S0->Y R     MX2XL          1  0.2    22   176    1684    (-,-) 
  CDN_MBIT_out_rank_q_reg[0]_MB_out_rank_q_reg[1]_MB_out_rank_q_reg[2]_MB_out_rank_q_reg[3]/D4 (p)     -     R     DFF4X1         1    -     -     0    1684    (-,-) 
#---------------------------------------------------------------------------------------------------------------------------------------------------------------------

(p) : Instance is preserved but may be resized



Path 20: MET (8250 ps) Setup Check with Pin CDN_MBIT_out_rank_q_reg[0]_MB_out_rank_q_reg[1]_MB_out_rank_q_reg[2]_MB_out_rank_q_reg[3]/CK->D3
          Group: clk
     Startpoint: (R) out_ready
          Clock: (R) clk
       Endpoint: (R) CDN_MBIT_out_rank_q_reg[0]_MB_out_rank_q_reg[1]_MB_out_rank_q_reg[2]_MB_out_rank_q_reg[3]/D3
          Clock: (R) clk

                     Capture       Launch     
        Clock Edge:+   10000            0     
        Drv Adjust:+       0            0     
       Src Latency:+       0            0     
       Net Latency:+       0 (I)        0 (I) 
           Arrival:=   10000            0     
                                              
             Setup:-     137                  
     Required Time:=    9863                  
      Launch Clock:-       0                  
       Input Delay:-    1000                  
         Data Path:-     614                  
             Slack:=    8250                  

Exceptions/Constraints:
  input_delay             1000            in_del   

#---------------------------------------------------------------------------------------------------------------------------------------------------------------------
#                                        Timing Point                                          Flags   Arc   Edge   Cell     Fanout Load Trans Delay Arrival Instance 
#                                                                                                                                   (fF)  (ps)  (ps)   (ps)  Location 
#---------------------------------------------------------------------------------------------------------------------------------------------------------------------
  out_ready                                                                                    -       -     R     (arrival)      2  0.8     0     0    1000    (-,-) 
  g7066/Y                                                                                      -       A->Y  F     INVX1          1  0.4    18    15    1015    (-,-) 
  g6988__6131/Y                                                                                -       A0->Y R     AOI21X1        2  0.6    64    68    1084    (-,-) 
  g6899__6260/Y                                                                                -       AN->Y R     NOR2BX1       13  4.8   237   220    1304    (-,-) 
  g6887__2883/Y                                                                                -       A1->Y F     AOI21X1        2  0.8   111   204    1509    (-,-) 
  g6866__1617/Y                                                                                -       B1->Y R     OAI221X1       1  0.2    89   105    1614    (-,-) 
  CDN_MBIT_out_rank_q_reg[0]_MB_out_rank_q_reg[1]_MB_out_rank_q_reg[2]_MB_out_rank_q_reg[3]/D3 (p)     -     R     DFF4X1         1    -     -     0    1614    (-,-) 
#---------------------------------------------------------------------------------------------------------------------------------------------------------------------

(p) : Instance is preserved but may be resized



Path 21: MET (8450 ps) Late External Delay Assertion at pin out_addr[2]
          Group: clk
     Startpoint: (R) CDN_MBIT_out_rank_q_reg[0]_MB_out_rank_q_reg[1]_MB_out_rank_q_reg[2]_MB_out_rank_q_reg[3]/CK
          Clock: (R) clk
       Endpoint: (R) out_addr[2]
          Clock: (R) clk

                     Capture       Launch     
        Clock Edge:+   10000            0     
       Src Latency:+       0            0     
       Net Latency:+       0 (I)        0 (I) 
           Arrival:=   10000            0     
                                              
      Output Delay:-    1000                  
     Required Time:=    9000                  
      Launch Clock:-       0                  
         Data Path:-     550                  
             Slack:=    8450                  

Exceptions/Constraints:
  output_delay             1000            ou_del_17_1   

#----------------------------------------------------------------------------------------------------------------------------------------------------------------------
#                                        Timing Point                                          Flags    Arc   Edge   Cell     Fanout Load Trans Delay Arrival Instance 
#                                                                                                                                    (fF)  (ps)  (ps)   (ps)  Location 
#----------------------------------------------------------------------------------------------------------------------------------------------------------------------
  CDN_MBIT_out_rank_q_reg[0]_MB_out_rank_q_reg[1]_MB_out_rank_q_reg[2]_MB_out_rank_q_reg[3]/CK -       -      R     (arrival)     44    -     0     0       0    (-,-) 
  CDN_MBIT_out_rank_q_reg[0]_MB_out_rank_q_reg[1]_MB_out_rank_q_reg[2]_MB_out_rank_q_reg[3]/Q3 (p)     CK->Q3 F     DFF4X1         6  2.0    63   313     313    (-,-) 
  g7065/Y                                                                                      -       A->Y   R     INVX1          5  1.8    55    64     377    (-,-) 
  g7050__6417/Y                                                                                -       B->Y   F     NAND2X1        4  1.2   101    95     472    (-,-) 
  g7030__9945/Y                                                                                -       B->Y   R     NAND2X1        4  0.8    52    78     550    (-,-) 
  out_addr[2]                                                                                  -       -      R     (port)         -    -     -     0     550    (-,-) 
#----------------------------------------------------------------------------------------------------------------------------------------------------------------------

(p) : Instance is preserved but may be resized



Path 22: MET (8536 ps) Late External Delay Assertion at pin out_addr[1]
          Group: clk
     Startpoint: (R) CDN_MBIT_out_rank_q_reg[0]_MB_out_rank_q_reg[1]_MB_out_rank_q_reg[2]_MB_out_rank_q_reg[3]/CK
          Clock: (R) clk
       Endpoint: (F) out_addr[1]
          Clock: (R) clk

                     Capture       Launch     
        Clock Edge:+   10000            0     
       Src Latency:+       0            0     
       Net Latency:+       0 (I)        0 (I) 
           Arrival:=   10000            0     
                                              
      Output Delay:-    1000                  
     Required Time:=    9000                  
      Launch Clock:-       0                  
         Data Path:-     464                  
             Slack:=    8536                  

Exceptions/Constraints:
  output_delay             1000            ou_del_18_1   

#----------------------------------------------------------------------------------------------------------------------------------------------------------------------
#                                        Timing Point                                          Flags    Arc   Edge   Cell     Fanout Load Trans Delay Arrival Instance 
#                                                                                                                                    (fF)  (ps)  (ps)   (ps)  Location 
#----------------------------------------------------------------------------------------------------------------------------------------------------------------------
  CDN_MBIT_out_rank_q_reg[0]_MB_out_rank_q_reg[1]_MB_out_rank_q_reg[2]_MB_out_rank_q_reg[3]/CK -       -      R     (arrival)     44    -     0     0       0    (-,-) 
  CDN_MBIT_out_rank_q_reg[0]_MB_out_rank_q_reg[1]_MB_out_rank_q_reg[2]_MB_out_rank_q_reg[3]/Q3 (p)     CK->Q3 F     DFF4X1         6  2.0    63   313     313    (-,-) 
  g7065/Y                                                                                      -       A->Y   R     INVX1          5  1.8    55    64     377    (-,-) 
  g7022__2883/Y                                                                                -       B1->Y  F     OAI22XL        1  0.0    82    87     464    (-,-) 
  out_addr[1]                                                                                  -       -      F     (port)         -    -     -     0     464    (-,-) 
#----------------------------------------------------------------------------------------------------------------------------------------------------------------------

(p) : Instance is preserved but may be resized



Path 23: MET (8553 ps) Late External Delay Assertion at pin src_ack_async[0]
          Group: clk
     Startpoint: (R) reset_release_q_reg[1]/CK
          Clock: (R) clk
       Endpoint: (R) src_ack_async[0]
          Clock: (R) clk

                     Capture       Launch     
        Clock Edge:+   10000            0     
       Src Latency:+       0            0     
       Net Latency:+       0 (I)        0 (I) 
           Arrival:=   10000            0     
                                              
      Output Delay:-    1000                  
     Required Time:=    9000                  
      Launch Clock:-       0                  
         Data Path:-     447                  
             Slack:=    8553                  

Exceptions/Constraints:
  output_delay             1000            ou_del_15_1   

#--------------------------------------------------------------------------------------------------
#       Timing Point        Flags   Arc   Edge   Cell     Fanout Load Trans Delay Arrival Instance 
#                                                                (fF)  (ps)  (ps)   (ps)  Location 
#--------------------------------------------------------------------------------------------------
  reset_release_q_reg[1]/CK -       -     R     (arrival)     44    -     0     0       0    (-,-) 
  reset_release_q_reg[1]/Q  (P)     CK->Q R     DFFRHQX1       2  0.8    31   236     236    (-,-) 
  g7003/Y                   -       A->Y  F     INVX1         10  2.1    66    57     293    (-,-) 
  drc_buf_sp7162/Y          -       A->Y  F     BUFX2          9  1.8    39   103     396    (-,-) 
  g6972__5122/Y             -       A->Y  R     NOR2XL         1  0.0    28    52     447    (-,-) 
  src_ack_async[0]          -       -     R     (port)         -    -     -     0     447    (-,-) 
#--------------------------------------------------------------------------------------------------

(P) : Instance is preserved



Path 24: MET (8553 ps) Late External Delay Assertion at pin src_ack_async[1]
          Group: clk
     Startpoint: (R) reset_release_q_reg[1]/CK
          Clock: (R) clk
       Endpoint: (R) src_ack_async[1]
          Clock: (R) clk

                     Capture       Launch     
        Clock Edge:+   10000            0     
       Src Latency:+       0            0     
       Net Latency:+       0 (I)        0 (I) 
           Arrival:=   10000            0     
                                              
      Output Delay:-    1000                  
     Required Time:=    9000                  
      Launch Clock:-       0                  
         Data Path:-     447                  
             Slack:=    8553                  

Exceptions/Constraints:
  output_delay             1000            ou_del_14_1   

#--------------------------------------------------------------------------------------------------
#       Timing Point        Flags   Arc   Edge   Cell     Fanout Load Trans Delay Arrival Instance 
#                                                                (fF)  (ps)  (ps)   (ps)  Location 
#--------------------------------------------------------------------------------------------------
  reset_release_q_reg[1]/CK -       -     R     (arrival)     44    -     0     0       0    (-,-) 
  reset_release_q_reg[1]/Q  (P)     CK->Q R     DFFRHQX1       2  0.8    31   236     236    (-,-) 
  g7003/Y                   -       A->Y  F     INVX1         10  2.1    66    57     293    (-,-) 
  drc_buf_sp7162/Y          -       A->Y  F     BUFX2          9  1.8    39   103     396    (-,-) 
  g6981__5526/Y             -       A->Y  R     NOR2XL         1  0.0    28    52     447    (-,-) 
  src_ack_async[1]          -       -     R     (port)         -    -     -     0     447    (-,-) 
#--------------------------------------------------------------------------------------------------

(P) : Instance is preserved



Path 25: MET (8553 ps) Late External Delay Assertion at pin src_ack_async[2]
          Group: clk
     Startpoint: (R) reset_release_q_reg[1]/CK
          Clock: (R) clk
       Endpoint: (R) src_ack_async[2]
          Clock: (R) clk

                     Capture       Launch     
        Clock Edge:+   10000            0     
       Src Latency:+       0            0     
       Net Latency:+       0 (I)        0 (I) 
           Arrival:=   10000            0     
                                              
      Output Delay:-    1000                  
     Required Time:=    9000                  
      Launch Clock:-       0                  
         Data Path:-     447                  
             Slack:=    8553                  

Exceptions/Constraints:
  output_delay             1000            ou_del_13_1   

#--------------------------------------------------------------------------------------------------
#       Timing Point        Flags   Arc   Edge   Cell     Fanout Load Trans Delay Arrival Instance 
#                                                                (fF)  (ps)  (ps)   (ps)  Location 
#--------------------------------------------------------------------------------------------------
  reset_release_q_reg[1]/CK -       -     R     (arrival)     44    -     0     0       0    (-,-) 
  reset_release_q_reg[1]/Q  (P)     CK->Q R     DFFRHQX1       2  0.8    31   236     236    (-,-) 
  g7003/Y                   -       A->Y  F     INVX1         10  2.1    66    57     293    (-,-) 
  drc_buf_sp7162/Y          -       A->Y  F     BUFX2          9  1.8    39   103     396    (-,-) 
  g6985__2802/Y             -       A->Y  R     NOR2XL         1  0.0    28    52     447    (-,-) 
  src_ack_async[2]          -       -     R     (port)         -    -     -     0     447    (-,-) 
#--------------------------------------------------------------------------------------------------

(P) : Instance is preserved



Path 26: MET (8553 ps) Late External Delay Assertion at pin src_ack_async[3]
          Group: clk
     Startpoint: (R) reset_release_q_reg[1]/CK
          Clock: (R) clk
       Endpoint: (R) src_ack_async[3]
          Clock: (R) clk

                     Capture       Launch     
        Clock Edge:+   10000            0     
       Src Latency:+       0            0     
       Net Latency:+       0 (I)        0 (I) 
           Arrival:=   10000            0     
                                              
      Output Delay:-    1000                  
     Required Time:=    9000                  
      Launch Clock:-       0                  
         Data Path:-     447                  
             Slack:=    8553                  

Exceptions/Constraints:
  output_delay             1000            ou_del_12_1   

#--------------------------------------------------------------------------------------------------
#       Timing Point        Flags   Arc   Edge   Cell     Fanout Load Trans Delay Arrival Instance 
#                                                                (fF)  (ps)  (ps)   (ps)  Location 
#--------------------------------------------------------------------------------------------------
  reset_release_q_reg[1]/CK -       -     R     (arrival)     44    -     0     0       0    (-,-) 
  reset_release_q_reg[1]/Q  (P)     CK->Q R     DFFRHQX1       2  0.8    31   236     236    (-,-) 
  g7003/Y                   -       A->Y  F     INVX1         10  2.1    66    57     293    (-,-) 
  drc_buf_sp7162/Y          -       A->Y  F     BUFX2          9  1.8    39   103     396    (-,-) 
  g6984__3680/Y             -       A->Y  R     NOR2XL         1  0.0    28    52     447    (-,-) 
  src_ack_async[3]          -       -     R     (port)         -    -     -     0     447    (-,-) 
#--------------------------------------------------------------------------------------------------

(P) : Instance is preserved



Path 27: MET (8553 ps) Late External Delay Assertion at pin src_ack_async[7]
          Group: clk
     Startpoint: (R) reset_release_q_reg[1]/CK
          Clock: (R) clk
       Endpoint: (R) src_ack_async[7]
          Clock: (R) clk

                     Capture       Launch     
        Clock Edge:+   10000            0     
       Src Latency:+       0            0     
       Net Latency:+       0 (I)        0 (I) 
           Arrival:=   10000            0     
                                              
      Output Delay:-    1000                  
     Required Time:=    9000                  
      Launch Clock:-       0                  
         Data Path:-     447                  
             Slack:=    8553                  

Exceptions/Constraints:
  output_delay             1000            ou_del_8_1   

#--------------------------------------------------------------------------------------------------
#       Timing Point        Flags   Arc   Edge   Cell     Fanout Load Trans Delay Arrival Instance 
#                                                                (fF)  (ps)  (ps)   (ps)  Location 
#--------------------------------------------------------------------------------------------------
  reset_release_q_reg[1]/CK -       -     R     (arrival)     44    -     0     0       0    (-,-) 
  reset_release_q_reg[1]/Q  (P)     CK->Q R     DFFRHQX1       2  0.8    31   236     236    (-,-) 
  g7003/Y                   -       A->Y  F     INVX1         10  2.1    66    57     293    (-,-) 
  drc_buf_sp7162/Y          -       A->Y  F     BUFX2          9  1.8    39   103     396    (-,-) 
  g6976__6783/Y             -       A->Y  R     NOR2XL         1  0.0    28    52     447    (-,-) 
  src_ack_async[7]          -       -     R     (port)         -    -     -     0     447    (-,-) 
#--------------------------------------------------------------------------------------------------

(P) : Instance is preserved



Path 28: MET (8553 ps) Late External Delay Assertion at pin src_ack_async[8]
          Group: clk
     Startpoint: (R) reset_release_q_reg[1]/CK
          Clock: (R) clk
       Endpoint: (R) src_ack_async[8]
          Clock: (R) clk

                     Capture       Launch     
        Clock Edge:+   10000            0     
       Src Latency:+       0            0     
       Net Latency:+       0 (I)        0 (I) 
           Arrival:=   10000            0     
                                              
      Output Delay:-    1000                  
     Required Time:=    9000                  
      Launch Clock:-       0                  
         Data Path:-     447                  
             Slack:=    8553                  

Exceptions/Constraints:
  output_delay             1000            ou_del_7_1   

#--------------------------------------------------------------------------------------------------
#       Timing Point        Flags   Arc   Edge   Cell     Fanout Load Trans Delay Arrival Instance 
#                                                                (fF)  (ps)  (ps)   (ps)  Location 
#--------------------------------------------------------------------------------------------------
  reset_release_q_reg[1]/CK -       -     R     (arrival)     44    -     0     0       0    (-,-) 
  reset_release_q_reg[1]/Q  (P)     CK->Q R     DFFRHQX1       2  0.8    31   236     236    (-,-) 
  g7003/Y                   -       A->Y  F     INVX1         10  2.1    66    57     293    (-,-) 
  drc_buf_sp7162/Y          -       A->Y  F     BUFX2          9  1.8    39   103     396    (-,-) 
  g6973__7098/Y             -       A->Y  R     NOR2XL         1  0.0    28    52     447    (-,-) 
  src_ack_async[8]          -       -     R     (port)         -    -     -     0     447    (-,-) 
#--------------------------------------------------------------------------------------------------

(P) : Instance is preserved



Path 29: MET (8553 ps) Late External Delay Assertion at pin src_ack_async[9]
          Group: clk
     Startpoint: (R) reset_release_q_reg[1]/CK
          Clock: (R) clk
       Endpoint: (R) src_ack_async[9]
          Clock: (R) clk

                     Capture       Launch     
        Clock Edge:+   10000            0     
       Src Latency:+       0            0     
       Net Latency:+       0 (I)        0 (I) 
           Arrival:=   10000            0     
                                              
      Output Delay:-    1000                  
     Required Time:=    9000                  
      Launch Clock:-       0                  
         Data Path:-     447                  
             Slack:=    8553                  

Exceptions/Constraints:
  output_delay             1000            ou_del_6_1   

#--------------------------------------------------------------------------------------------------
#       Timing Point        Flags   Arc   Edge   Cell     Fanout Load Trans Delay Arrival Instance 
#                                                                (fF)  (ps)  (ps)   (ps)  Location 
#--------------------------------------------------------------------------------------------------
  reset_release_q_reg[1]/CK -       -     R     (arrival)     44    -     0     0       0    (-,-) 
  reset_release_q_reg[1]/Q  (P)     CK->Q R     DFFRHQX1       2  0.8    31   236     236    (-,-) 
  g7003/Y                   -       A->Y  F     INVX1         10  2.1    66    57     293    (-,-) 
  drc_buf_sp7162/Y          -       A->Y  F     BUFX2          9  1.8    39   103     396    (-,-) 
  g6986__4733/Y             -       A->Y  R     NOR2XL         1  0.0    28    52     447    (-,-) 
  src_ack_async[9]          -       -     R     (port)         -    -     -     0     447    (-,-) 
#--------------------------------------------------------------------------------------------------

(P) : Instance is preserved



Path 30: MET (8553 ps) Late External Delay Assertion at pin src_ack_async[12]
          Group: clk
     Startpoint: (R) reset_release_q_reg[1]/CK
          Clock: (R) clk
       Endpoint: (R) src_ack_async[12]
          Clock: (R) clk

                     Capture       Launch     
        Clock Edge:+   10000            0     
       Src Latency:+       0            0     
       Net Latency:+       0 (I)        0 (I) 
           Arrival:=   10000            0     
                                              
      Output Delay:-    1000                  
     Required Time:=    9000                  
      Launch Clock:-       0                  
         Data Path:-     447                  
             Slack:=    8553                  

Exceptions/Constraints:
  output_delay             1000            ou_del_3_1   

#--------------------------------------------------------------------------------------------------
#       Timing Point        Flags   Arc   Edge   Cell     Fanout Load Trans Delay Arrival Instance 
#                                                                (fF)  (ps)  (ps)   (ps)  Location 
#--------------------------------------------------------------------------------------------------
  reset_release_q_reg[1]/CK -       -     R     (arrival)     44    -     0     0       0    (-,-) 
  reset_release_q_reg[1]/Q  (P)     CK->Q R     DFFRHQX1       2  0.8    31   236     236    (-,-) 
  g7003/Y                   -       A->Y  F     INVX1         10  2.1    66    57     293    (-,-) 
  drc_buf_sp7162/Y          -       A->Y  F     BUFX2          9  1.8    39   103     396    (-,-) 
  g6979__9315/Y             -       A->Y  R     NOR2XL         1  0.0    28    52     447    (-,-) 
  src_ack_async[12]         -       -     R     (port)         -    -     -     0     447    (-,-) 
#--------------------------------------------------------------------------------------------------

(P) : Instance is preserved



Path 31: MET (8553 ps) Late External Delay Assertion at pin src_ack_async[13]
          Group: clk
     Startpoint: (R) reset_release_q_reg[1]/CK
          Clock: (R) clk
       Endpoint: (R) src_ack_async[13]
          Clock: (R) clk

                     Capture       Launch     
        Clock Edge:+   10000            0     
       Src Latency:+       0            0     
       Net Latency:+       0 (I)        0 (I) 
           Arrival:=   10000            0     
                                              
      Output Delay:-    1000                  
     Required Time:=    9000                  
      Launch Clock:-       0                  
         Data Path:-     447                  
             Slack:=    8553                  

Exceptions/Constraints:
  output_delay             1000            ou_del_2_1   

#--------------------------------------------------------------------------------------------------
#       Timing Point        Flags   Arc   Edge   Cell     Fanout Load Trans Delay Arrival Instance 
#                                                                (fF)  (ps)  (ps)   (ps)  Location 
#--------------------------------------------------------------------------------------------------
  reset_release_q_reg[1]/CK -       -     R     (arrival)     44    -     0     0       0    (-,-) 
  reset_release_q_reg[1]/Q  (P)     CK->Q R     DFFRHQX1       2  0.8    31   236     236    (-,-) 
  g7003/Y                   -       A->Y  F     INVX1         10  2.1    66    57     293    (-,-) 
  drc_buf_sp7162/Y          -       A->Y  F     BUFX2          9  1.8    39   103     396    (-,-) 
  g6971__1881/Y             -       A->Y  R     NOR2XL         1  0.0    28    52     447    (-,-) 
  src_ack_async[13]         -       -     R     (port)         -    -     -     0     447    (-,-) 
#--------------------------------------------------------------------------------------------------

(P) : Instance is preserved



Path 32: MET (8574 ps) Late External Delay Assertion at pin out_addr[0]
          Group: clk
     Startpoint: (R) CDN_MBIT_out_rank_q_reg[0]_MB_out_rank_q_reg[1]_MB_out_rank_q_reg[2]_MB_out_rank_q_reg[3]/CK
          Clock: (R) clk
       Endpoint: (F) out_addr[0]
          Clock: (R) clk

                     Capture       Launch     
        Clock Edge:+   10000            0     
       Src Latency:+       0            0     
       Net Latency:+       0 (I)        0 (I) 
           Arrival:=   10000            0     
                                              
      Output Delay:-    1000                  
     Required Time:=    9000                  
      Launch Clock:-       0                  
         Data Path:-     426                  
             Slack:=    8574                  

Exceptions/Constraints:
  output_delay             1000            ou_del_19_1   

#----------------------------------------------------------------------------------------------------------------------------------------------------------------------
#                                        Timing Point                                          Flags    Arc   Edge   Cell     Fanout Load Trans Delay Arrival Instance 
#                                                                                                                                    (fF)  (ps)  (ps)   (ps)  Location 
#----------------------------------------------------------------------------------------------------------------------------------------------------------------------
  CDN_MBIT_out_rank_q_reg[0]_MB_out_rank_q_reg[1]_MB_out_rank_q_reg[2]_MB_out_rank_q_reg[3]/CK -       -      R     (arrival)     44    -     0     0       0    (-,-) 
  CDN_MBIT_out_rank_q_reg[0]_MB_out_rank_q_reg[1]_MB_out_rank_q_reg[2]_MB_out_rank_q_reg[3]/Q1 (p)     CK->Q1 F     DFF4X1         4  1.1    40   300     300    (-,-) 
  g7063/Y                                                                                      -       A->Y   R     INVX1          2  0.6    26    38     338    (-,-) 
  g7021__2346/Y                                                                                -       A1->Y  F     OAI22XL        1  0.0    82    88     426    (-,-) 
  out_addr[0]                                                                                  -       -      F     (port)         -    -     -     0     426    (-,-) 
#----------------------------------------------------------------------------------------------------------------------------------------------------------------------

(p) : Instance is preserved but may be resized



Path 33: MET (8615 ps) Setup Check with Pin out_valid_q_reg/CK->D
          Group: clk
     Startpoint: (F) out_ready
          Clock: (R) clk
       Endpoint: (R) out_valid_q_reg/D
          Clock: (R) clk

                     Capture       Launch     
        Clock Edge:+   10000            0     
        Drv Adjust:+       0            0     
       Src Latency:+       0            0     
       Net Latency:+       0 (I)        0 (I) 
           Arrival:=   10000            0     
                                              
             Setup:-     126                  
     Required Time:=    9874                  
      Launch Clock:-       0                  
       Input Delay:-    1000                  
         Data Path:-     259                  
             Slack:=    8615                  

Exceptions/Constraints:
  input_delay             1000            in_del   

#------------------------------------------------------------------------------------------
#   Timing Point    Flags   Arc   Edge   Cell     Fanout Load Trans Delay Arrival Instance 
#                                                        (fF)  (ps)  (ps)   (ps)  Location 
#------------------------------------------------------------------------------------------
  out_ready         -       -     F     (arrival)      2  0.7     0     0    1000    (-,-) 
  g7066/Y           -       A->Y  R     INVX1          1  0.4    15    13    1013    (-,-) 
  g6988__6131/Y     -       A0->Y F     AOI21X1        2  0.6    82    83    1096    (-,-) 
  g6895__2398/Y     -       A->Y  R     NAND2X1        2  0.6    41    68    1164    (-,-) 
  g7168/Y           -       AN->Y R     NOR2BX1        1  0.3    42    95    1259    (-,-) 
  out_valid_q_reg/D -       -     R     DFFHQX1        1    -     -     0    1259    (-,-) 
#------------------------------------------------------------------------------------------



Path 34: MET (8642 ps) Late External Delay Assertion at pin src_ack_async[4]
          Group: clk
     Startpoint: (R) reset_release_q_reg[1]/CK
          Clock: (R) clk
       Endpoint: (R) src_ack_async[4]
          Clock: (R) clk

                     Capture       Launch     
        Clock Edge:+   10000            0     
       Src Latency:+       0            0     
       Net Latency:+       0 (I)        0 (I) 
           Arrival:=   10000            0     
                                              
      Output Delay:-    1000                  
     Required Time:=    9000                  
      Launch Clock:-       0                  
         Data Path:-     358                  
             Slack:=    8642                  

Exceptions/Constraints:
  output_delay             1000            ou_del_11_1   

#--------------------------------------------------------------------------------------------------
#       Timing Point        Flags   Arc   Edge   Cell     Fanout Load Trans Delay Arrival Instance 
#                                                                (fF)  (ps)  (ps)   (ps)  Location 
#--------------------------------------------------------------------------------------------------
  reset_release_q_reg[1]/CK -       -     R     (arrival)     44    -     0     0       0    (-,-) 
  reset_release_q_reg[1]/Q  (P)     CK->Q R     DFFRHQX1       2  0.8    31   236     236    (-,-) 
  g7003/Y                   -       A->Y  F     INVX1         10  2.1    66    57     293    (-,-) 
  g6983__8246/Y             -       A->Y  R     NOR2XL         1  0.0    28    66     358    (-,-) 
  src_ack_async[4]          -       -     R     (port)         -    -     -     0     358    (-,-) 
#--------------------------------------------------------------------------------------------------

(P) : Instance is preserved



Path 35: MET (8642 ps) Late External Delay Assertion at pin src_ack_async[5]
          Group: clk
     Startpoint: (R) reset_release_q_reg[1]/CK
          Clock: (R) clk
       Endpoint: (R) src_ack_async[5]
          Clock: (R) clk

                     Capture       Launch     
        Clock Edge:+   10000            0     
       Src Latency:+       0            0     
       Net Latency:+       0 (I)        0 (I) 
           Arrival:=   10000            0     
                                              
      Output Delay:-    1000                  
     Required Time:=    9000                  
      Launch Clock:-       0                  
         Data Path:-     358                  
             Slack:=    8642                  

Exceptions/Constraints:
  output_delay             1000            ou_del_10_1   

#--------------------------------------------------------------------------------------------------
#       Timing Point        Flags   Arc   Edge   Cell     Fanout Load Trans Delay Arrival Instance 
#                                                                (fF)  (ps)  (ps)   (ps)  Location 
#--------------------------------------------------------------------------------------------------
  reset_release_q_reg[1]/CK -       -     R     (arrival)     44    -     0     0       0    (-,-) 
  reset_release_q_reg[1]/Q  (P)     CK->Q R     DFFRHQX1       2  0.8    31   236     236    (-,-) 
  g7003/Y                   -       A->Y  F     INVX1         10  2.1    66    57     293    (-,-) 
  g6987__5115/Y             -       A->Y  R     NOR2XL         1  0.0    28    66     358    (-,-) 
  src_ack_async[5]          -       -     R     (port)         -    -     -     0     358    (-,-) 
#--------------------------------------------------------------------------------------------------

(P) : Instance is preserved



Path 36: MET (8642 ps) Late External Delay Assertion at pin src_ack_async[6]
          Group: clk
     Startpoint: (R) reset_release_q_reg[1]/CK
          Clock: (R) clk
       Endpoint: (R) src_ack_async[6]
          Clock: (R) clk

                     Capture       Launch     
        Clock Edge:+   10000            0     
       Src Latency:+       0            0     
       Net Latency:+       0 (I)        0 (I) 
           Arrival:=   10000            0     
                                              
      Output Delay:-    1000                  
     Required Time:=    9000                  
      Launch Clock:-       0                  
         Data Path:-     358                  
             Slack:=    8642                  

Exceptions/Constraints:
  output_delay             1000            ou_del_9_1   

#--------------------------------------------------------------------------------------------------
#       Timing Point        Flags   Arc   Edge   Cell     Fanout Load Trans Delay Arrival Instance 
#                                                                (fF)  (ps)  (ps)   (ps)  Location 
#--------------------------------------------------------------------------------------------------
  reset_release_q_reg[1]/CK -       -     R     (arrival)     44    -     0     0       0    (-,-) 
  reset_release_q_reg[1]/Q  (P)     CK->Q R     DFFRHQX1       2  0.8    31   236     236    (-,-) 
  g7003/Y                   -       A->Y  F     INVX1         10  2.1    66    57     293    (-,-) 
  g6977__1705/Y             -       A->Y  R     NOR2XL         1  0.0    28    66     358    (-,-) 
  src_ack_async[6]          -       -     R     (port)         -    -     -     0     358    (-,-) 
#--------------------------------------------------------------------------------------------------

(P) : Instance is preserved



Path 37: MET (8642 ps) Late External Delay Assertion at pin src_ack_async[10]
          Group: clk
     Startpoint: (R) reset_release_q_reg[1]/CK
          Clock: (R) clk
       Endpoint: (R) src_ack_async[10]
          Clock: (R) clk

                     Capture       Launch     
        Clock Edge:+   10000            0     
       Src Latency:+       0            0     
       Net Latency:+       0 (I)        0 (I) 
           Arrival:=   10000            0     
                                              
      Output Delay:-    1000                  
     Required Time:=    9000                  
      Launch Clock:-       0                  
         Data Path:-     358                  
             Slack:=    8642                  

Exceptions/Constraints:
  output_delay             1000            ou_del_5_1   

#--------------------------------------------------------------------------------------------------
#       Timing Point        Flags   Arc   Edge   Cell     Fanout Load Trans Delay Arrival Instance 
#                                                                (fF)  (ps)  (ps)   (ps)  Location 
#--------------------------------------------------------------------------------------------------
  reset_release_q_reg[1]/CK -       -     R     (arrival)     44    -     0     0       0    (-,-) 
  reset_release_q_reg[1]/Q  (P)     CK->Q R     DFFRHQX1       2  0.8    31   236     236    (-,-) 
  g7003/Y                   -       A->Y  F     INVX1         10  2.1    66    57     293    (-,-) 
  g6982__9945/Y             -       A->Y  R     NOR2XL         1  0.0    28    66     358    (-,-) 
  src_ack_async[10]         -       -     R     (port)         -    -     -     0     358    (-,-) 
#--------------------------------------------------------------------------------------------------

(P) : Instance is preserved



Path 38: MET (8642 ps) Late External Delay Assertion at pin src_ack_async[11]
          Group: clk
     Startpoint: (R) reset_release_q_reg[1]/CK
          Clock: (R) clk
       Endpoint: (R) src_ack_async[11]
          Clock: (R) clk

                     Capture       Launch     
        Clock Edge:+   10000            0     
       Src Latency:+       0            0     
       Net Latency:+       0 (I)        0 (I) 
           Arrival:=   10000            0     
                                              
      Output Delay:-    1000                  
     Required Time:=    9000                  
      Launch Clock:-       0                  
         Data Path:-     358                  
             Slack:=    8642                  

Exceptions/Constraints:
  output_delay             1000            ou_del_4_1   

#--------------------------------------------------------------------------------------------------
#       Timing Point        Flags   Arc   Edge   Cell     Fanout Load Trans Delay Arrival Instance 
#                                                                (fF)  (ps)  (ps)   (ps)  Location 
#--------------------------------------------------------------------------------------------------
  reset_release_q_reg[1]/CK -       -     R     (arrival)     44    -     0     0       0    (-,-) 
  reset_release_q_reg[1]/Q  (P)     CK->Q R     DFFRHQX1       2  0.8    31   236     236    (-,-) 
  g7003/Y                   -       A->Y  F     INVX1         10  2.1    66    57     293    (-,-) 
  g6978__6161/Y             -       A->Y  R     NOR2XL         1  0.0    28    66     358    (-,-) 
  src_ack_async[11]         -       -     R     (port)         -    -     -     0     358    (-,-) 
#--------------------------------------------------------------------------------------------------

(P) : Instance is preserved



Path 39: MET (8642 ps) Late External Delay Assertion at pin src_ack_async[14]
          Group: clk
     Startpoint: (R) reset_release_q_reg[1]/CK
          Clock: (R) clk
       Endpoint: (R) src_ack_async[14]
          Clock: (R) clk

                     Capture       Launch     
        Clock Edge:+   10000            0     
       Src Latency:+       0            0     
       Net Latency:+       0 (I)        0 (I) 
           Arrival:=   10000            0     
                                              
      Output Delay:-    1000                  
     Required Time:=    9000                  
      Launch Clock:-       0                  
         Data Path:-     358                  
             Slack:=    8642                  

Exceptions/Constraints:
  output_delay             1000            ou_del_1_1   

#--------------------------------------------------------------------------------------------------
#       Timing Point        Flags   Arc   Edge   Cell     Fanout Load Trans Delay Arrival Instance 
#                                                                (fF)  (ps)  (ps)   (ps)  Location 
#--------------------------------------------------------------------------------------------------
  reset_release_q_reg[1]/CK -       -     R     (arrival)     44    -     0     0       0    (-,-) 
  reset_release_q_reg[1]/Q  (P)     CK->Q R     DFFRHQX1       2  0.8    31   236     236    (-,-) 
  g7003/Y                   -       A->Y  F     INVX1         10  2.1    66    57     293    (-,-) 
  g6975__7482/Y             -       A->Y  R     NOR2XL         1  0.0    28    66     358    (-,-) 
  src_ack_async[14]         -       -     R     (port)         -    -     -     0     358    (-,-) 
#--------------------------------------------------------------------------------------------------

(P) : Instance is preserved



Path 40: MET (8642 ps) Late External Delay Assertion at pin src_ack_async[15]
          Group: clk
     Startpoint: (R) reset_release_q_reg[1]/CK
          Clock: (R) clk
       Endpoint: (R) src_ack_async[15]
          Clock: (R) clk

                     Capture       Launch     
        Clock Edge:+   10000            0     
       Src Latency:+       0            0     
       Net Latency:+       0 (I)        0 (I) 
           Arrival:=   10000            0     
                                              
      Output Delay:-    1000                  
     Required Time:=    9000                  
      Launch Clock:-       0                  
         Data Path:-     358                  
             Slack:=    8642                  

Exceptions/Constraints:
  output_delay             1000            ou_del   

#--------------------------------------------------------------------------------------------------
#       Timing Point        Flags   Arc   Edge   Cell     Fanout Load Trans Delay Arrival Instance 
#                                                                (fF)  (ps)  (ps)   (ps)  Location 
#--------------------------------------------------------------------------------------------------
  reset_release_q_reg[1]/CK -       -     R     (arrival)     44    -     0     0       0    (-,-) 
  reset_release_q_reg[1]/Q  (P)     CK->Q R     DFFRHQX1       2  0.8    31   236     236    (-,-) 
  g7003/Y                   -       A->Y  F     INVX1         10  2.1    66    57     293    (-,-) 
  g6974__1617/Y             -       A->Y  R     NOR2XL         1  0.0    28    66     358    (-,-) 
  src_ack_async[15]         -       -     R     (port)         -    -     -     0     358    (-,-) 
#--------------------------------------------------------------------------------------------------

(P) : Instance is preserved



Path 41: MET (8642 ps) Late External Delay Assertion at pin out_valid
          Group: clk
     Startpoint: (R) reset_release_q_reg[1]/CK
          Clock: (R) clk
       Endpoint: (R) out_valid
          Clock: (R) clk

                     Capture       Launch     
        Clock Edge:+   10000            0     
       Src Latency:+       0            0     
       Net Latency:+       0 (I)        0 (I) 
           Arrival:=   10000            0     
                                              
      Output Delay:-    1000                  
     Required Time:=    9000                  
      Launch Clock:-       0                  
         Data Path:-     358                  
             Slack:=    8642                  

Exceptions/Constraints:
  output_delay             1000            ou_del_20_1   

#--------------------------------------------------------------------------------------------------
#       Timing Point        Flags   Arc   Edge   Cell     Fanout Load Trans Delay Arrival Instance 
#                                                                (fF)  (ps)  (ps)   (ps)  Location 
#--------------------------------------------------------------------------------------------------
  reset_release_q_reg[1]/CK -       -     R     (arrival)     44    -     0     0       0    (-,-) 
  reset_release_q_reg[1]/Q  (P)     CK->Q R     DFFRHQX1       2  0.8    31   236     236    (-,-) 
  g6989__9315/Y             -       A->Y  F     NAND2X1        2  0.6    68    72     308    (-,-) 
  g6980/Y                   -       A->Y  R     INVXL          1  0.0    18    49     358    (-,-) 
  out_valid                 -       -     R     (port)         -    -     -     0     358    (-,-) 
#--------------------------------------------------------------------------------------------------

(P) : Instance is preserved



Path 42: MET (8691 ps) Late External Delay Assertion at pin out_addr[3]
          Group: clk
     Startpoint: (R) CDN_MBIT_out_rank_q_reg[0]_MB_out_rank_q_reg[1]_MB_out_rank_q_reg[2]_MB_out_rank_q_reg[3]/CK
          Clock: (R) clk
       Endpoint: (F) out_addr[3]
          Clock: (R) clk

                     Capture       Launch     
        Clock Edge:+   10000            0     
       Src Latency:+       0            0     
       Net Latency:+       0 (I)        0 (I) 
           Arrival:=   10000            0     
                                              
      Output Delay:-    1000                  
     Required Time:=    9000                  
      Launch Clock:-       0                  
         Data Path:-     309                  
             Slack:=    8691                  

Exceptions/Constraints:
  output_delay             1000            ou_del_16_1   

#----------------------------------------------------------------------------------------------------------------------------------------------------------------------
#                                        Timing Point                                          Flags    Arc   Edge   Cell     Fanout Load Trans Delay Arrival Instance 
#                                                                                                                                    (fF)  (ps)  (ps)   (ps)  Location 
#----------------------------------------------------------------------------------------------------------------------------------------------------------------------
  CDN_MBIT_out_rank_q_reg[0]_MB_out_rank_q_reg[1]_MB_out_rank_q_reg[2]_MB_out_rank_q_reg[3]/CK -       -      R     (arrival)     44    -     0     0       0    (-,-) 
  CDN_MBIT_out_rank_q_reg[0]_MB_out_rank_q_reg[1]_MB_out_rank_q_reg[2]_MB_out_rank_q_reg[3]/Q4 (p)     CK->Q4 F     DFF4X1         6  1.7    55   309     309    (-,-) 
  out_addr[3]                                                                                  -       -      F     (port)         -    -     -     0     309    (-,-) 
#----------------------------------------------------------------------------------------------------------------------------------------------------------------------

(p) : Instance is preserved but may be resized



Path 43: MET (9294 ps) Setup Check with Pin CDN_MBIT_ack_rank_q_reg[12]_MB_ack_rank_q_reg[13]_MB_ack_rank_q_reg[14]_MB_ack_rank_q_reg[15]/CK->D3
          Group: clk
     Startpoint: (R) reset_release_q_reg[1]/CK
          Clock: (R) clk
       Endpoint: (R) CDN_MBIT_ack_rank_q_reg[12]_MB_ack_rank_q_reg[13]_MB_ack_rank_q_reg[14]_MB_ack_rank_q_reg[15]/D3
          Clock: (R) clk

                     Capture       Launch     
        Clock Edge:+   10000            0     
       Src Latency:+       0            0     
       Net Latency:+       0 (I)        0 (I) 
           Arrival:=   10000            0     
                                              
             Setup:-     136                  
     Required Time:=    9864                  
      Launch Clock:-       0                  
         Data Path:-     571                  
             Slack:=    9294                  

#-------------------------------------------------------------------------------------------------------------------------------------------------------------------------
#                                          Timing Point                                            Flags   Arc   Edge   Cell     Fanout Load Trans Delay Arrival Instance 
#                                                                                                                                       (fF)  (ps)  (ps)   (ps)  Location 
#-------------------------------------------------------------------------------------------------------------------------------------------------------------------------
  reset_release_q_reg[1]/CK                                                                        -       -     R     (arrival)     44    -     0     0       0    (-,-) 
  reset_release_q_reg[1]/Q                                                                         (P)     CK->Q R     DFFRHQX1       2  0.8    31   236     236    (-,-) 
  g7003/Y                                                                                          -       A->Y  F     INVX1         10  2.1    66    57     293    (-,-) 
  drc_buf_sp7151/Y                                                                                 -       A->Y  F     BUFX2         10  2.0    42   104     397    (-,-) 
  drc_buf_sp7150/Y                                                                                 -       A->Y  F     BUFX2          9  1.9    40    92     489    (-,-) 
  g6960__8428/Y                                                                                    -       C0->Y R     AOI211XL       1  0.2    87    82     571    (-,-) 
  CDN_MBIT_ack_rank_q_reg[12]_MB_ack_rank_q_reg[13]_MB_ack_rank_q_reg[14]_MB_ack_rank_q_reg[15]/D3 (p)     -     R     DFF4X1         1    -     -     0     571    (-,-) 
#-------------------------------------------------------------------------------------------------------------------------------------------------------------------------

(p) : Instance is preserved but may be resized
(P) : Instance is preserved



Path 44: MET (9294 ps) Setup Check with Pin CDN_MBIT_ack_rank_q_reg[12]_MB_ack_rank_q_reg[13]_MB_ack_rank_q_reg[14]_MB_ack_rank_q_reg[15]/CK->D2
          Group: clk
     Startpoint: (R) reset_release_q_reg[1]/CK
          Clock: (R) clk
       Endpoint: (R) CDN_MBIT_ack_rank_q_reg[12]_MB_ack_rank_q_reg[13]_MB_ack_rank_q_reg[14]_MB_ack_rank_q_reg[15]/D2
          Clock: (R) clk

                     Capture       Launch     
        Clock Edge:+   10000            0     
       Src Latency:+       0            0     
       Net Latency:+       0 (I)        0 (I) 
           Arrival:=   10000            0     
                                              
             Setup:-     136                  
     Required Time:=    9864                  
      Launch Clock:-       0                  
         Data Path:-     571                  
             Slack:=    9294                  

#-------------------------------------------------------------------------------------------------------------------------------------------------------------------------
#                                          Timing Point                                            Flags   Arc   Edge   Cell     Fanout Load Trans Delay Arrival Instance 
#                                                                                                                                       (fF)  (ps)  (ps)   (ps)  Location 
#-------------------------------------------------------------------------------------------------------------------------------------------------------------------------
  reset_release_q_reg[1]/CK                                                                        -       -     R     (arrival)     44    -     0     0       0    (-,-) 
  reset_release_q_reg[1]/Q                                                                         (P)     CK->Q R     DFFRHQX1       2  0.8    31   236     236    (-,-) 
  g7003/Y                                                                                          -       A->Y  F     INVX1         10  2.1    66    57     293    (-,-) 
  drc_buf_sp7151/Y                                                                                 -       A->Y  F     BUFX2         10  2.0    42   104     397    (-,-) 
  drc_buf_sp7150/Y                                                                                 -       A->Y  F     BUFX2          9  1.9    40    92     489    (-,-) 
  g6959__5477/Y                                                                                    -       C0->Y R     AOI211XL       1  0.2    87    82     571    (-,-) 
  CDN_MBIT_ack_rank_q_reg[12]_MB_ack_rank_q_reg[13]_MB_ack_rank_q_reg[14]_MB_ack_rank_q_reg[15]/D2 (p)     -     R     DFF4X1         1    -     -     0     571    (-,-) 
#-------------------------------------------------------------------------------------------------------------------------------------------------------------------------

(p) : Instance is preserved but may be resized
(P) : Instance is preserved



Path 45: MET (9294 ps) Setup Check with Pin CDN_MBIT_ack_rank_q_reg[12]_MB_ack_rank_q_reg[13]_MB_ack_rank_q_reg[14]_MB_ack_rank_q_reg[15]/CK->D1
          Group: clk
     Startpoint: (R) reset_release_q_reg[1]/CK
          Clock: (R) clk
       Endpoint: (R) CDN_MBIT_ack_rank_q_reg[12]_MB_ack_rank_q_reg[13]_MB_ack_rank_q_reg[14]_MB_ack_rank_q_reg[15]/D1
          Clock: (R) clk

                     Capture       Launch     
        Clock Edge:+   10000            0     
       Src Latency:+       0            0     
       Net Latency:+       0 (I)        0 (I) 
           Arrival:=   10000            0     
                                              
             Setup:-     136                  
     Required Time:=    9864                  
      Launch Clock:-       0                  
         Data Path:-     571                  
             Slack:=    9294                  

#-------------------------------------------------------------------------------------------------------------------------------------------------------------------------
#                                          Timing Point                                            Flags   Arc   Edge   Cell     Fanout Load Trans Delay Arrival Instance 
#                                                                                                                                       (fF)  (ps)  (ps)   (ps)  Location 
#-------------------------------------------------------------------------------------------------------------------------------------------------------------------------
  reset_release_q_reg[1]/CK                                                                        -       -     R     (arrival)     44    -     0     0       0    (-,-) 
  reset_release_q_reg[1]/Q                                                                         (P)     CK->Q R     DFFRHQX1       2  0.8    31   236     236    (-,-) 
  g7003/Y                                                                                          -       A->Y  F     INVX1         10  2.1    66    57     293    (-,-) 
  drc_buf_sp7151/Y                                                                                 -       A->Y  F     BUFX2         10  2.0    42   104     397    (-,-) 
  drc_buf_sp7150/Y                                                                                 -       A->Y  F     BUFX2          9  1.9    40    92     489    (-,-) 
  g6958__6260/Y                                                                                    -       C0->Y R     AOI211XL       1  0.2    87    82     571    (-,-) 
  CDN_MBIT_ack_rank_q_reg[12]_MB_ack_rank_q_reg[13]_MB_ack_rank_q_reg[14]_MB_ack_rank_q_reg[15]/D1 (p)     -     R     DFF4X1         1    -     -     0     571    (-,-) 
#-------------------------------------------------------------------------------------------------------------------------------------------------------------------------

(p) : Instance is preserved but may be resized
(P) : Instance is preserved



Path 46: MET (9294 ps) Setup Check with Pin CDN_MBIT_ack_rank_q_reg[4]_MB_ack_rank_q_reg[5]_MB_ack_rank_q_reg[6]_MB_ack_rank_q_reg[7]/CK->D4
          Group: clk
     Startpoint: (R) reset_release_q_reg[1]/CK
          Clock: (R) clk
       Endpoint: (R) CDN_MBIT_ack_rank_q_reg[4]_MB_ack_rank_q_reg[5]_MB_ack_rank_q_reg[6]_MB_ack_rank_q_reg[7]/D4
          Clock: (R) clk

                     Capture       Launch     
        Clock Edge:+   10000            0     
       Src Latency:+       0            0     
       Net Latency:+       0 (I)        0 (I) 
           Arrival:=   10000            0     
                                              
             Setup:-     136                  
     Required Time:=    9864                  
      Launch Clock:-       0                  
         Data Path:-     571                  
             Slack:=    9294                  

#---------------------------------------------------------------------------------------------------------------------------------------------------------------------
#                                        Timing Point                                          Flags   Arc   Edge   Cell     Fanout Load Trans Delay Arrival Instance 
#                                                                                                                                   (fF)  (ps)  (ps)   (ps)  Location 
#---------------------------------------------------------------------------------------------------------------------------------------------------------------------
  reset_release_q_reg[1]/CK                                                                    -       -     R     (arrival)     44    -     0     0       0    (-,-) 
  reset_release_q_reg[1]/Q                                                                     (P)     CK->Q R     DFFRHQX1       2  0.8    31   236     236    (-,-) 
  g7003/Y                                                                                      -       A->Y  F     INVX1         10  2.1    66    57     293    (-,-) 
  drc_buf_sp7151/Y                                                                             -       A->Y  F     BUFX2         10  2.0    42   104     397    (-,-) 
  drc_buf_sp7150/Y                                                                             -       A->Y  F     BUFX2          9  1.9    40    92     489    (-,-) 
  g6968__8246/Y                                                                                -       C0->Y R     AOI211XL       1  0.2    87    82     571    (-,-) 
  CDN_MBIT_ack_rank_q_reg[4]_MB_ack_rank_q_reg[5]_MB_ack_rank_q_reg[6]_MB_ack_rank_q_reg[7]/D4 (p)     -     R     DFF4X1         1    -     -     0     571    (-,-) 
#---------------------------------------------------------------------------------------------------------------------------------------------------------------------

(p) : Instance is preserved but may be resized
(P) : Instance is preserved



Path 47: MET (9294 ps) Setup Check with Pin CDN_MBIT_ack_rank_q_reg[4]_MB_ack_rank_q_reg[5]_MB_ack_rank_q_reg[6]_MB_ack_rank_q_reg[7]/CK->D3
          Group: clk
     Startpoint: (R) reset_release_q_reg[1]/CK
          Clock: (R) clk
       Endpoint: (R) CDN_MBIT_ack_rank_q_reg[4]_MB_ack_rank_q_reg[5]_MB_ack_rank_q_reg[6]_MB_ack_rank_q_reg[7]/D3
          Clock: (R) clk

                     Capture       Launch     
        Clock Edge:+   10000            0     
       Src Latency:+       0            0     
       Net Latency:+       0 (I)        0 (I) 
           Arrival:=   10000            0     
                                              
             Setup:-     136                  
     Required Time:=    9864                  
      Launch Clock:-       0                  
         Data Path:-     571                  
             Slack:=    9294                  

#---------------------------------------------------------------------------------------------------------------------------------------------------------------------
#                                        Timing Point                                          Flags   Arc   Edge   Cell     Fanout Load Trans Delay Arrival Instance 
#                                                                                                                                   (fF)  (ps)  (ps)   (ps)  Location 
#---------------------------------------------------------------------------------------------------------------------------------------------------------------------
  reset_release_q_reg[1]/CK                                                                    -       -     R     (arrival)     44    -     0     0       0    (-,-) 
  reset_release_q_reg[1]/Q                                                                     (P)     CK->Q R     DFFRHQX1       2  0.8    31   236     236    (-,-) 
  g7003/Y                                                                                      -       A->Y  F     INVX1         10  2.1    66    57     293    (-,-) 
  drc_buf_sp7151/Y                                                                             -       A->Y  F     BUFX2         10  2.0    42   104     397    (-,-) 
  drc_buf_sp7150/Y                                                                             -       A->Y  F     BUFX2          9  1.9    40    92     489    (-,-) 
  g6966__1705/Y                                                                                -       C0->Y R     AOI211XL       1  0.2    87    82     571    (-,-) 
  CDN_MBIT_ack_rank_q_reg[4]_MB_ack_rank_q_reg[5]_MB_ack_rank_q_reg[6]_MB_ack_rank_q_reg[7]/D3 (p)     -     R     DFF4X1         1    -     -     0     571    (-,-) 
#---------------------------------------------------------------------------------------------------------------------------------------------------------------------

(p) : Instance is preserved but may be resized
(P) : Instance is preserved



Path 48: MET (9294 ps) Setup Check with Pin CDN_MBIT_ack_rank_q_reg[0]_MB_ack_rank_q_reg[1]_MB_ack_rank_q_reg[2]_MB_ack_rank_q_reg[3]/CK->D4
          Group: clk
     Startpoint: (R) reset_release_q_reg[1]/CK
          Clock: (R) clk
       Endpoint: (R) CDN_MBIT_ack_rank_q_reg[0]_MB_ack_rank_q_reg[1]_MB_ack_rank_q_reg[2]_MB_ack_rank_q_reg[3]/D4
          Clock: (R) clk

                     Capture       Launch     
        Clock Edge:+   10000            0     
       Src Latency:+       0            0     
       Net Latency:+       0 (I)        0 (I) 
           Arrival:=   10000            0     
                                              
             Setup:-     136                  
     Required Time:=    9864                  
      Launch Clock:-       0                  
         Data Path:-     571                  
             Slack:=    9294                  

#---------------------------------------------------------------------------------------------------------------------------------------------------------------------
#                                        Timing Point                                          Flags   Arc   Edge   Cell     Fanout Load Trans Delay Arrival Instance 
#                                                                                                                                   (fF)  (ps)  (ps)   (ps)  Location 
#---------------------------------------------------------------------------------------------------------------------------------------------------------------------
  reset_release_q_reg[1]/CK                                                                    -       -     R     (arrival)     44    -     0     0       0    (-,-) 
  reset_release_q_reg[1]/Q                                                                     (P)     CK->Q R     DFFRHQX1       2  0.8    31   236     236    (-,-) 
  g7003/Y                                                                                      -       A->Y  F     INVX1         10  2.1    66    57     293    (-,-) 
  drc_buf_sp7151/Y                                                                             -       A->Y  F     BUFX2         10  2.0    42   104     397    (-,-) 
  drc_buf_sp7150/Y                                                                             -       A->Y  F     BUFX2          9  1.9    40    92     489    (-,-) 
  g6964__1617/Y                                                                                -       C0->Y R     AOI211XL       1  0.2    87    82     571    (-,-) 
  CDN_MBIT_ack_rank_q_reg[0]_MB_ack_rank_q_reg[1]_MB_ack_rank_q_reg[2]_MB_ack_rank_q_reg[3]/D4 (p)     -     R     DFF4X1         1    -     -     0     571    (-,-) 
#---------------------------------------------------------------------------------------------------------------------------------------------------------------------

(p) : Instance is preserved but may be resized
(P) : Instance is preserved



Path 49: MET (9294 ps) Setup Check with Pin CDN_MBIT_ack_rank_q_reg[0]_MB_ack_rank_q_reg[1]_MB_ack_rank_q_reg[2]_MB_ack_rank_q_reg[3]/CK->D2
          Group: clk
     Startpoint: (R) reset_release_q_reg[1]/CK
          Clock: (R) clk
       Endpoint: (R) CDN_MBIT_ack_rank_q_reg[0]_MB_ack_rank_q_reg[1]_MB_ack_rank_q_reg[2]_MB_ack_rank_q_reg[3]/D2
          Clock: (R) clk

                     Capture       Launch     
        Clock Edge:+   10000            0     
       Src Latency:+       0            0     
       Net Latency:+       0 (I)        0 (I) 
           Arrival:=   10000            0     
                                              
             Setup:-     136                  
     Required Time:=    9864                  
      Launch Clock:-       0                  
         Data Path:-     571                  
             Slack:=    9294                  

#---------------------------------------------------------------------------------------------------------------------------------------------------------------------
#                                        Timing Point                                          Flags   Arc   Edge   Cell     Fanout Load Trans Delay Arrival Instance 
#                                                                                                                                   (fF)  (ps)  (ps)   (ps)  Location 
#---------------------------------------------------------------------------------------------------------------------------------------------------------------------
  reset_release_q_reg[1]/CK                                                                    -       -     R     (arrival)     44    -     0     0       0    (-,-) 
  reset_release_q_reg[1]/Q                                                                     (P)     CK->Q R     DFFRHQX1       2  0.8    31   236     236    (-,-) 
  g7003/Y                                                                                      -       A->Y  F     INVX1         10  2.1    66    57     293    (-,-) 
  drc_buf_sp7151/Y                                                                             -       A->Y  F     BUFX2         10  2.0    42   104     397    (-,-) 
  drc_buf_sp7150/Y                                                                             -       A->Y  F     BUFX2          9  1.9    40    92     489    (-,-) 
  g6970__6131/Y                                                                                -       C0->Y R     AOI211XL       1  0.2    87    82     571    (-,-) 
  CDN_MBIT_ack_rank_q_reg[0]_MB_ack_rank_q_reg[1]_MB_ack_rank_q_reg[2]_MB_ack_rank_q_reg[3]/D2 (p)     -     R     DFF4X1         1    -     -     0     571    (-,-) 
#---------------------------------------------------------------------------------------------------------------------------------------------------------------------

(p) : Instance is preserved but may be resized
(P) : Instance is preserved



Path 50: MET (9294 ps) Setup Check with Pin CDN_MBIT_ack_rank_q_reg[0]_MB_ack_rank_q_reg[1]_MB_ack_rank_q_reg[2]_MB_ack_rank_q_reg[3]/CK->D1
          Group: clk
     Startpoint: (R) reset_release_q_reg[1]/CK
          Clock: (R) clk
       Endpoint: (R) CDN_MBIT_ack_rank_q_reg[0]_MB_ack_rank_q_reg[1]_MB_ack_rank_q_reg[2]_MB_ack_rank_q_reg[3]/D1
          Clock: (R) clk

                     Capture       Launch     
        Clock Edge:+   10000            0     
       Src Latency:+       0            0     
       Net Latency:+       0 (I)        0 (I) 
           Arrival:=   10000            0     
                                              
             Setup:-     136                  
     Required Time:=    9864                  
      Launch Clock:-       0                  
         Data Path:-     571                  
             Slack:=    9294                  

#---------------------------------------------------------------------------------------------------------------------------------------------------------------------
#                                        Timing Point                                          Flags   Arc   Edge   Cell     Fanout Load Trans Delay Arrival Instance 
#                                                                                                                                   (fF)  (ps)  (ps)   (ps)  Location 
#---------------------------------------------------------------------------------------------------------------------------------------------------------------------
  reset_release_q_reg[1]/CK                                                                    -       -     R     (arrival)     44    -     0     0       0    (-,-) 
  reset_release_q_reg[1]/Q                                                                     (P)     CK->Q R     DFFRHQX1       2  0.8    31   236     236    (-,-) 
  g7003/Y                                                                                      -       A->Y  F     INVX1         10  2.1    66    57     293    (-,-) 
  drc_buf_sp7151/Y                                                                             -       A->Y  F     BUFX2         10  2.0    42   104     397    (-,-) 
  drc_buf_sp7150/Y                                                                             -       A->Y  F     BUFX2          9  1.9    40    92     489    (-,-) 
  g6962__6783/Y                                                                                -       C0->Y R     AOI211XL       1  0.2    87    82     571    (-,-) 
  CDN_MBIT_ack_rank_q_reg[0]_MB_ack_rank_q_reg[1]_MB_ack_rank_q_reg[2]_MB_ack_rank_q_reg[3]/D1 (p)     -     R     DFF4X1         1    -     -     0     571    (-,-) 
#---------------------------------------------------------------------------------------------------------------------------------------------------------------------

(p) : Instance is preserved but may be resized
(P) : Instance is preserved



Path 51: MET (9385 ps) Setup Check with Pin CDN_MBIT_ack_rank_q_reg[12]_MB_ack_rank_q_reg[13]_MB_ack_rank_q_reg[14]_MB_ack_rank_q_reg[15]/CK->D4
          Group: clk
     Startpoint: (R) reset_release_q_reg[1]/CK
          Clock: (R) clk
       Endpoint: (R) CDN_MBIT_ack_rank_q_reg[12]_MB_ack_rank_q_reg[13]_MB_ack_rank_q_reg[14]_MB_ack_rank_q_reg[15]/D4
          Clock: (R) clk

                     Capture       Launch     
        Clock Edge:+   10000            0     
       Src Latency:+       0            0     
       Net Latency:+       0 (I)        0 (I) 
           Arrival:=   10000            0     
                                              
             Setup:-     136                  
     Required Time:=    9864                  
      Launch Clock:-       0                  
         Data Path:-     480                  
             Slack:=    9385                  

#-------------------------------------------------------------------------------------------------------------------------------------------------------------------------
#                                          Timing Point                                            Flags   Arc   Edge   Cell     Fanout Load Trans Delay Arrival Instance 
#                                                                                                                                       (fF)  (ps)  (ps)   (ps)  Location 
#-------------------------------------------------------------------------------------------------------------------------------------------------------------------------
  reset_release_q_reg[1]/CK                                                                        -       -     R     (arrival)     44    -     0     0       0    (-,-) 
  reset_release_q_reg[1]/Q                                                                         (P)     CK->Q R     DFFRHQX1       2  0.8    31   236     236    (-,-) 
  g7003/Y                                                                                          -       A->Y  F     INVX1         10  2.1    66    57     293    (-,-) 
  drc_buf_sp7151/Y                                                                                 -       A->Y  F     BUFX2         10  2.0    42   104     397    (-,-) 
  g6961__5526/Y                                                                                    -       C0->Y R     AOI211XL       1  0.2    87    83     480    (-,-) 
  CDN_MBIT_ack_rank_q_reg[12]_MB_ack_rank_q_reg[13]_MB_ack_rank_q_reg[14]_MB_ack_rank_q_reg[15]/D4 (p)     -     R     DFF4X1         1    -     -     0     480    (-,-) 
#-------------------------------------------------------------------------------------------------------------------------------------------------------------------------

(p) : Instance is preserved but may be resized
(P) : Instance is preserved



Path 52: MET (9385 ps) Setup Check with Pin CDN_MBIT_ack_rank_q_reg[8]_MB_ack_rank_q_reg[9]_MB_ack_rank_q_reg[10]_MB_ack_rank_q_reg[11]/CK->D4
          Group: clk
     Startpoint: (R) reset_release_q_reg[1]/CK
          Clock: (R) clk
       Endpoint: (R) CDN_MBIT_ack_rank_q_reg[8]_MB_ack_rank_q_reg[9]_MB_ack_rank_q_reg[10]_MB_ack_rank_q_reg[11]/D4
          Clock: (R) clk

                     Capture       Launch     
        Clock Edge:+   10000            0     
       Src Latency:+       0            0     
       Net Latency:+       0 (I)        0 (I) 
           Arrival:=   10000            0     
                                              
             Setup:-     136                  
     Required Time:=    9864                  
      Launch Clock:-       0                  
         Data Path:-     480                  
             Slack:=    9385                  

#-----------------------------------------------------------------------------------------------------------------------------------------------------------------------
#                                         Timing Point                                           Flags   Arc   Edge   Cell     Fanout Load Trans Delay Arrival Instance 
#                                                                                                                                     (fF)  (ps)  (ps)   (ps)  Location 
#-----------------------------------------------------------------------------------------------------------------------------------------------------------------------
  reset_release_q_reg[1]/CK                                                                      -       -     R     (arrival)     44    -     0     0       0    (-,-) 
  reset_release_q_reg[1]/Q                                                                       (P)     CK->Q R     DFFRHQX1       2  0.8    31   236     236    (-,-) 
  g7003/Y                                                                                        -       A->Y  F     INVX1         10  2.1    66    57     293    (-,-) 
  drc_buf_sp7151/Y                                                                               -       A->Y  F     BUFX2         10  2.0    42   104     397    (-,-) 
  g6957__5107/Y                                                                                  -       C0->Y R     AOI211XL       1  0.2    87    83     480    (-,-) 
  CDN_MBIT_ack_rank_q_reg[8]_MB_ack_rank_q_reg[9]_MB_ack_rank_q_reg[10]_MB_ack_rank_q_reg[11]/D4 (p)     -     R     DFF4X1         1    -     -     0     480    (-,-) 
#-----------------------------------------------------------------------------------------------------------------------------------------------------------------------

(p) : Instance is preserved but may be resized
(P) : Instance is preserved



Path 53: MET (9385 ps) Setup Check with Pin CDN_MBIT_ack_rank_q_reg[8]_MB_ack_rank_q_reg[9]_MB_ack_rank_q_reg[10]_MB_ack_rank_q_reg[11]/CK->D3
          Group: clk
     Startpoint: (R) reset_release_q_reg[1]/CK
          Clock: (R) clk
       Endpoint: (R) CDN_MBIT_ack_rank_q_reg[8]_MB_ack_rank_q_reg[9]_MB_ack_rank_q_reg[10]_MB_ack_rank_q_reg[11]/D3
          Clock: (R) clk

                     Capture       Launch     
        Clock Edge:+   10000            0     
       Src Latency:+       0            0     
       Net Latency:+       0 (I)        0 (I) 
           Arrival:=   10000            0     
                                              
             Setup:-     136                  
     Required Time:=    9864                  
      Launch Clock:-       0                  
         Data Path:-     480                  
             Slack:=    9385                  

#-----------------------------------------------------------------------------------------------------------------------------------------------------------------------
#                                         Timing Point                                           Flags   Arc   Edge   Cell     Fanout Load Trans Delay Arrival Instance 
#                                                                                                                                     (fF)  (ps)  (ps)   (ps)  Location 
#-----------------------------------------------------------------------------------------------------------------------------------------------------------------------
  reset_release_q_reg[1]/CK                                                                      -       -     R     (arrival)     44    -     0     0       0    (-,-) 
  reset_release_q_reg[1]/Q                                                                       (P)     CK->Q R     DFFRHQX1       2  0.8    31   236     236    (-,-) 
  g7003/Y                                                                                        -       A->Y  F     INVX1         10  2.1    66    57     293    (-,-) 
  drc_buf_sp7151/Y                                                                               -       A->Y  F     BUFX2         10  2.0    42   104     397    (-,-) 
  g6956__2398/Y                                                                                  -       C0->Y R     AOI211XL       1  0.2    87    83     480    (-,-) 
  CDN_MBIT_ack_rank_q_reg[8]_MB_ack_rank_q_reg[9]_MB_ack_rank_q_reg[10]_MB_ack_rank_q_reg[11]/D3 (p)     -     R     DFF4X1         1    -     -     0     480    (-,-) 
#-----------------------------------------------------------------------------------------------------------------------------------------------------------------------

(p) : Instance is preserved but may be resized
(P) : Instance is preserved



Path 54: MET (9385 ps) Setup Check with Pin CDN_MBIT_ack_rank_q_reg[8]_MB_ack_rank_q_reg[9]_MB_ack_rank_q_reg[10]_MB_ack_rank_q_reg[11]/CK->D2
          Group: clk
     Startpoint: (R) reset_release_q_reg[1]/CK
          Clock: (R) clk
       Endpoint: (R) CDN_MBIT_ack_rank_q_reg[8]_MB_ack_rank_q_reg[9]_MB_ack_rank_q_reg[10]_MB_ack_rank_q_reg[11]/D2
          Clock: (R) clk

                     Capture       Launch     
        Clock Edge:+   10000            0     
       Src Latency:+       0            0     
       Net Latency:+       0 (I)        0 (I) 
           Arrival:=   10000            0     
                                              
             Setup:-     136                  
     Required Time:=    9864                  
      Launch Clock:-       0                  
         Data Path:-     480                  
             Slack:=    9385                  

#-----------------------------------------------------------------------------------------------------------------------------------------------------------------------
#                                         Timing Point                                           Flags   Arc   Edge   Cell     Fanout Load Trans Delay Arrival Instance 
#                                                                                                                                     (fF)  (ps)  (ps)   (ps)  Location 
#-----------------------------------------------------------------------------------------------------------------------------------------------------------------------
  reset_release_q_reg[1]/CK                                                                      -       -     R     (arrival)     44    -     0     0       0    (-,-) 
  reset_release_q_reg[1]/Q                                                                       (P)     CK->Q R     DFFRHQX1       2  0.8    31   236     236    (-,-) 
  g7003/Y                                                                                        -       A->Y  F     INVX1         10  2.1    66    57     293    (-,-) 
  drc_buf_sp7151/Y                                                                               -       A->Y  F     BUFX2         10  2.0    42   104     397    (-,-) 
  g6955__4319/Y                                                                                  -       C0->Y R     AOI211XL       1  0.2    87    83     480    (-,-) 
  CDN_MBIT_ack_rank_q_reg[8]_MB_ack_rank_q_reg[9]_MB_ack_rank_q_reg[10]_MB_ack_rank_q_reg[11]/D2 (p)     -     R     DFF4X1         1    -     -     0     480    (-,-) 
#-----------------------------------------------------------------------------------------------------------------------------------------------------------------------

(p) : Instance is preserved but may be resized
(P) : Instance is preserved



Path 55: MET (9385 ps) Setup Check with Pin CDN_MBIT_ack_rank_q_reg[8]_MB_ack_rank_q_reg[9]_MB_ack_rank_q_reg[10]_MB_ack_rank_q_reg[11]/CK->D1
          Group: clk
     Startpoint: (R) reset_release_q_reg[1]/CK
          Clock: (R) clk
       Endpoint: (R) CDN_MBIT_ack_rank_q_reg[8]_MB_ack_rank_q_reg[9]_MB_ack_rank_q_reg[10]_MB_ack_rank_q_reg[11]/D1
          Clock: (R) clk

                     Capture       Launch     
        Clock Edge:+   10000            0     
       Src Latency:+       0            0     
       Net Latency:+       0 (I)        0 (I) 
           Arrival:=   10000            0     
                                              
             Setup:-     136                  
     Required Time:=    9864                  
      Launch Clock:-       0                  
         Data Path:-     480                  
             Slack:=    9385                  

#-----------------------------------------------------------------------------------------------------------------------------------------------------------------------
#                                         Timing Point                                           Flags   Arc   Edge   Cell     Fanout Load Trans Delay Arrival Instance 
#                                                                                                                                     (fF)  (ps)  (ps)   (ps)  Location 
#-----------------------------------------------------------------------------------------------------------------------------------------------------------------------
  reset_release_q_reg[1]/CK                                                                      -       -     R     (arrival)     44    -     0     0       0    (-,-) 
  reset_release_q_reg[1]/Q                                                                       (P)     CK->Q R     DFFRHQX1       2  0.8    31   236     236    (-,-) 
  g7003/Y                                                                                        -       A->Y  F     INVX1         10  2.1    66    57     293    (-,-) 
  drc_buf_sp7151/Y                                                                               -       A->Y  F     BUFX2         10  2.0    42   104     397    (-,-) 
  g6969__7098/Y                                                                                  -       C0->Y R     AOI211XL       1  0.2    87    83     480    (-,-) 
  CDN_MBIT_ack_rank_q_reg[8]_MB_ack_rank_q_reg[9]_MB_ack_rank_q_reg[10]_MB_ack_rank_q_reg[11]/D1 (p)     -     R     DFF4X1         1    -     -     0     480    (-,-) 
#-----------------------------------------------------------------------------------------------------------------------------------------------------------------------

(p) : Instance is preserved but may be resized
(P) : Instance is preserved



Path 56: MET (9385 ps) Setup Check with Pin CDN_MBIT_ack_rank_q_reg[4]_MB_ack_rank_q_reg[5]_MB_ack_rank_q_reg[6]_MB_ack_rank_q_reg[7]/CK->D2
          Group: clk
     Startpoint: (R) reset_release_q_reg[1]/CK
          Clock: (R) clk
       Endpoint: (R) CDN_MBIT_ack_rank_q_reg[4]_MB_ack_rank_q_reg[5]_MB_ack_rank_q_reg[6]_MB_ack_rank_q_reg[7]/D2
          Clock: (R) clk

                     Capture       Launch     
        Clock Edge:+   10000            0     
       Src Latency:+       0            0     
       Net Latency:+       0 (I)        0 (I) 
           Arrival:=   10000            0     
                                              
             Setup:-     136                  
     Required Time:=    9864                  
      Launch Clock:-       0                  
         Data Path:-     480                  
             Slack:=    9385                  

#---------------------------------------------------------------------------------------------------------------------------------------------------------------------
#                                        Timing Point                                          Flags   Arc   Edge   Cell     Fanout Load Trans Delay Arrival Instance 
#                                                                                                                                   (fF)  (ps)  (ps)   (ps)  Location 
#---------------------------------------------------------------------------------------------------------------------------------------------------------------------
  reset_release_q_reg[1]/CK                                                                    -       -     R     (arrival)     44    -     0     0       0    (-,-) 
  reset_release_q_reg[1]/Q                                                                     (P)     CK->Q R     DFFRHQX1       2  0.8    31   236     236    (-,-) 
  g7003/Y                                                                                      -       A->Y  F     INVX1         10  2.1    66    57     293    (-,-) 
  drc_buf_sp7151/Y                                                                             -       A->Y  F     BUFX2         10  2.0    42   104     397    (-,-) 
  g6967__3680/Y                                                                                -       C0->Y R     AOI211XL       1  0.2    87    83     480    (-,-) 
  CDN_MBIT_ack_rank_q_reg[4]_MB_ack_rank_q_reg[5]_MB_ack_rank_q_reg[6]_MB_ack_rank_q_reg[7]/D2 (p)     -     R     DFF4X1         1    -     -     0     480    (-,-) 
#---------------------------------------------------------------------------------------------------------------------------------------------------------------------

(p) : Instance is preserved but may be resized
(P) : Instance is preserved



Path 57: MET (9385 ps) Setup Check with Pin CDN_MBIT_ack_rank_q_reg[4]_MB_ack_rank_q_reg[5]_MB_ack_rank_q_reg[6]_MB_ack_rank_q_reg[7]/CK->D1
          Group: clk
     Startpoint: (R) reset_release_q_reg[1]/CK
          Clock: (R) clk
       Endpoint: (R) CDN_MBIT_ack_rank_q_reg[4]_MB_ack_rank_q_reg[5]_MB_ack_rank_q_reg[6]_MB_ack_rank_q_reg[7]/D1
          Clock: (R) clk

                     Capture       Launch     
        Clock Edge:+   10000            0     
       Src Latency:+       0            0     
       Net Latency:+       0 (I)        0 (I) 
           Arrival:=   10000            0     
                                              
             Setup:-     136                  
     Required Time:=    9864                  
      Launch Clock:-       0                  
         Data Path:-     480                  
             Slack:=    9385                  

#---------------------------------------------------------------------------------------------------------------------------------------------------------------------
#                                        Timing Point                                          Flags   Arc   Edge   Cell     Fanout Load Trans Delay Arrival Instance 
#                                                                                                                                   (fF)  (ps)  (ps)   (ps)  Location 
#---------------------------------------------------------------------------------------------------------------------------------------------------------------------
  reset_release_q_reg[1]/CK                                                                    -       -     R     (arrival)     44    -     0     0       0    (-,-) 
  reset_release_q_reg[1]/Q                                                                     (P)     CK->Q R     DFFRHQX1       2  0.8    31   236     236    (-,-) 
  g7003/Y                                                                                      -       A->Y  F     INVX1         10  2.1    66    57     293    (-,-) 
  drc_buf_sp7151/Y                                                                             -       A->Y  F     BUFX2         10  2.0    42   104     397    (-,-) 
  g6965__2802/Y                                                                                -       C0->Y R     AOI211XL       1  0.2    87    83     480    (-,-) 
  CDN_MBIT_ack_rank_q_reg[4]_MB_ack_rank_q_reg[5]_MB_ack_rank_q_reg[6]_MB_ack_rank_q_reg[7]/D1 (p)     -     R     DFF4X1         1    -     -     0     480    (-,-) 
#---------------------------------------------------------------------------------------------------------------------------------------------------------------------

(p) : Instance is preserved but may be resized
(P) : Instance is preserved



Path 58: MET (9385 ps) Setup Check with Pin CDN_MBIT_ack_rank_q_reg[0]_MB_ack_rank_q_reg[1]_MB_ack_rank_q_reg[2]_MB_ack_rank_q_reg[3]/CK->D3
          Group: clk
     Startpoint: (R) reset_release_q_reg[1]/CK
          Clock: (R) clk
       Endpoint: (R) CDN_MBIT_ack_rank_q_reg[0]_MB_ack_rank_q_reg[1]_MB_ack_rank_q_reg[2]_MB_ack_rank_q_reg[3]/D3
          Clock: (R) clk

                     Capture       Launch     
        Clock Edge:+   10000            0     
       Src Latency:+       0            0     
       Net Latency:+       0 (I)        0 (I) 
           Arrival:=   10000            0     
                                              
             Setup:-     136                  
     Required Time:=    9864                  
      Launch Clock:-       0                  
         Data Path:-     480                  
             Slack:=    9385                  

#---------------------------------------------------------------------------------------------------------------------------------------------------------------------
#                                        Timing Point                                          Flags   Arc   Edge   Cell     Fanout Load Trans Delay Arrival Instance 
#                                                                                                                                   (fF)  (ps)  (ps)   (ps)  Location 
#---------------------------------------------------------------------------------------------------------------------------------------------------------------------
  reset_release_q_reg[1]/CK                                                                    -       -     R     (arrival)     44    -     0     0       0    (-,-) 
  reset_release_q_reg[1]/Q                                                                     (P)     CK->Q R     DFFRHQX1       2  0.8    31   236     236    (-,-) 
  g7003/Y                                                                                      -       A->Y  F     INVX1         10  2.1    66    57     293    (-,-) 
  drc_buf_sp7151/Y                                                                             -       A->Y  F     BUFX2         10  2.0    42   104     397    (-,-) 
  g6963__5122/Y                                                                                -       C0->Y R     AOI211XL       1  0.2    87    83     480    (-,-) 
  CDN_MBIT_ack_rank_q_reg[0]_MB_ack_rank_q_reg[1]_MB_ack_rank_q_reg[2]_MB_ack_rank_q_reg[3]/D3 (p)     -     R     DFF4X1         1    -     -     0     480    (-,-) 
#---------------------------------------------------------------------------------------------------------------------------------------------------------------------

(p) : Instance is preserved but may be resized
(P) : Instance is preserved



Path 59: MET (9651 ps) Setup Check with Pin reset_release_q_reg[1]/CK->D
          Group: clk
     Startpoint: (R) reset_release_q_reg[0]/CK
          Clock: (R) clk
       Endpoint: (R) reset_release_q_reg[1]/D
          Clock: (R) clk

                     Capture       Launch     
        Clock Edge:+   10000            0     
       Src Latency:+       0            0     
       Net Latency:+       0 (I)        0 (I) 
           Arrival:=   10000            0     
                                              
             Setup:-     118                  
     Required Time:=    9882                  
      Launch Clock:-       0                  
         Data Path:-     231                  
             Slack:=    9651                  

#--------------------------------------------------------------------------------------------------
#       Timing Point        Flags   Arc   Edge   Cell     Fanout Load Trans Delay Arrival Instance 
#                                                                (fF)  (ps)  (ps)   (ps)  Location 
#--------------------------------------------------------------------------------------------------
  reset_release_q_reg[0]/CK -       -     R     (arrival)     44    -     0     0       0    (-,-) 
  reset_release_q_reg[0]/Q  (P)     CK->Q R     DFFRHQX1       1  0.3    20   231     231    (-,-) 
  reset_release_q_reg[1]/D  (P)     -     R     DFFRHQX1       1    -     -     0     231    (-,-) 
#--------------------------------------------------------------------------------------------------

(P) : Instance is preserved



Path 60: MET (9721 ps) Setup Check with Pin req_sync_q_reg[5]/CK->D
          Group: clk
     Startpoint: (R) req_meta_q_reg[5]/CK
          Clock: (R) clk
       Endpoint: (R) req_sync_q_reg[5]/D
          Clock: (R) clk

                     Capture       Launch     
        Clock Edge:+   10000            0     
       Src Latency:+       0            0     
       Net Latency:+       0 (I)        0 (I) 
           Arrival:=   10000            0     
                                              
             Setup:-     115                  
     Required Time:=    9885                  
      Launch Clock:-       0                  
         Data Path:-     164                  
             Slack:=    9721                  

#---------------------------------------------------------------------------------------------
#    Timing Point      Flags   Arc   Edge   Cell     Fanout Load Trans Delay Arrival Instance 
#                                                           (fF)  (ps)  (ps)   (ps)  Location 
#---------------------------------------------------------------------------------------------
  req_meta_q_reg[5]/CK -       -     R     (arrival)     44    -     0     0       0    (-,-) 
  req_meta_q_reg[5]/Q  (P)     CK->Q R     DFFQXL         1  0.3    21   164     164    (-,-) 
  req_sync_q_reg[5]/D  (P)     -     R     DFFHQX1        1    -     -     0     164    (-,-) 
#---------------------------------------------------------------------------------------------

(P) : Instance is preserved



Path 61: MET (9721 ps) Setup Check with Pin req_sync_q_reg[11]/CK->D
          Group: clk
     Startpoint: (R) req_meta_q_reg[11]/CK
          Clock: (R) clk
       Endpoint: (R) req_sync_q_reg[11]/D
          Clock: (R) clk

                     Capture       Launch     
        Clock Edge:+   10000            0     
       Src Latency:+       0            0     
       Net Latency:+       0 (I)        0 (I) 
           Arrival:=   10000            0     
                                              
             Setup:-     115                  
     Required Time:=    9885                  
      Launch Clock:-       0                  
         Data Path:-     164                  
             Slack:=    9721                  

#----------------------------------------------------------------------------------------------
#     Timing Point      Flags   Arc   Edge   Cell     Fanout Load Trans Delay Arrival Instance 
#                                                            (fF)  (ps)  (ps)   (ps)  Location 
#----------------------------------------------------------------------------------------------
  req_meta_q_reg[11]/CK -       -     R     (arrival)     44    -     0     0       0    (-,-) 
  req_meta_q_reg[11]/Q  (P)     CK->Q R     DFFQXL         1  0.3    21   164     164    (-,-) 
  req_sync_q_reg[11]/D  (P)     -     R     DFFHQX1        1    -     -     0     164    (-,-) 
#----------------------------------------------------------------------------------------------

(P) : Instance is preserved



Path 62: MET (9721 ps) Setup Check with Pin req_sync_q_reg[0]/CK->D
          Group: clk
     Startpoint: (R) req_meta_q_reg[0]/CK
          Clock: (R) clk
       Endpoint: (R) req_sync_q_reg[0]/D
          Clock: (R) clk

                     Capture       Launch     
        Clock Edge:+   10000            0     
       Src Latency:+       0            0     
       Net Latency:+       0 (I)        0 (I) 
           Arrival:=   10000            0     
                                              
             Setup:-     115                  
     Required Time:=    9885                  
      Launch Clock:-       0                  
         Data Path:-     164                  
             Slack:=    9721                  

#---------------------------------------------------------------------------------------------
#    Timing Point      Flags   Arc   Edge   Cell     Fanout Load Trans Delay Arrival Instance 
#                                                           (fF)  (ps)  (ps)   (ps)  Location 
#---------------------------------------------------------------------------------------------
  req_meta_q_reg[0]/CK -       -     R     (arrival)     44    -     0     0       0    (-,-) 
  req_meta_q_reg[0]/Q  (P)     CK->Q R     DFFQXL         1  0.3    21   164     164    (-,-) 
  req_sync_q_reg[0]/D  (P)     -     R     DFFHQX1        1    -     -     0     164    (-,-) 
#---------------------------------------------------------------------------------------------

(P) : Instance is preserved



Path 63: MET (9721 ps) Setup Check with Pin req_sync_q_reg[6]/CK->D
          Group: clk
     Startpoint: (R) req_meta_q_reg[6]/CK
          Clock: (R) clk
       Endpoint: (R) req_sync_q_reg[6]/D
          Clock: (R) clk

                     Capture       Launch     
        Clock Edge:+   10000            0     
       Src Latency:+       0            0     
       Net Latency:+       0 (I)        0 (I) 
           Arrival:=   10000            0     
                                              
             Setup:-     115                  
     Required Time:=    9885                  
      Launch Clock:-       0                  
         Data Path:-     164                  
             Slack:=    9721                  

#---------------------------------------------------------------------------------------------
#    Timing Point      Flags   Arc   Edge   Cell     Fanout Load Trans Delay Arrival Instance 
#                                                           (fF)  (ps)  (ps)   (ps)  Location 
#---------------------------------------------------------------------------------------------
  req_meta_q_reg[6]/CK -       -     R     (arrival)     44    -     0     0       0    (-,-) 
  req_meta_q_reg[6]/Q  (P)     CK->Q R     DFFQXL         1  0.3    21   164     164    (-,-) 
  req_sync_q_reg[6]/D  (P)     -     R     DFFHQX1        1    -     -     0     164    (-,-) 
#---------------------------------------------------------------------------------------------

(P) : Instance is preserved



Path 64: MET (9721 ps) Setup Check with Pin req_sync_q_reg[13]/CK->D
          Group: clk
     Startpoint: (R) req_meta_q_reg[13]/CK
          Clock: (R) clk
       Endpoint: (R) req_sync_q_reg[13]/D
          Clock: (R) clk

                     Capture       Launch     
        Clock Edge:+   10000            0     
       Src Latency:+       0            0     
       Net Latency:+       0 (I)        0 (I) 
           Arrival:=   10000            0     
                                              
             Setup:-     115                  
     Required Time:=    9885                  
      Launch Clock:-       0                  
         Data Path:-     164                  
             Slack:=    9721                  

#----------------------------------------------------------------------------------------------
#     Timing Point      Flags   Arc   Edge   Cell     Fanout Load Trans Delay Arrival Instance 
#                                                            (fF)  (ps)  (ps)   (ps)  Location 
#----------------------------------------------------------------------------------------------
  req_meta_q_reg[13]/CK -       -     R     (arrival)     44    -     0     0       0    (-,-) 
  req_meta_q_reg[13]/Q  (P)     CK->Q R     DFFQXL         1  0.3    21   164     164    (-,-) 
  req_sync_q_reg[13]/D  (P)     -     R     DFFHQX1        1    -     -     0     164    (-,-) 
#----------------------------------------------------------------------------------------------

(P) : Instance is preserved



Path 65: MET (9721 ps) Setup Check with Pin req_sync_q_reg[15]/CK->D
          Group: clk
     Startpoint: (R) req_meta_q_reg[15]/CK
          Clock: (R) clk
       Endpoint: (R) req_sync_q_reg[15]/D
          Clock: (R) clk

                     Capture       Launch     
        Clock Edge:+   10000            0     
       Src Latency:+       0            0     
       Net Latency:+       0 (I)        0 (I) 
           Arrival:=   10000            0     
                                              
             Setup:-     115                  
     Required Time:=    9885                  
      Launch Clock:-       0                  
         Data Path:-     164                  
             Slack:=    9721                  

#----------------------------------------------------------------------------------------------
#     Timing Point      Flags   Arc   Edge   Cell     Fanout Load Trans Delay Arrival Instance 
#                                                            (fF)  (ps)  (ps)   (ps)  Location 
#----------------------------------------------------------------------------------------------
  req_meta_q_reg[15]/CK -       -     R     (arrival)     44    -     0     0       0    (-,-) 
  req_meta_q_reg[15]/Q  (P)     CK->Q R     DFFQXL         1  0.3    21   164     164    (-,-) 
  req_sync_q_reg[15]/D  (P)     -     R     DFFHQX1        1    -     -     0     164    (-,-) 
#----------------------------------------------------------------------------------------------

(P) : Instance is preserved



Path 66: MET (9721 ps) Setup Check with Pin req_sync_q_reg[12]/CK->D
          Group: clk
     Startpoint: (R) req_meta_q_reg[12]/CK
          Clock: (R) clk
       Endpoint: (R) req_sync_q_reg[12]/D
          Clock: (R) clk

                     Capture       Launch     
        Clock Edge:+   10000            0     
       Src Latency:+       0            0     
       Net Latency:+       0 (I)        0 (I) 
           Arrival:=   10000            0     
                                              
             Setup:-     115                  
     Required Time:=    9885                  
      Launch Clock:-       0                  
         Data Path:-     164                  
             Slack:=    9721                  

#----------------------------------------------------------------------------------------------
#     Timing Point      Flags   Arc   Edge   Cell     Fanout Load Trans Delay Arrival Instance 
#                                                            (fF)  (ps)  (ps)   (ps)  Location 
#----------------------------------------------------------------------------------------------
  req_meta_q_reg[12]/CK -       -     R     (arrival)     44    -     0     0       0    (-,-) 
  req_meta_q_reg[12]/Q  (P)     CK->Q R     DFFQXL         1  0.3    21   164     164    (-,-) 
  req_sync_q_reg[12]/D  (P)     -     R     DFFHQX1        1    -     -     0     164    (-,-) 
#----------------------------------------------------------------------------------------------

(P) : Instance is preserved



Path 67: MET (9721 ps) Setup Check with Pin req_sync_q_reg[9]/CK->D
          Group: clk
     Startpoint: (R) req_meta_q_reg[9]/CK
          Clock: (R) clk
       Endpoint: (R) req_sync_q_reg[9]/D
          Clock: (R) clk

                     Capture       Launch     
        Clock Edge:+   10000            0     
       Src Latency:+       0            0     
       Net Latency:+       0 (I)        0 (I) 
           Arrival:=   10000            0     
                                              
             Setup:-     115                  
     Required Time:=    9885                  
      Launch Clock:-       0                  
         Data Path:-     164                  
             Slack:=    9721                  

#---------------------------------------------------------------------------------------------
#    Timing Point      Flags   Arc   Edge   Cell     Fanout Load Trans Delay Arrival Instance 
#                                                           (fF)  (ps)  (ps)   (ps)  Location 
#---------------------------------------------------------------------------------------------
  req_meta_q_reg[9]/CK -       -     R     (arrival)     44    -     0     0       0    (-,-) 
  req_meta_q_reg[9]/Q  (P)     CK->Q R     DFFQXL         1  0.3    21   164     164    (-,-) 
  req_sync_q_reg[9]/D  (P)     -     R     DFFHQX1        1    -     -     0     164    (-,-) 
#---------------------------------------------------------------------------------------------

(P) : Instance is preserved



Path 68: MET (9721 ps) Setup Check with Pin req_sync_q_reg[4]/CK->D
          Group: clk
     Startpoint: (R) req_meta_q_reg[4]/CK
          Clock: (R) clk
       Endpoint: (R) req_sync_q_reg[4]/D
          Clock: (R) clk

                     Capture       Launch     
        Clock Edge:+   10000            0     
       Src Latency:+       0            0     
       Net Latency:+       0 (I)        0 (I) 
           Arrival:=   10000            0     
                                              
             Setup:-     115                  
     Required Time:=    9885                  
      Launch Clock:-       0                  
         Data Path:-     164                  
             Slack:=    9721                  

#---------------------------------------------------------------------------------------------
#    Timing Point      Flags   Arc   Edge   Cell     Fanout Load Trans Delay Arrival Instance 
#                                                           (fF)  (ps)  (ps)   (ps)  Location 
#---------------------------------------------------------------------------------------------
  req_meta_q_reg[4]/CK -       -     R     (arrival)     44    -     0     0       0    (-,-) 
  req_meta_q_reg[4]/Q  (P)     CK->Q R     DFFQXL         1  0.3    21   164     164    (-,-) 
  req_sync_q_reg[4]/D  (P)     -     R     DFFHQX1        1    -     -     0     164    (-,-) 
#---------------------------------------------------------------------------------------------

(P) : Instance is preserved



Path 69: MET (9721 ps) Setup Check with Pin req_sync_q_reg[3]/CK->D
          Group: clk
     Startpoint: (R) req_meta_q_reg[3]/CK
          Clock: (R) clk
       Endpoint: (R) req_sync_q_reg[3]/D
          Clock: (R) clk

                     Capture       Launch     
        Clock Edge:+   10000            0     
       Src Latency:+       0            0     
       Net Latency:+       0 (I)        0 (I) 
           Arrival:=   10000            0     
                                              
             Setup:-     115                  
     Required Time:=    9885                  
      Launch Clock:-       0                  
         Data Path:-     164                  
             Slack:=    9721                  

#---------------------------------------------------------------------------------------------
#    Timing Point      Flags   Arc   Edge   Cell     Fanout Load Trans Delay Arrival Instance 
#                                                           (fF)  (ps)  (ps)   (ps)  Location 
#---------------------------------------------------------------------------------------------
  req_meta_q_reg[3]/CK -       -     R     (arrival)     44    -     0     0       0    (-,-) 
  req_meta_q_reg[3]/Q  (P)     CK->Q R     DFFQXL         1  0.3    21   164     164    (-,-) 
  req_sync_q_reg[3]/D  (P)     -     R     DFFHQX1        1    -     -     0     164    (-,-) 
#---------------------------------------------------------------------------------------------

(P) : Instance is preserved



Path 70: MET (9721 ps) Setup Check with Pin req_sync_q_reg[10]/CK->D
          Group: clk
     Startpoint: (R) req_meta_q_reg[10]/CK
          Clock: (R) clk
       Endpoint: (R) req_sync_q_reg[10]/D
          Clock: (R) clk

                     Capture       Launch     
        Clock Edge:+   10000            0     
       Src Latency:+       0            0     
       Net Latency:+       0 (I)        0 (I) 
           Arrival:=   10000            0     
                                              
             Setup:-     115                  
     Required Time:=    9885                  
      Launch Clock:-       0                  
         Data Path:-     164                  
             Slack:=    9721                  

#----------------------------------------------------------------------------------------------
#     Timing Point      Flags   Arc   Edge   Cell     Fanout Load Trans Delay Arrival Instance 
#                                                            (fF)  (ps)  (ps)   (ps)  Location 
#----------------------------------------------------------------------------------------------
  req_meta_q_reg[10]/CK -       -     R     (arrival)     44    -     0     0       0    (-,-) 
  req_meta_q_reg[10]/Q  (P)     CK->Q R     DFFQXL         1  0.3    21   164     164    (-,-) 
  req_sync_q_reg[10]/D  (P)     -     R     DFFHQX1        1    -     -     0     164    (-,-) 
#----------------------------------------------------------------------------------------------

(P) : Instance is preserved



Path 71: MET (9721 ps) Setup Check with Pin req_sync_q_reg[8]/CK->D
          Group: clk
     Startpoint: (R) req_meta_q_reg[8]/CK
          Clock: (R) clk
       Endpoint: (R) req_sync_q_reg[8]/D
          Clock: (R) clk

                     Capture       Launch     
        Clock Edge:+   10000            0     
       Src Latency:+       0            0     
       Net Latency:+       0 (I)        0 (I) 
           Arrival:=   10000            0     
                                              
             Setup:-     115                  
     Required Time:=    9885                  
      Launch Clock:-       0                  
         Data Path:-     164                  
             Slack:=    9721                  

#---------------------------------------------------------------------------------------------
#    Timing Point      Flags   Arc   Edge   Cell     Fanout Load Trans Delay Arrival Instance 
#                                                           (fF)  (ps)  (ps)   (ps)  Location 
#---------------------------------------------------------------------------------------------
  req_meta_q_reg[8]/CK -       -     R     (arrival)     44    -     0     0       0    (-,-) 
  req_meta_q_reg[8]/Q  (P)     CK->Q R     DFFQXL         1  0.3    21   164     164    (-,-) 
  req_sync_q_reg[8]/D  (P)     -     R     DFFHQX1        1    -     -     0     164    (-,-) 
#---------------------------------------------------------------------------------------------

(P) : Instance is preserved



Path 72: MET (9721 ps) Setup Check with Pin req_sync_q_reg[14]/CK->D
          Group: clk
     Startpoint: (R) req_meta_q_reg[14]/CK
          Clock: (R) clk
       Endpoint: (R) req_sync_q_reg[14]/D
          Clock: (R) clk

                     Capture       Launch     
        Clock Edge:+   10000            0     
       Src Latency:+       0            0     
       Net Latency:+       0 (I)        0 (I) 
           Arrival:=   10000            0     
                                              
             Setup:-     115                  
     Required Time:=    9885                  
      Launch Clock:-       0                  
         Data Path:-     164                  
             Slack:=    9721                  

#----------------------------------------------------------------------------------------------
#     Timing Point      Flags   Arc   Edge   Cell     Fanout Load Trans Delay Arrival Instance 
#                                                            (fF)  (ps)  (ps)   (ps)  Location 
#----------------------------------------------------------------------------------------------
  req_meta_q_reg[14]/CK -       -     R     (arrival)     44    -     0     0       0    (-,-) 
  req_meta_q_reg[14]/Q  (P)     CK->Q R     DFFQXL         1  0.3    21   164     164    (-,-) 
  req_sync_q_reg[14]/D  (P)     -     R     DFFHQX1        1    -     -     0     164    (-,-) 
#----------------------------------------------------------------------------------------------

(P) : Instance is preserved



Path 73: MET (9721 ps) Setup Check with Pin req_sync_q_reg[7]/CK->D
          Group: clk
     Startpoint: (R) req_meta_q_reg[7]/CK
          Clock: (R) clk
       Endpoint: (R) req_sync_q_reg[7]/D
          Clock: (R) clk

                     Capture       Launch     
        Clock Edge:+   10000            0     
       Src Latency:+       0            0     
       Net Latency:+       0 (I)        0 (I) 
           Arrival:=   10000            0     
                                              
             Setup:-     115                  
     Required Time:=    9885                  
      Launch Clock:-       0                  
         Data Path:-     164                  
             Slack:=    9721                  

#---------------------------------------------------------------------------------------------
#    Timing Point      Flags   Arc   Edge   Cell     Fanout Load Trans Delay Arrival Instance 
#                                                           (fF)  (ps)  (ps)   (ps)  Location 
#---------------------------------------------------------------------------------------------
  req_meta_q_reg[7]/CK -       -     R     (arrival)     44    -     0     0       0    (-,-) 
  req_meta_q_reg[7]/Q  (P)     CK->Q R     DFFQXL         1  0.3    21   164     164    (-,-) 
  req_sync_q_reg[7]/D  (P)     -     R     DFFHQX1        1    -     -     0     164    (-,-) 
#---------------------------------------------------------------------------------------------

(P) : Instance is preserved



Path 74: MET (9721 ps) Setup Check with Pin req_sync_q_reg[1]/CK->D
          Group: clk
     Startpoint: (R) req_meta_q_reg[1]/CK
          Clock: (R) clk
       Endpoint: (R) req_sync_q_reg[1]/D
          Clock: (R) clk

                     Capture       Launch     
        Clock Edge:+   10000            0     
       Src Latency:+       0            0     
       Net Latency:+       0 (I)        0 (I) 
           Arrival:=   10000            0     
                                              
             Setup:-     115                  
     Required Time:=    9885                  
      Launch Clock:-       0                  
         Data Path:-     164                  
             Slack:=    9721                  

#---------------------------------------------------------------------------------------------
#    Timing Point      Flags   Arc   Edge   Cell     Fanout Load Trans Delay Arrival Instance 
#                                                           (fF)  (ps)  (ps)   (ps)  Location 
#---------------------------------------------------------------------------------------------
  req_meta_q_reg[1]/CK -       -     R     (arrival)     44    -     0     0       0    (-,-) 
  req_meta_q_reg[1]/Q  (P)     CK->Q R     DFFQXL         1  0.3    21   164     164    (-,-) 
  req_sync_q_reg[1]/D  (P)     -     R     DFFHQX1        1    -     -     0     164    (-,-) 
#---------------------------------------------------------------------------------------------

(P) : Instance is preserved



Path 75: MET (9721 ps) Setup Check with Pin req_sync_q_reg[2]/CK->D
          Group: clk
     Startpoint: (R) req_meta_q_reg[2]/CK
          Clock: (R) clk
       Endpoint: (R) req_sync_q_reg[2]/D
          Clock: (R) clk

                     Capture       Launch     
        Clock Edge:+   10000            0     
       Src Latency:+       0            0     
       Net Latency:+       0 (I)        0 (I) 
           Arrival:=   10000            0     
                                              
             Setup:-     115                  
     Required Time:=    9885                  
      Launch Clock:-       0                  
         Data Path:-     164                  
             Slack:=    9721                  

#---------------------------------------------------------------------------------------------
#    Timing Point      Flags   Arc   Edge   Cell     Fanout Load Trans Delay Arrival Instance 
#                                                           (fF)  (ps)  (ps)   (ps)  Location 
#---------------------------------------------------------------------------------------------
  req_meta_q_reg[2]/CK -       -     R     (arrival)     44    -     0     0       0    (-,-) 
  req_meta_q_reg[2]/Q  (P)     CK->Q R     DFFQXL         1  0.3    21   164     164    (-,-) 
  req_sync_q_reg[2]/D  (P)     -     R     DFFHQX1        1    -     -     0     164    (-,-) 
#---------------------------------------------------------------------------------------------

(P) : Instance is preserved

Some unconstrained paths have not been displayed.
Use -unconstrained or set the root attribute 'timing_report_unconstrained' to 'true' to see only these unconstrained paths.

