============================================================
  Generated by:           Genus(TM) Synthesis Solution 23.14-s090_1
  Generated on:           Aug 21 2026  03:11:54 pm
  Module:                 aer_pending_xor2_rank_reuse_sync_core_reset
  Operating conditions:   typical (balanced_tree)
  Wireload mode:          enclosed
  Area mode:              timing library
============================================================


Path 1: MET (7531 ps) Setup Check with Pin core/pending_rank_q_reg[14]/CK->D
          Group: clk
     Startpoint: (R) core/ack_rank_q_reg[14]/CK
          Clock: (R) clk
       Endpoint: (F) core/pending_rank_q_reg[14]/D
          Clock: (R) clk

                     Capture       Launch     
        Clock Edge:+   10000            0     
       Src Latency:+       0            0     
       Net Latency:+       0 (I)        0 (I) 
           Arrival:=   10000            0     
                                              
             Setup:-     212                  
     Required Time:=    9788                  
      Launch Clock:-       0                  
         Data Path:-    2257                  
             Slack:=    7531                  

#-------------------------------------------------------------------------------------------------------
#         Timing Point          Flags    Arc   Edge   Cell     Fanout Load Trans Delay Arrival Instance 
#                                                                     (fF)  (ps)  (ps)   (ps)  Location 
#-------------------------------------------------------------------------------------------------------
  core/ack_rank_q_reg[14]/CK    -       -      R     (arrival)     71    -     0     0       0    (-,-) 
  core/ack_rank_q_reg[14]/QN    -       CK->QN F     DFFTRX1        2  9.4    68   296     296    (-,-) 
  core/g6856__2398/Y            -       A0->Y  R     AOI21X1        4 17.5   290   192     488    (-,-) 
  core/g6819__2802/Y            -       B->Y   F     NAND4X1        2  7.4   121    79     567    (-,-) 
  core/g6813__4319/Y            -       A->Y   F     OR2X2          3 11.1    61   150     716    (-,-) 
  core/g6809__5477/Y            -       AN->Y  F     NAND2BX1       1  4.7    56   111     827    (-,-) 
  core/g6802__9315/Y            -       A0->Y  R     AOI21X1        2  8.3   180   126     954    (-,-) 
  core/g6790__6131/Y            -       A1->Y  F     OAI21XL        7 30.0   256   186    1139    (-,-) 
  core/g6789/Y                  -       A->Y   R     INVX1          5 22.2   220   188    1327    (-,-) 
  core/g6782__3680/Y            -       B0->Y  F     OAI22X1        1  4.4   134    67    1394    (-,-) 
  core/g6776__6260/Y            -       B0->Y  R     AOI22X1        2  7.2   206   165    1559    (-,-) 
  core/g6773__5477/Y            -       C0->Y  F     OAI221XL       1  3.5   164    88    1647    (-,-) 
  core/g6770__7410/Y            -       A->Y   F     AND3X2         1  5.0    48   140    1787    (-,-) 
  core/g6763__4733/Y            -       B0->Y  R     AOI211X1       3  8.5   256   154    1941    (-,-) 
  core/g6762/Y                  -       A->Y   F     INVX1          3  8.5    81    49    1990    (-,-) 
  core/g6751__1617/Y            -       A0->Y  R     OAI21XL        4 12.8   322   208    2199    (-,-) 
  core/g6738__1666/Y            -       A1->Y  F     AOI21XL        1  2.1    92    58    2257    (-,-) 
  core/pending_rank_q_reg[14]/D -       -      F     DFFHQX1        1    -     -     0    2257    (-,-) 
#-------------------------------------------------------------------------------------------------------



Path 2: MET (7531 ps) Setup Check with Pin core/pending_rank_q_reg[12]/CK->D
          Group: clk
     Startpoint: (R) core/ack_rank_q_reg[14]/CK
          Clock: (R) clk
       Endpoint: (F) core/pending_rank_q_reg[12]/D
          Clock: (R) clk

                     Capture       Launch     
        Clock Edge:+   10000            0     
       Src Latency:+       0            0     
       Net Latency:+       0 (I)        0 (I) 
           Arrival:=   10000            0     
                                              
             Setup:-     212                  
     Required Time:=    9788                  
      Launch Clock:-       0                  
         Data Path:-    2257                  
             Slack:=    7531                  

#-------------------------------------------------------------------------------------------------------
#         Timing Point          Flags    Arc   Edge   Cell     Fanout Load Trans Delay Arrival Instance 
#                                                                     (fF)  (ps)  (ps)   (ps)  Location 
#-------------------------------------------------------------------------------------------------------
  core/ack_rank_q_reg[14]/CK    -       -      R     (arrival)     71    -     0     0       0    (-,-) 
  core/ack_rank_q_reg[14]/QN    -       CK->QN F     DFFTRX1        2  9.4    68   296     296    (-,-) 
  core/g6856__2398/Y            -       A0->Y  R     AOI21X1        4 17.5   290   192     488    (-,-) 
  core/g6819__2802/Y            -       B->Y   F     NAND4X1        2  7.4   121    79     567    (-,-) 
  core/g6813__4319/Y            -       A->Y   F     OR2X2          3 11.1    61   150     716    (-,-) 
  core/g6809__5477/Y            -       AN->Y  F     NAND2BX1       1  4.7    56   111     827    (-,-) 
  core/g6802__9315/Y            -       A0->Y  R     AOI21X1        2  8.3   180   126     954    (-,-) 
  core/g6790__6131/Y            -       A1->Y  F     OAI21XL        7 30.0   256   186    1139    (-,-) 
  core/g6789/Y                  -       A->Y   R     INVX1          5 22.2   220   188    1327    (-,-) 
  core/g6782__3680/Y            -       B0->Y  F     OAI22X1        1  4.4   134    67    1394    (-,-) 
  core/g6776__6260/Y            -       B0->Y  R     AOI22X1        2  7.2   206   165    1559    (-,-) 
  core/g6773__5477/Y            -       C0->Y  F     OAI221XL       1  3.5   164    88    1647    (-,-) 
  core/g6770__7410/Y            -       A->Y   F     AND3X2         1  5.0    48   140    1787    (-,-) 
  core/g6763__4733/Y            -       B0->Y  R     AOI211X1       3  8.5   256   154    1941    (-,-) 
  core/g6762/Y                  -       A->Y   F     INVX1          3  8.5    81    49    1990    (-,-) 
  core/g6751__1617/Y            -       A0->Y  R     OAI21XL        4 12.8   322   208    2199    (-,-) 
  core/g6749__6783/Y            -       A1->Y  F     AOI21XL        1  2.1    92    58    2257    (-,-) 
  core/pending_rank_q_reg[12]/D -       -      F     DFFHQX1        1    -     -     0    2257    (-,-) 
#-------------------------------------------------------------------------------------------------------



Path 3: MET (7531 ps) Setup Check with Pin core/pending_rank_q_reg[10]/CK->D
          Group: clk
     Startpoint: (R) core/ack_rank_q_reg[14]/CK
          Clock: (R) clk
       Endpoint: (F) core/pending_rank_q_reg[10]/D
          Clock: (R) clk

                     Capture       Launch     
        Clock Edge:+   10000            0     
       Src Latency:+       0            0     
       Net Latency:+       0 (I)        0 (I) 
           Arrival:=   10000            0     
                                              
             Setup:-     212                  
     Required Time:=    9788                  
      Launch Clock:-       0                  
         Data Path:-    2257                  
             Slack:=    7531                  

#-------------------------------------------------------------------------------------------------------
#         Timing Point          Flags    Arc   Edge   Cell     Fanout Load Trans Delay Arrival Instance 
#                                                                     (fF)  (ps)  (ps)   (ps)  Location 
#-------------------------------------------------------------------------------------------------------
  core/ack_rank_q_reg[14]/CK    -       -      R     (arrival)     71    -     0     0       0    (-,-) 
  core/ack_rank_q_reg[14]/QN    -       CK->QN F     DFFTRX1        2  9.4    68   296     296    (-,-) 
  core/g6856__2398/Y            -       A0->Y  R     AOI21X1        4 17.5   290   192     488    (-,-) 
  core/g6819__2802/Y            -       B->Y   F     NAND4X1        2  7.4   121    79     567    (-,-) 
  core/g6813__4319/Y            -       A->Y   F     OR2X2          3 11.1    61   150     716    (-,-) 
  core/g6809__5477/Y            -       AN->Y  F     NAND2BX1       1  4.7    56   111     827    (-,-) 
  core/g6802__9315/Y            -       A0->Y  R     AOI21X1        2  8.3   180   126     954    (-,-) 
  core/g6790__6131/Y            -       A1->Y  F     OAI21XL        7 30.0   256   186    1139    (-,-) 
  core/g6789/Y                  -       A->Y   R     INVX1          5 22.2   220   188    1327    (-,-) 
  core/g6782__3680/Y            -       B0->Y  F     OAI22X1        1  4.4   134    67    1394    (-,-) 
  core/g6776__6260/Y            -       B0->Y  R     AOI22X1        2  7.2   206   165    1559    (-,-) 
  core/g6773__5477/Y            -       C0->Y  F     OAI221XL       1  3.5   164    88    1647    (-,-) 
  core/g6770__7410/Y            -       A->Y   F     AND3X2         1  5.0    48   140    1787    (-,-) 
  core/g6763__4733/Y            -       B0->Y  R     AOI211X1       3  8.5   256   154    1941    (-,-) 
  core/g6762/Y                  -       A->Y   F     INVX1          3  8.5    81    49    1990    (-,-) 
  core/g6751__1617/Y            -       A0->Y  R     OAI21XL        4 12.8   322   208    2199    (-,-) 
  core/g6739__7410/Y            -       A1->Y  F     AOI21XL        1  2.1    92    58    2257    (-,-) 
  core/pending_rank_q_reg[10]/D -       -      F     DFFHQX1        1    -     -     0    2257    (-,-) 
#-------------------------------------------------------------------------------------------------------



Path 4: MET (7531 ps) Setup Check with Pin core/pending_rank_q_reg[8]/CK->D
          Group: clk
     Startpoint: (R) core/ack_rank_q_reg[14]/CK
          Clock: (R) clk
       Endpoint: (F) core/pending_rank_q_reg[8]/D
          Clock: (R) clk

                     Capture       Launch     
        Clock Edge:+   10000            0     
       Src Latency:+       0            0     
       Net Latency:+       0 (I)        0 (I) 
           Arrival:=   10000            0     
                                              
             Setup:-     212                  
     Required Time:=    9788                  
      Launch Clock:-       0                  
         Data Path:-    2257                  
             Slack:=    7531                  

#------------------------------------------------------------------------------------------------------
#        Timing Point          Flags    Arc   Edge   Cell     Fanout Load Trans Delay Arrival Instance 
#                                                                    (fF)  (ps)  (ps)   (ps)  Location 
#------------------------------------------------------------------------------------------------------
  core/ack_rank_q_reg[14]/CK   -       -      R     (arrival)     71    -     0     0       0    (-,-) 
  core/ack_rank_q_reg[14]/QN   -       CK->QN F     DFFTRX1        2  9.4    68   296     296    (-,-) 
  core/g6856__2398/Y           -       A0->Y  R     AOI21X1        4 17.5   290   192     488    (-,-) 
  core/g6819__2802/Y           -       B->Y   F     NAND4X1        2  7.4   121    79     567    (-,-) 
  core/g6813__4319/Y           -       A->Y   F     OR2X2          3 11.1    61   150     716    (-,-) 
  core/g6809__5477/Y           -       AN->Y  F     NAND2BX1       1  4.7    56   111     827    (-,-) 
  core/g6802__9315/Y           -       A0->Y  R     AOI21X1        2  8.3   180   126     954    (-,-) 
  core/g6790__6131/Y           -       A1->Y  F     OAI21XL        7 30.0   256   186    1139    (-,-) 
  core/g6789/Y                 -       A->Y   R     INVX1          5 22.2   220   188    1327    (-,-) 
  core/g6782__3680/Y           -       B0->Y  F     OAI22X1        1  4.4   134    67    1394    (-,-) 
  core/g6776__6260/Y           -       B0->Y  R     AOI22X1        2  7.2   206   165    1559    (-,-) 
  core/g6773__5477/Y           -       C0->Y  F     OAI221XL       1  3.5   164    88    1647    (-,-) 
  core/g6770__7410/Y           -       A->Y   F     AND3X2         1  5.0    48   140    1787    (-,-) 
  core/g6763__4733/Y           -       B0->Y  R     AOI211X1       3  8.5   256   154    1941    (-,-) 
  core/g6762/Y                 -       A->Y   F     INVX1          3  8.5    81    49    1990    (-,-) 
  core/g6751__1617/Y           -       A0->Y  R     OAI21XL        4 12.8   322   208    2199    (-,-) 
  core/g6735__9945/Y           -       A1->Y  F     AOI21XL        1  2.1    92    58    2257    (-,-) 
  core/pending_rank_q_reg[8]/D -       -      F     DFFHQX1        1    -     -     0    2257    (-,-) 
#------------------------------------------------------------------------------------------------------



Path 5: MET (7624 ps) Setup Check with Pin core/pending_rank_q_reg[6]/CK->D
          Group: clk
     Startpoint: (R) core/ack_rank_q_reg[14]/CK
          Clock: (R) clk
       Endpoint: (F) core/pending_rank_q_reg[6]/D
          Clock: (R) clk

                     Capture       Launch     
        Clock Edge:+   10000            0     
       Src Latency:+       0            0     
       Net Latency:+       0 (I)        0 (I) 
           Arrival:=   10000            0     
                                              
             Setup:-     212                  
     Required Time:=    9788                  
      Launch Clock:-       0                  
         Data Path:-    2164                  
             Slack:=    7624                  

#------------------------------------------------------------------------------------------------------
#        Timing Point          Flags    Arc   Edge   Cell     Fanout Load Trans Delay Arrival Instance 
#                                                                    (fF)  (ps)  (ps)   (ps)  Location 
#------------------------------------------------------------------------------------------------------
  core/ack_rank_q_reg[14]/CK   -       -      R     (arrival)     71    -     0     0       0    (-,-) 
  core/ack_rank_q_reg[14]/QN   -       CK->QN F     DFFTRX1        2  9.4    68   296     296    (-,-) 
  core/g6856__2398/Y           -       A0->Y  R     AOI21X1        4 17.5   290   192     488    (-,-) 
  core/g6819__2802/Y           -       B->Y   F     NAND4X1        2  7.4   121    79     567    (-,-) 
  core/g6813__4319/Y           -       A->Y   F     OR2X2          3 11.1    61   150     716    (-,-) 
  core/g6809__5477/Y           -       AN->Y  F     NAND2BX1       1  4.7    56   111     827    (-,-) 
  core/g6802__9315/Y           -       A0->Y  R     AOI21X1        2  8.3   180   126     954    (-,-) 
  core/g6790__6131/Y           -       A1->Y  F     OAI21XL        7 30.0   256   186    1139    (-,-) 
  core/g6789/Y                 -       A->Y   R     INVX1          5 22.2   220   188    1327    (-,-) 
  core/g6782__3680/Y           -       B0->Y  F     OAI22X1        1  4.4   134    67    1394    (-,-) 
  core/g6776__6260/Y           -       B0->Y  R     AOI22X1        2  7.2   206   165    1559    (-,-) 
  core/g6773__5477/Y           -       C0->Y  F     OAI221XL       1  3.5   164    88    1647    (-,-) 
  core/g6770__7410/Y           -       A->Y   F     AND3X2         1  5.0    48   140    1787    (-,-) 
  core/g6763__4733/Y           -       B0->Y  R     AOI211X1       3  8.5   256   154    1941    (-,-) 
  core/g6756__8246/Y           -       A1N->Y R     OAI2BB1X1      4 12.8   165   168    2110    (-,-) 
  core/g6734__9315/Y           -       A1->Y  F     AOI21XL        1  2.1    89    55    2164    (-,-) 
  core/pending_rank_q_reg[6]/D -       -      F     DFFHQX1        1    -     -     0    2164    (-,-) 
#------------------------------------------------------------------------------------------------------



Path 6: MET (7625 ps) Setup Check with Pin core/pending_rank_q_reg[2]/CK->D
          Group: clk
     Startpoint: (R) core/ack_rank_q_reg[14]/CK
          Clock: (R) clk
       Endpoint: (F) core/pending_rank_q_reg[2]/D
          Clock: (R) clk

                     Capture       Launch     
        Clock Edge:+   10000            0     
       Src Latency:+       0            0     
       Net Latency:+       0 (I)        0 (I) 
           Arrival:=   10000            0     
                                              
             Setup:-     211                  
     Required Time:=    9789                  
      Launch Clock:-       0                  
         Data Path:-    2164                  
             Slack:=    7625                  

#------------------------------------------------------------------------------------------------------
#        Timing Point          Flags    Arc   Edge   Cell     Fanout Load Trans Delay Arrival Instance 
#                                                                    (fF)  (ps)  (ps)   (ps)  Location 
#------------------------------------------------------------------------------------------------------
  core/ack_rank_q_reg[14]/CK   -       -      R     (arrival)     71    -     0     0       0    (-,-) 
  core/ack_rank_q_reg[14]/QN   -       CK->QN F     DFFTRX1        2  9.4    68   296     296    (-,-) 
  core/g6856__2398/Y           -       A0->Y  R     AOI21X1        4 17.5   290   192     488    (-,-) 
  core/g6819__2802/Y           -       B->Y   F     NAND4X1        2  7.4   121    79     567    (-,-) 
  core/g6813__4319/Y           -       A->Y   F     OR2X2          3 11.1    61   150     716    (-,-) 
  core/g6809__5477/Y           -       AN->Y  F     NAND2BX1       1  4.7    56   111     827    (-,-) 
  core/g6802__9315/Y           -       A0->Y  R     AOI21X1        2  8.3   180   126     954    (-,-) 
  core/g6790__6131/Y           -       A1->Y  F     OAI21XL        7 30.0   256   186    1139    (-,-) 
  core/g6789/Y                 -       A->Y   R     INVX1          5 22.2   220   188    1327    (-,-) 
  core/g6782__3680/Y           -       B0->Y  F     OAI22X1        1  4.4   134    67    1394    (-,-) 
  core/g6776__6260/Y           -       B0->Y  R     AOI22X1        2  7.2   206   165    1559    (-,-) 
  core/g6773__5477/Y           -       C0->Y  F     OAI221XL       1  3.5   164    88    1647    (-,-) 
  core/g6770__7410/Y           -       A->Y   F     AND3X2         1  5.0    48   140    1787    (-,-) 
  core/g6763__4733/Y           -       B0->Y  R     AOI211X1       3  8.5   256   154    1941    (-,-) 
  core/g6756__8246/Y           -       A1N->Y R     OAI2BB1X1      4 12.8   165   168    2110    (-,-) 
  core/g6745__6260/Y           -       A1->Y  F     AOI21XL        1  2.1    87    55    2164    (-,-) 
  core/pending_rank_q_reg[2]/D -       -      F     DFFHQX1        1    -     -     0    2164    (-,-) 
#------------------------------------------------------------------------------------------------------



Path 7: MET (7625 ps) Setup Check with Pin core/pending_rank_q_reg[4]/CK->D
          Group: clk
     Startpoint: (R) core/ack_rank_q_reg[14]/CK
          Clock: (R) clk
       Endpoint: (F) core/pending_rank_q_reg[4]/D
          Clock: (R) clk

                     Capture       Launch     
        Clock Edge:+   10000            0     
       Src Latency:+       0            0     
       Net Latency:+       0 (I)        0 (I) 
           Arrival:=   10000            0     
                                              
             Setup:-     211                  
     Required Time:=    9789                  
      Launch Clock:-       0                  
         Data Path:-    2164                  
             Slack:=    7625                  

#------------------------------------------------------------------------------------------------------
#        Timing Point          Flags    Arc   Edge   Cell     Fanout Load Trans Delay Arrival Instance 
#                                                                    (fF)  (ps)  (ps)   (ps)  Location 
#------------------------------------------------------------------------------------------------------
  core/ack_rank_q_reg[14]/CK   -       -      R     (arrival)     71    -     0     0       0    (-,-) 
  core/ack_rank_q_reg[14]/QN   -       CK->QN F     DFFTRX1        2  9.4    68   296     296    (-,-) 
  core/g6856__2398/Y           -       A0->Y  R     AOI21X1        4 17.5   290   192     488    (-,-) 
  core/g6819__2802/Y           -       B->Y   F     NAND4X1        2  7.4   121    79     567    (-,-) 
  core/g6813__4319/Y           -       A->Y   F     OR2X2          3 11.1    61   150     716    (-,-) 
  core/g6809__5477/Y           -       AN->Y  F     NAND2BX1       1  4.7    56   111     827    (-,-) 
  core/g6802__9315/Y           -       A0->Y  R     AOI21X1        2  8.3   180   126     954    (-,-) 
  core/g6790__6131/Y           -       A1->Y  F     OAI21XL        7 30.0   256   186    1139    (-,-) 
  core/g6789/Y                 -       A->Y   R     INVX1          5 22.2   220   188    1327    (-,-) 
  core/g6782__3680/Y           -       B0->Y  F     OAI22X1        1  4.4   134    67    1394    (-,-) 
  core/g6776__6260/Y           -       B0->Y  R     AOI22X1        2  7.2   206   165    1559    (-,-) 
  core/g6773__5477/Y           -       C0->Y  F     OAI221XL       1  3.5   164    88    1647    (-,-) 
  core/g6770__7410/Y           -       A->Y   F     AND3X2         1  5.0    48   140    1787    (-,-) 
  core/g6763__4733/Y           -       B0->Y  R     AOI211X1       3  8.5   256   154    1941    (-,-) 
  core/g6756__8246/Y           -       A1N->Y R     OAI2BB1X1      4 12.8   165   168    2110    (-,-) 
  core/g6748__5526/Y           -       A1->Y  F     AOI21XL        1  2.1    84    55    2164    (-,-) 
  core/pending_rank_q_reg[4]/D -       -      F     DFFHQX1        1    -     -     0    2164    (-,-) 
#------------------------------------------------------------------------------------------------------



Path 8: MET (7625 ps) Setup Check with Pin core/pending_rank_q_reg[0]/CK->D
          Group: clk
     Startpoint: (R) core/ack_rank_q_reg[14]/CK
          Clock: (R) clk
       Endpoint: (F) core/pending_rank_q_reg[0]/D
          Clock: (R) clk

                     Capture       Launch     
        Clock Edge:+   10000            0     
       Src Latency:+       0            0     
       Net Latency:+       0 (I)        0 (I) 
           Arrival:=   10000            0     
                                              
             Setup:-     211                  
     Required Time:=    9789                  
      Launch Clock:-       0                  
         Data Path:-    2164                  
             Slack:=    7625                  

#------------------------------------------------------------------------------------------------------
#        Timing Point          Flags    Arc   Edge   Cell     Fanout Load Trans Delay Arrival Instance 
#                                                                    (fF)  (ps)  (ps)   (ps)  Location 
#------------------------------------------------------------------------------------------------------
  core/ack_rank_q_reg[14]/CK   -       -      R     (arrival)     71    -     0     0       0    (-,-) 
  core/ack_rank_q_reg[14]/QN   -       CK->QN F     DFFTRX1        2  9.4    68   296     296    (-,-) 
  core/g6856__2398/Y           -       A0->Y  R     AOI21X1        4 17.5   290   192     488    (-,-) 
  core/g6819__2802/Y           -       B->Y   F     NAND4X1        2  7.4   121    79     567    (-,-) 
  core/g6813__4319/Y           -       A->Y   F     OR2X2          3 11.1    61   150     716    (-,-) 
  core/g6809__5477/Y           -       AN->Y  F     NAND2BX1       1  4.7    56   111     827    (-,-) 
  core/g6802__9315/Y           -       A0->Y  R     AOI21X1        2  8.3   180   126     954    (-,-) 
  core/g6790__6131/Y           -       A1->Y  F     OAI21XL        7 30.0   256   186    1139    (-,-) 
  core/g6789/Y                 -       A->Y   R     INVX1          5 22.2   220   188    1327    (-,-) 
  core/g6782__3680/Y           -       B0->Y  F     OAI22X1        1  4.4   134    67    1394    (-,-) 
  core/g6776__6260/Y           -       B0->Y  R     AOI22X1        2  7.2   206   165    1559    (-,-) 
  core/g6773__5477/Y           -       C0->Y  F     OAI221XL       1  3.5   164    88    1647    (-,-) 
  core/g6770__7410/Y           -       A->Y   F     AND3X2         1  5.0    48   140    1787    (-,-) 
  core/g6763__4733/Y           -       B0->Y  R     AOI211X1       3  8.5   256   154    1941    (-,-) 
  core/g6756__8246/Y           -       A1N->Y R     OAI2BB1X1      4 12.8   165   168    2110    (-,-) 
  core/g6746__4319/Y           -       A1->Y  F     AOI21XL        1  2.1    84    55    2164    (-,-) 
  core/pending_rank_q_reg[0]/D -       -      F     DFFHQX1        1    -     -     0    2164    (-,-) 
#------------------------------------------------------------------------------------------------------



Path 9: MET (7647 ps) Setup Check with Pin core/pending_rank_q_reg[7]/CK->D
          Group: clk
     Startpoint: (R) core/ack_rank_q_reg[14]/CK
          Clock: (R) clk
       Endpoint: (R) core/pending_rank_q_reg[7]/D
          Clock: (R) clk

                     Capture       Launch     
        Clock Edge:+   10000            0     
       Src Latency:+       0            0     
       Net Latency:+       0 (I)        0 (I) 
           Arrival:=   10000            0     
                                              
             Setup:-      95                  
     Required Time:=    9905                  
      Launch Clock:-       0                  
         Data Path:-    2258                  
             Slack:=    7647                  

#------------------------------------------------------------------------------------------------------
#        Timing Point          Flags    Arc   Edge   Cell     Fanout Load Trans Delay Arrival Instance 
#                                                                    (fF)  (ps)  (ps)   (ps)  Location 
#------------------------------------------------------------------------------------------------------
  core/ack_rank_q_reg[14]/CK   -       -      R     (arrival)     71    -     0     0       0    (-,-) 
  core/ack_rank_q_reg[14]/QN   -       CK->QN F     DFFTRX1        2  9.4    68   296     296    (-,-) 
  core/g6856__2398/Y           -       A0->Y  R     AOI21X1        4 17.5   290   192     488    (-,-) 
  core/g6819__2802/Y           -       B->Y   F     NAND4X1        2  7.4   121    79     567    (-,-) 
  core/g6813__4319/Y           -       A->Y   F     OR2X2          3 11.1    61   150     716    (-,-) 
  core/g6809__5477/Y           -       AN->Y  F     NAND2BX1       1  4.7    56   111     827    (-,-) 
  core/g6802__9315/Y           -       A0->Y  R     AOI21X1        2  8.3   180   126     954    (-,-) 
  core/g6790__6131/Y           -       A1->Y  F     OAI21XL        7 30.0   256   186    1139    (-,-) 
  core/g6789/Y                 -       A->Y   R     INVX1          5 22.2   220   188    1327    (-,-) 
  core/g6782__3680/Y           -       B0->Y  F     OAI22X1        1  4.4   134    67    1394    (-,-) 
  core/g6776__6260/Y           -       B0->Y  R     AOI22X1        2  7.2   206   165    1559    (-,-) 
  core/g6773__5477/Y           -       C0->Y  F     OAI221XL       1  3.5   164    88    1647    (-,-) 
  core/g6770__7410/Y           -       A->Y   F     AND3X2         1  5.0    48   140    1787    (-,-) 
  core/g6763__4733/Y           -       B0->Y  R     AOI211X1       3  8.5   256   154    1941    (-,-) 
  core/g6762/Y                 -       A->Y   F     INVX1          3  8.5    81    49    1990    (-,-) 
  core/g6755__5122/Y           -       A1N->Y F     OAI2BB1X1      4 12.8   148   156    2147    (-,-) 
  core/g6736__2883/Y           -       A0->Y  R     AOI21XL        1  2.1   126   111    2258    (-,-) 
  core/pending_rank_q_reg[7]/D -       -      R     DFFHQX1        1    -     -     0    2258    (-,-) 
#------------------------------------------------------------------------------------------------------



Path 10: MET (7647 ps) Setup Check with Pin core/pending_rank_q_reg[5]/CK->D
          Group: clk
     Startpoint: (R) core/ack_rank_q_reg[14]/CK
          Clock: (R) clk
       Endpoint: (R) core/pending_rank_q_reg[5]/D
          Clock: (R) clk

                     Capture       Launch     
        Clock Edge:+   10000            0     
       Src Latency:+       0            0     
       Net Latency:+       0 (I)        0 (I) 
           Arrival:=   10000            0     
                                              
             Setup:-      95                  
     Required Time:=    9905                  
      Launch Clock:-       0                  
         Data Path:-    2258                  
             Slack:=    7647                  

#------------------------------------------------------------------------------------------------------
#        Timing Point          Flags    Arc   Edge   Cell     Fanout Load Trans Delay Arrival Instance 
#                                                                    (fF)  (ps)  (ps)   (ps)  Location 
#------------------------------------------------------------------------------------------------------
  core/ack_rank_q_reg[14]/CK   -       -      R     (arrival)     71    -     0     0       0    (-,-) 
  core/ack_rank_q_reg[14]/QN   -       CK->QN F     DFFTRX1        2  9.4    68   296     296    (-,-) 
  core/g6856__2398/Y           -       A0->Y  R     AOI21X1        4 17.5   290   192     488    (-,-) 
  core/g6819__2802/Y           -       B->Y   F     NAND4X1        2  7.4   121    79     567    (-,-) 
  core/g6813__4319/Y           -       A->Y   F     OR2X2          3 11.1    61   150     716    (-,-) 
  core/g6809__5477/Y           -       AN->Y  F     NAND2BX1       1  4.7    56   111     827    (-,-) 
  core/g6802__9315/Y           -       A0->Y  R     AOI21X1        2  8.3   180   126     954    (-,-) 
  core/g6790__6131/Y           -       A1->Y  F     OAI21XL        7 30.0   256   186    1139    (-,-) 
  core/g6789/Y                 -       A->Y   R     INVX1          5 22.2   220   188    1327    (-,-) 
  core/g6782__3680/Y           -       B0->Y  F     OAI22X1        1  4.4   134    67    1394    (-,-) 
  core/g6776__6260/Y           -       B0->Y  R     AOI22X1        2  7.2   206   165    1559    (-,-) 
  core/g6773__5477/Y           -       C0->Y  F     OAI221XL       1  3.5   164    88    1647    (-,-) 
  core/g6770__7410/Y           -       A->Y   F     AND3X2         1  5.0    48   140    1787    (-,-) 
  core/g6763__4733/Y           -       B0->Y  R     AOI211X1       3  8.5   256   154    1941    (-,-) 
  core/g6762/Y                 -       A->Y   F     INVX1          3  8.5    81    49    1990    (-,-) 
  core/g6755__5122/Y           -       A1N->Y F     OAI2BB1X1      4 12.8   148   156    2147    (-,-) 
  core/g6741__6417/Y           -       A0->Y  R     AOI21XL        1  2.1   126   111    2258    (-,-) 
  core/pending_rank_q_reg[5]/D -       -      R     DFFHQX1        1    -     -     0    2258    (-,-) 
#------------------------------------------------------------------------------------------------------



Path 11: MET (7647 ps) Setup Check with Pin core/pending_rank_q_reg[3]/CK->D
          Group: clk
     Startpoint: (R) core/ack_rank_q_reg[14]/CK
          Clock: (R) clk
       Endpoint: (R) core/pending_rank_q_reg[3]/D
          Clock: (R) clk

                     Capture       Launch     
        Clock Edge:+   10000            0     
       Src Latency:+       0            0     
       Net Latency:+       0 (I)        0 (I) 
           Arrival:=   10000            0     
                                              
             Setup:-      95                  
     Required Time:=    9905                  
      Launch Clock:-       0                  
         Data Path:-    2258                  
             Slack:=    7647                  

#------------------------------------------------------------------------------------------------------
#        Timing Point          Flags    Arc   Edge   Cell     Fanout Load Trans Delay Arrival Instance 
#                                                                    (fF)  (ps)  (ps)   (ps)  Location 
#------------------------------------------------------------------------------------------------------
  core/ack_rank_q_reg[14]/CK   -       -      R     (arrival)     71    -     0     0       0    (-,-) 
  core/ack_rank_q_reg[14]/QN   -       CK->QN F     DFFTRX1        2  9.4    68   296     296    (-,-) 
  core/g6856__2398/Y           -       A0->Y  R     AOI21X1        4 17.5   290   192     488    (-,-) 
  core/g6819__2802/Y           -       B->Y   F     NAND4X1        2  7.4   121    79     567    (-,-) 
  core/g6813__4319/Y           -       A->Y   F     OR2X2          3 11.1    61   150     716    (-,-) 
  core/g6809__5477/Y           -       AN->Y  F     NAND2BX1       1  4.7    56   111     827    (-,-) 
  core/g6802__9315/Y           -       A0->Y  R     AOI21X1        2  8.3   180   126     954    (-,-) 
  core/g6790__6131/Y           -       A1->Y  F     OAI21XL        7 30.0   256   186    1139    (-,-) 
  core/g6789/Y                 -       A->Y   R     INVX1          5 22.2   220   188    1327    (-,-) 
  core/g6782__3680/Y           -       B0->Y  F     OAI22X1        1  4.4   134    67    1394    (-,-) 
  core/g6776__6260/Y           -       B0->Y  R     AOI22X1        2  7.2   206   165    1559    (-,-) 
  core/g6773__5477/Y           -       C0->Y  F     OAI221XL       1  3.5   164    88    1647    (-,-) 
  core/g6770__7410/Y           -       A->Y   F     AND3X2         1  5.0    48   140    1787    (-,-) 
  core/g6763__4733/Y           -       B0->Y  R     AOI211X1       3  8.5   256   154    1941    (-,-) 
  core/g6762/Y                 -       A->Y   F     INVX1          3  8.5    81    49    1990    (-,-) 
  core/g6755__5122/Y           -       A1N->Y F     OAI2BB1X1      4 12.8   148   156    2147    (-,-) 
  core/g6747__8428/Y           -       A0->Y  R     AOI21XL        1  2.1   126   111    2258    (-,-) 
  core/pending_rank_q_reg[3]/D -       -      R     DFFHQX1        1    -     -     0    2258    (-,-) 
#------------------------------------------------------------------------------------------------------



Path 12: MET (7647 ps) Setup Check with Pin core/pending_rank_q_reg[1]/CK->D
          Group: clk
     Startpoint: (R) core/ack_rank_q_reg[14]/CK
          Clock: (R) clk
       Endpoint: (R) core/pending_rank_q_reg[1]/D
          Clock: (R) clk

                     Capture       Launch     
        Clock Edge:+   10000            0     
       Src Latency:+       0            0     
       Net Latency:+       0 (I)        0 (I) 
           Arrival:=   10000            0     
                                              
             Setup:-      95                  
     Required Time:=    9905                  
      Launch Clock:-       0                  
         Data Path:-    2258                  
             Slack:=    7647                  

#------------------------------------------------------------------------------------------------------
#        Timing Point          Flags    Arc   Edge   Cell     Fanout Load Trans Delay Arrival Instance 
#                                                                    (fF)  (ps)  (ps)   (ps)  Location 
#------------------------------------------------------------------------------------------------------
  core/ack_rank_q_reg[14]/CK   -       -      R     (arrival)     71    -     0     0       0    (-,-) 
  core/ack_rank_q_reg[14]/QN   -       CK->QN F     DFFTRX1        2  9.4    68   296     296    (-,-) 
  core/g6856__2398/Y           -       A0->Y  R     AOI21X1        4 17.5   290   192     488    (-,-) 
  core/g6819__2802/Y           -       B->Y   F     NAND4X1        2  7.4   121    79     567    (-,-) 
  core/g6813__4319/Y           -       A->Y   F     OR2X2          3 11.1    61   150     716    (-,-) 
  core/g6809__5477/Y           -       AN->Y  F     NAND2BX1       1  4.7    56   111     827    (-,-) 
  core/g6802__9315/Y           -       A0->Y  R     AOI21X1        2  8.3   180   126     954    (-,-) 
  core/g6790__6131/Y           -       A1->Y  F     OAI21XL        7 30.0   256   186    1139    (-,-) 
  core/g6789/Y                 -       A->Y   R     INVX1          5 22.2   220   188    1327    (-,-) 
  core/g6782__3680/Y           -       B0->Y  F     OAI22X1        1  4.4   134    67    1394    (-,-) 
  core/g6776__6260/Y           -       B0->Y  R     AOI22X1        2  7.2   206   165    1559    (-,-) 
  core/g6773__5477/Y           -       C0->Y  F     OAI221XL       1  3.5   164    88    1647    (-,-) 
  core/g6770__7410/Y           -       A->Y   F     AND3X2         1  5.0    48   140    1787    (-,-) 
  core/g6763__4733/Y           -       B0->Y  R     AOI211X1       3  8.5   256   154    1941    (-,-) 
  core/g6762/Y                 -       A->Y   F     INVX1          3  8.5    81    49    1990    (-,-) 
  core/g6755__5122/Y           -       A1N->Y F     OAI2BB1X1      4 12.8   148   156    2147    (-,-) 
  core/g6744__5107/Y           -       A0->Y  R     AOI21XL        1  2.1   126   111    2258    (-,-) 
  core/pending_rank_q_reg[1]/D -       -      R     DFFHQX1        1    -     -     0    2258    (-,-) 
#------------------------------------------------------------------------------------------------------



Path 13: MET (7662 ps) Setup Check with Pin core/out_rank_q_reg[0]/CK->D
          Group: clk
     Startpoint: (R) core/ack_rank_q_reg[14]/CK
          Clock: (R) clk
       Endpoint: (F) core/out_rank_q_reg[0]/D
          Clock: (R) clk

                     Capture       Launch     
        Clock Edge:+   10000            0     
       Src Latency:+       0            0     
       Net Latency:+       0 (I)        0 (I) 
           Arrival:=   10000            0     
                                              
             Setup:-     205                  
     Required Time:=    9795                  
      Launch Clock:-       0                  
         Data Path:-    2133                  
             Slack:=    7662                  

#----------------------------------------------------------------------------------------------------
#       Timing Point         Flags    Arc   Edge   Cell     Fanout Load Trans Delay Arrival Instance 
#                                                                  (fF)  (ps)  (ps)   (ps)  Location 
#----------------------------------------------------------------------------------------------------
  core/ack_rank_q_reg[14]/CK -       -      R     (arrival)     71    -     0     0       0    (-,-) 
  core/ack_rank_q_reg[14]/QN -       CK->QN F     DFFTRX1        2  9.4    68   296     296    (-,-) 
  core/g6856__2398/Y         -       A0->Y  R     AOI21X1        4 17.5   290   192     488    (-,-) 
  core/g6819__2802/Y         -       B->Y   F     NAND4X1        2  7.4   121    79     567    (-,-) 
  core/g6813__4319/Y         -       A->Y   F     OR2X2          3 11.1    61   150     716    (-,-) 
  core/g6809__5477/Y         -       AN->Y  F     NAND2BX1       1  4.7    56   111     827    (-,-) 
  core/g6802__9315/Y         -       A0->Y  R     AOI21X1        2  8.3   180   126     954    (-,-) 
  core/g6790__6131/Y         -       A1->Y  F     OAI21XL        7 30.0   256   186    1139    (-,-) 
  core/g6789/Y               -       A->Y   R     INVX1          5 22.2   220   188    1327    (-,-) 
  core/g6782__3680/Y         -       B0->Y  F     OAI22X1        1  4.4   134    67    1394    (-,-) 
  core/g6776__6260/Y         -       B0->Y  R     AOI22X1        2  7.2   206   165    1559    (-,-) 
  core/g6773__5477/Y         -       C0->Y  F     OAI221XL       1  3.5   164    88    1647    (-,-) 
  core/g6770__7410/Y         -       A->Y   F     AND3X2         1  5.0    48   140    1787    (-,-) 
  core/g6763__4733/Y         -       B0->Y  R     AOI211X1       3  8.5   256   154    1941    (-,-) 
  core/g6762/Y               -       A->Y   F     INVX1          3  8.5    81    49    1990    (-,-) 
  core/g6754__1705/Y         -       A0->Y  R     AOI22XL        1  4.1   199   113    2103    (-,-) 
  core/g6750__3680/Y         -       A->Y   F     NAND2X1        1  2.1    55    30    2133    (-,-) 
  core/out_rank_q_reg[0]/D   -       -      F     DFFHQX1        1    -     -     0    2133    (-,-) 
#----------------------------------------------------------------------------------------------------



Path 14: MET (7709 ps) Setup Check with Pin core/pending_rank_q_reg[15]/CK->D
          Group: clk
     Startpoint: (R) core/ack_rank_q_reg[10]/CK
          Clock: (R) clk
       Endpoint: (F) core/pending_rank_q_reg[15]/D
          Clock: (R) clk

                     Capture       Launch     
        Clock Edge:+   10000            0     
       Src Latency:+       0            0     
       Net Latency:+       0 (I)        0 (I) 
           Arrival:=   10000            0     
                                              
             Setup:-     213                  
     Required Time:=    9787                  
      Launch Clock:-       0                  
         Data Path:-    2078                  
             Slack:=    7709                  

#-------------------------------------------------------------------------------------------------------
#         Timing Point          Flags    Arc   Edge   Cell     Fanout Load Trans Delay Arrival Instance 
#                                                                     (fF)  (ps)  (ps)   (ps)  Location 
#-------------------------------------------------------------------------------------------------------
  core/ack_rank_q_reg[10]/CK    -       -      R     (arrival)     71    -     0     0       0    (-,-) 
  core/ack_rank_q_reg[10]/QN    -       CK->QN F     DFFTRX1        2  9.4    68   296     296    (-,-) 
  core/g6878__9945/Y            -       A0->Y  R     AOI21X1        4 17.5   290   192     488    (-,-) 
  core/g6818__1617/Y            -       B->Y   F     NAND4X1        2  7.7   123    80     568    (-,-) 
  core/g6805__2346/Y            -       A1->Y  R     OAI21XL        1  4.7   183   149     717    (-,-) 
  core/g6797__4733/Y            -       A0->Y  F     AOI22X1        1  3.5   102    45     762    (-,-) 
  core/g6790__6131/Y            -       A0->Y  R     OAI21XL        7 30.0   611   376    1138    (-,-) 
  core/g6789/Y                  -       A->Y   F     INVX1          5 22.2   205   128    1267    (-,-) 
  core/g6782__3680/Y            -       B0->Y  R     OAI22X1        1  4.4   215   163    1430    (-,-) 
  core/g6776__6260/Y            -       B0->Y  F     AOI22X1        2  7.2   152    88    1518    (-,-) 
  core/g6773__5477/Y            -       C0->Y  R     OAI221XL       1  3.5   287    97    1615    (-,-) 
  core/g6770__7410/Y            -       A->Y   R     AND3X2         1  5.0    57   127    1742    (-,-) 
  core/g6763__4733/Y            -       B0->Y  F     AOI211X1       3  8.5   123    52    1794    (-,-) 
  core/g6752__2802/Y            -       A0->Y  R     OAI21XL        4 12.8   322   218    2012    (-,-) 
  core/g6743__2398/Y            -       A0->Y  F     AOI21XL        1  2.1    97    65    2078    (-,-) 
  core/pending_rank_q_reg[15]/D -       -      F     DFFHQX1        1    -     -     0    2078    (-,-) 
#-------------------------------------------------------------------------------------------------------



Path 15: MET (7709 ps) Setup Check with Pin core/pending_rank_q_reg[13]/CK->D
          Group: clk
     Startpoint: (R) core/ack_rank_q_reg[10]/CK
          Clock: (R) clk
       Endpoint: (F) core/pending_rank_q_reg[13]/D
          Clock: (R) clk

                     Capture       Launch     
        Clock Edge:+   10000            0     
       Src Latency:+       0            0     
       Net Latency:+       0 (I)        0 (I) 
           Arrival:=   10000            0     
                                              
             Setup:-     213                  
     Required Time:=    9787                  
      Launch Clock:-       0                  
         Data Path:-    2078                  
             Slack:=    7709                  

#-------------------------------------------------------------------------------------------------------
#         Timing Point          Flags    Arc   Edge   Cell     Fanout Load Trans Delay Arrival Instance 
#                                                                     (fF)  (ps)  (ps)   (ps)  Location 
#-------------------------------------------------------------------------------------------------------
  core/ack_rank_q_reg[10]/CK    -       -      R     (arrival)     71    -     0     0       0    (-,-) 
  core/ack_rank_q_reg[10]/QN    -       CK->QN F     DFFTRX1        2  9.4    68   296     296    (-,-) 
  core/g6878__9945/Y            -       A0->Y  R     AOI21X1        4 17.5   290   192     488    (-,-) 
  core/g6818__1617/Y            -       B->Y   F     NAND4X1        2  7.7   123    80     568    (-,-) 
  core/g6805__2346/Y            -       A1->Y  R     OAI21XL        1  4.7   183   149     717    (-,-) 
  core/g6797__4733/Y            -       A0->Y  F     AOI22X1        1  3.5   102    45     762    (-,-) 
  core/g6790__6131/Y            -       A0->Y  R     OAI21XL        7 30.0   611   376    1138    (-,-) 
  core/g6789/Y                  -       A->Y   F     INVX1          5 22.2   205   128    1267    (-,-) 
  core/g6782__3680/Y            -       B0->Y  R     OAI22X1        1  4.4   215   163    1430    (-,-) 
  core/g6776__6260/Y            -       B0->Y  F     AOI22X1        2  7.2   152    88    1518    (-,-) 
  core/g6773__5477/Y            -       C0->Y  R     OAI221XL       1  3.5   287    97    1615    (-,-) 
  core/g6770__7410/Y            -       A->Y   R     AND3X2         1  5.0    57   127    1742    (-,-) 
  core/g6763__4733/Y            -       B0->Y  F     AOI211X1       3  8.5   123    52    1794    (-,-) 
  core/g6752__2802/Y            -       A0->Y  R     OAI21XL        4 12.8   322   218    2012    (-,-) 
  core/g6742__5477/Y            -       A0->Y  F     AOI21XL        1  2.1    97    65    2078    (-,-) 
  core/pending_rank_q_reg[13]/D -       -      F     DFFHQX1        1    -     -     0    2078    (-,-) 
#-------------------------------------------------------------------------------------------------------



Path 16: MET (7709 ps) Setup Check with Pin core/pending_rank_q_reg[11]/CK->D
          Group: clk
     Startpoint: (R) core/ack_rank_q_reg[10]/CK
          Clock: (R) clk
       Endpoint: (F) core/pending_rank_q_reg[11]/D
          Clock: (R) clk

                     Capture       Launch     
        Clock Edge:+   10000            0     
       Src Latency:+       0            0     
       Net Latency:+       0 (I)        0 (I) 
           Arrival:=   10000            0     
                                              
             Setup:-     213                  
     Required Time:=    9787                  
      Launch Clock:-       0                  
         Data Path:-    2078                  
             Slack:=    7709                  

#-------------------------------------------------------------------------------------------------------
#         Timing Point          Flags    Arc   Edge   Cell     Fanout Load Trans Delay Arrival Instance 
#                                                                     (fF)  (ps)  (ps)   (ps)  Location 
#-------------------------------------------------------------------------------------------------------
  core/ack_rank_q_reg[10]/CK    -       -      R     (arrival)     71    -     0     0       0    (-,-) 
  core/ack_rank_q_reg[10]/QN    -       CK->QN F     DFFTRX1        2  9.4    68   296     296    (-,-) 
  core/g6878__9945/Y            -       A0->Y  R     AOI21X1        4 17.5   290   192     488    (-,-) 
  core/g6818__1617/Y            -       B->Y   F     NAND4X1        2  7.7   123    80     568    (-,-) 
  core/g6805__2346/Y            -       A1->Y  R     OAI21XL        1  4.7   183   149     717    (-,-) 
  core/g6797__4733/Y            -       A0->Y  F     AOI22X1        1  3.5   102    45     762    (-,-) 
  core/g6790__6131/Y            -       A0->Y  R     OAI21XL        7 30.0   611   376    1138    (-,-) 
  core/g6789/Y                  -       A->Y   F     INVX1          5 22.2   205   128    1267    (-,-) 
  core/g6782__3680/Y            -       B0->Y  R     OAI22X1        1  4.4   215   163    1430    (-,-) 
  core/g6776__6260/Y            -       B0->Y  F     AOI22X1        2  7.2   152    88    1518    (-,-) 
  core/g6773__5477/Y            -       C0->Y  R     OAI221XL       1  3.5   287    97    1615    (-,-) 
  core/g6770__7410/Y            -       A->Y   R     AND3X2         1  5.0    57   127    1742    (-,-) 
  core/g6763__4733/Y            -       B0->Y  F     AOI211X1       3  8.5   123    52    1794    (-,-) 
  core/g6752__2802/Y            -       A0->Y  R     OAI21XL        4 12.8   322   218    2012    (-,-) 
  core/g6737__2346/Y            -       A0->Y  F     AOI21XL        1  2.1    97    65    2078    (-,-) 
  core/pending_rank_q_reg[11]/D -       -      F     DFFHQX1        1    -     -     0    2078    (-,-) 
#-------------------------------------------------------------------------------------------------------



Path 17: MET (7709 ps) Setup Check with Pin core/pending_rank_q_reg[9]/CK->D
          Group: clk
     Startpoint: (R) core/ack_rank_q_reg[10]/CK
          Clock: (R) clk
       Endpoint: (F) core/pending_rank_q_reg[9]/D
          Clock: (R) clk

                     Capture       Launch     
        Clock Edge:+   10000            0     
       Src Latency:+       0            0     
       Net Latency:+       0 (I)        0 (I) 
           Arrival:=   10000            0     
                                              
             Setup:-     213                  
     Required Time:=    9787                  
      Launch Clock:-       0                  
         Data Path:-    2078                  
             Slack:=    7709                  

#------------------------------------------------------------------------------------------------------
#        Timing Point          Flags    Arc   Edge   Cell     Fanout Load Trans Delay Arrival Instance 
#                                                                    (fF)  (ps)  (ps)   (ps)  Location 
#------------------------------------------------------------------------------------------------------
  core/ack_rank_q_reg[10]/CK   -       -      R     (arrival)     71    -     0     0       0    (-,-) 
  core/ack_rank_q_reg[10]/QN   -       CK->QN F     DFFTRX1        2  9.4    68   296     296    (-,-) 
  core/g6878__9945/Y           -       A0->Y  R     AOI21X1        4 17.5   290   192     488    (-,-) 
  core/g6818__1617/Y           -       B->Y   F     NAND4X1        2  7.7   123    80     568    (-,-) 
  core/g6805__2346/Y           -       A1->Y  R     OAI21XL        1  4.7   183   149     717    (-,-) 
  core/g6797__4733/Y           -       A0->Y  F     AOI22X1        1  3.5   102    45     762    (-,-) 
  core/g6790__6131/Y           -       A0->Y  R     OAI21XL        7 30.0   611   376    1138    (-,-) 
  core/g6789/Y                 -       A->Y   F     INVX1          5 22.2   205   128    1267    (-,-) 
  core/g6782__3680/Y           -       B0->Y  R     OAI22X1        1  4.4   215   163    1430    (-,-) 
  core/g6776__6260/Y           -       B0->Y  F     AOI22X1        2  7.2   152    88    1518    (-,-) 
  core/g6773__5477/Y           -       C0->Y  R     OAI221XL       1  3.5   287    97    1615    (-,-) 
  core/g6770__7410/Y           -       A->Y   R     AND3X2         1  5.0    57   127    1742    (-,-) 
  core/g6763__4733/Y           -       B0->Y  F     AOI211X1       3  8.5   123    52    1794    (-,-) 
  core/g6752__2802/Y           -       A0->Y  R     OAI21XL        4 12.8   322   218    2012    (-,-) 
  core/g6733__6161/Y           -       A0->Y  F     AOI21XL        1  2.1    97    65    2078    (-,-) 
  core/pending_rank_q_reg[9]/D -       -      F     DFFHQX1        1    -     -     0    2078    (-,-) 
#------------------------------------------------------------------------------------------------------



Path 18: MET (7977 ps) Setup Check with Pin core/out_rank_q_reg[1]/CK->D
          Group: clk
     Startpoint: (R) core/ack_rank_q_reg[10]/CK
          Clock: (R) clk
       Endpoint: (F) core/out_rank_q_reg[1]/D
          Clock: (R) clk

                     Capture       Launch     
        Clock Edge:+   10000            0     
       Src Latency:+       0            0     
       Net Latency:+       0 (I)        0 (I) 
           Arrival:=   10000            0     
                                              
             Setup:-     162                  
     Required Time:=    9838                  
      Launch Clock:-       0                  
         Data Path:-    1861                  
             Slack:=    7977                  

#----------------------------------------------------------------------------------------------------
#       Timing Point         Flags    Arc   Edge   Cell     Fanout Load Trans Delay Arrival Instance 
#                                                                  (fF)  (ps)  (ps)   (ps)  Location 
#----------------------------------------------------------------------------------------------------
  core/ack_rank_q_reg[10]/CK -       -      R     (arrival)     71    -     0     0       0    (-,-) 
  core/ack_rank_q_reg[10]/QN -       CK->QN F     DFFTRX1        2  9.4    68   296     296    (-,-) 
  core/g6878__9945/Y         -       A0->Y  R     AOI21X1        4 17.5   290   192     488    (-,-) 
  core/g6818__1617/Y         -       B->Y   F     NAND4X1        2  7.7   123    80     568    (-,-) 
  core/g6805__2346/Y         -       A1->Y  R     OAI21XL        1  4.7   183   149     717    (-,-) 
  core/g6797__4733/Y         -       A0->Y  F     AOI22X1        1  3.5   102    45     762    (-,-) 
  core/g6790__6131/Y         -       A0->Y  R     OAI21XL        7 30.0   611   376    1138    (-,-) 
  core/g6789/Y               -       A->Y   F     INVX1          5 22.2   205   128    1267    (-,-) 
  core/g6782__3680/Y         -       B0->Y  R     OAI22X1        1  4.4   215   163    1430    (-,-) 
  core/g6776__6260/Y         -       B0->Y  F     AOI22X1        2  7.2   152    88    1518    (-,-) 
  core/g6772__6417/Y         -       B->Y   R     NAND2X1        1  4.7    95    91    1609    (-,-) 
  core/g6769__1666/Y         -       A0->Y  F     AOI21X1        5 16.1   144    88    1697    (-,-) 
  core/g6764__6161/Y         -       A0->Y  R     OAI21XL        1  3.5   164   134    1831    (-,-) 
  core/g6759__1881/Y         -       B0->Y  F     OAI2BB1X1      1  2.0    52    30    1861    (-,-) 
  core/out_rank_q_reg[1]/D   -       -      F     DFFX1          1    -     -     0    1861    (-,-) 
#----------------------------------------------------------------------------------------------------



Path 19: MET (8095 ps) Setup Check with Pin core/out_rank_q_reg[3]/CK->D
          Group: clk
     Startpoint: (R) out_ready
          Clock: (R) clk
       Endpoint: (F) core/out_rank_q_reg[3]/D
          Clock: (R) clk

                     Capture       Launch     
        Clock Edge:+   10000            0     
        Drv Adjust:+       0            0     
       Src Latency:+       0            0     
       Net Latency:+       0 (I)        0 (I) 
           Arrival:=   10000            0     
                                              
             Setup:-     166                  
     Required Time:=    9834                  
      Launch Clock:-       0                  
       Input Delay:-    1000                  
         Data Path:-     739                  
             Slack:=    8095                  

Exceptions/Constraints:
  input_delay             1000            in_del   

#-------------------------------------------------------------------------------------------------
#      Timing Point        Flags   Arc   Edge   Cell     Fanout Load Trans Delay Arrival Instance 
#                                                               (fF)  (ps)  (ps)   (ps)  Location 
#-------------------------------------------------------------------------------------------------
  out_ready                -       -     R     (arrival)      1  2.2     0     0    1000    (-,-) 
  core/g6882__1666/Y       -       AN->Y R     NAND2BX1       2  7.6   112    96    1096    (-,-) 
  core/g6872__1881/Y       -       A->Y  F     NAND2X1        2  6.1    60    45    1140    (-,-) 
  core/g6800__6161/Y       -       B->Y  R     NOR2X1        11 42.9   567   348    1488    (-,-) 
  core/g6798/Y             -       A->Y  F     INVX1          3 10.2   134    58    1546    (-,-) 
  core/g6787__8246/Y       -       A1->Y R     OAI21XL        1  3.1   163   135    1681    (-,-) 
  core/g6778__4319/Y       -       B0->Y F     OAI21XL        1  2.0    70    58    1739    (-,-) 
  core/out_rank_q_reg[3]/D -       -     F     DFFX1          1    -     -     0    1739    (-,-) 
#-------------------------------------------------------------------------------------------------



Path 20: MET (8125 ps) Setup Check with Pin core/out_rank_q_reg[2]/CK->D
          Group: clk
     Startpoint: (F) out_ready
          Clock: (R) clk
       Endpoint: (F) core/out_rank_q_reg[2]/D
          Clock: (R) clk

                     Capture       Launch     
        Clock Edge:+   10000            0     
        Drv Adjust:+       0            0     
       Src Latency:+       0            0     
       Net Latency:+       0 (I)        0 (I) 
           Arrival:=   10000            0     
                                              
             Setup:-     169                  
     Required Time:=    9831                  
      Launch Clock:-       0                  
       Input Delay:-    1000                  
         Data Path:-     706                  
             Slack:=    8125                  

Exceptions/Constraints:
  input_delay             1000            in_del   

#-------------------------------------------------------------------------------------------------
#      Timing Point        Flags   Arc   Edge   Cell     Fanout Load Trans Delay Arrival Instance 
#                                                               (fF)  (ps)  (ps)   (ps)  Location 
#-------------------------------------------------------------------------------------------------
  out_ready                -       -     F     (arrival)      1  2.2     0     0    1000    (-,-) 
  core/g6882__1666/Y       -       AN->Y F     NAND2BX1       2  7.6    68   104    1104    (-,-) 
  core/g6872__1881/Y       -       A->Y  R     NAND2X1        2  6.1    98    68    1172    (-,-) 
  core/g2__5477/Y          -       AN->Y R     NAND2BX1       2  5.3    95   101    1273    (-,-) 
  core/g6796__7482/Y       -       B0->Y F     OAI21XL        8 29.8   250   173    1446    (-,-) 
  core/g6793__1881/Y       -       B0->Y R     AOI21X1        3 10.2   210   177    1622    (-,-) 
  core/g6774__2398/Y       -       B0->Y F     OAI221XL       1  2.0    88    84    1706    (-,-) 
  core/out_rank_q_reg[2]/D -       -     F     DFFX1          1    -     -     0    1706    (-,-) 
#-------------------------------------------------------------------------------------------------



Path 21: MET (8244 ps) Late External Delay Assertion at pin src_ack_async[1]
          Group: clk
     Startpoint: (R) core/reset_release_q_reg[1]/CK
          Clock: (R) clk
       Endpoint: (R) src_ack_async[1]
          Clock: (R) clk

                     Capture       Launch     
        Clock Edge:+   10000            0     
       Src Latency:+       0            0     
       Net Latency:+       0 (I)        0 (I) 
           Arrival:=   10000            0     
                                              
      Output Delay:-    1000                  
     Required Time:=    9000                  
      Launch Clock:-       0                  
         Data Path:-     756                  
             Slack:=    8244                  

Exceptions/Constraints:
  output_delay             1000            ou_del_14_1   

#-------------------------------------------------------------------------------------------------------
#         Timing Point           Flags   Arc   Edge   Cell     Fanout Load Trans Delay Arrival Instance 
#                                                                     (fF)  (ps)  (ps)   (ps)  Location 
#-------------------------------------------------------------------------------------------------------
  core/reset_release_q_reg[1]/CK -       -     R     (arrival)     71    -     0     0       0    (-,-) 
  core/reset_release_q_reg[1]/Q  -       CK->Q R     DFFRHQX1      16 54.1   707   562     562    (-,-) 
  core/drc_bufs4712/Y            -       A->Y  R     BUFX3          5 17.7    81   115     677    (-,-) 
  core/g4663__1617/Y             -       B->Y  R     AND2X2         1  0.0    33    80     756    (-,-) 
  src_ack_async[1]               -       -     R     (port)         -    -     -     0     756    (-,-) 
#-------------------------------------------------------------------------------------------------------



Path 22: MET (8244 ps) Late External Delay Assertion at pin src_ack_async[3]
          Group: clk
     Startpoint: (R) core/reset_release_q_reg[1]/CK
          Clock: (R) clk
       Endpoint: (R) src_ack_async[3]
          Clock: (R) clk

                     Capture       Launch     
        Clock Edge:+   10000            0     
       Src Latency:+       0            0     
       Net Latency:+       0 (I)        0 (I) 
           Arrival:=   10000            0     
                                              
      Output Delay:-    1000                  
     Required Time:=    9000                  
      Launch Clock:-       0                  
         Data Path:-     756                  
             Slack:=    8244                  

Exceptions/Constraints:
  output_delay             1000            ou_del_12_1   

#-------------------------------------------------------------------------------------------------------
#         Timing Point           Flags   Arc   Edge   Cell     Fanout Load Trans Delay Arrival Instance 
#                                                                     (fF)  (ps)  (ps)   (ps)  Location 
#-------------------------------------------------------------------------------------------------------
  core/reset_release_q_reg[1]/CK -       -     R     (arrival)     71    -     0     0       0    (-,-) 
  core/reset_release_q_reg[1]/Q  -       CK->Q R     DFFRHQX1      16 54.1   707   562     562    (-,-) 
  core/drc_bufs4712/Y            -       A->Y  R     BUFX3          5 17.7    81   115     677    (-,-) 
  core/g4668__7098/Y             -       B->Y  R     AND2X2         1  0.0    33    80     756    (-,-) 
  src_ack_async[3]               -       -     R     (port)         -    -     -     0     756    (-,-) 
#-------------------------------------------------------------------------------------------------------



Path 23: MET (8351 ps) Late External Delay Assertion at pin out_valid
          Group: clk
     Startpoint: (R) core/reset_release_q_reg[1]/CK
          Clock: (R) clk
       Endpoint: (R) out_valid
          Clock: (R) clk

                     Capture       Launch     
        Clock Edge:+   10000            0     
       Src Latency:+       0            0     
       Net Latency:+       0 (I)        0 (I) 
           Arrival:=   10000            0     
                                              
      Output Delay:-    1000                  
     Required Time:=    9000                  
      Launch Clock:-       0                  
         Data Path:-     649                  
             Slack:=    8351                  

Exceptions/Constraints:
  output_delay             1000            ou_del_20_1   

#-------------------------------------------------------------------------------------------------------
#         Timing Point           Flags   Arc   Edge   Cell     Fanout Load Trans Delay Arrival Instance 
#                                                                     (fF)  (ps)  (ps)   (ps)  Location 
#-------------------------------------------------------------------------------------------------------
  core/reset_release_q_reg[1]/CK -       -     R     (arrival)     71    -     0     0       0    (-,-) 
  core/reset_release_q_reg[1]/Q  -       CK->Q R     DFFRHQX1      16 54.1   707   562     562    (-,-) 
  core/g4671__5115/Y             -       B->Y  R     AND2X2         1  0.0    43    87     649    (-,-) 
  out_valid                      -       -     R     (port)         -    -     -     0     649    (-,-) 
#-------------------------------------------------------------------------------------------------------



Path 24: MET (8351 ps) Late External Delay Assertion at pin src_ack_async[0]
          Group: clk
     Startpoint: (R) core/reset_release_q_reg[1]/CK
          Clock: (R) clk
       Endpoint: (R) src_ack_async[0]
          Clock: (R) clk

                     Capture       Launch     
        Clock Edge:+   10000            0     
       Src Latency:+       0            0     
       Net Latency:+       0 (I)        0 (I) 
           Arrival:=   10000            0     
                                              
      Output Delay:-    1000                  
     Required Time:=    9000                  
      Launch Clock:-       0                  
         Data Path:-     649                  
             Slack:=    8351                  

Exceptions/Constraints:
  output_delay             1000            ou_del_15_1   

#-------------------------------------------------------------------------------------------------------
#         Timing Point           Flags   Arc   Edge   Cell     Fanout Load Trans Delay Arrival Instance 
#                                                                     (fF)  (ps)  (ps)   (ps)  Location 
#-------------------------------------------------------------------------------------------------------
  core/reset_release_q_reg[1]/CK -       -     R     (arrival)     71    -     0     0       0    (-,-) 
  core/reset_release_q_reg[1]/Q  -       CK->Q R     DFFRHQX1      16 54.1   707   562     562    (-,-) 
  core/g4655__2398/Y             -       B->Y  R     AND2X2         1  0.0    43    87     649    (-,-) 
  src_ack_async[0]               -       -     R     (port)         -    -     -     0     649    (-,-) 
#-------------------------------------------------------------------------------------------------------



Path 25: MET (8351 ps) Late External Delay Assertion at pin src_ack_async[2]
          Group: clk
     Startpoint: (R) core/reset_release_q_reg[1]/CK
          Clock: (R) clk
       Endpoint: (R) src_ack_async[2]
          Clock: (R) clk

                     Capture       Launch     
        Clock Edge:+   10000            0     
       Src Latency:+       0            0     
       Net Latency:+       0 (I)        0 (I) 
           Arrival:=   10000            0     
                                              
      Output Delay:-    1000                  
     Required Time:=    9000                  
      Launch Clock:-       0                  
         Data Path:-     649                  
             Slack:=    8351                  

Exceptions/Constraints:
  output_delay             1000            ou_del_13_1   

#-------------------------------------------------------------------------------------------------------
#         Timing Point           Flags   Arc   Edge   Cell     Fanout Load Trans Delay Arrival Instance 
#                                                                     (fF)  (ps)  (ps)   (ps)  Location 
#-------------------------------------------------------------------------------------------------------
  core/reset_release_q_reg[1]/CK -       -     R     (arrival)     71    -     0     0       0    (-,-) 
  core/reset_release_q_reg[1]/Q  -       CK->Q R     DFFRHQX1      16 54.1   707   562     562    (-,-) 
  core/g4670__1881/Y             -       B->Y  R     AND2X2         1  0.0    43    87     649    (-,-) 
  src_ack_async[2]               -       -     R     (port)         -    -     -     0     649    (-,-) 
#-------------------------------------------------------------------------------------------------------



Path 26: MET (8351 ps) Late External Delay Assertion at pin src_ack_async[4]
          Group: clk
     Startpoint: (R) core/reset_release_q_reg[1]/CK
          Clock: (R) clk
       Endpoint: (R) src_ack_async[4]
          Clock: (R) clk

                     Capture       Launch     
        Clock Edge:+   10000            0     
       Src Latency:+       0            0     
       Net Latency:+       0 (I)        0 (I) 
           Arrival:=   10000            0     
                                              
      Output Delay:-    1000                  
     Required Time:=    9000                  
      Launch Clock:-       0                  
         Data Path:-     649                  
             Slack:=    8351                  

Exceptions/Constraints:
  output_delay             1000            ou_del_11_1   

#-------------------------------------------------------------------------------------------------------
#         Timing Point           Flags   Arc   Edge   Cell     Fanout Load Trans Delay Arrival Instance 
#                                                                     (fF)  (ps)  (ps)   (ps)  Location 
#-------------------------------------------------------------------------------------------------------
  core/reset_release_q_reg[1]/CK -       -     R     (arrival)     71    -     0     0       0    (-,-) 
  core/reset_release_q_reg[1]/Q  -       CK->Q R     DFFRHQX1      16 54.1   707   562     562    (-,-) 
  core/g4667__8246/Y             -       B->Y  R     AND2X2         1  0.0    43    87     649    (-,-) 
  src_ack_async[4]               -       -     R     (port)         -    -     -     0     649    (-,-) 
#-------------------------------------------------------------------------------------------------------



Path 27: MET (8351 ps) Late External Delay Assertion at pin src_ack_async[5]
          Group: clk
     Startpoint: (R) core/reset_release_q_reg[1]/CK
          Clock: (R) clk
       Endpoint: (R) src_ack_async[5]
          Clock: (R) clk

                     Capture       Launch     
        Clock Edge:+   10000            0     
       Src Latency:+       0            0     
       Net Latency:+       0 (I)        0 (I) 
           Arrival:=   10000            0     
                                              
      Output Delay:-    1000                  
     Required Time:=    9000                  
      Launch Clock:-       0                  
         Data Path:-     649                  
             Slack:=    8351                  

Exceptions/Constraints:
  output_delay             1000            ou_del_10_1   

#-------------------------------------------------------------------------------------------------------
#         Timing Point           Flags   Arc   Edge   Cell     Fanout Load Trans Delay Arrival Instance 
#                                                                     (fF)  (ps)  (ps)   (ps)  Location 
#-------------------------------------------------------------------------------------------------------
  core/reset_release_q_reg[1]/CK -       -     R     (arrival)     71    -     0     0       0    (-,-) 
  core/reset_release_q_reg[1]/Q  -       CK->Q R     DFFRHQX1      16 54.1   707   562     562    (-,-) 
  core/g4664__2802/Y             -       B->Y  R     AND2X2         1  0.0    43    87     649    (-,-) 
  src_ack_async[5]               -       -     R     (port)         -    -     -     0     649    (-,-) 
#-------------------------------------------------------------------------------------------------------



Path 28: MET (8351 ps) Late External Delay Assertion at pin src_ack_async[6]
          Group: clk
     Startpoint: (R) core/reset_release_q_reg[1]/CK
          Clock: (R) clk
       Endpoint: (R) src_ack_async[6]
          Clock: (R) clk

                     Capture       Launch     
        Clock Edge:+   10000            0     
       Src Latency:+       0            0     
       Net Latency:+       0 (I)        0 (I) 
           Arrival:=   10000            0     
                                              
      Output Delay:-    1000                  
     Required Time:=    9000                  
      Launch Clock:-       0                  
         Data Path:-     649                  
             Slack:=    8351                  

Exceptions/Constraints:
  output_delay             1000            ou_del_9_1   

#-------------------------------------------------------------------------------------------------------
#         Timing Point           Flags   Arc   Edge   Cell     Fanout Load Trans Delay Arrival Instance 
#                                                                     (fF)  (ps)  (ps)   (ps)  Location 
#-------------------------------------------------------------------------------------------------------
  core/reset_release_q_reg[1]/CK -       -     R     (arrival)     71    -     0     0       0    (-,-) 
  core/reset_release_q_reg[1]/Q  -       CK->Q R     DFFRHQX1      16 54.1   707   562     562    (-,-) 
  core/g4662__3680/Y             -       B->Y  R     AND2X2         1  0.0    43    87     649    (-,-) 
  src_ack_async[6]               -       -     R     (port)         -    -     -     0     649    (-,-) 
#-------------------------------------------------------------------------------------------------------



Path 29: MET (8351 ps) Late External Delay Assertion at pin src_ack_async[7]
          Group: clk
     Startpoint: (R) core/reset_release_q_reg[1]/CK
          Clock: (R) clk
       Endpoint: (R) src_ack_async[7]
          Clock: (R) clk

                     Capture       Launch     
        Clock Edge:+   10000            0     
       Src Latency:+       0            0     
       Net Latency:+       0 (I)        0 (I) 
           Arrival:=   10000            0     
                                              
      Output Delay:-    1000                  
     Required Time:=    9000                  
      Launch Clock:-       0                  
         Data Path:-     649                  
             Slack:=    8351                  

Exceptions/Constraints:
  output_delay             1000            ou_del_8_1   

#-------------------------------------------------------------------------------------------------------
#         Timing Point           Flags   Arc   Edge   Cell     Fanout Load Trans Delay Arrival Instance 
#                                                                     (fF)  (ps)  (ps)   (ps)  Location 
#-------------------------------------------------------------------------------------------------------
  core/reset_release_q_reg[1]/CK -       -     R     (arrival)     71    -     0     0       0    (-,-) 
  core/reset_release_q_reg[1]/Q  -       CK->Q R     DFFRHQX1      16 54.1   707   562     562    (-,-) 
  core/g4660__5526/Y             -       B->Y  R     AND2X2         1  0.0    43    87     649    (-,-) 
  src_ack_async[7]               -       -     R     (port)         -    -     -     0     649    (-,-) 
#-------------------------------------------------------------------------------------------------------



Path 30: MET (8351 ps) Late External Delay Assertion at pin src_ack_async[8]
          Group: clk
     Startpoint: (R) core/reset_release_q_reg[1]/CK
          Clock: (R) clk
       Endpoint: (R) src_ack_async[8]
          Clock: (R) clk

                     Capture       Launch     
        Clock Edge:+   10000            0     
       Src Latency:+       0            0     
       Net Latency:+       0 (I)        0 (I) 
           Arrival:=   10000            0     
                                              
      Output Delay:-    1000                  
     Required Time:=    9000                  
      Launch Clock:-       0                  
         Data Path:-     649                  
             Slack:=    8351                  

Exceptions/Constraints:
  output_delay             1000            ou_del_7_1   

#-------------------------------------------------------------------------------------------------------
#         Timing Point           Flags   Arc   Edge   Cell     Fanout Load Trans Delay Arrival Instance 
#                                                                     (fF)  (ps)  (ps)   (ps)  Location 
#-------------------------------------------------------------------------------------------------------
  core/reset_release_q_reg[1]/CK -       -     R     (arrival)     71    -     0     0       0    (-,-) 
  core/reset_release_q_reg[1]/Q  -       CK->Q R     DFFRHQX1      16 54.1   707   562     562    (-,-) 
  core/g4658__4319/Y             -       B->Y  R     AND2X2         1  0.0    43    87     649    (-,-) 
  src_ack_async[8]               -       -     R     (port)         -    -     -     0     649    (-,-) 
#-------------------------------------------------------------------------------------------------------



Path 31: MET (8351 ps) Late External Delay Assertion at pin src_ack_async[9]
          Group: clk
     Startpoint: (R) core/reset_release_q_reg[1]/CK
          Clock: (R) clk
       Endpoint: (R) src_ack_async[9]
          Clock: (R) clk

                     Capture       Launch     
        Clock Edge:+   10000            0     
       Src Latency:+       0            0     
       Net Latency:+       0 (I)        0 (I) 
           Arrival:=   10000            0     
                                              
      Output Delay:-    1000                  
     Required Time:=    9000                  
      Launch Clock:-       0                  
         Data Path:-     649                  
             Slack:=    8351                  

Exceptions/Constraints:
  output_delay             1000            ou_del_6_1   

#-------------------------------------------------------------------------------------------------------
#         Timing Point           Flags   Arc   Edge   Cell     Fanout Load Trans Delay Arrival Instance 
#                                                                     (fF)  (ps)  (ps)   (ps)  Location 
#-------------------------------------------------------------------------------------------------------
  core/reset_release_q_reg[1]/CK -       -     R     (arrival)     71    -     0     0       0    (-,-) 
  core/reset_release_q_reg[1]/Q  -       CK->Q R     DFFRHQX1      16 54.1   707   562     562    (-,-) 
  core/g4669__6131/Y             -       B->Y  R     AND2X2         1  0.0    43    87     649    (-,-) 
  src_ack_async[9]               -       -     R     (port)         -    -     -     0     649    (-,-) 
#-------------------------------------------------------------------------------------------------------



Path 32: MET (8351 ps) Late External Delay Assertion at pin src_ack_async[10]
          Group: clk
     Startpoint: (R) core/reset_release_q_reg[1]/CK
          Clock: (R) clk
       Endpoint: (R) src_ack_async[10]
          Clock: (R) clk

                     Capture       Launch     
        Clock Edge:+   10000            0     
       Src Latency:+       0            0     
       Net Latency:+       0 (I)        0 (I) 
           Arrival:=   10000            0     
                                              
      Output Delay:-    1000                  
     Required Time:=    9000                  
      Launch Clock:-       0                  
         Data Path:-     649                  
             Slack:=    8351                  

Exceptions/Constraints:
  output_delay             1000            ou_del_5_1   

#-------------------------------------------------------------------------------------------------------
#         Timing Point           Flags   Arc   Edge   Cell     Fanout Load Trans Delay Arrival Instance 
#                                                                     (fF)  (ps)  (ps)   (ps)  Location 
#-------------------------------------------------------------------------------------------------------
  core/reset_release_q_reg[1]/CK -       -     R     (arrival)     71    -     0     0       0    (-,-) 
  core/reset_release_q_reg[1]/Q  -       CK->Q R     DFFRHQX1      16 54.1   707   562     562    (-,-) 
  core/g4666__5122/Y             -       B->Y  R     AND2X2         1  0.0    43    87     649    (-,-) 
  src_ack_async[10]              -       -     R     (port)         -    -     -     0     649    (-,-) 
#-------------------------------------------------------------------------------------------------------



Path 33: MET (8351 ps) Late External Delay Assertion at pin src_ack_async[11]
          Group: clk
     Startpoint: (R) core/reset_release_q_reg[1]/CK
          Clock: (R) clk
       Endpoint: (R) src_ack_async[11]
          Clock: (R) clk

                     Capture       Launch     
        Clock Edge:+   10000            0     
       Src Latency:+       0            0     
       Net Latency:+       0 (I)        0 (I) 
           Arrival:=   10000            0     
                                              
      Output Delay:-    1000                  
     Required Time:=    9000                  
      Launch Clock:-       0                  
         Data Path:-     649                  
             Slack:=    8351                  

Exceptions/Constraints:
  output_delay             1000            ou_del_4_1   

#-------------------------------------------------------------------------------------------------------
#         Timing Point           Flags   Arc   Edge   Cell     Fanout Load Trans Delay Arrival Instance 
#                                                                     (fF)  (ps)  (ps)   (ps)  Location 
#-------------------------------------------------------------------------------------------------------
  core/reset_release_q_reg[1]/CK -       -     R     (arrival)     71    -     0     0       0    (-,-) 
  core/reset_release_q_reg[1]/Q  -       CK->Q R     DFFRHQX1      16 54.1   707   562     562    (-,-) 
  core/g4661__6783/Y             -       B->Y  R     AND2X2         1  0.0    43    87     649    (-,-) 
  src_ack_async[11]              -       -     R     (port)         -    -     -     0     649    (-,-) 
#-------------------------------------------------------------------------------------------------------



Path 34: MET (8351 ps) Late External Delay Assertion at pin src_ack_async[12]
          Group: clk
     Startpoint: (R) core/reset_release_q_reg[1]/CK
          Clock: (R) clk
       Endpoint: (R) src_ack_async[12]
          Clock: (R) clk

                     Capture       Launch     
        Clock Edge:+   10000            0     
       Src Latency:+       0            0     
       Net Latency:+       0 (I)        0 (I) 
           Arrival:=   10000            0     
                                              
      Output Delay:-    1000                  
     Required Time:=    9000                  
      Launch Clock:-       0                  
         Data Path:-     649                  
             Slack:=    8351                  

Exceptions/Constraints:
  output_delay             1000            ou_del_3_1   

#-------------------------------------------------------------------------------------------------------
#         Timing Point           Flags   Arc   Edge   Cell     Fanout Load Trans Delay Arrival Instance 
#                                                                     (fF)  (ps)  (ps)   (ps)  Location 
#-------------------------------------------------------------------------------------------------------
  core/reset_release_q_reg[1]/CK -       -     R     (arrival)     71    -     0     0       0    (-,-) 
  core/reset_release_q_reg[1]/Q  -       CK->Q R     DFFRHQX1      16 54.1   707   562     562    (-,-) 
  core/g4657__6260/Y             -       B->Y  R     AND2X2         1  0.0    43    87     649    (-,-) 
  src_ack_async[12]              -       -     R     (port)         -    -     -     0     649    (-,-) 
#-------------------------------------------------------------------------------------------------------



Path 35: MET (8351 ps) Late External Delay Assertion at pin src_ack_async[13]
          Group: clk
     Startpoint: (R) core/reset_release_q_reg[1]/CK
          Clock: (R) clk
       Endpoint: (R) src_ack_async[13]
          Clock: (R) clk

                     Capture       Launch     
        Clock Edge:+   10000            0     
       Src Latency:+       0            0     
       Net Latency:+       0 (I)        0 (I) 
           Arrival:=   10000            0     
                                              
      Output Delay:-    1000                  
     Required Time:=    9000                  
      Launch Clock:-       0                  
         Data Path:-     649                  
             Slack:=    8351                  

Exceptions/Constraints:
  output_delay             1000            ou_del_2_1   

#-------------------------------------------------------------------------------------------------------
#         Timing Point           Flags   Arc   Edge   Cell     Fanout Load Trans Delay Arrival Instance 
#                                                                     (fF)  (ps)  (ps)   (ps)  Location 
#-------------------------------------------------------------------------------------------------------
  core/reset_release_q_reg[1]/CK -       -     R     (arrival)     71    -     0     0       0    (-,-) 
  core/reset_release_q_reg[1]/Q  -       CK->Q R     DFFRHQX1      16 54.1   707   562     562    (-,-) 
  core/g4665__1705/Y             -       B->Y  R     AND2X2         1  0.0    43    87     649    (-,-) 
  src_ack_async[13]              -       -     R     (port)         -    -     -     0     649    (-,-) 
#-------------------------------------------------------------------------------------------------------



Path 36: MET (8351 ps) Late External Delay Assertion at pin src_ack_async[14]
          Group: clk
     Startpoint: (R) core/reset_release_q_reg[1]/CK
          Clock: (R) clk
       Endpoint: (R) src_ack_async[14]
          Clock: (R) clk

                     Capture       Launch     
        Clock Edge:+   10000            0     
       Src Latency:+       0            0     
       Net Latency:+       0 (I)        0 (I) 
           Arrival:=   10000            0     
                                              
      Output Delay:-    1000                  
     Required Time:=    9000                  
      Launch Clock:-       0                  
         Data Path:-     649                  
             Slack:=    8351                  

Exceptions/Constraints:
  output_delay             1000            ou_del_1_1   

#-------------------------------------------------------------------------------------------------------
#         Timing Point           Flags   Arc   Edge   Cell     Fanout Load Trans Delay Arrival Instance 
#                                                                     (fF)  (ps)  (ps)   (ps)  Location 
#-------------------------------------------------------------------------------------------------------
  core/reset_release_q_reg[1]/CK -       -     R     (arrival)     71    -     0     0       0    (-,-) 
  core/reset_release_q_reg[1]/Q  -       CK->Q R     DFFRHQX1      16 54.1   707   562     562    (-,-) 
  core/g4656__5107/Y             -       B->Y  R     AND2X2         1  0.0    43    87     649    (-,-) 
  src_ack_async[14]              -       -     R     (port)         -    -     -     0     649    (-,-) 
#-------------------------------------------------------------------------------------------------------



Path 37: MET (8351 ps) Late External Delay Assertion at pin src_ack_async[15]
          Group: clk
     Startpoint: (R) core/reset_release_q_reg[1]/CK
          Clock: (R) clk
       Endpoint: (R) src_ack_async[15]
          Clock: (R) clk

                     Capture       Launch     
        Clock Edge:+   10000            0     
       Src Latency:+       0            0     
       Net Latency:+       0 (I)        0 (I) 
           Arrival:=   10000            0     
                                              
      Output Delay:-    1000                  
     Required Time:=    9000                  
      Launch Clock:-       0                  
         Data Path:-     649                  
             Slack:=    8351                  

Exceptions/Constraints:
  output_delay             1000            ou_del   

#-------------------------------------------------------------------------------------------------------
#         Timing Point           Flags   Arc   Edge   Cell     Fanout Load Trans Delay Arrival Instance 
#                                                                     (fF)  (ps)  (ps)   (ps)  Location 
#-------------------------------------------------------------------------------------------------------
  core/reset_release_q_reg[1]/CK -       -     R     (arrival)     71    -     0     0       0    (-,-) 
  core/reset_release_q_reg[1]/Q  -       CK->Q R     DFFRHQX1      16 54.1   707   562     562    (-,-) 
  core/g4659__8428/Y             -       B->Y  R     AND2X2         1  0.0    43    87     649    (-,-) 
  src_ack_async[15]              -       -     R     (port)         -    -     -     0     649    (-,-) 
#-------------------------------------------------------------------------------------------------------



Path 38: MET (8506 ps) Setup Check with Pin core/out_valid_q_reg/CK->D
          Group: clk
     Startpoint: (R) out_ready
          Clock: (R) clk
       Endpoint: (F) core/out_valid_q_reg/D
          Clock: (R) clk

                     Capture       Launch     
        Clock Edge:+   10000            0     
        Drv Adjust:+       0            0     
       Src Latency:+       0            0     
       Net Latency:+       0 (I)        0 (I) 
           Arrival:=   10000            0     
                                              
             Setup:-     241                  
     Required Time:=    9759                  
      Launch Clock:-       0                  
       Input Delay:-    1000                  
         Data Path:-     253                  
             Slack:=    8506                  

Exceptions/Constraints:
  input_delay             1000            in_del   

#-----------------------------------------------------------------------------------------------
#     Timing Point       Flags   Arc   Edge   Cell     Fanout Load Trans Delay Arrival Instance 
#                                                             (fF)  (ps)  (ps)   (ps)  Location 
#-----------------------------------------------------------------------------------------------
  out_ready              -       -     R     (arrival)      1  2.2     0     0    1000    (-,-) 
  core/g6882__1666/Y     -       AN->Y R     NAND2BX1       2  7.6   112    96    1096    (-,-) 
  core/g6872__1881/Y     -       A->Y  F     NAND2X1        2  6.1    60    45    1140    (-,-) 
  core/g2__5477/Y        -       AN->Y F     NAND2BX1       2  5.3    61   113    1253    (-,-) 
  core/out_valid_q_reg/D -       -     F     DFFTRX1        2    -     -     0    1253    (-,-) 
#-----------------------------------------------------------------------------------------------



Path 39: MET (8531 ps) Late External Delay Assertion at pin out_addr[0]
          Group: clk
     Startpoint: (R) core/out_rank_q_reg[1]/CK
          Clock: (R) clk
       Endpoint: (R) out_addr[0]
          Clock: (R) clk

                     Capture       Launch     
        Clock Edge:+   10000            0     
       Src Latency:+       0            0     
       Net Latency:+       0 (I)        0 (I) 
           Arrival:=   10000            0     
                                              
      Output Delay:-    1000                  
     Required Time:=    9000                  
      Launch Clock:-       0                  
         Data Path:-     469                  
             Slack:=    8531                  

Exceptions/Constraints:
  output_delay             1000            ou_del_19_1   

#--------------------------------------------------------------------------------------------------
#       Timing Point        Flags   Arc   Edge   Cell     Fanout Load Trans Delay Arrival Instance 
#                                                                (fF)  (ps)  (ps)   (ps)  Location 
#--------------------------------------------------------------------------------------------------
  core/out_rank_q_reg[1]/CK -       -     R     (arrival)     71    -     0     0       0    (-,-) 
  core/out_rank_q_reg[1]/Q  -       CK->Q R     DFFX1          5 22.0   200   298     298    (-,-) 
  core/g4690__4733/Y        -       A->Y  R     XOR2X1         1  0.0    36   171     469    (-,-) 
  out_addr[0]               -       -     R     (port)         -    -     -     0     469    (-,-) 
#--------------------------------------------------------------------------------------------------



Path 40: MET (8531 ps) Late External Delay Assertion at pin out_addr[1]
          Group: clk
     Startpoint: (R) core/out_rank_q_reg[1]/CK
          Clock: (R) clk
       Endpoint: (R) out_addr[1]
          Clock: (R) clk

                     Capture       Launch     
        Clock Edge:+   10000            0     
       Src Latency:+       0            0     
       Net Latency:+       0 (I)        0 (I) 
           Arrival:=   10000            0     
                                              
      Output Delay:-    1000                  
     Required Time:=    9000                  
      Launch Clock:-       0                  
         Data Path:-     469                  
             Slack:=    8531                  

Exceptions/Constraints:
  output_delay             1000            ou_del_18_1   

#--------------------------------------------------------------------------------------------------
#       Timing Point        Flags   Arc   Edge   Cell     Fanout Load Trans Delay Arrival Instance 
#                                                                (fF)  (ps)  (ps)   (ps)  Location 
#--------------------------------------------------------------------------------------------------
  core/out_rank_q_reg[1]/CK -       -     R     (arrival)     71    -     0     0       0    (-,-) 
  core/out_rank_q_reg[1]/Q  -       CK->Q R     DFFX1          5 22.0   200   298     298    (-,-) 
  core/g4689__7482/Y        -       A->Y  R     XOR2X1         1  0.0    36   171     469    (-,-) 
  out_addr[1]               -       -     R     (port)         -    -     -     0     469    (-,-) 
#--------------------------------------------------------------------------------------------------



Path 41: MET (8719 ps) Late External Delay Assertion at pin out_addr[2]
          Group: clk
     Startpoint: (R) core/out_rank_q_reg[2]/CK
          Clock: (R) clk
       Endpoint: (R) out_addr[2]
          Clock: (R) clk

                     Capture       Launch     
        Clock Edge:+   10000            0     
       Src Latency:+       0            0     
       Net Latency:+       0 (I)        0 (I) 
           Arrival:=   10000            0     
                                              
      Output Delay:-    1000                  
     Required Time:=    9000                  
      Launch Clock:-       0                  
         Data Path:-     281                  
             Slack:=    8719                  

Exceptions/Constraints:
  output_delay             1000            ou_del_17_1   

#--------------------------------------------------------------------------------------------------
#       Timing Point        Flags   Arc   Edge   Cell     Fanout Load Trans Delay Arrival Instance 
#                                                                (fF)  (ps)  (ps)   (ps)  Location 
#--------------------------------------------------------------------------------------------------
  core/out_rank_q_reg[2]/CK -       -     R     (arrival)     71    -     0     0       0    (-,-) 
  core/out_rank_q_reg[2]/Q  -       CK->Q R     DFFX1          5 18.1   171   281     281    (-,-) 
  out_addr[2]               -       -     R     (port)         -    -     -     0     281    (-,-) 
#--------------------------------------------------------------------------------------------------



Path 42: MET (8747 ps) Late External Delay Assertion at pin out_addr[3]
          Group: clk
     Startpoint: (R) core/out_rank_q_reg[3]/CK
          Clock: (R) clk
       Endpoint: (R) out_addr[3]
          Clock: (R) clk

                     Capture       Launch     
        Clock Edge:+   10000            0     
       Src Latency:+       0            0     
       Net Latency:+       0 (I)        0 (I) 
           Arrival:=   10000            0     
                                              
      Output Delay:-    1000                  
     Required Time:=    9000                  
      Launch Clock:-       0                  
         Data Path:-     253                  
             Slack:=    8747                  

Exceptions/Constraints:
  output_delay             1000            ou_del_16_1   

#--------------------------------------------------------------------------------------------------
#       Timing Point        Flags   Arc   Edge   Cell     Fanout Load Trans Delay Arrival Instance 
#                                                                (fF)  (ps)  (ps)   (ps)  Location 
#--------------------------------------------------------------------------------------------------
  core/out_rank_q_reg[3]/CK -       -     R     (arrival)     71    -     0     0       0    (-,-) 
  core/out_rank_q_reg[3]/Q  -       CK->Q R     DFFX1          4 12.0   125   253     253    (-,-) 
  out_addr[3]               -       -     R     (port)         -    -     -     0     253    (-,-) 
#--------------------------------------------------------------------------------------------------



Path 43: MET (9000 ps) Setup Check with Pin core/ack_rank_q_reg[15]/CK->RN
          Group: clk
     Startpoint: (R) core/reset_release_q_reg[1]/CK
          Clock: (R) clk
       Endpoint: (F) core/ack_rank_q_reg[15]/RN
          Clock: (R) clk

                     Capture       Launch     
        Clock Edge:+   10000            0     
       Src Latency:+       0            0     
       Net Latency:+       0 (I)        0 (I) 
           Arrival:=   10000            0     
                                              
             Setup:-     266                  
     Required Time:=    9734                  
      Launch Clock:-       0                  
         Data Path:-     733                  
             Slack:=    9000                  

#-------------------------------------------------------------------------------------------------------
#         Timing Point           Flags   Arc   Edge   Cell     Fanout Load Trans Delay Arrival Instance 
#                                                                     (fF)  (ps)  (ps)   (ps)  Location 
#-------------------------------------------------------------------------------------------------------
  core/reset_release_q_reg[1]/CK -       -     R     (arrival)     71    -     0     0       0    (-,-) 
  core/reset_release_q_reg[1]/Q  -       CK->Q F     DFFRHQX1      16 54.1   253   320     320    (-,-) 
  core/drc_bufs4712/Y            -       A->Y  F     BUFX3          5 17.7    52   148     468    (-,-) 
  core/g6918/Y                   -       A->Y  F     BUFX3         16 32.7    67   115     583    (-,-) 
  core/drc_bufs6951/Y            -       A->Y  F     CLKBUFXL       4  7.2    85   151     733    (-,-) 
  core/ack_rank_q_reg[15]/RN     -       -     F     DFFTRX1        4    -     -     0     733    (-,-) 
#-------------------------------------------------------------------------------------------------------



Path 44: MET (9000 ps) Setup Check with Pin core/ack_rank_q_reg[9]/CK->RN
          Group: clk
     Startpoint: (R) core/reset_release_q_reg[1]/CK
          Clock: (R) clk
       Endpoint: (F) core/ack_rank_q_reg[9]/RN
          Clock: (R) clk

                     Capture       Launch     
        Clock Edge:+   10000            0     
       Src Latency:+       0            0     
       Net Latency:+       0 (I)        0 (I) 
           Arrival:=   10000            0     
                                              
             Setup:-     266                  
     Required Time:=    9734                  
      Launch Clock:-       0                  
         Data Path:-     733                  
             Slack:=    9000                  

#-------------------------------------------------------------------------------------------------------
#         Timing Point           Flags   Arc   Edge   Cell     Fanout Load Trans Delay Arrival Instance 
#                                                                     (fF)  (ps)  (ps)   (ps)  Location 
#-------------------------------------------------------------------------------------------------------
  core/reset_release_q_reg[1]/CK -       -     R     (arrival)     71    -     0     0       0    (-,-) 
  core/reset_release_q_reg[1]/Q  -       CK->Q F     DFFRHQX1      16 54.1   253   320     320    (-,-) 
  core/drc_bufs4712/Y            -       A->Y  F     BUFX3          5 17.7    52   148     468    (-,-) 
  core/g6918/Y                   -       A->Y  F     BUFX3         16 32.7    67   115     583    (-,-) 
  core/drc_bufs6951/Y            -       A->Y  F     CLKBUFXL       4  7.2    85   151     733    (-,-) 
  core/ack_rank_q_reg[9]/RN      -       -     F     DFFTRX1        4    -     -     0     733    (-,-) 
#-------------------------------------------------------------------------------------------------------



Path 45: MET (9000 ps) Setup Check with Pin core/ack_rank_q_reg[2]/CK->RN
          Group: clk
     Startpoint: (R) core/reset_release_q_reg[1]/CK
          Clock: (R) clk
       Endpoint: (F) core/ack_rank_q_reg[2]/RN
          Clock: (R) clk

                     Capture       Launch     
        Clock Edge:+   10000            0     
       Src Latency:+       0            0     
       Net Latency:+       0 (I)        0 (I) 
           Arrival:=   10000            0     
                                              
             Setup:-     266                  
     Required Time:=    9734                  
      Launch Clock:-       0                  
         Data Path:-     733                  
             Slack:=    9000                  

#-------------------------------------------------------------------------------------------------------
#         Timing Point           Flags   Arc   Edge   Cell     Fanout Load Trans Delay Arrival Instance 
#                                                                     (fF)  (ps)  (ps)   (ps)  Location 
#-------------------------------------------------------------------------------------------------------
  core/reset_release_q_reg[1]/CK -       -     R     (arrival)     71    -     0     0       0    (-,-) 
  core/reset_release_q_reg[1]/Q  -       CK->Q F     DFFRHQX1      16 54.1   253   320     320    (-,-) 
  core/drc_bufs4712/Y            -       A->Y  F     BUFX3          5 17.7    52   148     468    (-,-) 
  core/g6918/Y                   -       A->Y  F     BUFX3         16 32.7    67   115     583    (-,-) 
  core/drc_bufs6951/Y            -       A->Y  F     CLKBUFXL       4  7.2    85   151     733    (-,-) 
  core/ack_rank_q_reg[2]/RN      -       -     F     DFFTRX1        4    -     -     0     733    (-,-) 
#-------------------------------------------------------------------------------------------------------



Path 46: MET (9000 ps) Setup Check with Pin core/ack_rank_q_reg[1]/CK->RN
          Group: clk
     Startpoint: (R) core/reset_release_q_reg[1]/CK
          Clock: (R) clk
       Endpoint: (F) core/ack_rank_q_reg[1]/RN
          Clock: (R) clk

                     Capture       Launch     
        Clock Edge:+   10000            0     
       Src Latency:+       0            0     
       Net Latency:+       0 (I)        0 (I) 
           Arrival:=   10000            0     
                                              
             Setup:-     266                  
     Required Time:=    9734                  
      Launch Clock:-       0                  
         Data Path:-     733                  
             Slack:=    9000                  

#-------------------------------------------------------------------------------------------------------
#         Timing Point           Flags   Arc   Edge   Cell     Fanout Load Trans Delay Arrival Instance 
#                                                                     (fF)  (ps)  (ps)   (ps)  Location 
#-------------------------------------------------------------------------------------------------------
  core/reset_release_q_reg[1]/CK -       -     R     (arrival)     71    -     0     0       0    (-,-) 
  core/reset_release_q_reg[1]/Q  -       CK->Q F     DFFRHQX1      16 54.1   253   320     320    (-,-) 
  core/drc_bufs4712/Y            -       A->Y  F     BUFX3          5 17.7    52   148     468    (-,-) 
  core/g6918/Y                   -       A->Y  F     BUFX3         16 32.7    67   115     583    (-,-) 
  core/drc_bufs6951/Y            -       A->Y  F     CLKBUFXL       4  7.2    85   151     733    (-,-) 
  core/ack_rank_q_reg[1]/RN      -       -     F     DFFTRX1        4    -     -     0     733    (-,-) 
#-------------------------------------------------------------------------------------------------------



Path 47: MET (9106 ps) Setup Check with Pin core/out_valid_q_reg/CK->RN
          Group: clk
     Startpoint: (R) core/reset_release_q_reg[1]/CK
          Clock: (R) clk
       Endpoint: (R) core/out_valid_q_reg/RN
          Clock: (R) clk

                     Capture       Launch     
        Clock Edge:+   10000            0     
       Src Latency:+       0            0     
       Net Latency:+       0 (I)        0 (I) 
           Arrival:=   10000            0     
                                              
             Setup:-     101                  
     Required Time:=    9899                  
      Launch Clock:-       0                  
         Data Path:-     793                  
             Slack:=    9106                  

#-------------------------------------------------------------------------------------------------------
#         Timing Point           Flags   Arc   Edge   Cell     Fanout Load Trans Delay Arrival Instance 
#                                                                     (fF)  (ps)  (ps)   (ps)  Location 
#-------------------------------------------------------------------------------------------------------
  core/reset_release_q_reg[1]/CK -       -     R     (arrival)     71    -     0     0       0    (-,-) 
  core/reset_release_q_reg[1]/Q  -       CK->Q R     DFFRHQX1      16 54.1   707   562     562    (-,-) 
  core/drc_bufs4712/Y            -       A->Y  R     BUFX3          5 17.7    81   115     677    (-,-) 
  core/g6918/Y                   -       A->Y  R     BUFX3         16 32.7   110   116     793    (-,-) 
  core/out_valid_q_reg/RN        -       -     R     DFFTRX1       16    -     -     0     793    (-,-) 
#-------------------------------------------------------------------------------------------------------



Path 48: MET (9106 ps) Setup Check with Pin core/ack_rank_q_reg[14]/CK->RN
          Group: clk
     Startpoint: (R) core/reset_release_q_reg[1]/CK
          Clock: (R) clk
       Endpoint: (R) core/ack_rank_q_reg[14]/RN
          Clock: (R) clk

                     Capture       Launch     
        Clock Edge:+   10000            0     
       Src Latency:+       0            0     
       Net Latency:+       0 (I)        0 (I) 
           Arrival:=   10000            0     
                                              
             Setup:-     101                  
     Required Time:=    9899                  
      Launch Clock:-       0                  
         Data Path:-     793                  
             Slack:=    9106                  

#-------------------------------------------------------------------------------------------------------
#         Timing Point           Flags   Arc   Edge   Cell     Fanout Load Trans Delay Arrival Instance 
#                                                                     (fF)  (ps)  (ps)   (ps)  Location 
#-------------------------------------------------------------------------------------------------------
  core/reset_release_q_reg[1]/CK -       -     R     (arrival)     71    -     0     0       0    (-,-) 
  core/reset_release_q_reg[1]/Q  -       CK->Q R     DFFRHQX1      16 54.1   707   562     562    (-,-) 
  core/drc_bufs4712/Y            -       A->Y  R     BUFX3          5 17.7    81   115     677    (-,-) 
  core/g6918/Y                   -       A->Y  R     BUFX3         16 32.7   110   116     793    (-,-) 
  core/ack_rank_q_reg[14]/RN     -       -     R     DFFTRX1       16    -     -     0     793    (-,-) 
#-------------------------------------------------------------------------------------------------------



Path 49: MET (9106 ps) Setup Check with Pin core/ack_rank_q_reg[13]/CK->RN
          Group: clk
     Startpoint: (R) core/reset_release_q_reg[1]/CK
          Clock: (R) clk
       Endpoint: (R) core/ack_rank_q_reg[13]/RN
          Clock: (R) clk

                     Capture       Launch     
        Clock Edge:+   10000            0     
       Src Latency:+       0            0     
       Net Latency:+       0 (I)        0 (I) 
           Arrival:=   10000            0     
                                              
             Setup:-     101                  
     Required Time:=    9899                  
      Launch Clock:-       0                  
         Data Path:-     793                  
             Slack:=    9106                  

#-------------------------------------------------------------------------------------------------------
#         Timing Point           Flags   Arc   Edge   Cell     Fanout Load Trans Delay Arrival Instance 
#                                                                     (fF)  (ps)  (ps)   (ps)  Location 
#-------------------------------------------------------------------------------------------------------
  core/reset_release_q_reg[1]/CK -       -     R     (arrival)     71    -     0     0       0    (-,-) 
  core/reset_release_q_reg[1]/Q  -       CK->Q R     DFFRHQX1      16 54.1   707   562     562    (-,-) 
  core/drc_bufs4712/Y            -       A->Y  R     BUFX3          5 17.7    81   115     677    (-,-) 
  core/g6918/Y                   -       A->Y  R     BUFX3         16 32.7   110   116     793    (-,-) 
  core/ack_rank_q_reg[13]/RN     -       -     R     DFFTRX1       16    -     -     0     793    (-,-) 
#-------------------------------------------------------------------------------------------------------



Path 50: MET (9106 ps) Setup Check with Pin core/ack_rank_q_reg[12]/CK->RN
          Group: clk
     Startpoint: (R) core/reset_release_q_reg[1]/CK
          Clock: (R) clk
       Endpoint: (R) core/ack_rank_q_reg[12]/RN
          Clock: (R) clk

                     Capture       Launch     
        Clock Edge:+   10000            0     
       Src Latency:+       0            0     
       Net Latency:+       0 (I)        0 (I) 
           Arrival:=   10000            0     
                                              
             Setup:-     101                  
     Required Time:=    9899                  
      Launch Clock:-       0                  
         Data Path:-     793                  
             Slack:=    9106                  

#-------------------------------------------------------------------------------------------------------
#         Timing Point           Flags   Arc   Edge   Cell     Fanout Load Trans Delay Arrival Instance 
#                                                                     (fF)  (ps)  (ps)   (ps)  Location 
#-------------------------------------------------------------------------------------------------------
  core/reset_release_q_reg[1]/CK -       -     R     (arrival)     71    -     0     0       0    (-,-) 
  core/reset_release_q_reg[1]/Q  -       CK->Q R     DFFRHQX1      16 54.1   707   562     562    (-,-) 
  core/drc_bufs4712/Y            -       A->Y  R     BUFX3          5 17.7    81   115     677    (-,-) 
  core/g6918/Y                   -       A->Y  R     BUFX3         16 32.7   110   116     793    (-,-) 
  core/ack_rank_q_reg[12]/RN     -       -     R     DFFTRX1       16    -     -     0     793    (-,-) 
#-------------------------------------------------------------------------------------------------------

