============================================================
  Generated by:           Genus(TM) Synthesis Solution 23.14-s090_1
  Generated on:           Aug 26 2026  02:53:17 pm
  Module:                 aer64_pending_grouped_rr
  Operating conditions:   PVT_0P9V_125C (balanced_tree)
  Wireload mode:          enclosed
  Area mode:              timing library
============================================================


Path 1: MET (6335 ps) Setup Check with Pin core/pending_q_reg[62]/CK->D
          Group: clk
     Startpoint: (R) core/req_sync_q_reg[47]/CK
          Clock: (R) clk
       Endpoint: (R) core/pending_q_reg[62]/D
          Clock: (R) clk

                     Capture       Launch     
        Clock Edge:+   10000            0     
       Src Latency:+       0            0     
       Net Latency:+       0 (I)        0 (I) 
           Arrival:=   10000            0     
                                              
             Setup:-     136                  
     Required Time:=    9864                  
      Launch Clock:-       0                  
         Data Path:-    3528                  
             Slack:=    6335                  

#----------------------------------------------------------------------------------------------------
#       Timing Point         Flags    Arc   Edge   Cell     Fanout Load Trans Delay Arrival Instance 
#                                                                  (fF)  (ps)  (ps)   (ps)  Location 
#----------------------------------------------------------------------------------------------------
  core/req_sync_q_reg[47]/CK -       -      R     (arrival)    265    -     0     0       0    (-,-) 
  core/req_sync_q_reg[47]/Q  (P)     CK->Q  F     DFFHQX1        2  0.8    32   202     202    (-,-) 
  core/g24472__1881/Y        -       A0->Y  R     AOI21X1        3  0.8    69    81     282    (-,-) 
  core/g24249__8428/Y        -       A->Y   F     NAND4XL        1  0.2   179   211     493    (-,-) 
  core/g24226__1705/Y        -       AN->Y  F     NAND4BX1       1  0.2   151   260     753    (-,-) 
  core/g24216__5107/Y        -       AN->Y  F     NAND2BX1       6  2.0   148   192     945    (-,-) 
  core/g24206__9315/Y        -       B->Y   R     NAND2BX1       2  0.8    54   104    1049    (-,-) 
  core/g24194__8246/Y        -       B->Y   F     NAND2X1        2  0.7    76    80    1129    (-,-) 
  core/g24190/Y              -       A->Y   R     INVX1          2  0.8    36    60    1189    (-,-) 
  core/g24167__5115/Y        -       A0->Y  F     OAI222X1       1  0.2   176   222    1411    (-,-) 
  core/g24156__3680/Y        -       B0->Y  R     AOI211XL       1  0.4   111   187    1597    (-,-) 
  core/g24145__6260/Y        -       C0->Y  F     OAI211X1       1  0.3   125   155    1752    (-,-) 
  core/g24139__1666/Y        -       C0->Y  R     AOI221X1       1  0.4   105   138    1890    (-,-) 
  core/g24135__9945/Y        -       B->Y   F     NAND2X1        6  1.7   132   138    2028    (-,-) 
  core/g24707__5122/Y        -       AN->Y  F     NOR2BX1        2  0.6    55   116    2145    (-,-) 
  core/g24121__8246/Y        -       B->Y   R     NAND2X1        7  2.6    81    72    2216    (-,-) 
  core/g24105__1666/Y        -       B1->Y  R     OA22X1         1  0.4    29   179    2396    (-,-) 
  core/g24085__5526/Y        -       C0->Y  F     OAI221X1       1  0.4   155   146    2542    (-,-) 
  core/g24076__6417/Y        -       A2->Y  R     OAI31X1        1  0.2    87   140    2682    (-,-) 
  core/g24073__2346/Y        -       A1N->Y R     OAI2BB1X1      1  0.2    33   149    2831    (-,-) 
  core/g24071__9945/Y        -       A1N->Y R     OAI2BB1X1      1  0.4    35   126    2957    (-,-) 
  core/g24059__1705/Y        -       A2->Y  F     AOI32X1        2  0.6   190   164    3121    (-,-) 
  core/g24046__5477/Y        -       B->Y   R     NOR2X1         3  1.2    97   153    3274    (-,-) 
  core/g24044/Y              -       A->Y   F     INVX1          3  0.7    44    77    3351    (-,-) 
  core/g24042__1666/Y        -       A->Y   F     AND2X1         8  2.0    63    95    3446    (-,-) 
  core/g24031__6131/Y        -       A1->Y  R     AOI21XL        1  0.3    64    82    3528    (-,-) 
  core/pending_q_reg[62]/D   -       -      R     DFFHQX1        1    -     -     0    3528    (-,-) 
#----------------------------------------------------------------------------------------------------

(P) : Instance is preserved



Path 2: MET (6335 ps) Setup Check with Pin core/pending_q_reg[26]/CK->D
          Group: clk
     Startpoint: (R) core/req_sync_q_reg[47]/CK
          Clock: (R) clk
       Endpoint: (R) core/pending_q_reg[26]/D
          Clock: (R) clk

                     Capture       Launch     
        Clock Edge:+   10000            0     
       Src Latency:+       0            0     
       Net Latency:+       0 (I)        0 (I) 
           Arrival:=   10000            0     
                                              
             Setup:-     136                  
     Required Time:=    9864                  
      Launch Clock:-       0                  
         Data Path:-    3528                  
             Slack:=    6335                  

#----------------------------------------------------------------------------------------------------
#       Timing Point         Flags    Arc   Edge   Cell     Fanout Load Trans Delay Arrival Instance 
#                                                                  (fF)  (ps)  (ps)   (ps)  Location 
#----------------------------------------------------------------------------------------------------
  core/req_sync_q_reg[47]/CK -       -      R     (arrival)    265    -     0     0       0    (-,-) 
  core/req_sync_q_reg[47]/Q  (P)     CK->Q  F     DFFHQX1        2  0.8    32   202     202    (-,-) 
  core/g24472__1881/Y        -       A0->Y  R     AOI21X1        3  0.8    69    81     282    (-,-) 
  core/g24249__8428/Y        -       A->Y   F     NAND4XL        1  0.2   179   211     493    (-,-) 
  core/g24226__1705/Y        -       AN->Y  F     NAND4BX1       1  0.2   151   260     753    (-,-) 
  core/g24216__5107/Y        -       AN->Y  F     NAND2BX1       6  2.0   148   192     945    (-,-) 
  core/g24206__9315/Y        -       B->Y   R     NAND2BX1       2  0.8    54   104    1049    (-,-) 
  core/g24194__8246/Y        -       B->Y   F     NAND2X1        2  0.7    76    80    1129    (-,-) 
  core/g24190/Y              -       A->Y   R     INVX1          2  0.8    36    60    1189    (-,-) 
  core/g24167__5115/Y        -       A0->Y  F     OAI222X1       1  0.2   176   222    1411    (-,-) 
  core/g24156__3680/Y        -       B0->Y  R     AOI211XL       1  0.4   111   187    1597    (-,-) 
  core/g24145__6260/Y        -       C0->Y  F     OAI211X1       1  0.3   125   155    1752    (-,-) 
  core/g24139__1666/Y        -       C0->Y  R     AOI221X1       1  0.4   105   138    1890    (-,-) 
  core/g24135__9945/Y        -       B->Y   F     NAND2X1        6  1.7   132   138    2028    (-,-) 
  core/g24707__5122/Y        -       AN->Y  F     NOR2BX1        2  0.6    55   116    2145    (-,-) 
  core/g24121__8246/Y        -       B->Y   R     NAND2X1        7  2.6    81    72    2216    (-,-) 
  core/g24105__1666/Y        -       B1->Y  R     OA22X1         1  0.4    29   179    2396    (-,-) 
  core/g24085__5526/Y        -       C0->Y  F     OAI221X1       1  0.4   155   146    2542    (-,-) 
  core/g24076__6417/Y        -       A2->Y  R     OAI31X1        1  0.2    87   140    2682    (-,-) 
  core/g24073__2346/Y        -       A1N->Y R     OAI2BB1X1      1  0.2    33   149    2831    (-,-) 
  core/g24071__9945/Y        -       A1N->Y R     OAI2BB1X1      1  0.4    35   126    2957    (-,-) 
  core/g24059__1705/Y        -       A2->Y  F     AOI32X1        2  0.6   190   164    3121    (-,-) 
  core/g24046__5477/Y        -       B->Y   R     NOR2X1         3  1.2    97   153    3274    (-,-) 
  core/g24044/Y              -       A->Y   F     INVX1          3  0.7    44    77    3351    (-,-) 
  core/g24037__9315/Y        -       A->Y   F     AND2X1         8  2.0    63    95    3446    (-,-) 
  core/g24017__2398/Y        -       A1->Y  R     AOI21XL        1  0.3    64    82    3528    (-,-) 
  core/pending_q_reg[26]/D   -       -      R     DFFHQX1        1    -     -     0    3528    (-,-) 
#----------------------------------------------------------------------------------------------------

(P) : Instance is preserved



Path 3: MET (6335 ps) Setup Check with Pin core/pending_q_reg[14]/CK->D
          Group: clk
     Startpoint: (R) core/req_sync_q_reg[47]/CK
          Clock: (R) clk
       Endpoint: (R) core/pending_q_reg[14]/D
          Clock: (R) clk

                     Capture       Launch     
        Clock Edge:+   10000            0     
       Src Latency:+       0            0     
       Net Latency:+       0 (I)        0 (I) 
           Arrival:=   10000            0     
                                              
             Setup:-     136                  
     Required Time:=    9864                  
      Launch Clock:-       0                  
         Data Path:-    3528                  
             Slack:=    6335                  

#----------------------------------------------------------------------------------------------------
#       Timing Point         Flags    Arc   Edge   Cell     Fanout Load Trans Delay Arrival Instance 
#                                                                  (fF)  (ps)  (ps)   (ps)  Location 
#----------------------------------------------------------------------------------------------------
  core/req_sync_q_reg[47]/CK -       -      R     (arrival)    265    -     0     0       0    (-,-) 
  core/req_sync_q_reg[47]/Q  (P)     CK->Q  F     DFFHQX1        2  0.8    32   202     202    (-,-) 
  core/g24472__1881/Y        -       A0->Y  R     AOI21X1        3  0.8    69    81     282    (-,-) 
  core/g24249__8428/Y        -       A->Y   F     NAND4XL        1  0.2   179   211     493    (-,-) 
  core/g24226__1705/Y        -       AN->Y  F     NAND4BX1       1  0.2   151   260     753    (-,-) 
  core/g24216__5107/Y        -       AN->Y  F     NAND2BX1       6  2.0   148   192     945    (-,-) 
  core/g24206__9315/Y        -       B->Y   R     NAND2BX1       2  0.8    54   104    1049    (-,-) 
  core/g24194__8246/Y        -       B->Y   F     NAND2X1        2  0.7    76    80    1129    (-,-) 
  core/g24190/Y              -       A->Y   R     INVX1          2  0.8    36    60    1189    (-,-) 
  core/g24167__5115/Y        -       A0->Y  F     OAI222X1       1  0.2   176   222    1411    (-,-) 
  core/g24156__3680/Y        -       B0->Y  R     AOI211XL       1  0.4   111   187    1597    (-,-) 
  core/g24145__6260/Y        -       C0->Y  F     OAI211X1       1  0.3   125   155    1752    (-,-) 
  core/g24139__1666/Y        -       C0->Y  R     AOI221X1       1  0.4   105   138    1890    (-,-) 
  core/g24135__9945/Y        -       B->Y   F     NAND2X1        6  1.7   132   138    2028    (-,-) 
  core/g24707__5122/Y        -       AN->Y  F     NOR2BX1        2  0.6    55   116    2145    (-,-) 
  core/g24121__8246/Y        -       B->Y   R     NAND2X1        7  2.6    81    72    2216    (-,-) 
  core/g24105__1666/Y        -       B1->Y  R     OA22X1         1  0.4    29   179    2396    (-,-) 
  core/g24085__5526/Y        -       C0->Y  F     OAI221X1       1  0.4   155   146    2542    (-,-) 
  core/g24076__6417/Y        -       A2->Y  R     OAI31X1        1  0.2    87   140    2682    (-,-) 
  core/g24073__2346/Y        -       A1N->Y R     OAI2BB1X1      1  0.2    33   149    2831    (-,-) 
  core/g24071__9945/Y        -       A1N->Y R     OAI2BB1X1      1  0.4    35   126    2957    (-,-) 
  core/g24059__1705/Y        -       A2->Y  F     AOI32X1        2  0.6   190   164    3121    (-,-) 
  core/g24046__5477/Y        -       B->Y   R     NOR2X1         3  1.2    97   153    3274    (-,-) 
  core/g24044/Y              -       A->Y   F     INVX1          3  0.7    44    77    3351    (-,-) 
  core/g24037__9315/Y        -       A->Y   F     AND2X1         8  2.0    63    95    3446    (-,-) 
  core/g24014__7410/Y        -       A1->Y  R     AOI21XL        1  0.3    64    82    3528    (-,-) 
  core/pending_q_reg[14]/D   -       -      R     DFFHQX1        1    -     -     0    3528    (-,-) 
#----------------------------------------------------------------------------------------------------

(P) : Instance is preserved



Path 4: MET (6336 ps) Setup Check with Pin core/pending_q_reg[58]/CK->D
          Group: clk
     Startpoint: (R) core/req_sync_q_reg[47]/CK
          Clock: (R) clk
       Endpoint: (R) core/pending_q_reg[58]/D
          Clock: (R) clk

                     Capture       Launch     
        Clock Edge:+   10000            0     
       Src Latency:+       0            0     
       Net Latency:+       0 (I)        0 (I) 
           Arrival:=   10000            0     
                                              
             Setup:-     136                  
     Required Time:=    9864                  
      Launch Clock:-       0                  
         Data Path:-    3528                  
             Slack:=    6336                  

#----------------------------------------------------------------------------------------------------
#       Timing Point         Flags    Arc   Edge   Cell     Fanout Load Trans Delay Arrival Instance 
#                                                                  (fF)  (ps)  (ps)   (ps)  Location 
#----------------------------------------------------------------------------------------------------
  core/req_sync_q_reg[47]/CK -       -      R     (arrival)    265    -     0     0       0    (-,-) 
  core/req_sync_q_reg[47]/Q  (P)     CK->Q  F     DFFHQX1        2  0.8    32   202     202    (-,-) 
  core/g24472__1881/Y        -       A0->Y  R     AOI21X1        3  0.8    69    81     282    (-,-) 
  core/g24249__8428/Y        -       A->Y   F     NAND4XL        1  0.2   179   211     493    (-,-) 
  core/g24226__1705/Y        -       AN->Y  F     NAND4BX1       1  0.2   151   260     753    (-,-) 
  core/g24216__5107/Y        -       AN->Y  F     NAND2BX1       6  2.0   148   192     945    (-,-) 
  core/g24206__9315/Y        -       B->Y   R     NAND2BX1       2  0.8    54   104    1049    (-,-) 
  core/g24194__8246/Y        -       B->Y   F     NAND2X1        2  0.7    76    80    1129    (-,-) 
  core/g24190/Y              -       A->Y   R     INVX1          2  0.8    36    60    1189    (-,-) 
  core/g24167__5115/Y        -       A0->Y  F     OAI222X1       1  0.2   176   222    1411    (-,-) 
  core/g24156__3680/Y        -       B0->Y  R     AOI211XL       1  0.4   111   187    1597    (-,-) 
  core/g24145__6260/Y        -       C0->Y  F     OAI211X1       1  0.3   125   155    1752    (-,-) 
  core/g24139__1666/Y        -       C0->Y  R     AOI221X1       1  0.4   105   138    1890    (-,-) 
  core/g24135__9945/Y        -       B->Y   F     NAND2X1        6  1.7   132   138    2028    (-,-) 
  core/g24707__5122/Y        -       AN->Y  F     NOR2BX1        2  0.6    55   116    2145    (-,-) 
  core/g24121__8246/Y        -       B->Y   R     NAND2X1        7  2.6    81    72    2216    (-,-) 
  core/g24105__1666/Y        -       B1->Y  R     OA22X1         1  0.4    29   179    2396    (-,-) 
  core/g24085__5526/Y        -       C0->Y  F     OAI221X1       1  0.4   155   146    2542    (-,-) 
  core/g24076__6417/Y        -       A2->Y  R     OAI31X1        1  0.2    87   140    2682    (-,-) 
  core/g24073__2346/Y        -       A1N->Y R     OAI2BB1X1      1  0.2    33   149    2831    (-,-) 
  core/g24071__9945/Y        -       A1N->Y R     OAI2BB1X1      1  0.4    35   126    2957    (-,-) 
  core/g24059__1705/Y        -       A2->Y  F     AOI32X1        2  0.6   190   164    3121    (-,-) 
  core/g24046__5477/Y        -       B->Y   R     NOR2X1         3  1.2    97   153    3274    (-,-) 
  core/g24044/Y              -       A->Y   F     INVX1          3  0.7    44    77    3351    (-,-) 
  core/g24042__1666/Y        -       A->Y   F     AND2X1         8  2.0    63    95    3446    (-,-) 
  core/g24030__7098/Y        -       A1->Y  R     AOI21XL        1  0.3    63    82    3528    (-,-) 
  core/pending_q_reg[58]/D   -       -      R     DFFHQX1        1    -     -     0    3528    (-,-) 
#----------------------------------------------------------------------------------------------------

(P) : Instance is preserved



Path 5: MET (6336 ps) Setup Check with Pin core/pending_q_reg[42]/CK->D
          Group: clk
     Startpoint: (R) core/req_sync_q_reg[47]/CK
          Clock: (R) clk
       Endpoint: (R) core/pending_q_reg[42]/D
          Clock: (R) clk

                     Capture       Launch     
        Clock Edge:+   10000            0     
       Src Latency:+       0            0     
       Net Latency:+       0 (I)        0 (I) 
           Arrival:=   10000            0     
                                              
             Setup:-     136                  
     Required Time:=    9864                  
      Launch Clock:-       0                  
         Data Path:-    3528                  
             Slack:=    6336                  

#----------------------------------------------------------------------------------------------------
#       Timing Point         Flags    Arc   Edge   Cell     Fanout Load Trans Delay Arrival Instance 
#                                                                  (fF)  (ps)  (ps)   (ps)  Location 
#----------------------------------------------------------------------------------------------------
  core/req_sync_q_reg[47]/CK -       -      R     (arrival)    265    -     0     0       0    (-,-) 
  core/req_sync_q_reg[47]/Q  (P)     CK->Q  F     DFFHQX1        2  0.8    32   202     202    (-,-) 
  core/g24472__1881/Y        -       A0->Y  R     AOI21X1        3  0.8    69    81     282    (-,-) 
  core/g24249__8428/Y        -       A->Y   F     NAND4XL        1  0.2   179   211     493    (-,-) 
  core/g24226__1705/Y        -       AN->Y  F     NAND4BX1       1  0.2   151   260     753    (-,-) 
  core/g24216__5107/Y        -       AN->Y  F     NAND2BX1       6  2.0   148   192     945    (-,-) 
  core/g24206__9315/Y        -       B->Y   R     NAND2BX1       2  0.8    54   104    1049    (-,-) 
  core/g24194__8246/Y        -       B->Y   F     NAND2X1        2  0.7    76    80    1129    (-,-) 
  core/g24190/Y              -       A->Y   R     INVX1          2  0.8    36    60    1189    (-,-) 
  core/g24167__5115/Y        -       A0->Y  F     OAI222X1       1  0.2   176   222    1411    (-,-) 
  core/g24156__3680/Y        -       B0->Y  R     AOI211XL       1  0.4   111   187    1597    (-,-) 
  core/g24145__6260/Y        -       C0->Y  F     OAI211X1       1  0.3   125   155    1752    (-,-) 
  core/g24139__1666/Y        -       C0->Y  R     AOI221X1       1  0.4   105   138    1890    (-,-) 
  core/g24135__9945/Y        -       B->Y   F     NAND2X1        6  1.7   132   138    2028    (-,-) 
  core/g24707__5122/Y        -       AN->Y  F     NOR2BX1        2  0.6    55   116    2145    (-,-) 
  core/g24121__8246/Y        -       B->Y   R     NAND2X1        7  2.6    81    72    2216    (-,-) 
  core/g24105__1666/Y        -       B1->Y  R     OA22X1         1  0.4    29   179    2396    (-,-) 
  core/g24085__5526/Y        -       C0->Y  F     OAI221X1       1  0.4   155   146    2542    (-,-) 
  core/g24076__6417/Y        -       A2->Y  R     OAI31X1        1  0.2    87   140    2682    (-,-) 
  core/g24073__2346/Y        -       A1N->Y R     OAI2BB1X1      1  0.2    33   149    2831    (-,-) 
  core/g24071__9945/Y        -       A1N->Y R     OAI2BB1X1      1  0.4    35   126    2957    (-,-) 
  core/g24059__1705/Y        -       A2->Y  F     AOI32X1        2  0.6   190   164    3121    (-,-) 
  core/g24046__5477/Y        -       B->Y   R     NOR2X1         3  1.2    97   153    3274    (-,-) 
  core/g24044/Y              -       A->Y   F     INVX1          3  0.7    44    77    3351    (-,-) 
  core/g24042__1666/Y        -       A->Y   F     AND2X1         8  2.0    63    95    3446    (-,-) 
  core/g24024__3680/Y        -       A1->Y  R     AOI21XL        1  0.3    63    82    3528    (-,-) 
  core/pending_q_reg[42]/D   -       -      R     DFFHQX1        1    -     -     0    3528    (-,-) 
#----------------------------------------------------------------------------------------------------

(P) : Instance is preserved



Path 6: MET (6336 ps) Setup Check with Pin core/pending_q_reg[46]/CK->D
          Group: clk
     Startpoint: (R) core/req_sync_q_reg[47]/CK
          Clock: (R) clk
       Endpoint: (R) core/pending_q_reg[46]/D
          Clock: (R) clk

                     Capture       Launch     
        Clock Edge:+   10000            0     
       Src Latency:+       0            0     
       Net Latency:+       0 (I)        0 (I) 
           Arrival:=   10000            0     
                                              
             Setup:-     136                  
     Required Time:=    9864                  
      Launch Clock:-       0                  
         Data Path:-    3528                  
             Slack:=    6336                  

#----------------------------------------------------------------------------------------------------
#       Timing Point         Flags    Arc   Edge   Cell     Fanout Load Trans Delay Arrival Instance 
#                                                                  (fF)  (ps)  (ps)   (ps)  Location 
#----------------------------------------------------------------------------------------------------
  core/req_sync_q_reg[47]/CK -       -      R     (arrival)    265    -     0     0       0    (-,-) 
  core/req_sync_q_reg[47]/Q  (P)     CK->Q  F     DFFHQX1        2  0.8    32   202     202    (-,-) 
  core/g24472__1881/Y        -       A0->Y  R     AOI21X1        3  0.8    69    81     282    (-,-) 
  core/g24249__8428/Y        -       A->Y   F     NAND4XL        1  0.2   179   211     493    (-,-) 
  core/g24226__1705/Y        -       AN->Y  F     NAND4BX1       1  0.2   151   260     753    (-,-) 
  core/g24216__5107/Y        -       AN->Y  F     NAND2BX1       6  2.0   148   192     945    (-,-) 
  core/g24206__9315/Y        -       B->Y   R     NAND2BX1       2  0.8    54   104    1049    (-,-) 
  core/g24194__8246/Y        -       B->Y   F     NAND2X1        2  0.7    76    80    1129    (-,-) 
  core/g24190/Y              -       A->Y   R     INVX1          2  0.8    36    60    1189    (-,-) 
  core/g24167__5115/Y        -       A0->Y  F     OAI222X1       1  0.2   176   222    1411    (-,-) 
  core/g24156__3680/Y        -       B0->Y  R     AOI211XL       1  0.4   111   187    1597    (-,-) 
  core/g24145__6260/Y        -       C0->Y  F     OAI211X1       1  0.3   125   155    1752    (-,-) 
  core/g24139__1666/Y        -       C0->Y  R     AOI221X1       1  0.4   105   138    1890    (-,-) 
  core/g24135__9945/Y        -       B->Y   F     NAND2X1        6  1.7   132   138    2028    (-,-) 
  core/g24707__5122/Y        -       AN->Y  F     NOR2BX1        2  0.6    55   116    2145    (-,-) 
  core/g24121__8246/Y        -       B->Y   R     NAND2X1        7  2.6    81    72    2216    (-,-) 
  core/g24105__1666/Y        -       B1->Y  R     OA22X1         1  0.4    29   179    2396    (-,-) 
  core/g24085__5526/Y        -       C0->Y  F     OAI221X1       1  0.4   155   146    2542    (-,-) 
  core/g24076__6417/Y        -       A2->Y  R     OAI31X1        1  0.2    87   140    2682    (-,-) 
  core/g24073__2346/Y        -       A1N->Y R     OAI2BB1X1      1  0.2    33   149    2831    (-,-) 
  core/g24071__9945/Y        -       A1N->Y R     OAI2BB1X1      1  0.4    35   126    2957    (-,-) 
  core/g24059__1705/Y        -       A2->Y  F     AOI32X1        2  0.6   190   164    3121    (-,-) 
  core/g24046__5477/Y        -       B->Y   R     NOR2X1         3  1.2    97   153    3274    (-,-) 
  core/g24044/Y              -       A->Y   F     INVX1          3  0.7    44    77    3351    (-,-) 
  core/g24042__1666/Y        -       A->Y   F     AND2X1         8  2.0    63    95    3446    (-,-) 
  core/g24027__1705/Y        -       A1->Y  R     AOI21XL        1  0.3    63    82    3528    (-,-) 
  core/pending_q_reg[46]/D   -       -      R     DFFHQX1        1    -     -     0    3528    (-,-) 
#----------------------------------------------------------------------------------------------------

(P) : Instance is preserved



Path 7: MET (6336 ps) Setup Check with Pin core/pending_q_reg[30]/CK->D
          Group: clk
     Startpoint: (R) core/req_sync_q_reg[47]/CK
          Clock: (R) clk
       Endpoint: (R) core/pending_q_reg[30]/D
          Clock: (R) clk

                     Capture       Launch     
        Clock Edge:+   10000            0     
       Src Latency:+       0            0     
       Net Latency:+       0 (I)        0 (I) 
           Arrival:=   10000            0     
                                              
             Setup:-     136                  
     Required Time:=    9864                  
      Launch Clock:-       0                  
         Data Path:-    3528                  
             Slack:=    6336                  

#----------------------------------------------------------------------------------------------------
#       Timing Point         Flags    Arc   Edge   Cell     Fanout Load Trans Delay Arrival Instance 
#                                                                  (fF)  (ps)  (ps)   (ps)  Location 
#----------------------------------------------------------------------------------------------------
  core/req_sync_q_reg[47]/CK -       -      R     (arrival)    265    -     0     0       0    (-,-) 
  core/req_sync_q_reg[47]/Q  (P)     CK->Q  F     DFFHQX1        2  0.8    32   202     202    (-,-) 
  core/g24472__1881/Y        -       A0->Y  R     AOI21X1        3  0.8    69    81     282    (-,-) 
  core/g24249__8428/Y        -       A->Y   F     NAND4XL        1  0.2   179   211     493    (-,-) 
  core/g24226__1705/Y        -       AN->Y  F     NAND4BX1       1  0.2   151   260     753    (-,-) 
  core/g24216__5107/Y        -       AN->Y  F     NAND2BX1       6  2.0   148   192     945    (-,-) 
  core/g24206__9315/Y        -       B->Y   R     NAND2BX1       2  0.8    54   104    1049    (-,-) 
  core/g24194__8246/Y        -       B->Y   F     NAND2X1        2  0.7    76    80    1129    (-,-) 
  core/g24190/Y              -       A->Y   R     INVX1          2  0.8    36    60    1189    (-,-) 
  core/g24167__5115/Y        -       A0->Y  F     OAI222X1       1  0.2   176   222    1411    (-,-) 
  core/g24156__3680/Y        -       B0->Y  R     AOI211XL       1  0.4   111   187    1597    (-,-) 
  core/g24145__6260/Y        -       C0->Y  F     OAI211X1       1  0.3   125   155    1752    (-,-) 
  core/g24139__1666/Y        -       C0->Y  R     AOI221X1       1  0.4   105   138    1890    (-,-) 
  core/g24135__9945/Y        -       B->Y   F     NAND2X1        6  1.7   132   138    2028    (-,-) 
  core/g24707__5122/Y        -       AN->Y  F     NOR2BX1        2  0.6    55   116    2145    (-,-) 
  core/g24121__8246/Y        -       B->Y   R     NAND2X1        7  2.6    81    72    2216    (-,-) 
  core/g24105__1666/Y        -       B1->Y  R     OA22X1         1  0.4    29   179    2396    (-,-) 
  core/g24085__5526/Y        -       C0->Y  F     OAI221X1       1  0.4   155   146    2542    (-,-) 
  core/g24076__6417/Y        -       A2->Y  R     OAI31X1        1  0.2    87   140    2682    (-,-) 
  core/g24073__2346/Y        -       A1N->Y R     OAI2BB1X1      1  0.2    33   149    2831    (-,-) 
  core/g24071__9945/Y        -       A1N->Y R     OAI2BB1X1      1  0.4    35   126    2957    (-,-) 
  core/g24059__1705/Y        -       A2->Y  F     AOI32X1        2  0.6   190   164    3121    (-,-) 
  core/g24046__5477/Y        -       B->Y   R     NOR2X1         3  1.2    97   153    3274    (-,-) 
  core/g24044/Y              -       A->Y   F     INVX1          3  0.7    44    77    3351    (-,-) 
  core/g24037__9315/Y        -       A->Y   F     AND2X1         8  2.0    63    95    3446    (-,-) 
  core/g24009__9315/Y        -       A1->Y  R     AOI21XL        1  0.3    62    82    3528    (-,-) 
  core/pending_q_reg[30]/D   -       -      R     DFFHQX1        1    -     -     0    3528    (-,-) 
#----------------------------------------------------------------------------------------------------

(P) : Instance is preserved



Path 8: MET (6336 ps) Setup Check with Pin core/pending_q_reg[10]/CK->D
          Group: clk
     Startpoint: (R) core/req_sync_q_reg[47]/CK
          Clock: (R) clk
       Endpoint: (R) core/pending_q_reg[10]/D
          Clock: (R) clk

                     Capture       Launch     
        Clock Edge:+   10000            0     
       Src Latency:+       0            0     
       Net Latency:+       0 (I)        0 (I) 
           Arrival:=   10000            0     
                                              
             Setup:-     136                  
     Required Time:=    9864                  
      Launch Clock:-       0                  
         Data Path:-    3528                  
             Slack:=    6336                  

#----------------------------------------------------------------------------------------------------
#       Timing Point         Flags    Arc   Edge   Cell     Fanout Load Trans Delay Arrival Instance 
#                                                                  (fF)  (ps)  (ps)   (ps)  Location 
#----------------------------------------------------------------------------------------------------
  core/req_sync_q_reg[47]/CK -       -      R     (arrival)    265    -     0     0       0    (-,-) 
  core/req_sync_q_reg[47]/Q  (P)     CK->Q  F     DFFHQX1        2  0.8    32   202     202    (-,-) 
  core/g24472__1881/Y        -       A0->Y  R     AOI21X1        3  0.8    69    81     282    (-,-) 
  core/g24249__8428/Y        -       A->Y   F     NAND4XL        1  0.2   179   211     493    (-,-) 
  core/g24226__1705/Y        -       AN->Y  F     NAND4BX1       1  0.2   151   260     753    (-,-) 
  core/g24216__5107/Y        -       AN->Y  F     NAND2BX1       6  2.0   148   192     945    (-,-) 
  core/g24206__9315/Y        -       B->Y   R     NAND2BX1       2  0.8    54   104    1049    (-,-) 
  core/g24194__8246/Y        -       B->Y   F     NAND2X1        2  0.7    76    80    1129    (-,-) 
  core/g24190/Y              -       A->Y   R     INVX1          2  0.8    36    60    1189    (-,-) 
  core/g24167__5115/Y        -       A0->Y  F     OAI222X1       1  0.2   176   222    1411    (-,-) 
  core/g24156__3680/Y        -       B0->Y  R     AOI211XL       1  0.4   111   187    1597    (-,-) 
  core/g24145__6260/Y        -       C0->Y  F     OAI211X1       1  0.3   125   155    1752    (-,-) 
  core/g24139__1666/Y        -       C0->Y  R     AOI221X1       1  0.4   105   138    1890    (-,-) 
  core/g24135__9945/Y        -       B->Y   F     NAND2X1        6  1.7   132   138    2028    (-,-) 
  core/g24707__5122/Y        -       AN->Y  F     NOR2BX1        2  0.6    55   116    2145    (-,-) 
  core/g24121__8246/Y        -       B->Y   R     NAND2X1        7  2.6    81    72    2216    (-,-) 
  core/g24105__1666/Y        -       B1->Y  R     OA22X1         1  0.4    29   179    2396    (-,-) 
  core/g24085__5526/Y        -       C0->Y  F     OAI221X1       1  0.4   155   146    2542    (-,-) 
  core/g24076__6417/Y        -       A2->Y  R     OAI31X1        1  0.2    87   140    2682    (-,-) 
  core/g24073__2346/Y        -       A1N->Y R     OAI2BB1X1      1  0.2    33   149    2831    (-,-) 
  core/g24071__9945/Y        -       A1N->Y R     OAI2BB1X1      1  0.4    35   126    2957    (-,-) 
  core/g24059__1705/Y        -       A2->Y  F     AOI32X1        2  0.6   190   164    3121    (-,-) 
  core/g24046__5477/Y        -       B->Y   R     NOR2X1         3  1.2    97   153    3274    (-,-) 
  core/g24044/Y              -       A->Y   F     INVX1          3  0.7    44    77    3351    (-,-) 
  core/g24037__9315/Y        -       A->Y   F     AND2X1         8  2.0    63    95    3446    (-,-) 
  core/g24011__2883/Y        -       A1->Y  R     AOI21XL        1  0.3    62    82    3528    (-,-) 
  core/pending_q_reg[10]/D   -       -      R     DFFHQX1        1    -     -     0    3528    (-,-) 
#----------------------------------------------------------------------------------------------------

(P) : Instance is preserved



Path 9: MET (6336 ps) Setup Check with Pin core/pending_q_reg[56]/CK->D
          Group: clk
     Startpoint: (R) core/req_sync_q_reg[47]/CK
          Clock: (R) clk
       Endpoint: (R) core/pending_q_reg[56]/D
          Clock: (R) clk

                     Capture       Launch     
        Clock Edge:+   10000            0     
       Src Latency:+       0            0     
       Net Latency:+       0 (I)        0 (I) 
           Arrival:=   10000            0     
                                              
             Setup:-     135                  
     Required Time:=    9865                  
      Launch Clock:-       0                  
         Data Path:-    3528                  
             Slack:=    6336                  

#----------------------------------------------------------------------------------------------------
#       Timing Point         Flags    Arc   Edge   Cell     Fanout Load Trans Delay Arrival Instance 
#                                                                  (fF)  (ps)  (ps)   (ps)  Location 
#----------------------------------------------------------------------------------------------------
  core/req_sync_q_reg[47]/CK -       -      R     (arrival)    265    -     0     0       0    (-,-) 
  core/req_sync_q_reg[47]/Q  (P)     CK->Q  F     DFFHQX1        2  0.8    32   202     202    (-,-) 
  core/g24472__1881/Y        -       A0->Y  R     AOI21X1        3  0.8    69    81     282    (-,-) 
  core/g24249__8428/Y        -       A->Y   F     NAND4XL        1  0.2   179   211     493    (-,-) 
  core/g24226__1705/Y        -       AN->Y  F     NAND4BX1       1  0.2   151   260     753    (-,-) 
  core/g24216__5107/Y        -       AN->Y  F     NAND2BX1       6  2.0   148   192     945    (-,-) 
  core/g24206__9315/Y        -       B->Y   R     NAND2BX1       2  0.8    54   104    1049    (-,-) 
  core/g24194__8246/Y        -       B->Y   F     NAND2X1        2  0.7    76    80    1129    (-,-) 
  core/g24190/Y              -       A->Y   R     INVX1          2  0.8    36    60    1189    (-,-) 
  core/g24167__5115/Y        -       A0->Y  F     OAI222X1       1  0.2   176   222    1411    (-,-) 
  core/g24156__3680/Y        -       B0->Y  R     AOI211XL       1  0.4   111   187    1597    (-,-) 
  core/g24145__6260/Y        -       C0->Y  F     OAI211X1       1  0.3   125   155    1752    (-,-) 
  core/g24139__1666/Y        -       C0->Y  R     AOI221X1       1  0.4   105   138    1890    (-,-) 
  core/g24135__9945/Y        -       B->Y   F     NAND2X1        6  1.7   132   138    2028    (-,-) 
  core/g24707__5122/Y        -       AN->Y  F     NOR2BX1        2  0.6    55   116    2145    (-,-) 
  core/g24121__8246/Y        -       B->Y   R     NAND2X1        7  2.6    81    72    2216    (-,-) 
  core/g24105__1666/Y        -       B1->Y  R     OA22X1         1  0.4    29   179    2396    (-,-) 
  core/g24085__5526/Y        -       C0->Y  F     OAI221X1       1  0.4   155   146    2542    (-,-) 
  core/g24076__6417/Y        -       A2->Y  R     OAI31X1        1  0.2    87   140    2682    (-,-) 
  core/g24073__2346/Y        -       A1N->Y R     OAI2BB1X1      1  0.2    33   149    2831    (-,-) 
  core/g24071__9945/Y        -       A1N->Y R     OAI2BB1X1      1  0.4    35   126    2957    (-,-) 
  core/g24059__1705/Y        -       A2->Y  F     AOI32X1        2  0.6   190   164    3121    (-,-) 
  core/g24046__5477/Y        -       B->Y   R     NOR2X1         3  1.2    97   153    3274    (-,-) 
  core/g24044/Y              -       A->Y   F     INVX1          3  0.7    44    77    3351    (-,-) 
  core/g24042__1666/Y        -       A->Y   F     AND2X1         8  2.0    63    95    3446    (-,-) 
  core/g24005__7482/Y        -       A1->Y  R     AOI21XL        1  0.3    62    82    3528    (-,-) 
  core/pending_q_reg[56]/D   -       -      R     DFFHQX1        1    -     -     0    3528    (-,-) 
#----------------------------------------------------------------------------------------------------

(P) : Instance is preserved



Path 10: MET (6336 ps) Setup Check with Pin core/pending_q_reg[40]/CK->D
          Group: clk
     Startpoint: (R) core/req_sync_q_reg[47]/CK
          Clock: (R) clk
       Endpoint: (R) core/pending_q_reg[40]/D
          Clock: (R) clk

                     Capture       Launch     
        Clock Edge:+   10000            0     
       Src Latency:+       0            0     
       Net Latency:+       0 (I)        0 (I) 
           Arrival:=   10000            0     
                                              
             Setup:-     135                  
     Required Time:=    9865                  
      Launch Clock:-       0                  
         Data Path:-    3528                  
             Slack:=    6336                  

#----------------------------------------------------------------------------------------------------
#       Timing Point         Flags    Arc   Edge   Cell     Fanout Load Trans Delay Arrival Instance 
#                                                                  (fF)  (ps)  (ps)   (ps)  Location 
#----------------------------------------------------------------------------------------------------
  core/req_sync_q_reg[47]/CK -       -      R     (arrival)    265    -     0     0       0    (-,-) 
  core/req_sync_q_reg[47]/Q  (P)     CK->Q  F     DFFHQX1        2  0.8    32   202     202    (-,-) 
  core/g24472__1881/Y        -       A0->Y  R     AOI21X1        3  0.8    69    81     282    (-,-) 
  core/g24249__8428/Y        -       A->Y   F     NAND4XL        1  0.2   179   211     493    (-,-) 
  core/g24226__1705/Y        -       AN->Y  F     NAND4BX1       1  0.2   151   260     753    (-,-) 
  core/g24216__5107/Y        -       AN->Y  F     NAND2BX1       6  2.0   148   192     945    (-,-) 
  core/g24206__9315/Y        -       B->Y   R     NAND2BX1       2  0.8    54   104    1049    (-,-) 
  core/g24194__8246/Y        -       B->Y   F     NAND2X1        2  0.7    76    80    1129    (-,-) 
  core/g24190/Y              -       A->Y   R     INVX1          2  0.8    36    60    1189    (-,-) 
  core/g24167__5115/Y        -       A0->Y  F     OAI222X1       1  0.2   176   222    1411    (-,-) 
  core/g24156__3680/Y        -       B0->Y  R     AOI211XL       1  0.4   111   187    1597    (-,-) 
  core/g24145__6260/Y        -       C0->Y  F     OAI211X1       1  0.3   125   155    1752    (-,-) 
  core/g24139__1666/Y        -       C0->Y  R     AOI221X1       1  0.4   105   138    1890    (-,-) 
  core/g24135__9945/Y        -       B->Y   F     NAND2X1        6  1.7   132   138    2028    (-,-) 
  core/g24707__5122/Y        -       AN->Y  F     NOR2BX1        2  0.6    55   116    2145    (-,-) 
  core/g24121__8246/Y        -       B->Y   R     NAND2X1        7  2.6    81    72    2216    (-,-) 
  core/g24105__1666/Y        -       B1->Y  R     OA22X1         1  0.4    29   179    2396    (-,-) 
  core/g24085__5526/Y        -       C0->Y  F     OAI221X1       1  0.4   155   146    2542    (-,-) 
  core/g24076__6417/Y        -       A2->Y  R     OAI31X1        1  0.2    87   140    2682    (-,-) 
  core/g24073__2346/Y        -       A1N->Y R     OAI2BB1X1      1  0.2    33   149    2831    (-,-) 
  core/g24071__9945/Y        -       A1N->Y R     OAI2BB1X1      1  0.4    35   126    2957    (-,-) 
  core/g24059__1705/Y        -       A2->Y  F     AOI32X1        2  0.6   190   164    3121    (-,-) 
  core/g24046__5477/Y        -       B->Y   R     NOR2X1         3  1.2    97   153    3274    (-,-) 
  core/g24044/Y              -       A->Y   F     INVX1          3  0.7    44    77    3351    (-,-) 
  core/g24042__1666/Y        -       A->Y   F     AND2X1         8  2.0    63    95    3446    (-,-) 
  core/g23999__5122/Y        -       A1->Y  R     AOI21XL        1  0.3    62    82    3528    (-,-) 
  core/pending_q_reg[40]/D   -       -      R     DFFHQX1        1    -     -     0    3528    (-,-) 
#----------------------------------------------------------------------------------------------------

(P) : Instance is preserved



Path 11: MET (6336 ps) Setup Check with Pin core/pending_q_reg[24]/CK->D
          Group: clk
     Startpoint: (R) core/req_sync_q_reg[47]/CK
          Clock: (R) clk
       Endpoint: (R) core/pending_q_reg[24]/D
          Clock: (R) clk

                     Capture       Launch     
        Clock Edge:+   10000            0     
       Src Latency:+       0            0     
       Net Latency:+       0 (I)        0 (I) 
           Arrival:=   10000            0     
                                              
             Setup:-     135                  
     Required Time:=    9865                  
      Launch Clock:-       0                  
         Data Path:-    3528                  
             Slack:=    6336                  

#----------------------------------------------------------------------------------------------------
#       Timing Point         Flags    Arc   Edge   Cell     Fanout Load Trans Delay Arrival Instance 
#                                                                  (fF)  (ps)  (ps)   (ps)  Location 
#----------------------------------------------------------------------------------------------------
  core/req_sync_q_reg[47]/CK -       -      R     (arrival)    265    -     0     0       0    (-,-) 
  core/req_sync_q_reg[47]/Q  (P)     CK->Q  F     DFFHQX1        2  0.8    32   202     202    (-,-) 
  core/g24472__1881/Y        -       A0->Y  R     AOI21X1        3  0.8    69    81     282    (-,-) 
  core/g24249__8428/Y        -       A->Y   F     NAND4XL        1  0.2   179   211     493    (-,-) 
  core/g24226__1705/Y        -       AN->Y  F     NAND4BX1       1  0.2   151   260     753    (-,-) 
  core/g24216__5107/Y        -       AN->Y  F     NAND2BX1       6  2.0   148   192     945    (-,-) 
  core/g24206__9315/Y        -       B->Y   R     NAND2BX1       2  0.8    54   104    1049    (-,-) 
  core/g24194__8246/Y        -       B->Y   F     NAND2X1        2  0.7    76    80    1129    (-,-) 
  core/g24190/Y              -       A->Y   R     INVX1          2  0.8    36    60    1189    (-,-) 
  core/g24167__5115/Y        -       A0->Y  F     OAI222X1       1  0.2   176   222    1411    (-,-) 
  core/g24156__3680/Y        -       B0->Y  R     AOI211XL       1  0.4   111   187    1597    (-,-) 
  core/g24145__6260/Y        -       C0->Y  F     OAI211X1       1  0.3   125   155    1752    (-,-) 
  core/g24139__1666/Y        -       C0->Y  R     AOI221X1       1  0.4   105   138    1890    (-,-) 
  core/g24135__9945/Y        -       B->Y   F     NAND2X1        6  1.7   132   138    2028    (-,-) 
  core/g24707__5122/Y        -       AN->Y  F     NOR2BX1        2  0.6    55   116    2145    (-,-) 
  core/g24121__8246/Y        -       B->Y   R     NAND2X1        7  2.6    81    72    2216    (-,-) 
  core/g24105__1666/Y        -       B1->Y  R     OA22X1         1  0.4    29   179    2396    (-,-) 
  core/g24085__5526/Y        -       C0->Y  F     OAI221X1       1  0.4   155   146    2542    (-,-) 
  core/g24076__6417/Y        -       A2->Y  R     OAI31X1        1  0.2    87   140    2682    (-,-) 
  core/g24073__2346/Y        -       A1N->Y R     OAI2BB1X1      1  0.2    33   149    2831    (-,-) 
  core/g24071__9945/Y        -       A1N->Y R     OAI2BB1X1      1  0.4    35   126    2957    (-,-) 
  core/g24059__1705/Y        -       A2->Y  F     AOI32X1        2  0.6   190   164    3121    (-,-) 
  core/g24046__5477/Y        -       B->Y   R     NOR2X1         3  1.2    97   153    3274    (-,-) 
  core/g24044/Y              -       A->Y   F     INVX1          3  0.7    44    77    3351    (-,-) 
  core/g24037__9315/Y        -       A->Y   F     AND2X1         8  2.0    63    95    3446    (-,-) 
  core/g24016__5477/Y        -       A1->Y  R     AOI21XL        1  0.3    62    82    3528    (-,-) 
  core/pending_q_reg[24]/D   -       -      R     DFFHQX1        1    -     -     0    3528    (-,-) 
#----------------------------------------------------------------------------------------------------

(P) : Instance is preserved



Path 12: MET (6336 ps) Setup Check with Pin core/pending_q_reg[8]/CK->D
          Group: clk
     Startpoint: (R) core/req_sync_q_reg[47]/CK
          Clock: (R) clk
       Endpoint: (R) core/pending_q_reg[8]/D
          Clock: (R) clk

                     Capture       Launch     
        Clock Edge:+   10000            0     
       Src Latency:+       0            0     
       Net Latency:+       0 (I)        0 (I) 
           Arrival:=   10000            0     
                                              
             Setup:-     135                  
     Required Time:=    9865                  
      Launch Clock:-       0                  
         Data Path:-    3528                  
             Slack:=    6336                  

#----------------------------------------------------------------------------------------------------
#       Timing Point         Flags    Arc   Edge   Cell     Fanout Load Trans Delay Arrival Instance 
#                                                                  (fF)  (ps)  (ps)   (ps)  Location 
#----------------------------------------------------------------------------------------------------
  core/req_sync_q_reg[47]/CK -       -      R     (arrival)    265    -     0     0       0    (-,-) 
  core/req_sync_q_reg[47]/Q  (P)     CK->Q  F     DFFHQX1        2  0.8    32   202     202    (-,-) 
  core/g24472__1881/Y        -       A0->Y  R     AOI21X1        3  0.8    69    81     282    (-,-) 
  core/g24249__8428/Y        -       A->Y   F     NAND4XL        1  0.2   179   211     493    (-,-) 
  core/g24226__1705/Y        -       AN->Y  F     NAND4BX1       1  0.2   151   260     753    (-,-) 
  core/g24216__5107/Y        -       AN->Y  F     NAND2BX1       6  2.0   148   192     945    (-,-) 
  core/g24206__9315/Y        -       B->Y   R     NAND2BX1       2  0.8    54   104    1049    (-,-) 
  core/g24194__8246/Y        -       B->Y   F     NAND2X1        2  0.7    76    80    1129    (-,-) 
  core/g24190/Y              -       A->Y   R     INVX1          2  0.8    36    60    1189    (-,-) 
  core/g24167__5115/Y        -       A0->Y  F     OAI222X1       1  0.2   176   222    1411    (-,-) 
  core/g24156__3680/Y        -       B0->Y  R     AOI211XL       1  0.4   111   187    1597    (-,-) 
  core/g24145__6260/Y        -       C0->Y  F     OAI211X1       1  0.3   125   155    1752    (-,-) 
  core/g24139__1666/Y        -       C0->Y  R     AOI221X1       1  0.4   105   138    1890    (-,-) 
  core/g24135__9945/Y        -       B->Y   F     NAND2X1        6  1.7   132   138    2028    (-,-) 
  core/g24707__5122/Y        -       AN->Y  F     NOR2BX1        2  0.6    55   116    2145    (-,-) 
  core/g24121__8246/Y        -       B->Y   R     NAND2X1        7  2.6    81    72    2216    (-,-) 
  core/g24105__1666/Y        -       B1->Y  R     OA22X1         1  0.4    29   179    2396    (-,-) 
  core/g24085__5526/Y        -       C0->Y  F     OAI221X1       1  0.4   155   146    2542    (-,-) 
  core/g24076__6417/Y        -       A2->Y  R     OAI31X1        1  0.2    87   140    2682    (-,-) 
  core/g24073__2346/Y        -       A1N->Y R     OAI2BB1X1      1  0.2    33   149    2831    (-,-) 
  core/g24071__9945/Y        -       A1N->Y R     OAI2BB1X1      1  0.4    35   126    2957    (-,-) 
  core/g24059__1705/Y        -       A2->Y  F     AOI32X1        2  0.6   190   164    3121    (-,-) 
  core/g24046__5477/Y        -       B->Y   R     NOR2X1         3  1.2    97   153    3274    (-,-) 
  core/g24044/Y              -       A->Y   F     INVX1          3  0.7    44    77    3351    (-,-) 
  core/g24037__9315/Y        -       A->Y   F     AND2X1         8  2.0    63    95    3446    (-,-) 
  core/g23985__7410/Y        -       A1->Y  R     AOI21XL        1  0.3    62    82    3528    (-,-) 
  core/pending_q_reg[8]/D    -       -      R     DFFHQX1        1    -     -     0    3528    (-,-) 
#----------------------------------------------------------------------------------------------------

(P) : Instance is preserved



Path 13: MET (6336 ps) Setup Check with Pin core/pending_q_reg[44]/CK->D
          Group: clk
     Startpoint: (R) core/req_sync_q_reg[47]/CK
          Clock: (R) clk
       Endpoint: (R) core/pending_q_reg[44]/D
          Clock: (R) clk

                     Capture       Launch     
        Clock Edge:+   10000            0     
       Src Latency:+       0            0     
       Net Latency:+       0 (I)        0 (I) 
           Arrival:=   10000            0     
                                              
             Setup:-     133                  
     Required Time:=    9867                  
      Launch Clock:-       0                  
         Data Path:-    3530                  
             Slack:=    6336                  

#----------------------------------------------------------------------------------------------------
#       Timing Point         Flags    Arc   Edge   Cell     Fanout Load Trans Delay Arrival Instance 
#                                                                  (fF)  (ps)  (ps)   (ps)  Location 
#----------------------------------------------------------------------------------------------------
  core/req_sync_q_reg[47]/CK -       -      R     (arrival)    265    -     0     0       0    (-,-) 
  core/req_sync_q_reg[47]/Q  (P)     CK->Q  F     DFFHQX1        2  0.8    32   202     202    (-,-) 
  core/g24472__1881/Y        -       A0->Y  R     AOI21X1        3  0.8    69    81     282    (-,-) 
  core/g24249__8428/Y        -       A->Y   F     NAND4XL        1  0.2   179   211     493    (-,-) 
  core/g24226__1705/Y        -       AN->Y  F     NAND4BX1       1  0.2   151   260     753    (-,-) 
  core/g24216__5107/Y        -       AN->Y  F     NAND2BX1       6  2.0   148   192     945    (-,-) 
  core/g24206__9315/Y        -       B->Y   R     NAND2BX1       2  0.8    54   104    1049    (-,-) 
  core/g24194__8246/Y        -       B->Y   F     NAND2X1        2  0.7    76    80    1129    (-,-) 
  core/g24190/Y              -       A->Y   R     INVX1          2  0.8    36    60    1189    (-,-) 
  core/g24167__5115/Y        -       A0->Y  F     OAI222X1       1  0.2   176   222    1411    (-,-) 
  core/g24156__3680/Y        -       B0->Y  R     AOI211XL       1  0.4   111   187    1597    (-,-) 
  core/g24145__6260/Y        -       C0->Y  F     OAI211X1       1  0.3   125   155    1752    (-,-) 
  core/g24139__1666/Y        -       C0->Y  R     AOI221X1       1  0.4   105   138    1890    (-,-) 
  core/g24135__9945/Y        -       B->Y   F     NAND2X1        6  1.7   132   138    2028    (-,-) 
  core/g24707__5122/Y        -       AN->Y  F     NOR2BX1        2  0.6    55   116    2145    (-,-) 
  core/g24121__8246/Y        -       B->Y   R     NAND2X1        7  2.6    81    72    2216    (-,-) 
  core/g24105__1666/Y        -       B1->Y  R     OA22X1         1  0.4    29   179    2396    (-,-) 
  core/g24085__5526/Y        -       C0->Y  F     OAI221X1       1  0.4   155   146    2542    (-,-) 
  core/g24076__6417/Y        -       A2->Y  R     OAI31X1        1  0.2    87   140    2682    (-,-) 
  core/g24073__2346/Y        -       A1N->Y R     OAI2BB1X1      1  0.2    33   149    2831    (-,-) 
  core/g24071__9945/Y        -       A1N->Y R     OAI2BB1X1      1  0.4    35   126    2957    (-,-) 
  core/g24059__1705/Y        -       A2->Y  F     AOI32X1        2  0.6   190   164    3121    (-,-) 
  core/g24046__5477/Y        -       B->Y   R     NOR2X1         3  1.2    97   153    3274    (-,-) 
  core/g24044/Y              -       A->Y   F     INVX1          3  0.7    44    77    3351    (-,-) 
  core/g24042__1666/Y        -       A->Y   F     AND2X1         8  2.0    63    95    3446    (-,-) 
  core/g24000__8246/Y        -       A0->Y  R     AOI21X1        1  0.3    58    84    3530    (-,-) 
  core/pending_q_reg[44]/D   -       -      R     DFFHQX1        1    -     -     0    3530    (-,-) 
#----------------------------------------------------------------------------------------------------

(P) : Instance is preserved



Path 14: MET (6337 ps) Setup Check with Pin core/pending_q_reg[60]/CK->D
          Group: clk
     Startpoint: (R) core/req_sync_q_reg[47]/CK
          Clock: (R) clk
       Endpoint: (R) core/pending_q_reg[60]/D
          Clock: (R) clk

                     Capture       Launch     
        Clock Edge:+   10000            0     
       Src Latency:+       0            0     
       Net Latency:+       0 (I)        0 (I) 
           Arrival:=   10000            0     
                                              
             Setup:-     133                  
     Required Time:=    9867                  
      Launch Clock:-       0                  
         Data Path:-    3530                  
             Slack:=    6337                  

#----------------------------------------------------------------------------------------------------
#       Timing Point         Flags    Arc   Edge   Cell     Fanout Load Trans Delay Arrival Instance 
#                                                                  (fF)  (ps)  (ps)   (ps)  Location 
#----------------------------------------------------------------------------------------------------
  core/req_sync_q_reg[47]/CK -       -      R     (arrival)    265    -     0     0       0    (-,-) 
  core/req_sync_q_reg[47]/Q  (P)     CK->Q  F     DFFHQX1        2  0.8    32   202     202    (-,-) 
  core/g24472__1881/Y        -       A0->Y  R     AOI21X1        3  0.8    69    81     282    (-,-) 
  core/g24249__8428/Y        -       A->Y   F     NAND4XL        1  0.2   179   211     493    (-,-) 
  core/g24226__1705/Y        -       AN->Y  F     NAND4BX1       1  0.2   151   260     753    (-,-) 
  core/g24216__5107/Y        -       AN->Y  F     NAND2BX1       6  2.0   148   192     945    (-,-) 
  core/g24206__9315/Y        -       B->Y   R     NAND2BX1       2  0.8    54   104    1049    (-,-) 
  core/g24194__8246/Y        -       B->Y   F     NAND2X1        2  0.7    76    80    1129    (-,-) 
  core/g24190/Y              -       A->Y   R     INVX1          2  0.8    36    60    1189    (-,-) 
  core/g24167__5115/Y        -       A0->Y  F     OAI222X1       1  0.2   176   222    1411    (-,-) 
  core/g24156__3680/Y        -       B0->Y  R     AOI211XL       1  0.4   111   187    1597    (-,-) 
  core/g24145__6260/Y        -       C0->Y  F     OAI211X1       1  0.3   125   155    1752    (-,-) 
  core/g24139__1666/Y        -       C0->Y  R     AOI221X1       1  0.4   105   138    1890    (-,-) 
  core/g24135__9945/Y        -       B->Y   F     NAND2X1        6  1.7   132   138    2028    (-,-) 
  core/g24707__5122/Y        -       AN->Y  F     NOR2BX1        2  0.6    55   116    2145    (-,-) 
  core/g24121__8246/Y        -       B->Y   R     NAND2X1        7  2.6    81    72    2216    (-,-) 
  core/g24105__1666/Y        -       B1->Y  R     OA22X1         1  0.4    29   179    2396    (-,-) 
  core/g24085__5526/Y        -       C0->Y  F     OAI221X1       1  0.4   155   146    2542    (-,-) 
  core/g24076__6417/Y        -       A2->Y  R     OAI31X1        1  0.2    87   140    2682    (-,-) 
  core/g24073__2346/Y        -       A1N->Y R     OAI2BB1X1      1  0.2    33   149    2831    (-,-) 
  core/g24071__9945/Y        -       A1N->Y R     OAI2BB1X1      1  0.4    35   126    2957    (-,-) 
  core/g24059__1705/Y        -       A2->Y  F     AOI32X1        2  0.6   190   164    3121    (-,-) 
  core/g24046__5477/Y        -       B->Y   R     NOR2X1         3  1.2    97   153    3274    (-,-) 
  core/g24044/Y              -       A->Y   F     INVX1          3  0.7    44    77    3351    (-,-) 
  core/g24042__1666/Y        -       A->Y   F     AND2X1         8  2.0    63    95    3446    (-,-) 
  core/g24006__4733/Y        -       A0->Y  R     AOI21X1        1  0.3    57    84    3530    (-,-) 
  core/pending_q_reg[60]/D   -       -      R     DFFHQX1        1    -     -     0    3530    (-,-) 
#----------------------------------------------------------------------------------------------------

(P) : Instance is preserved



Path 15: MET (6337 ps) Setup Check with Pin core/pending_q_reg[28]/CK->D
          Group: clk
     Startpoint: (R) core/req_sync_q_reg[47]/CK
          Clock: (R) clk
       Endpoint: (R) core/pending_q_reg[28]/D
          Clock: (R) clk

                     Capture       Launch     
        Clock Edge:+   10000            0     
       Src Latency:+       0            0     
       Net Latency:+       0 (I)        0 (I) 
           Arrival:=   10000            0     
                                              
             Setup:-     133                  
     Required Time:=    9867                  
      Launch Clock:-       0                  
         Data Path:-    3530                  
             Slack:=    6337                  

#----------------------------------------------------------------------------------------------------
#       Timing Point         Flags    Arc   Edge   Cell     Fanout Load Trans Delay Arrival Instance 
#                                                                  (fF)  (ps)  (ps)   (ps)  Location 
#----------------------------------------------------------------------------------------------------
  core/req_sync_q_reg[47]/CK -       -      R     (arrival)    265    -     0     0       0    (-,-) 
  core/req_sync_q_reg[47]/Q  (P)     CK->Q  F     DFFHQX1        2  0.8    32   202     202    (-,-) 
  core/g24472__1881/Y        -       A0->Y  R     AOI21X1        3  0.8    69    81     282    (-,-) 
  core/g24249__8428/Y        -       A->Y   F     NAND4XL        1  0.2   179   211     493    (-,-) 
  core/g24226__1705/Y        -       AN->Y  F     NAND4BX1       1  0.2   151   260     753    (-,-) 
  core/g24216__5107/Y        -       AN->Y  F     NAND2BX1       6  2.0   148   192     945    (-,-) 
  core/g24206__9315/Y        -       B->Y   R     NAND2BX1       2  0.8    54   104    1049    (-,-) 
  core/g24194__8246/Y        -       B->Y   F     NAND2X1        2  0.7    76    80    1129    (-,-) 
  core/g24190/Y              -       A->Y   R     INVX1          2  0.8    36    60    1189    (-,-) 
  core/g24167__5115/Y        -       A0->Y  F     OAI222X1       1  0.2   176   222    1411    (-,-) 
  core/g24156__3680/Y        -       B0->Y  R     AOI211XL       1  0.4   111   187    1597    (-,-) 
  core/g24145__6260/Y        -       C0->Y  F     OAI211X1       1  0.3   125   155    1752    (-,-) 
  core/g24139__1666/Y        -       C0->Y  R     AOI221X1       1  0.4   105   138    1890    (-,-) 
  core/g24135__9945/Y        -       B->Y   F     NAND2X1        6  1.7   132   138    2028    (-,-) 
  core/g24707__5122/Y        -       AN->Y  F     NOR2BX1        2  0.6    55   116    2145    (-,-) 
  core/g24121__8246/Y        -       B->Y   R     NAND2X1        7  2.6    81    72    2216    (-,-) 
  core/g24105__1666/Y        -       B1->Y  R     OA22X1         1  0.4    29   179    2396    (-,-) 
  core/g24085__5526/Y        -       C0->Y  F     OAI221X1       1  0.4   155   146    2542    (-,-) 
  core/g24076__6417/Y        -       A2->Y  R     OAI31X1        1  0.2    87   140    2682    (-,-) 
  core/g24073__2346/Y        -       A1N->Y R     OAI2BB1X1      1  0.2    33   149    2831    (-,-) 
  core/g24071__9945/Y        -       A1N->Y R     OAI2BB1X1      1  0.4    35   126    2957    (-,-) 
  core/g24059__1705/Y        -       A2->Y  F     AOI32X1        2  0.6   190   164    3121    (-,-) 
  core/g24046__5477/Y        -       B->Y   R     NOR2X1         3  1.2    97   153    3274    (-,-) 
  core/g24044/Y              -       A->Y   F     INVX1          3  0.7    44    77    3351    (-,-) 
  core/g24037__9315/Y        -       A->Y   F     AND2X1         8  2.0    63    95    3446    (-,-) 
  core/g23994__6783/Y        -       A0->Y  R     AOI21X1        1  0.3    57    84    3530    (-,-) 
  core/pending_q_reg[28]/D   -       -      R     DFFHQX1        1    -     -     0    3530    (-,-) 
#----------------------------------------------------------------------------------------------------

(P) : Instance is preserved



Path 16: MET (6337 ps) Setup Check with Pin core/pending_q_reg[12]/CK->D
          Group: clk
     Startpoint: (R) core/req_sync_q_reg[47]/CK
          Clock: (R) clk
       Endpoint: (R) core/pending_q_reg[12]/D
          Clock: (R) clk

                     Capture       Launch     
        Clock Edge:+   10000            0     
       Src Latency:+       0            0     
       Net Latency:+       0 (I)        0 (I) 
           Arrival:=   10000            0     
                                              
             Setup:-     133                  
     Required Time:=    9867                  
      Launch Clock:-       0                  
         Data Path:-    3530                  
             Slack:=    6337                  

#----------------------------------------------------------------------------------------------------
#       Timing Point         Flags    Arc   Edge   Cell     Fanout Load Trans Delay Arrival Instance 
#                                                                  (fF)  (ps)  (ps)   (ps)  Location 
#----------------------------------------------------------------------------------------------------
  core/req_sync_q_reg[47]/CK -       -      R     (arrival)    265    -     0     0       0    (-,-) 
  core/req_sync_q_reg[47]/Q  (P)     CK->Q  F     DFFHQX1        2  0.8    32   202     202    (-,-) 
  core/g24472__1881/Y        -       A0->Y  R     AOI21X1        3  0.8    69    81     282    (-,-) 
  core/g24249__8428/Y        -       A->Y   F     NAND4XL        1  0.2   179   211     493    (-,-) 
  core/g24226__1705/Y        -       AN->Y  F     NAND4BX1       1  0.2   151   260     753    (-,-) 
  core/g24216__5107/Y        -       AN->Y  F     NAND2BX1       6  2.0   148   192     945    (-,-) 
  core/g24206__9315/Y        -       B->Y   R     NAND2BX1       2  0.8    54   104    1049    (-,-) 
  core/g24194__8246/Y        -       B->Y   F     NAND2X1        2  0.7    76    80    1129    (-,-) 
  core/g24190/Y              -       A->Y   R     INVX1          2  0.8    36    60    1189    (-,-) 
  core/g24167__5115/Y        -       A0->Y  F     OAI222X1       1  0.2   176   222    1411    (-,-) 
  core/g24156__3680/Y        -       B0->Y  R     AOI211XL       1  0.4   111   187    1597    (-,-) 
  core/g24145__6260/Y        -       C0->Y  F     OAI211X1       1  0.3   125   155    1752    (-,-) 
  core/g24139__1666/Y        -       C0->Y  R     AOI221X1       1  0.4   105   138    1890    (-,-) 
  core/g24135__9945/Y        -       B->Y   F     NAND2X1        6  1.7   132   138    2028    (-,-) 
  core/g24707__5122/Y        -       AN->Y  F     NOR2BX1        2  0.6    55   116    2145    (-,-) 
  core/g24121__8246/Y        -       B->Y   R     NAND2X1        7  2.6    81    72    2216    (-,-) 
  core/g24105__1666/Y        -       B1->Y  R     OA22X1         1  0.4    29   179    2396    (-,-) 
  core/g24085__5526/Y        -       C0->Y  F     OAI221X1       1  0.4   155   146    2542    (-,-) 
  core/g24076__6417/Y        -       A2->Y  R     OAI31X1        1  0.2    87   140    2682    (-,-) 
  core/g24073__2346/Y        -       A1N->Y R     OAI2BB1X1      1  0.2    33   149    2831    (-,-) 
  core/g24071__9945/Y        -       A1N->Y R     OAI2BB1X1      1  0.4    35   126    2957    (-,-) 
  core/g24059__1705/Y        -       A2->Y  F     AOI32X1        2  0.6   190   164    3121    (-,-) 
  core/g24046__5477/Y        -       B->Y   R     NOR2X1         3  1.2    97   153    3274    (-,-) 
  core/g24044/Y              -       A->Y   F     INVX1          3  0.7    44    77    3351    (-,-) 
  core/g24037__9315/Y        -       A->Y   F     AND2X1         8  2.0    63    95    3446    (-,-) 
  core/g23989__5107/Y        -       A0->Y  R     AOI21X1        1  0.3    57    84    3530    (-,-) 
  core/pending_q_reg[12]/D   -       -      R     DFFHQX1        1    -     -     0    3530    (-,-) 
#----------------------------------------------------------------------------------------------------

(P) : Instance is preserved



Path 17: MET (6338 ps) Setup Check with Pin core/pending_q_reg[53]/CK->D
          Group: clk
     Startpoint: (R) core/req_sync_q_reg[47]/CK
          Clock: (R) clk
       Endpoint: (F) core/pending_q_reg[53]/D
          Clock: (R) clk

                     Capture       Launch     
        Clock Edge:+   10000            0     
       Src Latency:+       0            0     
       Net Latency:+       0 (I)        0 (I) 
           Arrival:=   10000            0     
                                              
             Setup:-      93                  
     Required Time:=    9907                  
      Launch Clock:-       0                  
         Data Path:-    3569                  
             Slack:=    6338                  

#----------------------------------------------------------------------------------------------------
#       Timing Point         Flags    Arc   Edge   Cell     Fanout Load Trans Delay Arrival Instance 
#                                                                  (fF)  (ps)  (ps)   (ps)  Location 
#----------------------------------------------------------------------------------------------------
  core/req_sync_q_reg[47]/CK -       -      R     (arrival)    265    -     0     0       0    (-,-) 
  core/req_sync_q_reg[47]/Q  (P)     CK->Q  F     DFFHQX1        2  0.8    32   202     202    (-,-) 
  core/g24472__1881/Y        -       A0->Y  R     AOI21X1        3  0.8    69    81     282    (-,-) 
  core/g24249__8428/Y        -       A->Y   F     NAND4XL        1  0.2   179   211     493    (-,-) 
  core/g24226__1705/Y        -       AN->Y  F     NAND4BX1       1  0.2   151   260     753    (-,-) 
  core/g24216__5107/Y        -       AN->Y  F     NAND2BX1       6  2.0   148   192     945    (-,-) 
  core/g24206__9315/Y        -       B->Y   R     NAND2BX1       2  0.8    54   104    1049    (-,-) 
  core/g24194__8246/Y        -       B->Y   F     NAND2X1        2  0.7    76    80    1129    (-,-) 
  core/g24190/Y              -       A->Y   R     INVX1          2  0.8    36    60    1189    (-,-) 
  core/g24167__5115/Y        -       A0->Y  F     OAI222X1       1  0.2   176   222    1411    (-,-) 
  core/g24156__3680/Y        -       B0->Y  R     AOI211XL       1  0.4   111   187    1597    (-,-) 
  core/g24145__6260/Y        -       C0->Y  F     OAI211X1       1  0.3   125   155    1752    (-,-) 
  core/g24139__1666/Y        -       C0->Y  R     AOI221X1       1  0.4   105   138    1890    (-,-) 
  core/g24135__9945/Y        -       B->Y   F     NAND2X1        6  1.7   132   138    2028    (-,-) 
  core/g24707__5122/Y        -       AN->Y  F     NOR2BX1        2  0.6    55   116    2145    (-,-) 
  core/g24121__8246/Y        -       B->Y   R     NAND2X1        7  2.6    81    72    2216    (-,-) 
  core/g24105__1666/Y        -       B1->Y  R     OA22X1         1  0.4    29   179    2396    (-,-) 
  core/g24085__5526/Y        -       C0->Y  F     OAI221X1       1  0.4   155   146    2542    (-,-) 
  core/g24076__6417/Y        -       A2->Y  R     OAI31X1        1  0.2    87   140    2682    (-,-) 
  core/g24073__2346/Y        -       A1N->Y R     OAI2BB1X1      1  0.2    33   149    2831    (-,-) 
  core/g24071__9945/Y        -       A1N->Y R     OAI2BB1X1      1  0.4    35   126    2957    (-,-) 
  core/g24059__1705/Y        -       A2->Y  F     AOI32X1        2  0.6   190   164    3121    (-,-) 
  core/g24045__6417/Y        -       B->Y   R     NAND2X1        3  0.8    61   128    3249    (-,-) 
  core/g2__1705/Y            -       B->Y   F     NAND2BX1       2  0.6    72    81    3330    (-,-) 
  core/g24036__6161/Y        -       B->Y   R     NOR2X1         8  1.6   101   100    3430    (-,-) 
  core/g23957__7098/Y        -       A0->Y  F     AOI21XL        1  0.3    91   139    3569    (-,-) 
  core/pending_q_reg[53]/D   -       -      F     DFFHQX1        1    -     -     0    3569    (-,-) 
#----------------------------------------------------------------------------------------------------

(P) : Instance is preserved



Path 18: MET (6338 ps) Setup Check with Pin core/pending_q_reg[37]/CK->D
          Group: clk
     Startpoint: (R) core/req_sync_q_reg[47]/CK
          Clock: (R) clk
       Endpoint: (F) core/pending_q_reg[37]/D
          Clock: (R) clk

                     Capture       Launch     
        Clock Edge:+   10000            0     
       Src Latency:+       0            0     
       Net Latency:+       0 (I)        0 (I) 
           Arrival:=   10000            0     
                                              
             Setup:-      93                  
     Required Time:=    9907                  
      Launch Clock:-       0                  
         Data Path:-    3569                  
             Slack:=    6338                  

#----------------------------------------------------------------------------------------------------
#       Timing Point         Flags    Arc   Edge   Cell     Fanout Load Trans Delay Arrival Instance 
#                                                                  (fF)  (ps)  (ps)   (ps)  Location 
#----------------------------------------------------------------------------------------------------
  core/req_sync_q_reg[47]/CK -       -      R     (arrival)    265    -     0     0       0    (-,-) 
  core/req_sync_q_reg[47]/Q  (P)     CK->Q  F     DFFHQX1        2  0.8    32   202     202    (-,-) 
  core/g24472__1881/Y        -       A0->Y  R     AOI21X1        3  0.8    69    81     282    (-,-) 
  core/g24249__8428/Y        -       A->Y   F     NAND4XL        1  0.2   179   211     493    (-,-) 
  core/g24226__1705/Y        -       AN->Y  F     NAND4BX1       1  0.2   151   260     753    (-,-) 
  core/g24216__5107/Y        -       AN->Y  F     NAND2BX1       6  2.0   148   192     945    (-,-) 
  core/g24206__9315/Y        -       B->Y   R     NAND2BX1       2  0.8    54   104    1049    (-,-) 
  core/g24194__8246/Y        -       B->Y   F     NAND2X1        2  0.7    76    80    1129    (-,-) 
  core/g24190/Y              -       A->Y   R     INVX1          2  0.8    36    60    1189    (-,-) 
  core/g24167__5115/Y        -       A0->Y  F     OAI222X1       1  0.2   176   222    1411    (-,-) 
  core/g24156__3680/Y        -       B0->Y  R     AOI211XL       1  0.4   111   187    1597    (-,-) 
  core/g24145__6260/Y        -       C0->Y  F     OAI211X1       1  0.3   125   155    1752    (-,-) 
  core/g24139__1666/Y        -       C0->Y  R     AOI221X1       1  0.4   105   138    1890    (-,-) 
  core/g24135__9945/Y        -       B->Y   F     NAND2X1        6  1.7   132   138    2028    (-,-) 
  core/g24707__5122/Y        -       AN->Y  F     NOR2BX1        2  0.6    55   116    2145    (-,-) 
  core/g24121__8246/Y        -       B->Y   R     NAND2X1        7  2.6    81    72    2216    (-,-) 
  core/g24105__1666/Y        -       B1->Y  R     OA22X1         1  0.4    29   179    2396    (-,-) 
  core/g24085__5526/Y        -       C0->Y  F     OAI221X1       1  0.4   155   146    2542    (-,-) 
  core/g24076__6417/Y        -       A2->Y  R     OAI31X1        1  0.2    87   140    2682    (-,-) 
  core/g24073__2346/Y        -       A1N->Y R     OAI2BB1X1      1  0.2    33   149    2831    (-,-) 
  core/g24071__9945/Y        -       A1N->Y R     OAI2BB1X1      1  0.4    35   126    2957    (-,-) 
  core/g24059__1705/Y        -       A2->Y  F     AOI32X1        2  0.6   190   164    3121    (-,-) 
  core/g24045__6417/Y        -       B->Y   R     NAND2X1        3  0.8    61   128    3249    (-,-) 
  core/g2__1705/Y            -       B->Y   F     NAND2BX1       2  0.6    72    81    3330    (-,-) 
  core/g24036__6161/Y        -       B->Y   R     NOR2X1         8  1.6   101   100    3430    (-,-) 
  core/g23960__5115/Y        -       A0->Y  F     AOI21XL        1  0.3    91   139    3569    (-,-) 
  core/pending_q_reg[37]/D   -       -      F     DFFHQX1        1    -     -     0    3569    (-,-) 
#----------------------------------------------------------------------------------------------------

(P) : Instance is preserved



Path 19: MET (6338 ps) Setup Check with Pin core/pending_q_reg[21]/CK->D
          Group: clk
     Startpoint: (R) core/req_sync_q_reg[47]/CK
          Clock: (R) clk
       Endpoint: (F) core/pending_q_reg[21]/D
          Clock: (R) clk

                     Capture       Launch     
        Clock Edge:+   10000            0     
       Src Latency:+       0            0     
       Net Latency:+       0 (I)        0 (I) 
           Arrival:=   10000            0     
                                              
             Setup:-      93                  
     Required Time:=    9907                  
      Launch Clock:-       0                  
         Data Path:-    3569                  
             Slack:=    6338                  

#----------------------------------------------------------------------------------------------------
#       Timing Point         Flags    Arc   Edge   Cell     Fanout Load Trans Delay Arrival Instance 
#                                                                  (fF)  (ps)  (ps)   (ps)  Location 
#----------------------------------------------------------------------------------------------------
  core/req_sync_q_reg[47]/CK -       -      R     (arrival)    265    -     0     0       0    (-,-) 
  core/req_sync_q_reg[47]/Q  (P)     CK->Q  F     DFFHQX1        2  0.8    32   202     202    (-,-) 
  core/g24472__1881/Y        -       A0->Y  R     AOI21X1        3  0.8    69    81     282    (-,-) 
  core/g24249__8428/Y        -       A->Y   F     NAND4XL        1  0.2   179   211     493    (-,-) 
  core/g24226__1705/Y        -       AN->Y  F     NAND4BX1       1  0.2   151   260     753    (-,-) 
  core/g24216__5107/Y        -       AN->Y  F     NAND2BX1       6  2.0   148   192     945    (-,-) 
  core/g24206__9315/Y        -       B->Y   R     NAND2BX1       2  0.8    54   104    1049    (-,-) 
  core/g24194__8246/Y        -       B->Y   F     NAND2X1        2  0.7    76    80    1129    (-,-) 
  core/g24190/Y              -       A->Y   R     INVX1          2  0.8    36    60    1189    (-,-) 
  core/g24167__5115/Y        -       A0->Y  F     OAI222X1       1  0.2   176   222    1411    (-,-) 
  core/g24156__3680/Y        -       B0->Y  R     AOI211XL       1  0.4   111   187    1597    (-,-) 
  core/g24145__6260/Y        -       C0->Y  F     OAI211X1       1  0.3   125   155    1752    (-,-) 
  core/g24139__1666/Y        -       C0->Y  R     AOI221X1       1  0.4   105   138    1890    (-,-) 
  core/g24135__9945/Y        -       B->Y   F     NAND2X1        6  1.7   132   138    2028    (-,-) 
  core/g24707__5122/Y        -       AN->Y  F     NOR2BX1        2  0.6    55   116    2145    (-,-) 
  core/g24121__8246/Y        -       B->Y   R     NAND2X1        7  2.6    81    72    2216    (-,-) 
  core/g24105__1666/Y        -       B1->Y  R     OA22X1         1  0.4    29   179    2396    (-,-) 
  core/g24085__5526/Y        -       C0->Y  F     OAI221X1       1  0.4   155   146    2542    (-,-) 
  core/g24076__6417/Y        -       A2->Y  R     OAI31X1        1  0.2    87   140    2682    (-,-) 
  core/g24073__2346/Y        -       A1N->Y R     OAI2BB1X1      1  0.2    33   149    2831    (-,-) 
  core/g24071__9945/Y        -       A1N->Y R     OAI2BB1X1      1  0.4    35   126    2957    (-,-) 
  core/g24059__1705/Y        -       A2->Y  F     AOI32X1        2  0.6   190   164    3121    (-,-) 
  core/g24045__6417/Y        -       B->Y   R     NAND2X1        3  0.8    61   128    3249    (-,-) 
  core/g2__1705/Y            -       B->Y   F     NAND2BX1       2  0.6    72    81    3330    (-,-) 
  core/g24034__7482/Y        -       B->Y   R     NOR2X1         8  1.6   101   100    3430    (-,-) 
  core/g23963__6161/Y        -       A0->Y  F     AOI21XL        1  0.3    91   139    3569    (-,-) 
  core/pending_q_reg[21]/D   -       -      F     DFFHQX1        1    -     -     0    3569    (-,-) 
#----------------------------------------------------------------------------------------------------

(P) : Instance is preserved



Path 20: MET (6338 ps) Setup Check with Pin core/pending_q_reg[5]/CK->D
          Group: clk
     Startpoint: (R) core/req_sync_q_reg[47]/CK
          Clock: (R) clk
       Endpoint: (F) core/pending_q_reg[5]/D
          Clock: (R) clk

                     Capture       Launch     
        Clock Edge:+   10000            0     
       Src Latency:+       0            0     
       Net Latency:+       0 (I)        0 (I) 
           Arrival:=   10000            0     
                                              
             Setup:-      93                  
     Required Time:=    9907                  
      Launch Clock:-       0                  
         Data Path:-    3569                  
             Slack:=    6338                  

#----------------------------------------------------------------------------------------------------
#       Timing Point         Flags    Arc   Edge   Cell     Fanout Load Trans Delay Arrival Instance 
#                                                                  (fF)  (ps)  (ps)   (ps)  Location 
#----------------------------------------------------------------------------------------------------
  core/req_sync_q_reg[47]/CK -       -      R     (arrival)    265    -     0     0       0    (-,-) 
  core/req_sync_q_reg[47]/Q  (P)     CK->Q  F     DFFHQX1        2  0.8    32   202     202    (-,-) 
  core/g24472__1881/Y        -       A0->Y  R     AOI21X1        3  0.8    69    81     282    (-,-) 
  core/g24249__8428/Y        -       A->Y   F     NAND4XL        1  0.2   179   211     493    (-,-) 
  core/g24226__1705/Y        -       AN->Y  F     NAND4BX1       1  0.2   151   260     753    (-,-) 
  core/g24216__5107/Y        -       AN->Y  F     NAND2BX1       6  2.0   148   192     945    (-,-) 
  core/g24206__9315/Y        -       B->Y   R     NAND2BX1       2  0.8    54   104    1049    (-,-) 
  core/g24194__8246/Y        -       B->Y   F     NAND2X1        2  0.7    76    80    1129    (-,-) 
  core/g24190/Y              -       A->Y   R     INVX1          2  0.8    36    60    1189    (-,-) 
  core/g24167__5115/Y        -       A0->Y  F     OAI222X1       1  0.2   176   222    1411    (-,-) 
  core/g24156__3680/Y        -       B0->Y  R     AOI211XL       1  0.4   111   187    1597    (-,-) 
  core/g24145__6260/Y        -       C0->Y  F     OAI211X1       1  0.3   125   155    1752    (-,-) 
  core/g24139__1666/Y        -       C0->Y  R     AOI221X1       1  0.4   105   138    1890    (-,-) 
  core/g24135__9945/Y        -       B->Y   F     NAND2X1        6  1.7   132   138    2028    (-,-) 
  core/g24707__5122/Y        -       AN->Y  F     NOR2BX1        2  0.6    55   116    2145    (-,-) 
  core/g24121__8246/Y        -       B->Y   R     NAND2X1        7  2.6    81    72    2216    (-,-) 
  core/g24105__1666/Y        -       B1->Y  R     OA22X1         1  0.4    29   179    2396    (-,-) 
  core/g24085__5526/Y        -       C0->Y  F     OAI221X1       1  0.4   155   146    2542    (-,-) 
  core/g24076__6417/Y        -       A2->Y  R     OAI31X1        1  0.2    87   140    2682    (-,-) 
  core/g24073__2346/Y        -       A1N->Y R     OAI2BB1X1      1  0.2    33   149    2831    (-,-) 
  core/g24071__9945/Y        -       A1N->Y R     OAI2BB1X1      1  0.4    35   126    2957    (-,-) 
  core/g24059__1705/Y        -       A2->Y  F     AOI32X1        2  0.6   190   164    3121    (-,-) 
  core/g24045__6417/Y        -       B->Y   R     NAND2X1        3  0.8    61   128    3249    (-,-) 
  core/g2__1705/Y            -       B->Y   F     NAND2BX1       2  0.6    72    81    3330    (-,-) 
  core/g24034__7482/Y        -       B->Y   R     NOR2X1         8  1.6   101   100    3430    (-,-) 
  core/g23967__2346/Y        -       A0->Y  F     AOI21XL        1  0.3    91   139    3569    (-,-) 
  core/pending_q_reg[5]/D    -       -      F     DFFHQX1        1    -     -     0    3569    (-,-) 
#----------------------------------------------------------------------------------------------------

(P) : Instance is preserved



Path 21: MET (6349 ps) Setup Check with Pin core/pending_q_reg[49]/CK->D
          Group: clk
     Startpoint: (R) core/req_sync_q_reg[47]/CK
          Clock: (R) clk
       Endpoint: (F) core/pending_q_reg[49]/D
          Clock: (R) clk

                     Capture       Launch     
        Clock Edge:+   10000            0     
       Src Latency:+       0            0     
       Net Latency:+       0 (I)        0 (I) 
           Arrival:=   10000            0     
                                              
             Setup:-      92                  
     Required Time:=    9908                  
      Launch Clock:-       0                  
         Data Path:-    3559                  
             Slack:=    6349                  

#----------------------------------------------------------------------------------------------------
#       Timing Point         Flags    Arc   Edge   Cell     Fanout Load Trans Delay Arrival Instance 
#                                                                  (fF)  (ps)  (ps)   (ps)  Location 
#----------------------------------------------------------------------------------------------------
  core/req_sync_q_reg[47]/CK -       -      R     (arrival)    265    -     0     0       0    (-,-) 
  core/req_sync_q_reg[47]/Q  (P)     CK->Q  F     DFFHQX1        2  0.8    32   202     202    (-,-) 
  core/g24472__1881/Y        -       A0->Y  R     AOI21X1        3  0.8    69    81     282    (-,-) 
  core/g24249__8428/Y        -       A->Y   F     NAND4XL        1  0.2   179   211     493    (-,-) 
  core/g24226__1705/Y        -       AN->Y  F     NAND4BX1       1  0.2   151   260     753    (-,-) 
  core/g24216__5107/Y        -       AN->Y  F     NAND2BX1       6  2.0   148   192     945    (-,-) 
  core/g24206__9315/Y        -       B->Y   R     NAND2BX1       2  0.8    54   104    1049    (-,-) 
  core/g24194__8246/Y        -       B->Y   F     NAND2X1        2  0.7    76    80    1129    (-,-) 
  core/g24190/Y              -       A->Y   R     INVX1          2  0.8    36    60    1189    (-,-) 
  core/g24167__5115/Y        -       A0->Y  F     OAI222X1       1  0.2   176   222    1411    (-,-) 
  core/g24156__3680/Y        -       B0->Y  R     AOI211XL       1  0.4   111   187    1597    (-,-) 
  core/g24145__6260/Y        -       C0->Y  F     OAI211X1       1  0.3   125   155    1752    (-,-) 
  core/g24139__1666/Y        -       C0->Y  R     AOI221X1       1  0.4   105   138    1890    (-,-) 
  core/g24135__9945/Y        -       B->Y   F     NAND2X1        6  1.7   132   138    2028    (-,-) 
  core/g24707__5122/Y        -       AN->Y  F     NOR2BX1        2  0.6    55   116    2145    (-,-) 
  core/g24121__8246/Y        -       B->Y   R     NAND2X1        7  2.6    81    72    2216    (-,-) 
  core/g24105__1666/Y        -       B1->Y  R     OA22X1         1  0.4    29   179    2396    (-,-) 
  core/g24085__5526/Y        -       C0->Y  F     OAI221X1       1  0.4   155   146    2542    (-,-) 
  core/g24076__6417/Y        -       A2->Y  R     OAI31X1        1  0.2    87   140    2682    (-,-) 
  core/g24073__2346/Y        -       A1N->Y R     OAI2BB1X1      1  0.2    33   149    2831    (-,-) 
  core/g24071__9945/Y        -       A1N->Y R     OAI2BB1X1      1  0.4    35   126    2957    (-,-) 
  core/g24059__1705/Y        -       A2->Y  F     AOI32X1        2  0.6   190   164    3121    (-,-) 
  core/g24045__6417/Y        -       B->Y   R     NAND2X1        3  0.8    61   128    3249    (-,-) 
  core/g2__1705/Y            -       B->Y   F     NAND2BX1       2  0.6    72    81    3330    (-,-) 
  core/g24036__6161/Y        -       B->Y   R     NOR2X1         8  1.6   101   100    3430    (-,-) 
  core/g23958__6131/Y        -       A1->Y  F     AOI21XL        1  0.3    89   129    3559    (-,-) 
  core/pending_q_reg[49]/D   -       -      F     DFFHQX1        1    -     -     0    3559    (-,-) 
#----------------------------------------------------------------------------------------------------

(P) : Instance is preserved



Path 22: MET (6349 ps) Setup Check with Pin core/pending_q_reg[33]/CK->D
          Group: clk
     Startpoint: (R) core/req_sync_q_reg[47]/CK
          Clock: (R) clk
       Endpoint: (F) core/pending_q_reg[33]/D
          Clock: (R) clk

                     Capture       Launch     
        Clock Edge:+   10000            0     
       Src Latency:+       0            0     
       Net Latency:+       0 (I)        0 (I) 
           Arrival:=   10000            0     
                                              
             Setup:-      92                  
     Required Time:=    9908                  
      Launch Clock:-       0                  
         Data Path:-    3559                  
             Slack:=    6349                  

#----------------------------------------------------------------------------------------------------
#       Timing Point         Flags    Arc   Edge   Cell     Fanout Load Trans Delay Arrival Instance 
#                                                                  (fF)  (ps)  (ps)   (ps)  Location 
#----------------------------------------------------------------------------------------------------
  core/req_sync_q_reg[47]/CK -       -      R     (arrival)    265    -     0     0       0    (-,-) 
  core/req_sync_q_reg[47]/Q  (P)     CK->Q  F     DFFHQX1        2  0.8    32   202     202    (-,-) 
  core/g24472__1881/Y        -       A0->Y  R     AOI21X1        3  0.8    69    81     282    (-,-) 
  core/g24249__8428/Y        -       A->Y   F     NAND4XL        1  0.2   179   211     493    (-,-) 
  core/g24226__1705/Y        -       AN->Y  F     NAND4BX1       1  0.2   151   260     753    (-,-) 
  core/g24216__5107/Y        -       AN->Y  F     NAND2BX1       6  2.0   148   192     945    (-,-) 
  core/g24206__9315/Y        -       B->Y   R     NAND2BX1       2  0.8    54   104    1049    (-,-) 
  core/g24194__8246/Y        -       B->Y   F     NAND2X1        2  0.7    76    80    1129    (-,-) 
  core/g24190/Y              -       A->Y   R     INVX1          2  0.8    36    60    1189    (-,-) 
  core/g24167__5115/Y        -       A0->Y  F     OAI222X1       1  0.2   176   222    1411    (-,-) 
  core/g24156__3680/Y        -       B0->Y  R     AOI211XL       1  0.4   111   187    1597    (-,-) 
  core/g24145__6260/Y        -       C0->Y  F     OAI211X1       1  0.3   125   155    1752    (-,-) 
  core/g24139__1666/Y        -       C0->Y  R     AOI221X1       1  0.4   105   138    1890    (-,-) 
  core/g24135__9945/Y        -       B->Y   F     NAND2X1        6  1.7   132   138    2028    (-,-) 
  core/g24707__5122/Y        -       AN->Y  F     NOR2BX1        2  0.6    55   116    2145    (-,-) 
  core/g24121__8246/Y        -       B->Y   R     NAND2X1        7  2.6    81    72    2216    (-,-) 
  core/g24105__1666/Y        -       B1->Y  R     OA22X1         1  0.4    29   179    2396    (-,-) 
  core/g24085__5526/Y        -       C0->Y  F     OAI221X1       1  0.4   155   146    2542    (-,-) 
  core/g24076__6417/Y        -       A2->Y  R     OAI31X1        1  0.2    87   140    2682    (-,-) 
  core/g24073__2346/Y        -       A1N->Y R     OAI2BB1X1      1  0.2    33   149    2831    (-,-) 
  core/g24071__9945/Y        -       A1N->Y R     OAI2BB1X1      1  0.4    35   126    2957    (-,-) 
  core/g24059__1705/Y        -       A2->Y  F     AOI32X1        2  0.6   190   164    3121    (-,-) 
  core/g24045__6417/Y        -       B->Y   R     NAND2X1        3  0.8    61   128    3249    (-,-) 
  core/g2__1705/Y            -       B->Y   F     NAND2BX1       2  0.6    72    81    3330    (-,-) 
  core/g24036__6161/Y        -       B->Y   R     NOR2X1         8  1.6   101   100    3430    (-,-) 
  core/g23961__7482/Y        -       A1->Y  F     AOI21XL        1  0.3    89   129    3559    (-,-) 
  core/pending_q_reg[33]/D   -       -      F     DFFHQX1        1    -     -     0    3559    (-,-) 
#----------------------------------------------------------------------------------------------------

(P) : Instance is preserved



Path 23: MET (6349 ps) Setup Check with Pin core/pending_q_reg[17]/CK->D
          Group: clk
     Startpoint: (R) core/req_sync_q_reg[47]/CK
          Clock: (R) clk
       Endpoint: (F) core/pending_q_reg[17]/D
          Clock: (R) clk

                     Capture       Launch     
        Clock Edge:+   10000            0     
       Src Latency:+       0            0     
       Net Latency:+       0 (I)        0 (I) 
           Arrival:=   10000            0     
                                              
             Setup:-      92                  
     Required Time:=    9908                  
      Launch Clock:-       0                  
         Data Path:-    3559                  
             Slack:=    6349                  

#----------------------------------------------------------------------------------------------------
#       Timing Point         Flags    Arc   Edge   Cell     Fanout Load Trans Delay Arrival Instance 
#                                                                  (fF)  (ps)  (ps)   (ps)  Location 
#----------------------------------------------------------------------------------------------------
  core/req_sync_q_reg[47]/CK -       -      R     (arrival)    265    -     0     0       0    (-,-) 
  core/req_sync_q_reg[47]/Q  (P)     CK->Q  F     DFFHQX1        2  0.8    32   202     202    (-,-) 
  core/g24472__1881/Y        -       A0->Y  R     AOI21X1        3  0.8    69    81     282    (-,-) 
  core/g24249__8428/Y        -       A->Y   F     NAND4XL        1  0.2   179   211     493    (-,-) 
  core/g24226__1705/Y        -       AN->Y  F     NAND4BX1       1  0.2   151   260     753    (-,-) 
  core/g24216__5107/Y        -       AN->Y  F     NAND2BX1       6  2.0   148   192     945    (-,-) 
  core/g24206__9315/Y        -       B->Y   R     NAND2BX1       2  0.8    54   104    1049    (-,-) 
  core/g24194__8246/Y        -       B->Y   F     NAND2X1        2  0.7    76    80    1129    (-,-) 
  core/g24190/Y              -       A->Y   R     INVX1          2  0.8    36    60    1189    (-,-) 
  core/g24167__5115/Y        -       A0->Y  F     OAI222X1       1  0.2   176   222    1411    (-,-) 
  core/g24156__3680/Y        -       B0->Y  R     AOI211XL       1  0.4   111   187    1597    (-,-) 
  core/g24145__6260/Y        -       C0->Y  F     OAI211X1       1  0.3   125   155    1752    (-,-) 
  core/g24139__1666/Y        -       C0->Y  R     AOI221X1       1  0.4   105   138    1890    (-,-) 
  core/g24135__9945/Y        -       B->Y   F     NAND2X1        6  1.7   132   138    2028    (-,-) 
  core/g24707__5122/Y        -       AN->Y  F     NOR2BX1        2  0.6    55   116    2145    (-,-) 
  core/g24121__8246/Y        -       B->Y   R     NAND2X1        7  2.6    81    72    2216    (-,-) 
  core/g24105__1666/Y        -       B1->Y  R     OA22X1         1  0.4    29   179    2396    (-,-) 
  core/g24085__5526/Y        -       C0->Y  F     OAI221X1       1  0.4   155   146    2542    (-,-) 
  core/g24076__6417/Y        -       A2->Y  R     OAI31X1        1  0.2    87   140    2682    (-,-) 
  core/g24073__2346/Y        -       A1N->Y R     OAI2BB1X1      1  0.2    33   149    2831    (-,-) 
  core/g24071__9945/Y        -       A1N->Y R     OAI2BB1X1      1  0.4    35   126    2957    (-,-) 
  core/g24059__1705/Y        -       A2->Y  F     AOI32X1        2  0.6   190   164    3121    (-,-) 
  core/g24045__6417/Y        -       B->Y   R     NAND2X1        3  0.8    61   128    3249    (-,-) 
  core/g2__1705/Y            -       B->Y   F     NAND2BX1       2  0.6    72    81    3330    (-,-) 
  core/g24034__7482/Y        -       B->Y   R     NOR2X1         8  1.6   101   100    3430    (-,-) 
  core/g23965__9945/Y        -       A1->Y  F     AOI21XL        1  0.3    89   129    3559    (-,-) 
  core/pending_q_reg[17]/D   -       -      F     DFFHQX1        1    -     -     0    3559    (-,-) 
#----------------------------------------------------------------------------------------------------

(P) : Instance is preserved



Path 24: MET (6349 ps) Setup Check with Pin core/pending_q_reg[1]/CK->D
          Group: clk
     Startpoint: (R) core/req_sync_q_reg[47]/CK
          Clock: (R) clk
       Endpoint: (F) core/pending_q_reg[1]/D
          Clock: (R) clk

                     Capture       Launch     
        Clock Edge:+   10000            0     
       Src Latency:+       0            0     
       Net Latency:+       0 (I)        0 (I) 
           Arrival:=   10000            0     
                                              
             Setup:-      92                  
     Required Time:=    9908                  
      Launch Clock:-       0                  
         Data Path:-    3559                  
             Slack:=    6349                  

#----------------------------------------------------------------------------------------------------
#       Timing Point         Flags    Arc   Edge   Cell     Fanout Load Trans Delay Arrival Instance 
#                                                                  (fF)  (ps)  (ps)   (ps)  Location 
#----------------------------------------------------------------------------------------------------
  core/req_sync_q_reg[47]/CK -       -      R     (arrival)    265    -     0     0       0    (-,-) 
  core/req_sync_q_reg[47]/Q  (P)     CK->Q  F     DFFHQX1        2  0.8    32   202     202    (-,-) 
  core/g24472__1881/Y        -       A0->Y  R     AOI21X1        3  0.8    69    81     282    (-,-) 
  core/g24249__8428/Y        -       A->Y   F     NAND4XL        1  0.2   179   211     493    (-,-) 
  core/g24226__1705/Y        -       AN->Y  F     NAND4BX1       1  0.2   151   260     753    (-,-) 
  core/g24216__5107/Y        -       AN->Y  F     NAND2BX1       6  2.0   148   192     945    (-,-) 
  core/g24206__9315/Y        -       B->Y   R     NAND2BX1       2  0.8    54   104    1049    (-,-) 
  core/g24194__8246/Y        -       B->Y   F     NAND2X1        2  0.7    76    80    1129    (-,-) 
  core/g24190/Y              -       A->Y   R     INVX1          2  0.8    36    60    1189    (-,-) 
  core/g24167__5115/Y        -       A0->Y  F     OAI222X1       1  0.2   176   222    1411    (-,-) 
  core/g24156__3680/Y        -       B0->Y  R     AOI211XL       1  0.4   111   187    1597    (-,-) 
  core/g24145__6260/Y        -       C0->Y  F     OAI211X1       1  0.3   125   155    1752    (-,-) 
  core/g24139__1666/Y        -       C0->Y  R     AOI221X1       1  0.4   105   138    1890    (-,-) 
  core/g24135__9945/Y        -       B->Y   F     NAND2X1        6  1.7   132   138    2028    (-,-) 
  core/g24707__5122/Y        -       AN->Y  F     NOR2BX1        2  0.6    55   116    2145    (-,-) 
  core/g24121__8246/Y        -       B->Y   R     NAND2X1        7  2.6    81    72    2216    (-,-) 
  core/g24105__1666/Y        -       B1->Y  R     OA22X1         1  0.4    29   179    2396    (-,-) 
  core/g24085__5526/Y        -       C0->Y  F     OAI221X1       1  0.4   155   146    2542    (-,-) 
  core/g24076__6417/Y        -       A2->Y  R     OAI31X1        1  0.2    87   140    2682    (-,-) 
  core/g24073__2346/Y        -       A1N->Y R     OAI2BB1X1      1  0.2    33   149    2831    (-,-) 
  core/g24071__9945/Y        -       A1N->Y R     OAI2BB1X1      1  0.4    35   126    2957    (-,-) 
  core/g24059__1705/Y        -       A2->Y  F     AOI32X1        2  0.6   190   164    3121    (-,-) 
  core/g24045__6417/Y        -       B->Y   R     NAND2X1        3  0.8    61   128    3249    (-,-) 
  core/g2__1705/Y            -       B->Y   F     NAND2BX1       2  0.6    72    81    3330    (-,-) 
  core/g24034__7482/Y        -       B->Y   R     NOR2X1         8  1.6   101   100    3430    (-,-) 
  core/g23953__2802/Y        -       A1->Y  F     AOI21XL        1  0.3    89   129    3559    (-,-) 
  core/pending_q_reg[1]/D    -       -      F     DFFHQX1        1    -     -     0    3559    (-,-) 
#----------------------------------------------------------------------------------------------------

(P) : Instance is preserved



Path 25: MET (6349 ps) Setup Check with Pin core/pending_q_reg[55]/CK->D
          Group: clk
     Startpoint: (R) core/req_sync_q_reg[47]/CK
          Clock: (R) clk
       Endpoint: (F) core/pending_q_reg[55]/D
          Clock: (R) clk

                     Capture       Launch     
        Clock Edge:+   10000            0     
       Src Latency:+       0            0     
       Net Latency:+       0 (I)        0 (I) 
           Arrival:=   10000            0     
                                              
             Setup:-      92                  
     Required Time:=    9908                  
      Launch Clock:-       0                  
         Data Path:-    3559                  
             Slack:=    6349                  

#----------------------------------------------------------------------------------------------------
#       Timing Point         Flags    Arc   Edge   Cell     Fanout Load Trans Delay Arrival Instance 
#                                                                  (fF)  (ps)  (ps)   (ps)  Location 
#----------------------------------------------------------------------------------------------------
  core/req_sync_q_reg[47]/CK -       -      R     (arrival)    265    -     0     0       0    (-,-) 
  core/req_sync_q_reg[47]/Q  (P)     CK->Q  F     DFFHQX1        2  0.8    32   202     202    (-,-) 
  core/g24472__1881/Y        -       A0->Y  R     AOI21X1        3  0.8    69    81     282    (-,-) 
  core/g24249__8428/Y        -       A->Y   F     NAND4XL        1  0.2   179   211     493    (-,-) 
  core/g24226__1705/Y        -       AN->Y  F     NAND4BX1       1  0.2   151   260     753    (-,-) 
  core/g24216__5107/Y        -       AN->Y  F     NAND2BX1       6  2.0   148   192     945    (-,-) 
  core/g24206__9315/Y        -       B->Y   R     NAND2BX1       2  0.8    54   104    1049    (-,-) 
  core/g24194__8246/Y        -       B->Y   F     NAND2X1        2  0.7    76    80    1129    (-,-) 
  core/g24190/Y              -       A->Y   R     INVX1          2  0.8    36    60    1189    (-,-) 
  core/g24167__5115/Y        -       A0->Y  F     OAI222X1       1  0.2   176   222    1411    (-,-) 
  core/g24156__3680/Y        -       B0->Y  R     AOI211XL       1  0.4   111   187    1597    (-,-) 
  core/g24145__6260/Y        -       C0->Y  F     OAI211X1       1  0.3   125   155    1752    (-,-) 
  core/g24139__1666/Y        -       C0->Y  R     AOI221X1       1  0.4   105   138    1890    (-,-) 
  core/g24135__9945/Y        -       B->Y   F     NAND2X1        6  1.7   132   138    2028    (-,-) 
  core/g24707__5122/Y        -       AN->Y  F     NOR2BX1        2  0.6    55   116    2145    (-,-) 
  core/g24121__8246/Y        -       B->Y   R     NAND2X1        7  2.6    81    72    2216    (-,-) 
  core/g24105__1666/Y        -       B1->Y  R     OA22X1         1  0.4    29   179    2396    (-,-) 
  core/g24085__5526/Y        -       C0->Y  F     OAI221X1       1  0.4   155   146    2542    (-,-) 
  core/g24076__6417/Y        -       A2->Y  R     OAI31X1        1  0.2    87   140    2682    (-,-) 
  core/g24073__2346/Y        -       A1N->Y R     OAI2BB1X1      1  0.2    33   149    2831    (-,-) 
  core/g24071__9945/Y        -       A1N->Y R     OAI2BB1X1      1  0.4    35   126    2957    (-,-) 
  core/g24059__1705/Y        -       A2->Y  F     AOI32X1        2  0.6   190   164    3121    (-,-) 
  core/g24045__6417/Y        -       B->Y   R     NAND2X1        3  0.8    61   128    3249    (-,-) 
  core/g2__1705/Y            -       B->Y   F     NAND2BX1       2  0.6    72    81    3330    (-,-) 
  core/g24036__6161/Y        -       B->Y   R     NOR2X1         8  1.6   101   100    3430    (-,-) 
  core/g23956__8246/Y        -       A1->Y  F     AOI21XL        1  0.3    89   129    3559    (-,-) 
  core/pending_q_reg[55]/D   -       -      F     DFFHQX1        1    -     -     0    3559    (-,-) 
#----------------------------------------------------------------------------------------------------

(P) : Instance is preserved



Path 26: MET (6349 ps) Setup Check with Pin core/pending_q_reg[51]/CK->D
          Group: clk
     Startpoint: (R) core/req_sync_q_reg[47]/CK
          Clock: (R) clk
       Endpoint: (F) core/pending_q_reg[51]/D
          Clock: (R) clk

                     Capture       Launch     
        Clock Edge:+   10000            0     
       Src Latency:+       0            0     
       Net Latency:+       0 (I)        0 (I) 
           Arrival:=   10000            0     
                                              
             Setup:-      92                  
     Required Time:=    9908                  
      Launch Clock:-       0                  
         Data Path:-    3559                  
             Slack:=    6349                  

#----------------------------------------------------------------------------------------------------
#       Timing Point         Flags    Arc   Edge   Cell     Fanout Load Trans Delay Arrival Instance 
#                                                                  (fF)  (ps)  (ps)   (ps)  Location 
#----------------------------------------------------------------------------------------------------
  core/req_sync_q_reg[47]/CK -       -      R     (arrival)    265    -     0     0       0    (-,-) 
  core/req_sync_q_reg[47]/Q  (P)     CK->Q  F     DFFHQX1        2  0.8    32   202     202    (-,-) 
  core/g24472__1881/Y        -       A0->Y  R     AOI21X1        3  0.8    69    81     282    (-,-) 
  core/g24249__8428/Y        -       A->Y   F     NAND4XL        1  0.2   179   211     493    (-,-) 
  core/g24226__1705/Y        -       AN->Y  F     NAND4BX1       1  0.2   151   260     753    (-,-) 
  core/g24216__5107/Y        -       AN->Y  F     NAND2BX1       6  2.0   148   192     945    (-,-) 
  core/g24206__9315/Y        -       B->Y   R     NAND2BX1       2  0.8    54   104    1049    (-,-) 
  core/g24194__8246/Y        -       B->Y   F     NAND2X1        2  0.7    76    80    1129    (-,-) 
  core/g24190/Y              -       A->Y   R     INVX1          2  0.8    36    60    1189    (-,-) 
  core/g24167__5115/Y        -       A0->Y  F     OAI222X1       1  0.2   176   222    1411    (-,-) 
  core/g24156__3680/Y        -       B0->Y  R     AOI211XL       1  0.4   111   187    1597    (-,-) 
  core/g24145__6260/Y        -       C0->Y  F     OAI211X1       1  0.3   125   155    1752    (-,-) 
  core/g24139__1666/Y        -       C0->Y  R     AOI221X1       1  0.4   105   138    1890    (-,-) 
  core/g24135__9945/Y        -       B->Y   F     NAND2X1        6  1.7   132   138    2028    (-,-) 
  core/g24707__5122/Y        -       AN->Y  F     NOR2BX1        2  0.6    55   116    2145    (-,-) 
  core/g24121__8246/Y        -       B->Y   R     NAND2X1        7  2.6    81    72    2216    (-,-) 
  core/g24105__1666/Y        -       B1->Y  R     OA22X1         1  0.4    29   179    2396    (-,-) 
  core/g24085__5526/Y        -       C0->Y  F     OAI221X1       1  0.4   155   146    2542    (-,-) 
  core/g24076__6417/Y        -       A2->Y  R     OAI31X1        1  0.2    87   140    2682    (-,-) 
  core/g24073__2346/Y        -       A1N->Y R     OAI2BB1X1      1  0.2    33   149    2831    (-,-) 
  core/g24071__9945/Y        -       A1N->Y R     OAI2BB1X1      1  0.4    35   126    2957    (-,-) 
  core/g24059__1705/Y        -       A2->Y  F     AOI32X1        2  0.6   190   164    3121    (-,-) 
  core/g24045__6417/Y        -       B->Y   R     NAND2X1        3  0.8    61   128    3249    (-,-) 
  core/g2__1705/Y            -       B->Y   F     NAND2BX1       2  0.6    72    81    3330    (-,-) 
  core/g24036__6161/Y        -       B->Y   R     NOR2X1         8  1.6   101   100    3430    (-,-) 
  core/g23954__1705/Y        -       A1->Y  F     AOI21XL        1  0.3    89   129    3559    (-,-) 
  core/pending_q_reg[51]/D   -       -      F     DFFHQX1        1    -     -     0    3559    (-,-) 
#----------------------------------------------------------------------------------------------------

(P) : Instance is preserved



Path 27: MET (6349 ps) Setup Check with Pin core/pending_q_reg[39]/CK->D
          Group: clk
     Startpoint: (R) core/req_sync_q_reg[47]/CK
          Clock: (R) clk
       Endpoint: (F) core/pending_q_reg[39]/D
          Clock: (R) clk

                     Capture       Launch     
        Clock Edge:+   10000            0     
       Src Latency:+       0            0     
       Net Latency:+       0 (I)        0 (I) 
           Arrival:=   10000            0     
                                              
             Setup:-      92                  
     Required Time:=    9908                  
      Launch Clock:-       0                  
         Data Path:-    3559                  
             Slack:=    6349                  

#----------------------------------------------------------------------------------------------------
#       Timing Point         Flags    Arc   Edge   Cell     Fanout Load Trans Delay Arrival Instance 
#                                                                  (fF)  (ps)  (ps)   (ps)  Location 
#----------------------------------------------------------------------------------------------------
  core/req_sync_q_reg[47]/CK -       -      R     (arrival)    265    -     0     0       0    (-,-) 
  core/req_sync_q_reg[47]/Q  (P)     CK->Q  F     DFFHQX1        2  0.8    32   202     202    (-,-) 
  core/g24472__1881/Y        -       A0->Y  R     AOI21X1        3  0.8    69    81     282    (-,-) 
  core/g24249__8428/Y        -       A->Y   F     NAND4XL        1  0.2   179   211     493    (-,-) 
  core/g24226__1705/Y        -       AN->Y  F     NAND4BX1       1  0.2   151   260     753    (-,-) 
  core/g24216__5107/Y        -       AN->Y  F     NAND2BX1       6  2.0   148   192     945    (-,-) 
  core/g24206__9315/Y        -       B->Y   R     NAND2BX1       2  0.8    54   104    1049    (-,-) 
  core/g24194__8246/Y        -       B->Y   F     NAND2X1        2  0.7    76    80    1129    (-,-) 
  core/g24190/Y              -       A->Y   R     INVX1          2  0.8    36    60    1189    (-,-) 
  core/g24167__5115/Y        -       A0->Y  F     OAI222X1       1  0.2   176   222    1411    (-,-) 
  core/g24156__3680/Y        -       B0->Y  R     AOI211XL       1  0.4   111   187    1597    (-,-) 
  core/g24145__6260/Y        -       C0->Y  F     OAI211X1       1  0.3   125   155    1752    (-,-) 
  core/g24139__1666/Y        -       C0->Y  R     AOI221X1       1  0.4   105   138    1890    (-,-) 
  core/g24135__9945/Y        -       B->Y   F     NAND2X1        6  1.7   132   138    2028    (-,-) 
  core/g24707__5122/Y        -       AN->Y  F     NOR2BX1        2  0.6    55   116    2145    (-,-) 
  core/g24121__8246/Y        -       B->Y   R     NAND2X1        7  2.6    81    72    2216    (-,-) 
  core/g24105__1666/Y        -       B1->Y  R     OA22X1         1  0.4    29   179    2396    (-,-) 
  core/g24085__5526/Y        -       C0->Y  F     OAI221X1       1  0.4   155   146    2542    (-,-) 
  core/g24076__6417/Y        -       A2->Y  R     OAI31X1        1  0.2    87   140    2682    (-,-) 
  core/g24073__2346/Y        -       A1N->Y R     OAI2BB1X1      1  0.2    33   149    2831    (-,-) 
  core/g24071__9945/Y        -       A1N->Y R     OAI2BB1X1      1  0.4    35   126    2957    (-,-) 
  core/g24059__1705/Y        -       A2->Y  F     AOI32X1        2  0.6   190   164    3121    (-,-) 
  core/g24045__6417/Y        -       B->Y   R     NAND2X1        3  0.8    61   128    3249    (-,-) 
  core/g2__1705/Y            -       B->Y   F     NAND2BX1       2  0.6    72    81    3330    (-,-) 
  core/g24036__6161/Y        -       B->Y   R     NOR2X1         8  1.6   101   100    3430    (-,-) 
  core/g23959__1881/Y        -       A1->Y  F     AOI21XL        1  0.3    89   129    3559    (-,-) 
  core/pending_q_reg[39]/D   -       -      F     DFFHQX1        1    -     -     0    3559    (-,-) 
#----------------------------------------------------------------------------------------------------

(P) : Instance is preserved



Path 28: MET (6349 ps) Setup Check with Pin core/pending_q_reg[35]/CK->D
          Group: clk
     Startpoint: (R) core/req_sync_q_reg[47]/CK
          Clock: (R) clk
       Endpoint: (F) core/pending_q_reg[35]/D
          Clock: (R) clk

                     Capture       Launch     
        Clock Edge:+   10000            0     
       Src Latency:+       0            0     
       Net Latency:+       0 (I)        0 (I) 
           Arrival:=   10000            0     
                                              
             Setup:-      92                  
     Required Time:=    9908                  
      Launch Clock:-       0                  
         Data Path:-    3559                  
             Slack:=    6349                  

#----------------------------------------------------------------------------------------------------
#       Timing Point         Flags    Arc   Edge   Cell     Fanout Load Trans Delay Arrival Instance 
#                                                                  (fF)  (ps)  (ps)   (ps)  Location 
#----------------------------------------------------------------------------------------------------
  core/req_sync_q_reg[47]/CK -       -      R     (arrival)    265    -     0     0       0    (-,-) 
  core/req_sync_q_reg[47]/Q  (P)     CK->Q  F     DFFHQX1        2  0.8    32   202     202    (-,-) 
  core/g24472__1881/Y        -       A0->Y  R     AOI21X1        3  0.8    69    81     282    (-,-) 
  core/g24249__8428/Y        -       A->Y   F     NAND4XL        1  0.2   179   211     493    (-,-) 
  core/g24226__1705/Y        -       AN->Y  F     NAND4BX1       1  0.2   151   260     753    (-,-) 
  core/g24216__5107/Y        -       AN->Y  F     NAND2BX1       6  2.0   148   192     945    (-,-) 
  core/g24206__9315/Y        -       B->Y   R     NAND2BX1       2  0.8    54   104    1049    (-,-) 
  core/g24194__8246/Y        -       B->Y   F     NAND2X1        2  0.7    76    80    1129    (-,-) 
  core/g24190/Y              -       A->Y   R     INVX1          2  0.8    36    60    1189    (-,-) 
  core/g24167__5115/Y        -       A0->Y  F     OAI222X1       1  0.2   176   222    1411    (-,-) 
  core/g24156__3680/Y        -       B0->Y  R     AOI211XL       1  0.4   111   187    1597    (-,-) 
  core/g24145__6260/Y        -       C0->Y  F     OAI211X1       1  0.3   125   155    1752    (-,-) 
  core/g24139__1666/Y        -       C0->Y  R     AOI221X1       1  0.4   105   138    1890    (-,-) 
  core/g24135__9945/Y        -       B->Y   F     NAND2X1        6  1.7   132   138    2028    (-,-) 
  core/g24707__5122/Y        -       AN->Y  F     NOR2BX1        2  0.6    55   116    2145    (-,-) 
  core/g24121__8246/Y        -       B->Y   R     NAND2X1        7  2.6    81    72    2216    (-,-) 
  core/g24105__1666/Y        -       B1->Y  R     OA22X1         1  0.4    29   179    2396    (-,-) 
  core/g24085__5526/Y        -       C0->Y  F     OAI221X1       1  0.4   155   146    2542    (-,-) 
  core/g24076__6417/Y        -       A2->Y  R     OAI31X1        1  0.2    87   140    2682    (-,-) 
  core/g24073__2346/Y        -       A1N->Y R     OAI2BB1X1      1  0.2    33   149    2831    (-,-) 
  core/g24071__9945/Y        -       A1N->Y R     OAI2BB1X1      1  0.4    35   126    2957    (-,-) 
  core/g24059__1705/Y        -       A2->Y  F     AOI32X1        2  0.6   190   164    3121    (-,-) 
  core/g24045__6417/Y        -       B->Y   R     NAND2X1        3  0.8    61   128    3249    (-,-) 
  core/g2__1705/Y            -       B->Y   F     NAND2BX1       2  0.6    72    81    3330    (-,-) 
  core/g24036__6161/Y        -       B->Y   R     NOR2X1         8  1.6   101   100    3430    (-,-) 
  core/g23955__5122/Y        -       A1->Y  F     AOI21XL        1  0.3    89   129    3559    (-,-) 
  core/pending_q_reg[35]/D   -       -      F     DFFHQX1        1    -     -     0    3559    (-,-) 
#----------------------------------------------------------------------------------------------------

(P) : Instance is preserved



Path 29: MET (6349 ps) Setup Check with Pin core/pending_q_reg[23]/CK->D
          Group: clk
     Startpoint: (R) core/req_sync_q_reg[47]/CK
          Clock: (R) clk
       Endpoint: (F) core/pending_q_reg[23]/D
          Clock: (R) clk

                     Capture       Launch     
        Clock Edge:+   10000            0     
       Src Latency:+       0            0     
       Net Latency:+       0 (I)        0 (I) 
           Arrival:=   10000            0     
                                              
             Setup:-      92                  
     Required Time:=    9908                  
      Launch Clock:-       0                  
         Data Path:-    3559                  
             Slack:=    6349                  

#----------------------------------------------------------------------------------------------------
#       Timing Point         Flags    Arc   Edge   Cell     Fanout Load Trans Delay Arrival Instance 
#                                                                  (fF)  (ps)  (ps)   (ps)  Location 
#----------------------------------------------------------------------------------------------------
  core/req_sync_q_reg[47]/CK -       -      R     (arrival)    265    -     0     0       0    (-,-) 
  core/req_sync_q_reg[47]/Q  (P)     CK->Q  F     DFFHQX1        2  0.8    32   202     202    (-,-) 
  core/g24472__1881/Y        -       A0->Y  R     AOI21X1        3  0.8    69    81     282    (-,-) 
  core/g24249__8428/Y        -       A->Y   F     NAND4XL        1  0.2   179   211     493    (-,-) 
  core/g24226__1705/Y        -       AN->Y  F     NAND4BX1       1  0.2   151   260     753    (-,-) 
  core/g24216__5107/Y        -       AN->Y  F     NAND2BX1       6  2.0   148   192     945    (-,-) 
  core/g24206__9315/Y        -       B->Y   R     NAND2BX1       2  0.8    54   104    1049    (-,-) 
  core/g24194__8246/Y        -       B->Y   F     NAND2X1        2  0.7    76    80    1129    (-,-) 
  core/g24190/Y              -       A->Y   R     INVX1          2  0.8    36    60    1189    (-,-) 
  core/g24167__5115/Y        -       A0->Y  F     OAI222X1       1  0.2   176   222    1411    (-,-) 
  core/g24156__3680/Y        -       B0->Y  R     AOI211XL       1  0.4   111   187    1597    (-,-) 
  core/g24145__6260/Y        -       C0->Y  F     OAI211X1       1  0.3   125   155    1752    (-,-) 
  core/g24139__1666/Y        -       C0->Y  R     AOI221X1       1  0.4   105   138    1890    (-,-) 
  core/g24135__9945/Y        -       B->Y   F     NAND2X1        6  1.7   132   138    2028    (-,-) 
  core/g24707__5122/Y        -       AN->Y  F     NOR2BX1        2  0.6    55   116    2145    (-,-) 
  core/g24121__8246/Y        -       B->Y   R     NAND2X1        7  2.6    81    72    2216    (-,-) 
  core/g24105__1666/Y        -       B1->Y  R     OA22X1         1  0.4    29   179    2396    (-,-) 
  core/g24085__5526/Y        -       C0->Y  F     OAI221X1       1  0.4   155   146    2542    (-,-) 
  core/g24076__6417/Y        -       A2->Y  R     OAI31X1        1  0.2    87   140    2682    (-,-) 
  core/g24073__2346/Y        -       A1N->Y R     OAI2BB1X1      1  0.2    33   149    2831    (-,-) 
  core/g24071__9945/Y        -       A1N->Y R     OAI2BB1X1      1  0.4    35   126    2957    (-,-) 
  core/g24059__1705/Y        -       A2->Y  F     AOI32X1        2  0.6   190   164    3121    (-,-) 
  core/g24045__6417/Y        -       B->Y   R     NAND2X1        3  0.8    61   128    3249    (-,-) 
  core/g2__1705/Y            -       B->Y   F     NAND2BX1       2  0.6    72    81    3330    (-,-) 
  core/g24034__7482/Y        -       B->Y   R     NOR2X1         8  1.6   101   100    3430    (-,-) 
  core/g23962__4733/Y        -       A1->Y  F     AOI21XL        1  0.3    89   129    3559    (-,-) 
  core/pending_q_reg[23]/D   -       -      F     DFFHQX1        1    -     -     0    3559    (-,-) 
#----------------------------------------------------------------------------------------------------

(P) : Instance is preserved



Path 30: MET (6349 ps) Setup Check with Pin core/pending_q_reg[19]/CK->D
          Group: clk
     Startpoint: (R) core/req_sync_q_reg[47]/CK
          Clock: (R) clk
       Endpoint: (F) core/pending_q_reg[19]/D
          Clock: (R) clk

                     Capture       Launch     
        Clock Edge:+   10000            0     
       Src Latency:+       0            0     
       Net Latency:+       0 (I)        0 (I) 
           Arrival:=   10000            0     
                                              
             Setup:-      92                  
     Required Time:=    9908                  
      Launch Clock:-       0                  
         Data Path:-    3559                  
             Slack:=    6349                  

#----------------------------------------------------------------------------------------------------
#       Timing Point         Flags    Arc   Edge   Cell     Fanout Load Trans Delay Arrival Instance 
#                                                                  (fF)  (ps)  (ps)   (ps)  Location 
#----------------------------------------------------------------------------------------------------
  core/req_sync_q_reg[47]/CK -       -      R     (arrival)    265    -     0     0       0    (-,-) 
  core/req_sync_q_reg[47]/Q  (P)     CK->Q  F     DFFHQX1        2  0.8    32   202     202    (-,-) 
  core/g24472__1881/Y        -       A0->Y  R     AOI21X1        3  0.8    69    81     282    (-,-) 
  core/g24249__8428/Y        -       A->Y   F     NAND4XL        1  0.2   179   211     493    (-,-) 
  core/g24226__1705/Y        -       AN->Y  F     NAND4BX1       1  0.2   151   260     753    (-,-) 
  core/g24216__5107/Y        -       AN->Y  F     NAND2BX1       6  2.0   148   192     945    (-,-) 
  core/g24206__9315/Y        -       B->Y   R     NAND2BX1       2  0.8    54   104    1049    (-,-) 
  core/g24194__8246/Y        -       B->Y   F     NAND2X1        2  0.7    76    80    1129    (-,-) 
  core/g24190/Y              -       A->Y   R     INVX1          2  0.8    36    60    1189    (-,-) 
  core/g24167__5115/Y        -       A0->Y  F     OAI222X1       1  0.2   176   222    1411    (-,-) 
  core/g24156__3680/Y        -       B0->Y  R     AOI211XL       1  0.4   111   187    1597    (-,-) 
  core/g24145__6260/Y        -       C0->Y  F     OAI211X1       1  0.3   125   155    1752    (-,-) 
  core/g24139__1666/Y        -       C0->Y  R     AOI221X1       1  0.4   105   138    1890    (-,-) 
  core/g24135__9945/Y        -       B->Y   F     NAND2X1        6  1.7   132   138    2028    (-,-) 
  core/g24707__5122/Y        -       AN->Y  F     NOR2BX1        2  0.6    55   116    2145    (-,-) 
  core/g24121__8246/Y        -       B->Y   R     NAND2X1        7  2.6    81    72    2216    (-,-) 
  core/g24105__1666/Y        -       B1->Y  R     OA22X1         1  0.4    29   179    2396    (-,-) 
  core/g24085__5526/Y        -       C0->Y  F     OAI221X1       1  0.4   155   146    2542    (-,-) 
  core/g24076__6417/Y        -       A2->Y  R     OAI31X1        1  0.2    87   140    2682    (-,-) 
  core/g24073__2346/Y        -       A1N->Y R     OAI2BB1X1      1  0.2    33   149    2831    (-,-) 
  core/g24071__9945/Y        -       A1N->Y R     OAI2BB1X1      1  0.4    35   126    2957    (-,-) 
  core/g24059__1705/Y        -       A2->Y  F     AOI32X1        2  0.6   190   164    3121    (-,-) 
  core/g24045__6417/Y        -       B->Y   R     NAND2X1        3  0.8    61   128    3249    (-,-) 
  core/g2__1705/Y            -       B->Y   F     NAND2BX1       2  0.6    72    81    3330    (-,-) 
  core/g24034__7482/Y        -       B->Y   R     NOR2X1         8  1.6   101   100    3430    (-,-) 
  core/g23964__9315/Y        -       A1->Y  F     AOI21XL        1  0.3    89   129    3559    (-,-) 
  core/pending_q_reg[19]/D   -       -      F     DFFHQX1        1    -     -     0    3559    (-,-) 
#----------------------------------------------------------------------------------------------------

(P) : Instance is preserved



Path 31: MET (6349 ps) Setup Check with Pin core/pending_q_reg[7]/CK->D
          Group: clk
     Startpoint: (R) core/req_sync_q_reg[47]/CK
          Clock: (R) clk
       Endpoint: (F) core/pending_q_reg[7]/D
          Clock: (R) clk

                     Capture       Launch     
        Clock Edge:+   10000            0     
       Src Latency:+       0            0     
       Net Latency:+       0 (I)        0 (I) 
           Arrival:=   10000            0     
                                              
             Setup:-      92                  
     Required Time:=    9908                  
      Launch Clock:-       0                  
         Data Path:-    3559                  
             Slack:=    6349                  

#----------------------------------------------------------------------------------------------------
#       Timing Point         Flags    Arc   Edge   Cell     Fanout Load Trans Delay Arrival Instance 
#                                                                  (fF)  (ps)  (ps)   (ps)  Location 
#----------------------------------------------------------------------------------------------------
  core/req_sync_q_reg[47]/CK -       -      R     (arrival)    265    -     0     0       0    (-,-) 
  core/req_sync_q_reg[47]/Q  (P)     CK->Q  F     DFFHQX1        2  0.8    32   202     202    (-,-) 
  core/g24472__1881/Y        -       A0->Y  R     AOI21X1        3  0.8    69    81     282    (-,-) 
  core/g24249__8428/Y        -       A->Y   F     NAND4XL        1  0.2   179   211     493    (-,-) 
  core/g24226__1705/Y        -       AN->Y  F     NAND4BX1       1  0.2   151   260     753    (-,-) 
  core/g24216__5107/Y        -       AN->Y  F     NAND2BX1       6  2.0   148   192     945    (-,-) 
  core/g24206__9315/Y        -       B->Y   R     NAND2BX1       2  0.8    54   104    1049    (-,-) 
  core/g24194__8246/Y        -       B->Y   F     NAND2X1        2  0.7    76    80    1129    (-,-) 
  core/g24190/Y              -       A->Y   R     INVX1          2  0.8    36    60    1189    (-,-) 
  core/g24167__5115/Y        -       A0->Y  F     OAI222X1       1  0.2   176   222    1411    (-,-) 
  core/g24156__3680/Y        -       B0->Y  R     AOI211XL       1  0.4   111   187    1597    (-,-) 
  core/g24145__6260/Y        -       C0->Y  F     OAI211X1       1  0.3   125   155    1752    (-,-) 
  core/g24139__1666/Y        -       C0->Y  R     AOI221X1       1  0.4   105   138    1890    (-,-) 
  core/g24135__9945/Y        -       B->Y   F     NAND2X1        6  1.7   132   138    2028    (-,-) 
  core/g24707__5122/Y        -       AN->Y  F     NOR2BX1        2  0.6    55   116    2145    (-,-) 
  core/g24121__8246/Y        -       B->Y   R     NAND2X1        7  2.6    81    72    2216    (-,-) 
  core/g24105__1666/Y        -       B1->Y  R     OA22X1         1  0.4    29   179    2396    (-,-) 
  core/g24085__5526/Y        -       C0->Y  F     OAI221X1       1  0.4   155   146    2542    (-,-) 
  core/g24076__6417/Y        -       A2->Y  R     OAI31X1        1  0.2    87   140    2682    (-,-) 
  core/g24073__2346/Y        -       A1N->Y R     OAI2BB1X1      1  0.2    33   149    2831    (-,-) 
  core/g24071__9945/Y        -       A1N->Y R     OAI2BB1X1      1  0.4    35   126    2957    (-,-) 
  core/g24059__1705/Y        -       A2->Y  F     AOI32X1        2  0.6   190   164    3121    (-,-) 
  core/g24045__6417/Y        -       B->Y   R     NAND2X1        3  0.8    61   128    3249    (-,-) 
  core/g2__1705/Y            -       B->Y   F     NAND2BX1       2  0.6    72    81    3330    (-,-) 
  core/g24034__7482/Y        -       B->Y   R     NOR2X1         8  1.6   101   100    3430    (-,-) 
  core/g23966__2883/Y        -       A1->Y  F     AOI21XL        1  0.3    89   129    3559    (-,-) 
  core/pending_q_reg[7]/D    -       -      F     DFFHQX1        1    -     -     0    3559    (-,-) 
#----------------------------------------------------------------------------------------------------

(P) : Instance is preserved



Path 32: MET (6349 ps) Setup Check with Pin core/pending_q_reg[3]/CK->D
          Group: clk
     Startpoint: (R) core/req_sync_q_reg[47]/CK
          Clock: (R) clk
       Endpoint: (F) core/pending_q_reg[3]/D
          Clock: (R) clk

                     Capture       Launch     
        Clock Edge:+   10000            0     
       Src Latency:+       0            0     
       Net Latency:+       0 (I)        0 (I) 
           Arrival:=   10000            0     
                                              
             Setup:-      92                  
     Required Time:=    9908                  
      Launch Clock:-       0                  
         Data Path:-    3559                  
             Slack:=    6349                  

#----------------------------------------------------------------------------------------------------
#       Timing Point         Flags    Arc   Edge   Cell     Fanout Load Trans Delay Arrival Instance 
#                                                                  (fF)  (ps)  (ps)   (ps)  Location 
#----------------------------------------------------------------------------------------------------
  core/req_sync_q_reg[47]/CK -       -      R     (arrival)    265    -     0     0       0    (-,-) 
  core/req_sync_q_reg[47]/Q  (P)     CK->Q  F     DFFHQX1        2  0.8    32   202     202    (-,-) 
  core/g24472__1881/Y        -       A0->Y  R     AOI21X1        3  0.8    69    81     282    (-,-) 
  core/g24249__8428/Y        -       A->Y   F     NAND4XL        1  0.2   179   211     493    (-,-) 
  core/g24226__1705/Y        -       AN->Y  F     NAND4BX1       1  0.2   151   260     753    (-,-) 
  core/g24216__5107/Y        -       AN->Y  F     NAND2BX1       6  2.0   148   192     945    (-,-) 
  core/g24206__9315/Y        -       B->Y   R     NAND2BX1       2  0.8    54   104    1049    (-,-) 
  core/g24194__8246/Y        -       B->Y   F     NAND2X1        2  0.7    76    80    1129    (-,-) 
  core/g24190/Y              -       A->Y   R     INVX1          2  0.8    36    60    1189    (-,-) 
  core/g24167__5115/Y        -       A0->Y  F     OAI222X1       1  0.2   176   222    1411    (-,-) 
  core/g24156__3680/Y        -       B0->Y  R     AOI211XL       1  0.4   111   187    1597    (-,-) 
  core/g24145__6260/Y        -       C0->Y  F     OAI211X1       1  0.3   125   155    1752    (-,-) 
  core/g24139__1666/Y        -       C0->Y  R     AOI221X1       1  0.4   105   138    1890    (-,-) 
  core/g24135__9945/Y        -       B->Y   F     NAND2X1        6  1.7   132   138    2028    (-,-) 
  core/g24707__5122/Y        -       AN->Y  F     NOR2BX1        2  0.6    55   116    2145    (-,-) 
  core/g24121__8246/Y        -       B->Y   R     NAND2X1        7  2.6    81    72    2216    (-,-) 
  core/g24105__1666/Y        -       B1->Y  R     OA22X1         1  0.4    29   179    2396    (-,-) 
  core/g24085__5526/Y        -       C0->Y  F     OAI221X1       1  0.4   155   146    2542    (-,-) 
  core/g24076__6417/Y        -       A2->Y  R     OAI31X1        1  0.2    87   140    2682    (-,-) 
  core/g24073__2346/Y        -       A1N->Y R     OAI2BB1X1      1  0.2    33   149    2831    (-,-) 
  core/g24071__9945/Y        -       A1N->Y R     OAI2BB1X1      1  0.4    35   126    2957    (-,-) 
  core/g24059__1705/Y        -       A2->Y  F     AOI32X1        2  0.6   190   164    3121    (-,-) 
  core/g24045__6417/Y        -       B->Y   R     NAND2X1        3  0.8    61   128    3249    (-,-) 
  core/g2__1705/Y            -       B->Y   F     NAND2BX1       2  0.6    72    81    3330    (-,-) 
  core/g24034__7482/Y        -       B->Y   R     NOR2X1         8  1.6   101   100    3430    (-,-) 
  core/g23968__1666/Y        -       A1->Y  F     AOI21XL        1  0.3    89   129    3559    (-,-) 
  core/pending_q_reg[3]/D    -       -      F     DFFHQX1        1    -     -     0    3559    (-,-) 
#----------------------------------------------------------------------------------------------------

(P) : Instance is preserved



Path 33: MET (6390 ps) Setup Check with Pin core/pending_q_reg[57]/CK->D
          Group: clk
     Startpoint: (R) core/req_sync_q_reg[47]/CK
          Clock: (R) clk
       Endpoint: (F) core/pending_q_reg[57]/D
          Clock: (R) clk

                     Capture       Launch     
        Clock Edge:+   10000            0     
       Src Latency:+       0            0     
       Net Latency:+       0 (I)        0 (I) 
           Arrival:=   10000            0     
                                              
             Setup:-      93                  
     Required Time:=    9907                  
      Launch Clock:-       0                  
         Data Path:-    3516                  
             Slack:=    6390                  

#----------------------------------------------------------------------------------------------------
#       Timing Point         Flags    Arc   Edge   Cell     Fanout Load Trans Delay Arrival Instance 
#                                                                  (fF)  (ps)  (ps)   (ps)  Location 
#----------------------------------------------------------------------------------------------------
  core/req_sync_q_reg[47]/CK -       -      R     (arrival)    265    -     0     0       0    (-,-) 
  core/req_sync_q_reg[47]/Q  (P)     CK->Q  F     DFFHQX1        2  0.8    32   202     202    (-,-) 
  core/g24472__1881/Y        -       A0->Y  R     AOI21X1        3  0.8    69    81     282    (-,-) 
  core/g24249__8428/Y        -       A->Y   F     NAND4XL        1  0.2   179   211     493    (-,-) 
  core/g24226__1705/Y        -       AN->Y  F     NAND4BX1       1  0.2   151   260     753    (-,-) 
  core/g24216__5107/Y        -       AN->Y  F     NAND2BX1       6  2.0   148   192     945    (-,-) 
  core/g24206__9315/Y        -       B->Y   R     NAND2BX1       2  0.8    54   104    1049    (-,-) 
  core/g24194__8246/Y        -       B->Y   F     NAND2X1        2  0.7    76    80    1129    (-,-) 
  core/g24190/Y              -       A->Y   R     INVX1          2  0.8    36    60    1189    (-,-) 
  core/g24167__5115/Y        -       A0->Y  F     OAI222X1       1  0.2   176   222    1411    (-,-) 
  core/g24156__3680/Y        -       B0->Y  R     AOI211XL       1  0.4   111   187    1597    (-,-) 
  core/g24145__6260/Y        -       C0->Y  F     OAI211X1       1  0.3   125   155    1752    (-,-) 
  core/g24139__1666/Y        -       C0->Y  R     AOI221X1       1  0.4   105   138    1890    (-,-) 
  core/g24135__9945/Y        -       B->Y   F     NAND2X1        6  1.7   132   138    2028    (-,-) 
  core/g24707__5122/Y        -       AN->Y  F     NOR2BX1        2  0.6    55   116    2145    (-,-) 
  core/g24121__8246/Y        -       B->Y   R     NAND2X1        7  2.6    81    72    2216    (-,-) 
  core/g24105__1666/Y        -       B1->Y  R     OA22X1         1  0.4    29   179    2396    (-,-) 
  core/g24085__5526/Y        -       C0->Y  F     OAI221X1       1  0.4   155   146    2542    (-,-) 
  core/g24076__6417/Y        -       A2->Y  R     OAI31X1        1  0.2    87   140    2682    (-,-) 
  core/g24073__2346/Y        -       A1N->Y R     OAI2BB1X1      1  0.2    33   149    2831    (-,-) 
  core/g24071__9945/Y        -       A1N->Y R     OAI2BB1X1      1  0.4    35   126    2957    (-,-) 
  core/g24059__1705/Y        -       A2->Y  F     AOI32X1        2  0.6   190   164    3121    (-,-) 
  core/g24045__6417/Y        -       B->Y   R     NAND2X1        3  0.8    61   128    3249    (-,-) 
  core/g24039__2883/Y        -       A->Y   R     AND2X1         8  2.0    57   155    3404    (-,-) 
  core/g24029__8246/Y        -       A0->Y  F     AOI21XL        1  0.3    91   113    3516    (-,-) 
  core/pending_q_reg[57]/D   -       -      F     DFFHQX1        1    -     -     0    3516    (-,-) 
#----------------------------------------------------------------------------------------------------

(P) : Instance is preserved



Path 34: MET (6390 ps) Setup Check with Pin core/pending_q_reg[41]/CK->D
          Group: clk
     Startpoint: (R) core/req_sync_q_reg[47]/CK
          Clock: (R) clk
       Endpoint: (F) core/pending_q_reg[41]/D
          Clock: (R) clk

                     Capture       Launch     
        Clock Edge:+   10000            0     
       Src Latency:+       0            0     
       Net Latency:+       0 (I)        0 (I) 
           Arrival:=   10000            0     
                                              
             Setup:-      93                  
     Required Time:=    9907                  
      Launch Clock:-       0                  
         Data Path:-    3516                  
             Slack:=    6390                  

#----------------------------------------------------------------------------------------------------
#       Timing Point         Flags    Arc   Edge   Cell     Fanout Load Trans Delay Arrival Instance 
#                                                                  (fF)  (ps)  (ps)   (ps)  Location 
#----------------------------------------------------------------------------------------------------
  core/req_sync_q_reg[47]/CK -       -      R     (arrival)    265    -     0     0       0    (-,-) 
  core/req_sync_q_reg[47]/Q  (P)     CK->Q  F     DFFHQX1        2  0.8    32   202     202    (-,-) 
  core/g24472__1881/Y        -       A0->Y  R     AOI21X1        3  0.8    69    81     282    (-,-) 
  core/g24249__8428/Y        -       A->Y   F     NAND4XL        1  0.2   179   211     493    (-,-) 
  core/g24226__1705/Y        -       AN->Y  F     NAND4BX1       1  0.2   151   260     753    (-,-) 
  core/g24216__5107/Y        -       AN->Y  F     NAND2BX1       6  2.0   148   192     945    (-,-) 
  core/g24206__9315/Y        -       B->Y   R     NAND2BX1       2  0.8    54   104    1049    (-,-) 
  core/g24194__8246/Y        -       B->Y   F     NAND2X1        2  0.7    76    80    1129    (-,-) 
  core/g24190/Y              -       A->Y   R     INVX1          2  0.8    36    60    1189    (-,-) 
  core/g24167__5115/Y        -       A0->Y  F     OAI222X1       1  0.2   176   222    1411    (-,-) 
  core/g24156__3680/Y        -       B0->Y  R     AOI211XL       1  0.4   111   187    1597    (-,-) 
  core/g24145__6260/Y        -       C0->Y  F     OAI211X1       1  0.3   125   155    1752    (-,-) 
  core/g24139__1666/Y        -       C0->Y  R     AOI221X1       1  0.4   105   138    1890    (-,-) 
  core/g24135__9945/Y        -       B->Y   F     NAND2X1        6  1.7   132   138    2028    (-,-) 
  core/g24707__5122/Y        -       AN->Y  F     NOR2BX1        2  0.6    55   116    2145    (-,-) 
  core/g24121__8246/Y        -       B->Y   R     NAND2X1        7  2.6    81    72    2216    (-,-) 
  core/g24105__1666/Y        -       B1->Y  R     OA22X1         1  0.4    29   179    2396    (-,-) 
  core/g24085__5526/Y        -       C0->Y  F     OAI221X1       1  0.4   155   146    2542    (-,-) 
  core/g24076__6417/Y        -       A2->Y  R     OAI31X1        1  0.2    87   140    2682    (-,-) 
  core/g24073__2346/Y        -       A1N->Y R     OAI2BB1X1      1  0.2    33   149    2831    (-,-) 
  core/g24071__9945/Y        -       A1N->Y R     OAI2BB1X1      1  0.4    35   126    2957    (-,-) 
  core/g24059__1705/Y        -       A2->Y  F     AOI32X1        2  0.6   190   164    3121    (-,-) 
  core/g24045__6417/Y        -       B->Y   R     NAND2X1        3  0.8    61   128    3249    (-,-) 
  core/g24039__2883/Y        -       A->Y   R     AND2X1         8  2.0    57   155    3404    (-,-) 
  core/g24023__6783/Y        -       A0->Y  F     AOI21XL        1  0.3    91   113    3516    (-,-) 
  core/pending_q_reg[41]/D   -       -      F     DFFHQX1        1    -     -     0    3516    (-,-) 
#----------------------------------------------------------------------------------------------------

(P) : Instance is preserved



Path 35: MET (6390 ps) Setup Check with Pin core/pending_q_reg[25]/CK->D
          Group: clk
     Startpoint: (R) core/req_sync_q_reg[47]/CK
          Clock: (R) clk
       Endpoint: (F) core/pending_q_reg[25]/D
          Clock: (R) clk

                     Capture       Launch     
        Clock Edge:+   10000            0     
       Src Latency:+       0            0     
       Net Latency:+       0 (I)        0 (I) 
           Arrival:=   10000            0     
                                              
             Setup:-      93                  
     Required Time:=    9907                  
      Launch Clock:-       0                  
         Data Path:-    3516                  
             Slack:=    6390                  

#----------------------------------------------------------------------------------------------------
#       Timing Point         Flags    Arc   Edge   Cell     Fanout Load Trans Delay Arrival Instance 
#                                                                  (fF)  (ps)  (ps)   (ps)  Location 
#----------------------------------------------------------------------------------------------------
  core/req_sync_q_reg[47]/CK -       -      R     (arrival)    265    -     0     0       0    (-,-) 
  core/req_sync_q_reg[47]/Q  (P)     CK->Q  F     DFFHQX1        2  0.8    32   202     202    (-,-) 
  core/g24472__1881/Y        -       A0->Y  R     AOI21X1        3  0.8    69    81     282    (-,-) 
  core/g24249__8428/Y        -       A->Y   F     NAND4XL        1  0.2   179   211     493    (-,-) 
  core/g24226__1705/Y        -       AN->Y  F     NAND4BX1       1  0.2   151   260     753    (-,-) 
  core/g24216__5107/Y        -       AN->Y  F     NAND2BX1       6  2.0   148   192     945    (-,-) 
  core/g24206__9315/Y        -       B->Y   R     NAND2BX1       2  0.8    54   104    1049    (-,-) 
  core/g24194__8246/Y        -       B->Y   F     NAND2X1        2  0.7    76    80    1129    (-,-) 
  core/g24190/Y              -       A->Y   R     INVX1          2  0.8    36    60    1189    (-,-) 
  core/g24167__5115/Y        -       A0->Y  F     OAI222X1       1  0.2   176   222    1411    (-,-) 
  core/g24156__3680/Y        -       B0->Y  R     AOI211XL       1  0.4   111   187    1597    (-,-) 
  core/g24145__6260/Y        -       C0->Y  F     OAI211X1       1  0.3   125   155    1752    (-,-) 
  core/g24139__1666/Y        -       C0->Y  R     AOI221X1       1  0.4   105   138    1890    (-,-) 
  core/g24135__9945/Y        -       B->Y   F     NAND2X1        6  1.7   132   138    2028    (-,-) 
  core/g24707__5122/Y        -       AN->Y  F     NOR2BX1        2  0.6    55   116    2145    (-,-) 
  core/g24121__8246/Y        -       B->Y   R     NAND2X1        7  2.6    81    72    2216    (-,-) 
  core/g24105__1666/Y        -       B1->Y  R     OA22X1         1  0.4    29   179    2396    (-,-) 
  core/g24085__5526/Y        -       C0->Y  F     OAI221X1       1  0.4   155   146    2542    (-,-) 
  core/g24076__6417/Y        -       A2->Y  R     OAI31X1        1  0.2    87   140    2682    (-,-) 
  core/g24073__2346/Y        -       A1N->Y R     OAI2BB1X1      1  0.2    33   149    2831    (-,-) 
  core/g24071__9945/Y        -       A1N->Y R     OAI2BB1X1      1  0.4    35   126    2957    (-,-) 
  core/g24059__1705/Y        -       A2->Y  F     AOI32X1        2  0.6   190   164    3121    (-,-) 
  core/g24045__6417/Y        -       B->Y   R     NAND2X1        3  0.8    61   128    3249    (-,-) 
  core/g24038__9945/Y        -       A->Y   R     AND2X1         8  2.0    57   155    3404    (-,-) 
  core/g24018__5107/Y        -       A0->Y  F     AOI21XL        1  0.3    91   113    3516    (-,-) 
  core/pending_q_reg[25]/D   -       -      F     DFFHQX1        1    -     -     0    3516    (-,-) 
#----------------------------------------------------------------------------------------------------

(P) : Instance is preserved



Path 36: MET (6390 ps) Setup Check with Pin core/pending_q_reg[9]/CK->D
          Group: clk
     Startpoint: (R) core/req_sync_q_reg[47]/CK
          Clock: (R) clk
       Endpoint: (F) core/pending_q_reg[9]/D
          Clock: (R) clk

                     Capture       Launch     
        Clock Edge:+   10000            0     
       Src Latency:+       0            0     
       Net Latency:+       0 (I)        0 (I) 
           Arrival:=   10000            0     
                                              
             Setup:-      93                  
     Required Time:=    9907                  
      Launch Clock:-       0                  
         Data Path:-    3516                  
             Slack:=    6390                  

#----------------------------------------------------------------------------------------------------
#       Timing Point         Flags    Arc   Edge   Cell     Fanout Load Trans Delay Arrival Instance 
#                                                                  (fF)  (ps)  (ps)   (ps)  Location 
#----------------------------------------------------------------------------------------------------
  core/req_sync_q_reg[47]/CK -       -      R     (arrival)    265    -     0     0       0    (-,-) 
  core/req_sync_q_reg[47]/Q  (P)     CK->Q  F     DFFHQX1        2  0.8    32   202     202    (-,-) 
  core/g24472__1881/Y        -       A0->Y  R     AOI21X1        3  0.8    69    81     282    (-,-) 
  core/g24249__8428/Y        -       A->Y   F     NAND4XL        1  0.2   179   211     493    (-,-) 
  core/g24226__1705/Y        -       AN->Y  F     NAND4BX1       1  0.2   151   260     753    (-,-) 
  core/g24216__5107/Y        -       AN->Y  F     NAND2BX1       6  2.0   148   192     945    (-,-) 
  core/g24206__9315/Y        -       B->Y   R     NAND2BX1       2  0.8    54   104    1049    (-,-) 
  core/g24194__8246/Y        -       B->Y   F     NAND2X1        2  0.7    76    80    1129    (-,-) 
  core/g24190/Y              -       A->Y   R     INVX1          2  0.8    36    60    1189    (-,-) 
  core/g24167__5115/Y        -       A0->Y  F     OAI222X1       1  0.2   176   222    1411    (-,-) 
  core/g24156__3680/Y        -       B0->Y  R     AOI211XL       1  0.4   111   187    1597    (-,-) 
  core/g24145__6260/Y        -       C0->Y  F     OAI211X1       1  0.3   125   155    1752    (-,-) 
  core/g24139__1666/Y        -       C0->Y  R     AOI221X1       1  0.4   105   138    1890    (-,-) 
  core/g24135__9945/Y        -       B->Y   F     NAND2X1        6  1.7   132   138    2028    (-,-) 
  core/g24707__5122/Y        -       AN->Y  F     NOR2BX1        2  0.6    55   116    2145    (-,-) 
  core/g24121__8246/Y        -       B->Y   R     NAND2X1        7  2.6    81    72    2216    (-,-) 
  core/g24105__1666/Y        -       B1->Y  R     OA22X1         1  0.4    29   179    2396    (-,-) 
  core/g24085__5526/Y        -       C0->Y  F     OAI221X1       1  0.4   155   146    2542    (-,-) 
  core/g24076__6417/Y        -       A2->Y  R     OAI31X1        1  0.2    87   140    2682    (-,-) 
  core/g24073__2346/Y        -       A1N->Y R     OAI2BB1X1      1  0.2    33   149    2831    (-,-) 
  core/g24071__9945/Y        -       A1N->Y R     OAI2BB1X1      1  0.4    35   126    2957    (-,-) 
  core/g24059__1705/Y        -       A2->Y  F     AOI32X1        2  0.6   190   164    3121    (-,-) 
  core/g24045__6417/Y        -       B->Y   R     NAND2X1        3  0.8    61   128    3249    (-,-) 
  core/g24038__9945/Y        -       A->Y   R     AND2X1         8  2.0    57   155    3404    (-,-) 
  core/g24021__8428/Y        -       A0->Y  F     AOI21XL        1  0.3    91   113    3516    (-,-) 
  core/pending_q_reg[9]/D    -       -      F     DFFHQX1        1    -     -     0    3516    (-,-) 
#----------------------------------------------------------------------------------------------------

(P) : Instance is preserved



Path 37: MET (6391 ps) Setup Check with Pin core/pending_q_reg[63]/CK->D
          Group: clk
     Startpoint: (R) core/req_sync_q_reg[47]/CK
          Clock: (R) clk
       Endpoint: (F) core/pending_q_reg[63]/D
          Clock: (R) clk

                     Capture       Launch     
        Clock Edge:+   10000            0     
       Src Latency:+       0            0     
       Net Latency:+       0 (I)        0 (I) 
           Arrival:=   10000            0     
                                              
             Setup:-      92                  
     Required Time:=    9908                  
      Launch Clock:-       0                  
         Data Path:-    3516                  
             Slack:=    6391                  

#----------------------------------------------------------------------------------------------------
#       Timing Point         Flags    Arc   Edge   Cell     Fanout Load Trans Delay Arrival Instance 
#                                                                  (fF)  (ps)  (ps)   (ps)  Location 
#----------------------------------------------------------------------------------------------------
  core/req_sync_q_reg[47]/CK -       -      R     (arrival)    265    -     0     0       0    (-,-) 
  core/req_sync_q_reg[47]/Q  (P)     CK->Q  F     DFFHQX1        2  0.8    32   202     202    (-,-) 
  core/g24472__1881/Y        -       A0->Y  R     AOI21X1        3  0.8    69    81     282    (-,-) 
  core/g24249__8428/Y        -       A->Y   F     NAND4XL        1  0.2   179   211     493    (-,-) 
  core/g24226__1705/Y        -       AN->Y  F     NAND4BX1       1  0.2   151   260     753    (-,-) 
  core/g24216__5107/Y        -       AN->Y  F     NAND2BX1       6  2.0   148   192     945    (-,-) 
  core/g24206__9315/Y        -       B->Y   R     NAND2BX1       2  0.8    54   104    1049    (-,-) 
  core/g24194__8246/Y        -       B->Y   F     NAND2X1        2  0.7    76    80    1129    (-,-) 
  core/g24190/Y              -       A->Y   R     INVX1          2  0.8    36    60    1189    (-,-) 
  core/g24167__5115/Y        -       A0->Y  F     OAI222X1       1  0.2   176   222    1411    (-,-) 
  core/g24156__3680/Y        -       B0->Y  R     AOI211XL       1  0.4   111   187    1597    (-,-) 
  core/g24145__6260/Y        -       C0->Y  F     OAI211X1       1  0.3   125   155    1752    (-,-) 
  core/g24139__1666/Y        -       C0->Y  R     AOI221X1       1  0.4   105   138    1890    (-,-) 
  core/g24135__9945/Y        -       B->Y   F     NAND2X1        6  1.7   132   138    2028    (-,-) 
  core/g24707__5122/Y        -       AN->Y  F     NOR2BX1        2  0.6    55   116    2145    (-,-) 
  core/g24121__8246/Y        -       B->Y   R     NAND2X1        7  2.6    81    72    2216    (-,-) 
  core/g24105__1666/Y        -       B1->Y  R     OA22X1         1  0.4    29   179    2396    (-,-) 
  core/g24085__5526/Y        -       C0->Y  F     OAI221X1       1  0.4   155   146    2542    (-,-) 
  core/g24076__6417/Y        -       A2->Y  R     OAI31X1        1  0.2    87   140    2682    (-,-) 
  core/g24073__2346/Y        -       A1N->Y R     OAI2BB1X1      1  0.2    33   149    2831    (-,-) 
  core/g24071__9945/Y        -       A1N->Y R     OAI2BB1X1      1  0.4    35   126    2957    (-,-) 
  core/g24059__1705/Y        -       A2->Y  F     AOI32X1        2  0.6   190   164    3121    (-,-) 
  core/g24045__6417/Y        -       B->Y   R     NAND2X1        3  0.8    61   128    3249    (-,-) 
  core/g24039__2883/Y        -       A->Y   R     AND2X1         8  2.0    57   155    3404    (-,-) 
  core/g24032__1881/Y        -       A0->Y  F     AOI21XL        1  0.3    89   113    3516    (-,-) 
  core/pending_q_reg[63]/D   -       -      F     DFFHQX1        1    -     -     0    3516    (-,-) 
#----------------------------------------------------------------------------------------------------

(P) : Instance is preserved



Path 38: MET (6391 ps) Setup Check with Pin core/pending_q_reg[59]/CK->D
          Group: clk
     Startpoint: (R) core/req_sync_q_reg[47]/CK
          Clock: (R) clk
       Endpoint: (F) core/pending_q_reg[59]/D
          Clock: (R) clk

                     Capture       Launch     
        Clock Edge:+   10000            0     
       Src Latency:+       0            0     
       Net Latency:+       0 (I)        0 (I) 
           Arrival:=   10000            0     
                                              
             Setup:-      92                  
     Required Time:=    9908                  
      Launch Clock:-       0                  
         Data Path:-    3516                  
             Slack:=    6391                  

#----------------------------------------------------------------------------------------------------
#       Timing Point         Flags    Arc   Edge   Cell     Fanout Load Trans Delay Arrival Instance 
#                                                                  (fF)  (ps)  (ps)   (ps)  Location 
#----------------------------------------------------------------------------------------------------
  core/req_sync_q_reg[47]/CK -       -      R     (arrival)    265    -     0     0       0    (-,-) 
  core/req_sync_q_reg[47]/Q  (P)     CK->Q  F     DFFHQX1        2  0.8    32   202     202    (-,-) 
  core/g24472__1881/Y        -       A0->Y  R     AOI21X1        3  0.8    69    81     282    (-,-) 
  core/g24249__8428/Y        -       A->Y   F     NAND4XL        1  0.2   179   211     493    (-,-) 
  core/g24226__1705/Y        -       AN->Y  F     NAND4BX1       1  0.2   151   260     753    (-,-) 
  core/g24216__5107/Y        -       AN->Y  F     NAND2BX1       6  2.0   148   192     945    (-,-) 
  core/g24206__9315/Y        -       B->Y   R     NAND2BX1       2  0.8    54   104    1049    (-,-) 
  core/g24194__8246/Y        -       B->Y   F     NAND2X1        2  0.7    76    80    1129    (-,-) 
  core/g24190/Y              -       A->Y   R     INVX1          2  0.8    36    60    1189    (-,-) 
  core/g24167__5115/Y        -       A0->Y  F     OAI222X1       1  0.2   176   222    1411    (-,-) 
  core/g24156__3680/Y        -       B0->Y  R     AOI211XL       1  0.4   111   187    1597    (-,-) 
  core/g24145__6260/Y        -       C0->Y  F     OAI211X1       1  0.3   125   155    1752    (-,-) 
  core/g24139__1666/Y        -       C0->Y  R     AOI221X1       1  0.4   105   138    1890    (-,-) 
  core/g24135__9945/Y        -       B->Y   F     NAND2X1        6  1.7   132   138    2028    (-,-) 
  core/g24707__5122/Y        -       AN->Y  F     NOR2BX1        2  0.6    55   116    2145    (-,-) 
  core/g24121__8246/Y        -       B->Y   R     NAND2X1        7  2.6    81    72    2216    (-,-) 
  core/g24105__1666/Y        -       B1->Y  R     OA22X1         1  0.4    29   179    2396    (-,-) 
  core/g24085__5526/Y        -       C0->Y  F     OAI221X1       1  0.4   155   146    2542    (-,-) 
  core/g24076__6417/Y        -       A2->Y  R     OAI31X1        1  0.2    87   140    2682    (-,-) 
  core/g24073__2346/Y        -       A1N->Y R     OAI2BB1X1      1  0.2    33   149    2831    (-,-) 
  core/g24071__9945/Y        -       A1N->Y R     OAI2BB1X1      1  0.4    35   126    2957    (-,-) 
  core/g24059__1705/Y        -       A2->Y  F     AOI32X1        2  0.6   190   164    3121    (-,-) 
  core/g24045__6417/Y        -       B->Y   R     NAND2X1        3  0.8    61   128    3249    (-,-) 
  core/g24039__2883/Y        -       A->Y   R     AND2X1         8  2.0    57   155    3404    (-,-) 
  core/g24010__9945/Y        -       A0->Y  F     AOI21XL        1  0.3    89   113    3516    (-,-) 
  core/pending_q_reg[59]/D   -       -      F     DFFHQX1        1    -     -     0    3516    (-,-) 
#----------------------------------------------------------------------------------------------------

(P) : Instance is preserved



Path 39: MET (6391 ps) Setup Check with Pin core/pending_q_reg[47]/CK->D
          Group: clk
     Startpoint: (R) core/req_sync_q_reg[47]/CK
          Clock: (R) clk
       Endpoint: (F) core/pending_q_reg[47]/D
          Clock: (R) clk

                     Capture       Launch     
        Clock Edge:+   10000            0     
       Src Latency:+       0            0     
       Net Latency:+       0 (I)        0 (I) 
           Arrival:=   10000            0     
                                              
             Setup:-      92                  
     Required Time:=    9908                  
      Launch Clock:-       0                  
         Data Path:-    3516                  
             Slack:=    6391                  

#----------------------------------------------------------------------------------------------------
#       Timing Point         Flags    Arc   Edge   Cell     Fanout Load Trans Delay Arrival Instance 
#                                                                  (fF)  (ps)  (ps)   (ps)  Location 
#----------------------------------------------------------------------------------------------------
  core/req_sync_q_reg[47]/CK -       -      R     (arrival)    265    -     0     0       0    (-,-) 
  core/req_sync_q_reg[47]/Q  (P)     CK->Q  F     DFFHQX1        2  0.8    32   202     202    (-,-) 
  core/g24472__1881/Y        -       A0->Y  R     AOI21X1        3  0.8    69    81     282    (-,-) 
  core/g24249__8428/Y        -       A->Y   F     NAND4XL        1  0.2   179   211     493    (-,-) 
  core/g24226__1705/Y        -       AN->Y  F     NAND4BX1       1  0.2   151   260     753    (-,-) 
  core/g24216__5107/Y        -       AN->Y  F     NAND2BX1       6  2.0   148   192     945    (-,-) 
  core/g24206__9315/Y        -       B->Y   R     NAND2BX1       2  0.8    54   104    1049    (-,-) 
  core/g24194__8246/Y        -       B->Y   F     NAND2X1        2  0.7    76    80    1129    (-,-) 
  core/g24190/Y              -       A->Y   R     INVX1          2  0.8    36    60    1189    (-,-) 
  core/g24167__5115/Y        -       A0->Y  F     OAI222X1       1  0.2   176   222    1411    (-,-) 
  core/g24156__3680/Y        -       B0->Y  R     AOI211XL       1  0.4   111   187    1597    (-,-) 
  core/g24145__6260/Y        -       C0->Y  F     OAI211X1       1  0.3   125   155    1752    (-,-) 
  core/g24139__1666/Y        -       C0->Y  R     AOI221X1       1  0.4   105   138    1890    (-,-) 
  core/g24135__9945/Y        -       B->Y   F     NAND2X1        6  1.7   132   138    2028    (-,-) 
  core/g24707__5122/Y        -       AN->Y  F     NOR2BX1        2  0.6    55   116    2145    (-,-) 
  core/g24121__8246/Y        -       B->Y   R     NAND2X1        7  2.6    81    72    2216    (-,-) 
  core/g24105__1666/Y        -       B1->Y  R     OA22X1         1  0.4    29   179    2396    (-,-) 
  core/g24085__5526/Y        -       C0->Y  F     OAI221X1       1  0.4   155   146    2542    (-,-) 
  core/g24076__6417/Y        -       A2->Y  R     OAI31X1        1  0.2    87   140    2682    (-,-) 
  core/g24073__2346/Y        -       A1N->Y R     OAI2BB1X1      1  0.2    33   149    2831    (-,-) 
  core/g24071__9945/Y        -       A1N->Y R     OAI2BB1X1      1  0.4    35   126    2957    (-,-) 
  core/g24059__1705/Y        -       A2->Y  F     AOI32X1        2  0.6   190   164    3121    (-,-) 
  core/g24045__6417/Y        -       B->Y   R     NAND2X1        3  0.8    61   128    3249    (-,-) 
  core/g24039__2883/Y        -       A->Y   R     AND2X1         8  2.0    57   155    3404    (-,-) 
  core/g24028__5122/Y        -       A0->Y  F     AOI21XL        1  0.3    89   113    3516    (-,-) 
  core/pending_q_reg[47]/D   -       -      F     DFFHQX1        1    -     -     0    3516    (-,-) 
#----------------------------------------------------------------------------------------------------

(P) : Instance is preserved



Path 40: MET (6391 ps) Setup Check with Pin core/pending_q_reg[43]/CK->D
          Group: clk
     Startpoint: (R) core/req_sync_q_reg[47]/CK
          Clock: (R) clk
       Endpoint: (F) core/pending_q_reg[43]/D
          Clock: (R) clk

                     Capture       Launch     
        Clock Edge:+   10000            0     
       Src Latency:+       0            0     
       Net Latency:+       0 (I)        0 (I) 
           Arrival:=   10000            0     
                                              
             Setup:-      92                  
     Required Time:=    9908                  
      Launch Clock:-       0                  
         Data Path:-    3516                  
             Slack:=    6391                  

#----------------------------------------------------------------------------------------------------
#       Timing Point         Flags    Arc   Edge   Cell     Fanout Load Trans Delay Arrival Instance 
#                                                                  (fF)  (ps)  (ps)   (ps)  Location 
#----------------------------------------------------------------------------------------------------
  core/req_sync_q_reg[47]/CK -       -      R     (arrival)    265    -     0     0       0    (-,-) 
  core/req_sync_q_reg[47]/Q  (P)     CK->Q  F     DFFHQX1        2  0.8    32   202     202    (-,-) 
  core/g24472__1881/Y        -       A0->Y  R     AOI21X1        3  0.8    69    81     282    (-,-) 
  core/g24249__8428/Y        -       A->Y   F     NAND4XL        1  0.2   179   211     493    (-,-) 
  core/g24226__1705/Y        -       AN->Y  F     NAND4BX1       1  0.2   151   260     753    (-,-) 
  core/g24216__5107/Y        -       AN->Y  F     NAND2BX1       6  2.0   148   192     945    (-,-) 
  core/g24206__9315/Y        -       B->Y   R     NAND2BX1       2  0.8    54   104    1049    (-,-) 
  core/g24194__8246/Y        -       B->Y   F     NAND2X1        2  0.7    76    80    1129    (-,-) 
  core/g24190/Y              -       A->Y   R     INVX1          2  0.8    36    60    1189    (-,-) 
  core/g24167__5115/Y        -       A0->Y  F     OAI222X1       1  0.2   176   222    1411    (-,-) 
  core/g24156__3680/Y        -       B0->Y  R     AOI211XL       1  0.4   111   187    1597    (-,-) 
  core/g24145__6260/Y        -       C0->Y  F     OAI211X1       1  0.3   125   155    1752    (-,-) 
  core/g24139__1666/Y        -       C0->Y  R     AOI221X1       1  0.4   105   138    1890    (-,-) 
  core/g24135__9945/Y        -       B->Y   F     NAND2X1        6  1.7   132   138    2028    (-,-) 
  core/g24707__5122/Y        -       AN->Y  F     NOR2BX1        2  0.6    55   116    2145    (-,-) 
  core/g24121__8246/Y        -       B->Y   R     NAND2X1        7  2.6    81    72    2216    (-,-) 
  core/g24105__1666/Y        -       B1->Y  R     OA22X1         1  0.4    29   179    2396    (-,-) 
  core/g24085__5526/Y        -       C0->Y  F     OAI221X1       1  0.4   155   146    2542    (-,-) 
  core/g24076__6417/Y        -       A2->Y  R     OAI31X1        1  0.2    87   140    2682    (-,-) 
  core/g24073__2346/Y        -       A1N->Y R     OAI2BB1X1      1  0.2    33   149    2831    (-,-) 
  core/g24071__9945/Y        -       A1N->Y R     OAI2BB1X1      1  0.4    35   126    2957    (-,-) 
  core/g24059__1705/Y        -       A2->Y  F     AOI32X1        2  0.6   190   164    3121    (-,-) 
  core/g24045__6417/Y        -       B->Y   R     NAND2X1        3  0.8    61   128    3249    (-,-) 
  core/g24039__2883/Y        -       A->Y   R     AND2X1         8  2.0    57   155    3404    (-,-) 
  core/g24025__1617/Y        -       A0->Y  F     AOI21XL        1  0.3    89   113    3516    (-,-) 
  core/pending_q_reg[43]/D   -       -      F     DFFHQX1        1    -     -     0    3516    (-,-) 
#----------------------------------------------------------------------------------------------------

(P) : Instance is preserved



Path 41: MET (6391 ps) Setup Check with Pin core/pending_q_reg[31]/CK->D
          Group: clk
     Startpoint: (R) core/req_sync_q_reg[47]/CK
          Clock: (R) clk
       Endpoint: (F) core/pending_q_reg[31]/D
          Clock: (R) clk

                     Capture       Launch     
        Clock Edge:+   10000            0     
       Src Latency:+       0            0     
       Net Latency:+       0 (I)        0 (I) 
           Arrival:=   10000            0     
                                              
             Setup:-      92                  
     Required Time:=    9908                  
      Launch Clock:-       0                  
         Data Path:-    3516                  
             Slack:=    6391                  

#----------------------------------------------------------------------------------------------------
#       Timing Point         Flags    Arc   Edge   Cell     Fanout Load Trans Delay Arrival Instance 
#                                                                  (fF)  (ps)  (ps)   (ps)  Location 
#----------------------------------------------------------------------------------------------------
  core/req_sync_q_reg[47]/CK -       -      R     (arrival)    265    -     0     0       0    (-,-) 
  core/req_sync_q_reg[47]/Q  (P)     CK->Q  F     DFFHQX1        2  0.8    32   202     202    (-,-) 
  core/g24472__1881/Y        -       A0->Y  R     AOI21X1        3  0.8    69    81     282    (-,-) 
  core/g24249__8428/Y        -       A->Y   F     NAND4XL        1  0.2   179   211     493    (-,-) 
  core/g24226__1705/Y        -       AN->Y  F     NAND4BX1       1  0.2   151   260     753    (-,-) 
  core/g24216__5107/Y        -       AN->Y  F     NAND2BX1       6  2.0   148   192     945    (-,-) 
  core/g24206__9315/Y        -       B->Y   R     NAND2BX1       2  0.8    54   104    1049    (-,-) 
  core/g24194__8246/Y        -       B->Y   F     NAND2X1        2  0.7    76    80    1129    (-,-) 
  core/g24190/Y              -       A->Y   R     INVX1          2  0.8    36    60    1189    (-,-) 
  core/g24167__5115/Y        -       A0->Y  F     OAI222X1       1  0.2   176   222    1411    (-,-) 
  core/g24156__3680/Y        -       B0->Y  R     AOI211XL       1  0.4   111   187    1597    (-,-) 
  core/g24145__6260/Y        -       C0->Y  F     OAI211X1       1  0.3   125   155    1752    (-,-) 
  core/g24139__1666/Y        -       C0->Y  R     AOI221X1       1  0.4   105   138    1890    (-,-) 
  core/g24135__9945/Y        -       B->Y   F     NAND2X1        6  1.7   132   138    2028    (-,-) 
  core/g24707__5122/Y        -       AN->Y  F     NOR2BX1        2  0.6    55   116    2145    (-,-) 
  core/g24121__8246/Y        -       B->Y   R     NAND2X1        7  2.6    81    72    2216    (-,-) 
  core/g24105__1666/Y        -       B1->Y  R     OA22X1         1  0.4    29   179    2396    (-,-) 
  core/g24085__5526/Y        -       C0->Y  F     OAI221X1       1  0.4   155   146    2542    (-,-) 
  core/g24076__6417/Y        -       A2->Y  R     OAI31X1        1  0.2    87   140    2682    (-,-) 
  core/g24073__2346/Y        -       A1N->Y R     OAI2BB1X1      1  0.2    33   149    2831    (-,-) 
  core/g24071__9945/Y        -       A1N->Y R     OAI2BB1X1      1  0.4    35   126    2957    (-,-) 
  core/g24059__1705/Y        -       A2->Y  F     AOI32X1        2  0.6   190   164    3121    (-,-) 
  core/g24045__6417/Y        -       B->Y   R     NAND2X1        3  0.8    61   128    3249    (-,-) 
  core/g24038__9945/Y        -       A->Y   R     AND2X1         8  2.0    57   155    3404    (-,-) 
  core/g24022__5526/Y        -       A0->Y  F     AOI21XL        1  0.3    89   113    3516    (-,-) 
  core/pending_q_reg[31]/D   -       -      F     DFFHQX1        1    -     -     0    3516    (-,-) 
#----------------------------------------------------------------------------------------------------

(P) : Instance is preserved



Path 42: MET (6391 ps) Setup Check with Pin core/pending_q_reg[27]/CK->D
          Group: clk
     Startpoint: (R) core/req_sync_q_reg[47]/CK
          Clock: (R) clk
       Endpoint: (F) core/pending_q_reg[27]/D
          Clock: (R) clk

                     Capture       Launch     
        Clock Edge:+   10000            0     
       Src Latency:+       0            0     
       Net Latency:+       0 (I)        0 (I) 
           Arrival:=   10000            0     
                                              
             Setup:-      92                  
     Required Time:=    9908                  
      Launch Clock:-       0                  
         Data Path:-    3516                  
             Slack:=    6391                  

#----------------------------------------------------------------------------------------------------
#       Timing Point         Flags    Arc   Edge   Cell     Fanout Load Trans Delay Arrival Instance 
#                                                                  (fF)  (ps)  (ps)   (ps)  Location 
#----------------------------------------------------------------------------------------------------
  core/req_sync_q_reg[47]/CK -       -      R     (arrival)    265    -     0     0       0    (-,-) 
  core/req_sync_q_reg[47]/Q  (P)     CK->Q  F     DFFHQX1        2  0.8    32   202     202    (-,-) 
  core/g24472__1881/Y        -       A0->Y  R     AOI21X1        3  0.8    69    81     282    (-,-) 
  core/g24249__8428/Y        -       A->Y   F     NAND4XL        1  0.2   179   211     493    (-,-) 
  core/g24226__1705/Y        -       AN->Y  F     NAND4BX1       1  0.2   151   260     753    (-,-) 
  core/g24216__5107/Y        -       AN->Y  F     NAND2BX1       6  2.0   148   192     945    (-,-) 
  core/g24206__9315/Y        -       B->Y   R     NAND2BX1       2  0.8    54   104    1049    (-,-) 
  core/g24194__8246/Y        -       B->Y   F     NAND2X1        2  0.7    76    80    1129    (-,-) 
  core/g24190/Y              -       A->Y   R     INVX1          2  0.8    36    60    1189    (-,-) 
  core/g24167__5115/Y        -       A0->Y  F     OAI222X1       1  0.2   176   222    1411    (-,-) 
  core/g24156__3680/Y        -       B0->Y  R     AOI211XL       1  0.4   111   187    1597    (-,-) 
  core/g24145__6260/Y        -       C0->Y  F     OAI211X1       1  0.3   125   155    1752    (-,-) 
  core/g24139__1666/Y        -       C0->Y  R     AOI221X1       1  0.4   105   138    1890    (-,-) 
  core/g24135__9945/Y        -       B->Y   F     NAND2X1        6  1.7   132   138    2028    (-,-) 
  core/g24707__5122/Y        -       AN->Y  F     NOR2BX1        2  0.6    55   116    2145    (-,-) 
  core/g24121__8246/Y        -       B->Y   R     NAND2X1        7  2.6    81    72    2216    (-,-) 
  core/g24105__1666/Y        -       B1->Y  R     OA22X1         1  0.4    29   179    2396    (-,-) 
  core/g24085__5526/Y        -       C0->Y  F     OAI221X1       1  0.4   155   146    2542    (-,-) 
  core/g24076__6417/Y        -       A2->Y  R     OAI31X1        1  0.2    87   140    2682    (-,-) 
  core/g24073__2346/Y        -       A1N->Y R     OAI2BB1X1      1  0.2    33   149    2831    (-,-) 
  core/g24071__9945/Y        -       A1N->Y R     OAI2BB1X1      1  0.4    35   126    2957    (-,-) 
  core/g24059__1705/Y        -       A2->Y  F     AOI32X1        2  0.6   190   164    3121    (-,-) 
  core/g24045__6417/Y        -       B->Y   R     NAND2X1        3  0.8    61   128    3249    (-,-) 
  core/g24038__9945/Y        -       A->Y   R     AND2X1         8  2.0    57   155    3404    (-,-) 
  core/g24019__6260/Y        -       A0->Y  F     AOI21XL        1  0.3    89   113    3516    (-,-) 
  core/pending_q_reg[27]/D   -       -      F     DFFHQX1        1    -     -     0    3516    (-,-) 
#----------------------------------------------------------------------------------------------------

(P) : Instance is preserved



Path 43: MET (6391 ps) Setup Check with Pin core/pending_q_reg[15]/CK->D
          Group: clk
     Startpoint: (R) core/req_sync_q_reg[47]/CK
          Clock: (R) clk
       Endpoint: (F) core/pending_q_reg[15]/D
          Clock: (R) clk

                     Capture       Launch     
        Clock Edge:+   10000            0     
       Src Latency:+       0            0     
       Net Latency:+       0 (I)        0 (I) 
           Arrival:=   10000            0     
                                              
             Setup:-      92                  
     Required Time:=    9908                  
      Launch Clock:-       0                  
         Data Path:-    3516                  
             Slack:=    6391                  

#----------------------------------------------------------------------------------------------------
#       Timing Point         Flags    Arc   Edge   Cell     Fanout Load Trans Delay Arrival Instance 
#                                                                  (fF)  (ps)  (ps)   (ps)  Location 
#----------------------------------------------------------------------------------------------------
  core/req_sync_q_reg[47]/CK -       -      R     (arrival)    265    -     0     0       0    (-,-) 
  core/req_sync_q_reg[47]/Q  (P)     CK->Q  F     DFFHQX1        2  0.8    32   202     202    (-,-) 
  core/g24472__1881/Y        -       A0->Y  R     AOI21X1        3  0.8    69    81     282    (-,-) 
  core/g24249__8428/Y        -       A->Y   F     NAND4XL        1  0.2   179   211     493    (-,-) 
  core/g24226__1705/Y        -       AN->Y  F     NAND4BX1       1  0.2   151   260     753    (-,-) 
  core/g24216__5107/Y        -       AN->Y  F     NAND2BX1       6  2.0   148   192     945    (-,-) 
  core/g24206__9315/Y        -       B->Y   R     NAND2BX1       2  0.8    54   104    1049    (-,-) 
  core/g24194__8246/Y        -       B->Y   F     NAND2X1        2  0.7    76    80    1129    (-,-) 
  core/g24190/Y              -       A->Y   R     INVX1          2  0.8    36    60    1189    (-,-) 
  core/g24167__5115/Y        -       A0->Y  F     OAI222X1       1  0.2   176   222    1411    (-,-) 
  core/g24156__3680/Y        -       B0->Y  R     AOI211XL       1  0.4   111   187    1597    (-,-) 
  core/g24145__6260/Y        -       C0->Y  F     OAI211X1       1  0.3   125   155    1752    (-,-) 
  core/g24139__1666/Y        -       C0->Y  R     AOI221X1       1  0.4   105   138    1890    (-,-) 
  core/g24135__9945/Y        -       B->Y   F     NAND2X1        6  1.7   132   138    2028    (-,-) 
  core/g24707__5122/Y        -       AN->Y  F     NOR2BX1        2  0.6    55   116    2145    (-,-) 
  core/g24121__8246/Y        -       B->Y   R     NAND2X1        7  2.6    81    72    2216    (-,-) 
  core/g24105__1666/Y        -       B1->Y  R     OA22X1         1  0.4    29   179    2396    (-,-) 
  core/g24085__5526/Y        -       C0->Y  F     OAI221X1       1  0.4   155   146    2542    (-,-) 
  core/g24076__6417/Y        -       A2->Y  R     OAI31X1        1  0.2    87   140    2682    (-,-) 
  core/g24073__2346/Y        -       A1N->Y R     OAI2BB1X1      1  0.2    33   149    2831    (-,-) 
  core/g24071__9945/Y        -       A1N->Y R     OAI2BB1X1      1  0.4    35   126    2957    (-,-) 
  core/g24059__1705/Y        -       A2->Y  F     AOI32X1        2  0.6   190   164    3121    (-,-) 
  core/g24045__6417/Y        -       B->Y   R     NAND2X1        3  0.8    61   128    3249    (-,-) 
  core/g24038__9945/Y        -       A->Y   R     AND2X1         8  2.0    57   155    3404    (-,-) 
  core/g24015__6417/Y        -       A0->Y  F     AOI21XL        1  0.3    89   113    3516    (-,-) 
  core/pending_q_reg[15]/D   -       -      F     DFFHQX1        1    -     -     0    3516    (-,-) 
#----------------------------------------------------------------------------------------------------

(P) : Instance is preserved



Path 44: MET (6391 ps) Setup Check with Pin core/pending_q_reg[11]/CK->D
          Group: clk
     Startpoint: (R) core/req_sync_q_reg[47]/CK
          Clock: (R) clk
       Endpoint: (F) core/pending_q_reg[11]/D
          Clock: (R) clk

                     Capture       Launch     
        Clock Edge:+   10000            0     
       Src Latency:+       0            0     
       Net Latency:+       0 (I)        0 (I) 
           Arrival:=   10000            0     
                                              
             Setup:-      92                  
     Required Time:=    9908                  
      Launch Clock:-       0                  
         Data Path:-    3516                  
             Slack:=    6391                  

#----------------------------------------------------------------------------------------------------
#       Timing Point         Flags    Arc   Edge   Cell     Fanout Load Trans Delay Arrival Instance 
#                                                                  (fF)  (ps)  (ps)   (ps)  Location 
#----------------------------------------------------------------------------------------------------
  core/req_sync_q_reg[47]/CK -       -      R     (arrival)    265    -     0     0       0    (-,-) 
  core/req_sync_q_reg[47]/Q  (P)     CK->Q  F     DFFHQX1        2  0.8    32   202     202    (-,-) 
  core/g24472__1881/Y        -       A0->Y  R     AOI21X1        3  0.8    69    81     282    (-,-) 
  core/g24249__8428/Y        -       A->Y   F     NAND4XL        1  0.2   179   211     493    (-,-) 
  core/g24226__1705/Y        -       AN->Y  F     NAND4BX1       1  0.2   151   260     753    (-,-) 
  core/g24216__5107/Y        -       AN->Y  F     NAND2BX1       6  2.0   148   192     945    (-,-) 
  core/g24206__9315/Y        -       B->Y   R     NAND2BX1       2  0.8    54   104    1049    (-,-) 
  core/g24194__8246/Y        -       B->Y   F     NAND2X1        2  0.7    76    80    1129    (-,-) 
  core/g24190/Y              -       A->Y   R     INVX1          2  0.8    36    60    1189    (-,-) 
  core/g24167__5115/Y        -       A0->Y  F     OAI222X1       1  0.2   176   222    1411    (-,-) 
  core/g24156__3680/Y        -       B0->Y  R     AOI211XL       1  0.4   111   187    1597    (-,-) 
  core/g24145__6260/Y        -       C0->Y  F     OAI211X1       1  0.3   125   155    1752    (-,-) 
  core/g24139__1666/Y        -       C0->Y  R     AOI221X1       1  0.4   105   138    1890    (-,-) 
  core/g24135__9945/Y        -       B->Y   F     NAND2X1        6  1.7   132   138    2028    (-,-) 
  core/g24707__5122/Y        -       AN->Y  F     NOR2BX1        2  0.6    55   116    2145    (-,-) 
  core/g24121__8246/Y        -       B->Y   R     NAND2X1        7  2.6    81    72    2216    (-,-) 
  core/g24105__1666/Y        -       B1->Y  R     OA22X1         1  0.4    29   179    2396    (-,-) 
  core/g24085__5526/Y        -       C0->Y  F     OAI221X1       1  0.4   155   146    2542    (-,-) 
  core/g24076__6417/Y        -       A2->Y  R     OAI31X1        1  0.2    87   140    2682    (-,-) 
  core/g24073__2346/Y        -       A1N->Y R     OAI2BB1X1      1  0.2    33   149    2831    (-,-) 
  core/g24071__9945/Y        -       A1N->Y R     OAI2BB1X1      1  0.4    35   126    2957    (-,-) 
  core/g24059__1705/Y        -       A2->Y  F     AOI32X1        2  0.6   190   164    3121    (-,-) 
  core/g24045__6417/Y        -       B->Y   R     NAND2X1        3  0.8    61   128    3249    (-,-) 
  core/g24038__9945/Y        -       A->Y   R     AND2X1         8  2.0    57   155    3404    (-,-) 
  core/g24012__2346/Y        -       A0->Y  F     AOI21XL        1  0.3    89   113    3516    (-,-) 
  core/pending_q_reg[11]/D   -       -      F     DFFHQX1        1    -     -     0    3516    (-,-) 
#----------------------------------------------------------------------------------------------------

(P) : Instance is preserved



Path 45: MET (6393 ps) Setup Check with Pin core/pending_q_reg[18]/CK->D
          Group: clk
     Startpoint: (R) core/req_sync_q_reg[47]/CK
          Clock: (R) clk
       Endpoint: (R) core/pending_q_reg[18]/D
          Clock: (R) clk

                     Capture       Launch     
        Clock Edge:+   10000            0     
       Src Latency:+       0            0     
       Net Latency:+       0 (I)        0 (I) 
           Arrival:=   10000            0     
                                              
             Setup:-     136                  
     Required Time:=    9864                  
      Launch Clock:-       0                  
         Data Path:-    3471                  
             Slack:=    6393                  

#----------------------------------------------------------------------------------------------------
#       Timing Point         Flags    Arc   Edge   Cell     Fanout Load Trans Delay Arrival Instance 
#                                                                  (fF)  (ps)  (ps)   (ps)  Location 
#----------------------------------------------------------------------------------------------------
  core/req_sync_q_reg[47]/CK -       -      R     (arrival)    265    -     0     0       0    (-,-) 
  core/req_sync_q_reg[47]/Q  (P)     CK->Q  F     DFFHQX1        2  0.8    32   202     202    (-,-) 
  core/g24472__1881/Y        -       A0->Y  R     AOI21X1        3  0.8    69    81     282    (-,-) 
  core/g24249__8428/Y        -       A->Y   F     NAND4XL        1  0.2   179   211     493    (-,-) 
  core/g24226__1705/Y        -       AN->Y  F     NAND4BX1       1  0.2   151   260     753    (-,-) 
  core/g24216__5107/Y        -       AN->Y  F     NAND2BX1       6  2.0   148   192     945    (-,-) 
  core/g24206__9315/Y        -       B->Y   R     NAND2BX1       2  0.8    54   104    1049    (-,-) 
  core/g24194__8246/Y        -       B->Y   F     NAND2X1        2  0.7    76    80    1129    (-,-) 
  core/g24190/Y              -       A->Y   R     INVX1          2  0.8    36    60    1189    (-,-) 
  core/g24167__5115/Y        -       A0->Y  F     OAI222X1       1  0.2   176   222    1411    (-,-) 
  core/g24156__3680/Y        -       B0->Y  R     AOI211XL       1  0.4   111   187    1597    (-,-) 
  core/g24145__6260/Y        -       C0->Y  F     OAI211X1       1  0.3   125   155    1752    (-,-) 
  core/g24139__1666/Y        -       C0->Y  R     AOI221X1       1  0.4   105   138    1890    (-,-) 
  core/g24135__9945/Y        -       B->Y   F     NAND2X1        6  1.7   132   138    2028    (-,-) 
  core/g24707__5122/Y        -       AN->Y  F     NOR2BX1        2  0.6    55   116    2145    (-,-) 
  core/g24121__8246/Y        -       B->Y   R     NAND2X1        7  2.6    81    72    2216    (-,-) 
  core/g24105__1666/Y        -       B1->Y  R     OA22X1         1  0.4    29   179    2396    (-,-) 
  core/g24085__5526/Y        -       C0->Y  F     OAI221X1       1  0.4   155   146    2542    (-,-) 
  core/g24076__6417/Y        -       A2->Y  R     OAI31X1        1  0.2    87   140    2682    (-,-) 
  core/g24073__2346/Y        -       A1N->Y R     OAI2BB1X1      1  0.2    33   149    2831    (-,-) 
  core/g24071__9945/Y        -       A1N->Y R     OAI2BB1X1      1  0.4    35   126    2957    (-,-) 
  core/g24059__1705/Y        -       A2->Y  F     AOI32X1        2  0.6   190   164    3121    (-,-) 
  core/g24046__5477/Y        -       B->Y   R     NOR2X1         3  1.2    97   153    3274    (-,-) 
  core/g24041__2346/Y        -       C->Y   F     NOR3X1         8  2.0    93    99    3373    (-,-) 
  core/g23991__4319/Y        -       A1->Y  R     AOI21XL        1  0.3    63    98    3471    (-,-) 
  core/pending_q_reg[18]/D   -       -      R     DFFHQX1        1    -     -     0    3471    (-,-) 
#----------------------------------------------------------------------------------------------------

(P) : Instance is preserved



Path 46: MET (6393 ps) Setup Check with Pin core/pending_q_reg[6]/CK->D
          Group: clk
     Startpoint: (R) core/req_sync_q_reg[47]/CK
          Clock: (R) clk
       Endpoint: (R) core/pending_q_reg[6]/D
          Clock: (R) clk

                     Capture       Launch     
        Clock Edge:+   10000            0     
       Src Latency:+       0            0     
       Net Latency:+       0 (I)        0 (I) 
           Arrival:=   10000            0     
                                              
             Setup:-     136                  
     Required Time:=    9864                  
      Launch Clock:-       0                  
         Data Path:-    3471                  
             Slack:=    6393                  

#----------------------------------------------------------------------------------------------------
#       Timing Point         Flags    Arc   Edge   Cell     Fanout Load Trans Delay Arrival Instance 
#                                                                  (fF)  (ps)  (ps)   (ps)  Location 
#----------------------------------------------------------------------------------------------------
  core/req_sync_q_reg[47]/CK -       -      R     (arrival)    265    -     0     0       0    (-,-) 
  core/req_sync_q_reg[47]/Q  (P)     CK->Q  F     DFFHQX1        2  0.8    32   202     202    (-,-) 
  core/g24472__1881/Y        -       A0->Y  R     AOI21X1        3  0.8    69    81     282    (-,-) 
  core/g24249__8428/Y        -       A->Y   F     NAND4XL        1  0.2   179   211     493    (-,-) 
  core/g24226__1705/Y        -       AN->Y  F     NAND4BX1       1  0.2   151   260     753    (-,-) 
  core/g24216__5107/Y        -       AN->Y  F     NAND2BX1       6  2.0   148   192     945    (-,-) 
  core/g24206__9315/Y        -       B->Y   R     NAND2BX1       2  0.8    54   104    1049    (-,-) 
  core/g24194__8246/Y        -       B->Y   F     NAND2X1        2  0.7    76    80    1129    (-,-) 
  core/g24190/Y              -       A->Y   R     INVX1          2  0.8    36    60    1189    (-,-) 
  core/g24167__5115/Y        -       A0->Y  F     OAI222X1       1  0.2   176   222    1411    (-,-) 
  core/g24156__3680/Y        -       B0->Y  R     AOI211XL       1  0.4   111   187    1597    (-,-) 
  core/g24145__6260/Y        -       C0->Y  F     OAI211X1       1  0.3   125   155    1752    (-,-) 
  core/g24139__1666/Y        -       C0->Y  R     AOI221X1       1  0.4   105   138    1890    (-,-) 
  core/g24135__9945/Y        -       B->Y   F     NAND2X1        6  1.7   132   138    2028    (-,-) 
  core/g24707__5122/Y        -       AN->Y  F     NOR2BX1        2  0.6    55   116    2145    (-,-) 
  core/g24121__8246/Y        -       B->Y   R     NAND2X1        7  2.6    81    72    2216    (-,-) 
  core/g24105__1666/Y        -       B1->Y  R     OA22X1         1  0.4    29   179    2396    (-,-) 
  core/g24085__5526/Y        -       C0->Y  F     OAI221X1       1  0.4   155   146    2542    (-,-) 
  core/g24076__6417/Y        -       A2->Y  R     OAI31X1        1  0.2    87   140    2682    (-,-) 
  core/g24073__2346/Y        -       A1N->Y R     OAI2BB1X1      1  0.2    33   149    2831    (-,-) 
  core/g24071__9945/Y        -       A1N->Y R     OAI2BB1X1      1  0.4    35   126    2957    (-,-) 
  core/g24059__1705/Y        -       A2->Y  F     AOI32X1        2  0.6   190   164    3121    (-,-) 
  core/g24046__5477/Y        -       B->Y   R     NOR2X1         3  1.2    97   153    3274    (-,-) 
  core/g24041__2346/Y        -       C->Y   F     NOR3X1         8  2.0    93    99    3373    (-,-) 
  core/g23988__2398/Y        -       A1->Y  R     AOI21XL        1  0.3    63    98    3471    (-,-) 
  core/pending_q_reg[6]/D    -       -      R     DFFHQX1        1    -     -     0    3471    (-,-) 
#----------------------------------------------------------------------------------------------------

(P) : Instance is preserved



Path 47: MET (6393 ps) Setup Check with Pin core/pending_q_reg[22]/CK->D
          Group: clk
     Startpoint: (R) core/req_sync_q_reg[47]/CK
          Clock: (R) clk
       Endpoint: (R) core/pending_q_reg[22]/D
          Clock: (R) clk

                     Capture       Launch     
        Clock Edge:+   10000            0     
       Src Latency:+       0            0     
       Net Latency:+       0 (I)        0 (I) 
           Arrival:=   10000            0     
                                              
             Setup:-     136                  
     Required Time:=    9864                  
      Launch Clock:-       0                  
         Data Path:-    3471                  
             Slack:=    6393                  

#----------------------------------------------------------------------------------------------------
#       Timing Point         Flags    Arc   Edge   Cell     Fanout Load Trans Delay Arrival Instance 
#                                                                  (fF)  (ps)  (ps)   (ps)  Location 
#----------------------------------------------------------------------------------------------------
  core/req_sync_q_reg[47]/CK -       -      R     (arrival)    265    -     0     0       0    (-,-) 
  core/req_sync_q_reg[47]/Q  (P)     CK->Q  F     DFFHQX1        2  0.8    32   202     202    (-,-) 
  core/g24472__1881/Y        -       A0->Y  R     AOI21X1        3  0.8    69    81     282    (-,-) 
  core/g24249__8428/Y        -       A->Y   F     NAND4XL        1  0.2   179   211     493    (-,-) 
  core/g24226__1705/Y        -       AN->Y  F     NAND4BX1       1  0.2   151   260     753    (-,-) 
  core/g24216__5107/Y        -       AN->Y  F     NAND2BX1       6  2.0   148   192     945    (-,-) 
  core/g24206__9315/Y        -       B->Y   R     NAND2BX1       2  0.8    54   104    1049    (-,-) 
  core/g24194__8246/Y        -       B->Y   F     NAND2X1        2  0.7    76    80    1129    (-,-) 
  core/g24190/Y              -       A->Y   R     INVX1          2  0.8    36    60    1189    (-,-) 
  core/g24167__5115/Y        -       A0->Y  F     OAI222X1       1  0.2   176   222    1411    (-,-) 
  core/g24156__3680/Y        -       B0->Y  R     AOI211XL       1  0.4   111   187    1597    (-,-) 
  core/g24145__6260/Y        -       C0->Y  F     OAI211X1       1  0.3   125   155    1752    (-,-) 
  core/g24139__1666/Y        -       C0->Y  R     AOI221X1       1  0.4   105   138    1890    (-,-) 
  core/g24135__9945/Y        -       B->Y   F     NAND2X1        6  1.7   132   138    2028    (-,-) 
  core/g24707__5122/Y        -       AN->Y  F     NOR2BX1        2  0.6    55   116    2145    (-,-) 
  core/g24121__8246/Y        -       B->Y   R     NAND2X1        7  2.6    81    72    2216    (-,-) 
  core/g24105__1666/Y        -       B1->Y  R     OA22X1         1  0.4    29   179    2396    (-,-) 
  core/g24085__5526/Y        -       C0->Y  F     OAI221X1       1  0.4   155   146    2542    (-,-) 
  core/g24076__6417/Y        -       A2->Y  R     OAI31X1        1  0.2    87   140    2682    (-,-) 
  core/g24073__2346/Y        -       A1N->Y R     OAI2BB1X1      1  0.2    33   149    2831    (-,-) 
  core/g24071__9945/Y        -       A1N->Y R     OAI2BB1X1      1  0.4    35   126    2957    (-,-) 
  core/g24059__1705/Y        -       A2->Y  F     AOI32X1        2  0.6   190   164    3121    (-,-) 
  core/g24046__5477/Y        -       B->Y   R     NOR2X1         3  1.2    97   153    3274    (-,-) 
  core/g24041__2346/Y        -       C->Y   F     NOR3X1         8  2.0    93    99    3373    (-,-) 
  core/g23993__5526/Y        -       A1->Y  R     AOI21XL        1  0.3    62    98    3471    (-,-) 
  core/pending_q_reg[22]/D   -       -      R     DFFHQX1        1    -     -     0    3471    (-,-) 
#----------------------------------------------------------------------------------------------------

(P) : Instance is preserved



Path 48: MET (6393 ps) Setup Check with Pin core/pending_q_reg[2]/CK->D
          Group: clk
     Startpoint: (R) core/req_sync_q_reg[47]/CK
          Clock: (R) clk
       Endpoint: (R) core/pending_q_reg[2]/D
          Clock: (R) clk

                     Capture       Launch     
        Clock Edge:+   10000            0     
       Src Latency:+       0            0     
       Net Latency:+       0 (I)        0 (I) 
           Arrival:=   10000            0     
                                              
             Setup:-     136                  
     Required Time:=    9864                  
      Launch Clock:-       0                  
         Data Path:-    3471                  
             Slack:=    6393                  

#----------------------------------------------------------------------------------------------------
#       Timing Point         Flags    Arc   Edge   Cell     Fanout Load Trans Delay Arrival Instance 
#                                                                  (fF)  (ps)  (ps)   (ps)  Location 
#----------------------------------------------------------------------------------------------------
  core/req_sync_q_reg[47]/CK -       -      R     (arrival)    265    -     0     0       0    (-,-) 
  core/req_sync_q_reg[47]/Q  (P)     CK->Q  F     DFFHQX1        2  0.8    32   202     202    (-,-) 
  core/g24472__1881/Y        -       A0->Y  R     AOI21X1        3  0.8    69    81     282    (-,-) 
  core/g24249__8428/Y        -       A->Y   F     NAND4XL        1  0.2   179   211     493    (-,-) 
  core/g24226__1705/Y        -       AN->Y  F     NAND4BX1       1  0.2   151   260     753    (-,-) 
  core/g24216__5107/Y        -       AN->Y  F     NAND2BX1       6  2.0   148   192     945    (-,-) 
  core/g24206__9315/Y        -       B->Y   R     NAND2BX1       2  0.8    54   104    1049    (-,-) 
  core/g24194__8246/Y        -       B->Y   F     NAND2X1        2  0.7    76    80    1129    (-,-) 
  core/g24190/Y              -       A->Y   R     INVX1          2  0.8    36    60    1189    (-,-) 
  core/g24167__5115/Y        -       A0->Y  F     OAI222X1       1  0.2   176   222    1411    (-,-) 
  core/g24156__3680/Y        -       B0->Y  R     AOI211XL       1  0.4   111   187    1597    (-,-) 
  core/g24145__6260/Y        -       C0->Y  F     OAI211X1       1  0.3   125   155    1752    (-,-) 
  core/g24139__1666/Y        -       C0->Y  R     AOI221X1       1  0.4   105   138    1890    (-,-) 
  core/g24135__9945/Y        -       B->Y   F     NAND2X1        6  1.7   132   138    2028    (-,-) 
  core/g24707__5122/Y        -       AN->Y  F     NOR2BX1        2  0.6    55   116    2145    (-,-) 
  core/g24121__8246/Y        -       B->Y   R     NAND2X1        7  2.6    81    72    2216    (-,-) 
  core/g24105__1666/Y        -       B1->Y  R     OA22X1         1  0.4    29   179    2396    (-,-) 
  core/g24085__5526/Y        -       C0->Y  F     OAI221X1       1  0.4   155   146    2542    (-,-) 
  core/g24076__6417/Y        -       A2->Y  R     OAI31X1        1  0.2    87   140    2682    (-,-) 
  core/g24073__2346/Y        -       A1N->Y R     OAI2BB1X1      1  0.2    33   149    2831    (-,-) 
  core/g24071__9945/Y        -       A1N->Y R     OAI2BB1X1      1  0.4    35   126    2957    (-,-) 
  core/g24059__1705/Y        -       A2->Y  F     AOI32X1        2  0.6   190   164    3121    (-,-) 
  core/g24046__5477/Y        -       B->Y   R     NOR2X1         3  1.2    97   153    3274    (-,-) 
  core/g24041__2346/Y        -       C->Y   F     NOR3X1         8  2.0    93    99    3373    (-,-) 
  core/g24007__6161/Y        -       A1->Y  R     AOI21XL        1  0.3    62    98    3471    (-,-) 
  core/pending_q_reg[2]/D    -       -      R     DFFHQX1        1    -     -     0    3471    (-,-) 
#----------------------------------------------------------------------------------------------------

(P) : Instance is preserved



Path 49: MET (6394 ps) Setup Check with Pin core/pending_q_reg[16]/CK->D
          Group: clk
     Startpoint: (R) core/req_sync_q_reg[47]/CK
          Clock: (R) clk
       Endpoint: (R) core/pending_q_reg[16]/D
          Clock: (R) clk

                     Capture       Launch     
        Clock Edge:+   10000            0     
       Src Latency:+       0            0     
       Net Latency:+       0 (I)        0 (I) 
           Arrival:=   10000            0     
                                              
             Setup:-     135                  
     Required Time:=    9865                  
      Launch Clock:-       0                  
         Data Path:-    3471                  
             Slack:=    6394                  

#----------------------------------------------------------------------------------------------------
#       Timing Point         Flags    Arc   Edge   Cell     Fanout Load Trans Delay Arrival Instance 
#                                                                  (fF)  (ps)  (ps)   (ps)  Location 
#----------------------------------------------------------------------------------------------------
  core/req_sync_q_reg[47]/CK -       -      R     (arrival)    265    -     0     0       0    (-,-) 
  core/req_sync_q_reg[47]/Q  (P)     CK->Q  F     DFFHQX1        2  0.8    32   202     202    (-,-) 
  core/g24472__1881/Y        -       A0->Y  R     AOI21X1        3  0.8    69    81     282    (-,-) 
  core/g24249__8428/Y        -       A->Y   F     NAND4XL        1  0.2   179   211     493    (-,-) 
  core/g24226__1705/Y        -       AN->Y  F     NAND4BX1       1  0.2   151   260     753    (-,-) 
  core/g24216__5107/Y        -       AN->Y  F     NAND2BX1       6  2.0   148   192     945    (-,-) 
  core/g24206__9315/Y        -       B->Y   R     NAND2BX1       2  0.8    54   104    1049    (-,-) 
  core/g24194__8246/Y        -       B->Y   F     NAND2X1        2  0.7    76    80    1129    (-,-) 
  core/g24190/Y              -       A->Y   R     INVX1          2  0.8    36    60    1189    (-,-) 
  core/g24167__5115/Y        -       A0->Y  F     OAI222X1       1  0.2   176   222    1411    (-,-) 
  core/g24156__3680/Y        -       B0->Y  R     AOI211XL       1  0.4   111   187    1597    (-,-) 
  core/g24145__6260/Y        -       C0->Y  F     OAI211X1       1  0.3   125   155    1752    (-,-) 
  core/g24139__1666/Y        -       C0->Y  R     AOI221X1       1  0.4   105   138    1890    (-,-) 
  core/g24135__9945/Y        -       B->Y   F     NAND2X1        6  1.7   132   138    2028    (-,-) 
  core/g24707__5122/Y        -       AN->Y  F     NOR2BX1        2  0.6    55   116    2145    (-,-) 
  core/g24121__8246/Y        -       B->Y   R     NAND2X1        7  2.6    81    72    2216    (-,-) 
  core/g24105__1666/Y        -       B1->Y  R     OA22X1         1  0.4    29   179    2396    (-,-) 
  core/g24085__5526/Y        -       C0->Y  F     OAI221X1       1  0.4   155   146    2542    (-,-) 
  core/g24076__6417/Y        -       A2->Y  R     OAI31X1        1  0.2    87   140    2682    (-,-) 
  core/g24073__2346/Y        -       A1N->Y R     OAI2BB1X1      1  0.2    33   149    2831    (-,-) 
  core/g24071__9945/Y        -       A1N->Y R     OAI2BB1X1      1  0.4    35   126    2957    (-,-) 
  core/g24059__1705/Y        -       A2->Y  F     AOI32X1        2  0.6   190   164    3121    (-,-) 
  core/g24046__5477/Y        -       B->Y   R     NOR2X1         3  1.2    97   153    3274    (-,-) 
  core/g24041__2346/Y        -       C->Y   F     NOR3X1         8  2.0    93    99    3373    (-,-) 
  core/g23990__6260/Y        -       A1->Y  R     AOI21XL        1  0.3    62    98    3471    (-,-) 
  core/pending_q_reg[16]/D   -       -      R     DFFHQX1        1    -     -     0    3471    (-,-) 
#----------------------------------------------------------------------------------------------------

(P) : Instance is preserved



Path 50: MET (6394 ps) Setup Check with Pin core/pending_q_reg[0]/CK->D
          Group: clk
     Startpoint: (R) core/req_sync_q_reg[47]/CK
          Clock: (R) clk
       Endpoint: (R) core/pending_q_reg[0]/D
          Clock: (R) clk

                     Capture       Launch     
        Clock Edge:+   10000            0     
       Src Latency:+       0            0     
       Net Latency:+       0 (I)        0 (I) 
           Arrival:=   10000            0     
                                              
             Setup:-     135                  
     Required Time:=    9865                  
      Launch Clock:-       0                  
         Data Path:-    3471                  
             Slack:=    6394                  

#----------------------------------------------------------------------------------------------------
#       Timing Point         Flags    Arc   Edge   Cell     Fanout Load Trans Delay Arrival Instance 
#                                                                  (fF)  (ps)  (ps)   (ps)  Location 
#----------------------------------------------------------------------------------------------------
  core/req_sync_q_reg[47]/CK -       -      R     (arrival)    265    -     0     0       0    (-,-) 
  core/req_sync_q_reg[47]/Q  (P)     CK->Q  F     DFFHQX1        2  0.8    32   202     202    (-,-) 
  core/g24472__1881/Y        -       A0->Y  R     AOI21X1        3  0.8    69    81     282    (-,-) 
  core/g24249__8428/Y        -       A->Y   F     NAND4XL        1  0.2   179   211     493    (-,-) 
  core/g24226__1705/Y        -       AN->Y  F     NAND4BX1       1  0.2   151   260     753    (-,-) 
  core/g24216__5107/Y        -       AN->Y  F     NAND2BX1       6  2.0   148   192     945    (-,-) 
  core/g24206__9315/Y        -       B->Y   R     NAND2BX1       2  0.8    54   104    1049    (-,-) 
  core/g24194__8246/Y        -       B->Y   F     NAND2X1        2  0.7    76    80    1129    (-,-) 
  core/g24190/Y              -       A->Y   R     INVX1          2  0.8    36    60    1189    (-,-) 
  core/g24167__5115/Y        -       A0->Y  F     OAI222X1       1  0.2   176   222    1411    (-,-) 
  core/g24156__3680/Y        -       B0->Y  R     AOI211XL       1  0.4   111   187    1597    (-,-) 
  core/g24145__6260/Y        -       C0->Y  F     OAI211X1       1  0.3   125   155    1752    (-,-) 
  core/g24139__1666/Y        -       C0->Y  R     AOI221X1       1  0.4   105   138    1890    (-,-) 
  core/g24135__9945/Y        -       B->Y   F     NAND2X1        6  1.7   132   138    2028    (-,-) 
  core/g24707__5122/Y        -       AN->Y  F     NOR2BX1        2  0.6    55   116    2145    (-,-) 
  core/g24121__8246/Y        -       B->Y   R     NAND2X1        7  2.6    81    72    2216    (-,-) 
  core/g24105__1666/Y        -       B1->Y  R     OA22X1         1  0.4    29   179    2396    (-,-) 
  core/g24085__5526/Y        -       C0->Y  F     OAI221X1       1  0.4   155   146    2542    (-,-) 
  core/g24076__6417/Y        -       A2->Y  R     OAI31X1        1  0.2    87   140    2682    (-,-) 
  core/g24073__2346/Y        -       A1N->Y R     OAI2BB1X1      1  0.2    33   149    2831    (-,-) 
  core/g24071__9945/Y        -       A1N->Y R     OAI2BB1X1      1  0.4    35   126    2957    (-,-) 
  core/g24059__1705/Y        -       A2->Y  F     AOI32X1        2  0.6   190   164    3121    (-,-) 
  core/g24046__5477/Y        -       B->Y   R     NOR2X1         3  1.2    97   153    3274    (-,-) 
  core/g24041__2346/Y        -       C->Y   F     NOR3X1         8  2.0    93    99    3373    (-,-) 
  core/g23986__6417/Y        -       A1->Y  R     AOI21XL        1  0.3    62    98    3471    (-,-) 
  core/pending_q_reg[0]/D    -       -      R     DFFHQX1        1    -     -     0    3471    (-,-) 
#----------------------------------------------------------------------------------------------------

(P) : Instance is preserved



Path 51: MET (6395 ps) Setup Check with Pin core/pending_q_reg[20]/CK->D
          Group: clk
     Startpoint: (R) core/req_sync_q_reg[47]/CK
          Clock: (R) clk
       Endpoint: (R) core/pending_q_reg[20]/D
          Clock: (R) clk

                     Capture       Launch     
        Clock Edge:+   10000            0     
       Src Latency:+       0            0     
       Net Latency:+       0 (I)        0 (I) 
           Arrival:=   10000            0     
                                              
             Setup:-     133                  
     Required Time:=    9867                  
      Launch Clock:-       0                  
         Data Path:-    3472                  
             Slack:=    6395                  

#----------------------------------------------------------------------------------------------------
#       Timing Point         Flags    Arc   Edge   Cell     Fanout Load Trans Delay Arrival Instance 
#                                                                  (fF)  (ps)  (ps)   (ps)  Location 
#----------------------------------------------------------------------------------------------------
  core/req_sync_q_reg[47]/CK -       -      R     (arrival)    265    -     0     0       0    (-,-) 
  core/req_sync_q_reg[47]/Q  (P)     CK->Q  F     DFFHQX1        2  0.8    32   202     202    (-,-) 
  core/g24472__1881/Y        -       A0->Y  R     AOI21X1        3  0.8    69    81     282    (-,-) 
  core/g24249__8428/Y        -       A->Y   F     NAND4XL        1  0.2   179   211     493    (-,-) 
  core/g24226__1705/Y        -       AN->Y  F     NAND4BX1       1  0.2   151   260     753    (-,-) 
  core/g24216__5107/Y        -       AN->Y  F     NAND2BX1       6  2.0   148   192     945    (-,-) 
  core/g24206__9315/Y        -       B->Y   R     NAND2BX1       2  0.8    54   104    1049    (-,-) 
  core/g24194__8246/Y        -       B->Y   F     NAND2X1        2  0.7    76    80    1129    (-,-) 
  core/g24190/Y              -       A->Y   R     INVX1          2  0.8    36    60    1189    (-,-) 
  core/g24167__5115/Y        -       A0->Y  F     OAI222X1       1  0.2   176   222    1411    (-,-) 
  core/g24156__3680/Y        -       B0->Y  R     AOI211XL       1  0.4   111   187    1597    (-,-) 
  core/g24145__6260/Y        -       C0->Y  F     OAI211X1       1  0.3   125   155    1752    (-,-) 
  core/g24139__1666/Y        -       C0->Y  R     AOI221X1       1  0.4   105   138    1890    (-,-) 
  core/g24135__9945/Y        -       B->Y   F     NAND2X1        6  1.7   132   138    2028    (-,-) 
  core/g24707__5122/Y        -       AN->Y  F     NOR2BX1        2  0.6    55   116    2145    (-,-) 
  core/g24121__8246/Y        -       B->Y   R     NAND2X1        7  2.6    81    72    2216    (-,-) 
  core/g24105__1666/Y        -       B1->Y  R     OA22X1         1  0.4    29   179    2396    (-,-) 
  core/g24085__5526/Y        -       C0->Y  F     OAI221X1       1  0.4   155   146    2542    (-,-) 
  core/g24076__6417/Y        -       A2->Y  R     OAI31X1        1  0.2    87   140    2682    (-,-) 
  core/g24073__2346/Y        -       A1N->Y R     OAI2BB1X1      1  0.2    33   149    2831    (-,-) 
  core/g24071__9945/Y        -       A1N->Y R     OAI2BB1X1      1  0.4    35   126    2957    (-,-) 
  core/g24059__1705/Y        -       A2->Y  F     AOI32X1        2  0.6   190   164    3121    (-,-) 
  core/g24046__5477/Y        -       B->Y   R     NOR2X1         3  1.2    97   153    3274    (-,-) 
  core/g24041__2346/Y        -       C->Y   F     NOR3X1         8  2.0    93    99    3373    (-,-) 
  core/g23992__8428/Y        -       A0->Y  R     AOI21X1        1  0.3    57   100    3472    (-,-) 
  core/pending_q_reg[20]/D   -       -      R     DFFHQX1        1    -     -     0    3472    (-,-) 
#----------------------------------------------------------------------------------------------------

(P) : Instance is preserved



Path 52: MET (6395 ps) Setup Check with Pin core/pending_q_reg[4]/CK->D
          Group: clk
     Startpoint: (R) core/req_sync_q_reg[47]/CK
          Clock: (R) clk
       Endpoint: (R) core/pending_q_reg[4]/D
          Clock: (R) clk

                     Capture       Launch     
        Clock Edge:+   10000            0     
       Src Latency:+       0            0     
       Net Latency:+       0 (I)        0 (I) 
           Arrival:=   10000            0     
                                              
             Setup:-     133                  
     Required Time:=    9867                  
      Launch Clock:-       0                  
         Data Path:-    3472                  
             Slack:=    6395                  

#----------------------------------------------------------------------------------------------------
#       Timing Point         Flags    Arc   Edge   Cell     Fanout Load Trans Delay Arrival Instance 
#                                                                  (fF)  (ps)  (ps)   (ps)  Location 
#----------------------------------------------------------------------------------------------------
  core/req_sync_q_reg[47]/CK -       -      R     (arrival)    265    -     0     0       0    (-,-) 
  core/req_sync_q_reg[47]/Q  (P)     CK->Q  F     DFFHQX1        2  0.8    32   202     202    (-,-) 
  core/g24472__1881/Y        -       A0->Y  R     AOI21X1        3  0.8    69    81     282    (-,-) 
  core/g24249__8428/Y        -       A->Y   F     NAND4XL        1  0.2   179   211     493    (-,-) 
  core/g24226__1705/Y        -       AN->Y  F     NAND4BX1       1  0.2   151   260     753    (-,-) 
  core/g24216__5107/Y        -       AN->Y  F     NAND2BX1       6  2.0   148   192     945    (-,-) 
  core/g24206__9315/Y        -       B->Y   R     NAND2BX1       2  0.8    54   104    1049    (-,-) 
  core/g24194__8246/Y        -       B->Y   F     NAND2X1        2  0.7    76    80    1129    (-,-) 
  core/g24190/Y              -       A->Y   R     INVX1          2  0.8    36    60    1189    (-,-) 
  core/g24167__5115/Y        -       A0->Y  F     OAI222X1       1  0.2   176   222    1411    (-,-) 
  core/g24156__3680/Y        -       B0->Y  R     AOI211XL       1  0.4   111   187    1597    (-,-) 
  core/g24145__6260/Y        -       C0->Y  F     OAI211X1       1  0.3   125   155    1752    (-,-) 
  core/g24139__1666/Y        -       C0->Y  R     AOI221X1       1  0.4   105   138    1890    (-,-) 
  core/g24135__9945/Y        -       B->Y   F     NAND2X1        6  1.7   132   138    2028    (-,-) 
  core/g24707__5122/Y        -       AN->Y  F     NOR2BX1        2  0.6    55   116    2145    (-,-) 
  core/g24121__8246/Y        -       B->Y   R     NAND2X1        7  2.6    81    72    2216    (-,-) 
  core/g24105__1666/Y        -       B1->Y  R     OA22X1         1  0.4    29   179    2396    (-,-) 
  core/g24085__5526/Y        -       C0->Y  F     OAI221X1       1  0.4   155   146    2542    (-,-) 
  core/g24076__6417/Y        -       A2->Y  R     OAI31X1        1  0.2    87   140    2682    (-,-) 
  core/g24073__2346/Y        -       A1N->Y R     OAI2BB1X1      1  0.2    33   149    2831    (-,-) 
  core/g24071__9945/Y        -       A1N->Y R     OAI2BB1X1      1  0.4    35   126    2957    (-,-) 
  core/g24059__1705/Y        -       A2->Y  F     AOI32X1        2  0.6   190   164    3121    (-,-) 
  core/g24046__5477/Y        -       B->Y   R     NOR2X1         3  1.2    97   153    3274    (-,-) 
  core/g24041__2346/Y        -       C->Y   F     NOR3X1         8  2.0    93    99    3373    (-,-) 
  core/g23987__5477/Y        -       A0->Y  R     AOI21X1        1  0.3    57   100    3472    (-,-) 
  core/pending_q_reg[4]/D    -       -      R     DFFHQX1        1    -     -     0    3472    (-,-) 
#----------------------------------------------------------------------------------------------------

(P) : Instance is preserved



Path 53: MET (6397 ps) Setup Check with Pin core/pending_q_reg[34]/CK->D
          Group: clk
     Startpoint: (R) core/req_sync_q_reg[47]/CK
          Clock: (R) clk
       Endpoint: (R) core/pending_q_reg[34]/D
          Clock: (R) clk

                     Capture       Launch     
        Clock Edge:+   10000            0     
       Src Latency:+       0            0     
       Net Latency:+       0 (I)        0 (I) 
           Arrival:=   10000            0     
                                              
             Setup:-     136                  
     Required Time:=    9864                  
      Launch Clock:-       0                  
         Data Path:-    3466                  
             Slack:=    6397                  

#----------------------------------------------------------------------------------------------------
#       Timing Point         Flags    Arc   Edge   Cell     Fanout Load Trans Delay Arrival Instance 
#                                                                  (fF)  (ps)  (ps)   (ps)  Location 
#----------------------------------------------------------------------------------------------------
  core/req_sync_q_reg[47]/CK -       -      R     (arrival)    265    -     0     0       0    (-,-) 
  core/req_sync_q_reg[47]/Q  (P)     CK->Q  F     DFFHQX1        2  0.8    32   202     202    (-,-) 
  core/g24472__1881/Y        -       A0->Y  R     AOI21X1        3  0.8    69    81     282    (-,-) 
  core/g24249__8428/Y        -       A->Y   F     NAND4XL        1  0.2   179   211     493    (-,-) 
  core/g24226__1705/Y        -       AN->Y  F     NAND4BX1       1  0.2   151   260     753    (-,-) 
  core/g24216__5107/Y        -       AN->Y  F     NAND2BX1       6  2.0   148   192     945    (-,-) 
  core/g24206__9315/Y        -       B->Y   R     NAND2BX1       2  0.8    54   104    1049    (-,-) 
  core/g24194__8246/Y        -       B->Y   F     NAND2X1        2  0.7    76    80    1129    (-,-) 
  core/g24190/Y              -       A->Y   R     INVX1          2  0.8    36    60    1189    (-,-) 
  core/g24167__5115/Y        -       A0->Y  F     OAI222X1       1  0.2   176   222    1411    (-,-) 
  core/g24156__3680/Y        -       B0->Y  R     AOI211XL       1  0.4   111   187    1597    (-,-) 
  core/g24145__6260/Y        -       C0->Y  F     OAI211X1       1  0.3   125   155    1752    (-,-) 
  core/g24139__1666/Y        -       C0->Y  R     AOI221X1       1  0.4   105   138    1890    (-,-) 
  core/g24135__9945/Y        -       B->Y   F     NAND2X1        6  1.7   132   138    2028    (-,-) 
  core/g24707__5122/Y        -       AN->Y  F     NOR2BX1        2  0.6    55   116    2145    (-,-) 
  core/g24121__8246/Y        -       B->Y   R     NAND2X1        7  2.6    81    72    2216    (-,-) 
  core/g24105__1666/Y        -       B1->Y  R     OA22X1         1  0.4    29   179    2396    (-,-) 
  core/g24085__5526/Y        -       C0->Y  F     OAI221X1       1  0.4   155   146    2542    (-,-) 
  core/g24076__6417/Y        -       A2->Y  R     OAI31X1        1  0.2    87   140    2682    (-,-) 
  core/g24073__2346/Y        -       A1N->Y R     OAI2BB1X1      1  0.2    33   149    2831    (-,-) 
  core/g24071__9945/Y        -       A1N->Y R     OAI2BB1X1      1  0.4    35   126    2957    (-,-) 
  core/g24059__1705/Y        -       A2->Y  F     AOI32X1        2  0.6   190   164    3121    (-,-) 
  core/g24046__5477/Y        -       B->Y   R     NOR2X1         3  1.2    97   153    3274    (-,-) 
  core/g24043__7410/Y        -       C->Y   F     NOR3X1         8  2.0    84    99    3373    (-,-) 
  core/g23996__1617/Y        -       A1->Y  R     AOI21XL        1  0.3    63    94    3466    (-,-) 
  core/pending_q_reg[34]/D   -       -      R     DFFHQX1        1    -     -     0    3466    (-,-) 
#----------------------------------------------------------------------------------------------------

(P) : Instance is preserved



Path 54: MET (6398 ps) Setup Check with Pin core/pending_q_reg[54]/CK->D
          Group: clk
     Startpoint: (R) core/req_sync_q_reg[47]/CK
          Clock: (R) clk
       Endpoint: (R) core/pending_q_reg[54]/D
          Clock: (R) clk

                     Capture       Launch     
        Clock Edge:+   10000            0     
       Src Latency:+       0            0     
       Net Latency:+       0 (I)        0 (I) 
           Arrival:=   10000            0     
                                              
             Setup:-     136                  
     Required Time:=    9864                  
      Launch Clock:-       0                  
         Data Path:-    3466                  
             Slack:=    6398                  

#----------------------------------------------------------------------------------------------------
#       Timing Point         Flags    Arc   Edge   Cell     Fanout Load Trans Delay Arrival Instance 
#                                                                  (fF)  (ps)  (ps)   (ps)  Location 
#----------------------------------------------------------------------------------------------------
  core/req_sync_q_reg[47]/CK -       -      R     (arrival)    265    -     0     0       0    (-,-) 
  core/req_sync_q_reg[47]/Q  (P)     CK->Q  F     DFFHQX1        2  0.8    32   202     202    (-,-) 
  core/g24472__1881/Y        -       A0->Y  R     AOI21X1        3  0.8    69    81     282    (-,-) 
  core/g24249__8428/Y        -       A->Y   F     NAND4XL        1  0.2   179   211     493    (-,-) 
  core/g24226__1705/Y        -       AN->Y  F     NAND4BX1       1  0.2   151   260     753    (-,-) 
  core/g24216__5107/Y        -       AN->Y  F     NAND2BX1       6  2.0   148   192     945    (-,-) 
  core/g24206__9315/Y        -       B->Y   R     NAND2BX1       2  0.8    54   104    1049    (-,-) 
  core/g24194__8246/Y        -       B->Y   F     NAND2X1        2  0.7    76    80    1129    (-,-) 
  core/g24190/Y              -       A->Y   R     INVX1          2  0.8    36    60    1189    (-,-) 
  core/g24167__5115/Y        -       A0->Y  F     OAI222X1       1  0.2   176   222    1411    (-,-) 
  core/g24156__3680/Y        -       B0->Y  R     AOI211XL       1  0.4   111   187    1597    (-,-) 
  core/g24145__6260/Y        -       C0->Y  F     OAI211X1       1  0.3   125   155    1752    (-,-) 
  core/g24139__1666/Y        -       C0->Y  R     AOI221X1       1  0.4   105   138    1890    (-,-) 
  core/g24135__9945/Y        -       B->Y   F     NAND2X1        6  1.7   132   138    2028    (-,-) 
  core/g24707__5122/Y        -       AN->Y  F     NOR2BX1        2  0.6    55   116    2145    (-,-) 
  core/g24121__8246/Y        -       B->Y   R     NAND2X1        7  2.6    81    72    2216    (-,-) 
  core/g24105__1666/Y        -       B1->Y  R     OA22X1         1  0.4    29   179    2396    (-,-) 
  core/g24085__5526/Y        -       C0->Y  F     OAI221X1       1  0.4   155   146    2542    (-,-) 
  core/g24076__6417/Y        -       A2->Y  R     OAI31X1        1  0.2    87   140    2682    (-,-) 
  core/g24073__2346/Y        -       A1N->Y R     OAI2BB1X1      1  0.2    33   149    2831    (-,-) 
  core/g24071__9945/Y        -       A1N->Y R     OAI2BB1X1      1  0.4    35   126    2957    (-,-) 
  core/g24059__1705/Y        -       A2->Y  F     AOI32X1        2  0.6   190   164    3121    (-,-) 
  core/g24046__5477/Y        -       B->Y   R     NOR2X1         3  1.2    97   153    3274    (-,-) 
  core/g24043__7410/Y        -       C->Y   F     NOR3X1         8  2.0    84    99    3373    (-,-) 
  core/g24004__5115/Y        -       A1->Y  R     AOI21XL        1  0.3    63    94    3466    (-,-) 
  core/pending_q_reg[54]/D   -       -      R     DFFHQX1        1    -     -     0    3466    (-,-) 
#----------------------------------------------------------------------------------------------------

(P) : Instance is preserved



Path 55: MET (6398 ps) Setup Check with Pin core/pending_q_reg[50]/CK->D
          Group: clk
     Startpoint: (R) core/req_sync_q_reg[47]/CK
          Clock: (R) clk
       Endpoint: (R) core/pending_q_reg[50]/D
          Clock: (R) clk

                     Capture       Launch     
        Clock Edge:+   10000            0     
       Src Latency:+       0            0     
       Net Latency:+       0 (I)        0 (I) 
           Arrival:=   10000            0     
                                              
             Setup:-     136                  
     Required Time:=    9864                  
      Launch Clock:-       0                  
         Data Path:-    3466                  
             Slack:=    6398                  

#----------------------------------------------------------------------------------------------------
#       Timing Point         Flags    Arc   Edge   Cell     Fanout Load Trans Delay Arrival Instance 
#                                                                  (fF)  (ps)  (ps)   (ps)  Location 
#----------------------------------------------------------------------------------------------------
  core/req_sync_q_reg[47]/CK -       -      R     (arrival)    265    -     0     0       0    (-,-) 
  core/req_sync_q_reg[47]/Q  (P)     CK->Q  F     DFFHQX1        2  0.8    32   202     202    (-,-) 
  core/g24472__1881/Y        -       A0->Y  R     AOI21X1        3  0.8    69    81     282    (-,-) 
  core/g24249__8428/Y        -       A->Y   F     NAND4XL        1  0.2   179   211     493    (-,-) 
  core/g24226__1705/Y        -       AN->Y  F     NAND4BX1       1  0.2   151   260     753    (-,-) 
  core/g24216__5107/Y        -       AN->Y  F     NAND2BX1       6  2.0   148   192     945    (-,-) 
  core/g24206__9315/Y        -       B->Y   R     NAND2BX1       2  0.8    54   104    1049    (-,-) 
  core/g24194__8246/Y        -       B->Y   F     NAND2X1        2  0.7    76    80    1129    (-,-) 
  core/g24190/Y              -       A->Y   R     INVX1          2  0.8    36    60    1189    (-,-) 
  core/g24167__5115/Y        -       A0->Y  F     OAI222X1       1  0.2   176   222    1411    (-,-) 
  core/g24156__3680/Y        -       B0->Y  R     AOI211XL       1  0.4   111   187    1597    (-,-) 
  core/g24145__6260/Y        -       C0->Y  F     OAI211X1       1  0.3   125   155    1752    (-,-) 
  core/g24139__1666/Y        -       C0->Y  R     AOI221X1       1  0.4   105   138    1890    (-,-) 
  core/g24135__9945/Y        -       B->Y   F     NAND2X1        6  1.7   132   138    2028    (-,-) 
  core/g24707__5122/Y        -       AN->Y  F     NOR2BX1        2  0.6    55   116    2145    (-,-) 
  core/g24121__8246/Y        -       B->Y   R     NAND2X1        7  2.6    81    72    2216    (-,-) 
  core/g24105__1666/Y        -       B1->Y  R     OA22X1         1  0.4    29   179    2396    (-,-) 
  core/g24085__5526/Y        -       C0->Y  F     OAI221X1       1  0.4   155   146    2542    (-,-) 
  core/g24076__6417/Y        -       A2->Y  R     OAI31X1        1  0.2    87   140    2682    (-,-) 
  core/g24073__2346/Y        -       A1N->Y R     OAI2BB1X1      1  0.2    33   149    2831    (-,-) 
  core/g24071__9945/Y        -       A1N->Y R     OAI2BB1X1      1  0.4    35   126    2957    (-,-) 
  core/g24059__1705/Y        -       A2->Y  F     AOI32X1        2  0.6   190   164    3121    (-,-) 
  core/g24046__5477/Y        -       B->Y   R     NOR2X1         3  1.2    97   153    3274    (-,-) 
  core/g24043__7410/Y        -       C->Y   F     NOR3X1         8  2.0    84    99    3373    (-,-) 
  core/g24002__6131/Y        -       A1->Y  R     AOI21XL        1  0.3    63    94    3466    (-,-) 
  core/pending_q_reg[50]/D   -       -      R     DFFHQX1        1    -     -     0    3466    (-,-) 
#----------------------------------------------------------------------------------------------------

(P) : Instance is preserved



Path 56: MET (6398 ps) Setup Check with Pin core/pending_q_reg[38]/CK->D
          Group: clk
     Startpoint: (R) core/req_sync_q_reg[47]/CK
          Clock: (R) clk
       Endpoint: (R) core/pending_q_reg[38]/D
          Clock: (R) clk

                     Capture       Launch     
        Clock Edge:+   10000            0     
       Src Latency:+       0            0     
       Net Latency:+       0 (I)        0 (I) 
           Arrival:=   10000            0     
                                              
             Setup:-     136                  
     Required Time:=    9864                  
      Launch Clock:-       0                  
         Data Path:-    3466                  
             Slack:=    6398                  

#----------------------------------------------------------------------------------------------------
#       Timing Point         Flags    Arc   Edge   Cell     Fanout Load Trans Delay Arrival Instance 
#                                                                  (fF)  (ps)  (ps)   (ps)  Location 
#----------------------------------------------------------------------------------------------------
  core/req_sync_q_reg[47]/CK -       -      R     (arrival)    265    -     0     0       0    (-,-) 
  core/req_sync_q_reg[47]/Q  (P)     CK->Q  F     DFFHQX1        2  0.8    32   202     202    (-,-) 
  core/g24472__1881/Y        -       A0->Y  R     AOI21X1        3  0.8    69    81     282    (-,-) 
  core/g24249__8428/Y        -       A->Y   F     NAND4XL        1  0.2   179   211     493    (-,-) 
  core/g24226__1705/Y        -       AN->Y  F     NAND4BX1       1  0.2   151   260     753    (-,-) 
  core/g24216__5107/Y        -       AN->Y  F     NAND2BX1       6  2.0   148   192     945    (-,-) 
  core/g24206__9315/Y        -       B->Y   R     NAND2BX1       2  0.8    54   104    1049    (-,-) 
  core/g24194__8246/Y        -       B->Y   F     NAND2X1        2  0.7    76    80    1129    (-,-) 
  core/g24190/Y              -       A->Y   R     INVX1          2  0.8    36    60    1189    (-,-) 
  core/g24167__5115/Y        -       A0->Y  F     OAI222X1       1  0.2   176   222    1411    (-,-) 
  core/g24156__3680/Y        -       B0->Y  R     AOI211XL       1  0.4   111   187    1597    (-,-) 
  core/g24145__6260/Y        -       C0->Y  F     OAI211X1       1  0.3   125   155    1752    (-,-) 
  core/g24139__1666/Y        -       C0->Y  R     AOI221X1       1  0.4   105   138    1890    (-,-) 
  core/g24135__9945/Y        -       B->Y   F     NAND2X1        6  1.7   132   138    2028    (-,-) 
  core/g24707__5122/Y        -       AN->Y  F     NOR2BX1        2  0.6    55   116    2145    (-,-) 
  core/g24121__8246/Y        -       B->Y   R     NAND2X1        7  2.6    81    72    2216    (-,-) 
  core/g24105__1666/Y        -       B1->Y  R     OA22X1         1  0.4    29   179    2396    (-,-) 
  core/g24085__5526/Y        -       C0->Y  F     OAI221X1       1  0.4   155   146    2542    (-,-) 
  core/g24076__6417/Y        -       A2->Y  R     OAI31X1        1  0.2    87   140    2682    (-,-) 
  core/g24073__2346/Y        -       A1N->Y R     OAI2BB1X1      1  0.2    33   149    2831    (-,-) 
  core/g24071__9945/Y        -       A1N->Y R     OAI2BB1X1      1  0.4    35   126    2957    (-,-) 
  core/g24059__1705/Y        -       A2->Y  F     AOI32X1        2  0.6   190   164    3121    (-,-) 
  core/g24046__5477/Y        -       B->Y   R     NOR2X1         3  1.2    97   153    3274    (-,-) 
  core/g24043__7410/Y        -       C->Y   F     NOR3X1         8  2.0    84    99    3373    (-,-) 
  core/g23998__1705/Y        -       A1->Y  R     AOI21XL        1  0.3    62    94    3466    (-,-) 
  core/pending_q_reg[38]/D   -       -      R     DFFHQX1        1    -     -     0    3466    (-,-) 
#----------------------------------------------------------------------------------------------------

(P) : Instance is preserved



Path 57: MET (6398 ps) Setup Check with Pin core/pending_q_reg[48]/CK->D
          Group: clk
     Startpoint: (R) core/req_sync_q_reg[47]/CK
          Clock: (R) clk
       Endpoint: (R) core/pending_q_reg[48]/D
          Clock: (R) clk

                     Capture       Launch     
        Clock Edge:+   10000            0     
       Src Latency:+       0            0     
       Net Latency:+       0 (I)        0 (I) 
           Arrival:=   10000            0     
                                              
             Setup:-     135                  
     Required Time:=    9865                  
      Launch Clock:-       0                  
         Data Path:-    3466                  
             Slack:=    6398                  

#----------------------------------------------------------------------------------------------------
#       Timing Point         Flags    Arc   Edge   Cell     Fanout Load Trans Delay Arrival Instance 
#                                                                  (fF)  (ps)  (ps)   (ps)  Location 
#----------------------------------------------------------------------------------------------------
  core/req_sync_q_reg[47]/CK -       -      R     (arrival)    265    -     0     0       0    (-,-) 
  core/req_sync_q_reg[47]/Q  (P)     CK->Q  F     DFFHQX1        2  0.8    32   202     202    (-,-) 
  core/g24472__1881/Y        -       A0->Y  R     AOI21X1        3  0.8    69    81     282    (-,-) 
  core/g24249__8428/Y        -       A->Y   F     NAND4XL        1  0.2   179   211     493    (-,-) 
  core/g24226__1705/Y        -       AN->Y  F     NAND4BX1       1  0.2   151   260     753    (-,-) 
  core/g24216__5107/Y        -       AN->Y  F     NAND2BX1       6  2.0   148   192     945    (-,-) 
  core/g24206__9315/Y        -       B->Y   R     NAND2BX1       2  0.8    54   104    1049    (-,-) 
  core/g24194__8246/Y        -       B->Y   F     NAND2X1        2  0.7    76    80    1129    (-,-) 
  core/g24190/Y              -       A->Y   R     INVX1          2  0.8    36    60    1189    (-,-) 
  core/g24167__5115/Y        -       A0->Y  F     OAI222X1       1  0.2   176   222    1411    (-,-) 
  core/g24156__3680/Y        -       B0->Y  R     AOI211XL       1  0.4   111   187    1597    (-,-) 
  core/g24145__6260/Y        -       C0->Y  F     OAI211X1       1  0.3   125   155    1752    (-,-) 
  core/g24139__1666/Y        -       C0->Y  R     AOI221X1       1  0.4   105   138    1890    (-,-) 
  core/g24135__9945/Y        -       B->Y   F     NAND2X1        6  1.7   132   138    2028    (-,-) 
  core/g24707__5122/Y        -       AN->Y  F     NOR2BX1        2  0.6    55   116    2145    (-,-) 
  core/g24121__8246/Y        -       B->Y   R     NAND2X1        7  2.6    81    72    2216    (-,-) 
  core/g24105__1666/Y        -       B1->Y  R     OA22X1         1  0.4    29   179    2396    (-,-) 
  core/g24085__5526/Y        -       C0->Y  F     OAI221X1       1  0.4   155   146    2542    (-,-) 
  core/g24076__6417/Y        -       A2->Y  R     OAI31X1        1  0.2    87   140    2682    (-,-) 
  core/g24073__2346/Y        -       A1N->Y R     OAI2BB1X1      1  0.2    33   149    2831    (-,-) 
  core/g24071__9945/Y        -       A1N->Y R     OAI2BB1X1      1  0.4    35   126    2957    (-,-) 
  core/g24059__1705/Y        -       A2->Y  F     AOI32X1        2  0.6   190   164    3121    (-,-) 
  core/g24046__5477/Y        -       B->Y   R     NOR2X1         3  1.2    97   153    3274    (-,-) 
  core/g24043__7410/Y        -       C->Y   F     NOR3X1         8  2.0    84    99    3373    (-,-) 
  core/g24001__7098/Y        -       A1->Y  R     AOI21XL        1  0.3    62    94    3466    (-,-) 
  core/pending_q_reg[48]/D   -       -      R     DFFHQX1        1    -     -     0    3466    (-,-) 
#----------------------------------------------------------------------------------------------------

(P) : Instance is preserved



Path 58: MET (6398 ps) Setup Check with Pin core/pending_q_reg[32]/CK->D
          Group: clk
     Startpoint: (R) core/req_sync_q_reg[47]/CK
          Clock: (R) clk
       Endpoint: (R) core/pending_q_reg[32]/D
          Clock: (R) clk

                     Capture       Launch     
        Clock Edge:+   10000            0     
       Src Latency:+       0            0     
       Net Latency:+       0 (I)        0 (I) 
           Arrival:=   10000            0     
                                              
             Setup:-     135                  
     Required Time:=    9865                  
      Launch Clock:-       0                  
         Data Path:-    3466                  
             Slack:=    6398                  

#----------------------------------------------------------------------------------------------------
#       Timing Point         Flags    Arc   Edge   Cell     Fanout Load Trans Delay Arrival Instance 
#                                                                  (fF)  (ps)  (ps)   (ps)  Location 
#----------------------------------------------------------------------------------------------------
  core/req_sync_q_reg[47]/CK -       -      R     (arrival)    265    -     0     0       0    (-,-) 
  core/req_sync_q_reg[47]/Q  (P)     CK->Q  F     DFFHQX1        2  0.8    32   202     202    (-,-) 
  core/g24472__1881/Y        -       A0->Y  R     AOI21X1        3  0.8    69    81     282    (-,-) 
  core/g24249__8428/Y        -       A->Y   F     NAND4XL        1  0.2   179   211     493    (-,-) 
  core/g24226__1705/Y        -       AN->Y  F     NAND4BX1       1  0.2   151   260     753    (-,-) 
  core/g24216__5107/Y        -       AN->Y  F     NAND2BX1       6  2.0   148   192     945    (-,-) 
  core/g24206__9315/Y        -       B->Y   R     NAND2BX1       2  0.8    54   104    1049    (-,-) 
  core/g24194__8246/Y        -       B->Y   F     NAND2X1        2  0.7    76    80    1129    (-,-) 
  core/g24190/Y              -       A->Y   R     INVX1          2  0.8    36    60    1189    (-,-) 
  core/g24167__5115/Y        -       A0->Y  F     OAI222X1       1  0.2   176   222    1411    (-,-) 
  core/g24156__3680/Y        -       B0->Y  R     AOI211XL       1  0.4   111   187    1597    (-,-) 
  core/g24145__6260/Y        -       C0->Y  F     OAI211X1       1  0.3   125   155    1752    (-,-) 
  core/g24139__1666/Y        -       C0->Y  R     AOI221X1       1  0.4   105   138    1890    (-,-) 
  core/g24135__9945/Y        -       B->Y   F     NAND2X1        6  1.7   132   138    2028    (-,-) 
  core/g24707__5122/Y        -       AN->Y  F     NOR2BX1        2  0.6    55   116    2145    (-,-) 
  core/g24121__8246/Y        -       B->Y   R     NAND2X1        7  2.6    81    72    2216    (-,-) 
  core/g24105__1666/Y        -       B1->Y  R     OA22X1         1  0.4    29   179    2396    (-,-) 
  core/g24085__5526/Y        -       C0->Y  F     OAI221X1       1  0.4   155   146    2542    (-,-) 
  core/g24076__6417/Y        -       A2->Y  R     OAI31X1        1  0.2    87   140    2682    (-,-) 
  core/g24073__2346/Y        -       A1N->Y R     OAI2BB1X1      1  0.2    33   149    2831    (-,-) 
  core/g24071__9945/Y        -       A1N->Y R     OAI2BB1X1      1  0.4    35   126    2957    (-,-) 
  core/g24059__1705/Y        -       A2->Y  F     AOI32X1        2  0.6   190   164    3121    (-,-) 
  core/g24046__5477/Y        -       B->Y   R     NOR2X1         3  1.2    97   153    3274    (-,-) 
  core/g24043__7410/Y        -       C->Y   F     NOR3X1         8  2.0    84    99    3373    (-,-) 
  core/g23995__3680/Y        -       A1->Y  R     AOI21XL        1  0.3    62    94    3466    (-,-) 
  core/pending_q_reg[32]/D   -       -      R     DFFHQX1        1    -     -     0    3466    (-,-) 
#----------------------------------------------------------------------------------------------------

(P) : Instance is preserved



Path 59: MET (6399 ps) Setup Check with Pin core/pending_q_reg[52]/CK->D
          Group: clk
     Startpoint: (R) core/req_sync_q_reg[47]/CK
          Clock: (R) clk
       Endpoint: (R) core/pending_q_reg[52]/D
          Clock: (R) clk

                     Capture       Launch     
        Clock Edge:+   10000            0     
       Src Latency:+       0            0     
       Net Latency:+       0 (I)        0 (I) 
           Arrival:=   10000            0     
                                              
             Setup:-     133                  
     Required Time:=    9867                  
      Launch Clock:-       0                  
         Data Path:-    3468                  
             Slack:=    6399                  

#----------------------------------------------------------------------------------------------------
#       Timing Point         Flags    Arc   Edge   Cell     Fanout Load Trans Delay Arrival Instance 
#                                                                  (fF)  (ps)  (ps)   (ps)  Location 
#----------------------------------------------------------------------------------------------------
  core/req_sync_q_reg[47]/CK -       -      R     (arrival)    265    -     0     0       0    (-,-) 
  core/req_sync_q_reg[47]/Q  (P)     CK->Q  F     DFFHQX1        2  0.8    32   202     202    (-,-) 
  core/g24472__1881/Y        -       A0->Y  R     AOI21X1        3  0.8    69    81     282    (-,-) 
  core/g24249__8428/Y        -       A->Y   F     NAND4XL        1  0.2   179   211     493    (-,-) 
  core/g24226__1705/Y        -       AN->Y  F     NAND4BX1       1  0.2   151   260     753    (-,-) 
  core/g24216__5107/Y        -       AN->Y  F     NAND2BX1       6  2.0   148   192     945    (-,-) 
  core/g24206__9315/Y        -       B->Y   R     NAND2BX1       2  0.8    54   104    1049    (-,-) 
  core/g24194__8246/Y        -       B->Y   F     NAND2X1        2  0.7    76    80    1129    (-,-) 
  core/g24190/Y              -       A->Y   R     INVX1          2  0.8    36    60    1189    (-,-) 
  core/g24167__5115/Y        -       A0->Y  F     OAI222X1       1  0.2   176   222    1411    (-,-) 
  core/g24156__3680/Y        -       B0->Y  R     AOI211XL       1  0.4   111   187    1597    (-,-) 
  core/g24145__6260/Y        -       C0->Y  F     OAI211X1       1  0.3   125   155    1752    (-,-) 
  core/g24139__1666/Y        -       C0->Y  R     AOI221X1       1  0.4   105   138    1890    (-,-) 
  core/g24135__9945/Y        -       B->Y   F     NAND2X1        6  1.7   132   138    2028    (-,-) 
  core/g24707__5122/Y        -       AN->Y  F     NOR2BX1        2  0.6    55   116    2145    (-,-) 
  core/g24121__8246/Y        -       B->Y   R     NAND2X1        7  2.6    81    72    2216    (-,-) 
  core/g24105__1666/Y        -       B1->Y  R     OA22X1         1  0.4    29   179    2396    (-,-) 
  core/g24085__5526/Y        -       C0->Y  F     OAI221X1       1  0.4   155   146    2542    (-,-) 
  core/g24076__6417/Y        -       A2->Y  R     OAI31X1        1  0.2    87   140    2682    (-,-) 
  core/g24073__2346/Y        -       A1N->Y R     OAI2BB1X1      1  0.2    33   149    2831    (-,-) 
  core/g24071__9945/Y        -       A1N->Y R     OAI2BB1X1      1  0.4    35   126    2957    (-,-) 
  core/g24059__1705/Y        -       A2->Y  F     AOI32X1        2  0.6   190   164    3121    (-,-) 
  core/g24046__5477/Y        -       B->Y   R     NOR2X1         3  1.2    97   153    3274    (-,-) 
  core/g24043__7410/Y        -       C->Y   F     NOR3X1         8  2.0    84    99    3373    (-,-) 
  core/g24003__1881/Y        -       A0->Y  R     AOI21X1        1  0.3    57    95    3468    (-,-) 
  core/pending_q_reg[52]/D   -       -      R     DFFHQX1        1    -     -     0    3468    (-,-) 
#----------------------------------------------------------------------------------------------------

(P) : Instance is preserved



Path 60: MET (6399 ps) Setup Check with Pin core/pending_q_reg[36]/CK->D
          Group: clk
     Startpoint: (R) core/req_sync_q_reg[47]/CK
          Clock: (R) clk
       Endpoint: (R) core/pending_q_reg[36]/D
          Clock: (R) clk

                     Capture       Launch     
        Clock Edge:+   10000            0     
       Src Latency:+       0            0     
       Net Latency:+       0 (I)        0 (I) 
           Arrival:=   10000            0     
                                              
             Setup:-     133                  
     Required Time:=    9867                  
      Launch Clock:-       0                  
         Data Path:-    3468                  
             Slack:=    6399                  

#----------------------------------------------------------------------------------------------------
#       Timing Point         Flags    Arc   Edge   Cell     Fanout Load Trans Delay Arrival Instance 
#                                                                  (fF)  (ps)  (ps)   (ps)  Location 
#----------------------------------------------------------------------------------------------------
  core/req_sync_q_reg[47]/CK -       -      R     (arrival)    265    -     0     0       0    (-,-) 
  core/req_sync_q_reg[47]/Q  (P)     CK->Q  F     DFFHQX1        2  0.8    32   202     202    (-,-) 
  core/g24472__1881/Y        -       A0->Y  R     AOI21X1        3  0.8    69    81     282    (-,-) 
  core/g24249__8428/Y        -       A->Y   F     NAND4XL        1  0.2   179   211     493    (-,-) 
  core/g24226__1705/Y        -       AN->Y  F     NAND4BX1       1  0.2   151   260     753    (-,-) 
  core/g24216__5107/Y        -       AN->Y  F     NAND2BX1       6  2.0   148   192     945    (-,-) 
  core/g24206__9315/Y        -       B->Y   R     NAND2BX1       2  0.8    54   104    1049    (-,-) 
  core/g24194__8246/Y        -       B->Y   F     NAND2X1        2  0.7    76    80    1129    (-,-) 
  core/g24190/Y              -       A->Y   R     INVX1          2  0.8    36    60    1189    (-,-) 
  core/g24167__5115/Y        -       A0->Y  F     OAI222X1       1  0.2   176   222    1411    (-,-) 
  core/g24156__3680/Y        -       B0->Y  R     AOI211XL       1  0.4   111   187    1597    (-,-) 
  core/g24145__6260/Y        -       C0->Y  F     OAI211X1       1  0.3   125   155    1752    (-,-) 
  core/g24139__1666/Y        -       C0->Y  R     AOI221X1       1  0.4   105   138    1890    (-,-) 
  core/g24135__9945/Y        -       B->Y   F     NAND2X1        6  1.7   132   138    2028    (-,-) 
  core/g24707__5122/Y        -       AN->Y  F     NOR2BX1        2  0.6    55   116    2145    (-,-) 
  core/g24121__8246/Y        -       B->Y   R     NAND2X1        7  2.6    81    72    2216    (-,-) 
  core/g24105__1666/Y        -       B1->Y  R     OA22X1         1  0.4    29   179    2396    (-,-) 
  core/g24085__5526/Y        -       C0->Y  F     OAI221X1       1  0.4   155   146    2542    (-,-) 
  core/g24076__6417/Y        -       A2->Y  R     OAI31X1        1  0.2    87   140    2682    (-,-) 
  core/g24073__2346/Y        -       A1N->Y R     OAI2BB1X1      1  0.2    33   149    2831    (-,-) 
  core/g24071__9945/Y        -       A1N->Y R     OAI2BB1X1      1  0.4    35   126    2957    (-,-) 
  core/g24059__1705/Y        -       A2->Y  F     AOI32X1        2  0.6   190   164    3121    (-,-) 
  core/g24046__5477/Y        -       B->Y   R     NOR2X1         3  1.2    97   153    3274    (-,-) 
  core/g24043__7410/Y        -       C->Y   F     NOR3X1         8  2.0    84    99    3373    (-,-) 
  core/g23997__2802/Y        -       A0->Y  R     AOI21X1        1  0.3    57    95    3468    (-,-) 
  core/pending_q_reg[36]/D   -       -      R     DFFHQX1        1    -     -     0    3468    (-,-) 
#----------------------------------------------------------------------------------------------------

(P) : Instance is preserved



Path 61: MET (6401 ps) Setup Check with Pin core/pending_q_reg[61]/CK->D
          Group: clk
     Startpoint: (R) core/req_sync_q_reg[47]/CK
          Clock: (R) clk
       Endpoint: (F) core/pending_q_reg[61]/D
          Clock: (R) clk

                     Capture       Launch     
        Clock Edge:+   10000            0     
       Src Latency:+       0            0     
       Net Latency:+       0 (I)        0 (I) 
           Arrival:=   10000            0     
                                              
             Setup:-      87                  
     Required Time:=    9913                  
      Launch Clock:-       0                  
         Data Path:-    3512                  
             Slack:=    6401                  

#----------------------------------------------------------------------------------------------------
#       Timing Point         Flags    Arc   Edge   Cell     Fanout Load Trans Delay Arrival Instance 
#                                                                  (fF)  (ps)  (ps)   (ps)  Location 
#----------------------------------------------------------------------------------------------------
  core/req_sync_q_reg[47]/CK -       -      R     (arrival)    265    -     0     0       0    (-,-) 
  core/req_sync_q_reg[47]/Q  (P)     CK->Q  F     DFFHQX1        2  0.8    32   202     202    (-,-) 
  core/g24472__1881/Y        -       A0->Y  R     AOI21X1        3  0.8    69    81     282    (-,-) 
  core/g24249__8428/Y        -       A->Y   F     NAND4XL        1  0.2   179   211     493    (-,-) 
  core/g24226__1705/Y        -       AN->Y  F     NAND4BX1       1  0.2   151   260     753    (-,-) 
  core/g24216__5107/Y        -       AN->Y  F     NAND2BX1       6  2.0   148   192     945    (-,-) 
  core/g24206__9315/Y        -       B->Y   R     NAND2BX1       2  0.8    54   104    1049    (-,-) 
  core/g24194__8246/Y        -       B->Y   F     NAND2X1        2  0.7    76    80    1129    (-,-) 
  core/g24190/Y              -       A->Y   R     INVX1          2  0.8    36    60    1189    (-,-) 
  core/g24167__5115/Y        -       A0->Y  F     OAI222X1       1  0.2   176   222    1411    (-,-) 
  core/g24156__3680/Y        -       B0->Y  R     AOI211XL       1  0.4   111   187    1597    (-,-) 
  core/g24145__6260/Y        -       C0->Y  F     OAI211X1       1  0.3   125   155    1752    (-,-) 
  core/g24139__1666/Y        -       C0->Y  R     AOI221X1       1  0.4   105   138    1890    (-,-) 
  core/g24135__9945/Y        -       B->Y   F     NAND2X1        6  1.7   132   138    2028    (-,-) 
  core/g24707__5122/Y        -       AN->Y  F     NOR2BX1        2  0.6    55   116    2145    (-,-) 
  core/g24121__8246/Y        -       B->Y   R     NAND2X1        7  2.6    81    72    2216    (-,-) 
  core/g24089__2802/Y        -       A1->Y  F     OAI22X1        1  0.4    97   125    2341    (-,-) 
  core/g24082__6260/Y        -       A->Y   R     NOR4X1         2  0.6   139   198    2539    (-,-) 
  core/g24075__7410/Y        -       B->Y   R     AND3XL         2  0.8    44   250    2789    (-,-) 
  core/g24072__2883/Y        -       A2->Y  F     AOI32X1        2  0.4   176   159    2948    (-,-) 
  core/g24065__5115/Y        -       A1N->Y F     OAI2BB1X1      4  1.2   107   177    3125    (-,-) 
  core/g24053__8428/Y        -       B->Y   R     NOR2X1         1  0.2    45    83    3208    (-,-) 
  core/g24050__5107/Y        -       AN->Y  R     NOR2BX1        8  2.8   154   160    3368    (-,-) 
  core/g24033__5115/Y        -       A1->Y  F     AOI21X1        1  0.3    78   143    3512    (-,-) 
  core/pending_q_reg[61]/D   -       -      F     DFFHQX1        1    -     -     0    3512    (-,-) 
#----------------------------------------------------------------------------------------------------

(P) : Instance is preserved



Path 62: MET (6401 ps) Setup Check with Pin core/pending_q_reg[45]/CK->D
          Group: clk
     Startpoint: (R) core/req_sync_q_reg[47]/CK
          Clock: (R) clk
       Endpoint: (F) core/pending_q_reg[45]/D
          Clock: (R) clk

                     Capture       Launch     
        Clock Edge:+   10000            0     
       Src Latency:+       0            0     
       Net Latency:+       0 (I)        0 (I) 
           Arrival:=   10000            0     
                                              
             Setup:-      87                  
     Required Time:=    9913                  
      Launch Clock:-       0                  
         Data Path:-    3512                  
             Slack:=    6401                  

#----------------------------------------------------------------------------------------------------
#       Timing Point         Flags    Arc   Edge   Cell     Fanout Load Trans Delay Arrival Instance 
#                                                                  (fF)  (ps)  (ps)   (ps)  Location 
#----------------------------------------------------------------------------------------------------
  core/req_sync_q_reg[47]/CK -       -      R     (arrival)    265    -     0     0       0    (-,-) 
  core/req_sync_q_reg[47]/Q  (P)     CK->Q  F     DFFHQX1        2  0.8    32   202     202    (-,-) 
  core/g24472__1881/Y        -       A0->Y  R     AOI21X1        3  0.8    69    81     282    (-,-) 
  core/g24249__8428/Y        -       A->Y   F     NAND4XL        1  0.2   179   211     493    (-,-) 
  core/g24226__1705/Y        -       AN->Y  F     NAND4BX1       1  0.2   151   260     753    (-,-) 
  core/g24216__5107/Y        -       AN->Y  F     NAND2BX1       6  2.0   148   192     945    (-,-) 
  core/g24206__9315/Y        -       B->Y   R     NAND2BX1       2  0.8    54   104    1049    (-,-) 
  core/g24194__8246/Y        -       B->Y   F     NAND2X1        2  0.7    76    80    1129    (-,-) 
  core/g24190/Y              -       A->Y   R     INVX1          2  0.8    36    60    1189    (-,-) 
  core/g24167__5115/Y        -       A0->Y  F     OAI222X1       1  0.2   176   222    1411    (-,-) 
  core/g24156__3680/Y        -       B0->Y  R     AOI211XL       1  0.4   111   187    1597    (-,-) 
  core/g24145__6260/Y        -       C0->Y  F     OAI211X1       1  0.3   125   155    1752    (-,-) 
  core/g24139__1666/Y        -       C0->Y  R     AOI221X1       1  0.4   105   138    1890    (-,-) 
  core/g24135__9945/Y        -       B->Y   F     NAND2X1        6  1.7   132   138    2028    (-,-) 
  core/g24707__5122/Y        -       AN->Y  F     NOR2BX1        2  0.6    55   116    2145    (-,-) 
  core/g24121__8246/Y        -       B->Y   R     NAND2X1        7  2.6    81    72    2216    (-,-) 
  core/g24089__2802/Y        -       A1->Y  F     OAI22X1        1  0.4    97   125    2341    (-,-) 
  core/g24082__6260/Y        -       A->Y   R     NOR4X1         2  0.6   139   198    2539    (-,-) 
  core/g24075__7410/Y        -       B->Y   R     AND3XL         2  0.8    44   250    2789    (-,-) 
  core/g24072__2883/Y        -       A2->Y  F     AOI32X1        2  0.4   176   159    2948    (-,-) 
  core/g24065__5115/Y        -       A1N->Y F     OAI2BB1X1      4  1.2   107   177    3125    (-,-) 
  core/g24054__5526/Y        -       B->Y   R     NOR2X1         1  0.2    45    83    3208    (-,-) 
  core/g24051__6260/Y        -       AN->Y  R     NOR2BX1        8  2.8   154   160    3368    (-,-) 
  core/g24026__2802/Y        -       A1->Y  F     AOI21X1        1  0.3    78   143    3512    (-,-) 
  core/pending_q_reg[45]/D   -       -      F     DFFHQX1        1    -     -     0    3512    (-,-) 
#----------------------------------------------------------------------------------------------------

(P) : Instance is preserved



Path 63: MET (6401 ps) Setup Check with Pin core/pending_q_reg[29]/CK->D
          Group: clk
     Startpoint: (R) core/req_sync_q_reg[47]/CK
          Clock: (R) clk
       Endpoint: (F) core/pending_q_reg[29]/D
          Clock: (R) clk

                     Capture       Launch     
        Clock Edge:+   10000            0     
       Src Latency:+       0            0     
       Net Latency:+       0 (I)        0 (I) 
           Arrival:=   10000            0     
                                              
             Setup:-      87                  
     Required Time:=    9913                  
      Launch Clock:-       0                  
         Data Path:-    3512                  
             Slack:=    6401                  

#----------------------------------------------------------------------------------------------------
#       Timing Point         Flags    Arc   Edge   Cell     Fanout Load Trans Delay Arrival Instance 
#                                                                  (fF)  (ps)  (ps)   (ps)  Location 
#----------------------------------------------------------------------------------------------------
  core/req_sync_q_reg[47]/CK -       -      R     (arrival)    265    -     0     0       0    (-,-) 
  core/req_sync_q_reg[47]/Q  (P)     CK->Q  F     DFFHQX1        2  0.8    32   202     202    (-,-) 
  core/g24472__1881/Y        -       A0->Y  R     AOI21X1        3  0.8    69    81     282    (-,-) 
  core/g24249__8428/Y        -       A->Y   F     NAND4XL        1  0.2   179   211     493    (-,-) 
  core/g24226__1705/Y        -       AN->Y  F     NAND4BX1       1  0.2   151   260     753    (-,-) 
  core/g24216__5107/Y        -       AN->Y  F     NAND2BX1       6  2.0   148   192     945    (-,-) 
  core/g24206__9315/Y        -       B->Y   R     NAND2BX1       2  0.8    54   104    1049    (-,-) 
  core/g24194__8246/Y        -       B->Y   F     NAND2X1        2  0.7    76    80    1129    (-,-) 
  core/g24190/Y              -       A->Y   R     INVX1          2  0.8    36    60    1189    (-,-) 
  core/g24167__5115/Y        -       A0->Y  F     OAI222X1       1  0.2   176   222    1411    (-,-) 
  core/g24156__3680/Y        -       B0->Y  R     AOI211XL       1  0.4   111   187    1597    (-,-) 
  core/g24145__6260/Y        -       C0->Y  F     OAI211X1       1  0.3   125   155    1752    (-,-) 
  core/g24139__1666/Y        -       C0->Y  R     AOI221X1       1  0.4   105   138    1890    (-,-) 
  core/g24135__9945/Y        -       B->Y   F     NAND2X1        6  1.7   132   138    2028    (-,-) 
  core/g24707__5122/Y        -       AN->Y  F     NOR2BX1        2  0.6    55   116    2145    (-,-) 
  core/g24121__8246/Y        -       B->Y   R     NAND2X1        7  2.6    81    72    2216    (-,-) 
  core/g24089__2802/Y        -       A1->Y  F     OAI22X1        1  0.4    97   125    2341    (-,-) 
  core/g24082__6260/Y        -       A->Y   R     NOR4X1         2  0.6   139   198    2539    (-,-) 
  core/g24075__7410/Y        -       B->Y   R     AND3XL         2  0.8    44   250    2789    (-,-) 
  core/g24072__2883/Y        -       A2->Y  F     AOI32X1        2  0.4   176   159    2948    (-,-) 
  core/g24065__5115/Y        -       A1N->Y F     OAI2BB1X1      4  1.2   107   177    3125    (-,-) 
  core/g24053__8428/Y        -       B->Y   R     NOR2X1         1  0.2    45    83    3208    (-,-) 
  core/g24050__5107/Y        -       AN->Y  R     NOR2BX1        8  2.8   154   160    3368    (-,-) 
  core/g24020__4319/Y        -       A1->Y  F     AOI21X1        1  0.3    78   143    3512    (-,-) 
  core/pending_q_reg[29]/D   -       -      F     DFFHQX1        1    -     -     0    3512    (-,-) 
#----------------------------------------------------------------------------------------------------

(P) : Instance is preserved



Path 64: MET (6401 ps) Setup Check with Pin core/pending_q_reg[13]/CK->D
          Group: clk
     Startpoint: (R) core/req_sync_q_reg[47]/CK
          Clock: (R) clk
       Endpoint: (F) core/pending_q_reg[13]/D
          Clock: (R) clk

                     Capture       Launch     
        Clock Edge:+   10000            0     
       Src Latency:+       0            0     
       Net Latency:+       0 (I)        0 (I) 
           Arrival:=   10000            0     
                                              
             Setup:-      87                  
     Required Time:=    9913                  
      Launch Clock:-       0                  
         Data Path:-    3512                  
             Slack:=    6401                  

#----------------------------------------------------------------------------------------------------
#       Timing Point         Flags    Arc   Edge   Cell     Fanout Load Trans Delay Arrival Instance 
#                                                                  (fF)  (ps)  (ps)   (ps)  Location 
#----------------------------------------------------------------------------------------------------
  core/req_sync_q_reg[47]/CK -       -      R     (arrival)    265    -     0     0       0    (-,-) 
  core/req_sync_q_reg[47]/Q  (P)     CK->Q  F     DFFHQX1        2  0.8    32   202     202    (-,-) 
  core/g24472__1881/Y        -       A0->Y  R     AOI21X1        3  0.8    69    81     282    (-,-) 
  core/g24249__8428/Y        -       A->Y   F     NAND4XL        1  0.2   179   211     493    (-,-) 
  core/g24226__1705/Y        -       AN->Y  F     NAND4BX1       1  0.2   151   260     753    (-,-) 
  core/g24216__5107/Y        -       AN->Y  F     NAND2BX1       6  2.0   148   192     945    (-,-) 
  core/g24206__9315/Y        -       B->Y   R     NAND2BX1       2  0.8    54   104    1049    (-,-) 
  core/g24194__8246/Y        -       B->Y   F     NAND2X1        2  0.7    76    80    1129    (-,-) 
  core/g24190/Y              -       A->Y   R     INVX1          2  0.8    36    60    1189    (-,-) 
  core/g24167__5115/Y        -       A0->Y  F     OAI222X1       1  0.2   176   222    1411    (-,-) 
  core/g24156__3680/Y        -       B0->Y  R     AOI211XL       1  0.4   111   187    1597    (-,-) 
  core/g24145__6260/Y        -       C0->Y  F     OAI211X1       1  0.3   125   155    1752    (-,-) 
  core/g24139__1666/Y        -       C0->Y  R     AOI221X1       1  0.4   105   138    1890    (-,-) 
  core/g24135__9945/Y        -       B->Y   F     NAND2X1        6  1.7   132   138    2028    (-,-) 
  core/g24707__5122/Y        -       AN->Y  F     NOR2BX1        2  0.6    55   116    2145    (-,-) 
  core/g24121__8246/Y        -       B->Y   R     NAND2X1        7  2.6    81    72    2216    (-,-) 
  core/g24089__2802/Y        -       A1->Y  F     OAI22X1        1  0.4    97   125    2341    (-,-) 
  core/g24082__6260/Y        -       A->Y   R     NOR4X1         2  0.6   139   198    2539    (-,-) 
  core/g24075__7410/Y        -       B->Y   R     AND3XL         2  0.8    44   250    2789    (-,-) 
  core/g24072__2883/Y        -       A2->Y  F     AOI32X1        2  0.4   176   159    2948    (-,-) 
  core/g24065__5115/Y        -       A1N->Y F     OAI2BB1X1      4  1.2   107   177    3125    (-,-) 
  core/g24054__5526/Y        -       B->Y   R     NOR2X1         1  0.2    45    83    3208    (-,-) 
  core/g24051__6260/Y        -       AN->Y  R     NOR2BX1        8  2.8   154   160    3368    (-,-) 
  core/g24013__1666/Y        -       A1->Y  F     AOI21X1        1  0.3    78   143    3512    (-,-) 
  core/pending_q_reg[13]/D   -       -      F     DFFHQX1        1    -     -     0    3512    (-,-) 
#----------------------------------------------------------------------------------------------------

(P) : Instance is preserved



Path 65: MET (6461 ps) Setup Check with Pin core/out_rank_q_reg[0]/CK->D
          Group: clk
     Startpoint: (R) core/req_sync_q_reg[47]/CK
          Clock: (R) clk
       Endpoint: (R) core/out_rank_q_reg[0]/D
          Clock: (R) clk

                     Capture       Launch     
        Clock Edge:+   10000            0     
       Src Latency:+       0            0     
       Net Latency:+       0 (I)        0 (I) 
           Arrival:=   10000            0     
                                              
             Setup:-     146                  
     Required Time:=    9854                  
      Launch Clock:-       0                  
         Data Path:-    3393                  
             Slack:=    6461                  

#----------------------------------------------------------------------------------------------------
#       Timing Point         Flags    Arc   Edge   Cell     Fanout Load Trans Delay Arrival Instance 
#                                                                  (fF)  (ps)  (ps)   (ps)  Location 
#----------------------------------------------------------------------------------------------------
  core/req_sync_q_reg[47]/CK -       -      R     (arrival)    265    -     0     0       0    (-,-) 
  core/req_sync_q_reg[47]/Q  (P)     CK->Q  F     DFFHQX1        2  0.8    32   202     202    (-,-) 
  core/g24472__1881/Y        -       A0->Y  R     AOI21X1        3  0.8    69    81     282    (-,-) 
  core/g24249__8428/Y        -       A->Y   F     NAND4XL        1  0.2   179   211     493    (-,-) 
  core/g24226__1705/Y        -       AN->Y  F     NAND4BX1       1  0.2   151   260     753    (-,-) 
  core/g24216__5107/Y        -       AN->Y  F     NAND2BX1       6  2.0   148   192     945    (-,-) 
  core/g24206__9315/Y        -       B->Y   R     NAND2BX1       2  0.8    54   104    1049    (-,-) 
  core/g24194__8246/Y        -       B->Y   F     NAND2X1        2  0.7    76    80    1129    (-,-) 
  core/g24190/Y              -       A->Y   R     INVX1          2  0.8    36    60    1189    (-,-) 
  core/g24167__5115/Y        -       A0->Y  F     OAI222X1       1  0.2   176   222    1411    (-,-) 
  core/g24156__3680/Y        -       B0->Y  R     AOI211XL       1  0.4   111   187    1597    (-,-) 
  core/g24145__6260/Y        -       C0->Y  F     OAI211X1       1  0.3   125   155    1752    (-,-) 
  core/g24139__1666/Y        -       C0->Y  R     AOI221X1       1  0.4   105   138    1890    (-,-) 
  core/g24135__9945/Y        -       B->Y   F     NAND2X1        6  1.7   132   138    2028    (-,-) 
  core/g24707__5122/Y        -       AN->Y  F     NOR2BX1        2  0.6    55   116    2145    (-,-) 
  core/g24121__8246/Y        -       B->Y   R     NAND2X1        7  2.6    81    72    2216    (-,-) 
  core/g24105__1666/Y        -       B1->Y  R     OA22X1         1  0.4    29   179    2396    (-,-) 
  core/g24085__5526/Y        -       C0->Y  F     OAI221X1       1  0.4   155   146    2542    (-,-) 
  core/g24076__6417/Y        -       A2->Y  R     OAI31X1        1  0.2    87   140    2682    (-,-) 
  core/g24073__2346/Y        -       A1N->Y R     OAI2BB1X1      1  0.2    33   149    2831    (-,-) 
  core/g24071__9945/Y        -       A1N->Y R     OAI2BB1X1      1  0.4    35   126    2957    (-,-) 
  core/g24059__1705/Y        -       A2->Y  F     AOI32X1        2  0.6   190   164    3121    (-,-) 
  core/g24046__5477/Y        -       B->Y   R     NOR2X1         3  1.2    97   153    3274    (-,-) 
  core/g24044/Y              -       A->Y   F     INVX1          3  0.7    44    77    3351    (-,-) 
  core/g24035__4733/Y        -       C0->Y  R     OAI211X1       1  0.3    83    42    3393    (-,-) 
  core/out_rank_q_reg[0]/D   -       -      R     DFFHQX1        1    -     -     0    3393    (-,-) 
#----------------------------------------------------------------------------------------------------

(P) : Instance is preserved



Path 66: MET (6683 ps) Setup Check with Pin core/out_rank_q_reg[1]/CK->D
          Group: clk
     Startpoint: (R) core/req_sync_q_reg[47]/CK
          Clock: (R) clk
       Endpoint: (R) core/out_rank_q_reg[1]/D
          Clock: (R) clk

                     Capture       Launch     
        Clock Edge:+   10000            0     
       Src Latency:+       0            0     
       Net Latency:+       0 (I)        0 (I) 
           Arrival:=   10000            0     
                                              
             Setup:-     146                  
     Required Time:=    9854                  
      Launch Clock:-       0                  
         Data Path:-    3171                  
             Slack:=    6683                  

#---------------------------------------------------------------------------------------------------
#       Timing Point         Flags   Arc   Edge   Cell     Fanout Load Trans Delay Arrival Instance 
#                                                                 (fF)  (ps)  (ps)   (ps)  Location 
#---------------------------------------------------------------------------------------------------
  core/req_sync_q_reg[47]/CK -       -     R     (arrival)    265    -     0     0       0    (-,-) 
  core/req_sync_q_reg[47]/Q  (P)     CK->Q F     DFFHQX1        2  0.8    32   202     202    (-,-) 
  core/g24472__1881/Y        -       A0->Y R     AOI21X1        3  0.8    69    81     282    (-,-) 
  core/g24249__8428/Y        -       A->Y  F     NAND4XL        1  0.2   179   211     493    (-,-) 
  core/g24226__1705/Y        -       AN->Y F     NAND4BX1       1  0.2   151   260     753    (-,-) 
  core/g24216__5107/Y        -       AN->Y F     NAND2BX1       6  2.0   148   192     945    (-,-) 
  core/g24206__9315/Y        -       B->Y  R     NAND2BX1       2  0.8    54   104    1049    (-,-) 
  core/g24194__8246/Y        -       B->Y  F     NAND2X1        2  0.7    76    80    1129    (-,-) 
  core/g24190/Y              -       A->Y  R     INVX1          2  0.8    36    60    1189    (-,-) 
  core/g24167__5115/Y        -       A0->Y F     OAI222X1       1  0.2   176   222    1411    (-,-) 
  core/g24156__3680/Y        -       B0->Y R     AOI211XL       1  0.4   111   187    1597    (-,-) 
  core/g24145__6260/Y        -       C0->Y F     OAI211X1       1  0.3   125   155    1752    (-,-) 
  core/g24139__1666/Y        -       C0->Y R     AOI221X1       1  0.4   105   138    1890    (-,-) 
  core/g24135__9945/Y        -       B->Y  F     NAND2X1        6  1.7   132   138    2028    (-,-) 
  core/g24707__5122/Y        -       AN->Y F     NOR2BX1        2  0.6    55   116    2145    (-,-) 
  core/g24121__8246/Y        -       B->Y  R     NAND2X1        7  2.6    81    72    2216    (-,-) 
  core/g24089__2802/Y        -       A1->Y F     OAI22X1        1  0.4    97   125    2341    (-,-) 
  core/g24082__6260/Y        -       A->Y  R     NOR4X1         2  0.6   139   198    2539    (-,-) 
  core/g24075__7410/Y        -       B->Y  R     AND3XL         2  0.8    44   250    2789    (-,-) 
  core/g24070__9315/Y        -       A0->Y F     AOI22X1        2  0.6   117   120    2909    (-,-) 
  core/g24069__6161/Y        -       B->Y  R     NOR2X1         5  2.0   126   134    3043    (-,-) 
  core/g24067/Y              -       A->Y  F     INVX1          1  0.3    39    89    3132    (-,-) 
  core/g24057__1617/Y        -       C0->Y R     OAI211X1       1  0.3    83    39    3171    (-,-) 
  core/out_rank_q_reg[1]/D   -       -     R     DFFHQX1        1    -     -     0    3171    (-,-) 
#---------------------------------------------------------------------------------------------------

(P) : Instance is preserved



Path 67: MET (6702 ps) Setup Check with Pin core/out_rank_q_reg[2]/CK->D
          Group: clk
     Startpoint: (R) core/req_sync_q_reg[47]/CK
          Clock: (R) clk
       Endpoint: (R) core/out_rank_q_reg[2]/D
          Clock: (R) clk

                     Capture       Launch     
        Clock Edge:+   10000            0     
       Src Latency:+       0            0     
       Net Latency:+       0 (I)        0 (I) 
           Arrival:=   10000            0     
                                              
             Setup:-     146                  
     Required Time:=    9854                  
      Launch Clock:-       0                  
         Data Path:-    3152                  
             Slack:=    6702                  

#---------------------------------------------------------------------------------------------------
#       Timing Point         Flags   Arc   Edge   Cell     Fanout Load Trans Delay Arrival Instance 
#                                                                 (fF)  (ps)  (ps)   (ps)  Location 
#---------------------------------------------------------------------------------------------------
  core/req_sync_q_reg[47]/CK -       -     R     (arrival)    265    -     0     0       0    (-,-) 
  core/req_sync_q_reg[47]/Q  (P)     CK->Q F     DFFHQX1        2  0.8    32   202     202    (-,-) 
  core/g24472__1881/Y        -       A0->Y R     AOI21X1        3  0.8    69    81     282    (-,-) 
  core/g24249__8428/Y        -       A->Y  F     NAND4XL        1  0.2   179   211     493    (-,-) 
  core/g24226__1705/Y        -       AN->Y F     NAND4BX1       1  0.2   151   260     753    (-,-) 
  core/g24216__5107/Y        -       AN->Y F     NAND2BX1       6  2.0   148   192     945    (-,-) 
  core/g24206__9315/Y        -       B->Y  R     NAND2BX1       2  0.8    54   104    1049    (-,-) 
  core/g24194__8246/Y        -       B->Y  F     NAND2X1        2  0.7    76    80    1129    (-,-) 
  core/g24190/Y              -       A->Y  R     INVX1          2  0.8    36    60    1189    (-,-) 
  core/g24167__5115/Y        -       A0->Y F     OAI222X1       1  0.2   176   222    1411    (-,-) 
  core/g24156__3680/Y        -       B0->Y R     AOI211XL       1  0.4   111   187    1597    (-,-) 
  core/g24145__6260/Y        -       C0->Y F     OAI211X1       1  0.3   125   155    1752    (-,-) 
  core/g24139__1666/Y        -       C0->Y R     AOI221X1       1  0.4   105   138    1890    (-,-) 
  core/g24135__9945/Y        -       B->Y  F     NAND2X1        6  1.7   132   138    2028    (-,-) 
  core/g24707__5122/Y        -       AN->Y F     NOR2BX1        2  0.6    55   116    2145    (-,-) 
  core/g24121__8246/Y        -       B->Y  R     NAND2X1        7  2.6    81    72    2216    (-,-) 
  core/g24089__2802/Y        -       A1->Y F     OAI22X1        1  0.4    97   125    2341    (-,-) 
  core/g24082__6260/Y        -       A->Y  R     NOR4X1         2  0.6   139   198    2539    (-,-) 
  core/g24075__7410/Y        -       B->Y  R     AND3XL         2  0.8    44   250    2789    (-,-) 
  core/g24072__2883/Y        -       A2->Y F     AOI32X1        2  0.4   176   159    2948    (-,-) 
  core/g24068__4733/Y        -       B->Y  F     OR2X1          2  0.6    32   168    3116    (-,-) 
  core/g24058__2802/Y        -       C0->Y R     OAI211X1       1  0.3    83    36    3152    (-,-) 
  core/out_rank_q_reg[2]/D   -       -     R     DFFHQX1        1    -     -     0    3152    (-,-) 
#---------------------------------------------------------------------------------------------------

(P) : Instance is preserved



Path 68: MET (7643 ps) Setup Check with Pin core/out_rank_q_reg[3]/CK->D
          Group: clk
     Startpoint: (R) core/req_sync_q_reg[47]/CK
          Clock: (R) clk
       Endpoint: (F) core/out_rank_q_reg[3]/D
          Clock: (R) clk

                     Capture       Launch     
        Clock Edge:+   10000            0     
       Src Latency:+       0            0     
       Net Latency:+       0 (I)        0 (I) 
           Arrival:=   10000            0     
                                              
             Setup:-     108                  
     Required Time:=    9892                  
      Launch Clock:-       0                  
         Data Path:-    2249                  
             Slack:=    7643                  

#---------------------------------------------------------------------------------------------------
#       Timing Point         Flags   Arc   Edge   Cell     Fanout Load Trans Delay Arrival Instance 
#                                                                 (fF)  (ps)  (ps)   (ps)  Location 
#---------------------------------------------------------------------------------------------------
  core/req_sync_q_reg[47]/CK -       -     R     (arrival)    265    -     0     0       0    (-,-) 
  core/req_sync_q_reg[47]/Q  (P)     CK->Q F     DFFHQX1        2  0.8    32   202     202    (-,-) 
  core/g24472__1881/Y        -       A0->Y R     AOI21X1        3  0.8    69    81     282    (-,-) 
  core/g24249__8428/Y        -       A->Y  F     NAND4XL        1  0.2   179   211     493    (-,-) 
  core/g24226__1705/Y        -       AN->Y F     NAND4BX1       1  0.2   151   260     753    (-,-) 
  core/g24216__5107/Y        -       AN->Y F     NAND2BX1       6  2.0   148   192     945    (-,-) 
  core/g24206__9315/Y        -       B->Y  R     NAND2BX1       2  0.8    54   104    1049    (-,-) 
  core/g24194__8246/Y        -       B->Y  F     NAND2X1        2  0.7    76    80    1129    (-,-) 
  core/g24190/Y              -       A->Y  R     INVX1          2  0.8    36    60    1189    (-,-) 
  core/g24167__5115/Y        -       A0->Y F     OAI222X1       1  0.2   176   222    1411    (-,-) 
  core/g24156__3680/Y        -       B0->Y R     AOI211XL       1  0.4   111   187    1597    (-,-) 
  core/g24145__6260/Y        -       C0->Y F     OAI211X1       1  0.3   125   155    1752    (-,-) 
  core/g24139__1666/Y        -       C0->Y R     AOI221X1       1  0.4   105   138    1890    (-,-) 
  core/g24135__9945/Y        -       B->Y  F     NAND2X1        6  1.7   132   138    2028    (-,-) 
  core/g24133__9315/Y        -       B->Y  R     NAND2X1        2  0.8    51    96    2124    (-,-) 
  core/g24115__6783/Y        -       C0->Y F     OAI211X1       1  0.3   124   125    2249    (-,-) 
  core/out_rank_q_reg[3]/D   -       -     F     DFFHQX1        1    -     -     0    2249    (-,-) 
#---------------------------------------------------------------------------------------------------

(P) : Instance is preserved



Path 69: MET (7773 ps) Setup Check with Pin core/out_rank_q_reg[4]/CK->D
          Group: clk
     Startpoint: (R) core/req_sync_q_reg[48]/CK
          Clock: (R) clk
       Endpoint: (F) core/out_rank_q_reg[4]/D
          Clock: (R) clk

                     Capture       Launch     
        Clock Edge:+   10000            0     
       Src Latency:+       0            0     
       Net Latency:+       0 (I)        0 (I) 
           Arrival:=   10000            0     
                                              
             Setup:-     108                  
     Required Time:=    9892                  
      Launch Clock:-       0                  
         Data Path:-    2119                  
             Slack:=    7773                  

#---------------------------------------------------------------------------------------------------
#       Timing Point         Flags   Arc   Edge   Cell     Fanout Load Trans Delay Arrival Instance 
#                                                                 (fF)  (ps)  (ps)   (ps)  Location 
#---------------------------------------------------------------------------------------------------
  core/req_sync_q_reg[48]/CK -       -     R     (arrival)    265    -     0     0       0    (-,-) 
  core/req_sync_q_reg[48]/Q  (P)     CK->Q F     DFFHQX1        2  0.8    32   202     202    (-,-) 
  core/g24477__9315/Y        -       A0->Y R     AOI21X1        3  0.8    69    81     282    (-,-) 
  core/g24252__3680/Y        -       B->Y  F     NAND4XL        1  0.2   179   202     485    (-,-) 
  core/g24237__9315/Y        -       AN->Y F     NAND3BXL       1  0.2   111   199     684    (-,-) 
  core/g24213__6417/Y        -       AN->Y F     NAND3BXL       3  1.0   230   241     925    (-,-) 
  core/g24203__4733/Y        -       B->Y  R     NOR2X1         4  1.4   110   180    1104    (-,-) 
  core/g24182__4319/Y        -       C->Y  F     NOR3X1         2  0.8    61    91    1195    (-,-) 
  core/g24175__1666/Y        -       A->Y  R     NOR2X1         2  0.6    56    77    1273    (-,-) 
  core/g24168__7482/Y        -       AN->Y R     NOR2BX1        1  0.4    54   105    1378    (-,-) 
  core/g24163__8246/Y        -       A1->Y F     OAI22X1        1  0.3    94   106    1483    (-,-) 
  core/g24149__5526/Y        -       C0->Y R     AOI221X1       1  0.4   104   122    1605    (-,-) 
  core/g24148__8428/Y        -       C0->Y F     OAI211X1       6  1.8   244   221    1826    (-,-) 
  core/g24141__6417/Y        -       B->Y  R     NAND2X1        2  0.8    70   159    1985    (-,-) 
  core/g24136__2883/Y        -       C0->Y F     OAI211X1       1  0.3   124   134    2119    (-,-) 
  core/out_rank_q_reg[4]/D   -       -     F     DFFHQX1        1    -     -     0    2119    (-,-) 
#---------------------------------------------------------------------------------------------------

(P) : Instance is preserved



Path 70: MET (8016 ps) Setup Check with Pin core/out_rank_q_reg[5]/CK->D
          Group: clk
     Startpoint: (R) core/req_sync_q_reg[5]/CK
          Clock: (R) clk
       Endpoint: (R) core/out_rank_q_reg[5]/D
          Clock: (R) clk

                     Capture       Launch     
        Clock Edge:+   10000            0     
       Src Latency:+       0            0     
       Net Latency:+       0 (I)        0 (I) 
           Arrival:=   10000            0     
                                              
             Setup:-     153                  
     Required Time:=    9847                  
      Launch Clock:-       0                  
         Data Path:-    1831                  
             Slack:=    8016                  

#--------------------------------------------------------------------------------------------------
#       Timing Point        Flags   Arc   Edge   Cell     Fanout Load Trans Delay Arrival Instance 
#                                                                (fF)  (ps)  (ps)   (ps)  Location 
#--------------------------------------------------------------------------------------------------
  core/req_sync_q_reg[5]/CK -       -     R     (arrival)    265    -     0     0       0    (-,-) 
  core/req_sync_q_reg[5]/Q  (P)     CK->Q F     DFFHQX1        2  0.8    32   202     202    (-,-) 
  core/g24503__4733/Y       -       A0->Y R     AOI21X1        4  1.2    86    91     292    (-,-) 
  core/g24248__4319/Y       -       C->Y  F     NAND4XL        1  0.2   179   194     486    (-,-) 
  core/g24238__9945/Y       -       AN->Y F     NAND3BXL       1  0.2   111   199     685    (-,-) 
  core/g24214__5477/Y       -       AN->Y F     NAND3BXL       3  0.8   200   224     909    (-,-) 
  core/g24202__7482/Y       -       B->Y  R     NOR2X1         3  0.8    81   148    1058    (-,-) 
  core/g24188__3680/Y       -       AN->Y R     NOR3BX1        3  0.8   112   175    1233    (-,-) 
  core/g24174__2346/Y       -       C->Y  F     NAND3BXL       2  0.6   171   170    1403    (-,-) 
  core/g24166__1881/Y       -       B->Y  R     NOR2X1         2  0.6    69   127    1531    (-,-) 
  core/g24164__7098/Y       -       B0->Y F     AOI21X1        6  2.2   166    83    1614    (-,-) 
  core/g24709__7098/Y       -       AN->Y F     NOR2BX1        3  1.2    58   139    1753    (-,-) 
  core/g24143__2398/Y       -       B1->Y R     OAI221X1       1  0.3    97    79    1831    (-,-) 
  core/out_rank_q_reg[5]/D  -       -     R     DFFHQX1        1    -     -     0    1831    (-,-) 
#--------------------------------------------------------------------------------------------------

(P) : Instance is preserved



Path 71: MET (8331 ps) Setup Check with Pin core/out_valid_q_reg/CK->D
          Group: clk
     Startpoint: (R) core/req_sync_q_reg[5]/CK
          Clock: (R) clk
       Endpoint: (F) core/out_valid_q_reg/D
          Clock: (R) clk

                     Capture       Launch     
        Clock Edge:+   10000            0     
       Src Latency:+       0            0     
       Net Latency:+       0 (I)        0 (I) 
           Arrival:=   10000            0     
                                              
             Setup:-      72                  
     Required Time:=    9928                  
      Launch Clock:-       0                  
         Data Path:-    1596                  
             Slack:=    8331                  

#--------------------------------------------------------------------------------------------------
#       Timing Point        Flags   Arc   Edge   Cell     Fanout Load Trans Delay Arrival Instance 
#                                                                (fF)  (ps)  (ps)   (ps)  Location 
#--------------------------------------------------------------------------------------------------
  core/req_sync_q_reg[5]/CK -       -     R     (arrival)    265    -     0     0       0    (-,-) 
  core/req_sync_q_reg[5]/Q  (P)     CK->Q F     DFFHQX1        2  0.8    32   202     202    (-,-) 
  core/g24503__4733/Y       -       A0->Y R     AOI21X1        4  1.2    86    91     292    (-,-) 
  core/g24248__4319/Y       -       C->Y  F     NAND4XL        1  0.2   179   194     486    (-,-) 
  core/g24238__9945/Y       -       AN->Y F     NAND3BXL       1  0.2   111   199     685    (-,-) 
  core/g24214__5477/Y       -       AN->Y F     NAND3BXL       3  0.8   200   224     909    (-,-) 
  core/g24202__7482/Y       -       B->Y  R     NOR2X1         3  0.8    81   148    1058    (-,-) 
  core/g24188__3680/Y       -       AN->Y R     NOR3BX1        3  0.8   112   175    1233    (-,-) 
  core/g24174__2346/Y       -       C->Y  F     NAND3BXL       2  0.6   171   170    1403    (-,-) 
  core/g24166__1881/Y       -       B->Y  R     NOR2X1         2  0.6    69   127    1531    (-,-) 
  core/g24159__1705/Y       -       B->Y  F     NOR2XL         1  0.3    45    66    1596    (-,-) 
  core/out_valid_q_reg/D    -       -     F     DFFHQX1        1    -     -     0    1596    (-,-) 
#--------------------------------------------------------------------------------------------------

(P) : Instance is preserved



Path 72: MET (8503 ps) Late External Delay Assertion at pin out_valid
          Group: clk
     Startpoint: (R) core/reset_release_q_reg[1]/CK
          Clock: (R) clk
       Endpoint: (R) out_valid
          Clock: (R) clk

                     Capture       Launch     
        Clock Edge:+   10000            0     
       Src Latency:+       0            0     
       Net Latency:+       0 (I)        0 (I) 
           Arrival:=   10000            0     
                                              
      Output Delay:-    1000                  
     Required Time:=    9000                  
      Launch Clock:-       0                  
         Data Path:-     497                  
             Slack:=    8503                  

Exceptions/Constraints:
  output_delay             1000            ou_del_70_1   

#--------------------------------------------------------------------------------------------------------
#         Timing Point           Flags    Arc   Edge   Cell     Fanout Load Trans Delay Arrival Instance 
#                                                                      (fF)  (ps)  (ps)   (ps)  Location 
#--------------------------------------------------------------------------------------------------------
  core/reset_release_q_reg[1]/CK -       -      R     (arrival)    265    -     0     0       0    (-,-) 
  core/reset_release_q_reg[1]/QN (P)     CK->QN F     DFFRX1         4  1.2    43   297     297    (-,-) 
  core/drc_bufs16823/Y           -       A->Y   R     INVX1         16  3.2    80    69     366    (-,-) 
  core/g16631__3680/Y            -       A->Y   R     AND2XL         1  0.0    12   131     497    (-,-) 
  out_valid                      -       -      R     (port)         -    -     -     0     497    (-,-) 
#--------------------------------------------------------------------------------------------------------

(P) : Instance is preserved



Path 73: MET (8503 ps) Late External Delay Assertion at pin src_ack_async[0]
          Group: clk
     Startpoint: (R) core/reset_release_q_reg[1]/CK
          Clock: (R) clk
       Endpoint: (R) src_ack_async[0]
          Clock: (R) clk

                     Capture       Launch     
        Clock Edge:+   10000            0     
       Src Latency:+       0            0     
       Net Latency:+       0 (I)        0 (I) 
           Arrival:=   10000            0     
                                              
      Output Delay:-    1000                  
     Required Time:=    9000                  
      Launch Clock:-       0                  
         Data Path:-     497                  
             Slack:=    8503                  

Exceptions/Constraints:
  output_delay             1000            ou_del_63_1   

#--------------------------------------------------------------------------------------------------------
#         Timing Point           Flags    Arc   Edge   Cell     Fanout Load Trans Delay Arrival Instance 
#                                                                      (fF)  (ps)  (ps)   (ps)  Location 
#--------------------------------------------------------------------------------------------------------
  core/reset_release_q_reg[1]/CK -       -      R     (arrival)    265    -     0     0       0    (-,-) 
  core/reset_release_q_reg[1]/QN (P)     CK->QN F     DFFRX1         4  1.2    43   297     297    (-,-) 
  core/drc_bufs16824/Y           -       A->Y   R     INVX1         16  3.2    80    69     366    (-,-) 
  core/g16630__6783/Y            -       A->Y   R     AND2XL         1  0.0    12   131     497    (-,-) 
  src_ack_async[0]               -       -      R     (port)         -    -     -     0     497    (-,-) 
#--------------------------------------------------------------------------------------------------------

(P) : Instance is preserved



Path 74: MET (8503 ps) Late External Delay Assertion at pin src_ack_async[1]
          Group: clk
     Startpoint: (R) core/reset_release_q_reg[1]/CK
          Clock: (R) clk
       Endpoint: (R) src_ack_async[1]
          Clock: (R) clk

                     Capture       Launch     
        Clock Edge:+   10000            0     
       Src Latency:+       0            0     
       Net Latency:+       0 (I)        0 (I) 
           Arrival:=   10000            0     
                                              
      Output Delay:-    1000                  
     Required Time:=    9000                  
      Launch Clock:-       0                  
         Data Path:-     497                  
             Slack:=    8503                  

Exceptions/Constraints:
  output_delay             1000            ou_del_62_1   

#--------------------------------------------------------------------------------------------------------
#         Timing Point           Flags    Arc   Edge   Cell     Fanout Load Trans Delay Arrival Instance 
#                                                                      (fF)  (ps)  (ps)   (ps)  Location 
#--------------------------------------------------------------------------------------------------------
  core/reset_release_q_reg[1]/CK -       -      R     (arrival)    265    -     0     0       0    (-,-) 
  core/reset_release_q_reg[1]/QN (P)     CK->QN F     DFFRX1         4  1.2    43   297     297    (-,-) 
  core/drc_bufs16822/Y           -       A->Y   R     INVX1         16  3.2    80    69     366    (-,-) 
  core/g16688__1617/Y            -       A->Y   R     AND2XL         1  0.0    12   131     497    (-,-) 
  src_ack_async[1]               -       -      R     (port)         -    -     -     0     497    (-,-) 
#--------------------------------------------------------------------------------------------------------

(P) : Instance is preserved



Path 75: MET (8503 ps) Late External Delay Assertion at pin src_ack_async[2]
          Group: clk
     Startpoint: (R) core/reset_release_q_reg[1]/CK
          Clock: (R) clk
       Endpoint: (R) src_ack_async[2]
          Clock: (R) clk

                     Capture       Launch     
        Clock Edge:+   10000            0     
       Src Latency:+       0            0     
       Net Latency:+       0 (I)        0 (I) 
           Arrival:=   10000            0     
                                              
      Output Delay:-    1000                  
     Required Time:=    9000                  
      Launch Clock:-       0                  
         Data Path:-     497                  
             Slack:=    8503                  

Exceptions/Constraints:
  output_delay             1000            ou_del_61_1   

#--------------------------------------------------------------------------------------------------------
#         Timing Point           Flags    Arc   Edge   Cell     Fanout Load Trans Delay Arrival Instance 
#                                                                      (fF)  (ps)  (ps)   (ps)  Location 
#--------------------------------------------------------------------------------------------------------
  core/reset_release_q_reg[1]/CK -       -      R     (arrival)    265    -     0     0       0    (-,-) 
  core/reset_release_q_reg[1]/QN (P)     CK->QN F     DFFRX1         4  1.2    43   297     297    (-,-) 
  core/drc_bufs16823/Y           -       A->Y   R     INVX1         16  3.2    80    69     366    (-,-) 
  core/g16687__3680/Y            -       A->Y   R     AND2XL         1  0.0    12   131     497    (-,-) 
  src_ack_async[2]               -       -      R     (port)         -    -     -     0     497    (-,-) 
#--------------------------------------------------------------------------------------------------------

(P) : Instance is preserved



Path 76: MET (8503 ps) Late External Delay Assertion at pin src_ack_async[4]
          Group: clk
     Startpoint: (R) core/reset_release_q_reg[1]/CK
          Clock: (R) clk
       Endpoint: (R) src_ack_async[4]
          Clock: (R) clk

                     Capture       Launch     
        Clock Edge:+   10000            0     
       Src Latency:+       0            0     
       Net Latency:+       0 (I)        0 (I) 
           Arrival:=   10000            0     
                                              
      Output Delay:-    1000                  
     Required Time:=    9000                  
      Launch Clock:-       0                  
         Data Path:-     497                  
             Slack:=    8503                  

Exceptions/Constraints:
  output_delay             1000            ou_del_59_1   

#--------------------------------------------------------------------------------------------------------
#         Timing Point           Flags    Arc   Edge   Cell     Fanout Load Trans Delay Arrival Instance 
#                                                                      (fF)  (ps)  (ps)   (ps)  Location 
#--------------------------------------------------------------------------------------------------------
  core/reset_release_q_reg[1]/CK -       -      R     (arrival)    265    -     0     0       0    (-,-) 
  core/reset_release_q_reg[1]/QN (P)     CK->QN F     DFFRX1         4  1.2    43   297     297    (-,-) 
  core/drc_bufs16822/Y           -       A->Y   R     INVX1         16  3.2    80    69     366    (-,-) 
  core/g16684__8428/Y            -       A->Y   R     AND2XL         1  0.0    12   131     497    (-,-) 
  src_ack_async[4]               -       -      R     (port)         -    -     -     0     497    (-,-) 
#--------------------------------------------------------------------------------------------------------

(P) : Instance is preserved



Path 77: MET (8503 ps) Late External Delay Assertion at pin src_ack_async[6]
          Group: clk
     Startpoint: (R) core/reset_release_q_reg[1]/CK
          Clock: (R) clk
       Endpoint: (R) src_ack_async[6]
          Clock: (R) clk

                     Capture       Launch     
        Clock Edge:+   10000            0     
       Src Latency:+       0            0     
       Net Latency:+       0 (I)        0 (I) 
           Arrival:=   10000            0     
                                              
      Output Delay:-    1000                  
     Required Time:=    9000                  
      Launch Clock:-       0                  
         Data Path:-     497                  
             Slack:=    8503                  

Exceptions/Constraints:
  output_delay             1000            ou_del_57_1   

#--------------------------------------------------------------------------------------------------------
#         Timing Point           Flags    Arc   Edge   Cell     Fanout Load Trans Delay Arrival Instance 
#                                                                      (fF)  (ps)  (ps)   (ps)  Location 
#--------------------------------------------------------------------------------------------------------
  core/reset_release_q_reg[1]/CK -       -      R     (arrival)    265    -     0     0       0    (-,-) 
  core/reset_release_q_reg[1]/QN (P)     CK->QN F     DFFRX1         4  1.2    43   297     297    (-,-) 
  core/drc_bufs16824/Y           -       A->Y   R     INVX1         16  3.2    80    69     366    (-,-) 
  core/g16680__2398/Y            -       A->Y   R     AND2XL         1  0.0    12   131     497    (-,-) 
  src_ack_async[6]               -       -      R     (port)         -    -     -     0     497    (-,-) 
#--------------------------------------------------------------------------------------------------------

(P) : Instance is preserved



Path 78: MET (8503 ps) Late External Delay Assertion at pin src_ack_async[7]
          Group: clk
     Startpoint: (R) core/reset_release_q_reg[1]/CK
          Clock: (R) clk
       Endpoint: (R) src_ack_async[7]
          Clock: (R) clk

                     Capture       Launch     
        Clock Edge:+   10000            0     
       Src Latency:+       0            0     
       Net Latency:+       0 (I)        0 (I) 
           Arrival:=   10000            0     
                                              
      Output Delay:-    1000                  
     Required Time:=    9000                  
      Launch Clock:-       0                  
         Data Path:-     497                  
             Slack:=    8503                  

Exceptions/Constraints:
  output_delay             1000            ou_del_56_1   

#--------------------------------------------------------------------------------------------------------
#         Timing Point           Flags    Arc   Edge   Cell     Fanout Load Trans Delay Arrival Instance 
#                                                                      (fF)  (ps)  (ps)   (ps)  Location 
#--------------------------------------------------------------------------------------------------------
  core/reset_release_q_reg[1]/CK -       -      R     (arrival)    265    -     0     0       0    (-,-) 
  core/reset_release_q_reg[1]/QN (P)     CK->QN F     DFFRX1         4  1.2    43   297     297    (-,-) 
  core/drc_bufs16824/Y           -       A->Y   R     INVX1         16  3.2    80    69     366    (-,-) 
  core/g16678__6417/Y            -       A->Y   R     AND2XL         1  0.0    12   131     497    (-,-) 
  src_ack_async[7]               -       -      R     (port)         -    -     -     0     497    (-,-) 
#--------------------------------------------------------------------------------------------------------

(P) : Instance is preserved



Path 79: MET (8503 ps) Late External Delay Assertion at pin src_ack_async[8]
          Group: clk
     Startpoint: (R) core/reset_release_q_reg[1]/CK
          Clock: (R) clk
       Endpoint: (R) src_ack_async[8]
          Clock: (R) clk

                     Capture       Launch     
        Clock Edge:+   10000            0     
       Src Latency:+       0            0     
       Net Latency:+       0 (I)        0 (I) 
           Arrival:=   10000            0     
                                              
      Output Delay:-    1000                  
     Required Time:=    9000                  
      Launch Clock:-       0                  
         Data Path:-     497                  
             Slack:=    8503                  

Exceptions/Constraints:
  output_delay             1000            ou_del_55_1   

#--------------------------------------------------------------------------------------------------------
#         Timing Point           Flags    Arc   Edge   Cell     Fanout Load Trans Delay Arrival Instance 
#                                                                      (fF)  (ps)  (ps)   (ps)  Location 
#--------------------------------------------------------------------------------------------------------
  core/reset_release_q_reg[1]/CK -       -      R     (arrival)    265    -     0     0       0    (-,-) 
  core/reset_release_q_reg[1]/QN (P)     CK->QN F     DFFRX1         4  1.2    43   297     297    (-,-) 
  core/drc_bufs16822/Y           -       A->Y   R     INVX1         16  3.2    80    69     366    (-,-) 
  core/g16677__7410/Y            -       A->Y   R     AND2XL         1  0.0    12   131     497    (-,-) 
  src_ack_async[8]               -       -      R     (port)         -    -     -     0     497    (-,-) 
#--------------------------------------------------------------------------------------------------------

(P) : Instance is preserved



Path 80: MET (8503 ps) Late External Delay Assertion at pin src_ack_async[9]
          Group: clk
     Startpoint: (R) core/reset_release_q_reg[1]/CK
          Clock: (R) clk
       Endpoint: (R) src_ack_async[9]
          Clock: (R) clk

                     Capture       Launch     
        Clock Edge:+   10000            0     
       Src Latency:+       0            0     
       Net Latency:+       0 (I)        0 (I) 
           Arrival:=   10000            0     
                                              
      Output Delay:-    1000                  
     Required Time:=    9000                  
      Launch Clock:-       0                  
         Data Path:-     497                  
             Slack:=    8503                  

Exceptions/Constraints:
  output_delay             1000            ou_del_54_1   

#--------------------------------------------------------------------------------------------------------
#         Timing Point           Flags    Arc   Edge   Cell     Fanout Load Trans Delay Arrival Instance 
#                                                                      (fF)  (ps)  (ps)   (ps)  Location 
#--------------------------------------------------------------------------------------------------------
  core/reset_release_q_reg[1]/CK -       -      R     (arrival)    265    -     0     0       0    (-,-) 
  core/reset_release_q_reg[1]/QN (P)     CK->QN F     DFFRX1         4  1.2    43   297     297    (-,-) 
  core/drc_bufs16824/Y           -       A->Y   R     INVX1         16  3.2    80    69     366    (-,-) 
  core/g16673__9945/Y            -       A->Y   R     AND2XL         1  0.0    12   131     497    (-,-) 
  src_ack_async[9]               -       -      R     (port)         -    -     -     0     497    (-,-) 
#--------------------------------------------------------------------------------------------------------

(P) : Instance is preserved



Path 81: MET (8503 ps) Late External Delay Assertion at pin src_ack_async[11]
          Group: clk
     Startpoint: (R) core/reset_release_q_reg[1]/CK
          Clock: (R) clk
       Endpoint: (R) src_ack_async[11]
          Clock: (R) clk

                     Capture       Launch     
        Clock Edge:+   10000            0     
       Src Latency:+       0            0     
       Net Latency:+       0 (I)        0 (I) 
           Arrival:=   10000            0     
                                              
      Output Delay:-    1000                  
     Required Time:=    9000                  
      Launch Clock:-       0                  
         Data Path:-     497                  
             Slack:=    8503                  

Exceptions/Constraints:
  output_delay             1000            ou_del_52_1   

#--------------------------------------------------------------------------------------------------------
#         Timing Point           Flags    Arc   Edge   Cell     Fanout Load Trans Delay Arrival Instance 
#                                                                      (fF)  (ps)  (ps)   (ps)  Location 
#--------------------------------------------------------------------------------------------------------
  core/reset_release_q_reg[1]/CK -       -      R     (arrival)    265    -     0     0       0    (-,-) 
  core/reset_release_q_reg[1]/QN (P)     CK->QN F     DFFRX1         4  1.2    43   297     297    (-,-) 
  core/drc_bufs16824/Y           -       A->Y   R     INVX1         16  3.2    80    69     366    (-,-) 
  core/g16670__4733/Y            -       A->Y   R     AND2XL         1  0.0    12   131     497    (-,-) 
  src_ack_async[11]              -       -      R     (port)         -    -     -     0     497    (-,-) 
#--------------------------------------------------------------------------------------------------------

(P) : Instance is preserved



Path 82: MET (8503 ps) Late External Delay Assertion at pin src_ack_async[12]
          Group: clk
     Startpoint: (R) core/reset_release_q_reg[1]/CK
          Clock: (R) clk
       Endpoint: (R) src_ack_async[12]
          Clock: (R) clk

                     Capture       Launch     
        Clock Edge:+   10000            0     
       Src Latency:+       0            0     
       Net Latency:+       0 (I)        0 (I) 
           Arrival:=   10000            0     
                                              
      Output Delay:-    1000                  
     Required Time:=    9000                  
      Launch Clock:-       0                  
         Data Path:-     497                  
             Slack:=    8503                  

Exceptions/Constraints:
  output_delay             1000            ou_del_51_1   

#--------------------------------------------------------------------------------------------------------
#         Timing Point           Flags    Arc   Edge   Cell     Fanout Load Trans Delay Arrival Instance 
#                                                                      (fF)  (ps)  (ps)   (ps)  Location 
#--------------------------------------------------------------------------------------------------------
  core/reset_release_q_reg[1]/CK -       -      R     (arrival)    265    -     0     0       0    (-,-) 
  core/reset_release_q_reg[1]/QN (P)     CK->QN F     DFFRX1         4  1.2    43   297     297    (-,-) 
  core/drc_bufs16824/Y           -       A->Y   R     INVX1         16  3.2    80    69     366    (-,-) 
  core/g16669__7482/Y            -       A->Y   R     AND2XL         1  0.0    12   131     497    (-,-) 
  src_ack_async[12]              -       -      R     (port)         -    -     -     0     497    (-,-) 
#--------------------------------------------------------------------------------------------------------

(P) : Instance is preserved



Path 83: MET (8503 ps) Late External Delay Assertion at pin src_ack_async[13]
          Group: clk
     Startpoint: (R) core/reset_release_q_reg[1]/CK
          Clock: (R) clk
       Endpoint: (R) src_ack_async[13]
          Clock: (R) clk

                     Capture       Launch     
        Clock Edge:+   10000            0     
       Src Latency:+       0            0     
       Net Latency:+       0 (I)        0 (I) 
           Arrival:=   10000            0     
                                              
      Output Delay:-    1000                  
     Required Time:=    9000                  
      Launch Clock:-       0                  
         Data Path:-     497                  
             Slack:=    8503                  

Exceptions/Constraints:
  output_delay             1000            ou_del_50_1   

#--------------------------------------------------------------------------------------------------------
#         Timing Point           Flags    Arc   Edge   Cell     Fanout Load Trans Delay Arrival Instance 
#                                                                      (fF)  (ps)  (ps)   (ps)  Location 
#--------------------------------------------------------------------------------------------------------
  core/reset_release_q_reg[1]/CK -       -      R     (arrival)    265    -     0     0       0    (-,-) 
  core/reset_release_q_reg[1]/QN (P)     CK->QN F     DFFRX1         4  1.2    43   297     297    (-,-) 
  core/drc_bufs16822/Y           -       A->Y   R     INVX1         16  3.2    80    69     366    (-,-) 
  core/g16666__6131/Y            -       A->Y   R     AND2XL         1  0.0    12   131     497    (-,-) 
  src_ack_async[13]              -       -      R     (port)         -    -     -     0     497    (-,-) 
#--------------------------------------------------------------------------------------------------------

(P) : Instance is preserved



Path 84: MET (8503 ps) Late External Delay Assertion at pin src_ack_async[15]
          Group: clk
     Startpoint: (R) core/reset_release_q_reg[1]/CK
          Clock: (R) clk
       Endpoint: (R) src_ack_async[15]
          Clock: (R) clk

                     Capture       Launch     
        Clock Edge:+   10000            0     
       Src Latency:+       0            0     
       Net Latency:+       0 (I)        0 (I) 
           Arrival:=   10000            0     
                                              
      Output Delay:-    1000                  
     Required Time:=    9000                  
      Launch Clock:-       0                  
         Data Path:-     497                  
             Slack:=    8503                  

Exceptions/Constraints:
  output_delay             1000            ou_del_48_1   

#--------------------------------------------------------------------------------------------------------
#         Timing Point           Flags    Arc   Edge   Cell     Fanout Load Trans Delay Arrival Instance 
#                                                                      (fF)  (ps)  (ps)   (ps)  Location 
#--------------------------------------------------------------------------------------------------------
  core/reset_release_q_reg[1]/CK -       -      R     (arrival)    265    -     0     0       0    (-,-) 
  core/reset_release_q_reg[1]/QN (P)     CK->QN F     DFFRX1         4  1.2    43   297     297    (-,-) 
  core/drc_bufs16822/Y           -       A->Y   R     INVX1         16  3.2    80    69     366    (-,-) 
  core/g16663__5122/Y            -       A->Y   R     AND2XL         1  0.0    12   131     497    (-,-) 
  src_ack_async[15]              -       -      R     (port)         -    -     -     0     497    (-,-) 
#--------------------------------------------------------------------------------------------------------

(P) : Instance is preserved



Path 85: MET (8503 ps) Late External Delay Assertion at pin src_ack_async[16]
          Group: clk
     Startpoint: (R) core/reset_release_q_reg[1]/CK
          Clock: (R) clk
       Endpoint: (R) src_ack_async[16]
          Clock: (R) clk

                     Capture       Launch     
        Clock Edge:+   10000            0     
       Src Latency:+       0            0     
       Net Latency:+       0 (I)        0 (I) 
           Arrival:=   10000            0     
                                              
      Output Delay:-    1000                  
     Required Time:=    9000                  
      Launch Clock:-       0                  
         Data Path:-     497                  
             Slack:=    8503                  

Exceptions/Constraints:
  output_delay             1000            ou_del_47_1   

#--------------------------------------------------------------------------------------------------------
#         Timing Point           Flags    Arc   Edge   Cell     Fanout Load Trans Delay Arrival Instance 
#                                                                      (fF)  (ps)  (ps)   (ps)  Location 
#--------------------------------------------------------------------------------------------------------
  core/reset_release_q_reg[1]/CK -       -      R     (arrival)    265    -     0     0       0    (-,-) 
  core/reset_release_q_reg[1]/QN (P)     CK->QN F     DFFRX1         4  1.2    43   297     297    (-,-) 
  core/drc_bufs16823/Y           -       A->Y   R     INVX1         16  3.2    80    69     366    (-,-) 
  core/g16662__1705/Y            -       A->Y   R     AND2XL         1  0.0    12   131     497    (-,-) 
  src_ack_async[16]              -       -      R     (port)         -    -     -     0     497    (-,-) 
#--------------------------------------------------------------------------------------------------------

(P) : Instance is preserved



Path 86: MET (8503 ps) Late External Delay Assertion at pin src_ack_async[17]
          Group: clk
     Startpoint: (R) core/reset_release_q_reg[1]/CK
          Clock: (R) clk
       Endpoint: (R) src_ack_async[17]
          Clock: (R) clk

                     Capture       Launch     
        Clock Edge:+   10000            0     
       Src Latency:+       0            0     
       Net Latency:+       0 (I)        0 (I) 
           Arrival:=   10000            0     
                                              
      Output Delay:-    1000                  
     Required Time:=    9000                  
      Launch Clock:-       0                  
         Data Path:-     497                  
             Slack:=    8503                  

Exceptions/Constraints:
  output_delay             1000            ou_del_46_1   

#--------------------------------------------------------------------------------------------------------
#         Timing Point           Flags    Arc   Edge   Cell     Fanout Load Trans Delay Arrival Instance 
#                                                                      (fF)  (ps)  (ps)   (ps)  Location 
#--------------------------------------------------------------------------------------------------------
  core/reset_release_q_reg[1]/CK -       -      R     (arrival)    265    -     0     0       0    (-,-) 
  core/reset_release_q_reg[1]/QN (P)     CK->QN F     DFFRX1         4  1.2    43   297     297    (-,-) 
  core/drc_bufs16824/Y           -       A->Y   R     INVX1         16  3.2    80    69     366    (-,-) 
  core/g16657__5526/Y            -       A->Y   R     AND2XL         1  0.0    12   131     497    (-,-) 
  src_ack_async[17]              -       -      R     (port)         -    -     -     0     497    (-,-) 
#--------------------------------------------------------------------------------------------------------

(P) : Instance is preserved



Path 87: MET (8503 ps) Late External Delay Assertion at pin src_ack_async[18]
          Group: clk
     Startpoint: (R) core/reset_release_q_reg[1]/CK
          Clock: (R) clk
       Endpoint: (R) src_ack_async[18]
          Clock: (R) clk

                     Capture       Launch     
        Clock Edge:+   10000            0     
       Src Latency:+       0            0     
       Net Latency:+       0 (I)        0 (I) 
           Arrival:=   10000            0     
                                              
      Output Delay:-    1000                  
     Required Time:=    9000                  
      Launch Clock:-       0                  
         Data Path:-     497                  
             Slack:=    8503                  

Exceptions/Constraints:
  output_delay             1000            ou_del_45_1   

#--------------------------------------------------------------------------------------------------------
#         Timing Point           Flags    Arc   Edge   Cell     Fanout Load Trans Delay Arrival Instance 
#                                                                      (fF)  (ps)  (ps)   (ps)  Location 
#--------------------------------------------------------------------------------------------------------
  core/reset_release_q_reg[1]/CK -       -      R     (arrival)    265    -     0     0       0    (-,-) 
  core/reset_release_q_reg[1]/QN (P)     CK->QN F     DFFRX1         4  1.2    43   297     297    (-,-) 
  core/drc_bufs16822/Y           -       A->Y   R     INVX1         16  3.2    80    69     366    (-,-) 
  core/g16672__9315/Y            -       A->Y   R     AND2XL         1  0.0    12   131     497    (-,-) 
  src_ack_async[18]              -       -      R     (port)         -    -     -     0     497    (-,-) 
#--------------------------------------------------------------------------------------------------------

(P) : Instance is preserved



Path 88: MET (8503 ps) Late External Delay Assertion at pin src_ack_async[19]
          Group: clk
     Startpoint: (R) core/reset_release_q_reg[1]/CK
          Clock: (R) clk
       Endpoint: (R) src_ack_async[19]
          Clock: (R) clk

                     Capture       Launch     
        Clock Edge:+   10000            0     
       Src Latency:+       0            0     
       Net Latency:+       0 (I)        0 (I) 
           Arrival:=   10000            0     
                                              
      Output Delay:-    1000                  
     Required Time:=    9000                  
      Launch Clock:-       0                  
         Data Path:-     497                  
             Slack:=    8503                  

Exceptions/Constraints:
  output_delay             1000            ou_del_44_1   

#--------------------------------------------------------------------------------------------------------
#         Timing Point           Flags    Arc   Edge   Cell     Fanout Load Trans Delay Arrival Instance 
#                                                                      (fF)  (ps)  (ps)   (ps)  Location 
#--------------------------------------------------------------------------------------------------------
  core/reset_release_q_reg[1]/CK -       -      R     (arrival)    265    -     0     0       0    (-,-) 
  core/reset_release_q_reg[1]/QN (P)     CK->QN F     DFFRX1         4  1.2    43   297     297    (-,-) 
  core/drc_bufs16822/Y           -       A->Y   R     INVX1         16  3.2    80    69     366    (-,-) 
  core/g16654__6260/Y            -       A->Y   R     AND2XL         1  0.0    12   131     497    (-,-) 
  src_ack_async[19]              -       -      R     (port)         -    -     -     0     497    (-,-) 
#--------------------------------------------------------------------------------------------------------

(P) : Instance is preserved



Path 89: MET (8503 ps) Late External Delay Assertion at pin src_ack_async[21]
          Group: clk
     Startpoint: (R) core/reset_release_q_reg[1]/CK
          Clock: (R) clk
       Endpoint: (R) src_ack_async[21]
          Clock: (R) clk

                     Capture       Launch     
        Clock Edge:+   10000            0     
       Src Latency:+       0            0     
       Net Latency:+       0 (I)        0 (I) 
           Arrival:=   10000            0     
                                              
      Output Delay:-    1000                  
     Required Time:=    9000                  
      Launch Clock:-       0                  
         Data Path:-     497                  
             Slack:=    8503                  

Exceptions/Constraints:
  output_delay             1000            ou_del_42_1   

#--------------------------------------------------------------------------------------------------------
#         Timing Point           Flags    Arc   Edge   Cell     Fanout Load Trans Delay Arrival Instance 
#                                                                      (fF)  (ps)  (ps)   (ps)  Location 
#--------------------------------------------------------------------------------------------------------
  core/reset_release_q_reg[1]/CK -       -      R     (arrival)    265    -     0     0       0    (-,-) 
  core/reset_release_q_reg[1]/QN (P)     CK->QN F     DFFRX1         4  1.2    43   297     297    (-,-) 
  core/drc_bufs16823/Y           -       A->Y   R     INVX1         16  3.2    80    69     366    (-,-) 
  core/g16650__6417/Y            -       A->Y   R     AND2XL         1  0.0    12   131     497    (-,-) 
  src_ack_async[21]              -       -      R     (port)         -    -     -     0     497    (-,-) 
#--------------------------------------------------------------------------------------------------------

(P) : Instance is preserved



Path 90: MET (8503 ps) Late External Delay Assertion at pin src_ack_async[22]
          Group: clk
     Startpoint: (R) core/reset_release_q_reg[1]/CK
          Clock: (R) clk
       Endpoint: (R) src_ack_async[22]
          Clock: (R) clk

                     Capture       Launch     
        Clock Edge:+   10000            0     
       Src Latency:+       0            0     
       Net Latency:+       0 (I)        0 (I) 
           Arrival:=   10000            0     
                                              
      Output Delay:-    1000                  
     Required Time:=    9000                  
      Launch Clock:-       0                  
         Data Path:-     497                  
             Slack:=    8503                  

Exceptions/Constraints:
  output_delay             1000            ou_del_41_1   

#--------------------------------------------------------------------------------------------------------
#         Timing Point           Flags    Arc   Edge   Cell     Fanout Load Trans Delay Arrival Instance 
#                                                                      (fF)  (ps)  (ps)   (ps)  Location 
#--------------------------------------------------------------------------------------------------------
  core/reset_release_q_reg[1]/CK -       -      R     (arrival)    265    -     0     0       0    (-,-) 
  core/reset_release_q_reg[1]/QN (P)     CK->QN F     DFFRX1         4  1.2    43   297     297    (-,-) 
  core/drc_bufs16824/Y           -       A->Y   R     INVX1         16  3.2    80    69     366    (-,-) 
  core/g16649__7410/Y            -       A->Y   R     AND2XL         1  0.0    12   131     497    (-,-) 
  src_ack_async[22]              -       -      R     (port)         -    -     -     0     497    (-,-) 
#--------------------------------------------------------------------------------------------------------

(P) : Instance is preserved



Path 91: MET (8503 ps) Late External Delay Assertion at pin src_ack_async[23]
          Group: clk
     Startpoint: (R) core/reset_release_q_reg[1]/CK
          Clock: (R) clk
       Endpoint: (R) src_ack_async[23]
          Clock: (R) clk

                     Capture       Launch     
        Clock Edge:+   10000            0     
       Src Latency:+       0            0     
       Net Latency:+       0 (I)        0 (I) 
           Arrival:=   10000            0     
                                              
      Output Delay:-    1000                  
     Required Time:=    9000                  
      Launch Clock:-       0                  
         Data Path:-     497                  
             Slack:=    8503                  

Exceptions/Constraints:
  output_delay             1000            ou_del_40_1   

#--------------------------------------------------------------------------------------------------------
#         Timing Point           Flags    Arc   Edge   Cell     Fanout Load Trans Delay Arrival Instance 
#                                                                      (fF)  (ps)  (ps)   (ps)  Location 
#--------------------------------------------------------------------------------------------------------
  core/reset_release_q_reg[1]/CK -       -      R     (arrival)    265    -     0     0       0    (-,-) 
  core/reset_release_q_reg[1]/QN (P)     CK->QN F     DFFRX1         4  1.2    43   297     297    (-,-) 
  core/drc_bufs16824/Y           -       A->Y   R     INVX1         16  3.2    80    69     366    (-,-) 
  core/g16647__2346/Y            -       A->Y   R     AND2XL         1  0.0    12   131     497    (-,-) 
  src_ack_async[23]              -       -      R     (port)         -    -     -     0     497    (-,-) 
#--------------------------------------------------------------------------------------------------------

(P) : Instance is preserved



Path 92: MET (8503 ps) Late External Delay Assertion at pin src_ack_async[25]
          Group: clk
     Startpoint: (R) core/reset_release_q_reg[1]/CK
          Clock: (R) clk
       Endpoint: (R) src_ack_async[25]
          Clock: (R) clk

                     Capture       Launch     
        Clock Edge:+   10000            0     
       Src Latency:+       0            0     
       Net Latency:+       0 (I)        0 (I) 
           Arrival:=   10000            0     
                                              
      Output Delay:-    1000                  
     Required Time:=    9000                  
      Launch Clock:-       0                  
         Data Path:-     497                  
             Slack:=    8503                  

Exceptions/Constraints:
  output_delay             1000            ou_del_38_1   

#--------------------------------------------------------------------------------------------------------
#         Timing Point           Flags    Arc   Edge   Cell     Fanout Load Trans Delay Arrival Instance 
#                                                                      (fF)  (ps)  (ps)   (ps)  Location 
#--------------------------------------------------------------------------------------------------------
  core/reset_release_q_reg[1]/CK -       -      R     (arrival)    265    -     0     0       0    (-,-) 
  core/reset_release_q_reg[1]/QN (P)     CK->QN F     DFFRX1         4  1.2    43   297     297    (-,-) 
  core/drc_bufs16823/Y           -       A->Y   R     INVX1         16  3.2    80    69     366    (-,-) 
  core/g16642__4733/Y            -       A->Y   R     AND2XL         1  0.0    12   131     497    (-,-) 
  src_ack_async[25]              -       -      R     (port)         -    -     -     0     497    (-,-) 
#--------------------------------------------------------------------------------------------------------

(P) : Instance is preserved



Path 93: MET (8503 ps) Late External Delay Assertion at pin src_ack_async[27]
          Group: clk
     Startpoint: (R) core/reset_release_q_reg[1]/CK
          Clock: (R) clk
       Endpoint: (R) src_ack_async[27]
          Clock: (R) clk

                     Capture       Launch     
        Clock Edge:+   10000            0     
       Src Latency:+       0            0     
       Net Latency:+       0 (I)        0 (I) 
           Arrival:=   10000            0     
                                              
      Output Delay:-    1000                  
     Required Time:=    9000                  
      Launch Clock:-       0                  
         Data Path:-     497                  
             Slack:=    8503                  

Exceptions/Constraints:
  output_delay             1000            ou_del_36_1   

#--------------------------------------------------------------------------------------------------------
#         Timing Point           Flags    Arc   Edge   Cell     Fanout Load Trans Delay Arrival Instance 
#                                                                      (fF)  (ps)  (ps)   (ps)  Location 
#--------------------------------------------------------------------------------------------------------
  core/reset_release_q_reg[1]/CK -       -      R     (arrival)    265    -     0     0       0    (-,-) 
  core/reset_release_q_reg[1]/QN (P)     CK->QN F     DFFRX1         4  1.2    43   297     297    (-,-) 
  core/drc_bufs16823/Y           -       A->Y   R     INVX1         16  3.2    80    69     366    (-,-) 
  core/g16639__1881/Y            -       A->Y   R     AND2XL         1  0.0    12   131     497    (-,-) 
  src_ack_async[27]              -       -      R     (port)         -    -     -     0     497    (-,-) 
#--------------------------------------------------------------------------------------------------------

(P) : Instance is preserved



Path 94: MET (8503 ps) Late External Delay Assertion at pin src_ack_async[28]
          Group: clk
     Startpoint: (R) core/reset_release_q_reg[1]/CK
          Clock: (R) clk
       Endpoint: (R) src_ack_async[28]
          Clock: (R) clk

                     Capture       Launch     
        Clock Edge:+   10000            0     
       Src Latency:+       0            0     
       Net Latency:+       0 (I)        0 (I) 
           Arrival:=   10000            0     
                                              
      Output Delay:-    1000                  
     Required Time:=    9000                  
      Launch Clock:-       0                  
         Data Path:-     497                  
             Slack:=    8503                  

Exceptions/Constraints:
  output_delay             1000            ou_del_35_1   

#--------------------------------------------------------------------------------------------------------
#         Timing Point           Flags    Arc   Edge   Cell     Fanout Load Trans Delay Arrival Instance 
#                                                                      (fF)  (ps)  (ps)   (ps)  Location 
#--------------------------------------------------------------------------------------------------------
  core/reset_release_q_reg[1]/CK -       -      R     (arrival)    265    -     0     0       0    (-,-) 
  core/reset_release_q_reg[1]/QN (P)     CK->QN F     DFFRX1         4  1.2    43   297     297    (-,-) 
  core/drc_bufs16824/Y           -       A->Y   R     INVX1         16  3.2    80    69     366    (-,-) 
  core/g16638__6131/Y            -       A->Y   R     AND2XL         1  0.0    12   131     497    (-,-) 
  src_ack_async[28]              -       -      R     (port)         -    -     -     0     497    (-,-) 
#--------------------------------------------------------------------------------------------------------

(P) : Instance is preserved



Path 95: MET (8503 ps) Late External Delay Assertion at pin src_ack_async[29]
          Group: clk
     Startpoint: (R) core/reset_release_q_reg[1]/CK
          Clock: (R) clk
       Endpoint: (R) src_ack_async[29]
          Clock: (R) clk

                     Capture       Launch     
        Clock Edge:+   10000            0     
       Src Latency:+       0            0     
       Net Latency:+       0 (I)        0 (I) 
           Arrival:=   10000            0     
                                              
      Output Delay:-    1000                  
     Required Time:=    9000                  
      Launch Clock:-       0                  
         Data Path:-     497                  
             Slack:=    8503                  

Exceptions/Constraints:
  output_delay             1000            ou_del_34_1   

#--------------------------------------------------------------------------------------------------------
#         Timing Point           Flags    Arc   Edge   Cell     Fanout Load Trans Delay Arrival Instance 
#                                                                      (fF)  (ps)  (ps)   (ps)  Location 
#--------------------------------------------------------------------------------------------------------
  core/reset_release_q_reg[1]/CK -       -      R     (arrival)    265    -     0     0       0    (-,-) 
  core/reset_release_q_reg[1]/QN (P)     CK->QN F     DFFRX1         4  1.2    43   297     297    (-,-) 
  core/drc_bufs16823/Y           -       A->Y   R     INVX1         16  3.2    80    69     366    (-,-) 
  core/g16635__5122/Y            -       A->Y   R     AND2XL         1  0.0    12   131     497    (-,-) 
  src_ack_async[29]              -       -      R     (port)         -    -     -     0     497    (-,-) 
#--------------------------------------------------------------------------------------------------------

(P) : Instance is preserved



Path 96: MET (8503 ps) Late External Delay Assertion at pin src_ack_async[30]
          Group: clk
     Startpoint: (R) core/reset_release_q_reg[1]/CK
          Clock: (R) clk
       Endpoint: (R) src_ack_async[30]
          Clock: (R) clk

                     Capture       Launch     
        Clock Edge:+   10000            0     
       Src Latency:+       0            0     
       Net Latency:+       0 (I)        0 (I) 
           Arrival:=   10000            0     
                                              
      Output Delay:-    1000                  
     Required Time:=    9000                  
      Launch Clock:-       0                  
         Data Path:-     497                  
             Slack:=    8503                  

Exceptions/Constraints:
  output_delay             1000            ou_del_33_1   

#--------------------------------------------------------------------------------------------------------
#         Timing Point           Flags    Arc   Edge   Cell     Fanout Load Trans Delay Arrival Instance 
#                                                                      (fF)  (ps)  (ps)   (ps)  Location 
#--------------------------------------------------------------------------------------------------------
  core/reset_release_q_reg[1]/CK -       -      R     (arrival)    265    -     0     0       0    (-,-) 
  core/reset_release_q_reg[1]/QN (P)     CK->QN F     DFFRX1         4  1.2    43   297     297    (-,-) 
  core/drc_bufs16822/Y           -       A->Y   R     INVX1         16  3.2    80    69     366    (-,-) 
  core/g16634__1705/Y            -       A->Y   R     AND2XL         1  0.0    12   131     497    (-,-) 
  src_ack_async[30]              -       -      R     (port)         -    -     -     0     497    (-,-) 
#--------------------------------------------------------------------------------------------------------

(P) : Instance is preserved



Path 97: MET (8503 ps) Late External Delay Assertion at pin src_ack_async[31]
          Group: clk
     Startpoint: (R) core/reset_release_q_reg[1]/CK
          Clock: (R) clk
       Endpoint: (R) src_ack_async[31]
          Clock: (R) clk

                     Capture       Launch     
        Clock Edge:+   10000            0     
       Src Latency:+       0            0     
       Net Latency:+       0 (I)        0 (I) 
           Arrival:=   10000            0     
                                              
      Output Delay:-    1000                  
     Required Time:=    9000                  
      Launch Clock:-       0                  
         Data Path:-     497                  
             Slack:=    8503                  

Exceptions/Constraints:
  output_delay             1000            ou_del_32_1   

#--------------------------------------------------------------------------------------------------------
#         Timing Point           Flags    Arc   Edge   Cell     Fanout Load Trans Delay Arrival Instance 
#                                                                      (fF)  (ps)  (ps)   (ps)  Location 
#--------------------------------------------------------------------------------------------------------
  core/reset_release_q_reg[1]/CK -       -      R     (arrival)    265    -     0     0       0    (-,-) 
  core/reset_release_q_reg[1]/QN (P)     CK->QN F     DFFRX1         4  1.2    43   297     297    (-,-) 
  core/drc_bufs16823/Y           -       A->Y   R     INVX1         16  3.2    80    69     366    (-,-) 
  core/g16632__1617/Y            -       A->Y   R     AND2XL         1  0.0    12   131     497    (-,-) 
  src_ack_async[31]              -       -      R     (port)         -    -     -     0     497    (-,-) 
#--------------------------------------------------------------------------------------------------------

(P) : Instance is preserved



Path 98: MET (8503 ps) Late External Delay Assertion at pin src_ack_async[33]
          Group: clk
     Startpoint: (R) core/reset_release_q_reg[1]/CK
          Clock: (R) clk
       Endpoint: (R) src_ack_async[33]
          Clock: (R) clk

                     Capture       Launch     
        Clock Edge:+   10000            0     
       Src Latency:+       0            0     
       Net Latency:+       0 (I)        0 (I) 
           Arrival:=   10000            0     
                                              
      Output Delay:-    1000                  
     Required Time:=    9000                  
      Launch Clock:-       0                  
         Data Path:-     497                  
             Slack:=    8503                  

Exceptions/Constraints:
  output_delay             1000            ou_del_30_1   

#--------------------------------------------------------------------------------------------------------
#         Timing Point           Flags    Arc   Edge   Cell     Fanout Load Trans Delay Arrival Instance 
#                                                                      (fF)  (ps)  (ps)   (ps)  Location 
#--------------------------------------------------------------------------------------------------------
  core/reset_release_q_reg[1]/CK -       -      R     (arrival)    265    -     0     0       0    (-,-) 
  core/reset_release_q_reg[1]/QN (P)     CK->QN F     DFFRX1         4  1.2    43   297     297    (-,-) 
  core/drc_bufs16824/Y           -       A->Y   R     INVX1         16  3.2    80    69     366    (-,-) 
  core/g16686__6783/Y            -       A->Y   R     AND2XL         1  0.0    12   131     497    (-,-) 
  src_ack_async[33]              -       -      R     (port)         -    -     -     0     497    (-,-) 
#--------------------------------------------------------------------------------------------------------

(P) : Instance is preserved



Path 99: MET (8503 ps) Late External Delay Assertion at pin src_ack_async[34]
          Group: clk
     Startpoint: (R) core/reset_release_q_reg[1]/CK
          Clock: (R) clk
       Endpoint: (R) src_ack_async[34]
          Clock: (R) clk

                     Capture       Launch     
        Clock Edge:+   10000            0     
       Src Latency:+       0            0     
       Net Latency:+       0 (I)        0 (I) 
           Arrival:=   10000            0     
                                              
      Output Delay:-    1000                  
     Required Time:=    9000                  
      Launch Clock:-       0                  
         Data Path:-     497                  
             Slack:=    8503                  

Exceptions/Constraints:
  output_delay             1000            ou_del_29_1   

#--------------------------------------------------------------------------------------------------------
#         Timing Point           Flags    Arc   Edge   Cell     Fanout Load Trans Delay Arrival Instance 
#                                                                      (fF)  (ps)  (ps)   (ps)  Location 
#--------------------------------------------------------------------------------------------------------
  core/reset_release_q_reg[1]/CK -       -      R     (arrival)    265    -     0     0       0    (-,-) 
  core/reset_release_q_reg[1]/QN (P)     CK->QN F     DFFRX1         4  1.2    43   297     297    (-,-) 
  core/drc_bufs16823/Y           -       A->Y   R     INVX1         16  3.2    80    69     366    (-,-) 
  core/g16683__4319/Y            -       A->Y   R     AND2XL         1  0.0    12   131     497    (-,-) 
  src_ack_async[34]              -       -      R     (port)         -    -     -     0     497    (-,-) 
#--------------------------------------------------------------------------------------------------------

(P) : Instance is preserved



Path 100: MET (8503 ps) Late External Delay Assertion at pin src_ack_async[35]
          Group: clk
     Startpoint: (R) core/reset_release_q_reg[1]/CK
          Clock: (R) clk
       Endpoint: (R) src_ack_async[35]
          Clock: (R) clk

                     Capture       Launch     
        Clock Edge:+   10000            0     
       Src Latency:+       0            0     
       Net Latency:+       0 (I)        0 (I) 
           Arrival:=   10000            0     
                                              
      Output Delay:-    1000                  
     Required Time:=    9000                  
      Launch Clock:-       0                  
         Data Path:-     497                  
             Slack:=    8503                  

Exceptions/Constraints:
  output_delay             1000            ou_del_28_1   

#--------------------------------------------------------------------------------------------------------
#         Timing Point           Flags    Arc   Edge   Cell     Fanout Load Trans Delay Arrival Instance 
#                                                                      (fF)  (ps)  (ps)   (ps)  Location 
#--------------------------------------------------------------------------------------------------------
  core/reset_release_q_reg[1]/CK -       -      R     (arrival)    265    -     0     0       0    (-,-) 
  core/reset_release_q_reg[1]/QN (P)     CK->QN F     DFFRX1         4  1.2    43   297     297    (-,-) 
  core/drc_bufs16822/Y           -       A->Y   R     INVX1         16  3.2    80    69     366    (-,-) 
  core/g16679__5477/Y            -       A->Y   R     AND2XL         1  0.0    12   131     497    (-,-) 
  src_ack_async[35]              -       -      R     (port)         -    -     -     0     497    (-,-) 
#--------------------------------------------------------------------------------------------------------

(P) : Instance is preserved

