TMPDIR is being set to /tmp/genus_temp_184327_b8e76b87-8f07-45f3-96fc-e79fc563a13a_<REMOTE_HOST>_<REMOTE_USER>_BzlhXx
Cadence Genus(TM) Synthesis Solution.
Copyright 2025 Cadence Design Systems, Inc. All rights reserved worldwide.
Cadence and the Cadence logo are registered trademarks and Genus is a trademark
of Cadence Design Systems, Inc. in the United States and other countries.

[02:45:10.377185] Configured Lic search path (23.02-s006): 5280@<LICENSE_SERVER>

Version: 23.14-s090_1, built Wed Feb 26 17:49:50 PST 2025
Options: -batch -files scripts/p7ge_genus_contract_vcd_power_rtl2gate.tcl 
Date:    Fri Aug 21 02:45:10 2026
Host:    <REMOTE_HOST> (x86_64 w/Linux 3.10.0-1160.81.1.el7.x86_64) (16cores*64cpus*2physical cpus*Intel(R) Xeon(R) Gold 6246R CPU @ 3.40GHz 36608KB) (1055184748KB)
PID:     184327
OS:      CentOS Linux 7 (Core)

Checking out license: Genus_Synthesis
[02:45:10.444843] Periodic Lic check successful
[02:45:10.444872] Feature usage summary:
[02:45:10.444874] Genus_Synthesis



***********************************************************************************************************
***********************************************************************************************************



Finished executable startup (1 second elapsed).

Loading tool scripts...
Finished loading tool scripts (18 seconds elapsed).

#@ Processing -files option
@genus:root: 1> source scripts/p7ge_genus_contract_vcd_power_rtl2gate.tcl
#@ Begin verbose source ./scripts/p7ge_genus_contract_vcd_power_rtl2gate.tcl
@file(p7ge_genus_contract_vcd_power_rtl2gate.tcl) 4: set_db init_lib_search_path [list "$::env(HOME)/FPR/lib"]
  Setting attribute of root '/': 'init_lib_search_path' = <REMOTE_HOME>/FPR/lib
@file(p7ge_genus_contract_vcd_power_rtl2gate.tcl) 5: set_db init_hdl_search_path [list .]
  Setting attribute of root '/': 'init_hdl_search_path' = .
@file(p7ge_genus_contract_vcd_power_rtl2gate.tcl) 6: read_libs typical.lib

  Message Summary for Library typical.lib:
  ****************************************
Warning : Missing clock pin in the sequential cell. [LBR-525]
        : Clock pin absent in sequential cell(s) 'RSLATNX1' (File <REMOTE_HOME>/FPR/lib/typical.lib, Line 147265)
        : Sequential timing checks, such as 'setup_rising' or 'hold_rising', on flop and latch cells require a clock pin. Verify that the 'clock' attribute of the clock pin is set to 'true' or that the clock pin has a 'clocked_on' attribute.
Warning : Missing clock pin in the sequential cell. [LBR-525]
        : Clock pin absent in sequential cell(s) 'RSLATNX2' (File <REMOTE_HOME>/FPR/lib/typical.lib, Line 147568)
Warning : Missing clock pin in the sequential cell. [LBR-525]
        : Clock pin absent in sequential cell(s) 'RSLATNX4' (File <REMOTE_HOME>/FPR/lib/typical.lib, Line 147871)
Warning : Missing clock pin in the sequential cell. [LBR-525]
        : Clock pin absent in sequential cell(s) 'RSLATNXL' (File <REMOTE_HOME>/FPR/lib/typical.lib, Line 148174)
Warning : Missing clock pin in the sequential cell. [LBR-525]
        : Clock pin absent in sequential cell(s) 'RSLATX1' (File <REMOTE_HOME>/FPR/lib/typical.lib, Line 148477)
Warning : Missing clock pin in the sequential cell. [LBR-525]
        : Clock pin absent in sequential cell(s) 'RSLATX2' (File <REMOTE_HOME>/FPR/lib/typical.lib, Line 148841)
Warning : Missing clock pin in the sequential cell. [LBR-525]
        : Clock pin absent in sequential cell(s) 'RSLATX4' (File <REMOTE_HOME>/FPR/lib/typical.lib, Line 149205)
Warning : Missing clock pin in the sequential cell. [LBR-525]
        : Clock pin absent in sequential cell(s) 'RSLATXL' (File <REMOTE_HOME>/FPR/lib/typical.lib, Line 149569)
  Missing clock pin in the sequential cell. [LBR-525]: 8
  Missing a function attribute in the output pin definition. [LBR-518]: 1
  An unsupported construct was detected in this library. [LBR-40]: 1
  ****************************************
 
Info    : Created nominal operating condition. [LBR-412]
        : Operating condition '_nominal_' was created for the PVT values (1.000000, 1.800000, 25.000000) in library 'typical.lib'.
        : The nominal operating condition is represented, either by the nominal PVT values specified in the library source (via nom_process,nom_voltage and nom_temperature respectively), or by the default PVT values (1.0,1.0,1.0).
@file(p7ge_genus_contract_vcd_power_rtl2gate.tcl) 7: read_hdl -sv rtl/aer_pending_gray_epoch.sv
    (* ASYNC_REG = "TRUE" *) logic [1:0] reset_release_q;
       |
Warning : Unused attribute. [VLOGPT-506]
        : Attribute 'ASYNC_REG' in file 'rtl/aer_pending_gray_epoch.sv' on line 30, column 8.
    (* ASYNC_REG = "TRUE" *) logic [15:0] req_meta_q;
       |
Warning : Unused attribute. [VLOGPT-506]
        : Attribute 'ASYNC_REG' in file 'rtl/aer_pending_gray_epoch.sv' on line 48, column 8.
    (* ASYNC_REG = "TRUE" *) logic [15:0] req_sync_q;
       |
Warning : Unused attribute. [VLOGPT-506]
        : Attribute 'ASYNC_REG' in file 'rtl/aer_pending_gray_epoch.sv' on line 49, column 8.
@file(p7ge_genus_contract_vcd_power_rtl2gate.tcl) 8: elaborate aer_pending_gray_epoch
Info    : Elaborating Design. [ELAB-1]
        : Elaborating top-level block 'aer_pending_gray_epoch' from file 'rtl/aer_pending_gray_epoch.sv'.
Warning : Using default parameter value for module elaboration. [CDFG-818]
        : Elaborating block 'aer_pending_gray_epoch' with default parameters value.
Info    : Done Elaborating Design. [ELAB-3]
        : Done elaborating 'aer_pending_gray_epoch'.
Checking for source RTL...
Check completed for source RTL.
Running Unified Mux Engine Tricks...
Completed Unified Mux Engine Tricks

Stage: post_elab
-------------------------------------------------------
| Trick             | Accepts | Rejects | Runtime (s) | 
-------------------------------------------------------
| ume_constant_bmux |       0 |       0 |        0.00 | 
| ume_merge         |       0 |       0 |        0.00 | 
| ume_ssm           |       0 |       0 |        0.00 | 
| ume_cse           |       0 |       0 |        0.00 | 
| ume_shrink        |       0 |       0 |        0.00 | 
| ume_sweep         |       0 |       0 |        0.00 | 
-------------------------------------------------------
Starting optimize datapath shifters [v1.0] (stage: post_elab, startdef: aer_pending_gray_epoch, recur: true)
Completed optimize datapath shifters (accepts: 0, rejects: 0, runtime: 0.000s)
Starting clip mux common data inputs [v1.0] (stage: post_elab, startdef: aer_pending_gray_epoch, recur: true)
Completed clip mux common data inputs (accepts: 0, rejects: 0, runtime: 0.000s)
Starting clip the non-user hierarchies [v2.0] (stage: post_elab, startdef: aer_pending_gray_epoch, recur: true)
Completed clip the non-user hierarchies (accepts: 0, rejects: 0, runtime: 0.000s)
Starting basic netlist cleanup [v1.0] (stage: post_elab, startdef: aer_pending_gray_epoch, recur: true)
Completed basic netlist cleanup (accepts: 0, rejects: 0, runtime: 0.000s)

Stage: post_elab
--------------------------------------------------------------------
| Transform                      | Accepts | Rejects | Runtime (s) | 
--------------------------------------------------------------------
| hlo_optimize_datapath_shifters |       0 |       0 |        0.00 | 
| hlo_clip_mux_input             |       0 |       0 |        0.00 | 
| hlo_clip                       |       0 |       0 |        0.00 | 
| hlo_cleanup                    |       0 |       0 |        0.00 | 
--------------------------------------------------------------------
UM:   flow.cputime  flow.realtime  timing.setup.tns  timing.setup.wns  snapshot
UM:*                                                                   elaborate
@file(p7ge_genus_contract_vcd_power_rtl2gate.tcl) 10: set scan_cells [get_db lib_cells *SDFF*]
@file(p7ge_genus_contract_vcd_power_rtl2gate.tcl) 11: if {[llength $scan_cells] > 0} {
    set_db $scan_cells .avoid true
}
  Setting attribute of lib_cell 'SDFFHQX1': 'avoid' = true
  Setting attribute of lib_cell 'SDFFHQX2': 'avoid' = true
  Setting attribute of lib_cell 'SDFFHQX4': 'avoid' = true
  Setting attribute of lib_cell 'SDFFHQXL': 'avoid' = true
  Setting attribute of lib_cell 'SDFFNRX1': 'avoid' = true
  Setting attribute of lib_cell 'SDFFNRX2': 'avoid' = true
  Setting attribute of lib_cell 'SDFFNRX4': 'avoid' = true
  Setting attribute of lib_cell 'SDFFNRXL': 'avoid' = true
  Setting attribute of lib_cell 'SDFFNSRX1': 'avoid' = true
  Setting attribute of lib_cell 'SDFFNSRX2': 'avoid' = true
  Setting attribute of lib_cell 'SDFFNSRX4': 'avoid' = true
  Setting attribute of lib_cell 'SDFFNSRXL': 'avoid' = true
  Setting attribute of lib_cell 'SDFFNSX1': 'avoid' = true
  Setting attribute of lib_cell 'SDFFNSX2': 'avoid' = true
  Setting attribute of lib_cell 'SDFFNSX4': 'avoid' = true
  Setting attribute of lib_cell 'SDFFNSXL': 'avoid' = true
  Setting attribute of lib_cell 'SDFFNX1': 'avoid' = true
  Setting attribute of lib_cell 'SDFFNX2': 'avoid' = true
  Setting attribute of lib_cell 'SDFFNX4': 'avoid' = true
  Setting attribute of lib_cell 'SDFFNXL': 'avoid' = true
  Setting attribute of lib_cell 'SDFFRHQX1': 'avoid' = true
  Setting attribute of lib_cell 'SDFFRHQX2': 'avoid' = true
  Setting attribute of lib_cell 'SDFFRHQX4': 'avoid' = true
  Setting attribute of lib_cell 'SDFFRHQXL': 'avoid' = true
  Setting attribute of lib_cell 'SDFFRX1': 'avoid' = true
  Setting attribute of lib_cell 'SDFFRX2': 'avoid' = true
  Setting attribute of lib_cell 'SDFFRX4': 'avoid' = true
  Setting attribute of lib_cell 'SDFFRXL': 'avoid' = true
  Setting attribute of lib_cell 'SDFFSHQX1': 'avoid' = true
  Setting attribute of lib_cell 'SDFFSHQX2': 'avoid' = true
  Setting attribute of lib_cell 'SDFFSHQX4': 'avoid' = true
  Setting attribute of lib_cell 'SDFFSHQXL': 'avoid' = true
  Setting attribute of lib_cell 'SDFFSRHQX1': 'avoid' = true
  Setting attribute of lib_cell 'SDFFSRHQX2': 'avoid' = true
  Setting attribute of lib_cell 'SDFFSRHQX4': 'avoid' = true
  Setting attribute of lib_cell 'SDFFSRHQXL': 'avoid' = true
  Setting attribute of lib_cell 'SDFFSRX1': 'avoid' = true
  Setting attribute of lib_cell 'SDFFSRX2': 'avoid' = true
  Setting attribute of lib_cell 'SDFFSRX4': 'avoid' = true
  Setting attribute of lib_cell 'SDFFSRXL': 'avoid' = true
  Setting attribute of lib_cell 'SDFFSX1': 'avoid' = true
  Setting attribute of lib_cell 'SDFFSX2': 'avoid' = true
  Setting attribute of lib_cell 'SDFFSX4': 'avoid' = true
  Setting attribute of lib_cell 'SDFFSXL': 'avoid' = true
  Setting attribute of lib_cell 'SDFFTRX1': 'avoid' = true
  Setting attribute of lib_cell 'SDFFTRX2': 'avoid' = true
  Setting attribute of lib_cell 'SDFFTRX4': 'avoid' = true
  Setting attribute of lib_cell 'SDFFTRXL': 'avoid' = true
  Setting attribute of lib_cell 'SDFFX1': 'avoid' = true
  Setting attribute of lib_cell 'SDFFX2': 'avoid' = true
  Setting attribute of lib_cell 'SDFFX4': 'avoid' = true
  Setting attribute of lib_cell 'SDFFXL': 'avoid' = true
@file(p7ge_genus_contract_vcd_power_rtl2gate.tcl) 14: create_clock -name clk -period 10.000 [get_ports clk]
  Library has 278 usable logic and 120 usable sequential lib-cells.
@file(p7ge_genus_contract_vcd_power_rtl2gate.tcl) 15: set_false_path -from [get_ports rst_n]
@file(p7ge_genus_contract_vcd_power_rtl2gate.tcl) 16: set_false_path -from [get_ports src_req_async*]
@file(p7ge_genus_contract_vcd_power_rtl2gate.tcl) 17: set_input_delay 1.000 -clock clk [get_ports out_ready]
@file(p7ge_genus_contract_vcd_power_rtl2gate.tcl) 18: set_output_delay 1.000 -clock clk [get_ports {src_ack_async* out_addr* out_valid}]
@file(p7ge_genus_contract_vcd_power_rtl2gate.tcl) 19: set_max_transition 2.000 [current_design]
@file(p7ge_genus_contract_vcd_power_rtl2gate.tcl) 20: set_max_fanout 16 [current_design]
@file(p7ge_genus_contract_vcd_power_rtl2gate.tcl) 21: syn_generic
stamp 'PBS_Generic-Start' being created for table 'pbs_debug'

  Total Time (Wall) |  Stage Time (Wall)  |   % (Wall)   |    Date - Time     |  Memory   | Stage
--------------------+---------------------+--------------+--------------------+-----------+----------------------
 00:00:21(00:00:18) |  00:00:00(00:00:00) |   0.0(  0.0) |    2:45:30 (Aug21) |  434.4 MB | PBS_Generic-Start
--------------------+---------------------+--------------+--------------------+-----------+----------------------
Number of threads: 8 * 1   (id: pbs_debug, time_info v1.57)
Info: (*N*) indicates data that was populated from previously saved time_info database
Info: CPU time includes time of parent + longest thread

Stage: pre_early_cg
-----------------------------------------------
| Transform | Accepts | Rejects | Runtime (s) | 
-----------------------------------------------
-----------------------------------------------
Mapping ChipWare ICG instances in aer_pending_gray_epoch
Found 0 unmapped ChipWare ICG instances
Mapped 0 of 0 ChipWare ICG instances
##Generic Timing Info: typical gate delay  104.7 ps   std_slew:   32.4 ps   std_load:  9.5 fF  for library domain _default_
Starting mux data reorder optimization [v1.0] (stage: pre_to_gen_setup, startdef: aer_pending_gray_epoch, recur: true)
Completed mux data reorder optimization (accepts: 0, rejects: 0, runtime: 0.001s)

Stage: pre_to_gen_setup
-----------------------------------------------------
| Transform       | Accepts | Rejects | Runtime (s) | 
-----------------------------------------------------
| hlo_mux_reorder |       0 |       0 |        0.00 | 
-----------------------------------------------------
Running DP early constant propagation (netlist aer_pending_gray_epoch)...
Running DP early redundancy removal
Completed DP early redundancy removal on aer_pending_gray_epoch (runtime = 0.0s)
Multi-threaded constant propagation [4|0] ...
...done running DP early constant propagation (0 seconds CPU time, 0 seconds wall time, netlist aer_pending_gray_epoch).
Info    : Synthesizing. [SYNTH-1]
        : Synthesizing 'aer_pending_gray_epoch' to generic gates using 'medium' effort.
Running Synthesis Turbo Flow Version 3.
Info    : Partition Based Synthesis execution skipped. [PHYS-752]
        : Design size is less than the partition size '100000' for distributed generic optimization to kick in.
Starting mux data reorder optimization [v1.0] (stage: pre_to_gen_setup, startdef: aer_pending_gray_epoch, recur: true)
Completed mux data reorder optimization (accepts: 0, rejects: 0, runtime: 0.001s)

Stage: pre_to_gen_setup
-----------------------------------------------------
| Transform       | Accepts | Rejects | Runtime (s) | 
-----------------------------------------------------
| hlo_mux_reorder |       0 |       0 |        0.00 | 
-----------------------------------------------------
Starting mux data reorder optimization [v1.0] (stage: post_to_gen_setup, startdef: aer_pending_gray_epoch, recur: true)
Completed mux data reorder optimization (accepts: 0, rejects: 0, runtime: 0.001s)

Stage: post_to_gen_setup
-----------------------------------------------------
| Transform       | Accepts | Rejects | Runtime (s) | 
-----------------------------------------------------
| hlo_mux_reorder |       0 |       0 |        0.00 | 
-----------------------------------------------------
Running Unified Mux Engine Tricks...
Completed Unified Mux Engine Tricks

Stage: pre_hlo_rtlopt
-----------------------------------------------
| Trick     | Accepts | Rejects | Runtime (s) | 
-----------------------------------------------
| ume_ssm   |       0 |       0 |        0.00 | 
| ume_sweep |       0 |       0 |        0.00 | 
| ume_share |       0 |       0 |        0.00 | 
-----------------------------------------------
Begin SDR optimization CTX_region 
  Setting attribute of root '/': 'hier_sandbox_support_folded' = 1
#Special hiers formed inside aer_pending_gray_epoch = 0
No special hier is found 
  Setting attribute of root '/': 'hier_sandbox_support_folded' = 0
End SDR optimization CTX_region 
Begin SDR optimization UME_region 
  Setting attribute of root '/': 'hier_sandbox_support_folded' = 1
#Special hiers formed inside aer_pending_gray_epoch = 0
No special hier is found 
  Setting attribute of root '/': 'hier_sandbox_support_folded' = 0
End SDR optimization UME_region 
Starting timing based select reordering [v1.0] (stage: pre_rtlopt, startdef: aer_pending_gray_epoch, recur: true)
Completed timing based select reordering (accepts: 0, rejects: 0, runtime: 0.026s)
Starting recase case-box optimization [v1.0] (stage: pre_rtlopt, startdef: aer_pending_gray_epoch, recur: true)
Completed recase case-box optimization (accepts: 0, rejects: 0, runtime: 0.003s)
Starting infer macro optimization [v1.0] (stage: pre_rtlopt, startdef: aer_pending_gray_epoch, recur: true)
Completed infer macro optimization (accepts: 0, rejects: 82, runtime: 0.001s)
Starting decode mux sandwich optimization [v2.0] (stage: pre_rtlopt, startdef: aer_pending_gray_epoch, recur: true)
Completed decode mux sandwich optimization (accepts: 0, rejects: 0, runtime: 0.000s)
Starting decode mux optimization [v1.0] (stage: pre_rtlopt, startdef: aer_pending_gray_epoch, recur: true)
Completed decode mux optimization (accepts: 0, rejects: 0, runtime: 0.000s)
Starting chop wide muxes [v1.0] (stage: pre_rtlopt, startdef: aer_pending_gray_epoch, recur: true)
Completed chop wide muxes (accepts: 0, rejects: 0, runtime: 0.000s)
Starting common data mux cascade opt [v1.0] (stage: pre_rtlopt, startdef: aer_pending_gray_epoch, recur: true)
Completed common data mux cascade opt (accepts: 0, rejects: 0, runtime: 0.001s)
Starting mux input consolidation [v1.0] (stage: pre_rtlopt, startdef: aer_pending_gray_epoch, recur: true)
Completed mux input consolidation (accepts: 0, rejects: 0, runtime: 0.000s)
Starting constant-data mux optimization [v1.0] (stage: pre_rtlopt, startdef: aer_pending_gray_epoch, recur: true)
Completed constant-data mux optimization (accepts: 0, rejects: 0, runtime: 0.000s)
Starting chain-to-tree inequality transform [v2.0] (stage: pre_rtlopt, startdef: aer_pending_gray_epoch, recur: true)
Completed chain-to-tree inequality transform (accepts: 0, rejects: 0, runtime: 0.001s)
Starting reconvergence optimization [v1.0] (stage: pre_rtlopt, startdef: aer_pending_gray_epoch, recur: true)
Completed reconvergence optimization (accepts: 0, rejects: 0, runtime: 0.000s)
Starting logic restructure optimization [v1.0] (stage: pre_rtlopt, startdef: aer_pending_gray_epoch, recur: true)
Completed logic restructure optimization (accepts: 0, rejects: 0, runtime: 0.001s)
Starting identity transform [v3.0] (stage: pre_rtlopt, startdef: aer_pending_gray_epoch, recur: true)
Completed identity transform (accepts: 0, rejects: 1, runtime: 0.000s)
Starting reduce operator chain [v1.0] (stage: pre_rtlopt, startdef: aer_pending_gray_epoch, recur: true)
Completed reduce operator chain (accepts: 0, rejects: 0, runtime: 0.000s)
Starting common data mux cascade opt [v1.0] (stage: pre_rtlopt, startdef: aer_pending_gray_epoch, recur: true)
Completed common data mux cascade opt (accepts: 0, rejects: 0, runtime: 0.000s)
Starting mux input consolidation [v1.0] (stage: pre_rtlopt, startdef: aer_pending_gray_epoch, recur: true)
Completed mux input consolidation (accepts: 0, rejects: 0, runtime: 0.001s)
Starting optimize datapath elements [v1.0] (stage: pre_rtlopt, startdef: aer_pending_gray_epoch, recur: true)
Completed optimize datapath elements (accepts: 0, rejects: 0, runtime: 0.000s)
Starting datapath recasting [v1.0] (stage: pre_rtlopt, startdef: aer_pending_gray_epoch, recur: true)
Completed datapath recasting (accepts: 0, rejects: 0, runtime: 0.000s)
Starting word-level redundancy removal [v1.0] (stage: pre_rtlopt, startdef: aer_pending_gray_epoch, recur: true)
Info    : Setting up the version of high level Redundancy Removal Optimizations. [HLO_RR-1]
        : hlo_rr=1: Enables RRv1, on by default.
Completed word-level redundancy removal (accepts: 0, rejects: 0, runtime: 0.025s)
Starting clip mux common data inputs [v1.0] (stage: pre_rtlopt, startdef: aer_pending_gray_epoch, recur: true)
Completed clip mux common data inputs (accepts: 0, rejects: 0, runtime: 0.000s)
Starting clip the non-user hierarchies [v2.0] (stage: pre_rtlopt, startdef: aer_pending_gray_epoch, recur: true)
Completed clip the non-user hierarchies (accepts: 0, rejects: 0, runtime: 0.000s)
Starting basic netlist cleanup [v1.0] (stage: pre_rtlopt, startdef: aer_pending_gray_epoch, recur: true)
Completed basic netlist cleanup (accepts: 0, rejects: 0, runtime: 0.000s)

Stage: pre_rtlopt
-----------------------------------------------------------------
| Transform                   | Accepts | Rejects | Runtime (s) | 
-----------------------------------------------------------------
| hlo_timing_reorder          |       0 |       0 |        0.03 | 
| hlo_recase_casebox          |       0 |       0 |        0.00 | 
| hlo_infer_macro             |       0 |      82 |        0.00 | 
| hlo_decode_mux_sandwich     |       0 |       0 |        0.00 | 
| hlo_mux_decode              |       0 |       0 |        0.00 | 
| hlo_chop_mux                |       0 |       0 |        0.00 | 
| hlo_mux_cascade_opt         |       0 |       0 |        0.00 | 
| hlo_mux_consolidation       |       0 |       0 |        0.00 | 
| hlo_constant_mux_opt        |       0 |       0 |        0.00 | 
| hlo_inequality_transform    |       0 |       0 |        0.00 | 
| hlo_reconv_opt              |       0 |       0 |        0.00 | 
| hlo_restructure             |       0 |       0 |        0.00 | 
| hlo_identity_transform      |       0 |       1 |        0.00 | 
| hlo_reduce_operator_chain   |       0 |       0 |        0.00 | 
| hlo_mux_cascade_opt         |       0 |       0 |        0.00 | 
| hlo_mux_consolidation       |       0 |       0 |        0.00 | 
| hlo_optimize_datapath       |       0 |       0 |        0.00 | 
| hlo_datapath_recast         |       0 |       0 |        0.00 | 
| hlo_redundancy_removal_word |       0 |       0 |        0.03 | 
| hlo_clip_mux_input          |       0 |       0 |        0.00 | 
| hlo_clip                    |       0 |       0 |        0.00 | 
| hlo_cleanup                 |       0 |       0 |        0.00 | 
-----------------------------------------------------------------
Running Unified Mux Engine Tricks...
Completed Unified Mux Engine Tricks

Stage: post_hlo_rtlopt
----------------------------------------------------------
| Trick                | Accepts | Rejects | Runtime (s) | 
----------------------------------------------------------
| ume_sweep_aggressive |       0 |       0 |        0.00 | 
| ume_runtime          |       0 |       0 |        0.00 | 
----------------------------------------------------------
Number of big hc bmuxes before = 0
Info    : Pre-processed datapath logic. [DPOPT-6]
        : No pre-processing optimizations applied to datapath logic in 'aer_pending_gray_epoch'.
Info    : Optimizing datapath logic. [DPOPT-1]
        : Optimizing datapath logic in 'aer_pending_gray_epoch'.
Info    : Implementing datapath configurations. [DPOPT-3]
        : Implementing datapath configurations for 'CDN_DP_region_0_0'
CSAGen Prep Share:0 Re-Write:0 Speculation: 0
CDN_DP_region_0_0 level = 0 loads = 0 drivers = 0
CDN_DP_region_0_0_c0 in aer_pending_gray_epoch: area: 11593860312 , DP = 16  Decode = 3  Mux = 111  other = 119  sg = slow     
    wns: 0  norm_wns:  -1.0000 
    tns:  0
Combined costing for score 0.00 is 0.00
 skipped
CDN_DP_region_0_0_c1 in aer_pending_gray_epoch: area: 10965277524 , DP = 1  Decode = 3  Mux = 110  other = 144  sg = fast     
    wns: 0  norm_wns:  -1.0000 
    tns:  0
Combined costing for score 0.00 is 0.00
 is current best
CDN_DP_region_0_0_c2 in aer_pending_gray_epoch: area: 10965277524 , DP = 1  Decode = 3  Mux = 110  other = 144  sg = very_slow
    wns: 0  norm_wns:  -1.0000 
    tns:  0
Combined costing for score 0.00 is 0.00
 is current best
CDN_DP_region_0_0_c3 in aer_pending_gray_epoch: area: 10965277524 , DP = 1  Decode = 3  Mux = 110  other = 144  sg = very_fast
    wns: 0  norm_wns:  -1.0000 
    tns:  0
Combined costing for score 0.00 is 0.00
 is current best
CDN_DP_region_0_0_c4 in aer_pending_gray_epoch: area: 10965277524 , DP = 1  Decode = 3  Mux = 110  other = 144  sg = very_fast
    wns: 0  norm_wns:  -1.0000 
    tns:  0
Combined costing for score 0.00 is 0.00
 is current best
CDN_DP_region_0_0_c5 in aer_pending_gray_epoch: area: 10965277524 , DP = 1  Decode = 3  Mux = 110  other = 144  sg = very_fast
    wns: 0  norm_wns:  -1.0000 
    tns:  0
Combined costing for score 0.00 is 0.00
 is current best
CDN_DP_region_0_0_c6 in aer_pending_gray_epoch: area: 10965277524 , DP = 1  Decode = 3  Mux = 110  other = 144  sg = very_fast
    wns: 0  norm_wns:  -1.0000 
    tns:  0
Combined costing for score 0.00 is 0.00
 is current best
CDN_DP_region_0_0_c7 in aer_pending_gray_epoch: area: 10965277524 , DP = 1  Decode = 3  Mux = 110  other = 144  sg = very_fast
    wns: 0  norm_wns:  -1.0000 
    tns:  0
Combined costing for score 0.00 is 0.00
 is current best
Best config: CDN_DP_region_0_0_c7 in aer_pending_gray_epoch: area: 10965277524 , DP = 1  Decode = 3  Mux = 110  other = 144  sg = very_fast
    wns: 0  norm_wns:  -1.0000 
    tns:  0
Combined costing for score 0.00 is 0.00
  Smallest config area : 10965277524.  Fastest config wns;  0
##>+----------------------------------------------------------------------------------------------------------------------------------------------------------------+
##>Summary table of configs (Best config is CDN_DP_region_0_0_c7)
##>+----------------------------------------------------------------------------------------------------------------------------------------------------------------+
##>                     0                  1                  2                  3                  4                  5                  6                  7            
##>+----------------------------------------------------------------------------------------------------------------------------------------------------------------+
##>           Area      11593860312        10965277524        10965277524        10965277524        10965277524        10965277524        10965277524        10965277524  
##>            WNS         +6631.90           +6619.60           +6619.60           +6619.60           +6619.60           +6619.60           +6619.60           +6619.60  
##>            TNS                0                  0                  0                  0                  0                  0                  0                  0  
##>    Num Rewrite                0                  1                  1                  1                  1                  1                  1                  1  
##>     Num Factor                0                  0                  0                  0                  0                  0                  0                  0  
##>      Num Share                0                  0                  0                  0                  0                  0                  0                  0  
##>   Num CmultCse                0                  0                  0                  0                  0                  0                  0                  0  
##>   Num Downsize                0                  0                  0                  0                  0                  0                  0                  0  
##>  Num Speculate                0                  0                  0                  0                  0                  0                  0                  0  
##>     Runtime(s)                0                  0                  0                  0                  0                  0                  0                  0  
+----------------------------------------------------------------------------------------------------------------------------------------------------------------+
##>
##>
##>+-----------------------------------------------------------------------------------------------------------------------------------------------------------------------------------------------------+
##>Optimization Step DEBUG Table for config CDN_DP_region_0_0_c7
##>
##>                          Step                        Area   (  % Chg)         WNS (Change)          TNS (Change)                Power   (  % Chg)        Runtime (s)        Comment                   
##>+-----------------------------------------------------------------------------------------------------------------------------------------------------------------------------------------------------+
##>EquationExtraction              START            11593860312 (       )     6631.90 (        )          0 (        )                    0 (       )              
##> rewrite                        START            11745185798 (  +1.31)     6426.20 ( -205.70)          0 (       0)                    0 (  +0.00)              (a,ar) Expr0_from --> Expr0_to
##>                                  END            12082758036 (  +2.87)     6426.20 (   +0.00)          0 (       0)                    0 (  +0.00)           0  
##>                                  END            11593860312 (  +0.00)     6631.90 (   +0.00)          0 (       0)                    0 (  +0.00)           0  
##>createMaxCarrySave              START            11593860312 (  +0.00)     6631.90 (   +0.00)          0 (       0)                    0 (  +0.00)              
##> datapath_rewrite_one_def       START            11593860312 (  +0.00)     6631.90 (   +0.00)          0 (       0)                    0 (  +0.00)              
##>  rewrite                       START            11593860312 (  +0.00)     6631.90 (   +0.00)          0 (       0)                    0 (  +0.00)              (a,ar) add_c_ohmux_version1 --> add_c_ohmux_version2
##>                                  END            11407613560 (  -1.61)     6631.90 (   +0.00)          0 (       0)                    0 (  +0.00)           0  
##>                                  END            11407613560 (  -1.61)     6631.90 (   +0.00)          0 (       0)                    0 (  +0.00)           0  
##> speculate_in_gdef              START            11407613560 (  +0.00)     6631.90 (   +0.00)          0 (       0)                    0 (  +0.00)              
##>  pre_speculate_mux_merge       START            11407613560 (  +0.00)     6631.90 (   +0.00)          0 (       0)                    0 (  +0.00)              
##>                                  END            11407613560 (  +0.00)     6631.90 (   +0.00)          0 (       0)                    0 (  +0.00)           0  
##>                                  END            11407613560 (  +0.00)     6631.90 (   +0.00)          0 (       0)                    0 (  +0.00)           0  
##> csa_opto                       START            11407613560 (  +0.00)     6631.90 (   +0.00)          0 (       0)                    0 (  +0.00)              
##>                                  END            11372692294 (  -0.31)     6631.90 (   +0.00)          0 (       0)                    0 (  +0.00)           0  
##>                                  END            11372692294 (  -1.91)     6631.90 (   +0.00)          0 (       0)                    0 (  +0.00)           0  
##>canonicalize_by_names           START            11372692294 (  +0.00)     6631.90 (   +0.00)          0 (       0)                    0 (  +0.00)              
##>                                  END            11372692294 (  +0.00)     6631.90 (   +0.00)          0 (       0)                    0 (  +0.00)           0  
##>datapath_rewrite_post_csa_one_  START            11372692294 (  +0.00)     6631.90 (   +0.00)          0 (       0)                    0 (  +0.00)              
##>                                  END            11372692294 (  +0.00)     6631.90 (   +0.00)          0 (       0)                    0 (  +0.00)           0  
##>datapath_csa_factoring_one_gde  START            11372692294 (  +0.00)     6631.90 (   +0.00)          0 (       0)                    0 (  +0.00)              
##>                                  END            11372692294 (  +0.00)     6631.90 (   +0.00)          0 (       0)                    0 (  +0.00)           0  
##>dpopt_share_one_def             START            11372692294 (  +0.00)     6631.90 (   +0.00)          0 (       0)                    0 (  +0.00)              
##>                                  END            11372692294 (  +0.00)     6631.90 (   +0.00)          0 (       0)                    0 (  +0.00)           0  
##>datapath_rewrite_post_share     START            11372692294 (  +0.00)     6631.90 (   +0.00)          0 (       0)                    0 (  +0.00)              
##>                                  END            11372692294 (  +0.00)     6631.90 (   +0.00)          0 (       0)                    0 (  +0.00)           0  
##>dp_combine_const_mult_with_com  START            11372692294 (  +0.00)     6631.90 (   +0.00)          0 (       0)                    0 (  +0.00)              
##>                                  END            11372692294 (  +0.00)     6631.90 (   +0.00)          0 (       0)                    0 (  +0.00)           0  
##>speculate_in_gdef               START            11372692294 (  +0.00)     6631.90 (   +0.00)          0 (       0)                    0 (  +0.00)              
##> pre_speculate_mux_merge        START            11372692294 (  +0.00)     6631.90 (   +0.00)          0 (       0)                    0 (  +0.00)              
##>                                  END            11372692294 (  +0.00)     6631.90 (   +0.00)          0 (       0)                    0 (  +0.00)           0  
##>                                  END            11372692294 (  +0.00)     6631.90 (   +0.00)          0 (       0)                    0 (  +0.00)           0  
##>dp_operator_level_decompositio  START            11372692294 (  +0.00)     6631.90 (   +0.00)          0 (       0)                    0 (  +0.00)              
##>                                  END            11372692294 (  +0.00)     6631.90 (   +0.00)          0 (       0)                    0 (  +0.00)           0  
##>selective_flatten_dp_config     START            11372692294 (  +0.00)     6631.90 (   +0.00)          0 (       0)                    0 (  +0.00)              
##>                                  END            11000198790 (  -3.28)     6619.60 (  -12.30)          0 (       0)                    0 (  +0.00)           0  
##>createMaxCarrySave              START            11000198790 (  +0.00)     6619.60 (   +0.00)          0 (       0)                    0 (  +0.00)              
##> datapath_rewrite_one_def       START            11000198790 (  +0.00)     6619.60 (   +0.00)          0 (       0)                    0 (  +0.00)              
##>  fast_cse_elim                 START            11000198790 (  +0.00)     6619.60 (   +0.00)          0 (       0)                    0 (  +0.00)              
##>                                  END            11000198790 (  +0.00)     6619.60 (   +0.00)          0 (       0)                    0 (  +0.00)           0  
##>  fast_cse_elim                 START            11000198790 (  +0.00)     6619.60 (   +0.00)          0 (       0)                    0 (  +0.00)              
##>                                  END            11000198790 (  +0.00)     6619.60 (   +0.00)          0 (       0)                    0 (  +0.00)           0  
##>                                  END            11000198790 (  +0.00)     6619.60 (   +0.00)          0 (       0)                    0 (  +0.00)           0  
##> speculate_in_gdef              START            11000198790 (  +0.00)     6619.60 (   +0.00)          0 (       0)                    0 (  +0.00)              
##>  pre_speculate_mux_merge       START            11000198790 (  +0.00)     6619.60 (   +0.00)          0 (       0)                    0 (  +0.00)              
##>                                  END            11000198790 (  +0.00)     6619.60 (   +0.00)          0 (       0)                    0 (  +0.00)           0  
##>                                  END            11000198790 (  +0.00)     6619.60 (   +0.00)          0 (       0)                    0 (  +0.00)           0  
##> csa_opto                       START            11000198790 (  +0.00)     6619.60 (   +0.00)          0 (       0)                    0 (  +0.00)              
##>                                  END            11000198790 (  +0.00)     6619.60 (   +0.00)          0 (       0)                    0 (  +0.00)           0  
##>                                  END            11000198790 (  +0.00)     6619.60 (   +0.00)          0 (       0)                    0 (  +0.00)           0  
##>context_based_simplify          START            11000198790 (  +0.00)     6619.60 (   +0.00)          0 (       0)                    0 (  +0.00)              
##>                                  END            10965277524 (  -0.32)     6619.60 (   +0.00)          0 (       0)                    0 (  +0.00)           0  
##>group_csa_final_adder_dp        START            10965277524 (  +0.00)     6619.60 (   +0.00)          0 (       0)                    0 (  +0.00)              
##>                                  END            10965277524 (  +0.00)     6619.60 (   +0.00)          0 (       0)                    0 (  +0.00)           0  
##>dpopt_flatten_critical_muxes_i  START            10965277524 (  +0.00)     6619.60 (   +0.00)          0 (       0)                    0 (  +0.00)              
##>                                  END            10965277524 (  +0.00)     6619.60 (   +0.00)          0 (       0)                    0 (  +0.00)           0  
##>speculate_in_gdef               START            10965277524 (  +0.00)     6619.60 (   +0.00)          0 (       0)                    0 (  +0.00)              
##> pre_speculate_mux_merge        START            10965277524 (  +0.00)     6619.60 (   +0.00)          0 (       0)                    0 (  +0.00)              
##>                                  END            10965277524 (  +0.00)     6619.60 (   +0.00)          0 (       0)                    0 (  +0.00)           0  
##>                                  END            10965277524 (  +0.00)     6619.60 (   +0.00)          0 (       0)                    0 (  +0.00)           0  
##>create_score                    START            10965277524 (  +0.00)     6619.60 (   +0.00)          0 (       0)                    0 (  +0.00)              
##>                                  END            10965277524 (  +0.00)     6619.60 (   +0.00)          0 (       0)                    0 (  +0.00)           0  
##>+-----------------------------------------------------------------------------------------------------------------------------------------------------------------------------------------------------+
Committed config: CDN_DP_region_0_0_c7
Info    : Done implementing datapath configurations. [DPOPT-4]
        : Selected 'very_fast' configuration 7 for module 'CDN_DP_region_0_0_c7'.
          Optimizations applied to 'very_fast' configuration:
            rewriting(1), factoring(0), sharing(0), cmultcse(0), downsizing(0), speculation(0)
Info:  Ungrouped 0 dp-cluster instances.  0 cluster instances were left intact, to aid verification.
Info    : Done optimizing datapath logic. [DPOPT-2]
        : Done optimizing datapath logic in 'aer_pending_gray_epoch'.
Number of big hc bmuxes after = 0
Starting bit-level redundancy removal [v1.0] (stage: post_rtlopt, startdef: aer_pending_gray_epoch, recur: true)
Completed bit-level redundancy removal (accepts: 0, rejects: 0, runtime: 0.022s)
Starting logic reduction [v1.0] (stage: post_rtlopt, startdef: aer_pending_gray_epoch, recur: true)
Completed logic reduction (accepts: 0, rejects: 0, runtime: 0.000s)
Starting mux data reorder optimization [v1.0] (stage: post_rtlopt, startdef: aer_pending_gray_epoch, recur: true)
Completed mux data reorder optimization (accepts: 0, rejects: 0, runtime: 0.001s)
Starting timing based select reordering [v1.0] (stage: post_rtlopt, startdef: aer_pending_gray_epoch, recur: true)
Completed timing based select reordering (accepts: 0, rejects: 0, runtime: 0.024s)

Stage: post_rtlopt
----------------------------------------------------------------
| Transform                  | Accepts | Rejects | Runtime (s) | 
----------------------------------------------------------------
| hlo_redundancy_removal_bit |       0 |       0 |        0.02 | 
| hlo_logic_reduction        |       0 |       0 |        0.00 | 
| hlo_mux_reorder            |       0 |       0 |        0.00 | 
| hlo_timing_reorder         |       0 |       0 |        0.02 | 
----------------------------------------------------------------
Running post blast mux optimization. Please follow up with Cadence support if runtime issues are seen with this optimization.
Starting mux speculation [v1.0] (stage: post_muxopt, startdef: aer_pending_gray_epoch, recur: true)
Starting speculation optimization
Completed speculation optimization (accepts:0)
Completed mux speculation (accepts: 0, rejects: 0, runtime: 0.018s)
Starting timing based select reordering [v1.0] (stage: post_muxopt, startdef: aer_pending_gray_epoch, recur: true)
Completed timing based select reordering (accepts: 0, rejects: 0, runtime: 0.014s)

Stage: post_muxopt
--------------------------------------------------------
| Transform          | Accepts | Rejects | Runtime (s) | 
--------------------------------------------------------
| hlo_speculation    |       0 |       0 |        0.02 | 
| hlo_timing_reorder |       0 |       0 |        0.01 | 
--------------------------------------------------------
==================================
Stage : to_generic 
==================================
  =================
   Message Summary
  =================
---------------------------------------------------------------------------
|    Id    |  Sev  |Count|                  Message Text                  |
---------------------------------------------------------------------------
|CDFG-738  |Info   |   16|Common subexpression eliminated.                |
|CDFG-739  |Info   |   16|Common subexpression kept.                      |
|CDFG-818  |Warning|    1|Using default parameter value for module        |
|          |       |     | elaboration.                                   |
|CWD-19    |Info   |   16|An implementation was inferred.                 |
|DPOPT-1   |Info   |    1|Optimizing datapath logic.                      |
|DPOPT-2   |Info   |    1|Done optimizing datapath logic.                 |
|DPOPT-3   |Info   |    1|Implementing datapath configurations.           |
|DPOPT-4   |Info   |    1|Done implementing datapath configurations.      |
|DPOPT-6   |Info   |    1|Pre-processed datapath logic.                   |
|DPOPT-10  |Info   |    1|Optimized a mux chain.                          |
|ELAB-1    |Info   |    1|Elaborating Design.                             |
|ELAB-3    |Info   |    1|Done Elaborating Design.                        |
|HLO_RR-1  |Info   |    1|Setting up the version of high level Redundancy |
|          |       |     | Removal Optimizations.                         |
|LBR-30    |Info   |  192|Promoting a setup arc to recovery.              |
|          |       |     |Setup arcs to asynchronous input pins are not   |
|          |       |     | supported.                                     |
|LBR-31    |Info   |  208|Promoting a hold arc to removal.                |
|          |       |     |Hold arcs to asynchronous input pins are not    |
|          |       |     | supported.                                     |
|LBR-40    |Info   |    1|An unsupported construct was detected in this   |
|          |       |     | library.                                       |
|          |       |     |Check to see if this construct is really needed |
|          |       |     | for synthesis. Many liberty constructs are not |
|          |       |     | actually required.                             |
|LBR-41    |Info   |    1|An output library pin lacks a function          |
|          |       |     | attribute.                                     |
|          |       |     |If the remainder of this library cell's semantic|
|          |       |     | checks are successful, it will be considered as|
|          |       |     | a timing-model                                 |
|          |       |     | (because one of its outputs does not have a val|
|          |       |     | id function.                                   |
|LBR-155   |Info   |    7|Mismatch in unateness between 'timing_sense'    |
|          |       |     | attribute and the function.                    |
|          |       |     |The 'timing_sense' attribute will be respected. |
|LBR-162   |Info   |  154|Both 'pos_unate' and 'neg_unate' timing_sense   |
|          |       |     | arcs have been processed.                      |
|          |       |     |Setting the 'timing_sense' to non_unate.        |
|LBR-412   |Info   |    1|Created nominal operating condition.            |
|          |       |     |The nominal operating condition is represented, |
|          |       |     | either by the nominal PVT values specified in  |
|          |       |     | the library source                             |
|          |       |     | (via nom_process,nom_voltage and nom_temperatur|
|          |       |     | e respectively)                                |
|          |       |     | , or by the default PVT values (1.0,1.0,1.0).  |
|LBR-518   |Info   |    1|Missing a function attribute in the output pin  |
|          |       |     | definition.                                    |
|LBR-525   |Warning|    8|Missing clock pin in the sequential cell.       |
|          |       |     |Sequential timing checks, such as 'setup_rising'|
|          |       |     | or 'hold_rising', on flop and latch cells      |
|          |       |     | require a clock pin. Verify that the 'clock'   |
|          |       |     | attribute of the clock pin is set to 'true' or |
|          |       |     | that the clock pin has a 'clocked_on'          |
|          |       |     | attribute.                                     |
|PHYS-752  |Info   |    1|Partition Based Synthesis execution skipped.    |
|RTLOPT-40 |Info   |    7|Transformed datapath macro.                     |
|SYNTH-1   |Info   |    1|Synthesizing.                                   |
|TIM-1000  |Info   |    1|Multimode clock gating check is disabled.       |
|VLOGPT-506|Warning|    3|Unused attribute.                               |
---------------------------------------------------------------------------
Mapper: Libraries have:
	domain _default_: 278 combo usable cells and 120 sequential usable cells
Multi-threaded Virtual Mapping    (8 threads per ST process, 8 of 64 CPUs usable)
==================================
Stage : first_condense 
==================================
  =================
   Message Summary
  =================
----------------------------------------------------------
| Id |Sev |Count|              Message Text              |
----------------------------------------------------------
|GB-6|Info|    1|A datapath component has been ungrouped.|
----------------------------------------------------------
 
Global mapping target info
==========================
Cost Group 'clk' target slack:   267 ps
Target path end-point (Pin: pending_q_reg[15]/d)

<REMOTE_HOME>/aer_2026/p6_compare/.st_launch_<REMOTE_HOST>_184327

State Retention Synthesis Status
================================

Category                        Flops   Percentage
--------------------------------------------------
Total instances                    75        100.0
Excluded from State Retention      75        100.0
    - Will not convert             75        100.0
      - Preserved                   0          0.0
      - Power intent excluded      75        100.0
    - Could not convert             0          0.0
      - Scan type                   0          0.0
      - No suitable cell            0          0.0
State Retention instances           0          0.0
--------------------------------------------------

PBS_Generic_Opt-Post - Elapsed_Time 5, CPU_Time 4.638165000000001
stamp 'PBS_Generic_Opt-Post' being created for table 'pbs_debug'

  Total Time (Wall) |  Stage Time (Wall)  |   % (Wall)   |    Date - Time     |  Memory   | Stage
--------------------+---------------------+--------------+--------------------+-----------+----------------------
 00:00:21(00:00:18) |  00:00:00(00:00:00) |   0.0(  0.0) |    2:45:30 (Aug21) |  434.4 MB | PBS_Generic-Start
--------------------+---------------------+--------------+--------------------+-----------+----------------------
 00:00:26(00:00:24) |  00:00:05(00:00:06) | 100.0(100.0) |    2:45:36 (Aug21) |  801.6 MB | PBS_Generic_Opt-Post
--------------------+---------------------+--------------+--------------------+-----------+----------------------
Number of threads: 8 * 1   (id: pbs_debug, time_info v1.57)
Info: (*N*) indicates data that was populated from previously saved time_info database
Info: CPU time includes time of parent + longest thread
PBS_Generic-Postgen HBO Optimizations - Elapsed_Time 0, CPU_Time 0.0
stamp 'PBS_Generic-Postgen HBO Optimizations' being created for table 'pbs_debug'

  Total Time (Wall) |  Stage Time (Wall)  |   % (Wall)   |    Date - Time     |  Memory   | Stage
--------------------+---------------------+--------------+--------------------+-----------+----------------------
 00:00:21(00:00:18) |  00:00:00(00:00:00) |   0.0(  0.0) |    2:45:30 (Aug21) |  434.4 MB | PBS_Generic-Start
--------------------+---------------------+--------------+--------------------+-----------+----------------------
 00:00:26(00:00:24) |  00:00:05(00:00:06) | 100.0(100.0) |    2:45:36 (Aug21) |  801.6 MB | PBS_Generic_Opt-Post
--------------------+---------------------+--------------+--------------------+-----------+----------------------
 00:00:26(00:00:24) |  00:00:00(00:00:00) |   0.0(  0.0) |    2:45:36 (Aug21) |  801.6 MB | PBS_Generic-Postgen HBO Optimizations
--------------------+---------------------+--------------+--------------------+-----------+----------------------
Number of threads: 8 * 1   (id: pbs_debug, time_info v1.57)
Info: (*N*) indicates data that was populated from previously saved time_info database
Info: CPU time includes time of parent + longest thread
Starting post syn_generic ultra-effort Boolean optimization
Redundancy removal succeeded.
Done post syn_generic ultra-effort Boolean optimization (0.00 cpu seconds) (0.00 elapsed cpu seconds)
Info    : Done synthesizing. [SYNTH-2]
        : Done synthesizing 'aer_pending_gray_epoch' to generic gates.
##>=================== Cadence Confidential (Generic-Logical) ===================
##>=================== Cadence Confidential (Generic-Logical) ===================
      flow.cputime  flow.realtime  timing.setup.tns  timing.setup.wns  snapshot
UM:*                                                                   syn_gen
@file(p7ge_genus_contract_vcd_power_rtl2gate.tcl) 22: syn_map
#----------------------------------------------------------------------------------------
# Root attributes for category: opt
#----------------------------------------------------------------------------------------
# Feature                           | Attribute                    | Value            
#----------------------------------------------------------------------------------------
# Avoid tied inputs                 | avoid_tied_inputs            | false (default)  
# Allow floating outputs            | opt_allow_floating_outputs   | false (default)  
# Power optimization effort         | design_power_effort          | none (default)   
# Do not use qbar sequential pins   | dont_use_qbar_seq_pins       | false (default)  
#----------------------------------------------------------------------------------------

##Generic Timing Info: typical gate delay  104.7 ps   std_slew:   32.4 ps   std_load:  9.5 fF  for library domain _default_
Mapping ChipWare ICG instances in aer_pending_gray_epoch
Found 0 unmapped ChipWare ICG instances
Mapped 0 of 0 ChipWare ICG instances
Info    : Mapping. [SYNTH-4]
        : Mapping 'aer_pending_gray_epoch' using 'high' effort.
Mapper: Libraries have:
	domain _default_: 278 combo usable cells and 120 sequential usable cells
PBS_TechMap-Start - Elapsed_Time 0, CPU_Time 0.0
stamp 'PBS_TechMap-Start' being created for table 'pbs_debug'

  Total Time (Wall) |  Stage Time (Wall)  |   % (Wall)   |    Date - Time     |  Memory   | Stage
--------------------+---------------------+--------------+--------------------+-----------+----------------------
 00:00:21(00:00:18) |  00:00:00(00:00:00) |   0.0(  0.0) |    2:45:30 (Aug21) |  434.4 MB | PBS_Generic-Start
--------------------+---------------------+--------------+--------------------+-----------+----------------------
 00:00:26(00:00:24) |  00:00:05(00:00:06) | 100.0(100.0) |    2:45:36 (Aug21) |  801.6 MB | PBS_Generic_Opt-Post
--------------------+---------------------+--------------+--------------------+-----------+----------------------
 00:00:26(00:00:24) |  00:00:00(00:00:00) |   0.0(  0.0) |    2:45:36 (Aug21) |  801.6 MB | PBS_Generic-Postgen HBO Optimizations
--------------------+---------------------+--------------+--------------------+-----------+----------------------
 00:00:26(00:00:24) |  00:00:00(00:00:00) |   0.0(  0.0) |    2:45:36 (Aug21) |  801.6 MB | PBS_TechMap-Start
--------------------+---------------------+--------------+--------------------+-----------+----------------------
Number of threads: 8 * 1   (id: pbs_debug, time_info v1.57)
Info: (*N*) indicates data that was populated from previously saved time_info database
Info: CPU time includes time of parent + longest thread
PBS_TechMap-Premap HBO Optimizations - Elapsed_Time 0, CPU_Time 0.0
stamp 'PBS_TechMap-Premap HBO Optimizations' being created for table 'pbs_debug'

  Total Time (Wall) |  Stage Time (Wall)  |   % (Wall)   |    Date - Time     |  Memory   | Stage
--------------------+---------------------+--------------+--------------------+-----------+----------------------
 00:00:21(00:00:18) |  00:00:00(00:00:00) |   0.0(  0.0) |    2:45:30 (Aug21) |  434.4 MB | PBS_Generic-Start
--------------------+---------------------+--------------+--------------------+-----------+----------------------
 00:00:26(00:00:24) |  00:00:05(00:00:06) | 100.0(100.0) |    2:45:36 (Aug21) |  801.6 MB | PBS_Generic_Opt-Post
--------------------+---------------------+--------------+--------------------+-----------+----------------------
 00:00:26(00:00:24) |  00:00:00(00:00:00) |   0.0(  0.0) |    2:45:36 (Aug21) |  801.6 MB | PBS_Generic-Postgen HBO Optimizations
--------------------+---------------------+--------------+--------------------+-----------+----------------------
 00:00:26(00:00:24) |  00:00:00(00:00:00) |   0.0(  0.0) |    2:45:36 (Aug21) |  801.6 MB | PBS_TechMap-Start
--------------------+---------------------+--------------+--------------------+-----------+----------------------
 00:00:26(00:00:24) |  00:00:00(00:00:00) |   0.0(  0.0) |    2:45:36 (Aug21) |  801.6 MB | PBS_TechMap-Premap HBO Optimizations
--------------------+---------------------+--------------+--------------------+-----------+----------------------
Number of threads: 8 * 1   (id: pbs_debug, time_info v1.57)
Info: (*N*) indicates data that was populated from previously saved time_info database
Info: CPU time includes time of parent + longest thread
Info    : Partition Based Synthesis execution skipped. [PHYS-752]
        : Design size is less than the partition size '100000' for distributed mapping optimization to kick in.
Mapper: Libraries have:
	domain _default_: 278 combo usable cells and 120 sequential usable cells
Multi-threaded Virtual Mapping    (8 threads per ST process, 8 of 64 CPUs usable)
 
Global mapping target info
==========================
Cost Group 'clk' target slack:   267 ps
Target path end-point (Pin: pending_q_reg[15]/d)

Multi-threaded Virtual Mapping    (8 threads per ST process, 8 of 64 CPUs usable)
Multi-threaded Technology Mapping (8 threads per ST process, 8 of 64 CPUs usable)
 
Global mapping status
=====================
                                   Group   
                                  Tot Wrst 
                           Total  Weighted 
Operation                   Area   Slacks  
 global_map                 7268        0 

    Cost Group            Target    Slack    Diff.  Constr.
-----------------------------------------------------------
           clk               267     7329             10000 

 
Global incremental target info
==============================
Cost Group 'clk' target slack:   176 ps
Target path end-point (Pin: pending_q_reg[14]/D (DFFRHQX1/D))

==================================
Stage : global_incr_map 
==================================
  =================
   Message Summary
  =================
------------------------------------------------------------------
|   Id   |Sev |Count|                Message Text                |
------------------------------------------------------------------
|PHYS-752|Info|    1|Partition Based Synthesis execution skipped.|
|SYNTH-2 |Info|    1|Done synthesizing.                          |
|SYNTH-4 |Info|    1|Mapping.                                    |
------------------------------------------------------------------
 
Global incremental optimization status
======================================
                                   Group   
                                  Tot Wrst 
                           Total  Weighted 
Operation                   Area   Slacks  
 global_incr                7248        0 

    Cost Group            Target    Slack    Diff.  Constr.
-----------------------------------------------------------
           clk               176     7268             10000 

<REMOTE_HOME>/aer_2026/p6_compare/.st_launch_<REMOTE_HOST>_184327

State Retention Synthesis Status
================================

Category                        Flops   Percentage
--------------------------------------------------
Total instances                    75        100.0
Excluded from State Retention      75        100.0
    - Will not convert             75        100.0
      - Preserved                   0          0.0
      - Power intent excluded      75        100.0
    - Could not convert             0          0.0
      - Scan type                   0          0.0
      - No suitable cell            0          0.0
State Retention instances           0          0.0
--------------------------------------------------

INFO: skipping constant propagation
PBS_Techmap-Global Mapping - Elapsed_Time 1, CPU_Time 1.2069569999999992
stamp 'PBS_Techmap-Global Mapping' being created for table 'pbs_debug'

  Total Time (Wall) |  Stage Time (Wall)  |   % (Wall)   |    Date - Time     |  Memory   | Stage
--------------------+---------------------+--------------+--------------------+-----------+----------------------
 00:00:21(00:00:18) |  00:00:00(00:00:00) |   0.0(  0.0) |    2:45:30 (Aug21) |  434.4 MB | PBS_Generic-Start
--------------------+---------------------+--------------+--------------------+-----------+----------------------
 00:00:26(00:00:24) |  00:00:05(00:00:06) |  82.4( 85.7) |    2:45:36 (Aug21) |  801.6 MB | PBS_Generic_Opt-Post
--------------------+---------------------+--------------+--------------------+-----------+----------------------
 00:00:26(00:00:24) |  00:00:00(00:00:00) |   0.0(  0.0) |    2:45:36 (Aug21) |  801.6 MB | PBS_Generic-Postgen HBO Optimizations
--------------------+---------------------+--------------+--------------------+-----------+----------------------
 00:00:26(00:00:24) |  00:00:00(00:00:00) |   0.0(  0.0) |    2:45:36 (Aug21) |  801.6 MB | PBS_TechMap-Start
--------------------+---------------------+--------------+--------------------+-----------+----------------------
 00:00:26(00:00:24) |  00:00:00(00:00:00) |   0.0(  0.0) |    2:45:36 (Aug21) |  801.6 MB | PBS_TechMap-Premap HBO Optimizations
--------------------+---------------------+--------------+--------------------+-----------+----------------------
 00:00:27(00:00:25) |  00:00:01(00:00:01) |  17.6( 14.3) |    2:45:37 (Aug21) |  801.6 MB | PBS_Techmap-Global Mapping
--------------------+---------------------+--------------+--------------------+-----------+----------------------
Number of threads: 8 * 1   (id: pbs_debug, time_info v1.57)
Info: (*N*) indicates data that was populated from previously saved time_info database
Info: CPU time includes time of parent + longest thread
Info    : Wrote formal verification information. [CFM-5]
        : Wrote 'fv/aer_pending_gray_epoch/fv_map.fv.json' for netlist 'fv/aer_pending_gray_epoch/fv_map.v.gz'.
Info    : Existing dofile found. Copied as fv/aer_pending_gray_epoch/rtl_to_fv_map.do~.
Info    : Wrote dofile. [CFM-1]
        : Dofile is 'fv/aer_pending_gray_epoch/rtl_to_fv_map.do'.
        : RTL names flow is enabled.
PBS_TechMap-Datapath Postmap Operations - Elapsed_Time 2, CPU_Time 2.0
stamp 'PBS_TechMap-Datapath Postmap Operations' being created for table 'pbs_debug'

  Total Time (Wall) |  Stage Time (Wall)  |   % (Wall)   |    Date - Time     |  Memory   | Stage
--------------------+---------------------+--------------+--------------------+-----------+----------------------
 00:00:21(00:00:18) |  00:00:00(00:00:00) |   0.0(  0.0) |    2:45:30 (Aug21) |  434.4 MB | PBS_Generic-Start
--------------------+---------------------+--------------+--------------------+-----------+----------------------
 00:00:26(00:00:24) |  00:00:05(00:00:06) |  63.7( 66.7) |    2:45:36 (Aug21) |  801.6 MB | PBS_Generic_Opt-Post
--------------------+---------------------+--------------+--------------------+-----------+----------------------
 00:00:26(00:00:24) |  00:00:00(00:00:00) |   0.0(  0.0) |    2:45:36 (Aug21) |  801.6 MB | PBS_Generic-Postgen HBO Optimizations
--------------------+---------------------+--------------+--------------------+-----------+----------------------
 00:00:26(00:00:24) |  00:00:00(00:00:00) |   0.0(  0.0) |    2:45:36 (Aug21) |  801.6 MB | PBS_TechMap-Start
--------------------+---------------------+--------------+--------------------+-----------+----------------------
 00:00:26(00:00:24) |  00:00:00(00:00:00) |   0.0(  0.0) |    2:45:36 (Aug21) |  801.6 MB | PBS_TechMap-Premap HBO Optimizations
--------------------+---------------------+--------------+--------------------+-----------+----------------------
 00:00:27(00:00:25) |  00:00:01(00:00:01) |  13.6( 11.1) |    2:45:37 (Aug21) |  801.6 MB | PBS_Techmap-Global Mapping
--------------------+---------------------+--------------+--------------------+-----------+----------------------
 00:00:29(00:00:27) |  00:00:02(00:00:02) |  22.6( 22.2) |    2:45:39 (Aug21) |  801.6 MB | PBS_TechMap-Datapath Postmap Operations
--------------------+---------------------+--------------+--------------------+-----------+----------------------
Number of threads: 8 * 1   (id: pbs_debug, time_info v1.57)
Info: (*N*) indicates data that was populated from previously saved time_info database
Info: CPU time includes time of parent + longest thread
PBS_TechMap-Postmap HBO Optimizations - Elapsed_Time 0, CPU_Time -0.005665000000000475
stamp 'PBS_TechMap-Postmap HBO Optimizations' being created for table 'pbs_debug'

  Total Time (Wall) |  Stage Time (Wall)  |   % (Wall)   |    Date - Time     |  Memory   | Stage
--------------------+---------------------+--------------+--------------------+-----------+----------------------
 00:00:21(00:00:18) |  00:00:00(00:00:00) |   0.0(  0.0) |    2:45:30 (Aug21) |  434.4 MB | PBS_Generic-Start
--------------------+---------------------+--------------+--------------------+-----------+----------------------
 00:00:26(00:00:24) |  00:00:05(00:00:06) |  63.8( 66.7) |    2:45:36 (Aug21) |  801.6 MB | PBS_Generic_Opt-Post
--------------------+---------------------+--------------+--------------------+-----------+----------------------
 00:00:26(00:00:24) |  00:00:00(00:00:00) |   0.0(  0.0) |    2:45:36 (Aug21) |  801.6 MB | PBS_Generic-Postgen HBO Optimizations
--------------------+---------------------+--------------+--------------------+-----------+----------------------
 00:00:26(00:00:24) |  00:00:00(00:00:00) |   0.0(  0.0) |    2:45:36 (Aug21) |  801.6 MB | PBS_TechMap-Start
--------------------+---------------------+--------------+--------------------+-----------+----------------------
 00:00:26(00:00:24) |  00:00:00(00:00:00) |   0.0(  0.0) |    2:45:36 (Aug21) |  801.6 MB | PBS_TechMap-Premap HBO Optimizations
--------------------+---------------------+--------------+--------------------+-----------+----------------------
 00:00:27(00:00:25) |  00:00:01(00:00:01) |  13.7( 11.1) |    2:45:37 (Aug21) |  801.6 MB | PBS_Techmap-Global Mapping
--------------------+---------------------+--------------+--------------------+-----------+----------------------
 00:00:29(00:00:27) |  00:00:02(00:00:02) |  22.6( 22.2) |    2:45:39 (Aug21) |  801.6 MB | PBS_TechMap-Datapath Postmap Operations
--------------------+---------------------+--------------+--------------------+-----------+----------------------
 00:00:29(00:00:27) |  00:00:00(00:00:00) |  -0.1(  0.0) |    2:45:39 (Aug21) |  801.6 MB | PBS_TechMap-Postmap HBO Optimizations
--------------------+---------------------+--------------+--------------------+-----------+----------------------
Number of threads: 8 * 1   (id: pbs_debug, time_info v1.57)
Info: (*N*) indicates data that was populated from previously saved time_info database
Info: CPU time includes time of parent + longest thread
 Doing ConstProp on design:aer_pending_gray_epoch ... 

Time taken by ConstProp Step: 00:00:00
PBS_TechMap-Postmap Clock Gating - Elapsed_Time 0, CPU_Time 0.0
stamp 'PBS_TechMap-Postmap Clock Gating' being created for table 'pbs_debug'

  Total Time (Wall) |  Stage Time (Wall)  |   % (Wall)   |    Date - Time     |  Memory   | Stage
--------------------+---------------------+--------------+--------------------+-----------+----------------------
 00:00:21(00:00:18) |  00:00:00(00:00:00) |   0.0(  0.0) |    2:45:30 (Aug21) |  434.4 MB | PBS_Generic-Start
--------------------+---------------------+--------------+--------------------+-----------+----------------------
 00:00:26(00:00:24) |  00:00:05(00:00:06) |  63.8( 66.7) |    2:45:36 (Aug21) |  801.6 MB | PBS_Generic_Opt-Post
--------------------+---------------------+--------------+--------------------+-----------+----------------------
 00:00:26(00:00:24) |  00:00:00(00:00:00) |   0.0(  0.0) |    2:45:36 (Aug21) |  801.6 MB | PBS_Generic-Postgen HBO Optimizations
--------------------+---------------------+--------------+--------------------+-----------+----------------------
 00:00:26(00:00:24) |  00:00:00(00:00:00) |   0.0(  0.0) |    2:45:36 (Aug21) |  801.6 MB | PBS_TechMap-Start
--------------------+---------------------+--------------+--------------------+-----------+----------------------
 00:00:26(00:00:24) |  00:00:00(00:00:00) |   0.0(  0.0) |    2:45:36 (Aug21) |  801.6 MB | PBS_TechMap-Premap HBO Optimizations
--------------------+---------------------+--------------+--------------------+-----------+----------------------
 00:00:27(00:00:25) |  00:00:01(00:00:01) |  13.7( 11.1) |    2:45:37 (Aug21) |  801.6 MB | PBS_Techmap-Global Mapping
--------------------+---------------------+--------------+--------------------+-----------+----------------------
 00:00:29(00:00:27) |  00:00:02(00:00:02) |  22.6( 22.2) |    2:45:39 (Aug21) |  801.6 MB | PBS_TechMap-Datapath Postmap Operations
--------------------+---------------------+--------------+--------------------+-----------+----------------------
 00:00:29(00:00:27) |  00:00:00(00:00:00) |  -0.1(  0.0) |    2:45:39 (Aug21) |  801.6 MB | PBS_TechMap-Postmap HBO Optimizations
--------------------+---------------------+--------------+--------------------+-----------+----------------------
 00:00:29(00:00:27) |  00:00:00(00:00:00) |   0.0(  0.0) |    2:45:39 (Aug21) |  801.6 MB | PBS_TechMap-Postmap Clock Gating
--------------------+---------------------+--------------+--------------------+-----------+----------------------
Number of threads: 8 * 1   (id: pbs_debug, time_info v1.57)
Info: (*N*) indicates data that was populated from previously saved time_info database
Info: CPU time includes time of parent + longest thread
-------------------------------------------------------------------------------
 hi_fo_buf                  7248        0         0         0        0        0

           Trick     Calls     Accepts   Attempts    Time(secs) 
-----------------------------------------------------------
       hi_fo_buf         0  (        0 /        0 )  0.00

 
Incremental optimization status
===============================
                                   Group   
                                  Tot Wrst     Total - - - - DRC Totals - - - -
                           Total  Weighted      Neg      Max       Max     Max  
Operation                   Area   Slacks      Slack    Trans      Cap   Fanout 
 init_delay                 7248        0         0         0        0        0

           Trick     Calls     Accepts   Attempts    Time(secs) 
-----------------------------------------------------------
       crit_upsz         0  (        0 /        0 )  0.00
    plc_bal_star         0  (        0 /        0 )  0.00
     drc_buftimb         0  (        0 /        0 )  0.00
          plc_st         0  (        0 /        0 )  0.00
    plc_st_fence         0  (        0 /        0 )  0.00
        plc_star         0  (        0 /        0 )  0.00
      plc_laf_st         0  (        0 /        0 )  0.00
 plc_laf_st_fence         0  (        0 /        0 )  0.00
     drc_buftims         0  (        0 /        0 )  0.00
            fopt         0  (        0 /        0 )  0.00
   plc_laf_lo_st         0  (        0 /        0 )  0.00
       plc_lo_st         0  (        0 /        0 )  0.00
        mb_split         0  (        0 /        0 )  0.00

 
Local TNS optimization status
=============================
                                   Group   
                                  Tot Wrst     Total - - - - DRC Totals - - - -
                           Total  Weighted      Neg      Max       Max     Max  
Operation                   Area   Slacks      Slack    Trans      Cap   Fanout 
 init_tns                   7248        0         0         0        0        0

           Trick     Calls     Accepts   Attempts    Time(secs) 
-----------------------------------------------------------
    plc_bal_star         0  (        0 /        0 )  0.00
     drc_buftimb         0  (        0 /        0 )  0.00
     drc_buftims         0  (        0 /        0 )  0.00
       crit_upsz         0  (        0 /        0 )  0.00
   plc_laf_lo_st         0  (        0 /        0 )  0.00
       plc_lo_st         0  (        0 /        0 )  0.00
            fopt         0  (        0 /        0 )  0.00
       crit_dnsz         0  (        0 /        0 )  0.00
             dup         0  (        0 /        0 )  0.00
        setup_dn         0  (        0 /        0 )  0.00
        mb_split         0  (        0 /        0 )  0.00

PBS_TechMap-Postmap Cleanup - Elapsed_Time 0, CPU_Time -0.005483999999999156
stamp 'PBS_TechMap-Postmap Cleanup' being created for table 'pbs_debug'

  Total Time (Wall) |  Stage Time (Wall)  |   % (Wall)   |    Date - Time     |  Memory   | Stage
--------------------+---------------------+--------------+--------------------+-----------+----------------------
 00:00:21(00:00:18) |  00:00:00(00:00:00) |   0.0(  0.0) |    2:45:30 (Aug21) |  434.4 MB | PBS_Generic-Start
--------------------+---------------------+--------------+--------------------+-----------+----------------------
 00:00:26(00:00:24) |  00:00:05(00:00:06) |  63.8( 66.7) |    2:45:36 (Aug21) |  801.6 MB | PBS_Generic_Opt-Post
--------------------+---------------------+--------------+--------------------+-----------+----------------------
 00:00:26(00:00:24) |  00:00:00(00:00:00) |   0.0(  0.0) |    2:45:36 (Aug21) |  801.6 MB | PBS_Generic-Postgen HBO Optimizations
--------------------+---------------------+--------------+--------------------+-----------+----------------------
 00:00:26(00:00:24) |  00:00:00(00:00:00) |   0.0(  0.0) |    2:45:36 (Aug21) |  801.6 MB | PBS_TechMap-Start
--------------------+---------------------+--------------+--------------------+-----------+----------------------
 00:00:26(00:00:24) |  00:00:00(00:00:00) |   0.0(  0.0) |    2:45:36 (Aug21) |  801.6 MB | PBS_TechMap-Premap HBO Optimizations
--------------------+---------------------+--------------+--------------------+-----------+----------------------
 00:00:27(00:00:25) |  00:00:01(00:00:01) |  13.7( 11.1) |    2:45:37 (Aug21) |  801.6 MB | PBS_Techmap-Global Mapping
--------------------+---------------------+--------------+--------------------+-----------+----------------------
 00:00:29(00:00:27) |  00:00:02(00:00:02) |  22.6( 22.2) |    2:45:39 (Aug21) |  801.6 MB | PBS_TechMap-Datapath Postmap Operations
--------------------+---------------------+--------------+--------------------+-----------+----------------------
 00:00:29(00:00:27) |  00:00:00(00:00:00) |  -0.1(  0.0) |    2:45:39 (Aug21) |  801.6 MB | PBS_TechMap-Postmap HBO Optimizations
--------------------+---------------------+--------------+--------------------+-----------+----------------------
 00:00:29(00:00:27) |  00:00:00(00:00:00) |   0.0(  0.0) |    2:45:39 (Aug21) |  801.6 MB | PBS_TechMap-Postmap Clock Gating
--------------------+---------------------+--------------+--------------------+-----------+----------------------
 00:00:29(00:00:27) |  00:00:00(00:00:00) |  -0.1(  0.0) |    2:45:39 (Aug21) |  801.6 MB | PBS_TechMap-Postmap Cleanup
--------------------+---------------------+--------------+--------------------+-----------+----------------------
Number of threads: 8 * 1   (id: pbs_debug, time_info v1.57)
Info: (*N*) indicates data that was populated from previously saved time_info database
Info: CPU time includes time of parent + longest thread
PBS_Techmap-Post_MBCI - Elapsed_Time 0, CPU_Time 0.0
stamp 'PBS_Techmap-Post_MBCI' being created for table 'pbs_debug'

  Total Time (Wall) |  Stage Time (Wall)  |   % (Wall)   |    Date - Time     |  Memory   | Stage
--------------------+---------------------+--------------+--------------------+-----------+----------------------
 00:00:21(00:00:18) |  00:00:00(00:00:00) |   0.0(  0.0) |    2:45:30 (Aug21) |  434.4 MB | PBS_Generic-Start
--------------------+---------------------+--------------+--------------------+-----------+----------------------
 00:00:26(00:00:24) |  00:00:05(00:00:06) |  63.8( 66.7) |    2:45:36 (Aug21) |  801.6 MB | PBS_Generic_Opt-Post
--------------------+---------------------+--------------+--------------------+-----------+----------------------
 00:00:26(00:00:24) |  00:00:00(00:00:00) |   0.0(  0.0) |    2:45:36 (Aug21) |  801.6 MB | PBS_Generic-Postgen HBO Optimizations
--------------------+---------------------+--------------+--------------------+-----------+----------------------
 00:00:26(00:00:24) |  00:00:00(00:00:00) |   0.0(  0.0) |    2:45:36 (Aug21) |  801.6 MB | PBS_TechMap-Start
--------------------+---------------------+--------------+--------------------+-----------+----------------------
 00:00:26(00:00:24) |  00:00:00(00:00:00) |   0.0(  0.0) |    2:45:36 (Aug21) |  801.6 MB | PBS_TechMap-Premap HBO Optimizations
--------------------+---------------------+--------------+--------------------+-----------+----------------------
 00:00:27(00:00:25) |  00:00:01(00:00:01) |  13.7( 11.1) |    2:45:37 (Aug21) |  801.6 MB | PBS_Techmap-Global Mapping
--------------------+---------------------+--------------+--------------------+-----------+----------------------
 00:00:29(00:00:27) |  00:00:02(00:00:02) |  22.6( 22.2) |    2:45:39 (Aug21) |  801.6 MB | PBS_TechMap-Datapath Postmap Operations
--------------------+---------------------+--------------+--------------------+-----------+----------------------
 00:00:29(00:00:27) |  00:00:00(00:00:00) |  -0.1(  0.0) |    2:45:39 (Aug21) |  801.6 MB | PBS_TechMap-Postmap HBO Optimizations
--------------------+---------------------+--------------+--------------------+-----------+----------------------
 00:00:29(00:00:27) |  00:00:00(00:00:00) |   0.0(  0.0) |    2:45:39 (Aug21) |  801.6 MB | PBS_TechMap-Postmap Clock Gating
--------------------+---------------------+--------------+--------------------+-----------+----------------------
 00:00:29(00:00:27) |  00:00:00(00:00:00) |  -0.1(  0.0) |    2:45:39 (Aug21) |  801.6 MB | PBS_TechMap-Postmap Cleanup
--------------------+---------------------+--------------+--------------------+-----------+----------------------
 00:00:29(00:00:27) |  00:00:00(00:00:00) |   0.0(  0.0) |    2:45:39 (Aug21) |  801.6 MB | PBS_Techmap-Post_MBCI
--------------------+---------------------+--------------+--------------------+-----------+----------------------
Number of threads: 8 * 1   (id: pbs_debug, time_info v1.57)
Info: (*N*) indicates data that was populated from previously saved time_info database
Info: CPU time includes time of parent + longest thread
##>=================== Cadence Confidential (Mapping-Logical) ===================
##>Main Thread Summary:
##>----------------------------------------------------------------------------------------
##>STEP                           Elapsed       WNS       TNS     Insts      Area    Memory
##>----------------------------------------------------------------------------------------
##>M:Initial                            0         -         -       322     11838       801
##>M:Early Clock Gating                 0         -         -         -         -         -
##>M:Pre Cleanup                        0         -         -       322     11838       801
##>M:Setup                              0         -         -         -         -         -
##>M:Launch ST                          0         -         -         -         -         -
##>M:Design Partition                   0         -         -         -         -         -
##>M:Create Partition Netlists          0         -         -         -         -         -
##>M:Init Power                         0         -         -         -         -         -
##>M:Budgeting                          0         -         -         -         -         -
##>M:Derenv-DB                          0         -         -         -         -         -
##>M:Debug Outputs                      0         -         -         -         -         -
##>M:ST loading                         0         -         -         -         -         -
##>M:Distributed                        0         -         -         -         -         -
##>M:Timer                              0         -         -         -         -         -
##>M:Assembly                           0         -         -         -         -         -
##>M:DFT                                0         -         -         -         -         -
##>M:DP Operations                      2         -         -       237      7248       801
##>M:Const Prop                         0      7267         0       237      7248       801
##>M:Cleanup                            0      7267         0       237      7248       801
##>M:MBCI                               0         -         -       237      7248       801
##>M:PostGen Opt                        0         -         -         -         -         -
##>M:Const Gate Removal                 0         -         -         -         -         -
##>M:Early Clock Gating Cleanup         0         -         -         -         -         -
##>M:Misc                               1
##>----------------------------------------------------------------------------------------
##>Total Elapsed                        3
##>========================================================================================
Info    : Done mapping. [SYNTH-5]
        : Done mapping 'aer_pending_gray_epoch'.
      flow.cputime  flow.realtime  timing.setup.tns  timing.setup.wns  snapshot
UM:*                                                                   syn_map
@file(p7ge_genus_contract_vcd_power_rtl2gate.tcl) 23: set synchronizer_insts [concat \
    [get_db insts *req_meta_q_reg*] \
    [get_db insts *req_sync_q_reg*] \
    [get_db insts *reset_release_q_reg*]]
@file(p7ge_genus_contract_vcd_power_rtl2gate.tcl) 27: set_db $synchronizer_insts .preserve true
  Setting attribute of inst 'req_meta_q_reg[15]': 'preserve' = true
  Setting attribute of inst 'req_meta_q_reg[10]': 'preserve' = true
  Setting attribute of inst 'req_meta_q_reg[0]': 'preserve' = true
  Setting attribute of inst 'req_meta_q_reg[2]': 'preserve' = true
  Setting attribute of inst 'req_meta_q_reg[1]': 'preserve' = true
  Setting attribute of inst 'req_meta_q_reg[5]': 'preserve' = true
  Setting attribute of inst 'req_meta_q_reg[11]': 'preserve' = true
  Setting attribute of inst 'req_meta_q_reg[13]': 'preserve' = true
  Setting attribute of inst 'req_meta_q_reg[7]': 'preserve' = true
  Setting attribute of inst 'req_meta_q_reg[3]': 'preserve' = true
  Setting attribute of inst 'req_meta_q_reg[4]': 'preserve' = true
  Setting attribute of inst 'req_meta_q_reg[6]': 'preserve' = true
  Setting attribute of inst 'req_meta_q_reg[12]': 'preserve' = true
  Setting attribute of inst 'req_meta_q_reg[9]': 'preserve' = true
  Setting attribute of inst 'req_meta_q_reg[8]': 'preserve' = true
  Setting attribute of inst 'req_meta_q_reg[14]': 'preserve' = true
  Setting attribute of inst 'req_sync_q_reg[4]': 'preserve' = true
  Setting attribute of inst 'req_sync_q_reg[8]': 'preserve' = true
  Setting attribute of inst 'req_sync_q_reg[5]': 'preserve' = true
  Setting attribute of inst 'req_sync_q_reg[9]': 'preserve' = true
  Setting attribute of inst 'req_sync_q_reg[3]': 'preserve' = true
  Setting attribute of inst 'req_sync_q_reg[10]': 'preserve' = true
  Setting attribute of inst 'req_sync_q_reg[0]': 'preserve' = true
  Setting attribute of inst 'req_sync_q_reg[14]': 'preserve' = true
  Setting attribute of inst 'req_sync_q_reg[6]': 'preserve' = true
  Setting attribute of inst 'req_sync_q_reg[2]': 'preserve' = true
  Setting attribute of inst 'req_sync_q_reg[13]': 'preserve' = true
  Setting attribute of inst 'req_sync_q_reg[12]': 'preserve' = true
  Setting attribute of inst 'req_sync_q_reg[1]': 'preserve' = true
  Setting attribute of inst 'req_sync_q_reg[15]': 'preserve' = true
  Setting attribute of inst 'req_sync_q_reg[11]': 'preserve' = true
  Setting attribute of inst 'req_sync_q_reg[7]': 'preserve' = true
  Setting attribute of inst 'reset_release_q_reg[1]': 'preserve' = true
  Setting attribute of inst 'reset_release_q_reg[0]': 'preserve' = true
@file(p7ge_genus_contract_vcd_power_rtl2gate.tcl) 28: puts "P7GE_SYNCHRONIZER_INSTS_PRESERVED=[llength $synchronizer_insts]"
P7GE_SYNCHRONIZER_INSTS_PRESERVED=34
@file(p7ge_genus_contract_vcd_power_rtl2gate.tcl) 29: syn_opt
Warning : The selected flow setting will be removed in a future release. [SYNTH-33]
        : The use of 'syn_opt' for logical only optimization will be obsolete in a future release.
	Transition to 'syn_opt -logical' or 'syn_opt -spatial'.

        : Contact Cadence support to understand current flows.
Info    : Incrementally optimizing. [SYNTH-7]
        : Incrementally optimizing 'aer_pending_gray_epoch' using 'high' effort.
 
Incremental optimization status
===============================
                                   Group   
                                  Tot Wrst     Total - - - - DRC Totals - - - -
                           Total  Weighted      Neg      Max       Max     Max  
Operation                   Area   Slacks      Slack    Trans      Cap   Fanout 
 init_iopt                  7248        0         0         0        0        0
-------------------------------------------------------------------------------
 const_prop                 7248        0         0         0        0        0
 simp_cc_inputs             7248        0         0         0        0        0
-------------------------------------------------------------------------------
 hi_fo_buf                  7248        0         0         0        0        0

           Trick     Calls     Accepts   Attempts    Time(secs) 
-----------------------------------------------------------
       hi_fo_buf         0  (        0 /        0 )  0.00

 
Incremental optimization status
===============================
                                   Group   
                                  Tot Wrst     Total - - - - DRC Totals - - - -
                           Total  Weighted      Neg      Max       Max     Max  
Operation                   Area   Slacks      Slack    Trans      Cap   Fanout 
 init_delay                 7248        0         0         0        0        0

           Trick     Calls     Accepts   Attempts    Time(secs) 
-----------------------------------------------------------
        crit_msz         0  (        0 /        0 )  0.00
       crit_upsz         0  (        0 /        0 )  0.00
       crit_slew         0  (        0 /        0 )  0.00
        setup_dn         0  (        0 /        0 )  0.00
    plc_bal_star         0  (        0 /        0 )  0.00
     drc_buftimb         0  (        0 /        0 )  0.00
          plc_st         0  (        0 /        0 )  0.00
    plc_st_fence         0  (        0 /        0 )  0.00
        plc_star         0  (        0 /        0 )  0.00
      plc_laf_st         0  (        0 /        0 )  0.00
 plc_laf_st_fence         0  (        0 /        0 )  0.00
     drc_buftims         0  (        0 /        0 )  0.00
   plc_laf_lo_st         0  (        0 /        0 )  0.00
       plc_lo_st         0  (        0 /        0 )  0.00
            fopt         0  (        0 /        0 )  0.00
       crit_swap         0  (        0 /        0 )  0.00
       mux2_swap         0  (        0 /        0 )  0.00
       crit_dnsz         0  (        0 /        0 )  0.00
       load_swap         0  (        0 /        0 )  0.00
            fopt         0  (        0 /        0 )  0.00
        setup_dn         0  (        0 /        0 )  0.00
       load_isol         0  (        0 /        0 )  0.00
       load_isol         0  (        0 /        0 )  0.00
        move_for         0  (        0 /        0 )  0.00
        move_for         0  (        0 /        0 )  0.00
          rem_bi         0  (        0 /        0 )  0.00
         offload         0  (        0 /        0 )  0.00
          rem_bi         0  (        0 /        0 )  0.00
         offload         0  (        0 /        0 )  0.00
           phase         0  (        0 /        0 )  0.00
        in_phase         0  (        0 /        0 )  0.00
       merge_bit         0  (        0 /        0 )  0.00
     merge_idrvr         0  (        0 /        0 )  0.00
     merge_iload         0  (        0 /        0 )  0.00
    merge_idload         0  (        0 /        0 )  0.00
      merge_drvr         0  (        0 /        0 )  0.00
      merge_load         0  (        0 /        0 )  0.00
          decomp         0  (        0 /        0 )  0.00
        p_decomp         0  (        0 /        0 )  0.00
        levelize         0  (        0 /        0 )  0.00
        mb_split         0  (        0 /        0 )  0.00
             dup         0  (        0 /        0 )  0.00
      mux_retime         0  (        0 /        0 )  0.00
         buf2inv         0  (        0 /        0 )  0.00
             exp         0  (        0 /        0 )  0.00
       gate_deco         0  (        0 /        0 )  0.00
       gcomp_tim         0  (        0 /        0 )  0.00
  inv_pair_2_buf         0  (        0 /        0 )  0.00


           Trick     Calls     Accepts   Attempts    Time(secs) 
-----------------------------------------------------------
         crr_220         0  (        0 /        0 )  0.00
        crr_glob         0  (        0 /        0 )  0.00
         crr_200         0  (        0 /        0 )  0.00
        crr_glob         0  (        0 /        0 )  0.00
         crr_300         0  (        0 /        0 )  0.00
        crr_glob         0  (        0 /        0 )  0.00
         crr_400         0  (        0 /        0 )  0.00
        crr_glob         0  (        0 /        0 )  0.00
         crr_111         0  (        0 /        0 )  0.00
        crr_glob         0  (        0 /        0 )  0.00
         crr_210         0  (        0 /        0 )  0.00
        crr_glob         0  (        0 /        0 )  0.00
         crr_110         0  (        0 /        0 )  0.00
        crr_glob         0  (        0 /        0 )  0.00
         crr_101         0  (        0 /        0 )  0.00
        crr_glob         0  (        0 /        0 )  0.00
         crr_201         0  (        0 /        0 )  0.00
        crr_glob         0  (        0 /        0 )  0.00
         crr_211         0  (        0 /        0 )  0.00
        crr_glob         0  (        0 /        0 )  0.00
        crit_msz         0  (        0 /        0 )  0.00
       crit_upsz         0  (        0 /        0 )  0.00
       crit_slew         0  (        0 /        0 )  0.00
        setup_dn         0  (        0 /        0 )  0.00
    plc_bal_star         0  (        0 /        0 )  0.00
     drc_buftimb         0  (        0 /        0 )  0.00
          plc_st         0  (        0 /        0 )  0.00
    plc_st_fence         0  (        0 /        0 )  0.00
        plc_star         0  (        0 /        0 )  0.00
      plc_laf_st         0  (        0 /        0 )  0.00
 plc_laf_st_fence         0  (        0 /        0 )  0.00
     drc_buftims         0  (        0 /        0 )  0.00
       plc_lo_st         0  (        0 /        0 )  0.00
            fopt         0  (        0 /        0 )  0.00
       crit_swap         0  (        0 /        0 )  0.00
       mux2_swap         0  (        0 /        0 )  0.00
       crit_dnsz         0  (        0 /        0 )  0.00
       load_swap         0  (        0 /        0 )  0.00
            fopt         0  (        0 /        0 )  0.00
        setup_dn         0  (        0 /        0 )  0.00
       load_isol         0  (        0 /        0 )  0.00
       load_isol         0  (        0 /        0 )  0.00
        move_for         0  (        0 /        0 )  0.00
        move_for         0  (        0 /        0 )  0.00
          rem_bi         0  (        0 /        0 )  0.00
         offload         0  (        0 /        0 )  0.00
          rem_bi         0  (        0 /        0 )  0.00
         offload         0  (        0 /        0 )  0.00
       merge_bit         0  (        0 /        0 )  0.00
     merge_idrvr         0  (        0 /        0 )  0.00
     merge_iload         0  (        0 /        0 )  0.00
    merge_idload         0  (        0 /        0 )  0.00
      merge_drvr         0  (        0 /        0 )  0.00
      merge_load         0  (        0 /        0 )  0.00
           phase         0  (        0 /        0 )  0.00
          decomp         0  (        0 /        0 )  0.00
        p_decomp         0  (        0 /        0 )  0.00
        levelize         0  (        0 /        0 )  0.00
        mb_split         0  (        0 /        0 )  0.00
        in_phase         0  (        0 /        0 )  0.00
             dup         0  (        0 /        0 )  0.00
      mux_retime         0  (        0 /        0 )  0.00
         buf2inv         0  (        0 /        0 )  0.00
             exp         0  (        0 /        0 )  0.00
       gate_deco         0  (        0 /        0 )  0.00
       gcomp_tim         0  (        0 /        0 )  0.00
  inv_pair_2_buf         0  (        0 /        0 )  0.00
 init_drc                   7248        0         0         0        0        0

           Trick     Calls     Accepts   Attempts    Time(secs) 
-----------------------------------------------------------
          plc_st         0  (        0 /        0 )  0.00
        plc_star         0  (        0 /        0 )  0.00
        drc_bufs         0  (        0 /        0 )  0.00
        drc_fopt         0  (        0 /        0 )  0.00
        drc_bufb         0  (        0 /        0 )  0.00
      simple_buf         0  (        0 /        0 )  0.00
             dup         0  (        0 /        0 )  0.00
       crit_dnsz         0  (        0 /        0 )  0.00
       crit_upsz         0  (        0 /        0 )  0.00
       crit_slew         0  (        0 /        0 )  0.00


           Trick     Calls     Accepts   Attempts    Time(secs) 
-----------------------------------------------------------
          plc_st         0  (        0 /        0 )  0.00
        plc_star         0  (        0 /        0 )  0.00
      drc_buf_sp         0  (        0 /        0 )  0.00
        drc_bufs         0  (        0 /        0 )  0.00
        drc_fopt         0  (        0 /        0 )  0.00
        drc_bufb         0  (        0 /        0 )  0.00
      simple_buf         0  (        0 /        0 )  0.00
             dup         0  (        0 /        0 )  0.00
       crit_dnsz         0  (        0 /        0 )  0.00
       crit_upsz         0  (        0 /        0 )  0.00


           Trick     Calls     Accepts   Attempts    Time(secs) 
-----------------------------------------------------------
          plc_st         0  (        0 /        0 )  0.00
        plc_star         0  (        0 /        0 )  0.00
      drc_buf_sp         0  (        0 /        0 )  0.00
        drc_bufs         0  (        0 /        0 )  0.00
        drc_fopt         0  (        0 /        0 )  0.00
        drc_bufb         0  (        0 /        0 )  0.00
             dup         0  (        0 /        0 )  0.00
       crit_dnsz         0  (        0 /        0 )  0.00
       crit_upsz         0  (        0 /        0 )  0.00

 init_tns                   7248        0         0         0        0        0

           Trick     Calls     Accepts   Attempts    Time(secs) 
-----------------------------------------------------------
            fopt         0  (        0 /        0 )  0.00
    plc_bal_star         0  (        0 /        0 )  0.00
     drc_buftimb         0  (        0 /        0 )  0.00
     drc_buftims         0  (        0 /        0 )  0.00
        crit_msz         0  (        0 /        0 )  0.00
       crit_upsz         0  (        0 /        0 )  0.00
   plc_laf_lo_st         0  (        0 /        0 )  0.00
       plc_lo_st         0  (        0 /        0 )  0.00
       crit_swap         0  (        0 /        0 )  0.00
       mux2_swap         0  (        0 /        0 )  0.00
       crit_dnsz         0  (        0 /        0 )  0.00
       load_swap         0  (        0 /        0 )  0.00
            fopt         0  (        0 /        0 )  0.00
        setup_dn         0  (        0 /        0 )  0.00
       load_isol         0  (        0 /        0 )  0.00
       load_isol         0  (        0 /        0 )  0.00
        move_for         0  (        0 /        0 )  0.00
        move_for         0  (        0 /        0 )  0.00
          rem_bi         0  (        0 /        0 )  0.00
         offload         0  (        0 /        0 )  0.00
          rem_bi         0  (        0 /        0 )  0.00
         offload         0  (        0 /        0 )  0.00
       merge_bit         0  (        0 /        0 )  0.00
     merge_idrvr         0  (        0 /        0 )  0.00
     merge_iload         0  (        0 /        0 )  0.00
    merge_idload         0  (        0 /        0 )  0.00
      merge_drvr         0  (        0 /        0 )  0.00
      merge_load         0  (        0 /        0 )  0.00
           phase         0  (        0 /        0 )  0.00
          decomp         0  (        0 /        0 )  0.00
        p_decomp         0  (        0 /        0 )  0.00
        levelize         0  (        0 /        0 )  0.00
        mb_split         0  (        0 /        0 )  0.00
             dup         0  (        0 /        0 )  0.00
      mux_retime         0  (        0 /        0 )  0.00
       crr_local         0  (        0 /        0 )  0.00
         buf2inv         0  (        0 /        0 )  0.00

 init_area                  7248        0         0         0        0        0

           Trick     Calls     Accepts   Attempts    Time(secs) 
-----------------------------------------------------------
           undup         0  (        0 /        0 )  0.00
         rem_buf         0  (        0 /        0 )  0.00
         rem_inv         0  (        0 /        0 )  0.00
        merge_bi         0  (        0 /        0 )  0.00
      rem_inv_qb        17  (        0 /        0 )  0.03
    seq_res_area         2  (        0 /        0 )  0.14
        io_phase         0  (        0 /        0 )  0.00
       gate_comp         3  (        0 /        0 )  0.01
       gcomp_mog         3  (        0 /        0 )  0.01
       glob_area        20  (        0 /       20 )  0.00
       area_down         0  (        0 /        0 )  0.00
      size_n_buf         0  (        0 /        0 )  0.00
  gate_deco_area         0  (        0 /        0 )  0.00
         rem_buf         0  (        0 /        0 )  0.00
         rem_inv         0  (        0 /        0 )  0.00
        merge_bi         0  (        0 /        0 )  0.00
      rem_inv_qb        17  (        0 /        0 )  0.03

 
Incremental optimization status
===============================
                                   Group   
                                  Tot Wrst     Total - - - - DRC Totals - - - -
                           Total  Weighted      Neg      Max       Max     Max  
Operation                   Area   Slacks      Slack    Trans      Cap   Fanout 
 init_delay                 7248        0         0         0        0        0

           Trick     Calls     Accepts   Attempts    Time(secs) 
-----------------------------------------------------------
        crit_msz         0  (        0 /        0 )  0.00
       crit_upsz         0  (        0 /        0 )  0.00
       crit_slew         0  (        0 /        0 )  0.00
        setup_dn         0  (        0 /        0 )  0.00
    plc_bal_star         0  (        0 /        0 )  0.00
     drc_buftimb         0  (        0 /        0 )  0.00
          plc_st         0  (        0 /        0 )  0.00
    plc_st_fence         0  (        0 /        0 )  0.00
        plc_star         0  (        0 /        0 )  0.00
      plc_laf_st         0  (        0 /        0 )  0.00
 plc_laf_st_fence         0  (        0 /        0 )  0.00
     drc_buftims         0  (        0 /        0 )  0.00
   plc_laf_lo_st         0  (        0 /        0 )  0.00
       plc_lo_st         0  (        0 /        0 )  0.00
            fopt         0  (        0 /        0 )  0.00
       crit_swap         0  (        0 /        0 )  0.00
       mux2_swap         0  (        0 /        0 )  0.00
       crit_dnsz         0  (        0 /        0 )  0.00
       load_swap         0  (        0 /        0 )  0.00
            fopt         0  (        0 /        0 )  0.00
        setup_dn         0  (        0 /        0 )  0.00
       load_isol         0  (        0 /        0 )  0.00
       load_isol         0  (        0 /        0 )  0.00
        move_for         0  (        0 /        0 )  0.00
        move_for         0  (        0 /        0 )  0.00
          rem_bi         0  (        0 /        0 )  0.00
         offload         0  (        0 /        0 )  0.00
          rem_bi         0  (        0 /        0 )  0.00
         offload         0  (        0 /        0 )  0.00
           phase         0  (        0 /        0 )  0.00
        in_phase         0  (        0 /        0 )  0.00
       merge_bit         0  (        0 /        0 )  0.00
     merge_idrvr         0  (        0 /        0 )  0.00
     merge_iload         0  (        0 /        0 )  0.00
    merge_idload         0  (        0 /        0 )  0.00
      merge_drvr         0  (        0 /        0 )  0.00
      merge_load         0  (        0 /        0 )  0.00
          decomp         0  (        0 /        0 )  0.00
        p_decomp         0  (        0 /        0 )  0.00
        levelize         0  (        0 /        0 )  0.00
        mb_split         0  (        0 /        0 )  0.00
             dup         0  (        0 /        0 )  0.00
      mux_retime         0  (        0 /        0 )  0.00
         buf2inv         0  (        0 /        0 )  0.00
             exp         0  (        0 /        0 )  0.00
       gate_deco         0  (        0 /        0 )  0.00
       gcomp_tim         0  (        0 /        0 )  0.00
  inv_pair_2_buf         0  (        0 /        0 )  0.00

 init_drc                   7248        0         0         0        0        0

           Trick     Calls     Accepts   Attempts    Time(secs) 
-----------------------------------------------------------
          plc_st         0  (        0 /        0 )  0.00
        plc_star         0  (        0 /        0 )  0.00
        drc_bufs         0  (        0 /        0 )  0.00
        drc_fopt         0  (        0 /        0 )  0.00
        drc_bufb         0  (        0 /        0 )  0.00
      simple_buf         0  (        0 /        0 )  0.00
             dup         0  (        0 /        0 )  0.00
       crit_dnsz         0  (        0 /        0 )  0.00
       crit_upsz         0  (        0 /        0 )  0.00
       crit_slew         0  (        0 /        0 )  0.00


           Trick     Calls     Accepts   Attempts    Time(secs) 
-----------------------------------------------------------
          plc_st         0  (        0 /        0 )  0.00
        plc_star         0  (        0 /        0 )  0.00
        drc_bufs         0  (        0 /        0 )  0.00
        drc_fopt         0  (        0 /        0 )  0.00
        drc_bufb         0  (        0 /        0 )  0.00
      simple_buf         0  (        0 /        0 )  0.00
             dup         0  (        0 /        0 )  0.00
       crit_dnsz         0  (        0 /        0 )  0.00
       crit_upsz         0  (        0 /        0 )  0.00


           Trick     Calls     Accepts   Attempts    Time(secs) 
-----------------------------------------------------------
          plc_st         0  (        0 /        0 )  0.00
        plc_star         0  (        0 /        0 )  0.00
        drc_bufs         0  (        0 /        0 )  0.00
        drc_fopt         0  (        0 /        0 )  0.00
        drc_bufb         0  (        0 /        0 )  0.00
             dup         0  (        0 /        0 )  0.00
       crit_dnsz         0  (        0 /        0 )  0.00
       crit_upsz         0  (        0 /        0 )  0.00

==================================
Stage : incr_opt 
==================================
  =================
   Message Summary
  =================
---------------------------------------------------------------------------
|   Id   |  Sev  |Count|                   Message Text                   |
---------------------------------------------------------------------------
|CFM-1   |Info   |    1|Wrote dofile.                                     |
|CFM-5   |Info   |    1|Wrote formal verification information.            |
|PA-7    |Info   |    4|Resetting power analysis results.                 |
|        |       |     |All computed switching activities are removed.    |
|SYNTH-5 |Info   |    1|Done mapping.                                     |
|SYNTH-7 |Info   |    1|Incrementally optimizing.                         |
|SYNTH-33|Warning|    1|The selected flow setting will be removed in a    |
|        |       |     | future release.                                  |
|        |       |     |Contact Cadence support to understand current     |
|        |       |     | flows.                                           |
---------------------------------------------------------------------------
Info    : Done incrementally optimizing. [SYNTH-8]
        : Done incrementally optimizing 'aer_pending_gray_epoch'.
      flow.cputime  flow.realtime  timing.setup.tns  timing.setup.wns  snapshot
UM:*                                                                   syn_opt
@file(p7ge_genus_contract_vcd_power_rtl2gate.tcl) 31: rtlstim2gate -load
Info: Loading mapping information from //aer_pending_gray_epoch init Done...
@file(p7ge_genus_contract_vcd_power_rtl2gate.tcl) 32: rtlstim2gate -infer_rules
Info: Auto infer: rtlstim2gate -rule ungroup {%s_%s}
Info: Auto infer: rtlstim2gate -rule reg_ext {%s_reg%s}
Info: Auto infer: rtlstim2gate -rule bit_slice {[%s]}
Info: Auto infer: rtlstim2gate -rule array_slice {[%s]}
Info: Auto infer: rtlstim2gate -rule hier_slice {[%s]}
Info: Auto infer: rtlstim2gate -rule generate {%s.%s}
Info: Auto infer: rtlstim2gate -rule record {%s[%s]}
@file(p7ge_genus_contract_vcd_power_rtl2gate.tcl) 33: read_vcd -static -vcd_scope aer_contract_fairness_tb/dut/u_dut \
    waves/contract_fairness_p7ge.vcd
Info    : Joules engine is used. [RPT-16]
        : Joules parser is being used for the command read_vcd.
Info   : STIM-0001 [StimInfo] read_stimulus effective options 
       : -file : waves/contract_fairness_p7ge.vcd
       : -dut_instance : aer_contract_fairness_tb/dut/u_dut
       : -design_root : design:aer_pending_gray_epoch
       : -format : vcd
Info   : STIM-0001 Design top is aer_pending_gray_epoch
Info   : STIM-0001 Started reading input stimulus file
       : waves/contract_fairness_p7ge.vcd
Info   : STIM-0001 Found top instance /aer_contract_fairness_tb/dut/u_dut
Info   : STIM-0002 [StimInfo] Finished design hierarchy parsing.
Info   : STIM-0010 [StimInfo] Total number of frames '1'
Info   : STIM-0002 Started value change section parsing.
Info   : STIM-0001 [StimInfo] Value Change Section Parsing Progress Report :   0%   1%   2%   3%   4%   5%   6%   7%   8%   9%  10%  11%  12%  13%  14%  15%  16%  17%  18%  19%  20%  21%  22%  23%  24%  25%  26%  27%  28%  29%  30%  31%  32%  33%  34%  35%  36%  37%  38%  39%  40%  41%  42%  43%  44%  45%  46%  47%  48%  49%  50%  51%  52%  53%  54%  55%  56%  57%  58%  59%  60%  61%  62%  63%  64%  65%  66%  67%  68%  69%  70%  71%  72%  73%  74%  75%  76%  77%  78%  79%  80%  81%  82%  83%  84%  85%  86%  87%  88%  89%  90%  91%  92%  93%  94%  95%  96%  97%  98%  99% 100%
Info   : STIM-0012 [StimInfo] Simulation start = 0 ps, end = 2820000 ps.
Info   : STIM-0002 Finished processing value changes, started storage.
Info   : STIM-0007 [StimInfo] Stored stimulus information '/stim#1' in SDB.
--------------------------- Annotation Report ---------------------------
Object Type         Asserted  UnAsserted  Unconnected  Total  Asserted% 
                                           + Constant                   
-------------------------------------------------------------------------
Primary Ports                                                           
  Inputs                  19           0            0     19    100.00% 
  Outputs                 21           0            0     21    100.00% 
  I/O                      0           0            0      0        N/A 
Sequential Outputs                                                      
  Memory                   0           0            0      0        N/A 
  Flop                    76           0            0     76    100.00% 
  Latch                    0           0            0      0        N/A 
  Arch ICGC                0           0            0      0        N/A 
  Inferred ICGC            0           0            0      0        N/A 
  Total ICGC               0           0            0      0        N/A 
Drivers                                                                 
  Driver nets             95         161            0    256     37.10% 
  RTL Driver nets         75           0            0     75    100.00% 
DFT                                                                     
  Input Ports              0           0            0      0        N/A 
  Flop Outputs             0           0            0      0        N/A 
  Memory Outputs           0           0            0      0        N/A 
-------------------------------------------------------------------------
Info   : STIM-0013 [StimInfo] Completed successfully.
       : Info=10, Warn=0, Error=0, Fatal=0
Info: Removing all stims from SDB
@file(p7ge_genus_contract_vcd_power_rtl2gate.tcl) 35: file mkdir reports/contract_vcd_power_rtl2gate
@file(p7ge_genus_contract_vcd_power_rtl2gate.tcl) 36: report_power > reports/contract_vcd_power_rtl2gate/p7ge_genus_power_vcd.rpt
Info    : Joules engine is used. [RPT-16]
        : Joules engine is being used for the command report_power.
Info   : ACTP-0001 [ACTPInfo] Activity propagation started for stim#0 netlist
       : aer_pending_gray_epoch
Info   : ACTP-0009 [ACTPInfo] Activity Propagation Progress Report :   0%   1%   2%   3%   4%   5%   6%   7%   8%   9%  10%  11%  12%  13%  14%  15%  16%  17%  18%  19%  20%  21%  22%  23%  24%  25%  26%  27%  28%  29%  30%  31%  32%  33%  34%  35%  36%  37%  38%  39%  40%  41%  42%  43%  44%  45%  46%  47%  48%  49%  50%  51%  52%  53%  54%  55%  56%  57%  58%  59%  60%  61%  62%  63%  64%  65%  66%  67%  68%  69%  70%  71%  72%  73%  74%  75%  76%  77%  78%  79%  80%  81%  82%  83%  84%  85%  86%  87%  88%  89%  90%  91%  92%  93%  94%  95%  96%  97%  98%  99% 100%
Info   : ACTP-0001 Activity propagation ended for stim#0
Info   : PWRA-0001 [PwrInfo] compute_power effective options 
       : -mode : lp_asserted
       : -skip_propagation : 1
       : -frequency_scaling_factor : 1.0
       : -use_clock_freq : stim
       : -stim :/stim#0
       : -fromGenus : 1
Info   : ACTP-0001 Timing initialization started
Info   : ACTP-0001 Timing initialization ended
Info   : PWRA-0002 [PwrInfo] Skipping activity propagation due to -skip_ap
       : option....
Info   : PWRA-0002 Started 'average' power computation from attr values.
Info   : PWRA-0009 [PwrInfo] Power Computation Progress Report :   0%   1%   2%   3%   4%   5%   6%   7%   8%   9%  10%  11%  12%  13%  14%  15%  16%  17%  18%  19%  20%  21%  22%  23%  24%  25%  26%  27%  28%  29%  30%  31%  32%  33%  34%  35%  36%  37%  38%  39%  40%  41%  42%  43%  44%  45%  46%  47%  48%  49%  50%  51%  52%  53%  54%  55%  56%  57%  58%  59%  60%  61%  62%  63%  64%  65%  66%  67%  68%  69%  70%  71%  72%  73%  74%  75%  76%  77%  78%  79%  80%  81%  82%  83%  84%  85%  86%  87%  88%  89%  90%  91%  92%  93%  94%  95%  96%  97%  98%  99% 100%
Info   : PWRA-0002 Finished power computation.
Info   : PWRA-0007 [PwrInfo] Completed successfully.
       : Info=6, Warn=0, Error=0, Fatal=0
Output file: reports/contract_vcd_power_rtl2gate/p7ge_genus_power_vcd.rpt
@file(p7ge_genus_contract_vcd_power_rtl2gate.tcl) 37: puts "P7GE_CONTRACT_VCD_RTL2GATE_DONE"
P7GE_CONTRACT_VCD_RTL2GATE_DONE
@file(p7ge_genus_contract_vcd_power_rtl2gate.tcl) 38: exit

Lic Summary:
[02:45:40.498977] Cdslmd servers: snu
[02:45:40.498994] Feature usage summary:
[02:45:40.498995] Genus_Synthesis

Normal exit.
