$date
   Wed Aug 26 14:50:45 2026
$end
$version
  2020.2
$end
$timescale
  1ps
$end
$scope module aer64_pending_rr_tb $end
$scope module grouped_dut $end
$var wire 1 0 clk $end
$var wire 1 1 rst_n $end
$var wire 64 2 src_req_async [63:0] $end
$var reg 64 3 src_ack_async [63:0] $end
$var reg 6 4 out_addr [5:0] $end
$var reg 1 5 out_valid $end
$var wire 1 6 out_ready $end
$scope module core $end
$var wire 1 0 clk $end
$var wire 1 1 rst_n $end
$var wire 64 2 src_req_async [63:0] $end
$var reg 64 3 src_ack_async [63:0] $end
$var reg 6 4 out_addr [5:0] $end
$var reg 1 5 out_valid $end
$var wire 1 6 out_ready $end
$var reg 2 7 reset_release_q [1:0] $end
$var reg 64 8 req_meta_q [63:0] $end
$var reg 64 9 req_sync_q [63:0] $end
$var reg 1 : core_rst_n $end
$var reg 64 ; ack_q [63:0] $end
$var reg 64 < ack_d [63:0] $end
$var reg 64 = pending_q [63:0] $end
$var reg 64 > pending_d [63:0] $end
$var reg 64 ? accept_mask [63:0] $end
$var reg 64 @ accepted_pending [63:0] $end
$var reg 6 A out_rank_q [5:0] $end
$var reg 6 B out_rank_d [5:0] $end
$var reg 6 $ selected_rank [5:0] $end
$var reg 1 C out_valid_q $end
$var reg 1 D out_valid_d $end
$var reg 1 # grant_valid $end
$var reg 1 E can_load_output $end
$var parameter 0 F SELECTOR_STYLE $end
$scope module grouped.selector $end
$var wire 64 ! candidate [63:0] $end
$var wire 6 " last_rank [5:0] $end
$var reg 1 # grant_valid $end
$var reg 6 $ grant_rank [5:0] $end
$var reg 3 % last_row [2:0] $end
$var reg 3 & last_col [2:0] $end
$var reg 3 ' next_row [2:0] $end
$var reg 8 ( row_valid [7:0] $end
$var reg 8 ) start_row_req [7:0] $end
$var reg 8 * tail_mask [7:0] $end
$var reg 8 + tail_req [7:0] $end
$var reg 8 , selected_row_req [7:0] $end
$var reg 4 - tail_pick [3:0] $end
$var reg 4 . row_pick [3:0] $end
$var reg 4 / col_pick [3:0] $end
$upscope $end
$upscope $end
$upscope $end
$scope module iprra_dut $end
$var wire 1 g clk $end
$var wire 1 h rst_n $end
$var wire 64 i src_req_async [63:0] $end
$var reg 64 j src_ack_async [63:0] $end
$var reg 6 k out_addr [5:0] $end
$var reg 1 l out_valid $end
$var wire 1 m out_ready $end
$scope module core $end
$var wire 1 g clk $end
$var wire 1 h rst_n $end
$var wire 64 i src_req_async [63:0] $end
$var reg 64 j src_ack_async [63:0] $end
$var reg 6 k out_addr [5:0] $end
$var reg 1 l out_valid $end
$var wire 1 m out_ready $end
$var reg 2 n reset_release_q [1:0] $end
$var reg 64 o req_meta_q [63:0] $end
$var reg 64 p req_sync_q [63:0] $end
$var reg 1 q core_rst_n $end
$var reg 64 r ack_q [63:0] $end
$var reg 64 s ack_d [63:0] $end
$var reg 64 t pending_q [63:0] $end
$var reg 64 u pending_d [63:0] $end
$var reg 64 v accept_mask [63:0] $end
$var reg 64 w accepted_pending [63:0] $end
$var reg 6 x out_rank_q [5:0] $end
$var reg 6 y out_rank_d [5:0] $end
$var reg 6 J selected_rank [5:0] $end
$var reg 1 z out_valid_q $end
$var reg 1 { out_valid_d $end
$var reg 1 I grant_valid $end
$var reg 1 | can_load_output $end
$var parameter 0 } SELECTOR_STYLE $end
$scope module iprra.selector $end
$var wire 64 G candidate [63:0] $end
$var wire 6 H last_rank [5:0] $end
$var reg 1 I grant_valid $end
$var reg 6 J grant_rank [5:0] $end
$var reg 64 K head [63:0] $end
$var reg 64 L grant_onehot [63:0] $end
$var reg 6 M head_rank [5:0] $end
$var reg 32 N s1_l1 [31:0] $end
$var reg 32 O s0_l1 [31:0] $end
$var reg 32 P gl_l1 [31:0] $end
$var reg 32 Q gr_l1 [31:0] $end
$var reg 16 R s1_l2 [15:0] $end
$var reg 16 S s0_l2 [15:0] $end
$var reg 16 T gl_l2 [15:0] $end
$var reg 16 U gr_l2 [15:0] $end
$var reg 8 V s1_l3 [7:0] $end
$var reg 8 W s0_l3 [7:0] $end
$var reg 8 X gl_l3 [7:0] $end
$var reg 8 Y gr_l3 [7:0] $end
$var reg 4 Z s1_l4 [3:0] $end
$var reg 4 [ s0_l4 [3:0] $end
$var reg 4 \ gl_l4 [3:0] $end
$var reg 4 ] gr_l4 [3:0] $end
$var reg 2 ^ s1_l5 [1:0] $end
$var reg 2 _ s0_l5 [1:0] $end
$var reg 2 ` gl_l5 [1:0] $end
$var reg 2 a gr_l5 [1:0] $end
$var reg 1 b s1_root $end
$var reg 1 c s0_root $end
$var reg 1 d gl_root $end
$var reg 1 e gr_root $end
$var integer 32 f i $end
$upscope $end
$upscope $end
$upscope $end
$upscope $end
$enddefinitions $end
#0
$dumpvars
bx !
bx "
x#
b110111 $
bx %
bx &
bx '
bx (
bx )
b0 *
b0 +
bx ,
b111 -
bx110 .
bx111 /
00
01
b0 2
b0 3
bx 4
05
16
b0 7
bx 8
bx 9
0:
bx ;
bx <
bx =
bx >
bx ?
bx @
bx A
bx B
xC
0D
1E
b0 F
bx G
bx H
xI
bx J
b0 K
bx L
bx M
b0 N
bx O
bx P
bx Q
b0 R
bx S
bx T
bx U
b0 V
bx W
bx X
bx Y
b0 Z
bx [
bx \
bx ]
b0 ^
bx _
bx `
bx a
0b
xc
xd
xe
b1000000 f
0g
0h
b0 i
b0 j
bx k
0l
1m
b0 n
bx o
bx p
0q
bx r
bx s
bx t
bx u
bx v
bx w
bx x
bx y
xz
0{
1|
b1 }
$end
#5000
b111111 "
x#
b111111 $
b111 %
b111 &
b0 '
bx (
b111 -
bx111 .
bx111 /
10
b111111 4
b0 8
b0 ;
b0 =
bx @
b111111 A
b111111 B
0C
b111111 H
xI
bx J
b1 K
bx L
b0 M
b1 N
bx O
bx P
bx Q
b1 R
bx S
bx T
bx U
b1 V
bx W
bx X
bx Y
b1 Z
bx [
bx \
bx ]
b1 ^
bx _
bx `
bx a
1b
b1000000 f
1g
b111111 k
b0 o
b0 r
b0 t
bx w
b111111 x
b111111 y
0z
#10000
00
0g
#15000
b0 !
0#
b111111 $
b0 (
b0 )
b0 ,
b111 -
b111 .
b111 /
10
b0 9
b0 <
b0 >
b0 ?
b0 @
b0 G
0I
b0 J
b1 K
b0 L
b1 N
b0 O
b1 P
b11111111111111111111111111111110 Q
b1 R
b0 S
b1 T
b1111111111111110 U
b1 V
b0 W
b1 X
b11111110 Y
b1 Z
b0 [
b1 \
b1110 ]
b1 ^
b0 _
b1 `
b10 a
0c
1d
0e
b1000000 f
1g
b0 p
b0 s
b0 u
b0 v
b0 w
#20000
00
0g
#25000
10
1g
#30000
00
0g
#35000
10
1g
#40000
00
0g
#45000
10
1g
#50000
00
0g
#55000
10
1g
#60000
00
0g
#65000
10
1g
#70000
00
0g
#75000
10
1g
#80000
00
0g
#85000
10
1g
#90000
00
0g
#95000
10
1g
#100000
00
0g
#105000
10
1g
#110000
00
0g
#115000
10
1g
#120000
00
0g
#125000
10
1g
#130000
00
0g
#135000
10
1g
#140000
00
0g
#145000
10
1g
#150000
00
0g
#155000
10
1g
#160000
00
0g
#165000
10
1g
#170000
00
0g
#175000
10
1g
#180000
00
0g
#185000
10
1g
#190000
00
0g
#195000
10
1g
#200000
00
0g
#205000
10
1g
#210000
00
0g
#215000
10
1g
#220000
00
0g
#225000
10
1g
#230000
00
0g
#235000
10
1g
#240000
00
0g
#245000
10
1g
#250000
00
0g
#255000
10
1g
#260000
00
0g
#265000
10
1g
#270000
00
0g
#275000
10
1g
#280000
00
0g
#285000
10
1g
#290000
00
0g
#295000
10
1g
#300000
00
0g
#305000
10
1g
#310000
00
0g
#315000
10
1g
#320000
00
0g
#325000
10
1g
#330000
00
0g
#335000
10
1g
#340000
00
0g
#345000
10
1g
#350000
00
0g
#355000
10
1g
#360000
00
0g
#365000
10
1g
#370000
00
0g
#375000
10
1g
#380000
00
0g
#385000
10
1g
#390000
00
0g
#395000
10
1g
#400000
00
0g
#405000
10
1g
#410000
00
0g
#415000
10
1g
#420000
00
0g
#425000
10
1g
#430000
00
0g
#435000
10
1g
#440000
00
0g
#445000
10
1g
#450000
00
0g
#455000
10
1g
#460000
00
0g
#465000
10
1g
#470000
00
0g
#475000
10
1g
#480000
00
0g
#485000
10
1g
#490000
00
0g
#495000
10
1g
#500000
00
0g
#505000
10
1g
#510000
00
0g
#515000
10
1g
#520000
00
0g
#525000
10
1g
#530000
00
0g
#535000
10
1g
#540000
00
0g
#545000
10
1g
#550000
00
0g
#555000
10
1g
#560000
00
0g
#565000
10
1g
#570000
00
0g
#575000
10
1g
#580000
00
0g
#585000
10
1g
#590000
00
0g
#595000
10
1g
#600000
00
0g
#605000
10
1g
#610000
00
0g
#615000
10
1g
#620000
00
0g
#625000
10
1g
#630000
00
0g
#635000
10
1g
#640000
00
0g
#645000
10
1g
#650000
00
0g
#655000
10
1g
#660000
00
0g
#665000
10
1g
#670000
00
0g
#675000
10
1g
#680000
00
0g
#685000
10
1g
#690000
00
0g
#695000
10
1g
#700000
00
0g
#705000
10
1g
#710000
00
0g
#715000
10
1g
#720000
00
0g
#725000
10
1g
#730000
00
0g
#735000
10
1g
#740000
00
0g
#745000
10
1g
#750000
00
0g
#755000
10
1g
#760000
00
0g
#765000
10
1g
#770000
00
0g
#775000
10
1g
#780000
00
0g
#785000
10
1g
#790000
00
0g
#795000
10
1g
#800000
00
0g
#805000
10
1g
#810000
00
0g
#815000
10
1g
#820000
00
0g
#825000
10
1g
#830000
00
0g
#835000
10
1g
#840000
00
0g
#845000
10
1g
#850000
00
0g
#855000
10
1g
#860000
00
0g
#865000
10
1g
#870000
00
0g
#875000
10
1g
#880000
00
0g
#885000
10
1g
#890000
00
0g
#895000
10
1g
#900000
00
0g
#905000
10
1g
#910000
00
0g
#915000
10
1g
#920000
00
0g
#925000
10
1g
#930000
00
0g
#935000
10
1g
#940000
00
0g
#945000
10
1g
#950000
00
0g
#955000
10
1g
#960000
00
0g
#965000
10
1g
#970000
00
0g
#975000
10
1g
#980000
00
0g
#985000
10
1g
#990000
00
0g
#995000
10
1g
#1000000
00
0g
#1005000
10
1g
#1010000
00
0g
#1015000
10
1g
#1020000
00
0g
#1025000
10
1g
#1030000
00
0g
#1035000
10
1g
#1040000
00
0g
#1045000
10
1g
#1050000
00
0g
#1055000
10
1g
#1060000
00
0g
#1065000
10
1g
#1070000
00
0g
#1075000
10
1g
#1080000
00
0g
#1085000
10
1g
#1090000
00
0g
#1095000
10
1g
#1100000
00
0g
#1105000
10
1g
#1110000
00
0g
#1115000
10
1g
#1120000
00
0g
#1125000
10
1g
#1130000
00
0g
#1135000
10
1g
#1140000
00
0g
#1145000
10
1g
#1150000
00
0g
#1155000
10
1g
#1160000
00
0g
#1165000
10
1g
#1170000
00
0g
#1175000
10
1g
#1180000
00
0g
#1185000
10
1g
#1190000
00
0g
#1195000
10
1g
#1200000
00
0g
#1205000
10
1g
#1210000
00
0g
#1215000
10
1g
#1220000
00
0g
#1225000
10
1g
#1230000
00
0g
#1235000
10
1g
#1240000
00
0g
#1245000
10
1g
#1250000
00
0g
#1255000
10
1g
#1260000
00
0g
#1265000
10
1g
#1270000
00
0g
#1275000
10
1g
#1280000
00
0g
#1285000
10
1g
#1290000
00
0g
#1295000
10
1g
#1300000
00
0g
#1305000
10
1g
#1310000
00
0g
#1315000
10
1g
#1320000
00
0g
#1325000
10
1g
#1330000
00
0g
#1335000
10
1g
#1340000
00
0g
#1345000
10
1g
#1350000
00
0g
#1355000
10
1g
#1360000
00
0g
#1365000
10
1g
#1370000
00
0g
#1375000
10
1g
#1380000
00
0g
#1385000
10
1g
#1390000
00
0g
#1395000
10
1g
#1400000
00
0g
#1405000
10
1g
#1410000
00
0g
#1415000
10
1g
#1420000
00
0g
#1425000
10
1g
#1430000
00
0g
#1435000
10
1g
#1440000
00
0g
#1445000
10
1g
#1450000
00
0g
#1455000
10
1g
#1460000
00
0g
#1465000
10
1g
#1470000
00
0g
#1475000
10
1g
#1480000
00
0g
#1485000
10
1g
#1490000
00
0g
#1495000
10
1g
#1500000
00
0g
#1505000
10
1g
#1510000
00
0g
#1515000
10
1g
#1520000
00
0g
#1525000
10
1g
#1530000
00
0g
#1535000
10
1g
#1540000
00
0g
#1545000
10
1g
#1550000
00
0g
#1555000
10
1g
#1560000
00
0g
#1565000
10
1g
#1570000
00
0g
#1575000
10
1g
#1580000
00
0g
#1585000
10
1g
#1590000
00
0g
#1595000
10
1g
#1600000
00
0g
#1605000
10
1g
#1610000
00
0g
#1615000
10
1g
#1620000
00
0g
#1625000
10
1g
#1630000
00
0g
#1635000
10
1g
#1640000
00
0g
#1645000
10
1g
#1650000
00
0g
#1655000
10
1g
#1660000
00
0g
#1665000
10
1g
#1670000
00
0g
#1675000
10
1g
#1680000
00
0g
#1685000
10
1g
#1690000
00
0g
#1695000
10
1g
#1700000
00
0g
#1705000
10
1g
#1710000
00
0g
#1715000
10
1g
#1720000
00
0g
#1725000
10
1g
#1730000
00
0g
#1735000
10
1g
#1740000
00
0g
#1745000
10
1g
#1750000
00
0g
#1755000
10
1g
#1760000
00
0g
#1765000
10
1g
#1770000
00
0g
#1775000
10
1g
#1780000
00
0g
#1785000
10
1g
#1790000
00
0g
#1795000
10
1g
#1800000
00
0g
#1805000
10
1g
#1810000
00
0g
#1815000
10
1g
#1820000
00
0g
#1825000
10
1g
#1830000
00
0g
#1835000
10
1g
#1840000
00
0g
#1845000
10
1g
#1850000
00
0g
#1855000
10
1g
#1860000
00
0g
#1865000
10
1g
#1870000
00
0g
#1875000
10
1g
#1880000
00
0g
#1885000
10
1g
#1890000
00
0g
#1895000
10
1g
#1900000
00
0g
#1905000
10
1g
#1910000
00
0g
#1915000
10
1g
#1920000
00
0g
#1925000
10
1g
#1930000
00
0g
#1935000
10
1g
#1940000
00
0g
#1945000
10
1g
#1950000
00
0g
#1955000
10
1g
#1960000
00
0g
#1965000
10
1g
#1970000
00
0g
#1975000
10
1g
#1980000
00
0g
#1985000
10
1g
#1990000
00
0g
#1995000
10
1g
#2000000
00
0g
#2005000
10
1g
#2010000
00
0g
#2015000
10
1g
#2020000
00
0g
#2025000
10
1g
#2030000
00
0g
#2035000
10
1g
#2040000
00
0g
#2045000
10
1g
#2050000
00
0g
#2055000
10
1g
#2060000
00
0g
#2065000
10
1g
#2070000
00
0g
#2075000
10
1g
#2080000
00
0g
#2085000
10
1g
#2090000
00
0g
#2095000
10
1g
#2100000
00
0g
#2105000
10
1g
#2110000
00
0g
#2115000
10
1g
#2120000
00
0g
#2125000
10
1g
#2130000
00
0g
#2135000
10
1g
#2140000
00
0g
#2145000
10
1g
#2150000
00
0g
#2155000
10
1g
#2160000
00
0g
#2165000
10
1g
#2170000
00
0g
#2175000
10
1g
#2180000
00
0g
#2185000
10
1g
#2190000
00
0g
#2195000
10
1g
#2200000
00
0g
#2205000
10
1g
#2210000
00
0g
#2215000
10
1g
#2220000
00
0g
#2225000
10
1g
#2230000
00
0g
#2235000
10
1g
#2240000
00
0g
#2245000
10
1g
#2250000
00
0g
#2255000
10
1g
#2260000
00
0g
#2265000
10
1g
#2270000
00
0g
#2275000
10
1g
#2280000
00
0g
#2285000
10
1g
#2290000
00
0g
#2295000
10
1g
#2300000
00
0g
#2305000
10
1g
#2310000
00
0g
#2315000
10
1g
#2320000
00
0g
#2325000
10
1g
#2330000
00
0g
#2335000
10
1g
#2340000
00
0g
#2345000
10
1g
#2350000
00
0g
#2355000
10
1g
#2360000
00
0g
#2365000
10
1g
#2370000
00
0g
#2375000
10
1g
#2380000
00
0g
#2385000
10
1g
#2390000
00
0g
#2395000
10
1g
#2400000
00
0g
#2405000
10
1g
#2410000
00
0g
#2415000
10
1g
#2420000
00
0g
#2425000
10
1g
#2430000
00
0g
#2435000
10
1g
#2440000
00
0g
#2445000
10
1g
#2450000
00
0g
#2455000
10
1g
#2460000
00
0g
#2465000
10
1g
#2470000
00
0g
#2475000
10
1g
#2480000
00
0g
#2485000
10
1g
#2490000
00
0g
#2495000
10
1g
#2500000
00
0g
#2505000
10
1g
#2510000
00
0g
#2515000
10
1g
#2520000
00
0g
#2525000
10
1g
#2530000
00
0g
#2535000
10
1g
#2540000
00
0g
#2545000
10
1g
#2550000
00
0g
#2555000
10
1g
#2560000
00
0g
#2565000
10
1g
#2570000
00
0g
#2575000
10
1g
#2580000
00
0g
#2585000
10
1g
#2590000
00
0g
#2595000
10
1g
#2600000
00
0g
#2605000
10
1g
#2610000
00
0g
#2615000
10
1g
#2620000
00
0g
#2625000
10
1g
#2630000
00
0g
#2635000
10
1g
#2640000
00
0g
#2645000
10
1g
#2650000
00
0g
#2655000
10
1g
#2660000
00
0g
#2665000
10
1g
#2670000
00
0g
#2675000
10
1g
#2680000
00
0g
#2685000
10
1g
#2690000
00
0g
#2695000
10
1g
#2700000
00
0g
#2705000
10
1g
#2710000
00
0g
#2715000
10
1g
#2720000
00
0g
#2725000
10
1g
#2730000
00
0g
#2735000
10
1g
#2740000
00
0g
#2745000
10
1g
#2750000
00
0g
#2755000
10
1g
#2760000
00
0g
#2765000
10
1g
#2770000
00
0g
#2775000
10
1g
#2780000
00
0g
#2785000
10
1g
#2790000
00
0g
#2795000
10
1g
#2800000
00
0g
#2805000
10
1g
#2810000
00
0g
#2815000
10
1g
#2820000
00
0g
#2825000
10
1g
#2830000
00
0g
#2835000
10
1g
#2840000
00
0g
#2845000
10
1g
#2850000
00
0g
#2855000
10
1g
#2860000
00
0g
#2865000
10
1g
#2870000
00
0g
#2875000
10
1g
#2880000
00
0g
#2885000
10
1g
#2890000
00
0g
#2895000
10
1g
#2900000
00
0g
#2905000
10
1g
#2910000
00
0g
#2915000
10
1g
#2920000
00
0g
#2925000
10
1g
#2930000
00
0g
#2935000
10
1g
#2940000
00
0g
#2945000
10
1g
#2950000
00
0g
#2955000
10
1g
#2960000
00
0g
#2965000
10
1g
#2970000
00
0g
#2975000
10
1g
#2980000
00
0g
#2985000
10
1g
#2990000
00
0g
#2995000
10
1g
#3000000
00
0g
#3005000
10
1g
#3010000
00
0g
#3015000
10
1g
#3020000
00
0g
#3025000
10
1g
#3030000
00
0g
#3035000
10
1g
#3040000
00
0g
#3045000
10
1g
#3050000
00
0g
#3055000
10
1g
#3060000
00
0g
#3065000
10
1g
#3070000
00
0g
#3075000
10
1g
#3080000
00
0g
#3085000
10
1g
#3090000
00
0g
#3095000
10
1g
#3100000
00
0g
#3105000
10
1g
#3110000
00
0g
#3115000
10
1g
#3120000
00
0g
#3125000
10
1g
#3130000
00
0g
#3135000
10
1g
#3140000
00
0g
#3145000
10
1g
#3150000
00
0g
#3155000
10
1g
#3160000
00
0g
#3165000
10
1g
#3170000
00
0g
#3175000
10
1g
#3180000
00
0g
#3185000
10
1g
#3190000
00
0g
#3195000
10
1g
#3200000
00
0g
#3205000
10
1g
#3210000
00
0g
#3215000
10
1g
#3220000
00
0g
#3225000
10
1g
#3230000
00
0g
#3235000
10
1g
#3240000
00
0g
#3245000
10
1g
#3250000
00
0g
#3255000
10
1g
#3260000
00
0g
#3265000
10
1g
#3270000
00
0g
#3275000
10
1g
#3280000
00
0g
#3285000
10
1g
#3290000
00
0g
#3295000
10
1g
#3300000
00
0g
#3305000
10
1g
#3310000
00
0g
#3315000
10
1g
#3320000
00
0g
#3325000
10
1g
#3330000
00
0g
#3335000
10
1g
#3340000
00
0g
#3345000
10
1g
#3350000
00
0g
#3355000
10
1g
#3360000
00
0g
#3365000
10
1g
#3370000
00
0g
#3375000
10
1g
#3380000
00
0g
#3385000
10
1g
#3390000
00
0g
#3395000
10
1g
#3400000
00
0g
#3405000
10
1g
#3410000
00
0g
#3415000
10
1g
#3420000
00
0g
#3425000
10
1g
#3430000
00
0g
#3435000
10
1g
#3440000
00
0g
#3445000
10
1g
#3450000
00
0g
#3455000
10
1g
#3460000
00
0g
#3465000
10
1g
#3470000
00
0g
#3475000
10
1g
#3480000
00
0g
#3485000
10
1g
#3490000
00
0g
#3495000
10
1g
#3500000
00
0g
#3505000
10
1g
#3510000
00
0g
#3515000
10
1g
#3520000
00
0g
#3525000
10
1g
#3530000
00
0g
#3535000
10
1g
#3540000
00
0g
#3545000
10
1g
#3550000
00
0g
#3555000
10
1g
#3560000
00
0g
#3565000
10
1g
#3570000
00
0g
#3575000
10
1g
#3580000
00
0g
#3585000
10
1g
#3590000
00
0g
#3595000
10
1g
#3600000
00
0g
#3605000
10
1g
#3610000
00
0g
#3615000
10
1g
#3620000
00
0g
#3625000
10
1g
#3630000
00
0g
#3635000
10
1g
#3640000
00
0g
#3645000
10
1g
#3650000
00
0g
#3655000
10
1g
#3660000
00
0g
#3665000
10
1g
#3670000
00
0g
#3675000
10
1g
#3680000
00
0g
#3685000
10
1g
#3690000
00
0g
#3695000
10
1g
#3700000
00
0g
#3705000
10
1g
#3710000
00
0g
#3715000
10
1g
#3720000
00
0g
#3725000
10
1g
#3730000
00
0g
#3735000
10
1g
#3740000
00
0g
#3745000
10
1g
#3750000
00
0g
#3755000
10
1g
#3760000
00
0g
#3765000
10
1g
#3770000
00
0g
#3775000
10
1g
#3780000
00
0g
#3785000
10
1g
#3790000
00
0g
#3795000
10
1g
#3800000
00
0g
#3805000
10
1g
#3810000
00
0g
#3815000
10
1g
#3820000
00
0g
#3825000
10
1g
#3830000
00
0g
#3835000
10
1g
#3840000
00
0g
#3845000
10
1g
#3850000
00
0g
#3855000
10
1g
#3860000
00
0g
#3865000
10
1g
#3870000
00
0g
#3875000
10
1g
#3880000
00
0g
#3885000
10
1g
#3890000
00
0g
#3895000
10
1g
#3900000
00
0g
#3905000
10
1g
#3910000
00
0g
#3915000
10
1g
#3920000
00
0g
#3925000
10
1g
#3930000
00
0g
#3935000
10
1g
#3940000
00
0g
#3945000
10
1g
#3950000
00
0g
#3955000
10
1g
#3960000
00
0g
#3965000
10
1g
#3970000
00
0g
#3975000
10
1g
#3980000
00
0g
#3985000
10
1g
#3990000
00
0g
#3995000
10
1g
#4000000
00
0g
#4005000
10
1g
#4010000
00
0g
#4015000
10
1g
#4020000
00
0g
#4025000
10
1g
#4030000
00
0g
#4035000
10
1g
#4040000
00
0g
#4045000
10
1g
#4050000
00
0g
#4055000
10
1g
#4060000
00
0g
#4065000
10
1g
#4070000
00
0g
#4075000
10
1g
#4080000
00
0g
#4085000
10
1g
#4090000
00
0g
#4095000
10
1g
#4100000
00
0g
#4105000
10
1g
#4110000
00
0g
#4115000
10
1g
#4120000
00
0g
#4125000
10
1g
#4130000
00
0g
#4135000
10
1g
#4140000
00
0g
#4145000
10
1g
#4150000
00
0g
#4155000
10
1g
#4160000
00
0g
#4165000
10
1g
#4170000
00
0g
#4175000
10
1g
#4180000
00
0g
#4185000
10
1g
#4190000
00
0g
#4195000
10
1g
#4200000
00
0g
#4205000
10
1g
#4210000
00
0g
#4215000
10
1g
#4220000
00
0g
#4225000
10
1g
#4230000
00
0g
#4235000
10
1g
#4240000
00
0g
#4245000
10
1g
#4250000
00
0g
#4255000
10
1g
#4260000
00
0g
#4265000
10
1g
#4270000
00
0g
#4275000
10
1g
#4280000
00
0g
#4285000
10
1g
#4290000
00
0g
#4295000
10
1g
#4300000
00
0g
#4305000
10
1g
#4310000
00
0g
#4315000
10
1g
#4320000
00
0g
#4325000
10
1g
#4330000
00
0g
#4335000
10
1g
#4340000
00
0g
#4345000
10
1g
#4350000
00
0g
#4355000
10
1g
#4360000
00
0g
#4365000
10
1g
#4370000
00
0g
#4375000
10
1g
#4380000
00
0g
#4385000
10
1g
#4390000
00
0g
#4395000
10
1g
#4400000
00
0g
#4405000
10
1g
#4410000
00
0g
#4415000
10
1g
#4420000
00
0g
#4425000
10
1g
#4430000
00
0g
#4435000
10
1g
#4440000
00
0g
#4445000
10
1g
#4450000
00
0g
#4455000
10
1g
#4460000
00
0g
#4465000
10
1g
#4470000
00
0g
#4475000
10
1g
#4480000
00
0g
#4485000
10
1g
#4490000
00
0g
#4495000
10
1g
#4500000
00
0g
#4505000
10
1g
#4510000
00
0g
#4515000
10
1g
#4520000
00
0g
#4525000
10
1g
#4530000
00
0g
#4535000
10
1g
#4540000
00
0g
#4545000
10
1g
#4550000
00
0g
#4555000
10
1g
#4560000
00
0g
#4565000
10
1g
#4570000
00
0g
#4575000
10
1g
#4580000
00
0g
#4585000
10
1g
#4590000
00
0g
#4595000
10
1g
#4600000
00
0g
#4605000
10
1g
#4610000
00
0g
#4615000
10
1g
#4620000
00
0g
#4625000
10
1g
#4630000
00
0g
#4635000
10
1g
#4640000
00
0g
#4645000
10
1g
#4650000
00
0g
#4655000
10
1g
#4660000
00
0g
#4665000
10
1g
#4670000
00
0g
#4675000
10
1g
#4680000
00
0g
#4685000
10
1g
#4690000
00
0g
#4695000
10
1g
#4700000
00
0g
#4705000
10
1g
#4710000
00
0g
#4715000
10
1g
#4720000
00
0g
#4725000
10
1g
#4730000
00
0g
#4735000
10
1g
#4740000
00
0g
#4745000
10
1g
#4750000
00
0g
#4755000
10
1g
#4760000
00
0g
#4765000
10
1g
#4770000
00
0g
#4775000
10
1g
#4780000
00
0g
#4785000
10
1g
#4790000
00
0g
#4795000
10
1g
#4800000
00
0g
#4805000
10
1g
#4810000
00
0g
#4815000
10
1g
#4820000
00
0g
#4825000
10
1g
#4830000
00
0g
#4835000
10
1g
#4840000
00
0g
#4845000
10
1g
#4850000
00
0g
#4855000
10
1g
#4860000
00
0g
#4865000
10
1g
#4870000
00
0g
#4875000
10
1g
#4880000
00
0g
#4885000
10
1g
#4890000
00
0g
#4895000
10
1g
#4900000
00
0g
#4905000
10
1g
#4910000
00
0g
#4915000
10
1g
#4920000
00
0g
#4925000
10
1g
#4930000
00
0g
#4935000
10
1g
#4940000
00
0g
#4945000
10
1g
#4950000
00
0g
#4955000
10
1g
#4960000
00
0g
#4965000
10
1g
#4970000
00
0g
#4975000
10
1g
#4980000
00
0g
#4985000
10
1g
#4990000
00
0g
#4995000
10
1g
#5000000
00
0g
#5005000
10
1g
#5010000
00
0g
#5015000
10
1g
#5020000
00
0g
#5025000
10
1g
#5030000
00
0g
#5035000
10
1g
#5040000
00
0g
#5045000
10
1g
#5050000
00
0g
#5055000
10
1g
#5060000
00
0g
#5065000
10
1g
#5070000
00
0g
#5075000
10
1g
#5080000
00
0g
#5085000
10
1g
#5090000
00
0g
#5095000
10
1g
#5100000
00
0g
#5105000
10
1g
#5110000
00
0g
#5115000
10
1g
#5120000
00
0g
#5125000
10
1g
#5130000
00
0g
#5135000
10
1g
#5140000
00
0g
#5145000
10
1g
#5150000
00
0g
#5155000
10
1g
#5160000
00
0g
#5165000
10
1g
#5170000
00
0g
#5175000
10
1g
#5180000
00
0g
#5185000
10
1g
#5190000
00
0g
#5195000
10
1g
#5200000
00
0g
#5205000
10
1g
#5210000
00
0g
#5215000
10
1g
#5220000
00
0g
#5225000
10
1g
#5230000
00
0g
#5235000
10
1g
#5240000
00
0g
#5245000
10
1g
#5250000
00
0g
#5255000
10
1g
#5260000
00
0g
#5265000
10
1g
#5270000
00
0g
#5275000
10
1g
#5280000
00
0g
#5285000
10
1g
#5290000
00
0g
#5295000
10
1g
#5300000
00
0g
#5305000
10
1g
#5310000
00
0g
#5315000
10
1g
#5320000
00
0g
#5325000
10
1g
#5330000
00
0g
#5335000
10
1g
#5340000
00
0g
#5345000
10
1g
#5350000
00
0g
#5355000
10
1g
#5360000
00
0g
#5365000
10
1g
#5370000
00
0g
#5375000
10
1g
#5380000
00
0g
#5385000
10
1g
#5390000
00
0g
#5395000
10
1g
#5400000
00
0g
#5405000
10
1g
#5410000
00
0g
#5415000
10
1g
#5420000
00
0g
#5425000
10
1g
#5430000
00
0g
#5435000
10
1g
#5440000
00
0g
#5445000
10
1g
#5450000
00
0g
#5455000
10
1g
#5460000
00
0g
#5465000
10
1g
#5470000
00
0g
#5475000
10
1g
#5480000
00
0g
#5485000
10
1g
#5490000
00
0g
#5495000
10
1g
#5500000
00
0g
#5505000
10
1g
#5510000
00
0g
#5515000
10
1g
#5520000
00
0g
#5525000
10
1g
#5530000
00
0g
#5535000
10
1g
#5540000
00
0g
#5545000
10
1g
#5550000
00
0g
#5555000
10
1g
#5560000
00
0g
#5565000
10
1g
#5570000
00
0g
#5575000
10
1g
#5580000
00
0g
#5585000
10
1g
#5590000
00
0g
#5595000
10
1g
#5600000
00
0g
#5605000
10
1g
#5610000
00
0g
#5615000
10
1g
#5620000
00
0g
#5625000
10
1g
#5630000
00
0g
#5635000
10
1g
#5640000
00
0g
#5645000
10
1g
#5650000
00
0g
#5655000
10
1g
#5660000
00
0g
#5665000
10
1g
#5670000
00
0g
#5675000
10
1g
#5680000
00
0g
#5685000
10
1g
#5690000
00
0g
#5695000
10
1g
#5700000
00
0g
#5705000
10
1g
#5710000
00
0g
#5715000
10
1g
#5720000
00
0g
#5725000
10
1g
#5730000
00
0g
#5735000
10
1g
#5740000
00
0g
#5745000
10
1g
#5750000
00
0g
#5755000
10
1g
#5760000
00
0g
#5765000
10
1g
#5770000
00
0g
#5775000
10
1g
#5780000
00
0g
#5785000
10
1g
#5790000
00
0g
#5795000
10
1g
#5800000
00
0g
#5805000
10
1g
#5810000
00
0g
#5815000
10
1g
#5820000
00
0g
#5825000
10
1g
#5830000
00
0g
#5835000
10
1g
#5840000
00
0g
#5845000
10
1g
#5850000
00
0g
#5855000
10
1g
#5860000
00
0g
#5865000
10
1g
#5870000
00
0g
#5875000
10
1g
#5880000
00
0g
#5885000
10
1g
#5890000
00
0g
#5895000
10
1g
#5900000
00
0g
#5905000
10
1g
#5910000
00
0g
#5915000
10
1g
#5920000
00
0g
#5925000
10
1g
#5930000
00
0g
#5935000
10
1g
#5940000
00
0g
#5945000
10
1g
#5950000
00
0g
#5955000
10
1g
#5960000
00
0g
#5965000
10
1g
#5970000
00
0g
#5975000
10
1g
#5980000
00
0g
#5985000
10
1g
#5990000
00
0g
#5995000
10
1g
#6000000
00
0g
#6005000
10
1g
#6010000
00
0g
#6015000
10
1g
#6020000
00
0g
#6025000
10
1g
#6030000
00
0g
#6035000
10
1g
#6040000
00
0g
#6045000
10
1g
#6050000
00
0g
#6055000
10
1g
#6060000
00
0g
#6065000
10
1g
#6070000
00
0g
#6075000
10
1g
#6080000
00
0g
#6085000
10
1g
#6090000
00
0g
#6095000
10
1g
#6100000
00
0g
#6105000
10
1g
#6110000
00
0g
#6115000
10
1g
#6120000
00
0g
#6125000
10
1g
#6130000
00
0g
#6135000
10
1g
#6140000
00
0g
#6145000
10
1g
#6150000
00
0g
#6155000
10
1g
#6160000
00
0g
#6165000
10
1g
#6170000
00
0g
#6175000
10
1g
#6180000
00
0g
#6185000
10
1g
#6190000
00
0g
#6195000
10
1g
#6200000
00
0g
#6205000
10
1g
#6210000
00
0g
#6215000
10
1g
#6220000
00
0g
#6225000
10
1g
#6230000
00
0g
#6235000
10
1g
#6240000
00
0g
#6245000
10
1g
#6250000
00
0g
#6255000
10
1g
#6260000
00
0g
#6265000
10
1g
#6270000
00
0g
#6275000
10
1g
#6280000
00
0g
#6285000
10
1g
#6290000
00
0g
#6295000
10
1g
#6300000
00
0g
#6305000
10
1g
#6310000
00
0g
#6315000
10
1g
#6320000
00
0g
#6325000
10
1g
#6330000
00
0g
#6335000
10
1g
#6340000
00
0g
#6345000
10
1g
#6350000
00
0g
#6355000
10
1g
#6360000
00
0g
#6365000
10
1g
#6370000
00
0g
#6375000
10
1g
#6380000
00
0g
#6385000
10
1g
#6390000
00
0g
#6395000
10
1g
#6400000
00
0g
#6405000
10
1g
#6410000
00
0g
#6415000
10
1g
#6420000
00
0g
#6425000
10
1g
#6430000
00
0g
#6435000
10
1g
#6440000
00
0g
#6445000
10
1g
#6450000
00
0g
#6455000
10
1g
#6460000
00
0g
#6465000
10
1g
#6470000
00
0g
#6475000
10
1g
#6480000
00
0g
#6485000
10
1g
#6490000
00
0g
#6495000
10
1g
#6500000
00
0g
#6505000
10
1g
#6510000
00
0g
#6515000
10
1g
#6520000
00
0g
#6525000
10
1g
#6530000
00
0g
#6535000
10
1g
#6540000
00
0g
#6545000
10
1g
#6550000
00
0g
#6555000
10
1g
#6560000
00
0g
#6565000
10
1g
#6570000
00
0g
#6575000
10
1g
#6580000
00
0g
#6585000
10
1g
#6590000
00
0g
#6595000
10
1g
#6600000
00
0g
#6605000
10
1g
#6610000
00
0g
#6615000
10
1g
#6620000
00
0g
#6625000
10
1g
#6630000
00
0g
#6635000
10
1g
#6640000
00
0g
#6645000
10
1g
#6650000
00
0g
#6655000
10
1g
#6660000
00
0g
#6665000
10
1g
#6670000
00
0g
#6675000
10
1g
#6680000
00
0g
#6685000
10
1g
#6690000
00
0g
#6695000
10
1g
#6700000
00
0g
#6705000
10
1g
#6710000
00
0g
#6715000
10
1g
#6720000
00
0g
#6725000
10
1g
#6730000
00
0g
#6735000
10
1g
#6740000
00
0g
#6745000
10
1g
#6750000
00
0g
#6755000
10
1g
#6760000
00
0g
#6765000
10
1g
#6770000
00
0g
#6775000
10
1g
#6780000
00
0g
#6785000
10
1g
#6790000
00
0g
#6795000
10
1g
#6800000
00
0g
#6805000
10
1g
#6810000
00
0g
#6815000
10
1g
#6820000
00
0g
#6825000
10
1g
#6830000
00
0g
#6835000
10
1g
#6840000
00
0g
#6845000
10
1g
#6850000
00
0g
#6855000
10
1g
#6860000
00
0g
#6865000
10
1g
#6870000
00
0g
#6875000
10
1g
#6880000
00
0g
#6885000
10
1g
#6890000
00
0g
#6895000
10
1g
#6900000
00
0g
#6905000
10
1g
#6910000
00
0g
#6915000
10
1g
#6920000
00
0g
#6925000
10
1g
#6930000
00
0g
#6935000
10
1g
#6940000
00
0g
#6945000
10
1g
#6950000
00
0g
#6955000
10
1g
#6960000
00
0g
#6965000
10
1g
#6970000
00
0g
#6975000
10
1g
#6980000
00
0g
#6985000
10
1g
#6990000
00
0g
#6995000
10
1g
#7000000
00
0g
#7005000
10
1g
#7010000
00
0g
#7015000
10
1g
#7020000
00
0g
#7025000
10
1g
#7030000
00
0g
#7035000
10
1g
#7040000
00
0g
#7045000
10
1g
#7050000
00
0g
#7055000
10
1g
#7060000
00
0g
#7065000
10
1g
#7070000
00
0g
#7075000
10
1g
#7080000
00
0g
#7085000
10
1g
#7090000
00
0g
#7095000
10
1g
#7100000
00
0g
#7105000
10
1g
#7110000
00
0g
#7115000
10
1g
#7120000
00
0g
#7125000
10
1g
#7130000
00
0g
#7135000
10
1g
#7140000
00
0g
#7145000
10
1g
#7150000
00
0g
#7155000
10
1g
#7160000
00
0g
#7165000
10
1g
#7170000
00
0g
#7175000
10
1g
#7180000
00
0g
#7185000
10
1g
#7190000
00
0g
#7195000
10
1g
#7200000
00
0g
#7205000
10
1g
#7210000
00
0g
#7215000
10
1g
#7220000
00
0g
#7225000
10
1g
#7230000
00
0g
#7235000
10
1g
#7240000
00
0g
#7245000
10
1g
#7250000
00
0g
#7255000
10
1g
#7260000
00
0g
#7265000
10
1g
#7270000
00
0g
#7275000
10
1g
#7280000
00
0g
#7285000
10
1g
#7290000
00
0g
#7295000
10
1g
#7300000
00
0g
#7305000
10
1g
#7310000
00
0g
#7315000
10
1g
#7320000
00
0g
#7325000
10
1g
#7330000
00
0g
#7335000
10
1g
#7340000
00
0g
#7345000
10
1g
#7350000
00
0g
#7355000
10
1g
#7360000
00
0g
#7365000
10
1g
#7370000
00
0g
#7375000
10
1g
#7380000
00
0g
#7385000
10
1g
#7390000
00
0g
#7395000
10
1g
#7400000
00
0g
#7405000
10
1g
#7410000
00
0g
#7415000
10
1g
#7420000
00
0g
#7425000
10
1g
#7430000
00
0g
#7435000
10
1g
#7440000
00
0g
#7445000
10
1g
#7450000
00
0g
#7455000
10
1g
#7460000
00
0g
#7465000
10
1g
#7470000
00
0g
#7475000
10
1g
#7480000
00
0g
#7485000
10
1g
#7490000
00
0g
#7495000
10
1g
#7500000
00
0g
#7505000
10
1g
#7510000
00
0g
#7515000
10
1g
#7520000
00
0g
#7525000
10
1g
#7530000
00
0g
#7535000
10
1g
#7540000
00
0g
#7545000
10
1g
#7550000
00
0g
#7555000
10
1g
#7560000
00
0g
#7565000
10
1g
#7570000
00
0g
#7575000
10
1g
#7580000
00
0g
#7585000
10
1g
#7590000
00
0g
#7595000
10
1g
#7600000
00
0g
#7605000
10
1g
#7610000
00
0g
#7615000
10
1g
#7620000
00
0g
#7625000
10
1g
#7630000
00
0g
#7635000
10
1g
#7640000
00
0g
#7645000
10
1g
#7650000
00
0g
#7655000
10
1g
#7660000
00
0g
#7665000
10
1g
#7670000
00
0g
#7675000
10
1g
#7680000
00
0g
#7685000
10
1g
#7690000
00
0g
#7695000
10
1g
#7700000
00
0g
#7705000
10
1g
#7710000
00
0g
#7715000
10
1g
#7720000
00
0g
#7725000
10
1g
#7730000
00
0g
#7735000
10
1g
#7740000
00
0g
#7745000
10
1g
#7750000
00
0g
#7755000
10
1g
#7760000
00
0g
#7765000
10
1g
#7770000
00
0g
#7775000
10
1g
#7780000
00
0g
#7785000
10
1g
#7790000
00
0g
#7795000
10
1g
#7800000
00
0g
#7805000
10
1g
#7810000
00
0g
#7815000
10
1g
#7820000
00
0g
#7825000
10
1g
#7830000
00
0g
#7835000
10
1g
#7840000
00
0g
#7845000
10
1g
#7850000
00
0g
#7855000
10
1g
#7860000
00
0g
#7865000
10
1g
#7870000
00
0g
#7875000
10
1g
#7880000
00
0g
#7885000
10
1g
#7890000
00
0g
#7895000
10
1g
#7900000
00
0g
#7905000
10
1g
#7910000
00
0g
#7915000
10
1g
#7920000
00
0g
#7925000
10
1g
#7930000
00
0g
#7935000
10
1g
#7940000
00
0g
#7945000
10
1g
#7950000
00
0g
#7955000
10
1g
#7960000
00
0g
#7965000
10
1g
#7970000
00
0g
#7975000
10
1g
#7980000
00
0g
#7985000
10
1g
#7990000
00
0g
#7995000
10
1g
#8000000
00
0g
#8005000
10
1g
#8010000
00
0g
#8015000
10
1g
#8020000
00
0g
#8025000
10
1g
#8030000
00
0g
#8035000
10
1g
#8040000
00
0g
#8045000
10
1g
#8050000
00
0g
#8055000
10
1g
#8060000
00
0g
#8065000
10
1g
#8070000
00
0g
#8075000
10
1g
#8080000
00
0g
#8085000
10
1g
#8090000
00
0g
#8095000
10
1g
#8100000
00
0g
#8105000
10
1g
#8110000
00
0g
#8115000
10
1g
#8120000
00
0g
#8125000
10
1g
#8130000
00
0g
#8135000
10
1g
#8140000
00
0g
#8145000
10
1g
#8150000
00
0g
#8155000
10
1g
#8160000
00
0g
#8165000
10
1g
#8170000
00
0g
#8175000
10
1g
#8180000
00
0g
#8185000
10
1g
#8190000
00
0g
#8195000
10
1g
#8200000
00
0g
#8205000
10
1g
#8210000
00
0g
#8215000
10
1g
#8220000
00
0g
#8225000
10
1g
#8230000
00
0g
#8235000
10
1g
#8240000
00
0g
#8245000
10
1g
#8250000
00
0g
#8255000
10
1g
#8260000
00
0g
#8265000
10
1g
#8270000
00
0g
#8275000
10
1g
#8280000
00
0g
#8285000
10
1g
#8290000
00
0g
#8295000
10
1g
#8300000
00
0g
#8305000
10
1g
#8310000
00
0g
#8315000
10
1g
#8320000
00
0g
#8325000
10
1g
#8330000
00
0g
#8335000
10
1g
#8340000
00
0g
#8345000
10
1g
#8350000
00
0g
#8355000
10
1g
#8360000
00
0g
#8365000
10
1g
#8370000
00
0g
#8375000
10
1g
#8380000
00
0g
#8385000
10
1g
#8390000
00
0g
#8395000
10
1g
#8400000
00
0g
#8405000
10
1g
#8410000
00
0g
#8415000
10
1g
#8420000
00
0g
#8425000
10
1g
#8430000
00
0g
#8435000
10
1g
#8440000
00
0g
#8445000
10
1g
#8450000
00
0g
#8455000
10
1g
#8460000
00
0g
#8465000
10
1g
#8470000
00
0g
#8475000
10
1g
#8480000
00
0g
#8485000
10
1g
#8490000
00
0g
#8495000
10
1g
#8500000
00
0g
#8505000
10
1g
#8510000
00
0g
#8515000
10
1g
#8520000
00
0g
#8525000
10
1g
#8530000
00
0g
#8535000
10
1g
#8540000
00
0g
#8545000
10
1g
#8550000
00
0g
#8555000
10
1g
#8560000
00
0g
#8565000
10
1g
#8570000
00
0g
#8575000
10
1g
#8580000
00
0g
#8585000
10
1g
#8590000
00
0g
#8595000
10
1g
#8600000
00
0g
#8605000
10
1g
#8610000
00
0g
#8615000
10
1g
#8620000
00
0g
#8625000
10
1g
#8630000
00
0g
#8635000
10
1g
#8640000
00
0g
#8645000
10
1g
#8650000
00
0g
#8655000
10
1g
#8660000
00
0g
#8665000
10
1g
#8670000
00
0g
#8675000
10
1g
#8680000
00
0g
#8685000
10
1g
#8690000
00
0g
#8695000
10
1g
#8700000
00
0g
#8705000
10
1g
#8710000
00
0g
#8715000
10
1g
#8720000
00
0g
#8725000
10
1g
#8730000
00
0g
#8735000
10
1g
#8740000
00
0g
#8745000
10
1g
#8750000
00
0g
#8755000
10
1g
#8760000
00
0g
#8765000
10
1g
#8770000
00
0g
#8775000
10
1g
#8780000
00
0g
#8785000
10
1g
#8790000
00
0g
#8795000
10
1g
#8800000
00
0g
#8805000
10
1g
#8810000
00
0g
#8815000
10
1g
#8820000
00
0g
#8825000
10
1g
#8830000
00
0g
#8835000
10
1g
#8840000
00
0g
#8845000
10
1g
#8850000
00
0g
#8855000
10
1g
#8860000
00
0g
#8865000
10
1g
#8870000
00
0g
#8875000
10
1g
#8880000
00
0g
#8885000
10
1g
#8890000
00
0g
#8895000
10
1g
#8900000
00
0g
#8905000
10
1g
#8910000
00
0g
#8915000
10
1g
#8920000
00
0g
#8925000
10
1g
#8930000
00
0g
#8935000
10
1g
#8940000
00
0g
#8945000
10
1g
#8950000
00
0g
#8955000
10
1g
#8960000
00
0g
#8965000
10
1g
#8970000
00
0g
#8975000
10
1g
#8980000
00
0g
#8985000
10
1g
#8990000
00
0g
#8995000
10
1g
#9000000
00
0g
#9005000
10
1g
#9010000
00
0g
#9015000
10
1g
#9020000
00
0g
#9025000
10
1g
#9030000
00
0g
#9035000
10
1g
#9040000
00
0g
#9045000
10
1g
#9050000
00
0g
#9055000
10
1g
#9060000
00
0g
#9065000
10
1g
#9070000
00
0g
#9075000
10
1g
#9080000
00
0g
#9085000
10
1g
#9090000
00
0g
#9095000
10
1g
#9100000
00
0g
#9105000
10
1g
#9110000
00
0g
#9115000
10
1g
#9120000
00
0g
#9125000
10
1g
#9130000
00
0g
#9135000
10
1g
#9140000
00
0g
#9145000
10
1g
#9150000
00
0g
#9155000
10
1g
#9160000
00
0g
#9165000
10
1g
#9170000
00
0g
#9175000
10
1g
#9180000
00
0g
#9185000
10
1g
#9190000
00
0g
#9195000
10
1g
#9200000
00
0g
#9205000
10
1g
#9210000
00
0g
#9215000
10
1g
#9220000
00
0g
#9225000
10
1g
#9230000
00
0g
#9235000
10
1g
#9240000
00
0g
#9245000
10
1g
#9250000
00
0g
#9255000
10
1g
#9260000
00
0g
#9265000
10
1g
#9270000
00
0g
#9275000
10
1g
#9280000
00
0g
#9285000
10
1g
#9290000
00
0g
#9295000
10
1g
#9300000
00
0g
#9305000
10
1g
#9310000
00
0g
#9315000
10
1g
#9320000
00
0g
#9325000
10
1g
#9330000
00
0g
#9335000
10
1g
#9340000
00
0g
#9345000
10
1g
#9350000
00
0g
#9355000
10
1g
#9360000
00
0g
#9365000
10
1g
#9370000
00
0g
#9375000
10
1g
#9380000
00
0g
#9385000
10
1g
#9390000
00
0g
#9395000
10
1g
#9400000
00
0g
#9405000
10
1g
#9410000
00
0g
#9415000
10
1g
#9420000
00
0g
#9425000
10
1g
#9430000
00
0g
#9435000
10
1g
#9440000
00
0g
#9445000
10
1g
#9450000
00
0g
#9455000
10
1g
#9460000
00
0g
#9465000
10
1g
#9470000
00
0g
#9475000
10
1g
#9480000
00
0g
#9485000
10
1g
#9490000
00
0g
#9495000
10
1g
#9500000
00
0g
#9505000
10
1g
#9510000
00
0g
#9515000
10
1g
#9520000
00
0g
#9525000
10
1g
#9530000
00
0g
#9535000
10
1g
#9540000
00
0g
#9545000
10
1g
#9550000
00
0g
#9555000
10
1g
#9560000
00
0g
#9565000
10
1g
#9570000
00
0g
#9575000
10
1g
#9580000
00
0g
#9585000
10
1g
#9590000
00
0g
#9595000
10
1g
#9600000
00
0g
#9605000
10
1g
#9610000
00
0g
#9615000
10
1g
#9620000
00
0g
#9625000
10
1g
#9630000
00
0g
#9635000
10
1g
#9640000
00
0g
#9645000
10
1g
#9650000
00
0g
#9655000
10
1g
#9660000
00
0g
#9665000
10
1g
#9670000
00
0g
#9675000
10
1g
#9680000
00
0g
#9685000
10
1g
#9690000
00
0g
#9695000
10
1g
#9700000
00
0g
#9705000
10
1g
#9710000
00
0g
#9715000
10
1g
#9720000
00
0g
#9725000
10
1g
#9730000
00
0g
#9735000
10
1g
#9740000
00
0g
#9745000
10
1g
#9750000
00
0g
#9755000
10
1g
#9760000
00
0g
#9765000
10
1g
#9770000
00
0g
#9775000
10
1g
#9780000
00
0g
#9785000
10
1g
#9790000
00
0g
#9795000
10
1g
#9800000
00
0g
#9805000
10
1g
#9810000
00
0g
#9815000
10
1g
#9820000
00
0g
#9825000
10
1g
#9830000
00
0g
#9835000
10
1g
#9840000
00
0g
#9845000
10
1g
#9850000
00
0g
#9855000
10
1g
#9860000
00
0g
#9865000
10
1g
#9870000
00
0g
#9875000
10
1g
#9880000
00
0g
#9885000
10
1g
#9890000
00
0g
#9895000
10
1g
#9900000
00
0g
#9905000
10
1g
#9910000
00
0g
#9915000
10
1g
#9920000
00
0g
#9925000
10
1g
#9930000
00
0g
#9935000
10
1g
#9940000
00
0g
#9945000
10
1g
#9950000
00
0g
#9955000
10
1g
#9960000
00
0g
#9965000
10
1g
#9970000
00
0g
#9975000
10
1g
#9980000
00
0g
#9985000
10
1g
#9990000
00
0g
#9995000
10
1g
#10000000
00
0g
#10005000
10
1g
#10010000
00
0g
#10015000
10
1g
#10020000
00
0g
#10025000
10
1g
#10030000
00
0g
#10035000
10
1g
#10040000
00
0g
#10045000
10
1g
#10050000
00
0g
#10055000
10
1g
#10060000
00
0g
#10065000
10
1g
#10070000
00
0g
#10075000
10
1g
#10080000
00
0g
#10085000
10
1g
#10090000
00
0g
#10095000
10
1g
#10100000
00
0g
#10105000
10
1g
#10110000
00
0g
#10115000
10
1g
#10120000
00
0g
#10125000
10
1g
#10130000
00
0g
#10135000
10
1g
#10140000
00
0g
#10145000
10
1g
#10150000
00
0g
#10155000
10
1g
#10160000
00
0g
#10165000
10
1g
#10170000
00
0g
#10175000
10
1g
#10180000
00
0g
#10185000
10
1g
#10190000
00
0g
#10195000
10
1g
#10200000
00
0g
#10205000
10
1g
#10210000
00
0g
#10215000
10
1g
#10220000
00
0g
#10225000
10
1g
#10230000
00
0g
#10235000
10
1g
#10240000
00
0g
#10245000
10
1g
#10250000
00
0g
#10255000
10
1g
#10260000
00
0g
#10265000
10
1g
#10270000
00
0g
#10275000
10
1g
#10280000
00
0g
#10285000
10
1g
#10290000
00
0g
#10295000
10
1g
#10300000
00
0g
#10305000
10
1g
#10310000
00
0g
#10315000
10
1g
#10320000
00
0g
#10325000
10
1g
#10330000
00
0g
#10335000
10
1g
#10340000
00
0g
#10345000
10
1g
#10350000
00
0g
#10355000
10
1g
#10360000
00
0g
#10365000
10
1g
#10370000
00
0g
#10375000
10
1g
#10380000
00
0g
#10385000
10
1g
#10390000
00
0g
#10395000
10
1g
#10400000
00
0g
#10405000
10
1g
#10410000
00
0g
#10415000
10
1g
#10420000
00
0g
#10425000
10
1g
#10430000
00
0g
#10435000
10
1g
#10440000
00
0g
#10445000
10
1g
#10450000
00
0g
#10455000
10
1g
#10460000
00
0g
#10465000
10
1g
#10470000
00
0g
#10475000
10
1g
#10480000
00
0g
#10485000
10
1g
#10490000
00
0g
#10495000
10
1g
#10500000
00
0g
#10505000
10
1g
#10510000
00
0g
#10515000
10
1g
#10520000
00
0g
#10525000
10
1g
#10530000
00
0g
#10535000
10
1g
#10540000
00
0g
#10545000
10
1g
#10550000
00
0g
#10555000
10
1g
#10560000
00
0g
#10565000
10
1g
#10570000
00
0g
#10575000
10
1g
#10580000
00
0g
#10585000
10
1g
#10590000
00
0g
#10595000
10
1g
#10600000
00
0g
#10605000
10
1g
#10610000
00
0g
#10615000
10
1g
#10620000
00
0g
#10625000
10
1g
#10630000
00
0g
#10635000
10
1g
#10640000
00
0g
#10645000
10
1g
#10650000
00
0g
#10655000
10
1g
#10660000
00
0g
#10665000
10
1g
#10670000
00
0g
#10675000
10
1g
#10680000
00
0g
#10685000
10
1g
#10690000
00
0g
#10695000
10
1g
#10700000
00
0g
#10705000
10
1g
#10710000
00
0g
#10715000
10
1g
#10720000
00
0g
#10725000
10
1g
#10730000
00
0g
#10735000
10
1g
#10740000
00
0g
#10745000
10
1g
#10750000
00
0g
#10755000
10
1g
#10760000
00
0g
#10765000
10
1g
#10770000
00
0g
#10775000
10
1g
#10780000
00
0g
#10785000
10
1g
#10790000
00
0g
#10795000
10
1g
#10800000
00
0g
#10805000
10
1g
#10810000
00
0g
#10815000
10
1g
#10820000
00
0g
#10825000
10
1g
#10830000
00
0g
#10835000
10
1g
#10840000
00
0g
#10845000
10
1g
#10850000
00
0g
#10855000
10
1g
#10860000
00
0g
#10865000
10
1g
#10870000
00
0g
#10875000
10
1g
#10880000
00
0g
#10885000
10
1g
#10890000
00
0g
#10895000
10
1g
#10900000
00
0g
#10905000
10
1g
#10910000
00
0g
#10915000
10
1g
#10920000
00
0g
#10925000
10
1g
#10930000
00
0g
#10935000
10
1g
#10940000
00
0g
#10945000
10
1g
#10950000
00
0g
#10955000
10
1g
#10960000
00
0g
#10965000
10
1g
#10970000
00
0g
#10975000
10
1g
#10980000
00
0g
#10985000
10
1g
#10990000
00
0g
#10995000
10
1g
#11000000
00
0g
#11005000
10
1g
#11010000
00
0g
#11015000
10
1g
#11020000
00
0g
#11025000
10
1g
#11030000
00
0g
#11035000
10
1g
#11040000
00
0g
#11045000
10
1g
#11050000
00
0g
#11055000
10
1g
#11060000
00
0g
#11065000
10
1g
#11070000
00
0g
#11075000
10
1g
#11080000
00
0g
#11085000
10
1g
#11090000
00
0g
#11095000
10
1g
#11100000
00
0g
#11105000
10
1g
#11110000
00
0g
#11115000
10
1g
#11120000
00
0g
#11125000
10
1g
#11130000
00
0g
#11135000
10
1g
#11140000
00
0g
#11145000
10
1g
#11150000
00
0g
#11155000
10
1g
#11160000
00
0g
#11165000
10
1g
#11170000
00
0g
#11175000
10
1g
#11180000
00
0g
#11185000
10
1g
#11190000
00
0g
#11195000
10
1g
#11200000
00
0g
#11205000
10
1g
#11210000
00
0g
#11215000
10
1g
#11220000
00
0g
#11225000
10
1g
#11230000
00
0g
#11235000
10
1g
#11240000
00
0g
#11245000
10
1g
#11250000
00
0g
#11255000
10
1g
#11260000
00
0g
#11265000
10
1g
#11270000
00
0g
#11275000
10
1g
#11280000
00
0g
#11285000
10
1g
#11290000
00
0g
#11295000
10
1g
#11300000
00
0g
#11305000
10
1g
#11310000
00
0g
#11315000
10
1g
#11320000
00
0g
#11325000
10
1g
#11330000
00
0g
#11335000
10
1g
#11340000
00
0g
#11345000
10
1g
#11350000
00
0g
#11355000
10
1g
#11360000
00
0g
#11365000
10
1g
#11370000
00
0g
#11375000
10
1g
#11380000
00
0g
#11385000
10
1g
#11390000
00
0g
#11395000
10
1g
#11400000
00
0g
#11405000
10
1g
#11410000
00
0g
#11415000
10
1g
#11420000
00
0g
#11425000
10
1g
#11430000
00
0g
#11435000
10
1g
#11440000
00
0g
#11445000
10
1g
#11450000
00
0g
#11455000
10
1g
#11460000
00
0g
#11465000
10
1g
#11470000
00
0g
#11475000
10
1g
#11480000
00
0g
#11485000
10
1g
#11490000
00
0g
#11495000
10
1g
#11500000
00
0g
#11505000
10
1g
#11510000
00
0g
#11515000
10
1g
#11520000
00
0g
#11525000
10
1g
#11530000
00
0g
#11535000
10
1g
#11540000
00
0g
#11545000
10
1g
#11550000
00
0g
#11555000
10
1g
#11560000
00
0g
#11565000
10
1g
#11570000
00
0g
#11575000
10
1g
#11580000
00
0g
#11585000
10
1g
#11590000
00
0g
#11595000
10
1g
#11600000
00
0g
#11605000
10
1g
#11610000
00
0g
#11615000
10
1g
#11620000
00
0g
#11625000
10
1g
#11630000
00
0g
#11635000
10
1g
#11640000
00
0g
#11645000
10
1g
#11650000
00
0g
#11655000
10
1g
#11660000
00
0g
#11665000
10
1g
#11670000
00
0g
#11675000
10
1g
#11680000
00
0g
#11685000
10
1g
#11690000
00
0g
#11695000
10
1g
#11700000
00
0g
#11705000
10
1g
#11710000
00
0g
#11715000
10
1g
#11720000
00
0g
#11725000
10
1g
#11730000
00
0g
#11735000
10
1g
#11740000
00
0g
#11745000
10
1g
#11750000
00
0g
#11755000
10
1g
#11760000
00
0g
#11765000
10
1g
#11770000
00
0g
#11775000
10
1g
#11780000
00
0g
#11785000
10
1g
#11790000
00
0g
#11795000
10
1g
#11800000
00
0g
#11805000
10
1g
#11810000
00
0g
#11815000
10
1g
#11820000
00
0g
#11825000
10
1g
#11830000
00
0g
#11835000
10
1g
#11840000
00
0g
#11845000
10
1g
#11850000
00
0g
#11855000
10
1g
#11860000
00
0g
#11865000
10
1g
#11870000
00
0g
#11875000
10
1g
#11880000
00
0g
#11885000
10
1g
#11890000
00
0g
#11895000
10
1g
#11900000
00
0g
#11905000
10
1g
#11910000
00
0g
#11915000
10
1g
#11920000
00
0g
#11925000
10
1g
#11930000
00
0g
#11935000
10
1g
#11940000
00
0g
#11945000
10
1g
#11950000
00
0g
#11955000
10
1g
#11960000
00
0g
#11965000
10
1g
#11970000
00
0g
#11975000
10
1g
#11980000
00
0g
#11985000
10
1g
#11990000
00
0g
#11995000
10
1g
#12000000
00
0g
#12005000
10
1g
#12010000
00
0g
#12015000
10
1g
#12020000
00
0g
#12025000
10
1g
#12030000
00
0g
#12035000
10
1g
#12040000
00
0g
#12045000
10
1g
#12050000
00
0g
#12055000
10
1g
#12060000
00
0g
#12065000
10
1g
#12070000
00
0g
#12075000
10
1g
#12080000
00
0g
#12085000
10
1g
#12090000
00
0g
#12095000
10
1g
#12100000
00
0g
#12105000
10
1g
#12110000
00
0g
#12115000
10
1g
#12120000
00
0g
#12125000
10
1g
#12130000
00
0g
#12135000
10
1g
#12140000
00
0g
#12145000
10
1g
#12150000
00
0g
#12155000
10
1g
#12160000
00
0g
#12165000
10
1g
#12170000
00
0g
#12175000
10
1g
#12180000
00
0g
#12185000
10
1g
#12190000
00
0g
#12195000
10
1g
#12200000
00
0g
#12205000
10
1g
#12210000
00
0g
#12215000
10
1g
#12220000
00
0g
#12225000
10
1g
#12230000
00
0g
#12235000
10
1g
#12240000
00
0g
#12245000
10
1g
#12250000
00
0g
#12255000
10
1g
#12260000
00
0g
#12265000
10
1g
#12270000
00
0g
#12275000
10
1g
#12280000
00
0g
#12285000
10
1g
#12290000
00
0g
#12295000
10
1g
#12300000
00
0g
#12305000
10
1g
#12310000
00
0g
#12315000
10
1g
#12320000
00
0g
#12325000
10
1g
#12330000
00
0g
#12335000
10
1g
#12340000
00
0g
#12345000
10
1g
#12350000
00
0g
#12355000
10
1g
#12360000
00
0g
#12365000
10
1g
#12370000
00
0g
#12375000
10
1g
#12380000
00
0g
#12385000
10
1g
#12390000
00
0g
#12395000
10
1g
#12400000
00
0g
#12405000
10
1g
#12410000
00
0g
#12415000
10
1g
#12420000
00
0g
#12425000
10
1g
#12430000
00
0g
#12435000
10
1g
#12440000
00
0g
#12445000
10
1g
#12450000
00
0g
#12455000
10
1g
#12460000
00
0g
#12465000
10
1g
#12470000
00
0g
#12475000
10
1g
#12480000
00
0g
#12485000
10
1g
#12490000
00
0g
#12495000
10
1g
#12500000
00
0g
#12505000
10
1g
#12510000
00
0g
#12515000
10
1g
#12520000
00
0g
#12525000
10
1g
#12530000
00
0g
#12535000
10
1g
#12540000
00
0g
#12545000
10
1g
#12550000
00
0g
#12555000
10
1g
#12560000
00
0g
#12565000
10
1g
#12570000
00
0g
#12575000
10
1g
#12580000
00
0g
#12585000
10
1g
#12590000
00
0g
#12595000
10
1g
#12600000
00
0g
#12605000
10
1g
#12610000
00
0g
#12615000
10
1g
#12620000
00
0g
#12625000
10
1g
#12630000
00
0g
#12635000
10
1g
#12640000
00
0g
#12645000
10
1g
#12650000
00
0g
#12655000
10
1g
#12660000
00
0g
#12665000
10
1g
#12670000
00
0g
#12675000
10
1g
#12680000
00
0g
#12685000
10
1g
#12690000
00
0g
#12695000
10
1g
#12700000
00
0g
#12705000
10
1g
#12710000
00
0g
#12715000
10
1g
#12720000
00
0g
#12725000
10
1g
#12730000
00
0g
#12735000
10
1g
#12740000
00
0g
#12745000
10
1g
#12750000
00
0g
#12755000
10
1g
#12760000
00
0g
#12765000
10
1g
#12770000
00
0g
#12775000
10
1g
#12780000
00
0g
#12785000
10
1g
#12790000
00
0g
#12795000
10
1g
#12800000
00
0g
#12805000
10
1g
#12810000
00
0g
#12815000
10
1g
#12820000
00
0g
#12825000
10
1g
#12830000
00
0g
#12835000
10
1g
#12840000
00
0g
#12845000
10
1g
#12850000
00
0g
#12855000
10
1g
#12860000
00
0g
#12865000
10
1g
#12870000
00
0g
#12875000
10
1g
#12880000
00
0g
#12885000
10
1g
#12890000
00
0g
#12895000
10
1g
#12900000
00
0g
#12905000
10
1g
#12910000
00
0g
#12915000
10
1g
#12920000
00
0g
#12925000
10
1g
#12930000
00
0g
#12935000
10
1g
#12940000
00
0g
#12945000
10
1g
#12950000
00
0g
#12955000
10
1g
#12960000
00
0g
#12965000
10
1g
#12970000
00
0g
#12975000
10
1g
#12980000
00
0g
#12985000
10
1g
#12990000
00
0g
#12995000
10
1g
#13000000
00
0g
#13005000
10
1g
#13010000
00
0g
#13015000
10
1g
#13020000
00
0g
#13025000
10
1g
#13030000
00
0g
#13035000
10
1g
#13040000
00
0g
#13045000
10
1g
#13050000
00
0g
#13055000
10
1g
#13060000
00
0g
#13065000
10
1g
#13070000
00
0g
#13075000
10
1g
#13080000
00
0g
#13085000
10
1g
#13090000
00
0g
#13095000
10
1g
#13100000
00
0g
#13105000
10
1g
#13110000
00
0g
#13115000
10
1g
#13120000
00
0g
#13125000
10
1g
#13130000
00
0g
#13135000
10
1g
#13140000
00
0g
#13145000
10
1g
#13150000
00
0g
#13155000
10
1g
#13160000
00
0g
#13165000
10
1g
#13170000
00
0g
#13175000
10
1g
#13180000
00
0g
#13185000
10
1g
#13190000
00
0g
#13195000
10
1g
#13200000
00
0g
#13205000
10
1g
#13210000
00
0g
#13215000
10
1g
#13220000
00
0g
#13225000
10
1g
#13230000
00
0g
#13235000
10
1g
#13240000
00
0g
#13245000
10
1g
#13250000
00
0g
#13255000
10
1g
#13260000
00
0g
#13265000
10
1g
#13270000
00
0g
#13275000
10
1g
#13280000
00
0g
#13285000
10
1g
#13290000
00
0g
#13295000
10
1g
#13300000
00
0g
#13305000
10
1g
#13310000
00
0g
#13315000
10
1g
#13320000
00
0g
#13325000
10
1g
#13330000
00
0g
#13335000
10
1g
#13340000
00
0g
#13345000
10
1g
#13350000
00
0g
#13355000
10
1g
#13360000
00
0g
#13365000
10
1g
#13370000
00
0g
#13375000
10
1g
#13380000
00
0g
#13385000
10
1g
#13390000
00
0g
#13395000
10
1g
#13400000
00
0g
#13405000
10
1g
#13410000
00
0g
#13415000
10
1g
#13420000
00
0g
#13425000
10
1g
#13430000
00
0g
#13435000
10
1g
#13440000
00
0g
#13445000
10
1g
#13450000
00
0g
#13455000
10
1g
#13460000
00
0g
#13465000
10
1g
#13470000
00
0g
#13475000
10
1g
#13480000
00
0g
#13485000
10
1g
#13490000
00
0g
#13495000
10
1g
#13500000
00
0g
#13505000
10
1g
#13510000
00
0g
#13515000
10
1g
#13520000
00
0g
#13525000
10
1g
#13530000
00
0g
#13535000
10
1g
#13540000
00
0g
#13545000
10
1g
#13550000
00
0g
#13555000
10
1g
#13560000
00
0g
#13565000
10
1g
#13570000
00
0g
#13575000
10
1g
#13580000
00
0g
#13585000
10
1g
#13590000
00
0g
#13595000
10
1g
#13600000
00
0g
#13605000
10
1g
#13610000
00
0g
#13615000
10
1g
#13620000
00
0g
#13625000
10
1g
#13630000
00
0g
#13635000
10
1g
#13640000
00
0g
#13645000
10
1g
#13650000
00
0g
#13655000
10
1g
#13660000
00
0g
#13665000
10
1g
#13670000
00
0g
#13675000
10
1g
#13680000
00
0g
#13685000
10
1g
#13690000
00
0g
#13695000
10
1g
#13700000
00
0g
#13705000
10
1g
#13710000
00
0g
#13715000
10
1g
#13720000
00
0g
#13725000
10
1g
#13730000
00
0g
#13735000
10
1g
#13740000
00
0g
#13745000
10
1g
#13750000
00
0g
#13755000
10
1g
#13760000
00
0g
#13765000
10
1g
#13770000
00
0g
#13775000
10
1g
#13780000
00
0g
#13785000
10
1g
#13790000
00
0g
#13795000
10
1g
#13800000
00
0g
#13805000
10
1g
#13810000
00
0g
#13815000
10
1g
#13820000
00
0g
#13825000
10
1g
#13830000
00
0g
#13835000
10
1g
#13840000
00
0g
#13845000
10
1g
#13850000
00
0g
#13855000
10
1g
#13860000
00
0g
#13865000
10
1g
#13870000
00
0g
#13875000
10
1g
#13880000
00
0g
#13885000
10
1g
#13890000
00
0g
#13895000
10
1g
#13900000
00
0g
#13905000
10
1g
#13910000
00
0g
#13915000
10
1g
#13920000
00
0g
#13925000
10
1g
#13930000
00
0g
#13935000
10
1g
#13940000
00
0g
#13945000
10
1g
#13950000
00
0g
#13955000
10
1g
#13960000
00
0g
#13965000
10
1g
#13970000
00
0g
#13975000
10
1g
#13980000
00
0g
#13985000
10
1g
#13990000
00
0g
#13995000
10
1g
#14000000
00
0g
#14005000
10
1g
#14010000
00
0g
#14015000
10
1g
#14020000
00
0g
#14025000
10
1g
#14030000
00
0g
#14035000
10
1g
#14040000
00
0g
#14045000
10
1g
#14050000
00
0g
#14055000
10
1g
#14060000
00
0g
#14065000
10
1g
#14070000
00
0g
#14075000
10
1g
#14080000
00
0g
#14085000
10
1g
#14090000
00
0g
#14095000
10
1g
#14100000
00
0g
#14105000
10
1g
#14110000
00
0g
#14115000
10
1g
#14120000
00
0g
#14125000
10
1g
#14130000
00
0g
#14135000
10
1g
#14140000
00
0g
#14145000
10
1g
#14150000
00
0g
#14155000
10
1g
#14160000
00
0g
#14165000
10
1g
#14170000
00
0g
#14175000
10
1g
#14180000
00
0g
#14185000
10
1g
#14190000
00
0g
#14195000
10
1g
#14200000
00
0g
#14205000
10
1g
#14210000
00
0g
#14215000
10
1g
#14220000
00
0g
#14225000
10
1g
#14230000
00
0g
#14235000
10
1g
#14240000
00
0g
#14245000
10
1g
#14250000
00
0g
#14255000
10
1g
#14260000
00
0g
#14265000
10
1g
#14270000
00
0g
#14275000
10
1g
#14280000
00
0g
#14285000
10
1g
#14290000
00
0g
#14295000
10
1g
#14300000
00
0g
#14305000
10
1g
#14310000
00
0g
#14315000
10
1g
#14320000
00
0g
#14325000
10
1g
#14330000
00
0g
#14335000
10
1g
#14340000
00
0g
#14345000
10
1g
#14350000
00
0g
#14355000
10
1g
#14360000
00
0g
#14365000
10
1g
#14370000
00
0g
#14375000
10
1g
#14380000
00
0g
#14385000
10
1g
#14390000
00
0g
#14395000
10
1g
#14400000
00
0g
#14405000
10
1g
#14410000
00
0g
#14415000
10
1g
#14420000
00
0g
#14425000
10
1g
#14430000
00
0g
#14435000
10
1g
#14440000
00
0g
#14445000
10
1g
#14450000
00
0g
#14455000
10
1g
#14460000
00
0g
#14465000
10
1g
#14470000
00
0g
#14475000
10
1g
#14480000
00
0g
#14485000
10
1g
#14490000
00
0g
#14495000
10
1g
#14500000
00
0g
#14505000
10
1g
#14510000
00
0g
#14515000
10
1g
#14520000
00
0g
#14525000
10
1g
#14530000
00
0g
#14535000
10
1g
#14540000
00
0g
#14545000
10
1g
#14550000
00
0g
#14555000
10
1g
#14560000
00
0g
#14565000
10
1g
#14570000
00
0g
#14575000
10
1g
#14580000
00
0g
#14585000
10
1g
#14590000
00
0g
#14595000
10
1g
#14600000
00
0g
#14605000
10
1g
#14610000
00
0g
#14615000
10
1g
#14620000
00
0g
#14625000
10
1g
#14630000
00
0g
#14635000
10
1g
#14640000
00
0g
#14645000
10
1g
#14650000
00
0g
#14655000
10
1g
#14660000
00
0g
#14665000
10
1g
#14670000
00
0g
#14675000
10
1g
#14680000
00
0g
#14685000
10
1g
#14690000
00
0g
#14695000
10
1g
#14700000
00
0g
#14705000
10
1g
#14710000
00
0g
#14715000
10
1g
#14720000
00
0g
#14725000
10
1g
#14730000
00
0g
#14735000
10
1g
#14740000
00
0g
#14745000
10
1g
#14750000
00
0g
#14755000
10
1g
#14760000
00
0g
#14765000
10
1g
#14770000
00
0g
#14775000
10
1g
#14780000
00
0g
#14785000
10
1g
#14790000
00
0g
#14795000
10
1g
#14800000
00
0g
#14805000
10
1g
#14810000
00
0g
#14815000
10
1g
#14820000
00
0g
#14825000
10
1g
#14830000
00
0g
#14835000
10
1g
#14840000
00
0g
#14845000
10
1g
#14850000
00
0g
#14855000
10
1g
#14860000
00
0g
#14865000
10
1g
#14870000
00
0g
#14875000
10
1g
#14880000
00
0g
#14885000
10
1g
#14890000
00
0g
#14895000
10
1g
#14900000
00
0g
#14905000
10
1g
#14910000
00
0g
#14915000
10
1g
#14920000
00
0g
#14925000
10
1g
#14930000
00
0g
#14935000
10
1g
#14940000
00
0g
#14945000
10
1g
#14950000
00
0g
#14955000
10
1g
#14960000
00
0g
#14965000
10
1g
#14970000
00
0g
#14975000
10
1g
#14980000
00
0g
#14985000
10
1g
#14990000
00
0g
#14995000
10
1g
#15000000
00
0g
#15005000
10
1g
#15010000
00
0g
#15015000
10
1g
#15020000
00
0g
#15025000
10
1g
#15030000
00
0g
#15035000
10
1g
#15040000
00
0g
#15045000
10
1g
#15050000
00
0g
#15055000
10
1g
#15060000
00
0g
#15065000
10
1g
#15070000
00
0g
#15075000
10
1g
#15080000
00
0g
#15085000
10
1g
#15090000
00
0g
#15095000
10
1g
#15100000
00
0g
#15105000
10
1g
#15110000
00
0g
#15115000
10
1g
#15120000
00
0g
#15125000
10
1g
#15130000
00
0g
#15135000
10
1g
#15140000
00
0g
#15145000
10
1g
#15150000
00
0g
#15155000
10
1g
#15160000
00
0g
#15165000
10
1g
#15170000
00
0g
#15175000
10
1g
#15180000
00
0g
#15185000
10
1g
#15190000
00
0g
#15195000
10
1g
#15200000
00
0g
#15205000
10
1g
#15210000
00
0g
#15215000
10
1g
#15220000
00
0g
#15225000
10
1g
#15230000
00
0g
#15235000
10
1g
#15240000
00
0g
#15245000
10
1g
#15250000
00
0g
#15255000
10
1g
#15260000
00
0g
#15265000
10
1g
#15270000
00
0g
#15275000
10
1g
#15280000
00
0g
#15285000
10
1g
#15290000
00
0g
#15295000
10
1g
#15300000
00
0g
#15305000
10
1g
#15310000
00
0g
#15315000
10
1g
#15320000
00
0g
#15325000
10
1g
#15330000
00
0g
#15335000
10
1g
#15340000
00
0g
#15345000
10
1g
#15350000
00
0g
#15355000
10
1g
#15360000
00
0g
#15365000
10
1g
#15370000
00
0g
#15375000
10
1g
#15380000
00
0g
#15385000
10
1g
#15390000
00
0g
#15395000
10
1g
#15400000
00
0g
#15405000
10
1g
#15410000
00
0g
#15415000
10
1g
#15420000
00
0g
#15425000
10
1g
#15430000
00
0g
#15435000
10
1g
#15440000
00
0g
#15445000
10
1g
#15450000
00
0g
#15455000
10
1g
#15460000
00
0g
#15465000
10
1g
#15470000
00
0g
#15475000
10
1g
#15480000
00
0g
#15485000
10
1g
#15490000
00
0g
#15495000
10
1g
#15500000
00
0g
#15505000
10
1g
#15510000
00
0g
#15515000
10
1g
#15520000
00
0g
#15525000
10
1g
#15530000
00
0g
#15535000
10
1g
#15540000
00
0g
#15545000
10
1g
#15550000
00
0g
#15555000
10
1g
#15560000
00
0g
#15565000
10
1g
#15570000
00
0g
#15575000
10
1g
#15580000
00
0g
#15585000
10
1g
#15590000
00
0g
#15595000
10
1g
#15600000
00
0g
#15605000
10
1g
#15610000
00
0g
#15615000
10
1g
#15620000
00
0g
#15625000
10
1g
#15630000
00
0g
#15635000
10
1g
#15640000
00
0g
#15645000
10
1g
#15650000
00
0g
#15655000
10
1g
#15660000
00
0g
#15665000
10
1g
#15670000
00
0g
#15675000
10
1g
#15680000
00
0g
#15685000
10
1g
#15690000
00
0g
#15695000
10
1g
#15700000
00
0g
#15705000
10
1g
#15710000
00
0g
#15715000
10
1g
#15720000
00
0g
#15725000
10
1g
#15730000
00
0g
#15735000
10
1g
#15740000
00
0g
#15745000
10
1g
#15750000
00
0g
#15755000
10
1g
#15760000
00
0g
#15765000
10
1g
#15770000
00
0g
#15775000
10
1g
#15780000
00
0g
#15785000
10
1g
#15790000
00
0g
#15795000
10
1g
#15800000
00
0g
#15805000
10
1g
#15810000
00
0g
#15815000
10
1g
#15820000
00
0g
#15825000
10
1g
#15830000
00
0g
#15835000
10
1g
#15840000
00
0g
#15845000
10
1g
#15850000
00
0g
#15855000
10
1g
#15860000
00
0g
#15865000
10
1g
#15870000
00
0g
#15875000
10
1g
#15880000
00
0g
#15885000
10
1g
#15890000
00
0g
#15895000
10
1g
#15900000
00
0g
#15905000
10
1g
#15910000
00
0g
#15915000
10
1g
#15920000
00
0g
#15925000
10
1g
#15930000
00
0g
#15935000
10
1g
#15940000
00
0g
#15945000
10
1g
#15950000
00
0g
#15955000
10
1g
#15960000
00
0g
#15965000
10
1g
#15970000
00
0g
#15975000
10
1g
#15980000
00
0g
#15985000
10
1g
#15990000
00
0g
#15995000
10
1g
#16000000
00
0g
#16005000
10
1g
#16010000
00
0g
#16015000
10
1g
#16020000
00
0g
#16025000
10
1g
#16030000
00
0g
#16035000
10
1g
#16040000
00
0g
#16045000
10
1g
#16050000
00
0g
#16055000
10
1g
#16060000
00
0g
#16065000
10
1g
#16070000
00
0g
#16075000
10
1g
#16080000
00
0g
#16085000
10
1g
#16090000
00
0g
#16095000
10
1g
#16100000
00
0g
#16105000
10
1g
#16110000
00
0g
#16115000
10
1g
#16120000
00
0g
#16125000
10
1g
#16130000
00
0g
#16135000
10
1g
#16140000
00
0g
#16145000
10
1g
#16150000
00
0g
#16155000
10
1g
#16160000
00
0g
#16165000
10
1g
#16170000
00
0g
#16175000
10
1g
#16180000
00
0g
#16185000
10
1g
#16190000
00
0g
#16195000
10
1g
#16200000
00
0g
#16205000
10
1g
#16210000
00
0g
#16215000
10
1g
#16220000
00
0g
#16225000
10
1g
#16230000
00
0g
#16235000
10
1g
#16240000
00
0g
#16245000
10
1g
#16250000
00
0g
#16255000
10
1g
#16260000
00
0g
#16265000
10
1g
#16270000
00
0g
#16275000
10
1g
#16280000
00
0g
#16285000
10
1g
#16290000
00
0g
#16295000
10
1g
#16300000
00
0g
#16305000
10
1g
#16310000
00
0g
#16315000
10
1g
#16320000
00
0g
#16325000
10
1g
#16330000
00
0g
#16335000
10
1g
#16340000
00
0g
#16345000
10
1g
#16350000
00
0g
#16355000
10
1g
#16360000
00
0g
#16365000
10
1g
#16370000
00
0g
#16375000
10
1g
#16380000
00
0g
#16385000
10
1g
#16390000
00
0g
#16395000
10
1g
#16400000
00
0g
#16405000
10
1g
#16410000
00
0g
#16415000
10
1g
#16420000
00
0g
#16425000
10
1g
#16430000
00
0g
#16435000
10
1g
#16440000
00
0g
#16445000
10
1g
#16450000
00
0g
#16455000
10
1g
#16460000
00
0g
#16465000
10
1g
#16470000
00
0g
#16475000
10
1g
#16480000
00
0g
#16485000
10
1g
#16490000
00
0g
#16495000
10
1g
#16500000
00
0g
#16505000
10
1g
#16510000
00
0g
#16515000
10
1g
#16520000
00
0g
#16525000
10
1g
#16530000
00
0g
#16535000
10
1g
#16540000
00
0g
#16545000
10
1g
#16550000
00
0g
#16555000
10
1g
#16560000
00
0g
#16565000
10
1g
#16570000
00
0g
#16575000
10
1g
#16580000
00
0g
#16585000
10
1g
#16590000
00
0g
#16595000
10
1g
#16600000
00
0g
#16605000
10
1g
#16610000
00
0g
#16615000
10
1g
#16620000
00
0g
#16625000
10
1g
#16630000
00
0g
#16635000
10
1g
#16640000
00
0g
#16645000
10
1g
#16650000
00
0g
#16655000
10
1g
#16660000
00
0g
#16665000
10
1g
#16670000
00
0g
#16675000
10
1g
#16680000
00
0g
#16685000
10
1g
#16690000
00
0g
#16695000
10
1g
#16700000
00
0g
#16705000
10
1g
#16710000
00
0g
#16715000
10
1g
#16720000
00
0g
#16725000
10
1g
#16730000
00
0g
#16735000
10
1g
#16740000
00
0g
#16745000
10
1g
#16750000
00
0g
#16755000
10
1g
#16760000
00
0g
#16765000
10
1g
#16770000
00
0g
#16775000
10
1g
#16780000
00
0g
#16785000
10
1g
#16790000
00
0g
#16795000
10
1g
#16800000
00
0g
#16805000
10
1g
#16810000
00
0g
#16815000
10
1g
#16820000
00
0g
#16825000
10
1g
#16830000
00
0g
#16835000
10
1g
#16840000
00
0g
#16845000
10
1g
#16850000
00
0g
#16855000
10
1g
#16860000
00
0g
#16865000
10
1g
#16870000
00
0g
#16875000
10
1g
#16880000
00
0g
#16885000
10
1g
#16890000
00
0g
#16895000
10
1g
#16900000
00
0g
#16905000
10
1g
#16910000
00
0g
#16915000
10
1g
#16920000
00
0g
#16925000
10
1g
#16930000
00
0g
#16935000
10
1g
#16940000
00
0g
#16945000
10
1g
#16950000
00
0g
#16955000
10
1g
#16960000
00
0g
#16965000
10
1g
#16970000
00
0g
#16975000
10
1g
#16980000
00
0g
#16985000
10
1g
#16990000
00
0g
#16995000
10
1g
#17000000
00
0g
#17005000
10
1g
#17010000
00
0g
#17015000
10
1g
#17020000
00
0g
#17025000
10
1g
#17030000
00
0g
#17035000
10
1g
#17040000
00
0g
#17045000
10
1g
#17050000
00
0g
#17055000
10
1g
#17060000
00
0g
#17065000
10
1g
#17070000
00
0g
#17075000
10
1g
#17080000
00
0g
#17085000
10
1g
#17090000
00
0g
#17095000
10
1g
#17100000
00
0g
#17105000
10
1g
#17110000
00
0g
#17115000
10
1g
#17120000
00
0g
#17125000
10
1g
#17130000
00
0g
#17135000
10
1g
#17140000
00
0g
#17145000
10
1g
#17150000
00
0g
#17155000
10
1g
#17160000
00
0g
#17165000
10
1g
#17170000
00
0g
#17175000
10
1g
#17180000
00
0g
#17185000
10
1g
#17190000
00
0g
#17195000
10
1g
#17200000
00
0g
#17205000
10
1g
#17210000
00
0g
#17215000
10
1g
#17220000
00
0g
#17225000
10
1g
#17230000
00
0g
#17235000
10
1g
#17240000
00
0g
#17245000
10
1g
#17250000
00
0g
#17255000
10
1g
#17260000
00
0g
#17265000
10
1g
#17270000
00
0g
#17275000
10
1g
#17280000
00
0g
#17285000
10
1g
#17290000
00
0g
#17295000
10
1g
#17300000
00
0g
#17305000
10
1g
#17310000
00
0g
#17315000
10
1g
#17320000
00
0g
#17325000
10
1g
#17330000
00
0g
#17335000
10
1g
#17340000
00
0g
#17345000
10
1g
#17350000
00
0g
#17355000
10
1g
#17360000
00
0g
#17365000
10
1g
#17370000
00
0g
#17375000
10
1g
#17380000
00
0g
#17385000
10
1g
#17390000
00
0g
#17395000
10
1g
#17400000
00
0g
#17405000
10
1g
#17410000
00
0g
#17415000
10
1g
#17420000
00
0g
#17425000
10
1g
#17430000
00
0g
#17435000
10
1g
#17440000
00
0g
#17445000
10
1g
#17450000
00
0g
#17455000
10
1g
#17460000
00
0g
#17465000
10
1g
#17470000
00
0g
#17475000
10
1g
#17480000
00
0g
#17485000
10
1g
#17490000
00
0g
#17495000
10
1g
#17500000
00
0g
#17505000
10
1g
#17510000
00
0g
#17515000
10
1g
#17520000
00
0g
#17525000
10
1g
#17530000
00
0g
#17535000
10
1g
#17540000
00
0g
#17545000
10
1g
#17550000
00
0g
#17555000
10
1g
#17560000
00
0g
#17565000
10
1g
#17570000
00
0g
#17575000
10
1g
#17580000
00
0g
#17585000
10
1g
#17590000
00
0g
#17595000
10
1g
#17600000
00
0g
#17605000
10
1g
#17610000
00
0g
#17615000
10
1g
#17620000
00
0g
#17625000
10
1g
#17630000
00
0g
#17635000
10
1g
#17640000
00
0g
#17645000
10
1g
#17650000
00
0g
#17655000
10
1g
#17660000
00
0g
#17665000
10
1g
#17670000
00
0g
#17675000
10
1g
#17680000
00
0g
#17685000
10
1g
#17690000
00
0g
#17695000
10
1g
#17700000
00
0g
#17705000
10
1g
#17710000
00
0g
#17715000
10
1g
#17720000
00
0g
#17725000
10
1g
#17730000
00
0g
#17735000
10
1g
#17740000
00
0g
#17745000
10
1g
#17750000
00
0g
#17755000
10
1g
#17760000
00
0g
#17765000
10
1g
#17770000
00
0g
#17775000
10
1g
#17780000
00
0g
#17785000
10
1g
#17790000
00
0g
#17795000
10
1g
#17800000
00
0g
#17805000
10
1g
#17810000
00
0g
#17815000
10
1g
#17820000
00
0g
#17825000
10
1g
#17830000
00
0g
#17835000
10
1g
#17840000
00
0g
#17845000
10
1g
#17850000
00
0g
#17855000
10
1g
#17860000
00
0g
#17865000
10
1g
#17870000
00
0g
#17875000
10
1g
#17880000
00
0g
#17885000
10
1g
#17890000
00
0g
#17895000
10
1g
#17900000
00
0g
#17905000
10
1g
#17910000
00
0g
#17915000
10
1g
#17920000
00
0g
#17925000
10
1g
#17930000
00
0g
#17935000
10
1g
#17940000
00
0g
#17945000
10
1g
#17950000
00
0g
#17955000
10
1g
#17960000
00
0g
#17965000
10
1g
#17970000
00
0g
#17975000
10
1g
#17980000
00
0g
#17985000
10
1g
#17990000
00
0g
#17995000
10
1g
#18000000
00
0g
#18005000
10
1g
#18010000
00
0g
#18015000
10
1g
#18020000
00
0g
#18025000
10
1g
#18030000
00
0g
#18035000
10
1g
#18040000
00
0g
#18045000
10
1g
#18050000
00
0g
#18055000
10
1g
#18060000
00
0g
#18065000
10
1g
#18070000
00
0g
#18075000
10
1g
#18080000
00
0g
#18085000
10
1g
#18090000
00
0g
#18095000
10
1g
#18100000
00
0g
#18105000
10
1g
#18110000
00
0g
#18115000
10
1g
#18120000
00
0g
#18125000
10
1g
#18130000
00
0g
#18135000
10
1g
#18140000
00
0g
#18145000
10
1g
#18150000
00
0g
#18155000
10
1g
#18160000
00
0g
#18165000
10
1g
#18170000
00
0g
#18175000
10
1g
#18180000
00
0g
#18185000
10
1g
#18190000
00
0g
#18195000
10
1g
#18200000
00
0g
#18205000
10
1g
#18210000
00
0g
#18215000
10
1g
#18220000
00
0g
#18225000
10
1g
#18230000
00
0g
#18235000
10
1g
#18240000
00
0g
#18245000
10
1g
#18250000
00
0g
#18255000
10
1g
#18260000
00
0g
#18265000
10
1g
#18270000
00
0g
#18275000
10
1g
#18280000
00
0g
#18285000
10
1g
#18290000
00
0g
#18295000
10
1g
#18300000
00
0g
#18305000
10
1g
#18310000
00
0g
#18315000
10
1g
#18320000
00
0g
#18325000
10
1g
#18330000
00
0g
#18335000
10
1g
#18340000
00
0g
#18345000
10
1g
#18350000
00
0g
#18355000
10
1g
#18360000
00
0g
#18365000
10
1g
#18370000
00
0g
#18375000
10
1g
#18380000
00
0g
#18385000
10
1g
#18390000
00
0g
#18395000
10
1g
#18400000
00
0g
#18405000
10
1g
#18410000
00
0g
#18415000
10
1g
#18420000
00
0g
#18425000
10
1g
#18430000
00
0g
#18435000
10
1g
#18440000
00
0g
#18445000
10
1g
#18450000
00
0g
#18455000
10
1g
#18460000
00
0g
#18465000
10
1g
#18470000
00
0g
#18475000
10
1g
#18480000
00
0g
#18485000
10
1g
#18490000
00
0g
#18495000
10
1g
#18500000
00
0g
#18505000
10
1g
#18510000
00
0g
#18515000
10
1g
#18520000
00
0g
#18525000
10
1g
#18530000
00
0g
#18535000
10
1g
#18540000
00
0g
#18545000
10
1g
#18550000
00
0g
#18555000
10
1g
#18560000
00
0g
#18565000
10
1g
#18570000
00
0g
#18575000
10
1g
#18580000
00
0g
#18585000
10
1g
#18590000
00
0g
#18595000
10
1g
#18600000
00
0g
#18605000
10
1g
#18610000
00
0g
#18615000
10
1g
#18620000
00
0g
#18625000
10
1g
#18630000
00
0g
#18635000
10
1g
#18640000
00
0g
#18645000
10
1g
#18650000
00
0g
#18655000
10
1g
#18660000
00
0g
#18665000
10
1g
#18670000
00
0g
#18675000
10
1g
#18680000
00
0g
#18685000
10
1g
#18690000
00
0g
#18695000
10
1g
#18700000
00
0g
#18705000
10
1g
#18710000
00
0g
#18715000
10
1g
#18720000
00
0g
#18725000
10
1g
#18730000
00
0g
#18735000
10
1g
#18740000
00
0g
#18745000
10
1g
#18750000
00
0g
#18755000
10
1g
#18760000
00
0g
#18765000
10
1g
#18770000
00
0g
#18775000
10
1g
#18780000
00
0g
#18785000
10
1g
#18790000
00
0g
#18795000
10
1g
#18800000
00
0g
#18805000
10
1g
#18810000
00
0g
#18815000
10
1g
#18820000
00
0g
#18825000
10
1g
#18830000
00
0g
#18835000
10
1g
#18840000
00
0g
#18845000
10
1g
#18850000
00
0g
#18855000
10
1g
#18860000
00
0g
#18865000
10
1g
#18870000
00
0g
#18875000
10
1g
#18880000
00
0g
#18885000
10
1g
#18890000
00
0g
#18895000
10
1g
#18900000
00
0g
#18905000
10
1g
#18910000
00
0g
#18915000
10
1g
#18920000
00
0g
#18925000
10
1g
#18930000
00
0g
#18935000
10
1g
#18940000
00
0g
#18945000
10
1g
#18950000
00
0g
#18955000
10
1g
#18960000
00
0g
#18965000
10
1g
#18970000
00
0g
#18975000
10
1g
#18980000
00
0g
#18985000
10
1g
#18990000
00
0g
#18995000
10
1g
#19000000
00
0g
#19005000
10
1g
#19010000
00
0g
#19015000
10
1g
#19020000
00
0g
#19025000
10
1g
#19030000
00
0g
#19035000
10
1g
#19040000
00
0g
#19045000
10
1g
#19050000
00
0g
#19055000
10
1g
#19060000
00
0g
#19065000
10
1g
#19070000
00
0g
#19075000
10
1g
#19080000
00
0g
#19085000
10
1g
#19090000
00
0g
#19095000
10
1g
#19100000
00
0g
#19105000
10
1g
#19110000
00
0g
#19115000
10
1g
#19120000
00
0g
#19125000
10
1g
#19130000
00
0g
#19135000
10
1g
#19140000
00
0g
#19145000
10
1g
#19150000
00
0g
#19155000
10
1g
#19160000
00
0g
#19165000
10
1g
#19170000
00
0g
#19175000
10
1g
#19180000
00
0g
#19185000
10
1g
#19190000
00
0g
#19195000
10
1g
#19200000
00
0g
#19205000
10
1g
#19210000
00
0g
#19215000
10
1g
#19220000
00
0g
#19225000
10
1g
#19230000
00
0g
#19235000
10
1g
#19240000
00
0g
#19245000
10
1g
#19250000
00
0g
#19255000
10
1g
#19260000
00
0g
#19265000
10
1g
#19270000
00
0g
#19275000
10
1g
#19280000
00
0g
#19285000
10
1g
#19290000
00
0g
#19295000
10
1g
#19300000
00
0g
#19305000
10
1g
#19310000
00
0g
#19315000
10
1g
#19320000
00
0g
#19325000
10
1g
#19330000
00
0g
#19335000
10
1g
#19340000
00
0g
#19345000
10
1g
#19350000
00
0g
#19355000
10
1g
#19360000
00
0g
#19365000
10
1g
#19370000
00
0g
#19375000
10
1g
#19380000
00
0g
#19385000
10
1g
#19390000
00
0g
#19395000
10
1g
#19400000
00
0g
#19405000
10
1g
#19410000
00
0g
#19415000
10
1g
#19420000
00
0g
#19425000
10
1g
#19430000
00
0g
#19435000
10
1g
#19440000
00
0g
#19445000
10
1g
#19450000
00
0g
#19455000
10
1g
#19460000
00
0g
#19465000
10
1g
#19470000
00
0g
#19475000
10
1g
#19480000
00
0g
#19485000
10
1g
#19490000
00
0g
#19495000
10
1g
#19500000
00
0g
#19505000
10
1g
#19510000
00
0g
#19515000
10
1g
#19520000
00
0g
#19525000
10
1g
#19530000
00
0g
#19535000
10
1g
#19540000
00
0g
#19545000
10
1g
#19550000
00
0g
#19555000
10
1g
#19560000
00
0g
#19565000
10
1g
#19570000
00
0g
#19575000
10
1g
#19580000
00
0g
#19585000
10
1g
#19590000
00
0g
#19595000
10
1g
#19600000
00
0g
#19605000
10
1g
#19610000
00
0g
#19615000
10
1g
#19620000
00
0g
#19625000
10
1g
#19630000
00
0g
#19635000
10
1g
#19640000
00
0g
#19645000
10
1g
#19650000
00
0g
#19655000
10
1g
#19660000
00
0g
#19665000
10
1g
#19670000
00
0g
#19675000
10
1g
#19680000
00
0g
#19685000
10
1g
#19690000
00
0g
#19695000
10
1g
#19700000
00
0g
#19705000
10
1g
#19710000
00
0g
#19715000
10
1g
#19720000
00
0g
#19725000
10
1g
#19730000
00
0g
#19735000
10
1g
#19740000
00
0g
#19745000
10
1g
#19750000
00
0g
#19755000
10
1g
#19760000
00
0g
#19765000
10
1g
#19770000
00
0g
#19775000
10
1g
#19780000
00
0g
#19785000
10
1g
#19790000
00
0g
#19795000
10
1g
#19800000
00
0g
#19805000
10
1g
#19810000
00
0g
#19815000
10
1g
#19820000
00
0g
#19825000
10
1g
#19830000
00
0g
#19835000
10
1g
#19840000
00
0g
#19845000
10
1g
#19850000
00
0g
#19855000
10
1g
#19860000
00
0g
#19865000
10
1g
#19870000
00
0g
#19875000
10
1g
#19880000
00
0g
#19885000
10
1g
#19890000
00
0g
#19895000
10
1g
#19900000
00
0g
#19905000
10
1g
#19910000
00
0g
#19915000
10
1g
#19920000
00
0g
#19925000
10
1g
#19930000
00
0g
#19935000
10
1g
#19940000
00
0g
#19945000
10
1g
#19950000
00
0g
#19955000
10
1g
#19960000
00
0g
#19965000
10
1g
#19970000
00
0g
#19975000
10
1g
#19980000
00
0g
#19985000
10
1g
#19990000
00
0g
#19995000
10
1g
#20000000
00
0g
#20005000
10
1g
#20010000
00
0g
#20015000
10
1g
#20020000
00
0g
#20025000
10
1g
#20030000
00
0g
#20035000
10
1g
#20040000
00
0g
#20045000
10
1g
#20050000
00
0g
#20055000
10
1g
#20060000
00
0g
#20065000
10
1g
#20070000
00
0g
#20075000
10
1g
#20080000
00
0g
#20085000
10
1g
#20090000
00
0g
#20095000
10
1g
#20100000
00
0g
#20105000
10
1g
#20110000
00
0g
#20115000
10
1g
#20120000
00
0g
#20125000
10
1g
#20130000
00
0g
#20135000
10
1g
#20140000
00
0g
#20145000
10
1g
#20150000
00
0g
#20155000
10
1g
#20160000
00
0g
#20165000
10
1g
#20170000
00
0g
#20175000
10
1g
#20180000
00
0g
#20185000
10
1g
#20190000
00
0g
#20195000
10
1g
#20200000
00
0g
#20205000
10
1g
#20210000
00
0g
#20215000
10
1g
#20220000
00
0g
#20225000
10
1g
#20230000
00
0g
#20235000
10
1g
#20240000
00
0g
#20245000
10
1g
#20250000
00
0g
#20255000
10
1g
#20260000
00
0g
#20265000
10
1g
#20270000
00
0g
#20275000
10
1g
#20280000
00
0g
#20285000
10
1g
#20290000
00
0g
#20295000
10
1g
#20300000
00
0g
#20305000
10
1g
#20310000
00
0g
#20315000
10
1g
#20320000
00
0g
#20325000
10
1g
#20330000
00
0g
#20335000
10
1g
#20340000
00
0g
#20345000
10
1g
#20350000
00
0g
#20355000
10
1g
#20360000
00
0g
#20365000
10
1g
#20370000
00
0g
#20375000
10
1g
#20380000
00
0g
#20385000
10
1g
#20390000
00
0g
#20395000
10
1g
#20400000
00
0g
#20405000
10
1g
#20410000
00
0g
#20415000
10
1g
#20420000
00
0g
#20425000
10
1g
#20430000
00
0g
#20435000
10
1g
#20440000
00
0g
#20445000
10
1g
#20450000
00
0g
#20455000
10
1g
#20460000
00
0g
#20465000
10
1g
#20470000
00
0g
#20475000
10
1g
#20480000
00
0g
#20485000
10
1g
#20490000
00
0g
#20495000
10
1g
#20500000
00
0g
#20505000
10
1g
#20510000
00
0g
#20515000
10
1g
#20520000
00
0g
#20525000
10
1g
#20530000
00
0g
#20535000
10
1g
#20540000
00
0g
#20545000
10
1g
#20550000
00
0g
#20555000
10
1g
#20560000
00
0g
#20565000
10
1g
#20570000
00
0g
#20575000
10
1g
#20580000
00
0g
#20585000
10
1g
#20590000
00
0g
#20595000
10
1g
#20600000
00
0g
#20605000
10
1g
#20610000
00
0g
#20615000
10
1g
#20620000
00
0g
#20625000
10
1g
#20630000
00
0g
#20635000
10
1g
#20640000
00
0g
#20645000
10
1g
#20650000
00
0g
#20655000
10
1g
#20660000
00
0g
#20665000
10
1g
#20670000
00
0g
#20675000
10
1g
#20680000
00
0g
#20685000
10
1g
#20690000
00
0g
#20695000
10
1g
#20700000
00
0g
#20705000
10
1g
#20710000
00
0g
#20715000
10
1g
#20720000
00
0g
#20725000
10
1g
#20730000
00
0g
#20735000
10
1g
#20740000
00
0g
#20745000
10
1g
#20750000
00
0g
#20755000
10
1g
#20760000
00
0g
#20765000
10
1g
#20770000
00
0g
#20775000
10
1g
#20780000
00
0g
#20785000
10
1g
#20790000
00
0g
#20795000
10
1g
#20800000
00
0g
#20805000
10
1g
#20810000
00
0g
#20815000
10
1g
#20820000
00
0g
#20825000
10
1g
#20830000
00
0g
#20835000
10
1g
#20840000
00
0g
#20845000
10
1g
#20850000
00
0g
#20855000
10
1g
#20860000
00
0g
#20865000
10
1g
#20870000
00
0g
#20875000
10
1g
#20880000
00
0g
#20885000
10
1g
#20890000
00
0g
#20895000
10
1g
#20900000
00
0g
#20905000
10
1g
#20910000
00
0g
#20915000
10
1g
#20920000
00
0g
#20925000
10
1g
#20930000
00
0g
#20935000
10
1g
#20940000
00
0g
#20945000
10
1g
#20950000
00
0g
#20955000
10
1g
#20960000
00
0g
#20965000
10
1g
#20970000
00
0g
#20975000
10
1g
#20980000
00
0g
#20985000
10
1g
#20990000
00
0g
#20995000
10
1g
#21000000
00
0g
#21005000
10
1g
#21010000
00
0g
#21015000
10
1g
#21020000
00
0g
#21025000
10
1g
#21030000
00
0g
#21035000
10
1g
#21040000
00
0g
#21045000
10
1g
#21050000
00
0g
#21055000
10
1g
#21060000
00
0g
#21065000
10
1g
#21070000
00
0g
#21075000
10
1g
#21080000
00
0g
#21085000
10
1g
#21090000
00
0g
#21095000
10
1g
#21100000
00
0g
#21105000
10
1g
#21110000
00
0g
#21115000
10
1g
#21120000
00
0g
#21125000
10
1g
#21130000
00
0g
#21135000
10
1g
#21140000
00
0g
#21145000
10
1g
#21150000
00
0g
#21155000
10
1g
#21160000
00
0g
#21165000
10
1g
#21170000
00
0g
#21175000
10
1g
#21180000
00
0g
#21185000
10
1g
#21190000
00
0g
#21195000
10
1g
#21200000
00
0g
#21205000
10
1g
#21210000
00
0g
#21215000
10
1g
#21220000
00
0g
#21225000
10
1g
#21230000
00
0g
#21235000
10
1g
#21240000
00
0g
#21245000
10
1g
#21250000
00
0g
#21255000
10
1g
#21260000
00
0g
#21265000
10
1g
#21270000
00
0g
#21275000
10
1g
#21280000
00
0g
#21285000
10
1g
#21290000
00
0g
#21295000
10
1g
#21300000
00
0g
#21305000
10
1g
#21310000
00
0g
#21315000
10
1g
#21320000
00
0g
#21325000
10
1g
#21330000
00
0g
#21335000
10
1g
#21340000
00
0g
#21345000
10
1g
#21350000
00
0g
#21355000
10
1g
#21360000
00
0g
#21365000
10
1g
#21370000
00
0g
#21375000
10
1g
#21380000
00
0g
#21385000
10
1g
#21390000
00
0g
#21395000
10
1g
#21400000
00
0g
#21405000
10
1g
#21410000
00
0g
#21415000
10
1g
#21420000
00
0g
#21425000
10
1g
#21430000
00
0g
#21435000
10
1g
#21440000
00
0g
#21445000
10
1g
#21450000
00
0g
#21455000
10
1g
#21460000
00
0g
#21465000
10
1g
#21470000
00
0g
#21475000
10
1g
#21480000
00
0g
#21485000
10
1g
#21490000
00
0g
#21495000
10
1g
#21500000
00
0g
#21505000
10
1g
#21510000
00
0g
#21515000
10
1g
#21520000
00
0g
#21525000
10
1g
#21530000
00
0g
#21535000
10
1g
#21540000
00
0g
#21545000
10
1g
#21550000
00
0g
#21555000
10
1g
#21560000
00
0g
#21565000
10
1g
#21570000
00
0g
#21575000
10
1g
#21580000
00
0g
#21585000
10
1g
#21590000
00
0g
#21595000
10
1g
#21600000
00
0g
#21605000
10
1g
#21610000
00
0g
#21615000
10
1g
#21620000
00
0g
#21625000
10
1g
#21630000
00
0g
#21635000
10
1g
#21640000
00
0g
#21645000
10
1g
#21650000
00
0g
#21655000
10
1g
#21660000
00
0g
#21665000
10
1g
#21670000
00
0g
#21675000
10
1g
#21680000
00
0g
#21685000
10
1g
#21690000
00
0g
#21695000
10
1g
#21700000
00
0g
#21705000
10
1g
#21710000
00
0g
#21715000
10
1g
#21720000
00
0g
#21725000
10
1g
#21730000
00
0g
#21735000
10
1g
#21740000
00
0g
#21745000
10
1g
#21750000
00
0g
#21755000
10
1g
#21760000
00
0g
#21765000
10
1g
#21770000
00
0g
#21775000
10
1g
#21780000
00
0g
#21785000
10
1g
#21790000
00
0g
#21795000
10
1g
#21800000
00
0g
#21805000
10
1g
#21810000
00
0g
#21815000
10
1g
#21820000
00
0g
#21825000
10
1g
#21830000
00
0g
#21835000
10
1g
#21840000
00
0g
#21845000
10
1g
#21850000
00
0g
#21855000
10
1g
#21860000
00
0g
#21865000
10
1g
#21870000
00
0g
#21875000
10
1g
#21880000
00
0g
#21885000
10
1g
#21890000
00
0g
#21895000
10
1g
#21900000
00
0g
#21905000
10
1g
#21910000
00
0g
#21915000
10
1g
#21920000
00
0g
#21925000
10
1g
#21930000
00
0g
#21935000
10
1g
#21940000
00
0g
#21945000
10
1g
#21950000
00
0g
#21955000
10
1g
#21960000
00
0g
#21965000
10
1g
#21970000
00
0g
#21975000
10
1g
#21980000
00
0g
#21985000
10
1g
#21990000
00
0g
#21995000
10
1g
#22000000
00
0g
#22005000
10
1g
#22010000
00
0g
#22015000
10
1g
#22020000
00
0g
#22025000
10
1g
#22030000
00
0g
#22035000
10
1g
#22040000
00
0g
#22045000
10
1g
#22050000
00
0g
#22055000
10
1g
#22060000
00
0g
#22065000
10
1g
#22070000
00
0g
#22075000
10
1g
#22080000
00
0g
#22085000
10
1g
#22090000
00
0g
#22095000
10
1g
#22100000
00
0g
#22105000
10
1g
#22110000
00
0g
#22115000
10
1g
#22120000
00
0g
#22125000
10
1g
#22130000
00
0g
#22135000
10
1g
#22140000
00
0g
#22145000
10
1g
#22150000
00
0g
#22155000
10
1g
#22160000
00
0g
#22165000
10
1g
#22170000
00
0g
#22175000
10
1g
#22180000
00
0g
#22185000
10
1g
#22190000
00
0g
#22195000
10
1g
#22200000
00
0g
#22205000
10
1g
#22210000
00
0g
#22215000
10
1g
#22220000
00
0g
#22225000
10
1g
#22230000
00
0g
#22235000
10
1g
#22240000
00
0g
#22245000
10
1g
#22250000
00
0g
#22255000
10
1g
#22260000
00
0g
#22265000
10
1g
#22270000
00
0g
#22275000
10
1g
#22280000
00
0g
#22285000
10
1g
#22290000
00
0g
#22295000
10
1g
#22300000
00
0g
#22305000
10
1g
#22310000
00
0g
#22315000
10
1g
#22320000
00
0g
#22325000
10
1g
#22330000
00
0g
#22335000
10
1g
#22340000
00
0g
#22345000
10
1g
#22350000
00
0g
#22355000
10
1g
#22360000
00
0g
#22365000
10
1g
#22370000
00
0g
#22375000
10
1g
#22380000
00
0g
#22385000
10
1g
#22390000
00
0g
#22395000
10
1g
#22400000
00
0g
#22405000
10
1g
#22410000
00
0g
#22415000
10
1g
#22420000
00
0g
#22425000
10
1g
#22430000
00
0g
#22435000
10
1g
#22440000
00
0g
#22445000
10
1g
#22450000
00
0g
#22455000
10
1g
#22460000
00
0g
#22465000
10
1g
#22470000
00
0g
#22475000
10
1g
#22480000
00
0g
#22485000
10
1g
#22490000
00
0g
#22495000
10
1g
#22500000
00
0g
#22505000
10
1g
#22510000
00
0g
#22515000
10
1g
#22520000
00
0g
#22525000
10
1g
#22530000
00
0g
#22535000
10
1g
#22540000
00
0g
#22545000
10
1g
#22550000
00
0g
#22555000
10
1g
#22560000
00
0g
#22565000
10
1g
#22570000
00
0g
#22575000
10
1g
#22580000
00
0g
#22585000
10
1g
#22590000
00
0g
#22595000
10
1g
#22600000
00
0g
#22605000
10
1g
#22610000
00
0g
#22615000
10
1g
#22620000
00
0g
#22625000
10
1g
#22630000
00
0g
#22635000
10
1g
#22640000
00
0g
#22645000
10
1g
#22650000
00
0g
#22655000
10
1g
#22660000
00
0g
#22665000
10
1g
#22670000
00
0g
#22675000
10
1g
#22680000
00
0g
#22685000
10
1g
#22690000
00
0g
#22695000
10
1g
#22700000
00
0g
#22705000
10
1g
#22710000
00
0g
#22715000
10
1g
#22720000
00
0g
#22725000
10
1g
#22730000
00
0g
#22735000
10
1g
#22740000
00
0g
#22745000
10
1g
#22750000
00
0g
#22755000
10
1g
#22760000
00
0g
#22765000
10
1g
#22770000
00
0g
#22775000
10
1g
#22780000
00
0g
#22785000
10
1g
#22790000
00
0g
#22795000
10
1g
#22800000
00
0g
#22805000
10
1g
#22810000
00
0g
#22815000
10
1g
#22820000
00
0g
#22825000
10
1g
#22830000
00
0g
#22835000
10
1g
#22840000
00
0g
#22845000
10
1g
#22850000
00
0g
#22855000
10
1g
#22860000
00
0g
#22865000
10
1g
#22870000
00
0g
#22875000
10
1g
#22880000
00
0g
#22885000
10
1g
#22890000
00
0g
#22895000
10
1g
#22900000
00
0g
#22905000
10
1g
#22910000
00
0g
#22915000
10
1g
#22920000
00
0g
#22925000
10
1g
#22930000
00
0g
#22935000
10
1g
#22940000
00
0g
#22945000
10
1g
#22950000
00
0g
#22955000
10
1g
#22960000
00
0g
#22965000
10
1g
#22970000
00
0g
#22975000
10
1g
#22980000
00
0g
#22985000
10
1g
#22990000
00
0g
#22995000
10
1g
#23000000
00
0g
#23005000
10
1g
#23010000
00
0g
#23015000
10
1g
#23020000
00
0g
#23025000
10
1g
#23030000
00
0g
#23035000
10
1g
#23040000
00
0g
#23045000
10
1g
#23050000
00
0g
#23055000
10
1g
#23060000
00
0g
#23065000
10
1g
#23070000
00
0g
#23075000
10
1g
#23080000
00
0g
#23085000
10
1g
#23090000
00
0g
#23095000
10
1g
#23100000
00
0g
#23105000
10
1g
#23110000
00
0g
#23115000
10
1g
#23120000
00
0g
#23125000
10
1g
#23130000
00
0g
#23135000
10
1g
#23140000
00
0g
#23145000
10
1g
#23150000
00
0g
#23155000
10
1g
#23160000
00
0g
#23165000
10
1g
#23170000
00
0g
#23175000
10
1g
#23180000
00
0g
#23185000
10
1g
#23190000
00
0g
#23195000
10
1g
#23200000
00
0g
#23205000
10
1g
#23210000
00
0g
#23215000
10
1g
#23220000
00
0g
#23225000
10
1g
#23230000
00
0g
#23235000
10
1g
#23240000
00
0g
#23245000
10
1g
#23250000
00
0g
#23255000
10
1g
#23260000
00
0g
#23265000
10
1g
#23270000
00
0g
#23275000
10
1g
#23280000
00
0g
#23285000
10
1g
#23290000
00
0g
#23295000
10
1g
#23300000
00
0g
#23305000
10
1g
#23310000
00
0g
#23315000
10
1g
#23320000
00
0g
#23325000
10
1g
#23330000
00
0g
#23335000
10
1g
#23340000
00
0g
#23345000
10
1g
#23350000
00
0g
#23355000
10
1g
#23360000
00
0g
#23365000
10
1g
#23370000
00
0g
#23375000
10
1g
#23380000
00
0g
#23385000
10
1g
#23390000
00
0g
#23395000
10
1g
#23400000
00
0g
#23405000
10
1g
#23410000
00
0g
#23415000
10
1g
#23420000
00
0g
#23425000
10
1g
#23430000
00
0g
#23435000
10
1g
#23440000
00
0g
#23445000
10
1g
#23450000
00
0g
#23455000
10
1g
#23460000
00
0g
#23465000
10
1g
#23470000
00
0g
#23475000
10
1g
#23480000
00
0g
#23485000
10
1g
#23490000
00
0g
#23495000
10
1g
#23500000
00
0g
#23505000
10
1g
#23510000
00
0g
#23515000
10
1g
#23520000
00
0g
#23525000
10
1g
#23530000
00
0g
#23535000
10
1g
#23540000
00
0g
#23545000
10
1g
#23550000
00
0g
#23555000
10
1g
#23560000
00
0g
#23565000
10
1g
#23570000
00
0g
#23575000
10
1g
#23580000
00
0g
#23585000
10
1g
#23590000
00
0g
#23595000
10
1g
#23600000
00
0g
#23605000
10
1g
#23610000
00
0g
#23615000
10
1g
#23620000
00
0g
#23625000
10
1g
#23630000
00
0g
#23635000
10
1g
#23640000
00
0g
#23645000
10
1g
#23650000
00
0g
#23655000
10
1g
#23660000
00
0g
#23665000
10
1g
#23670000
00
0g
#23675000
10
1g
#23680000
00
0g
#23685000
10
1g
#23690000
00
0g
#23695000
10
1g
#23700000
00
0g
#23705000
10
1g
#23710000
00
0g
#23715000
10
1g
#23720000
00
0g
#23725000
10
1g
#23730000
00
0g
#23735000
10
1g
#23740000
00
0g
#23745000
10
1g
#23750000
00
0g
#23755000
10
1g
#23760000
00
0g
#23765000
10
1g
#23770000
00
0g
#23775000
10
1g
#23780000
00
0g
#23785000
10
1g
#23790000
00
0g
#23795000
10
1g
#23800000
00
0g
#23805000
10
1g
#23810000
00
0g
#23815000
10
1g
#23820000
00
0g
#23825000
10
1g
#23830000
00
0g
#23835000
10
1g
#23840000
00
0g
#23845000
10
1g
#23850000
00
0g
#23855000
10
1g
#23860000
00
0g
#23865000
10
1g
#23870000
00
0g
#23875000
10
1g
#23880000
00
0g
#23885000
10
1g
#23890000
00
0g
#23895000
10
1g
#23900000
00
0g
#23905000
10
1g
#23910000
00
0g
#23915000
10
1g
#23920000
00
0g
#23925000
10
1g
#23930000
00
0g
#23935000
10
1g
#23940000
00
0g
#23945000
10
1g
#23950000
00
0g
#23955000
10
1g
#23960000
00
0g
#23965000
10
1g
#23970000
00
0g
#23975000
10
1g
#23980000
00
0g
#23985000
10
1g
#23990000
00
0g
#23995000
10
1g
#24000000
00
0g
#24005000
10
1g
#24010000
00
0g
#24015000
10
1g
#24020000
00
0g
#24025000
10
1g
#24030000
00
0g
#24035000
10
1g
#24040000
00
0g
#24045000
10
1g
#24050000
00
0g
#24055000
10
1g
#24060000
00
0g
#24065000
10
1g
#24070000
00
0g
#24075000
10
1g
#24080000
00
0g
#24085000
10
1g
#24090000
00
0g
#24095000
10
1g
#24100000
00
0g
#24105000
10
1g
#24110000
00
0g
#24115000
10
1g
#24120000
00
0g
#24125000
10
1g
#24130000
00
0g
#24135000
10
1g
#24140000
00
0g
#24145000
10
1g
#24150000
00
0g
#24155000
10
1g
#24160000
00
0g
#24165000
10
1g
#24170000
00
0g
#24175000
10
1g
#24180000
00
0g
#24185000
10
1g
#24190000
00
0g
#24195000
10
1g
#24200000
00
0g
#24205000
10
1g
#24210000
00
0g
#24215000
10
1g
#24220000
00
0g
#24225000
10
1g
#24230000
00
0g
#24235000
10
1g
#24240000
00
0g
#24245000
10
1g
#24250000
00
0g
#24255000
10
1g
#24260000
00
0g
#24265000
10
1g
#24270000
00
0g
#24275000
10
1g
#24280000
00
0g
#24285000
10
1g
#24290000
00
0g
#24295000
10
1g
#24300000
00
0g
#24305000
10
1g
#24310000
00
0g
#24315000
10
1g
#24320000
00
0g
#24325000
10
1g
#24330000
00
0g
#24335000
10
1g
#24340000
00
0g
#24345000
10
1g
#24350000
00
0g
#24355000
10
1g
#24360000
00
0g
#24365000
10
1g
#24370000
00
0g
#24375000
10
1g
#24380000
00
0g
#24385000
10
1g
#24390000
00
0g
#24395000
10
1g
#24400000
00
0g
#24405000
10
1g
#24410000
00
0g
#24415000
10
1g
#24420000
00
0g
#24425000
10
1g
#24430000
00
0g
#24435000
10
1g
#24440000
00
0g
#24445000
10
1g
#24450000
00
0g
#24455000
10
1g
#24460000
00
0g
#24465000
10
1g
#24470000
00
0g
#24475000
10
1g
#24480000
00
0g
#24485000
10
1g
#24490000
00
0g
#24495000
10
1g
#24500000
00
0g
#24505000
10
1g
#24510000
00
0g
#24515000
10
1g
#24520000
00
0g
#24525000
10
1g
#24530000
00
0g
#24535000
10
1g
#24540000
00
0g
#24545000
10
1g
#24550000
00
0g
#24555000
10
1g
#24560000
00
0g
#24565000
10
1g
#24570000
00
0g
#24575000
10
1g
#24580000
00
0g
#24585000
10
1g
#24590000
00
0g
#24595000
10
1g
#24600000
00
0g
#24605000
10
1g
#24610000
00
0g
#24615000
10
1g
#24620000
00
0g
#24625000
10
1g
#24630000
00
0g
#24635000
10
1g
#24640000
00
0g
#24645000
10
1g
#24650000
00
0g
#24655000
10
1g
#24660000
00
0g
#24665000
10
1g
#24670000
00
0g
#24675000
10
1g
#24680000
00
0g
#24685000
10
1g
#24690000
00
0g
#24695000
10
1g
#24700000
00
0g
#24705000
10
1g
#24710000
00
0g
#24715000
10
1g
#24720000
00
0g
#24725000
10
1g
#24730000
00
0g
#24735000
10
1g
#24740000
00
0g
#24745000
10
1g
#24750000
00
0g
#24755000
10
1g
#24760000
00
0g
#24765000
10
1g
#24770000
00
0g
#24775000
10
1g
#24780000
00
0g
#24785000
10
1g
#24790000
00
0g
#24795000
10
1g
#24800000
00
0g
#24805000
10
1g
#24810000
00
0g
#24815000
10
1g
#24820000
00
0g
#24825000
10
1g
#24830000
00
0g
#24835000
10
1g
#24840000
00
0g
#24845000
10
1g
#24850000
00
0g
#24855000
10
1g
#24860000
00
0g
#24865000
10
1g
#24870000
00
0g
#24875000
10
1g
#24880000
00
0g
#24885000
10
1g
#24890000
00
0g
#24895000
10
1g
#24900000
00
0g
#24905000
10
1g
#24910000
00
0g
#24915000
10
1g
#24920000
00
0g
#24925000
10
1g
#24930000
00
0g
#24935000
10
1g
#24940000
00
0g
#24945000
10
1g
#24950000
00
0g
#24955000
10
1g
#24960000
00
0g
#24965000
10
1g
#24970000
00
0g
#24975000
10
1g
#24980000
00
0g
#24985000
10
1g
#24990000
00
0g
#24995000
10
1g
#25000000
00
0g
#25005000
10
1g
#25010000
00
0g
#25015000
10
1g
#25020000
00
0g
#25025000
10
1g
#25030000
00
0g
#25035000
10
1g
#25040000
00
0g
#25045000
10
1g
#25050000
00
0g
#25055000
10
1g
#25060000
00
0g
#25065000
10
1g
#25070000
00
0g
#25075000
10
1g
#25080000
00
0g
#25085000
10
1g
#25090000
00
0g
#25095000
10
1g
#25100000
00
0g
#25105000
10
1g
#25110000
00
0g
#25115000
10
1g
#25120000
00
0g
#25125000
10
1g
#25130000
00
0g
#25135000
10
1g
#25140000
00
0g
#25145000
10
1g
#25150000
00
0g
#25155000
10
1g
#25160000
00
0g
#25165000
10
1g
#25170000
00
0g
#25175000
10
1g
#25180000
00
0g
#25185000
10
1g
#25190000
00
0g
#25195000
10
1g
#25200000
00
0g
#25205000
10
1g
#25210000
00
0g
#25215000
10
1g
#25220000
00
0g
#25225000
10
1g
#25230000
00
0g
#25235000
10
1g
#25240000
00
0g
#25245000
10
1g
#25250000
00
0g
#25255000
10
1g
#25260000
00
0g
#25265000
10
1g
#25270000
00
0g
#25275000
10
1g
#25280000
00
0g
#25285000
10
1g
#25290000
00
0g
#25295000
10
1g
#25300000
00
0g
#25305000
10
1g
#25310000
00
0g
#25315000
10
1g
#25320000
00
0g
#25325000
10
1g
#25330000
00
0g
#25335000
10
1g
#25340000
00
0g
#25345000
10
1g
#25350000
00
0g
#25355000
10
1g
#25360000
00
0g
#25365000
10
1g
#25370000
00
0g
#25375000
10
1g
#25380000
00
0g
#25385000
10
1g
#25390000
00
0g
#25395000
10
1g
#25400000
00
0g
#25405000
10
1g
#25410000
00
0g
#25415000
10
1g
#25420000
00
0g
#25425000
10
1g
#25430000
00
0g
#25435000
10
1g
#25440000
00
0g
#25445000
10
1g
#25450000
00
0g
#25455000
10
1g
#25460000
00
0g
#25465000
10
1g
#25470000
00
0g
#25475000
10
1g
#25480000
00
0g
#25485000
10
1g
#25490000
00
0g
#25495000
10
1g
#25500000
00
0g
#25505000
10
1g
#25510000
00
0g
#25515000
10
1g
#25520000
00
0g
#25525000
10
1g
#25530000
00
0g
#25535000
10
1g
#25540000
00
0g
#25545000
10
1g
#25550000
00
0g
#25555000
10
1g
#25560000
00
0g
#25565000
10
1g
#25570000
00
0g
#25575000
10
1g
#25580000
00
0g
#25585000
10
1g
#25590000
00
0g
#25595000
10
1g
#25600000
00
0g
#25605000
10
1g
#25610000
00
0g
#25615000
10
1g
#25620000
00
0g
#25625000
10
1g
#25630000
00
0g
#25635000
10
1g
#25640000
00
0g
#25645000
10
1g
#25650000
00
0g
#25655000
10
1g
#25660000
00
0g
#25665000
10
1g
#25670000
00
0g
#25675000
10
1g
#25680000
00
0g
#25685000
10
1g
#25690000
00
0g
#25695000
10
1g
#25700000
00
0g
#25705000
10
1g
#25710000
00
0g
#25715000
10
1g
#25720000
00
0g
#25725000
10
1g
#25730000
00
0g
#25735000
10
1g
#25740000
00
0g
#25745000
10
1g
#25750000
00
0g
#25755000
10
1g
#25760000
00
0g
#25765000
10
1g
#25770000
00
0g
#25775000
10
1g
#25780000
00
0g
#25785000
10
1g
#25790000
00
0g
#25795000
10
1g
#25800000
00
0g
#25805000
10
1g
#25810000
00
0g
#25815000
10
1g
#25820000
00
0g
#25825000
10
1g
#25830000
00
0g
#25835000
10
1g
#25840000
00
0g
#25845000
10
1g
#25850000
00
0g
#25855000
10
1g
#25860000
00
0g
#25865000
10
1g
#25870000
00
0g
#25875000
10
1g
#25880000
00
0g
#25885000
10
1g
#25890000
00
0g
#25895000
10
1g
#25900000
00
0g
#25905000
10
1g
#25910000
00
0g
#25915000
10
1g
#25920000
00
0g
#25925000
10
1g
#25930000
00
0g
#25935000
10
1g
#25940000
00
0g
#25945000
10
1g
#25950000
00
0g
#25955000
10
1g
#25960000
00
0g
#25965000
10
1g
#25970000
00
0g
#25975000
10
1g
#25980000
00
0g
#25985000
10
1g
#25990000
00
0g
#25995000
10
1g
#26000000
00
0g
#26005000
10
1g
#26010000
00
0g
#26015000
10
1g
#26020000
00
0g
#26025000
10
1g
#26030000
00
0g
#26035000
10
1g
#26040000
00
0g
#26045000
10
1g
#26050000
00
0g
#26055000
10
1g
#26060000
00
0g
#26065000
10
1g
#26070000
00
0g
#26075000
10
1g
#26080000
00
0g
#26085000
10
1g
#26090000
00
0g
#26095000
10
1g
#26100000
00
0g
#26105000
10
1g
#26110000
00
0g
#26115000
10
1g
#26120000
00
0g
#26125000
10
1g
#26130000
00
0g
#26135000
10
1g
#26140000
00
0g
#26145000
10
1g
#26150000
00
0g
#26155000
10
1g
#26160000
00
0g
#26165000
10
1g
#26170000
00
0g
#26175000
10
1g
#26180000
00
0g
#26185000
10
1g
#26190000
00
0g
#26195000
10
1g
#26200000
00
0g
#26205000
10
1g
#26210000
00
0g
#26215000
10
1g
#26220000
00
0g
#26225000
10
1g
#26230000
00
0g
#26235000
10
1g
#26240000
00
0g
#26245000
10
1g
#26250000
00
0g
#26255000
10
1g
#26260000
00
0g
#26265000
10
1g
#26270000
00
0g
#26275000
10
1g
#26280000
00
0g
#26285000
10
1g
#26290000
00
0g
#26295000
10
1g
#26300000
00
0g
#26305000
10
1g
#26310000
00
0g
#26315000
10
1g
#26320000
00
0g
#26325000
10
1g
#26330000
00
0g
#26335000
10
1g
#26340000
00
0g
#26345000
10
1g
#26350000
00
0g
#26355000
10
1g
#26360000
00
0g
#26365000
10
1g
#26370000
00
0g
#26375000
10
1g
#26380000
00
0g
#26385000
10
1g
#26390000
00
0g
#26395000
10
1g
#26400000
00
0g
#26405000
10
1g
#26410000
00
0g
#26415000
10
1g
#26420000
00
0g
#26425000
10
1g
#26430000
00
0g
#26435000
10
1g
#26440000
00
0g
#26445000
10
1g
#26450000
00
0g
#26455000
10
1g
#26460000
00
0g
#26465000
10
1g
#26470000
00
0g
#26475000
10
1g
#26480000
00
0g
#26485000
10
1g
#26490000
00
0g
#26495000
10
1g
#26500000
00
0g
#26505000
10
1g
#26510000
00
0g
#26515000
10
1g
#26520000
00
0g
#26525000
10
1g
#26530000
00
0g
#26535000
10
1g
#26540000
00
0g
#26545000
10
1g
#26550000
00
0g
#26555000
10
1g
#26560000
00
0g
#26565000
10
1g
#26570000
00
0g
#26575000
10
1g
#26580000
00
0g
#26585000
10
1g
#26590000
00
0g
#26595000
10
1g
#26600000
00
0g
#26605000
10
1g
#26610000
00
0g
#26615000
10
1g
#26620000
00
0g
#26625000
10
1g
#26630000
00
0g
#26635000
10
1g
#26640000
00
0g
#26645000
10
1g
#26650000
00
0g
#26655000
10
1g
#26660000
00
0g
#26665000
10
1g
#26670000
00
0g
#26675000
10
1g
#26680000
00
0g
#26685000
10
1g
#26690000
00
0g
#26695000
10
1g
#26700000
00
0g
#26705000
10
1g
#26710000
00
0g
#26715000
10
1g
#26720000
00
0g
#26725000
10
1g
#26730000
00
0g
#26735000
10
1g
#26740000
00
0g
#26745000
10
1g
#26750000
00
0g
#26755000
10
1g
#26760000
00
0g
#26765000
10
1g
#26770000
00
0g
#26775000
10
1g
#26780000
00
0g
#26785000
10
1g
#26790000
00
0g
#26795000
10
1g
#26800000
00
0g
#26805000
10
1g
#26810000
00
0g
#26815000
10
1g
#26820000
00
0g
#26825000
10
1g
#26830000
00
0g
#26835000
10
1g
#26840000
00
0g
#26845000
10
1g
#26850000
00
0g
#26855000
10
1g
#26860000
00
0g
#26865000
10
1g
#26870000
00
0g
#26875000
10
1g
#26880000
00
0g
#26885000
10
1g
#26890000
00
0g
#26895000
10
1g
#26900000
00
0g
#26905000
10
1g
#26910000
00
0g
#26915000
10
1g
#26920000
00
0g
#26925000
10
1g
#26930000
00
0g
#26935000
10
1g
#26940000
00
0g
#26945000
10
1g
#26950000
00
0g
#26955000
10
1g
#26960000
00
0g
#26965000
10
1g
#26970000
00
0g
#26975000
10
1g
#26980000
00
0g
#26985000
10
1g
#26990000
00
0g
#26995000
10
1g
#27000000
00
0g
#27005000
10
1g
#27010000
00
0g
#27015000
10
1g
#27020000
00
0g
#27025000
10
1g
#27030000
00
0g
#27035000
10
1g
#27040000
00
0g
#27045000
10
1g
#27050000
00
0g
#27055000
10
1g
#27060000
00
0g
#27065000
10
1g
#27070000
00
0g
#27075000
10
1g
#27080000
00
0g
#27085000
10
1g
#27090000
00
0g
#27095000
10
1g
#27100000
00
0g
#27105000
10
1g
#27110000
00
0g
#27115000
10
1g
#27120000
00
0g
#27125000
10
1g
#27130000
00
0g
#27135000
10
1g
#27140000
00
0g
#27145000
10
1g
#27150000
00
0g
#27155000
10
1g
#27160000
00
0g
#27165000
10
1g
#27170000
00
0g
#27175000
10
1g
#27180000
00
0g
#27185000
10
1g
#27190000
00
0g
#27195000
10
1g
#27200000
00
0g
#27205000
10
1g
#27210000
00
0g
#27215000
10
1g
#27220000
00
0g
#27225000
10
1g
#27230000
00
0g
#27235000
10
1g
#27240000
00
0g
#27245000
10
1g
#27250000
00
0g
#27255000
10
1g
#27260000
00
0g
#27265000
10
1g
#27270000
00
0g
#27275000
10
1g
#27280000
00
0g
#27285000
10
1g
#27290000
00
0g
#27295000
10
1g
#27300000
00
0g
#27305000
10
1g
#27310000
00
0g
#27315000
10
1g
#27320000
00
0g
#27325000
10
1g
#27330000
00
0g
#27335000
10
1g
#27340000
00
0g
#27345000
10
1g
#27350000
00
0g
#27355000
10
1g
#27360000
00
0g
#27365000
10
1g
#27370000
00
0g
#27375000
10
1g
#27380000
00
0g
#27385000
10
1g
#27390000
00
0g
#27395000
10
1g
#27400000
00
0g
#27405000
10
1g
#27410000
00
0g
#27415000
10
1g
#27420000
00
0g
#27425000
10
1g
#27430000
00
0g
#27435000
10
1g
#27440000
00
0g
#27445000
10
1g
#27450000
00
0g
#27455000
10
1g
#27460000
00
0g
#27465000
10
1g
#27470000
00
0g
#27475000
10
1g
#27480000
00
0g
#27485000
10
1g
#27490000
00
0g
#27495000
10
1g
#27500000
00
0g
#27505000
10
1g
#27510000
00
0g
#27515000
10
1g
#27520000
00
0g
#27525000
10
1g
#27530000
00
0g
#27535000
10
1g
#27540000
00
0g
#27545000
10
1g
#27550000
00
0g
#27555000
10
1g
#27560000
00
0g
#27565000
10
1g
#27570000
00
0g
#27575000
10
1g
#27580000
00
0g
#27585000
10
1g
#27590000
00
0g
#27595000
10
1g
#27600000
00
0g
#27605000
10
1g
#27610000
00
0g
#27615000
10
1g
#27620000
00
0g
#27625000
10
1g
#27630000
00
0g
#27635000
10
1g
#27640000
00
0g
#27645000
10
1g
#27650000
00
0g
#27655000
10
1g
#27660000
00
0g
#27665000
10
1g
#27670000
00
0g
#27675000
10
1g
#27680000
00
0g
#27685000
10
1g
#27690000
00
0g
#27695000
10
1g
#27700000
00
0g
#27705000
10
1g
#27710000
00
0g
#27715000
10
1g
#27720000
00
0g
#27725000
10
1g
#27730000
00
0g
#27735000
10
1g
#27740000
00
0g
#27745000
10
1g
#27750000
00
0g
#27755000
10
1g
#27760000
00
0g
#27765000
10
1g
#27770000
00
0g
#27775000
10
1g
#27780000
00
0g
#27785000
10
1g
#27790000
00
0g
#27795000
10
1g
#27800000
00
0g
#27805000
10
1g
#27810000
00
0g
#27815000
10
1g
#27820000
00
0g
#27825000
10
1g
#27830000
00
0g
#27835000
10
1g
#27840000
00
0g
#27845000
10
1g
#27850000
00
0g
#27855000
10
1g
#27860000
00
0g
#27865000
10
1g
#27870000
00
0g
#27875000
10
1g
#27880000
00
0g
#27885000
10
1g
#27890000
00
0g
#27895000
10
1g
#27900000
00
0g
#27905000
10
1g
#27910000
00
0g
#27915000
10
1g
#27920000
00
0g
#27925000
10
1g
#27930000
00
0g
#27935000
10
1g
#27940000
00
0g
#27945000
10
1g
#27950000
00
0g
#27955000
10
1g
#27960000
00
0g
#27965000
10
1g
#27970000
00
0g
#27975000
10
1g
#27980000
00
0g
#27985000
10
1g
#27990000
00
0g
#27995000
10
1g
#28000000
00
0g
#28005000
10
1g
#28010000
00
0g
#28015000
10
1g
#28020000
00
0g
#28025000
10
1g
#28030000
00
0g
#28035000
10
1g
#28040000
00
0g
#28045000
10
1g
#28050000
00
0g
#28055000
10
1g
#28060000
00
0g
#28065000
10
1g
#28070000
00
0g
#28075000
10
1g
#28080000
00
0g
#28085000
10
1g
#28090000
00
0g
#28095000
10
1g
#28100000
00
0g
#28105000
10
1g
#28110000
00
0g
#28115000
10
1g
#28120000
00
0g
#28125000
10
1g
#28130000
00
0g
#28135000
10
1g
#28140000
00
0g
#28145000
10
1g
#28150000
00
0g
#28155000
10
1g
#28160000
00
0g
#28165000
10
1g
#28170000
00
0g
#28175000
10
1g
#28180000
00
0g
#28185000
10
1g
#28190000
00
0g
#28195000
10
1g
#28200000
00
0g
#28205000
10
1g
#28210000
00
0g
#28215000
10
1g
#28220000
00
0g
#28225000
10
1g
#28230000
00
0g
#28235000
10
1g
#28240000
00
0g
#28245000
10
1g
#28250000
00
0g
#28255000
10
1g
#28260000
00
0g
#28265000
10
1g
#28270000
00
0g
#28275000
10
1g
#28280000
00
0g
#28285000
10
1g
#28290000
00
0g
#28295000
10
1g
#28300000
00
0g
#28305000
10
1g
#28310000
00
0g
#28315000
10
1g
#28320000
00
0g
#28325000
10
1g
#28330000
00
0g
#28335000
10
1g
#28340000
00
0g
#28345000
10
1g
#28350000
00
0g
#28355000
10
1g
#28360000
00
0g
#28365000
10
1g
#28370000
00
0g
#28375000
10
1g
#28380000
00
0g
#28385000
10
1g
#28390000
00
0g
#28395000
10
1g
#28400000
00
0g
#28405000
10
1g
#28410000
00
0g
#28415000
10
1g
#28420000
00
0g
#28425000
10
1g
#28430000
00
0g
#28435000
10
1g
#28440000
00
0g
#28445000
10
1g
#28450000
00
0g
#28455000
10
1g
#28460000
00
0g
#28465000
10
1g
#28470000
00
0g
#28475000
10
1g
#28480000
00
0g
#28485000
10
1g
#28490000
00
0g
#28495000
10
1g
#28500000
00
0g
#28505000
10
1g
#28510000
00
0g
#28515000
10
1g
#28520000
00
0g
#28525000
10
1g
#28530000
00
0g
#28535000
10
1g
#28540000
00
0g
#28545000
10
1g
#28550000
00
0g
#28555000
10
1g
#28560000
00
0g
#28565000
10
1g
#28570000
00
0g
#28575000
10
1g
#28580000
00
0g
#28585000
10
1g
#28590000
00
0g
#28595000
10
1g
#28600000
00
0g
#28605000
10
1g
#28610000
00
0g
#28615000
10
1g
#28620000
00
0g
#28625000
10
1g
#28630000
00
0g
#28635000
10
1g
#28640000
00
0g
#28645000
10
1g
#28650000
00
0g
#28655000
10
1g
#28660000
00
0g
#28665000
10
1g
#28670000
00
0g
#28675000
10
1g
#28680000
00
0g
#28685000
10
1g
#28690000
00
0g
#28695000
10
1g
#28700000
00
0g
#28705000
10
1g
#28710000
00
0g
#28715000
10
1g
#28720000
00
0g
#28725000
10
1g
#28730000
00
0g
#28735000
10
1g
#28740000
00
0g
#28745000
10
1g
#28750000
00
0g
#28755000
10
1g
#28760000
00
0g
#28765000
10
1g
#28770000
00
0g
#28775000
10
1g
#28780000
00
0g
#28785000
10
1g
#28790000
00
0g
#28795000
10
1g
#28800000
00
0g
#28805000
10
1g
#28810000
00
0g
#28815000
10
1g
#28820000
00
0g
#28825000
10
1g
#28830000
00
0g
#28835000
10
1g
#28840000
00
0g
#28845000
10
1g
#28850000
00
0g
#28855000
10
1g
#28860000
00
0g
#28865000
10
1g
#28870000
00
0g
#28875000
10
1g
#28880000
00
0g
#28885000
10
1g
#28890000
00
0g
#28895000
10
1g
#28900000
00
0g
#28905000
10
1g
#28910000
00
0g
#28915000
10
1g
#28920000
00
0g
#28925000
10
1g
#28930000
00
0g
#28935000
10
1g
#28940000
00
0g
#28945000
10
1g
#28950000
00
0g
#28955000
10
1g
#28960000
00
0g
#28965000
10
1g
#28970000
00
0g
#28975000
10
1g
#28980000
00
0g
#28985000
10
1g
#28990000
00
0g
#28995000
10
1g
#29000000
00
0g
#29005000
10
1g
#29010000
00
0g
#29015000
10
1g
#29020000
00
0g
#29025000
10
1g
#29030000
00
0g
#29035000
10
1g
#29040000
00
0g
#29045000
10
1g
#29050000
00
0g
#29055000
10
1g
#29060000
00
0g
#29065000
10
1g
#29070000
00
0g
#29075000
10
1g
#29080000
00
0g
#29085000
10
1g
#29090000
00
0g
#29095000
10
1g
#29100000
00
0g
#29105000
10
1g
#29110000
00
0g
#29115000
10
1g
#29120000
00
0g
#29125000
10
1g
#29130000
00
0g
#29135000
10
1g
#29140000
00
0g
#29145000
10
1g
#29150000
00
0g
#29155000
10
1g
#29160000
00
0g
#29165000
10
1g
#29170000
00
0g
#29175000
10
1g
#29180000
00
0g
#29185000
10
1g
#29190000
00
0g
#29195000
10
1g
#29200000
00
0g
#29205000
10
1g
#29210000
00
0g
#29215000
10
1g
#29220000
00
0g
#29225000
10
1g
#29230000
00
0g
#29235000
10
1g
#29240000
00
0g
#29245000
10
1g
#29250000
00
0g
#29255000
10
1g
#29260000
00
0g
#29265000
10
1g
#29270000
00
0g
#29275000
10
1g
#29280000
00
0g
#29285000
10
1g
#29290000
00
0g
#29295000
10
1g
#29300000
00
0g
#29305000
10
1g
#29310000
00
0g
#29315000
10
1g
#29320000
00
0g
#29325000
10
1g
#29330000
00
0g
#29335000
10
1g
#29340000
00
0g
#29345000
10
1g
#29350000
00
0g
#29355000
10
1g
#29360000
00
0g
#29365000
10
1g
#29370000
00
0g
#29375000
10
1g
#29380000
00
0g
#29385000
10
1g
#29390000
00
0g
#29395000
10
1g
#29400000
00
0g
#29405000
10
1g
#29410000
00
0g
#29415000
10
1g
#29420000
00
0g
#29425000
10
1g
#29430000
00
0g
#29435000
10
1g
#29440000
00
0g
#29445000
10
1g
#29450000
00
0g
#29455000
10
1g
#29460000
00
0g
#29465000
10
1g
#29470000
00
0g
#29475000
10
1g
#29480000
00
0g
#29485000
10
1g
#29490000
00
0g
#29495000
10
1g
#29500000
00
0g
#29505000
10
1g
#29510000
00
0g
#29515000
10
1g
#29520000
00
0g
#29525000
10
1g
#29530000
00
0g
#29535000
10
1g
#29540000
00
0g
#29545000
10
1g
#29550000
00
0g
#29555000
10
1g
#29560000
00
0g
#29565000
10
1g
#29570000
00
0g
#29575000
10
1g
#29580000
00
0g
#29585000
10
1g
#29590000
00
0g
#29595000
10
1g
#29600000
00
0g
#29605000
10
1g
#29610000
00
0g
#29615000
10
1g
#29620000
00
0g
#29625000
10
1g
#29630000
00
0g
#29635000
10
1g
#29640000
00
0g
#29645000
10
1g
#29650000
00
0g
#29655000
10
1g
#29660000
00
0g
#29665000
10
1g
#29670000
00
0g
#29675000
10
1g
#29680000
00
0g
#29685000
10
1g
#29690000
00
0g
#29695000
10
1g
#29700000
00
0g
#29705000
10
1g
#29710000
00
0g
#29715000
10
1g
#29720000
00
0g
#29725000
10
1g
#29730000
00
0g
#29735000
10
1g
#29740000
00
0g
#29745000
10
1g
#29750000
00
0g
#29755000
10
1g
#29760000
00
0g
#29765000
10
1g
#29770000
00
0g
#29775000
10
1g
#29780000
00
0g
#29785000
10
1g
#29790000
00
0g
#29795000
10
1g
#29800000
00
0g
#29805000
10
1g
#29810000
00
0g
#29815000
10
1g
#29820000
00
0g
#29825000
10
1g
#29830000
00
0g
#29835000
10
1g
#29840000
00
0g
#29845000
10
1g
#29850000
00
0g
#29855000
10
1g
#29860000
00
0g
#29865000
10
1g
#29870000
00
0g
#29875000
10
1g
#29880000
00
0g
#29885000
10
1g
#29890000
00
0g
#29895000
10
1g
#29900000
00
0g
#29905000
10
1g
#29910000
00
0g
#29915000
10
1g
#29920000
00
0g
#29925000
10
1g
#29930000
00
0g
#29935000
10
1g
#29940000
00
0g
#29945000
10
1g
#29950000
00
0g
#29955000
10
1g
#29960000
00
0g
#29965000
10
1g
#29970000
00
0g
#29975000
10
1g
#29980000
00
0g
#29985000
10
1g
#29990000
00
0g
#29995000
10
1g
#30000000
00
0g
#30005000
10
1g
#30010000
00
0g
#30015000
10
1g
#30020000
00
0g
#30025000
10
1g
#30030000
00
0g
#30035000
10
1g
#30040000
00
0g
#30045000
10
1g
#30050000
00
0g
#30055000
10
1g
#30060000
00
0g
#30065000
10
1g
#30070000
00
0g
#30075000
10
1g
#30080000
00
0g
#30085000
10
1g
#30090000
00
0g
#30095000
10
1g
#30100000
00
0g
#30105000
10
1g
#30110000
00
0g
#30115000
10
1g
#30120000
00
0g
#30125000
10
1g
#30130000
00
0g
#30135000
10
1g
#30140000
00
0g
#30145000
10
1g
#30150000
00
0g
#30155000
10
1g
#30160000
00
0g
#30165000
10
1g
#30170000
00
0g
#30175000
10
1g
#30180000
00
0g
#30185000
10
1g
#30190000
00
0g
#30195000
10
1g
#30200000
00
0g
#30205000
10
1g
#30210000
00
0g
#30215000
10
1g
#30220000
00
0g
#30225000
10
1g
#30230000
00
0g
#30235000
10
1g
#30240000
00
0g
#30245000
10
1g
#30250000
00
0g
#30255000
10
1g
#30260000
00
0g
#30265000
10
1g
#30270000
00
0g
#30275000
10
1g
#30280000
00
0g
#30285000
10
1g
#30290000
00
0g
#30295000
10
1g
#30300000
00
0g
#30305000
10
1g
#30310000
00
0g
#30315000
10
1g
#30320000
00
0g
#30325000
10
1g
#30330000
00
0g
#30335000
10
1g
#30340000
00
0g
#30345000
10
1g
#30350000
00
0g
#30355000
10
1g
#30360000
00
0g
#30365000
10
1g
#30370000
00
0g
#30375000
10
1g
#30380000
00
0g
#30385000
10
1g
#30390000
00
0g
#30395000
10
1g
#30400000
00
0g
#30405000
10
1g
#30410000
00
0g
#30415000
10
1g
#30420000
00
0g
#30425000
10
1g
#30430000
00
0g
#30435000
10
1g
#30440000
00
0g
#30445000
10
1g
#30450000
00
0g
#30455000
10
1g
#30460000
00
0g
#30465000
10
1g
#30470000
00
0g
#30475000
10
1g
#30480000
00
0g
#30485000
10
1g
#30490000
00
0g
#30495000
10
1g
#30500000
00
0g
#30505000
10
1g
#30510000
00
0g
#30515000
10
1g
#30520000
00
0g
#30525000
10
1g
#30530000
00
0g
#30535000
10
1g
#30540000
00
0g
#30545000
10
1g
#30550000
00
0g
#30555000
10
1g
#30560000
00
0g
#30565000
10
1g
#30570000
00
0g
#30575000
10
1g
#30580000
00
0g
#30585000
10
1g
#30590000
00
0g
#30595000
10
1g
#30600000
00
0g
#30605000
10
1g
#30610000
00
0g
#30615000
10
1g
#30620000
00
0g
#30625000
10
1g
#30630000
00
0g
#30635000
10
1g
#30640000
00
0g
#30645000
10
1g
#30650000
00
0g
#30655000
10
1g
#30660000
00
0g
#30665000
10
1g
#30670000
00
0g
#30675000
10
1g
#30680000
00
0g
#30685000
10
1g
#30690000
00
0g
#30695000
10
1g
#30700000
00
0g
#30705000
10
1g
#30710000
00
0g
#30715000
10
1g
#30720000
00
0g
#30725000
10
1g
#30730000
00
0g
#30735000
10
1g
#30740000
00
0g
#30745000
10
1g
#30750000
00
0g
#30755000
10
1g
#30760000
00
0g
#30765000
10
1g
#30770000
00
0g
#30775000
10
1g
#30780000
00
0g
#30785000
10
1g
#30790000
00
0g
#30795000
10
1g
#30800000
00
0g
#30805000
10
1g
#30810000
00
0g
#30815000
10
1g
#30820000
00
0g
#30825000
10
1g
#30830000
00
0g
#30835000
10
1g
#30840000
00
0g
#30845000
10
1g
#30850000
00
0g
#30855000
10
1g
#30860000
00
0g
#30865000
10
1g
#30870000
00
0g
#30875000
10
1g
#30880000
00
0g
#30885000
10
1g
#30890000
00
0g
#30895000
10
1g
#30900000
00
0g
#30905000
10
1g
#30910000
00
0g
#30915000
10
1g
#30920000
00
0g
#30925000
10
1g
#30930000
00
0g
#30935000
10
1g
#30940000
00
0g
#30945000
10
1g
#30950000
00
0g
#30955000
10
1g
#30960000
00
0g
#30965000
10
1g
#30970000
00
0g
#30975000
10
1g
#30980000
00
0g
#30985000
10
1g
#30990000
00
0g
#30995000
10
1g
#31000000
00
0g
#31005000
10
1g
#31010000
00
0g
#31015000
10
1g
#31020000
00
0g
#31025000
10
1g
#31030000
00
0g
#31035000
10
1g
#31040000
00
0g
#31045000
10
1g
#31050000
00
0g
#31055000
10
1g
#31060000
00
0g
#31065000
10
1g
#31070000
00
0g
#31075000
10
1g
#31080000
00
0g
#31085000
10
1g
#31090000
00
0g
#31095000
10
1g
#31100000
00
0g
#31105000
10
1g
#31110000
00
0g
#31115000
10
1g
#31120000
00
0g
#31125000
10
1g
#31130000
00
0g
#31135000
10
1g
#31140000
00
0g
#31145000
10
1g
#31150000
00
0g
#31155000
10
1g
#31160000
00
0g
#31165000
10
1g
#31170000
00
0g
#31175000
10
1g
#31180000
00
0g
#31185000
10
1g
#31190000
00
0g
#31195000
10
1g
#31200000
00
0g
#31205000
10
1g
#31210000
00
0g
#31215000
10
1g
#31220000
00
0g
#31225000
10
1g
#31230000
00
0g
#31235000
10
1g
#31240000
00
0g
#31245000
10
1g
#31250000
00
0g
#31255000
10
1g
#31260000
00
0g
#31265000
10
1g
#31270000
00
0g
#31275000
10
1g
#31280000
00
0g
#31285000
10
1g
#31290000
00
0g
#31295000
10
1g
#31300000
00
0g
#31305000
10
1g
#31310000
00
0g
#31315000
10
1g
#31320000
00
0g
#31325000
10
1g
#31330000
00
0g
#31335000
10
1g
#31340000
00
0g
#31345000
10
1g
#31350000
00
0g
#31355000
10
1g
#31360000
00
0g
#31365000
10
1g
#31370000
00
0g
#31375000
10
1g
#31380000
00
0g
#31385000
10
1g
#31390000
00
0g
#31395000
10
1g
#31400000
00
0g
#31405000
10
1g
#31410000
00
0g
#31415000
10
1g
#31420000
00
0g
#31425000
10
1g
#31430000
00
0g
#31435000
10
1g
#31440000
00
0g
#31445000
10
1g
#31450000
00
0g
#31455000
10
1g
#31460000
00
0g
#31465000
10
1g
#31470000
00
0g
#31475000
10
1g
#31480000
00
0g
#31485000
10
1g
#31490000
00
0g
#31495000
10
1g
#31500000
00
0g
#31505000
10
1g
#31510000
00
0g
#31515000
10
1g
#31520000
00
0g
#31525000
10
1g
#31530000
00
0g
#31535000
10
1g
#31540000
00
0g
#31545000
10
1g
#31550000
00
0g
#31555000
10
1g
#31560000
00
0g
#31565000
10
1g
#31570000
00
0g
#31575000
10
1g
#31580000
00
0g
#31585000
10
1g
#31590000
00
0g
#31595000
10
1g
#31600000
00
0g
#31605000
10
1g
#31610000
00
0g
#31615000
10
1g
#31620000
00
0g
#31625000
10
1g
#31630000
00
0g
#31635000
10
1g
#31640000
00
0g
#31645000
10
1g
#31650000
00
0g
#31655000
10
1g
#31660000
00
0g
#31665000
10
1g
#31670000
00
0g
#31675000
10
1g
#31680000
00
0g
#31685000
10
1g
#31690000
00
0g
#31695000
10
1g
#31700000
00
0g
#31705000
10
1g
#31710000
00
0g
#31715000
10
1g
#31720000
00
0g
#31725000
10
1g
#31730000
00
0g
#31735000
10
1g
#31740000
00
0g
#31745000
10
1g
#31750000
00
0g
#31755000
10
1g
#31760000
00
0g
#31765000
10
1g
#31770000
00
0g
#31775000
10
1g
#31780000
00
0g
#31785000
10
1g
#31790000
00
0g
#31795000
10
1g
#31800000
00
0g
#31805000
10
1g
#31810000
00
0g
#31815000
10
1g
#31820000
00
0g
#31825000
10
1g
#31830000
00
0g
#31835000
10
1g
#31840000
00
0g
#31845000
10
1g
#31850000
00
0g
#31855000
10
1g
#31860000
00
0g
#31865000
10
1g
#31870000
00
0g
#31875000
10
1g
#31880000
00
0g
#31885000
10
1g
#31890000
00
0g
#31895000
10
1g
#31900000
00
0g
#31905000
10
1g
#31910000
00
0g
#31915000
10
1g
#31920000
00
0g
#31925000
10
1g
#31930000
00
0g
#31935000
10
1g
#31940000
00
0g
#31945000
10
1g
#31950000
00
0g
#31955000
10
1g
#31960000
00
0g
#31965000
10
1g
#31970000
00
0g
#31975000
10
1g
#31980000
00
0g
#31985000
10
1g
#31990000
00
0g
#31995000
10
1g
#32000000
00
0g
#32005000
10
1g
#32010000
00
0g
#32015000
10
1g
#32020000
00
0g
#32025000
10
1g
#32030000
00
0g
#32035000
10
1g
#32040000
00
0g
#32045000
10
1g
#32050000
00
0g
#32055000
10
1g
#32060000
00
0g
#32065000
10
1g
#32070000
00
0g
#32075000
10
1g
#32080000
00
0g
#32085000
10
1g
#32090000
00
0g
#32095000
10
1g
#32100000
00
0g
#32105000
10
1g
#32110000
00
0g
#32115000
10
1g
#32120000
00
0g
#32125000
10
1g
#32130000
00
0g
#32135000
10
1g
#32140000
00
0g
#32145000
10
1g
#32150000
00
0g
#32155000
10
1g
#32160000
00
0g
#32165000
10
1g
#32170000
00
0g
#32175000
10
1g
#32180000
00
0g
#32185000
10
1g
#32190000
00
0g
#32195000
10
1g
#32200000
00
0g
#32205000
10
1g
#32210000
00
0g
#32215000
10
1g
#32220000
00
0g
#32225000
10
1g
#32230000
00
0g
#32235000
10
1g
#32240000
00
0g
#32245000
10
1g
#32250000
00
0g
#32255000
10
1g
#32260000
00
0g
#32265000
10
1g
#32270000
00
0g
#32275000
10
1g
#32280000
00
0g
#32285000
10
1g
#32290000
00
0g
#32295000
10
1g
#32300000
00
0g
#32305000
10
1g
#32310000
00
0g
#32315000
10
1g
#32320000
00
0g
#32325000
10
1g
#32330000
00
0g
#32335000
10
1g
#32340000
00
0g
#32345000
10
1g
#32350000
00
0g
#32355000
10
1g
#32360000
00
0g
#32365000
10
1g
#32370000
00
0g
#32375000
10
1g
#32380000
00
0g
#32385000
10
1g
#32390000
00
0g
#32395000
10
1g
#32400000
00
0g
#32405000
10
1g
#32410000
00
0g
#32415000
10
1g
#32420000
00
0g
#32425000
10
1g
#32430000
00
0g
#32435000
10
1g
#32440000
00
0g
#32445000
10
1g
#32450000
00
0g
#32455000
10
1g
#32460000
00
0g
#32465000
10
1g
#32470000
00
0g
#32475000
10
1g
#32480000
00
0g
#32485000
10
1g
#32490000
00
0g
#32495000
10
1g
#32500000
00
0g
#32505000
10
1g
#32510000
00
0g
#32515000
10
1g
#32520000
00
0g
#32525000
10
1g
#32530000
00
0g
#32535000
10
1g
#32540000
00
0g
#32545000
10
1g
#32550000
00
0g
#32555000
10
1g
#32560000
00
0g
#32565000
10
1g
#32570000
00
0g
#32575000
10
1g
#32580000
00
0g
#32585000
10
1g
#32590000
00
0g
#32595000
10
1g
#32600000
00
0g
#32605000
10
1g
#32610000
00
0g
#32615000
10
1g
#32620000
00
0g
#32625000
10
1g
#32630000
00
0g
#32635000
10
1g
#32640000
00
0g
#32645000
10
1g
#32650000
00
0g
#32655000
10
1g
#32660000
00
0g
#32665000
10
1g
#32670000
00
0g
#32675000
10
1g
#32680000
00
0g
#32685000
10
1g
#32690000
00
0g
#32695000
10
1g
#32700000
00
0g
#32705000
10
1g
#32710000
00
0g
#32715000
10
1g
#32720000
00
0g
#32725000
10
1g
#32730000
00
0g
#32735000
10
1g
#32740000
00
0g
#32745000
10
1g
#32750000
00
0g
#32755000
10
1g
#32760000
00
0g
#32765000
10
1g
#32770000
00
0g
#32775000
10
1g
#32780000
00
0g
#32785000
10
1g
#32790000
00
0g
#32795000
10
1g
#32800000
00
0g
#32805000
10
1g
#32810000
00
0g
#32815000
10
1g
#32820000
00
0g
#32825000
10
1g
#32830000
00
0g
#32835000
10
1g
#32840000
00
0g
#32845000
10
1g
#32850000
00
0g
#32855000
10
1g
#32860000
00
0g
#32865000
10
1g
#32870000
00
0g
#32875000
10
1g
#32880000
00
0g
#32885000
10
1g
#32890000
00
0g
#32895000
10
1g
#32900000
00
0g
#32905000
10
1g
#32910000
00
0g
#32915000
10
1g
#32920000
00
0g
#32925000
10
1g
#32930000
00
0g
#32935000
10
1g
#32940000
00
0g
#32945000
10
1g
#32950000
00
0g
#32955000
10
1g
#32960000
00
0g
#32965000
10
1g
#32970000
00
0g
#32975000
10
1g
#32980000
00
0g
#32985000
10
1g
#32990000
00
0g
#32995000
10
1g
#33000000
00
0g
#33005000
10
1g
#33010000
00
0g
#33015000
10
1g
#33020000
00
0g
#33025000
10
1g
#33030000
00
0g
#33035000
10
1g
#33040000
00
0g
#33045000
10
1g
#33050000
00
0g
#33055000
10
1g
#33060000
00
0g
#33065000
10
1g
#33070000
00
0g
#33075000
10
1g
#33080000
00
0g
#33085000
10
1g
#33090000
00
0g
#33095000
10
1g
#33100000
00
0g
#33105000
10
1g
#33110000
00
0g
#33115000
10
1g
#33120000
00
0g
#33125000
10
1g
#33130000
00
0g
#33135000
10
1g
#33140000
00
0g
#33145000
10
1g
#33150000
00
0g
#33155000
10
1g
#33160000
00
0g
#33165000
10
1g
#33170000
00
0g
#33175000
10
1g
#33180000
00
0g
#33185000
10
1g
#33190000
00
0g
#33195000
10
1g
#33200000
00
0g
#33205000
10
1g
#33210000
00
0g
#33215000
10
1g
#33220000
00
0g
#33225000
10
1g
#33230000
00
0g
#33235000
10
1g
#33240000
00
0g
#33245000
10
1g
#33250000
00
0g
#33255000
10
1g
#33260000
00
0g
#33265000
10
1g
#33270000
00
0g
#33275000
10
1g
#33280000
00
0g
#33285000
10
1g
#33290000
00
0g
#33295000
10
1g
#33300000
00
0g
#33305000
10
1g
#33310000
00
0g
#33315000
10
1g
#33320000
00
0g
#33325000
10
1g
#33330000
00
0g
#33335000
10
1g
#33340000
00
0g
#33345000
10
1g
#33350000
00
0g
#33355000
10
1g
#33360000
00
0g
#33365000
10
1g
#33370000
00
0g
#33375000
10
1g
#33380000
00
0g
#33385000
10
1g
#33390000
00
0g
#33395000
10
1g
#33400000
00
0g
#33405000
10
1g
#33410000
00
0g
#33415000
10
1g
#33420000
00
0g
#33425000
10
1g
#33430000
00
0g
#33435000
10
1g
#33440000
00
0g
#33445000
10
1g
#33450000
00
0g
#33455000
10
1g
#33460000
00
0g
#33465000
10
1g
#33470000
00
0g
#33475000
10
1g
#33480000
00
0g
#33485000
10
1g
#33490000
00
0g
#33495000
10
1g
#33500000
00
0g
#33505000
10
1g
#33510000
00
0g
#33515000
10
1g
#33520000
00
0g
#33525000
10
1g
#33530000
00
0g
#33535000
10
1g
#33540000
00
0g
#33545000
10
1g
#33550000
00
0g
#33555000
10
1g
#33560000
00
0g
#33565000
10
1g
#33570000
00
0g
#33575000
10
1g
#33580000
00
0g
#33585000
10
1g
#33590000
00
0g
#33595000
10
1g
#33600000
00
0g
#33605000
10
1g
#33610000
00
0g
#33615000
10
1g
#33620000
00
0g
#33625000
10
1g
#33630000
00
0g
#33635000
10
1g
#33640000
00
0g
#33645000
10
1g
#33650000
00
0g
#33655000
10
1g
#33660000
00
0g
#33665000
10
1g
#33670000
00
0g
#33675000
10
1g
#33680000
00
0g
#33685000
10
1g
#33690000
00
0g
#33695000
10
1g
#33700000
00
0g
#33705000
10
1g
#33710000
00
0g
#33715000
10
1g
#33720000
00
0g
#33725000
10
1g
#33730000
00
0g
#33735000
10
1g
#33740000
00
0g
#33745000
10
1g
#33750000
00
0g
#33755000
10
1g
#33760000
00
0g
#33765000
10
1g
#33770000
00
0g
#33775000
10
1g
#33780000
00
0g
#33785000
10
1g
#33790000
00
0g
#33795000
10
1g
#33800000
00
0g
#33805000
10
1g
#33810000
00
0g
#33815000
10
1g
#33820000
00
0g
#33825000
10
1g
#33830000
00
0g
#33835000
10
1g
#33840000
00
0g
#33845000
10
1g
#33850000
00
0g
#33855000
10
1g
#33860000
00
0g
#33865000
10
1g
#33870000
00
0g
#33875000
10
1g
#33880000
00
0g
#33885000
10
1g
#33890000
00
0g
#33895000
10
1g
#33900000
00
0g
#33905000
10
1g
#33910000
00
0g
#33915000
10
1g
#33920000
00
0g
#33925000
10
1g
#33930000
00
0g
#33935000
10
1g
#33940000
00
0g
#33945000
10
1g
#33950000
00
0g
#33955000
10
1g
#33960000
00
0g
#33965000
10
1g
#33970000
00
0g
#33975000
10
1g
#33980000
00
0g
#33985000
10
1g
#33990000
00
0g
#33995000
10
1g
#34000000
00
0g
#34005000
10
1g
#34010000
00
0g
#34015000
10
1g
#34020000
00
0g
#34025000
10
1g
#34030000
00
0g
#34035000
10
1g
#34040000
00
0g
#34045000
10
1g
#34050000
00
0g
#34055000
10
1g
#34060000
00
0g
#34065000
10
1g
#34070000
00
0g
#34075000
10
1g
#34080000
00
0g
#34085000
10
1g
#34090000
00
0g
#34095000
10
1g
#34100000
00
0g
#34105000
10
1g
#34110000
00
0g
#34115000
10
1g
#34120000
00
0g
#34125000
10
1g
#34130000
00
0g
#34135000
10
1g
#34140000
00
0g
#34145000
10
1g
#34150000
00
0g
#34155000
10
1g
#34160000
00
0g
#34165000
10
1g
#34170000
00
0g
#34175000
10
1g
#34180000
00
0g
#34185000
10
1g
#34190000
00
0g
#34195000
10
1g
#34200000
00
0g
#34205000
10
1g
#34210000
00
0g
#34215000
10
1g
#34220000
00
0g
#34225000
10
1g
#34230000
00
0g
#34235000
10
1g
#34240000
00
0g
#34245000
10
1g
#34250000
00
0g
#34255000
10
1g
#34260000
00
0g
#34265000
10
1g
#34270000
00
0g
#34275000
10
1g
#34280000
00
0g
#34285000
10
1g
#34290000
00
0g
#34295000
10
1g
#34300000
00
0g
#34305000
10
1g
#34310000
00
0g
#34315000
10
1g
#34320000
00
0g
#34325000
10
1g
#34330000
00
0g
#34335000
10
1g
#34340000
00
0g
#34345000
10
1g
#34350000
00
0g
#34355000
10
1g
#34360000
00
0g
#34365000
10
1g
#34370000
00
0g
#34375000
10
1g
#34380000
00
0g
#34385000
10
1g
#34390000
00
0g
#34395000
10
1g
#34400000
00
0g
#34405000
10
1g
#34410000
00
0g
#34415000
10
1g
#34420000
00
0g
#34425000
10
1g
#34430000
00
0g
#34435000
10
1g
#34440000
00
0g
#34445000
10
1g
#34450000
00
0g
#34455000
10
1g
#34460000
00
0g
#34465000
10
1g
#34470000
00
0g
#34475000
10
1g
#34480000
00
0g
#34485000
10
1g
#34490000
00
0g
#34495000
10
1g
#34500000
00
0g
#34505000
10
1g
#34510000
00
0g
#34515000
10
1g
#34520000
00
0g
#34525000
10
1g
#34530000
00
0g
#34535000
10
1g
#34540000
00
0g
#34545000
10
1g
#34550000
00
0g
#34555000
10
1g
#34560000
00
0g
#34565000
10
1g
#34570000
00
0g
#34575000
10
1g
#34580000
00
0g
#34585000
10
1g
#34590000
00
0g
#34595000
10
1g
#34600000
00
0g
#34605000
10
1g
#34610000
00
0g
#34615000
10
1g
#34620000
00
0g
#34625000
10
1g
#34630000
00
0g
#34635000
10
1g
#34640000
00
0g
#34645000
10
1g
#34650000
00
0g
#34655000
10
1g
#34660000
00
0g
#34665000
10
1g
#34670000
00
0g
#34675000
10
1g
#34680000
00
0g
#34685000
10
1g
#34690000
00
0g
#34695000
10
1g
#34700000
00
0g
#34705000
10
1g
#34710000
00
0g
#34715000
10
1g
#34720000
00
0g
#34725000
10
1g
#34730000
00
0g
#34735000
10
1g
#34740000
00
0g
#34745000
10
1g
#34750000
00
0g
#34755000
10
1g
#34760000
00
0g
#34765000
10
1g
#34770000
00
0g
#34775000
10
1g
#34780000
00
0g
#34785000
10
1g
#34790000
00
0g
#34795000
10
1g
#34800000
00
0g
#34805000
10
1g
#34810000
00
0g
#34815000
10
1g
#34820000
00
0g
#34825000
10
1g
#34830000
00
0g
#34835000
10
1g
#34840000
00
0g
#34845000
10
1g
#34850000
00
0g
#34855000
10
1g
#34860000
00
0g
#34865000
10
1g
#34870000
00
0g
#34875000
10
1g
#34880000
00
0g
#34885000
10
1g
#34890000
00
0g
#34895000
10
1g
#34900000
00
0g
#34905000
10
1g
#34910000
00
0g
#34915000
10
1g
#34920000
00
0g
#34925000
10
1g
#34930000
00
0g
#34935000
10
1g
#34940000
00
0g
#34945000
10
1g
#34950000
00
0g
#34955000
10
1g
#34960000
00
0g
#34965000
10
1g
#34970000
00
0g
#34975000
10
1g
#34980000
00
0g
#34985000
10
1g
#34990000
00
0g
#34995000
10
1g
#35000000
00
0g
#35005000
10
1g
#35010000
00
0g
#35015000
10
1g
#35020000
00
0g
#35025000
10
1g
#35030000
00
0g
#35035000
10
1g
#35040000
00
0g
#35045000
10
1g
#35050000
00
0g
#35055000
10
1g
#35060000
00
0g
#35065000
10
1g
#35070000
00
0g
#35075000
10
1g
#35080000
00
0g
#35085000
10
1g
#35090000
00
0g
#35095000
10
1g
#35100000
00
0g
#35105000
10
1g
#35110000
00
0g
#35115000
10
1g
#35120000
00
0g
#35125000
10
1g
#35130000
00
0g
#35135000
10
1g
#35140000
00
0g
#35145000
10
1g
#35150000
00
0g
#35155000
10
1g
#35160000
00
0g
#35165000
10
1g
#35170000
00
0g
#35175000
10
1g
#35180000
00
0g
#35185000
10
1g
#35190000
00
0g
#35195000
10
1g
#35200000
00
0g
#35205000
10
1g
#35210000
00
0g
#35215000
10
1g
#35220000
00
0g
#35225000
10
1g
#35230000
00
0g
#35235000
10
1g
#35240000
00
0g
#35245000
10
1g
#35250000
00
0g
#35255000
10
1g
#35260000
00
0g
#35265000
10
1g
#35270000
00
0g
#35275000
10
1g
#35280000
00
0g
#35285000
10
1g
#35290000
00
0g
#35295000
10
1g
#35300000
00
0g
#35305000
10
1g
#35310000
00
0g
#35315000
10
1g
#35320000
00
0g
#35325000
10
1g
#35330000
00
0g
#35335000
10
1g
#35340000
00
0g
#35345000
10
1g
#35350000
00
0g
#35355000
10
1g
#35360000
00
0g
#35365000
10
1g
#35370000
00
0g
#35375000
10
1g
#35380000
00
0g
#35385000
10
1g
#35390000
00
0g
#35395000
10
1g
#35400000
00
0g
#35405000
10
1g
#35410000
00
0g
#35415000
10
1g
#35420000
00
0g
#35425000
10
1g
#35430000
00
0g
#35435000
10
1g
#35440000
00
0g
#35445000
10
1g
#35450000
00
0g
#35455000
10
1g
#35460000
00
0g
#35465000
10
1g
#35470000
00
0g
#35475000
10
1g
#35480000
00
0g
#35485000
10
1g
#35490000
00
0g
#35495000
10
1g
#35500000
00
0g
#35505000
10
1g
#35510000
00
0g
#35515000
10
1g
#35520000
00
0g
#35525000
10
1g
#35530000
00
0g
#35535000
10
1g
#35540000
00
0g
#35545000
10
1g
#35550000
00
0g
#35555000
10
1g
#35560000
00
0g
#35565000
10
1g
#35570000
00
0g
#35575000
10
1g
#35580000
00
0g
#35585000
10
1g
#35590000
00
0g
#35595000
10
1g
#35600000
00
0g
#35605000
10
1g
#35610000
00
0g
#35615000
10
1g
#35620000
00
0g
#35625000
10
1g
#35630000
00
0g
#35635000
10
1g
#35640000
00
0g
#35645000
10
1g
#35650000
00
0g
#35655000
10
1g
#35660000
00
0g
#35665000
10
1g
#35670000
00
0g
#35675000
10
1g
#35680000
00
0g
#35685000
10
1g
#35690000
00
0g
#35695000
10
1g
#35700000
00
0g
#35705000
10
1g
#35710000
00
0g
#35715000
10
1g
#35720000
00
0g
#35725000
10
1g
#35730000
00
0g
#35735000
10
1g
#35740000
00
0g
#35745000
10
1g
#35750000
00
0g
#35755000
10
1g
#35760000
00
0g
#35765000
10
1g
#35770000
00
0g
#35775000
10
1g
#35780000
00
0g
#35785000
10
1g
#35790000
00
0g
#35795000
10
1g
#35800000
00
0g
#35805000
10
1g
#35810000
00
0g
#35815000
10
1g
#35820000
00
0g
#35825000
10
1g
#35830000
00
0g
#35835000
10
1g
#35840000
00
0g
#35845000
10
1g
#35850000
00
0g
#35855000
10
1g
#35860000
00
0g
#35865000
10
1g
#35870000
00
0g
#35875000
10
1g
#35880000
00
0g
#35885000
10
1g
#35890000
00
0g
#35895000
10
1g
#35900000
00
0g
#35905000
10
1g
#35910000
00
0g
#35915000
10
1g
#35920000
00
0g
#35925000
10
1g
#35930000
00
0g
#35935000
10
1g
#35940000
00
0g
#35945000
10
1g
#35950000
00
0g
#35955000
10
1g
#35960000
00
0g
#35965000
10
1g
#35970000
00
0g
#35975000
10
1g
#35980000
00
0g
#35985000
10
1g
#35990000
00
0g
#35995000
10
1g
#36000000
00
0g
#36005000
10
1g
#36010000
00
0g
#36015000
10
1g
#36020000
00
0g
#36025000
10
1g
#36030000
00
0g
#36035000
10
1g
#36040000
00
0g
#36045000
10
1g
#36050000
00
0g
#36055000
10
1g
#36060000
00
0g
#36065000
10
1g
#36070000
00
0g
#36075000
10
1g
#36080000
00
0g
#36085000
10
1g
#36090000
00
0g
#36095000
10
1g
#36100000
00
0g
#36105000
10
1g
#36110000
00
0g
#36115000
10
1g
#36120000
00
0g
#36125000
10
1g
#36130000
00
0g
#36135000
10
1g
#36140000
00
0g
#36145000
10
1g
#36150000
00
0g
#36155000
10
1g
#36160000
00
0g
#36165000
10
1g
#36170000
00
0g
#36175000
10
1g
#36180000
00
0g
#36185000
10
1g
#36190000
00
0g
#36195000
10
1g
#36200000
00
0g
#36205000
10
1g
#36210000
00
0g
#36215000
10
1g
#36220000
00
0g
#36225000
10
1g
#36230000
00
0g
#36235000
10
1g
#36240000
00
0g
#36245000
10
1g
#36250000
00
0g
#36255000
10
1g
#36260000
00
0g
#36265000
10
1g
#36270000
00
0g
#36275000
10
1g
#36280000
00
0g
#36285000
10
1g
#36290000
00
0g
#36295000
10
1g
#36300000
00
0g
#36305000
10
1g
#36310000
00
0g
#36315000
10
1g
#36320000
00
0g
#36325000
10
1g
#36330000
00
0g
#36335000
10
1g
#36340000
00
0g
#36345000
10
1g
#36350000
00
0g
#36355000
10
1g
#36360000
00
0g
#36365000
10
1g
#36370000
00
0g
#36375000
10
1g
#36380000
00
0g
#36385000
10
1g
#36390000
00
0g
#36395000
10
1g
#36400000
00
0g
#36405000
10
1g
#36410000
00
0g
#36415000
10
1g
#36420000
00
0g
#36425000
10
1g
#36430000
00
0g
#36435000
10
1g
#36440000
00
0g
#36445000
10
1g
#36450000
00
0g
#36455000
10
1g
#36460000
00
0g
#36465000
10
1g
#36470000
00
0g
#36475000
10
1g
#36480000
00
0g
#36485000
10
1g
#36490000
00
0g
#36495000
10
1g
#36500000
00
0g
#36505000
10
1g
#36510000
00
0g
#36515000
10
1g
#36520000
00
0g
#36525000
10
1g
#36530000
00
0g
#36535000
10
1g
#36540000
00
0g
#36545000
10
1g
#36550000
00
0g
#36555000
10
1g
#36560000
00
0g
#36565000
10
1g
#36570000
00
0g
#36575000
10
1g
#36580000
00
0g
#36585000
10
1g
#36590000
00
0g
#36595000
10
1g
#36600000
00
0g
#36605000
10
1g
#36610000
00
0g
#36615000
10
1g
#36620000
00
0g
#36625000
10
1g
#36630000
00
0g
#36635000
10
1g
#36640000
00
0g
#36645000
10
1g
#36650000
00
0g
#36655000
10
1g
#36660000
00
0g
#36665000
10
1g
#36670000
00
0g
#36675000
10
1g
#36680000
00
0g
#36685000
10
1g
#36690000
00
0g
#36695000
10
1g
#36700000
00
0g
#36705000
10
1g
#36710000
00
0g
#36715000
10
1g
#36720000
00
0g
#36725000
10
1g
#36730000
00
0g
#36735000
10
1g
#36740000
00
0g
#36745000
10
1g
#36750000
00
0g
#36755000
10
1g
#36760000
00
0g
#36765000
10
1g
#36770000
00
0g
#36775000
10
1g
#36780000
00
0g
#36785000
10
1g
#36790000
00
0g
#36795000
10
1g
#36800000
00
0g
#36805000
10
1g
#36810000
00
0g
#36815000
10
1g
#36820000
00
0g
#36825000
10
1g
#36830000
00
0g
#36835000
10
1g
#36840000
00
0g
#36845000
10
1g
#36850000
00
0g
#36855000
10
1g
#36860000
00
0g
#36865000
10
1g
#36870000
00
0g
#36875000
10
1g
#36880000
00
0g
#36885000
10
1g
#36890000
00
0g
#36895000
10
1g
#36900000
00
0g
#36905000
10
1g
#36910000
00
0g
#36915000
10
1g
#36920000
00
0g
#36925000
10
1g
#36930000
00
0g
#36935000
10
1g
#36940000
00
0g
#36945000
10
1g
#36950000
00
0g
#36955000
10
1g
#36960000
00
0g
#36965000
10
1g
#36970000
00
0g
#36975000
10
1g
#36980000
00
0g
#36985000
10
1g
#36990000
00
0g
#36995000
10
1g
#37000000
00
0g
#37005000
10
1g
#37010000
00
0g
#37015000
10
1g
#37020000
00
0g
#37025000
10
1g
#37030000
00
0g
#37035000
10
1g
#37040000
00
11
0g
1h
#37045000
10
b1 7
1g
b1 n
#37050000
00
0g
#37055000
10
b11 7
1:
1g
b11 n
1q
#37060000
00
0g
#37065000
10
1g
#37070000
00
0g
#37075000
10
1g
#37080000
00
b1111111111111111111111111111111111111111111111111111111111111111 2
06
b0 @
0g
b1111111111111111111111111111111111111111111111111111111111111111 i
0m
b0 w
#37085000
10
b1111111111111111111111111111111111111111111111111111111111111111 8
1g
b1111111111111111111111111111111111111111111111111111111111111111 o
#37090000
00
0g
#37095000
b1111111111111111111111111111111111111111111111111111111111111111 !
1#
b0 $
b11111111 (
b11111111 )
b11111111 ,
b111 -
b1000 .
b1000 /
10
b1111111111111111111111111111111111111111111111111111111111111111 9
b1111111111111111111111111111111111111111111111111111111111111111 <
b1111111111111111111111111111111111111111111111111111111111111110 >
b1111111111111111111111111111111111111111111111111111111111111111 ?
b1111111111111111111111111111111111111111111111111111111111111111 @
b0 B
1D
b1111111111111111111111111111111111111111111111111111111111111111 G
1I
b0 J
b1 K
b1 L
b1 N
b11111111111111111111111111111111 O
b11111111111111111111111111111111 P
b0 Q
b1 R
b1111111111111111 S
b1111111111111111 T
b0 U
b1 V
b11111111 W
b11111111 X
b0 Y
b1 Z
b1111 [
b1111 \
b0 ]
b1 ^
b11 _
b11 `
b0 a
1c
b1000000 f
1g
b1111111111111111111111111111111111111111111111111111111111111111 p
b1111111111111111111111111111111111111111111111111111111111111111 s
b1111111111111111111111111111111111111111111111111111111111111110 u
b1111111111111111111111111111111111111111111111111111111111111111 v
b1111111111111111111111111111111111111111111111111111111111111111 w
b0 y
1{
#37100000
00
0g
#37105000
b1111111111111111111111111111111111111111111111111111111111111110 !
b0 "
1#
b1 $
b0 %
b0 &
b1 '
b11111111 (
b11111110 )
b11111110 *
b11111110 +
b1001 -
b1001 .
b1000 /
10
b1111111111111111111111111111111111111111111111111111111111111111 3
b0 4
15
b1111111111111111111111111111111111111111111111111111111111111111 ;
b1111111111111111111111111111111111111111111111111111111111111110 =
b0 ?
b1111111111111111111111111111111111111111111111111111111111111110 @
b0 A
1C
0E
b1111111111111111111111111111111111111111111111111111111111111110 G
b0 H
1I
b1 J
b10 K
b10 L
b1 M
b1 N
b11111111111111111111111111111111 O
b11111111111111111111111111111110 P
b1 Q
b1 R
b1111111111111111 S
b1111111111111111 T
b0 U
b1 V
b11111111 W
b11111111 X
b0 Y
b1 Z
b1111 [
b1111 \
b0 ]
b1 ^
b11 _
b11 `
b0 a
b1000000 f
1g
b1111111111111111111111111111111111111111111111111111111111111111 j
b0 k
1l
b1111111111111111111111111111111111111111111111111111111111111111 r
b1111111111111111111111111111111111111111111111111111111111111110 t
b0 v
b1111111111111111111111111111111111111111111111111111111111111110 w
b0 x
1z
0|
#37110000
00
0g
#37115000
10
1g
#37120000
00
0g
#37125000
10
1g
#37130000
00
0g
#37135000
10
1g
#37140000
00
0g
#37145000
10
1g
#37150000
00
0g
#37155000
10
1g
#37160000
00
0g
#37165000
10
1g
#37170000
00
0g
#37175000
10
1g
#37180000
00
0g
#37185000
10
1g
#37190000
00
0g
#37195000
10
1g
#37200000
00
0g
#37205000
10
1g
#37210000
00
0g
#37215000
10
1g
#37220000
00
b0 2
16
b1111111111111111111111111111111111111111111111111111111111111100 >
b1111111111111111111111111111111111111111111111111111111111111110 @
b1 B
1E
0g
b0 i
1m
b1111111111111111111111111111111111111111111111111111111111111100 u
b1111111111111111111111111111111111111111111111111111111111111110 w
b1 y
1|
#37225000
b1111111111111111111111111111111111111111111111111111111111111100 !
b1 "
1#
b10 $
b1 &
b11111111 (
b11111100 )
b11111100 *
b11111100 +
b1010 -
b1001 .
b1000 /
10
b1 4
b0 8
b1111111111111111111111111111111111111111111111111111111111111100 =
b1111111111111111111111111111111111111111111111111111111111111000 >
b1111111111111111111111111111111111111111111111111111111111111100 @
b1 A
b10 B
b1111111111111111111111111111111111111111111111111111111111111100 G
b1 H
1I
b10 J
b100 K
b100 L
b10 M
b10 N
b11111111111111111111111111111110 O
b11111111111111111111111111111110 P
b1 Q
b1 R
b1111111111111111 S
b1111111111111110 T
b1 U
b1 V
b11111111 W
b11111111 X
b0 Y
b1 Z
b1111 [
b1111 \
b0 ]
b1 ^
b11 _
b11 `
b0 a
b1000000 f
1g
b1 k
b0 o
b1111111111111111111111111111111111111111111111111111111111111100 t
b1111111111111111111111111111111111111111111111111111111111111000 u
b1111111111111111111111111111111111111111111111111111111111111100 w
b1 x
b10 y
#37230000
00
0g
#37235000
b1111111111111111111111111111111111111111111111111111111111111000 !
b10 "
1#
b11 $
b10 &
b11111111 (
b11111000 )
b11111000 *
b11111000 +
b1011 -
b1001 .
b1000 /
10
b10 4
b0 9
b0 <
b1111111111111111111111111111111111111111111111111111111111111000 =
b1111111111111111111111111111111111111111111111111111111111110000 >
b1111111111111111111111111111111111111111111111111111111111111000 @
b10 A
b11 B
b1111111111111111111111111111111111111111111111111111111111111000 G
b10 H
1I
b11 J
b1000 K
b1000 L
b11 M
b10 N
b11111111111111111111111111111110 O
b11111111111111111111111111111100 P
b11 Q
b1 R
b1111111111111111 S
b1111111111111110 T
b1 U
b1 V
b11111111 W
b11111111 X
b0 Y
b1 Z
b1111 [
b1111 \
b0 ]
b1 ^
b11 _
b11 `
b0 a
b1000000 f
1g
b10 k
b0 p
b0 s
b1111111111111111111111111111111111111111111111111111111111111000 t
b1111111111111111111111111111111111111111111111111111111111110000 u
b1111111111111111111111111111111111111111111111111111111111111000 w
b10 x
b11 y
#37240000
00
0g
#37245000
b1111111111111111111111111111111111111111111111111111111111110000 !
b11 "
1#
b100 $
b11 &
b11111111 (
b11110000 )
b11110000 *
b11110000 +
b1100 -
b1001 .
b1000 /
10
b0 3
b11 4
b0 ;
b1111111111111111111111111111111111111111111111111111111111110000 =
b1111111111111111111111111111111111111111111111111111111111100000 >
b1111111111111111111111111111111111111111111111111111111111110000 @
b11 A
b100 B
b1111111111111111111111111111111111111111111111111111111111110000 G
b11 H
1I
b100 J
b10000 K
b10000 L
b100 M
b100 N
b11111111111111111111111111111100 O
b11111111111111111111111111111100 P
b11 Q
b10 R
b1111111111111110 S
b1111111111111110 T
b1 U
b1 V
b11111111 W
b11111110 X
b1 Y
b1 Z
b1111 [
b1111 \
b0 ]
b1 ^
b11 _
b11 `
b0 a
b1000000 f
1g
b0 j
b11 k
b0 r
b1111111111111111111111111111111111111111111111111111111111110000 t
b1111111111111111111111111111111111111111111111111111111111100000 u
b1111111111111111111111111111111111111111111111111111111111110000 w
b11 x
b100 y
#37250000
00
0g
#37255000
b1111111111111111111111111111111111111111111111111111111111100000 !
b100 "
1#
b101 $
b100 &
b11111111 (
b11100000 )
b11100000 *
b11100000 +
b1101 -
b1001 .
b1000 /
10
b100 4
b1111111111111111111111111111111111111111111111111111111111100000 =
b1111111111111111111111111111111111111111111111111111111111000000 >
b1111111111111111111111111111111111111111111111111111111111100000 @
b100 A
b101 B
b1111111111111111111111111111111111111111111111111111111111100000 G
b100 H
1I
b101 J
b100000 K
b100000 L
b101 M
b100 N
b11111111111111111111111111111100 O
b11111111111111111111111111111000 P
b111 Q
b10 R
b1111111111111110 S
b1111111111111110 T
b1 U
b1 V
b11111111 W
b11111110 X
b1 Y
b1 Z
b1111 [
b1111 \
b0 ]
b1 ^
b11 _
b11 `
b0 a
b1000000 f
1g
b100 k
b1111111111111111111111111111111111111111111111111111111111100000 t
b1111111111111111111111111111111111111111111111111111111111000000 u
b1111111111111111111111111111111111111111111111111111111111100000 w
b100 x
b101 y
#37260000
00
0g
#37265000
b1111111111111111111111111111111111111111111111111111111111000000 !
b101 "
1#
b110 $
b101 &
b11111111 (
b11000000 )
b11000000 *
b11000000 +
b1110 -
b1001 .
b1000 /
10
b101 4
b1111111111111111111111111111111111111111111111111111111111000000 =
b1111111111111111111111111111111111111111111111111111111110000000 >
b1111111111111111111111111111111111111111111111111111111111000000 @
b101 A
b110 B
b1111111111111111111111111111111111111111111111111111111111000000 G
b101 H
1I
b110 J
b1000000 K
b1000000 L
b110 M
b1000 N
b11111111111111111111111111111000 O
b11111111111111111111111111111000 P
b111 Q
b10 R
b1111111111111110 S
b1111111111111100 T
b11 U
b1 V
b11111111 W
b11111110 X
b1 Y
b1 Z
b1111 [
b1111 \
b0 ]
b1 ^
b11 _
b11 `
b0 a
b1000000 f
1g
b101 k
b1111111111111111111111111111111111111111111111111111111111000000 t
b1111111111111111111111111111111111111111111111111111111110000000 u
b1111111111111111111111111111111111111111111111111111111111000000 w
b101 x
b110 y
#37270000
00
0g
#37275000
b1111111111111111111111111111111111111111111111111111111110000000 !
b110 "
1#
b111 $
b110 &
b11111111 (
b10000000 )
b10000000 *
b10000000 +
b1111 -
b1001 .
b1000 /
10
b110 4
b1111111111111111111111111111111111111111111111111111111110000000 =
b1111111111111111111111111111111111111111111111111111111100000000 >
b1111111111111111111111111111111111111111111111111111111110000000 @
b110 A
b111 B
b1111111111111111111111111111111111111111111111111111111110000000 G
b110 H
1I
b111 J
b10000000 K
b10000000 L
b111 M
b1000 N
b11111111111111111111111111111000 O
b11111111111111111111111111110000 P
b1111 Q
b10 R
b1111111111111110 S
b1111111111111100 T
b11 U
b1 V
b11111111 W
b11111110 X
b1 Y
b1 Z
b1111 [
b1111 \
b0 ]
b1 ^
b11 _
b11 `
b0 a
b1000000 f
1g
b110 k
b1111111111111111111111111111111111111111111111111111111110000000 t
b1111111111111111111111111111111111111111111111111111111100000000 u
b1111111111111111111111111111111111111111111111111111111110000000 w
b110 x
b111 y
#37280000
00
0g
#37285000
b1111111111111111111111111111111111111111111111111111111100000000 !
b111 "
1#
b1000 $
b111 &
b11111110 (
b0 )
b0 *
b0 +
b111 -
b1001 .
b1000 /
10
b111 4
b1111111111111111111111111111111111111111111111111111111100000000 =
b1111111111111111111111111111111111111111111111111111111000000000 >
b1111111111111111111111111111111111111111111111111111111100000000 @
b111 A
b1000 B
b1111111111111111111111111111111111111111111111111111111100000000 G
b111 H
1I
b1000 J
b100000000 K
b100000000 L
b1000 M
b10000 N
b11111111111111111111111111110000 O
b11111111111111111111111111110000 P
b1111 Q
b100 R
b1111111111111100 S
b1111111111111100 T
b11 U
b10 V
b11111110 W
b11111110 X
b1 Y
b1 Z
b1111 [
b1110 \
b1 ]
b1 ^
b11 _
b11 `
b0 a
b1000000 f
1g
b111 k
b1111111111111111111111111111111111111111111111111111111100000000 t
b1111111111111111111111111111111111111111111111111111111000000000 u
b1111111111111111111111111111111111111111111111111111111100000000 w
b111 x
b1000 y
#37290000
00
0g
#37295000
b1111111111111111111111111111111111111111111111111111111000000000 !
b1000 "
1#
b1001 $
b1 %
b0 &
b10 '
b11111110 (
b11111110 )
b11111110 *
b11111110 +
b1001 -
b1010 .
b1000 /
10
b1000 4
b1111111111111111111111111111111111111111111111111111111000000000 =
b1111111111111111111111111111111111111111111111111111110000000000 >
b1111111111111111111111111111111111111111111111111111111000000000 @
b1000 A
b1001 B
b1111111111111111111111111111111111111111111111111111111000000000 G
b1000 H
1I
b1001 J
b1000000000 K
b1000000000 L
b1001 M
b10000 N
b11111111111111111111111111110000 O
b11111111111111111111111111100000 P
b11111 Q
b100 R
b1111111111111100 S
b1111111111111100 T
b11 U
b10 V
b11111110 W
b11111110 X
b1 Y
b1 Z
b1111 [
b1110 \
b1 ]
b1 ^
b11 _
b11 `
b0 a
b1000000 f
1g
b1000 k
b1111111111111111111111111111111111111111111111111111111000000000 t
b1111111111111111111111111111111111111111111111111111110000000000 u
b1111111111111111111111111111111111111111111111111111111000000000 w
b1000 x
b1001 y
#37300000
00
0g
#37305000
b1111111111111111111111111111111111111111111111111111110000000000 !
b1001 "
1#
b1010 $
b1 &
b11111110 (
b11111100 )
b11111100 *
b11111100 +
b1010 -
b1010 .
b1000 /
10
b1001 4
b1111111111111111111111111111111111111111111111111111110000000000 =
b1111111111111111111111111111111111111111111111111111100000000000 >
b1111111111111111111111111111111111111111111111111111110000000000 @
b1001 A
b1010 B
b1111111111111111111111111111111111111111111111111111110000000000 G
b1001 H
1I
b1010 J
b10000000000 K
b10000000000 L
b1010 M
b100000 N
b11111111111111111111111111100000 O
b11111111111111111111111111100000 P
b11111 Q
b100 R
b1111111111111100 S
b1111111111111000 T
b111 U
b10 V
b11111110 W
b11111110 X
b1 Y
b1 Z
b1111 [
b1110 \
b1 ]
b1 ^
b11 _
b11 `
b0 a
b1000000 f
1g
b1001 k
b1111111111111111111111111111111111111111111111111111110000000000 t
b1111111111111111111111111111111111111111111111111111100000000000 u
b1111111111111111111111111111111111111111111111111111110000000000 w
b1001 x
b1010 y
#37310000
00
0g
#37315000
b1111111111111111111111111111111111111111111111111111100000000000 !
b1010 "
1#
b1011 $
b10 &
b11111110 (
b11111000 )
b11111000 *
b11111000 +
b1011 -
b1010 .
b1000 /
10
b1010 4
b1111111111111111111111111111111111111111111111111111100000000000 =
b1111111111111111111111111111111111111111111111111111000000000000 >
b1111111111111111111111111111111111111111111111111111100000000000 @
b1010 A
b1011 B
b1111111111111111111111111111111111111111111111111111100000000000 G
b1010 H
1I
b1011 J
b100000000000 K
b100000000000 L
b1011 M
b100000 N
b11111111111111111111111111100000 O
b11111111111111111111111111000000 P
b111111 Q
b100 R
b1111111111111100 S
b1111111111111000 T
b111 U
b10 V
b11111110 W
b11111110 X
b1 Y
b1 Z
b1111 [
b1110 \
b1 ]
b1 ^
b11 _
b11 `
b0 a
b1000000 f
1g
b1010 k
b1111111111111111111111111111111111111111111111111111100000000000 t
b1111111111111111111111111111111111111111111111111111000000000000 u
b1111111111111111111111111111111111111111111111111111100000000000 w
b1010 x
b1011 y
#37320000
00
0g
#37325000
b1111111111111111111111111111111111111111111111111111000000000000 !
b1011 "
1#
b1100 $
b11 &
b11111110 (
b11110000 )
b11110000 *
b11110000 +
b1100 -
b1010 .
b1000 /
10
b1011 4
b1111111111111111111111111111111111111111111111111111000000000000 =
b1111111111111111111111111111111111111111111111111110000000000000 >
b1111111111111111111111111111111111111111111111111111000000000000 @
b1011 A
b1100 B
b1111111111111111111111111111111111111111111111111111000000000000 G
b1011 H
1I
b1100 J
b1000000000000 K
b1000000000000 L
b1100 M
b1000000 N
b11111111111111111111111111000000 O
b11111111111111111111111111000000 P
b111111 Q
b1000 R
b1111111111111000 S
b1111111111111000 T
b111 U
b10 V
b11111110 W
b11111100 X
b11 Y
b1 Z
b1111 [
b1110 \
b1 ]
b1 ^
b11 _
b11 `
b0 a
b1000000 f
1g
b1011 k
b1111111111111111111111111111111111111111111111111111000000000000 t
b1111111111111111111111111111111111111111111111111110000000000000 u
b1111111111111111111111111111111111111111111111111111000000000000 w
b1011 x
b1100 y
#37330000
00
0g
#37335000
b1111111111111111111111111111111111111111111111111110000000000000 !
b1100 "
1#
b1101 $
b100 &
b11111110 (
b11100000 )
b11100000 *
b11100000 +
b1101 -
b1010 .
b1000 /
10
b1100 4
b1111111111111111111111111111111111111111111111111110000000000000 =
b1111111111111111111111111111111111111111111111111100000000000000 >
b1111111111111111111111111111111111111111111111111110000000000000 @
b1100 A
b1101 B
b1111111111111111111111111111111111111111111111111110000000000000 G
b1100 H
1I
b1101 J
b10000000000000 K
b10000000000000 L
b1101 M
b1000000 N
b11111111111111111111111111000000 O
b11111111111111111111111110000000 P
b1111111 Q
b1000 R
b1111111111111000 S
b1111111111111000 T
b111 U
b10 V
b11111110 W
b11111100 X
b11 Y
b1 Z
b1111 [
b1110 \
b1 ]
b1 ^
b11 _
b11 `
b0 a
b1000000 f
1g
b1100 k
b1111111111111111111111111111111111111111111111111110000000000000 t
b1111111111111111111111111111111111111111111111111100000000000000 u
b1111111111111111111111111111111111111111111111111110000000000000 w
b1100 x
b1101 y
#37340000
00
0g
#37345000
b1111111111111111111111111111111111111111111111111100000000000000 !
b1101 "
1#
b1110 $
b101 &
b11111110 (
b11000000 )
b11000000 *
b11000000 +
b1110 -
b1010 .
b1000 /
10
b1101 4
b1111111111111111111111111111111111111111111111111100000000000000 =
b1111111111111111111111111111111111111111111111111000000000000000 >
b1111111111111111111111111111111111111111111111111100000000000000 @
b1101 A
b1110 B
b1111111111111111111111111111111111111111111111111100000000000000 G
b1101 H
1I
b1110 J
b100000000000000 K
b100000000000000 L
b1110 M
b10000000 N
b11111111111111111111111110000000 O
b11111111111111111111111110000000 P
b1111111 Q
b1000 R
b1111111111111000 S
b1111111111110000 T
b1111 U
b10 V
b11111110 W
b11111100 X
b11 Y
b1 Z
b1111 [
b1110 \
b1 ]
b1 ^
b11 _
b11 `
b0 a
b1000000 f
1g
b1101 k
b1111111111111111111111111111111111111111111111111100000000000000 t
b1111111111111111111111111111111111111111111111111000000000000000 u
b1111111111111111111111111111111111111111111111111100000000000000 w
b1101 x
b1110 y
#37350000
00
0g
#37355000
b1111111111111111111111111111111111111111111111111000000000000000 !
b1110 "
1#
b1111 $
b110 &
b11111110 (
b10000000 )
b10000000 *
b10000000 +
b1111 -
b1010 .
b1000 /
10
b1110 4
b1111111111111111111111111111111111111111111111111000000000000000 =
b1111111111111111111111111111111111111111111111110000000000000000 >
b1111111111111111111111111111111111111111111111111000000000000000 @
b1110 A
b1111 B
b1111111111111111111111111111111111111111111111111000000000000000 G
b1110 H
1I
b1111 J
b1000000000000000 K
b1000000000000000 L
b1111 M
b10000000 N
b11111111111111111111111110000000 O
b11111111111111111111111100000000 P
b11111111 Q
b1000 R
b1111111111111000 S
b1111111111110000 T
b1111 U
b10 V
b11111110 W
b11111100 X
b11 Y
b1 Z
b1111 [
b1110 \
b1 ]
b1 ^
b11 _
b11 `
b0 a
b1000000 f
1g
b1110 k
b1111111111111111111111111111111111111111111111111000000000000000 t
b1111111111111111111111111111111111111111111111110000000000000000 u
b1111111111111111111111111111111111111111111111111000000000000000 w
b1110 x
b1111 y
#37360000
00
0g
#37365000
b1111111111111111111111111111111111111111111111110000000000000000 !
b1111 "
1#
b10000 $
b111 &
b11111100 (
b0 )
b0 *
b0 +
b111 -
b1010 .
b1000 /
10
b1111 4
b1111111111111111111111111111111111111111111111110000000000000000 =
b1111111111111111111111111111111111111111111111100000000000000000 >
b1111111111111111111111111111111111111111111111110000000000000000 @
b1111 A
b10000 B
b1111111111111111111111111111111111111111111111110000000000000000 G
b1111 H
1I
b10000 J
b10000000000000000 K
b10000000000000000 L
b10000 M
b100000000 N
b11111111111111111111111100000000 O
b11111111111111111111111100000000 P
b11111111 Q
b10000 R
b1111111111110000 S
b1111111111110000 T
b1111 U
b100 V
b11111100 W
b11111100 X
b11 Y
b10 Z
b1110 [
b1110 \
b1 ]
b1 ^
b11 _
b10 `
b1 a
b1000000 f
1g
b1111 k
b1111111111111111111111111111111111111111111111110000000000000000 t
b1111111111111111111111111111111111111111111111100000000000000000 u
b1111111111111111111111111111111111111111111111110000000000000000 w
b1111 x
b10000 y
#37370000
00
0g
#37375000
b1111111111111111111111111111111111111111111111100000000000000000 !
b10000 "
1#
b10001 $
b10 %
b0 &
b11 '
b11111100 (
b11111110 )
b11111110 *
b11111110 +
b1001 -
b1011 .
b1000 /
10
b10000 4
b1111111111111111111111111111111111111111111111100000000000000000 =
b1111111111111111111111111111111111111111111111000000000000000000 >
b1111111111111111111111111111111111111111111111100000000000000000 @
b10000 A
b10001 B
b1111111111111111111111111111111111111111111111100000000000000000 G
b10000 H
1I
b10001 J
b100000000000000000 K
b100000000000000000 L
b10001 M
b100000000 N
b11111111111111111111111100000000 O
b11111111111111111111111000000000 P
b111111111 Q
b10000 R
b1111111111110000 S
b1111111111110000 T
b1111 U
b100 V
b11111100 W
b11111100 X
b11 Y
b10 Z
b1110 [
b1110 \
b1 ]
b1 ^
b11 _
b10 `
b1 a
b1000000 f
1g
b10000 k
b1111111111111111111111111111111111111111111111100000000000000000 t
b1111111111111111111111111111111111111111111111000000000000000000 u
b1111111111111111111111111111111111111111111111100000000000000000 w
b10000 x
b10001 y
#37380000
00
0g
#37385000
b1111111111111111111111111111111111111111111111000000000000000000 !
b10001 "
1#
b10010 $
b1 &
b11111100 (
b11111100 )
b11111100 *
b11111100 +
b1010 -
b1011 .
b1000 /
10
b10001 4
b1111111111111111111111111111111111111111111111000000000000000000 =
b1111111111111111111111111111111111111111111110000000000000000000 >
b1111111111111111111111111111111111111111111111000000000000000000 @
b10001 A
b10010 B
b1111111111111111111111111111111111111111111111000000000000000000 G
b10001 H
1I
b10010 J
b1000000000000000000 K
b1000000000000000000 L
b10010 M
b1000000000 N
b11111111111111111111111000000000 O
b11111111111111111111111000000000 P
b111111111 Q
b10000 R
b1111111111110000 S
b1111111111100000 T
b11111 U
b100 V
b11111100 W
b11111100 X
b11 Y
b10 Z
b1110 [
b1110 \
b1 ]
b1 ^
b11 _
b10 `
b1 a
b1000000 f
1g
b10001 k
b1111111111111111111111111111111111111111111111000000000000000000 t
b1111111111111111111111111111111111111111111110000000000000000000 u
b1111111111111111111111111111111111111111111111000000000000000000 w
b10001 x
b10010 y
#37390000
00
0g
#37395000
b1111111111111111111111111111111111111111111110000000000000000000 !
b10010 "
1#
b10011 $
b10 &
b11111100 (
b11111000 )
b11111000 *
b11111000 +
b1011 -
b1011 .
b1000 /
10
b10010 4
b1111111111111111111111111111111111111111111110000000000000000000 =
b1111111111111111111111111111111111111111111100000000000000000000 >
b1111111111111111111111111111111111111111111110000000000000000000 @
b10010 A
b10011 B
b1111111111111111111111111111111111111111111110000000000000000000 G
b10010 H
1I
b10011 J
b10000000000000000000 K
b10000000000000000000 L
b10011 M
b1000000000 N
b11111111111111111111111000000000 O
b11111111111111111111110000000000 P
b1111111111 Q
b10000 R
b1111111111110000 S
b1111111111100000 T
b11111 U
b100 V
b11111100 W
b11111100 X
b11 Y
b10 Z
b1110 [
b1110 \
b1 ]
b1 ^
b11 _
b10 `
b1 a
b1000000 f
1g
b10010 k
b1111111111111111111111111111111111111111111110000000000000000000 t
b1111111111111111111111111111111111111111111100000000000000000000 u
b1111111111111111111111111111111111111111111110000000000000000000 w
b10010 x
b10011 y
#37400000
00
0g
#37405000
b1111111111111111111111111111111111111111111100000000000000000000 !
b10011 "
1#
b10100 $
b11 &
b11111100 (
b11110000 )
b11110000 *
b11110000 +
b1100 -
b1011 .
b1000 /
10
b10011 4
b1111111111111111111111111111111111111111111100000000000000000000 =
b1111111111111111111111111111111111111111111000000000000000000000 >
b1111111111111111111111111111111111111111111100000000000000000000 @
b10011 A
b10100 B
b1111111111111111111111111111111111111111111100000000000000000000 G
b10011 H
1I
b10100 J
b100000000000000000000 K
b100000000000000000000 L
b10100 M
b10000000000 N
b11111111111111111111110000000000 O
b11111111111111111111110000000000 P
b1111111111 Q
b100000 R
b1111111111100000 S
b1111111111100000 T
b11111 U
b100 V
b11111100 W
b11111000 X
b111 Y
b10 Z
b1110 [
b1110 \
b1 ]
b1 ^
b11 _
b10 `
b1 a
b1000000 f
1g
b10011 k
b1111111111111111111111111111111111111111111100000000000000000000 t
b1111111111111111111111111111111111111111111000000000000000000000 u
b1111111111111111111111111111111111111111111100000000000000000000 w
b10011 x
b10100 y
#37410000
00
0g
#37415000
b1111111111111111111111111111111111111111111000000000000000000000 !
b10100 "
1#
b10101 $
b100 &
b11111100 (
b11100000 )
b11100000 *
b11100000 +
b1101 -
b1011 .
b1000 /
10
b10100 4
b1111111111111111111111111111111111111111111000000000000000000000 =
b1111111111111111111111111111111111111111110000000000000000000000 >
b1111111111111111111111111111111111111111111000000000000000000000 @
b10100 A
b10101 B
b1111111111111111111111111111111111111111111000000000000000000000 G
b10100 H
1I
b10101 J
b1000000000000000000000 K
b1000000000000000000000 L
b10101 M
b10000000000 N
b11111111111111111111110000000000 O
b11111111111111111111100000000000 P
b11111111111 Q
b100000 R
b1111111111100000 S
b1111111111100000 T
b11111 U
b100 V
b11111100 W
b11111000 X
b111 Y
b10 Z
b1110 [
b1110 \
b1 ]
b1 ^
b11 _
b10 `
b1 a
b1000000 f
1g
b10100 k
b1111111111111111111111111111111111111111111000000000000000000000 t
b1111111111111111111111111111111111111111110000000000000000000000 u
b1111111111111111111111111111111111111111111000000000000000000000 w
b10100 x
b10101 y
#37420000
00
0g
#37425000
b1111111111111111111111111111111111111111110000000000000000000000 !
b10101 "
1#
b10110 $
b101 &
b11111100 (
b11000000 )
b11000000 *
b11000000 +
b1110 -
b1011 .
b1000 /
10
b10101 4
b1111111111111111111111111111111111111111110000000000000000000000 =
b1111111111111111111111111111111111111111100000000000000000000000 >
b1111111111111111111111111111111111111111110000000000000000000000 @
b10101 A
b10110 B
b1111111111111111111111111111111111111111110000000000000000000000 G
b10101 H
1I
b10110 J
b10000000000000000000000 K
b10000000000000000000000 L
b10110 M
b100000000000 N
b11111111111111111111100000000000 O
b11111111111111111111100000000000 P
b11111111111 Q
b100000 R
b1111111111100000 S
b1111111111000000 T
b111111 U
b100 V
b11111100 W
b11111000 X
b111 Y
b10 Z
b1110 [
b1110 \
b1 ]
b1 ^
b11 _
b10 `
b1 a
b1000000 f
1g
b10101 k
b1111111111111111111111111111111111111111110000000000000000000000 t
b1111111111111111111111111111111111111111100000000000000000000000 u
b1111111111111111111111111111111111111111110000000000000000000000 w
b10101 x
b10110 y
#37430000
00
0g
#37435000
b1111111111111111111111111111111111111111100000000000000000000000 !
b10110 "
1#
b10111 $
b110 &
b11111100 (
b10000000 )
b10000000 *
b10000000 +
b1111 -
b1011 .
b1000 /
10
b10110 4
b1111111111111111111111111111111111111111100000000000000000000000 =
b1111111111111111111111111111111111111111000000000000000000000000 >
b1111111111111111111111111111111111111111100000000000000000000000 @
b10110 A
b10111 B
b1111111111111111111111111111111111111111100000000000000000000000 G
b10110 H
1I
b10111 J
b100000000000000000000000 K
b100000000000000000000000 L
b10111 M
b100000000000 N
b11111111111111111111100000000000 O
b11111111111111111111000000000000 P
b111111111111 Q
b100000 R
b1111111111100000 S
b1111111111000000 T
b111111 U
b100 V
b11111100 W
b11111000 X
b111 Y
b10 Z
b1110 [
b1110 \
b1 ]
b1 ^
b11 _
b10 `
b1 a
b1000000 f
1g
b10110 k
b1111111111111111111111111111111111111111100000000000000000000000 t
b1111111111111111111111111111111111111111000000000000000000000000 u
b1111111111111111111111111111111111111111100000000000000000000000 w
b10110 x
b10111 y
#37440000
00
0g
#37445000
b1111111111111111111111111111111111111111000000000000000000000000 !
b10111 "
1#
b11000 $
b111 &
b11111000 (
b0 )
b0 *
b0 +
b111 -
b1011 .
b1000 /
10
b10111 4
b1111111111111111111111111111111111111111000000000000000000000000 =
b1111111111111111111111111111111111111110000000000000000000000000 >
b1111111111111111111111111111111111111111000000000000000000000000 @
b10111 A
b11000 B
b1111111111111111111111111111111111111111000000000000000000000000 G
b10111 H
1I
b11000 J
b1000000000000000000000000 K
b1000000000000000000000000 L
b11000 M
b1000000000000 N
b11111111111111111111000000000000 O
b11111111111111111111000000000000 P
b111111111111 Q
b1000000 R
b1111111111000000 S
b1111111111000000 T
b111111 U
b1000 V
b11111000 W
b11111000 X
b111 Y
b10 Z
b1110 [
b1100 \
b11 ]
b1 ^
b11 _
b10 `
b1 a
b1000000 f
1g
b10111 k
b1111111111111111111111111111111111111111000000000000000000000000 t
b1111111111111111111111111111111111111110000000000000000000000000 u
b1111111111111111111111111111111111111111000000000000000000000000 w
b10111 x
b11000 y
#37450000
00
0g
#37455000
b1111111111111111111111111111111111111110000000000000000000000000 !
b11000 "
1#
b11001 $
b11 %
b0 &
b100 '
b11111000 (
b11111110 )
b11111110 *
b11111110 +
b1001 -
b1100 .
b1000 /
10
b11000 4
b1111111111111111111111111111111111111110000000000000000000000000 =
b1111111111111111111111111111111111111100000000000000000000000000 >
b1111111111111111111111111111111111111110000000000000000000000000 @
b11000 A
b11001 B
b1111111111111111111111111111111111111110000000000000000000000000 G
b11000 H
1I
b11001 J
b10000000000000000000000000 K
b10000000000000000000000000 L
b11001 M
b1000000000000 N
b11111111111111111111000000000000 O
b11111111111111111110000000000000 P
b1111111111111 Q
b1000000 R
b1111111111000000 S
b1111111111000000 T
b111111 U
b1000 V
b11111000 W
b11111000 X
b111 Y
b10 Z
b1110 [
b1100 \
b11 ]
b1 ^
b11 _
b10 `
b1 a
b1000000 f
1g
b11000 k
b1111111111111111111111111111111111111110000000000000000000000000 t
b1111111111111111111111111111111111111100000000000000000000000000 u
b1111111111111111111111111111111111111110000000000000000000000000 w
b11000 x
b11001 y
#37460000
00
0g
#37465000
b1111111111111111111111111111111111111100000000000000000000000000 !
b11001 "
1#
b11010 $
b1 &
b11111000 (
b11111100 )
b11111100 *
b11111100 +
b1010 -
b1100 .
b1000 /
10
b11001 4
b1111111111111111111111111111111111111100000000000000000000000000 =
b1111111111111111111111111111111111111000000000000000000000000000 >
b1111111111111111111111111111111111111100000000000000000000000000 @
b11001 A
b11010 B
b1111111111111111111111111111111111111100000000000000000000000000 G
b11001 H
1I
b11010 J
b100000000000000000000000000 K
b100000000000000000000000000 L
b11010 M
b10000000000000 N
b11111111111111111110000000000000 O
b11111111111111111110000000000000 P
b1111111111111 Q
b1000000 R
b1111111111000000 S
b1111111110000000 T
b1111111 U
b1000 V
b11111000 W
b11111000 X
b111 Y
b10 Z
b1110 [
b1100 \
b11 ]
b1 ^
b11 _
b10 `
b1 a
b1000000 f
1g
b11001 k
b1111111111111111111111111111111111111100000000000000000000000000 t
b1111111111111111111111111111111111111000000000000000000000000000 u
b1111111111111111111111111111111111111100000000000000000000000000 w
b11001 x
b11010 y
#37470000
00
0g
#37475000
b1111111111111111111111111111111111111000000000000000000000000000 !
b11010 "
1#
b11011 $
b10 &
b11111000 (
b11111000 )
b11111000 *
b11111000 +
b1011 -
b1100 .
b1000 /
10
b11010 4
b1111111111111111111111111111111111111000000000000000000000000000 =
b1111111111111111111111111111111111110000000000000000000000000000 >
b1111111111111111111111111111111111111000000000000000000000000000 @
b11010 A
b11011 B
b1111111111111111111111111111111111111000000000000000000000000000 G
b11010 H
1I
b11011 J
b1000000000000000000000000000 K
b1000000000000000000000000000 L
b11011 M
b10000000000000 N
b11111111111111111110000000000000 O
b11111111111111111100000000000000 P
b11111111111111 Q
b1000000 R
b1111111111000000 S
b1111111110000000 T
b1111111 U
b1000 V
b11111000 W
b11111000 X
b111 Y
b10 Z
b1110 [
b1100 \
b11 ]
b1 ^
b11 _
b10 `
b1 a
b1000000 f
1g
b11010 k
b1111111111111111111111111111111111111000000000000000000000000000 t
b1111111111111111111111111111111111110000000000000000000000000000 u
b1111111111111111111111111111111111111000000000000000000000000000 w
b11010 x
b11011 y
#37480000
00
0g
#37485000
b1111111111111111111111111111111111110000000000000000000000000000 !
b11011 "
1#
b11100 $
b11 &
b11111000 (
b11110000 )
b11110000 *
b11110000 +
b1100 -
b1100 .
b1000 /
10
b11011 4
b1111111111111111111111111111111111110000000000000000000000000000 =
b1111111111111111111111111111111111100000000000000000000000000000 >
b1111111111111111111111111111111111110000000000000000000000000000 @
b11011 A
b11100 B
b1111111111111111111111111111111111110000000000000000000000000000 G
b11011 H
1I
b11100 J
b10000000000000000000000000000 K
b10000000000000000000000000000 L
b11100 M
b100000000000000 N
b11111111111111111100000000000000 O
b11111111111111111100000000000000 P
b11111111111111 Q
b10000000 R
b1111111110000000 S
b1111111110000000 T
b1111111 U
b1000 V
b11111000 W
b11110000 X
b1111 Y
b10 Z
b1110 [
b1100 \
b11 ]
b1 ^
b11 _
b10 `
b1 a
b1000000 f
1g
b11011 k
b1111111111111111111111111111111111110000000000000000000000000000 t
b1111111111111111111111111111111111100000000000000000000000000000 u
b1111111111111111111111111111111111110000000000000000000000000000 w
b11011 x
b11100 y
#37490000
00
0g
#37495000
b1111111111111111111111111111111111100000000000000000000000000000 !
b11100 "
1#
b11101 $
b100 &
b11111000 (
b11100000 )
b11100000 *
b11100000 +
b1101 -
b1100 .
b1000 /
10
b11100 4
b1111111111111111111111111111111111100000000000000000000000000000 =
b1111111111111111111111111111111111000000000000000000000000000000 >
b1111111111111111111111111111111111100000000000000000000000000000 @
b11100 A
b11101 B
b1111111111111111111111111111111111100000000000000000000000000000 G
b11100 H
1I
b11101 J
b100000000000000000000000000000 K
b100000000000000000000000000000 L
b11101 M
b100000000000000 N
b11111111111111111100000000000000 O
b11111111111111111000000000000000 P
b111111111111111 Q
b10000000 R
b1111111110000000 S
b1111111110000000 T
b1111111 U
b1000 V
b11111000 W
b11110000 X
b1111 Y
b10 Z
b1110 [
b1100 \
b11 ]
b1 ^
b11 _
b10 `
b1 a
b1000000 f
1g
b11100 k
b1111111111111111111111111111111111100000000000000000000000000000 t
b1111111111111111111111111111111111000000000000000000000000000000 u
b1111111111111111111111111111111111100000000000000000000000000000 w
b11100 x
b11101 y
#37500000
00
0g
#37505000
b1111111111111111111111111111111111000000000000000000000000000000 !
b11101 "
1#
b11110 $
b101 &
b11111000 (
b11000000 )
b11000000 *
b11000000 +
b1110 -
b1100 .
b1000 /
10
b11101 4
b1111111111111111111111111111111111000000000000000000000000000000 =
b1111111111111111111111111111111110000000000000000000000000000000 >
b1111111111111111111111111111111111000000000000000000000000000000 @
b11101 A
b11110 B
b1111111111111111111111111111111111000000000000000000000000000000 G
b11101 H
1I
b11110 J
b1000000000000000000000000000000 K
b1000000000000000000000000000000 L
b11110 M
b1000000000000000 N
b11111111111111111000000000000000 O
b11111111111111111000000000000000 P
b111111111111111 Q
b10000000 R
b1111111110000000 S
b1111111100000000 T
b11111111 U
b1000 V
b11111000 W
b11110000 X
b1111 Y
b10 Z
b1110 [
b1100 \
b11 ]
b1 ^
b11 _
b10 `
b1 a
b1000000 f
1g
b11101 k
b1111111111111111111111111111111111000000000000000000000000000000 t
b1111111111111111111111111111111110000000000000000000000000000000 u
b1111111111111111111111111111111111000000000000000000000000000000 w
b11101 x
b11110 y
#37510000
00
0g
#37515000
b1111111111111111111111111111111110000000000000000000000000000000 !
b11110 "
1#
b11111 $
b110 &
b11111000 (
b10000000 )
b10000000 *
b10000000 +
b1111 -
b1100 .
b1000 /
10
b11110 4
b1111111111111111111111111111111110000000000000000000000000000000 =
b1111111111111111111111111111111100000000000000000000000000000000 >
b1111111111111111111111111111111110000000000000000000000000000000 @
b11110 A
b11111 B
b1111111111111111111111111111111110000000000000000000000000000000 G
b11110 H
1I
b11111 J
b10000000000000000000000000000000 K
b10000000000000000000000000000000 L
b11111 M
b1000000000000000 N
b11111111111111111000000000000000 O
b11111111111111110000000000000000 P
b1111111111111111 Q
b10000000 R
b1111111110000000 S
b1111111100000000 T
b11111111 U
b1000 V
b11111000 W
b11110000 X
b1111 Y
b10 Z
b1110 [
b1100 \
b11 ]
b1 ^
b11 _
b10 `
b1 a
b1000000 f
1g
b11110 k
b1111111111111111111111111111111110000000000000000000000000000000 t
b1111111111111111111111111111111100000000000000000000000000000000 u
b1111111111111111111111111111111110000000000000000000000000000000 w
b11110 x
b11111 y
#37520000
00
0g
#37525000
b1111111111111111111111111111111100000000000000000000000000000000 !
b11111 "
1#
b100000 $
b111 &
b11110000 (
b0 )
b0 *
b0 +
b111 -
b1100 .
b1000 /
10
b11111 4
b1111111111111111111111111111111100000000000000000000000000000000 =
b1111111111111111111111111111111000000000000000000000000000000000 >
b1111111111111111111111111111111100000000000000000000000000000000 @
b11111 A
b100000 B
b1111111111111111111111111111111100000000000000000000000000000000 G
b11111 H
1I
b100000 J
b100000000000000000000000000000000 K
b100000000000000000000000000000000 L
b100000 M
b10000000000000000 N
b11111111111111110000000000000000 O
b11111111111111110000000000000000 P
b1111111111111111 Q
b100000000 R
b1111111100000000 S
b1111111100000000 T
b11111111 U
b10000 V
b11110000 W
b11110000 X
b1111 Y
b100 Z
b1100 [
b1100 \
b11 ]
b10 ^
b10 _
b10 `
b1 a
0d
1e
b1000000 f
1g
b11111 k
b1111111111111111111111111111111100000000000000000000000000000000 t
b1111111111111111111111111111111000000000000000000000000000000000 u
b1111111111111111111111111111111100000000000000000000000000000000 w
b11111 x
b100000 y
#37530000
00
0g
#37535000
b1111111111111111111111111111111000000000000000000000000000000000 !
b100000 "
1#
b100001 $
b100 %
b0 &
b101 '
b11110000 (
b11111110 )
b11111110 *
b11111110 +
b1001 -
b1101 .
b1000 /
10
b100000 4
b1111111111111111111111111111111000000000000000000000000000000000 =
b1111111111111111111111111111110000000000000000000000000000000000 >
b1111111111111111111111111111111000000000000000000000000000000000 @
b100000 A
b100001 B
b1111111111111111111111111111111000000000000000000000000000000000 G
b100000 H
1I
b100001 J
b1000000000000000000000000000000000 K
b1000000000000000000000000000000000 L
b100001 M
b10000000000000000 N
b11111111111111110000000000000000 O
b11111111111111100000000000000000 P
b11111111111111111 Q
b100000000 R
b1111111100000000 S
b1111111100000000 T
b11111111 U
b10000 V
b11110000 W
b11110000 X
b1111 Y
b100 Z
b1100 [
b1100 \
b11 ]
b10 ^
b10 _
b10 `
b1 a
b1000000 f
1g
b100000 k
b1111111111111111111111111111111000000000000000000000000000000000 t
b1111111111111111111111111111110000000000000000000000000000000000 u
b1111111111111111111111111111111000000000000000000000000000000000 w
b100000 x
b100001 y
#37540000
00
0g
#37545000
b1111111111111111111111111111110000000000000000000000000000000000 !
b100001 "
1#
b100010 $
b1 &
b11110000 (
b11111100 )
b11111100 *
b11111100 +
b1010 -
b1101 .
b1000 /
10
b100001 4
b1111111111111111111111111111110000000000000000000000000000000000 =
b1111111111111111111111111111100000000000000000000000000000000000 >
b1111111111111111111111111111110000000000000000000000000000000000 @
b100001 A
b100010 B
b1111111111111111111111111111110000000000000000000000000000000000 G
b100001 H
1I
b100010 J
b10000000000000000000000000000000000 K
b10000000000000000000000000000000000 L
b100010 M
b100000000000000000 N
b11111111111111100000000000000000 O
b11111111111111100000000000000000 P
b11111111111111111 Q
b100000000 R
b1111111100000000 S
b1111111000000000 T
b111111111 U
b10000 V
b11110000 W
b11110000 X
b1111 Y
b100 Z
b1100 [
b1100 \
b11 ]
b10 ^
b10 _
b10 `
b1 a
b1000000 f
1g
b100001 k
b1111111111111111111111111111110000000000000000000000000000000000 t
b1111111111111111111111111111100000000000000000000000000000000000 u
b1111111111111111111111111111110000000000000000000000000000000000 w
b100001 x
b100010 y
#37550000
00
0g
#37555000
b1111111111111111111111111111100000000000000000000000000000000000 !
b100010 "
1#
b100011 $
b10 &
b11110000 (
b11111000 )
b11111000 *
b11111000 +
b1011 -
b1101 .
b1000 /
10
b100010 4
b1111111111111111111111111111100000000000000000000000000000000000 =
b1111111111111111111111111111000000000000000000000000000000000000 >
b1111111111111111111111111111100000000000000000000000000000000000 @
b100010 A
b100011 B
b1111111111111111111111111111100000000000000000000000000000000000 G
b100010 H
1I
b100011 J
b100000000000000000000000000000000000 K
b100000000000000000000000000000000000 L
b100011 M
b100000000000000000 N
b11111111111111100000000000000000 O
b11111111111111000000000000000000 P
b111111111111111111 Q
b100000000 R
b1111111100000000 S
b1111111000000000 T
b111111111 U
b10000 V
b11110000 W
b11110000 X
b1111 Y
b100 Z
b1100 [
b1100 \
b11 ]
b10 ^
b10 _
b10 `
b1 a
b1000000 f
1g
b100010 k
b1111111111111111111111111111100000000000000000000000000000000000 t
b1111111111111111111111111111000000000000000000000000000000000000 u
b1111111111111111111111111111100000000000000000000000000000000000 w
b100010 x
b100011 y
#37560000
00
0g
#37565000
b1111111111111111111111111111000000000000000000000000000000000000 !
b100011 "
1#
b100100 $
b11 &
b11110000 (
b11110000 )
b11110000 *
b11110000 +
b1100 -
b1101 .
b1000 /
10
b100011 4
b1111111111111111111111111111000000000000000000000000000000000000 =
b1111111111111111111111111110000000000000000000000000000000000000 >
b1111111111111111111111111111000000000000000000000000000000000000 @
b100011 A
b100100 B
b1111111111111111111111111111000000000000000000000000000000000000 G
b100011 H
1I
b100100 J
b1000000000000000000000000000000000000 K
b1000000000000000000000000000000000000 L
b100100 M
b1000000000000000000 N
b11111111111111000000000000000000 O
b11111111111111000000000000000000 P
b111111111111111111 Q
b1000000000 R
b1111111000000000 S
b1111111000000000 T
b111111111 U
b10000 V
b11110000 W
b11100000 X
b11111 Y
b100 Z
b1100 [
b1100 \
b11 ]
b10 ^
b10 _
b10 `
b1 a
b1000000 f
1g
b100011 k
b1111111111111111111111111111000000000000000000000000000000000000 t
b1111111111111111111111111110000000000000000000000000000000000000 u
b1111111111111111111111111111000000000000000000000000000000000000 w
b100011 x
b100100 y
#37570000
00
0g
#37575000
b1111111111111111111111111110000000000000000000000000000000000000 !
b100100 "
1#
b100101 $
b100 &
b11110000 (
b11100000 )
b11100000 *
b11100000 +
b1101 -
b1101 .
b1000 /
10
b100100 4
b1111111111111111111111111110000000000000000000000000000000000000 =
b1111111111111111111111111100000000000000000000000000000000000000 >
b1111111111111111111111111110000000000000000000000000000000000000 @
b100100 A
b100101 B
b1111111111111111111111111110000000000000000000000000000000000000 G
b100100 H
1I
b100101 J
b10000000000000000000000000000000000000 K
b10000000000000000000000000000000000000 L
b100101 M
b1000000000000000000 N
b11111111111111000000000000000000 O
b11111111111110000000000000000000 P
b1111111111111111111 Q
b1000000000 R
b1111111000000000 S
b1111111000000000 T
b111111111 U
b10000 V
b11110000 W
b11100000 X
b11111 Y
b100 Z
b1100 [
b1100 \
b11 ]
b10 ^
b10 _
b10 `
b1 a
b1000000 f
1g
b100100 k
b1111111111111111111111111110000000000000000000000000000000000000 t
b1111111111111111111111111100000000000000000000000000000000000000 u
b1111111111111111111111111110000000000000000000000000000000000000 w
b100100 x
b100101 y
#37580000
00
0g
#37585000
b1111111111111111111111111100000000000000000000000000000000000000 !
b100101 "
1#
b100110 $
b101 &
b11110000 (
b11000000 )
b11000000 *
b11000000 +
b1110 -
b1101 .
b1000 /
10
b100101 4
b1111111111111111111111111100000000000000000000000000000000000000 =
b1111111111111111111111111000000000000000000000000000000000000000 >
b1111111111111111111111111100000000000000000000000000000000000000 @
b100101 A
b100110 B
b1111111111111111111111111100000000000000000000000000000000000000 G
b100101 H
1I
b100110 J
b100000000000000000000000000000000000000 K
b100000000000000000000000000000000000000 L
b100110 M
b10000000000000000000 N
b11111111111110000000000000000000 O
b11111111111110000000000000000000 P
b1111111111111111111 Q
b1000000000 R
b1111111000000000 S
b1111110000000000 T
b1111111111 U
b10000 V
b11110000 W
b11100000 X
b11111 Y
b100 Z
b1100 [
b1100 \
b11 ]
b10 ^
b10 _
b10 `
b1 a
b1000000 f
1g
b100101 k
b1111111111111111111111111100000000000000000000000000000000000000 t
b1111111111111111111111111000000000000000000000000000000000000000 u
b1111111111111111111111111100000000000000000000000000000000000000 w
b100101 x
b100110 y
#37590000
00
0g
#37595000
b1111111111111111111111111000000000000000000000000000000000000000 !
b100110 "
1#
b100111 $
b110 &
b11110000 (
b10000000 )
b10000000 *
b10000000 +
b1111 -
b1101 .
b1000 /
10
b100110 4
b1111111111111111111111111000000000000000000000000000000000000000 =
b1111111111111111111111110000000000000000000000000000000000000000 >
b1111111111111111111111111000000000000000000000000000000000000000 @
b100110 A
b100111 B
b1111111111111111111111111000000000000000000000000000000000000000 G
b100110 H
1I
b100111 J
b1000000000000000000000000000000000000000 K
b1000000000000000000000000000000000000000 L
b100111 M
b10000000000000000000 N
b11111111111110000000000000000000 O
b11111111111100000000000000000000 P
b11111111111111111111 Q
b1000000000 R
b1111111000000000 S
b1111110000000000 T
b1111111111 U
b10000 V
b11110000 W
b11100000 X
b11111 Y
b100 Z
b1100 [
b1100 \
b11 ]
b10 ^
b10 _
b10 `
b1 a
b1000000 f
1g
b100110 k
b1111111111111111111111111000000000000000000000000000000000000000 t
b1111111111111111111111110000000000000000000000000000000000000000 u
b1111111111111111111111111000000000000000000000000000000000000000 w
b100110 x
b100111 y
#37600000
00
0g
#37605000
b1111111111111111111111110000000000000000000000000000000000000000 !
b100111 "
1#
b101000 $
b111 &
b11100000 (
b0 )
b0 *
b0 +
b111 -
b1101 .
b1000 /
10
b100111 4
b1111111111111111111111110000000000000000000000000000000000000000 =
b1111111111111111111111100000000000000000000000000000000000000000 >
b1111111111111111111111110000000000000000000000000000000000000000 @
b100111 A
b101000 B
b1111111111111111111111110000000000000000000000000000000000000000 G
b100111 H
1I
b101000 J
b10000000000000000000000000000000000000000 K
b10000000000000000000000000000000000000000 L
b101000 M
b100000000000000000000 N
b11111111111100000000000000000000 O
b11111111111100000000000000000000 P
b11111111111111111111 Q
b10000000000 R
b1111110000000000 S
b1111110000000000 T
b1111111111 U
b100000 V
b11100000 W
b11100000 X
b11111 Y
b100 Z
b1100 [
b1000 \
b111 ]
b10 ^
b10 _
b10 `
b1 a
b1000000 f
1g
b100111 k
b1111111111111111111111110000000000000000000000000000000000000000 t
b1111111111111111111111100000000000000000000000000000000000000000 u
b1111111111111111111111110000000000000000000000000000000000000000 w
b100111 x
b101000 y
#37610000
00
0g
#37615000
b1111111111111111111111100000000000000000000000000000000000000000 !
b101000 "
1#
b101001 $
b101 %
b0 &
b110 '
b11100000 (
b11111110 )
b11111110 *
b11111110 +
b1001 -
b1110 .
b1000 /
10
b101000 4
b1111111111111111111111100000000000000000000000000000000000000000 =
b1111111111111111111111000000000000000000000000000000000000000000 >
b1111111111111111111111100000000000000000000000000000000000000000 @
b101000 A
b101001 B
b1111111111111111111111100000000000000000000000000000000000000000 G
b101000 H
1I
b101001 J
b100000000000000000000000000000000000000000 K
b100000000000000000000000000000000000000000 L
b101001 M
b100000000000000000000 N
b11111111111100000000000000000000 O
b11111111111000000000000000000000 P
b111111111111111111111 Q
b10000000000 R
b1111110000000000 S
b1111110000000000 T
b1111111111 U
b100000 V
b11100000 W
b11100000 X
b11111 Y
b100 Z
b1100 [
b1000 \
b111 ]
b10 ^
b10 _
b10 `
b1 a
b1000000 f
1g
b101000 k
b1111111111111111111111100000000000000000000000000000000000000000 t
b1111111111111111111111000000000000000000000000000000000000000000 u
b1111111111111111111111100000000000000000000000000000000000000000 w
b101000 x
b101001 y
#37620000
00
0g
#37625000
b1111111111111111111111000000000000000000000000000000000000000000 !
b101001 "
1#
b101010 $
b1 &
b11100000 (
b11111100 )
b11111100 *
b11111100 +
b1010 -
b1110 .
b1000 /
10
b101001 4
b1111111111111111111111000000000000000000000000000000000000000000 =
b1111111111111111111110000000000000000000000000000000000000000000 >
b1111111111111111111111000000000000000000000000000000000000000000 @
b101001 A
b101010 B
b1111111111111111111111000000000000000000000000000000000000000000 G
b101001 H
1I
b101010 J
b1000000000000000000000000000000000000000000 K
b1000000000000000000000000000000000000000000 L
b101010 M
b1000000000000000000000 N
b11111111111000000000000000000000 O
b11111111111000000000000000000000 P
b111111111111111111111 Q
b10000000000 R
b1111110000000000 S
b1111100000000000 T
b11111111111 U
b100000 V
b11100000 W
b11100000 X
b11111 Y
b100 Z
b1100 [
b1000 \
b111 ]
b10 ^
b10 _
b10 `
b1 a
b1000000 f
1g
b101001 k
b1111111111111111111111000000000000000000000000000000000000000000 t
b1111111111111111111110000000000000000000000000000000000000000000 u
b1111111111111111111111000000000000000000000000000000000000000000 w
b101001 x
b101010 y
#37630000
00
0g
#37635000
b1111111111111111111110000000000000000000000000000000000000000000 !
b101010 "
1#
b101011 $
b10 &
b11100000 (
b11111000 )
b11111000 *
b11111000 +
b1011 -
b1110 .
b1000 /
10
b101010 4
b1111111111111111111110000000000000000000000000000000000000000000 =
b1111111111111111111100000000000000000000000000000000000000000000 >
b1111111111111111111110000000000000000000000000000000000000000000 @
b101010 A
b101011 B
b1111111111111111111110000000000000000000000000000000000000000000 G
b101010 H
1I
b101011 J
b10000000000000000000000000000000000000000000 K
b10000000000000000000000000000000000000000000 L
b101011 M
b1000000000000000000000 N
b11111111111000000000000000000000 O
b11111111110000000000000000000000 P
b1111111111111111111111 Q
b10000000000 R
b1111110000000000 S
b1111100000000000 T
b11111111111 U
b100000 V
b11100000 W
b11100000 X
b11111 Y
b100 Z
b1100 [
b1000 \
b111 ]
b10 ^
b10 _
b10 `
b1 a
b1000000 f
1g
b101010 k
b1111111111111111111110000000000000000000000000000000000000000000 t
b1111111111111111111100000000000000000000000000000000000000000000 u
b1111111111111111111110000000000000000000000000000000000000000000 w
b101010 x
b101011 y
#37640000
00
0g
#37645000
b1111111111111111111100000000000000000000000000000000000000000000 !
b101011 "
1#
b101100 $
b11 &
b11100000 (
b11110000 )
b11110000 *
b11110000 +
b1100 -
b1110 .
b1000 /
10
b101011 4
b1111111111111111111100000000000000000000000000000000000000000000 =
b1111111111111111111000000000000000000000000000000000000000000000 >
b1111111111111111111100000000000000000000000000000000000000000000 @
b101011 A
b101100 B
b1111111111111111111100000000000000000000000000000000000000000000 G
b101011 H
1I
b101100 J
b100000000000000000000000000000000000000000000 K
b100000000000000000000000000000000000000000000 L
b101100 M
b10000000000000000000000 N
b11111111110000000000000000000000 O
b11111111110000000000000000000000 P
b1111111111111111111111 Q
b100000000000 R
b1111100000000000 S
b1111100000000000 T
b11111111111 U
b100000 V
b11100000 W
b11000000 X
b111111 Y
b100 Z
b1100 [
b1000 \
b111 ]
b10 ^
b10 _
b10 `
b1 a
b1000000 f
1g
b101011 k
b1111111111111111111100000000000000000000000000000000000000000000 t
b1111111111111111111000000000000000000000000000000000000000000000 u
b1111111111111111111100000000000000000000000000000000000000000000 w
b101011 x
b101100 y
#37650000
00
0g
#37655000
b1111111111111111111000000000000000000000000000000000000000000000 !
b101100 "
1#
b101101 $
b100 &
b11100000 (
b11100000 )
b11100000 *
b11100000 +
b1101 -
b1110 .
b1000 /
10
b101100 4
b1111111111111111111000000000000000000000000000000000000000000000 =
b1111111111111111110000000000000000000000000000000000000000000000 >
b1111111111111111111000000000000000000000000000000000000000000000 @
b101100 A
b101101 B
b1111111111111111111000000000000000000000000000000000000000000000 G
b101100 H
1I
b101101 J
b1000000000000000000000000000000000000000000000 K
b1000000000000000000000000000000000000000000000 L
b101101 M
b10000000000000000000000 N
b11111111110000000000000000000000 O
b11111111100000000000000000000000 P
b11111111111111111111111 Q
b100000000000 R
b1111100000000000 S
b1111100000000000 T
b11111111111 U
b100000 V
b11100000 W
b11000000 X
b111111 Y
b100 Z
b1100 [
b1000 \
b111 ]
b10 ^
b10 _
b10 `
b1 a
b1000000 f
1g
b101100 k
b1111111111111111111000000000000000000000000000000000000000000000 t
b1111111111111111110000000000000000000000000000000000000000000000 u
b1111111111111111111000000000000000000000000000000000000000000000 w
b101100 x
b101101 y
#37660000
00
0g
#37665000
b1111111111111111110000000000000000000000000000000000000000000000 !
b101101 "
1#
b101110 $
b101 &
b11100000 (
b11000000 )
b11000000 *
b11000000 +
b1110 -
b1110 .
b1000 /
10
b101101 4
b1111111111111111110000000000000000000000000000000000000000000000 =
b1111111111111111100000000000000000000000000000000000000000000000 >
b1111111111111111110000000000000000000000000000000000000000000000 @
b101101 A
b101110 B
b1111111111111111110000000000000000000000000000000000000000000000 G
b101101 H
1I
b101110 J
b10000000000000000000000000000000000000000000000 K
b10000000000000000000000000000000000000000000000 L
b101110 M
b100000000000000000000000 N
b11111111100000000000000000000000 O
b11111111100000000000000000000000 P
b11111111111111111111111 Q
b100000000000 R
b1111100000000000 S
b1111000000000000 T
b111111111111 U
b100000 V
b11100000 W
b11000000 X
b111111 Y
b100 Z
b1100 [
b1000 \
b111 ]
b10 ^
b10 _
b10 `
b1 a
b1000000 f
1g
b101101 k
b1111111111111111110000000000000000000000000000000000000000000000 t
b1111111111111111100000000000000000000000000000000000000000000000 u
b1111111111111111110000000000000000000000000000000000000000000000 w
b101101 x
b101110 y
#37670000
00
0g
#37675000
b1111111111111111100000000000000000000000000000000000000000000000 !
b101110 "
1#
b101111 $
b110 &
b11100000 (
b10000000 )
b10000000 *
b10000000 +
b1111 -
b1110 .
b1000 /
10
b101110 4
b1111111111111111100000000000000000000000000000000000000000000000 =
b1111111111111111000000000000000000000000000000000000000000000000 >
b1111111111111111100000000000000000000000000000000000000000000000 @
b101110 A
b101111 B
b1111111111111111100000000000000000000000000000000000000000000000 G
b101110 H
1I
b101111 J
b100000000000000000000000000000000000000000000000 K
b100000000000000000000000000000000000000000000000 L
b101111 M
b100000000000000000000000 N
b11111111100000000000000000000000 O
b11111111000000000000000000000000 P
b111111111111111111111111 Q
b100000000000 R
b1111100000000000 S
b1111000000000000 T
b111111111111 U
b100000 V
b11100000 W
b11000000 X
b111111 Y
b100 Z
b1100 [
b1000 \
b111 ]
b10 ^
b10 _
b10 `
b1 a
b1000000 f
1g
b101110 k
b1111111111111111100000000000000000000000000000000000000000000000 t
b1111111111111111000000000000000000000000000000000000000000000000 u
b1111111111111111100000000000000000000000000000000000000000000000 w
b101110 x
b101111 y
#37680000
00
0g
#37685000
b1111111111111111000000000000000000000000000000000000000000000000 !
b101111 "
1#
b110000 $
b111 &
b11000000 (
b0 )
b0 *
b0 +
b111 -
b1110 .
b1000 /
10
b101111 4
b1111111111111111000000000000000000000000000000000000000000000000 =
b1111111111111110000000000000000000000000000000000000000000000000 >
b1111111111111111000000000000000000000000000000000000000000000000 @
b101111 A
b110000 B
b1111111111111111000000000000000000000000000000000000000000000000 G
b101111 H
1I
b110000 J
b1000000000000000000000000000000000000000000000000 K
b1000000000000000000000000000000000000000000000000 L
b110000 M
b1000000000000000000000000 N
b11111111000000000000000000000000 O
b11111111000000000000000000000000 P
b111111111111111111111111 Q
b1000000000000 R
b1111000000000000 S
b1111000000000000 T
b111111111111 U
b1000000 V
b11000000 W
b11000000 X
b111111 Y
b1000 Z
b1000 [
b1000 \
b111 ]
b10 ^
b10 _
b0 `
b11 a
b1000000 f
1g
b101111 k
b1111111111111111000000000000000000000000000000000000000000000000 t
b1111111111111110000000000000000000000000000000000000000000000000 u
b1111111111111111000000000000000000000000000000000000000000000000 w
b101111 x
b110000 y
#37690000
00
0g
#37695000
b1111111111111110000000000000000000000000000000000000000000000000 !
b110000 "
1#
b110001 $
b110 %
b0 &
b111 '
b11000000 (
b11111110 )
b11111110 *
b11111110 +
b1001 -
b1111 .
b1000 /
10
b110000 4
b1111111111111110000000000000000000000000000000000000000000000000 =
b1111111111111100000000000000000000000000000000000000000000000000 >
b1111111111111110000000000000000000000000000000000000000000000000 @
b110000 A
b110001 B
b1111111111111110000000000000000000000000000000000000000000000000 G
b110000 H
1I
b110001 J
b10000000000000000000000000000000000000000000000000 K
b10000000000000000000000000000000000000000000000000 L
b110001 M
b1000000000000000000000000 N
b11111111000000000000000000000000 O
b11111110000000000000000000000000 P
b1111111111111111111111111 Q
b1000000000000 R
b1111000000000000 S
b1111000000000000 T
b111111111111 U
b1000000 V
b11000000 W
b11000000 X
b111111 Y
b1000 Z
b1000 [
b1000 \
b111 ]
b10 ^
b10 _
b0 `
b11 a
b1000000 f
1g
b110000 k
b1111111111111110000000000000000000000000000000000000000000000000 t
b1111111111111100000000000000000000000000000000000000000000000000 u
b1111111111111110000000000000000000000000000000000000000000000000 w
b110000 x
b110001 y
#37700000
00
0g
#37705000
b1111111111111100000000000000000000000000000000000000000000000000 !
b110001 "
1#
b110010 $
b1 &
b11000000 (
b11111100 )
b11111100 *
b11111100 +
b1010 -
b1111 .
b1000 /
10
b110001 4
b1111111111111100000000000000000000000000000000000000000000000000 =
b1111111111111000000000000000000000000000000000000000000000000000 >
b1111111111111100000000000000000000000000000000000000000000000000 @
b110001 A
b110010 B
b1111111111111100000000000000000000000000000000000000000000000000 G
b110001 H
1I
b110010 J
b100000000000000000000000000000000000000000000000000 K
b100000000000000000000000000000000000000000000000000 L
b110010 M
b10000000000000000000000000 N
b11111110000000000000000000000000 O
b11111110000000000000000000000000 P
b1111111111111111111111111 Q
b1000000000000 R
b1111000000000000 S
b1110000000000000 T
b1111111111111 U
b1000000 V
b11000000 W
b11000000 X
b111111 Y
b1000 Z
b1000 [
b1000 \
b111 ]
b10 ^
b10 _
b0 `
b11 a
b1000000 f
1g
b110001 k
b1111111111111100000000000000000000000000000000000000000000000000 t
b1111111111111000000000000000000000000000000000000000000000000000 u
b1111111111111100000000000000000000000000000000000000000000000000 w
b110001 x
b110010 y
#37710000
00
0g
#37715000
b1111111111111000000000000000000000000000000000000000000000000000 !
b110010 "
1#
b110011 $
b10 &
b11000000 (
b11111000 )
b11111000 *
b11111000 +
b1011 -
b1111 .
b1000 /
10
b110010 4
b1111111111111000000000000000000000000000000000000000000000000000 =
b1111111111110000000000000000000000000000000000000000000000000000 >
b1111111111111000000000000000000000000000000000000000000000000000 @
b110010 A
b110011 B
b1111111111111000000000000000000000000000000000000000000000000000 G
b110010 H
1I
b110011 J
b1000000000000000000000000000000000000000000000000000 K
b1000000000000000000000000000000000000000000000000000 L
b110011 M
b10000000000000000000000000 N
b11111110000000000000000000000000 O
b11111100000000000000000000000000 P
b11111111111111111111111111 Q
b1000000000000 R
b1111000000000000 S
b1110000000000000 T
b1111111111111 U
b1000000 V
b11000000 W
b11000000 X
b111111 Y
b1000 Z
b1000 [
b1000 \
b111 ]
b10 ^
b10 _
b0 `
b11 a
b1000000 f
1g
b110010 k
b1111111111111000000000000000000000000000000000000000000000000000 t
b1111111111110000000000000000000000000000000000000000000000000000 u
b1111111111111000000000000000000000000000000000000000000000000000 w
b110010 x
b110011 y
#37720000
00
0g
#37725000
b1111111111110000000000000000000000000000000000000000000000000000 !
b110011 "
1#
b110100 $
b11 &
b11000000 (
b11110000 )
b11110000 *
b11110000 +
b1100 -
b1111 .
b1000 /
10
b110011 4
b1111111111110000000000000000000000000000000000000000000000000000 =
b1111111111100000000000000000000000000000000000000000000000000000 >
b1111111111110000000000000000000000000000000000000000000000000000 @
b110011 A
b110100 B
b1111111111110000000000000000000000000000000000000000000000000000 G
b110011 H
1I
b110100 J
b10000000000000000000000000000000000000000000000000000 K
b10000000000000000000000000000000000000000000000000000 L
b110100 M
b100000000000000000000000000 N
b11111100000000000000000000000000 O
b11111100000000000000000000000000 P
b11111111111111111111111111 Q
b10000000000000 R
b1110000000000000 S
b1110000000000000 T
b1111111111111 U
b1000000 V
b11000000 W
b10000000 X
b1111111 Y
b1000 Z
b1000 [
b1000 \
b111 ]
b10 ^
b10 _
b0 `
b11 a
b1000000 f
1g
b110011 k
b1111111111110000000000000000000000000000000000000000000000000000 t
b1111111111100000000000000000000000000000000000000000000000000000 u
b1111111111110000000000000000000000000000000000000000000000000000 w
b110011 x
b110100 y
#37730000
00
0g
#37735000
b1111111111100000000000000000000000000000000000000000000000000000 !
b110100 "
1#
b110101 $
b100 &
b11000000 (
b11100000 )
b11100000 *
b11100000 +
b1101 -
b1111 .
b1000 /
10
b110100 4
b1111111111100000000000000000000000000000000000000000000000000000 =
b1111111111000000000000000000000000000000000000000000000000000000 >
b1111111111100000000000000000000000000000000000000000000000000000 @
b110100 A
b110101 B
b1111111111100000000000000000000000000000000000000000000000000000 G
b110100 H
1I
b110101 J
b100000000000000000000000000000000000000000000000000000 K
b100000000000000000000000000000000000000000000000000000 L
b110101 M
b100000000000000000000000000 N
b11111100000000000000000000000000 O
b11111000000000000000000000000000 P
b111111111111111111111111111 Q
b10000000000000 R
b1110000000000000 S
b1110000000000000 T
b1111111111111 U
b1000000 V
b11000000 W
b10000000 X
b1111111 Y
b1000 Z
b1000 [
b1000 \
b111 ]
b10 ^
b10 _
b0 `
b11 a
b1000000 f
1g
b110100 k
b1111111111100000000000000000000000000000000000000000000000000000 t
b1111111111000000000000000000000000000000000000000000000000000000 u
b1111111111100000000000000000000000000000000000000000000000000000 w
b110100 x
b110101 y
#37740000
00
0g
#37745000
b1111111111000000000000000000000000000000000000000000000000000000 !
b110101 "
1#
b110110 $
b101 &
b11000000 (
b11000000 )
b11000000 *
b11000000 +
b1110 -
b1111 .
b1000 /
10
b110101 4
b1111111111000000000000000000000000000000000000000000000000000000 =
b1111111110000000000000000000000000000000000000000000000000000000 >
b1111111111000000000000000000000000000000000000000000000000000000 @
b110101 A
b110110 B
b1111111111000000000000000000000000000000000000000000000000000000 G
b110101 H
1I
b110110 J
b1000000000000000000000000000000000000000000000000000000 K
b1000000000000000000000000000000000000000000000000000000 L
b110110 M
b1000000000000000000000000000 N
b11111000000000000000000000000000 O
b11111000000000000000000000000000 P
b111111111111111111111111111 Q
b10000000000000 R
b1110000000000000 S
b1100000000000000 T
b11111111111111 U
b1000000 V
b11000000 W
b10000000 X
b1111111 Y
b1000 Z
b1000 [
b1000 \
b111 ]
b10 ^
b10 _
b0 `
b11 a
b1000000 f
1g
b110101 k
b1111111111000000000000000000000000000000000000000000000000000000 t
b1111111110000000000000000000000000000000000000000000000000000000 u
b1111111111000000000000000000000000000000000000000000000000000000 w
b110101 x
b110110 y
#37750000
00
0g
#37755000
b1111111110000000000000000000000000000000000000000000000000000000 !
b110110 "
1#
b110111 $
b110 &
b11000000 (
b10000000 )
b10000000 *
b10000000 +
b1111 -
b1111 .
b1000 /
10
b110110 4
b1111111110000000000000000000000000000000000000000000000000000000 =
b1111111100000000000000000000000000000000000000000000000000000000 >
b1111111110000000000000000000000000000000000000000000000000000000 @
b110110 A
b110111 B
b1111111110000000000000000000000000000000000000000000000000000000 G
b110110 H
1I
b110111 J
b10000000000000000000000000000000000000000000000000000000 K
b10000000000000000000000000000000000000000000000000000000 L
b110111 M
b1000000000000000000000000000 N
b11111000000000000000000000000000 O
b11110000000000000000000000000000 P
b1111111111111111111111111111 Q
b10000000000000 R
b1110000000000000 S
b1100000000000000 T
b11111111111111 U
b1000000 V
b11000000 W
b10000000 X
b1111111 Y
b1000 Z
b1000 [
b1000 \
b111 ]
b10 ^
b10 _
b0 `
b11 a
b1000000 f
1g
b110110 k
b1111111110000000000000000000000000000000000000000000000000000000 t
b1111111100000000000000000000000000000000000000000000000000000000 u
b1111111110000000000000000000000000000000000000000000000000000000 w
b110110 x
b110111 y
#37760000
00
0g
#37765000
b1111111100000000000000000000000000000000000000000000000000000000 !
b110111 "
1#
b111000 $
b111 &
b10000000 (
b0 )
b0 *
b0 +
b111 -
b1111 .
b1000 /
10
b110111 4
b1111111100000000000000000000000000000000000000000000000000000000 =
b1111111000000000000000000000000000000000000000000000000000000000 >
b1111111100000000000000000000000000000000000000000000000000000000 @
b110111 A
b111000 B
b1111111100000000000000000000000000000000000000000000000000000000 G
b110111 H
1I
b111000 J
b100000000000000000000000000000000000000000000000000000000 K
b100000000000000000000000000000000000000000000000000000000 L
b111000 M
b10000000000000000000000000000 N
b11110000000000000000000000000000 O
b11110000000000000000000000000000 P
b1111111111111111111111111111 Q
b100000000000000 R
b1100000000000000 S
b1100000000000000 T
b11111111111111 U
b10000000 V
b10000000 W
b10000000 X
b1111111 Y
b1000 Z
b1000 [
b0 \
b1111 ]
b10 ^
b10 _
b0 `
b11 a
b1000000 f
1g
b110111 k
b1111111100000000000000000000000000000000000000000000000000000000 t
b1111111000000000000000000000000000000000000000000000000000000000 u
b1111111100000000000000000000000000000000000000000000000000000000 w
b110111 x
b111000 y
#37770000
00
0g
#37775000
b1111111000000000000000000000000000000000000000000000000000000000 !
b111000 "
1#
b111001 $
b111 %
b0 &
b0 '
b10000000 (
b11111110 )
b11111110 *
b11111110 +
b11111110 ,
b1001 -
b1111 .
b1001 /
10
b111000 4
b1111111000000000000000000000000000000000000000000000000000000000 =
b1111110000000000000000000000000000000000000000000000000000000000 >
b1111111000000000000000000000000000000000000000000000000000000000 @
b111000 A
b111001 B
b1111111000000000000000000000000000000000000000000000000000000000 G
b111000 H
1I
b111001 J
b1000000000000000000000000000000000000000000000000000000000 K
b1000000000000000000000000000000000000000000000000000000000 L
b111001 M
b10000000000000000000000000000 N
b11110000000000000000000000000000 O
b11100000000000000000000000000000 P
b11111111111111111111111111111 Q
b100000000000000 R
b1100000000000000 S
b1100000000000000 T
b11111111111111 U
b10000000 V
b10000000 W
b10000000 X
b1111111 Y
b1000 Z
b1000 [
b0 \
b1111 ]
b10 ^
b10 _
b0 `
b11 a
b1000000 f
1g
b111000 k
b1111111000000000000000000000000000000000000000000000000000000000 t
b1111110000000000000000000000000000000000000000000000000000000000 u
b1111111000000000000000000000000000000000000000000000000000000000 w
b111000 x
b111001 y
#37780000
00
0g
#37785000
b1111110000000000000000000000000000000000000000000000000000000000 !
b111001 "
1#
b111010 $
b1 &
b10000000 (
b11111100 )
b11111100 *
b11111100 +
b11111100 ,
b1010 -
b1111 .
b1010 /
10
b111001 4
b1111110000000000000000000000000000000000000000000000000000000000 =
b1111100000000000000000000000000000000000000000000000000000000000 >
b1111110000000000000000000000000000000000000000000000000000000000 @
b111001 A
b111010 B
b1111110000000000000000000000000000000000000000000000000000000000 G
b111001 H
1I
b111010 J
b10000000000000000000000000000000000000000000000000000000000 K
b10000000000000000000000000000000000000000000000000000000000 L
b111010 M
b100000000000000000000000000000 N
b11100000000000000000000000000000 O
b11100000000000000000000000000000 P
b11111111111111111111111111111 Q
b100000000000000 R
b1100000000000000 S
b1000000000000000 T
b111111111111111 U
b10000000 V
b10000000 W
b10000000 X
b1111111 Y
b1000 Z
b1000 [
b0 \
b1111 ]
b10 ^
b10 _
b0 `
b11 a
b1000000 f
1g
b111001 k
b1111110000000000000000000000000000000000000000000000000000000000 t
b1111100000000000000000000000000000000000000000000000000000000000 u
b1111110000000000000000000000000000000000000000000000000000000000 w
b111001 x
b111010 y
#37790000
00
0g
#37795000
b1111100000000000000000000000000000000000000000000000000000000000 !
b111010 "
1#
b111011 $
b10 &
b10000000 (
b11111000 )
b11111000 *
b11111000 +
b11111000 ,
b1011 -
b1111 .
b1011 /
10
b111010 4
b1111100000000000000000000000000000000000000000000000000000000000 =
b1111000000000000000000000000000000000000000000000000000000000000 >
b1111100000000000000000000000000000000000000000000000000000000000 @
b111010 A
b111011 B
b1111100000000000000000000000000000000000000000000000000000000000 G
b111010 H
1I
b111011 J
b100000000000000000000000000000000000000000000000000000000000 K
b100000000000000000000000000000000000000000000000000000000000 L
b111011 M
b100000000000000000000000000000 N
b11100000000000000000000000000000 O
b11000000000000000000000000000000 P
b111111111111111111111111111111 Q
b100000000000000 R
b1100000000000000 S
b1000000000000000 T
b111111111111111 U
b10000000 V
b10000000 W
b10000000 X
b1111111 Y
b1000 Z
b1000 [
b0 \
b1111 ]
b10 ^
b10 _
b0 `
b11 a
b1000000 f
1g
b111010 k
b1111100000000000000000000000000000000000000000000000000000000000 t
b1111000000000000000000000000000000000000000000000000000000000000 u
b1111100000000000000000000000000000000000000000000000000000000000 w
b111010 x
b111011 y
#37800000
00
0g
#37805000
b1111000000000000000000000000000000000000000000000000000000000000 !
b111011 "
1#
b111100 $
b11 &
b10000000 (
b11110000 )
b11110000 *
b11110000 +
b11110000 ,
b1100 -
b1111 .
b1100 /
10
b111011 4
b1111000000000000000000000000000000000000000000000000000000000000 =
b1110000000000000000000000000000000000000000000000000000000000000 >
b1111000000000000000000000000000000000000000000000000000000000000 @
b111011 A
b111100 B
b1111000000000000000000000000000000000000000000000000000000000000 G
b111011 H
1I
b111100 J
b1000000000000000000000000000000000000000000000000000000000000 K
b1000000000000000000000000000000000000000000000000000000000000 L
b111100 M
b1000000000000000000000000000000 N
b11000000000000000000000000000000 O
b11000000000000000000000000000000 P
b111111111111111111111111111111 Q
b1000000000000000 R
b1000000000000000 S
b1000000000000000 T
b111111111111111 U
b10000000 V
b10000000 W
b0 X
b11111111 Y
b1000 Z
b1000 [
b0 \
b1111 ]
b10 ^
b10 _
b0 `
b11 a
b1000000 f
1g
b111011 k
b1111000000000000000000000000000000000000000000000000000000000000 t
b1110000000000000000000000000000000000000000000000000000000000000 u
b1111000000000000000000000000000000000000000000000000000000000000 w
b111011 x
b111100 y
#37810000
00
0g
#37815000
b1110000000000000000000000000000000000000000000000000000000000000 !
b111100 "
1#
b111101 $
b100 &
b10000000 (
b11100000 )
b11100000 *
b11100000 +
b11100000 ,
b1101 -
b1111 .
b1101 /
10
b111100 4
b1110000000000000000000000000000000000000000000000000000000000000 =
b1100000000000000000000000000000000000000000000000000000000000000 >
b1110000000000000000000000000000000000000000000000000000000000000 @
b111100 A
b111101 B
b1110000000000000000000000000000000000000000000000000000000000000 G
b111100 H
1I
b111101 J
b10000000000000000000000000000000000000000000000000000000000000 K
b10000000000000000000000000000000000000000000000000000000000000 L
b111101 M
b1000000000000000000000000000000 N
b11000000000000000000000000000000 O
b10000000000000000000000000000000 P
b1111111111111111111111111111111 Q
b1000000000000000 R
b1000000000000000 S
b1000000000000000 T
b111111111111111 U
b10000000 V
b10000000 W
b0 X
b11111111 Y
b1000 Z
b1000 [
b0 \
b1111 ]
b10 ^
b10 _
b0 `
b11 a
b1000000 f
1g
b111100 k
b1110000000000000000000000000000000000000000000000000000000000000 t
b1100000000000000000000000000000000000000000000000000000000000000 u
b1110000000000000000000000000000000000000000000000000000000000000 w
b111100 x
b111101 y
#37820000
00
0g
#37825000
b1100000000000000000000000000000000000000000000000000000000000000 !
b111101 "
1#
b111110 $
b101 &
b10000000 (
b11000000 )
b11000000 *
b11000000 +
b11000000 ,
b1110 -
b1111 .
b1110 /
10
b111101 4
b1100000000000000000000000000000000000000000000000000000000000000 =
b1000000000000000000000000000000000000000000000000000000000000000 >
b1100000000000000000000000000000000000000000000000000000000000000 @
b111101 A
b111110 B
b1100000000000000000000000000000000000000000000000000000000000000 G
b111101 H
1I
b111110 J
b100000000000000000000000000000000000000000000000000000000000000 K
b100000000000000000000000000000000000000000000000000000000000000 L
b111110 M
b10000000000000000000000000000000 N
b10000000000000000000000000000000 O
b10000000000000000000000000000000 P
b1111111111111111111111111111111 Q
b1000000000000000 R
b1000000000000000 S
b0 T
b1111111111111111 U
b10000000 V
b10000000 W
b0 X
b11111111 Y
b1000 Z
b1000 [
b0 \
b1111 ]
b10 ^
b10 _
b0 `
b11 a
b1000000 f
1g
b111101 k
b1100000000000000000000000000000000000000000000000000000000000000 t
b1000000000000000000000000000000000000000000000000000000000000000 u
b1100000000000000000000000000000000000000000000000000000000000000 w
b111101 x
b111110 y
#37830000
00
0g
#37835000
b1000000000000000000000000000000000000000000000000000000000000000 !
b111110 "
1#
b111111 $
b110 &
b10000000 (
b10000000 )
b10000000 *
b10000000 +
b10000000 ,
b1111 -
b1111 .
b1111 /
10
b111110 4
b1000000000000000000000000000000000000000000000000000000000000000 =
b0 >
b1000000000000000000000000000000000000000000000000000000000000000 @
b111110 A
b111111 B
b1000000000000000000000000000000000000000000000000000000000000000 G
b111110 H
1I
b111111 J
b1000000000000000000000000000000000000000000000000000000000000000 K
b1000000000000000000000000000000000000000000000000000000000000000 L
b111111 M
b10000000000000000000000000000000 N
b10000000000000000000000000000000 O
b0 P
b11111111111111111111111111111111 Q
b1000000000000000 R
b1000000000000000 S
b0 T
b1111111111111111 U
b10000000 V
b10000000 W
b0 X
b11111111 Y
b1000 Z
b1000 [
b0 \
b1111 ]
b10 ^
b10 _
b0 `
b11 a
b1000000 f
1g
b111110 k
b1000000000000000000000000000000000000000000000000000000000000000 t
b0 u
b1000000000000000000000000000000000000000000000000000000000000000 w
b111110 x
b111111 y
#37840000
00
0g
#37845000
b0 !
b111111 "
0#
b111111 $
b111 &
b0 (
b0 )
b0 *
b0 +
b0 ,
b111 -
b111 .
b111 /
10
b111111 4
b0 =
b0 @
b111111 A
0D
b0 G
b111111 H
0I
b0 J
b1 K
b0 L
b0 M
b1 N
b0 O
b1 P
b11111111111111111111111111111110 Q
b1 R
b0 S
b1 T
b1111111111111110 U
b1 V
b0 W
b1 X
b11111110 Y
b1 Z
b0 [
b1 \
b1110 ]
b1 ^
b0 _
b1 `
b10 a
0c
1d
0e
b1000000 f
1g
b111111 k
b0 t
b0 w
b111111 x
0{
#37850000
00
0g
#37855000
10
05
b0 @
0C
1g
0l
b0 w
0z
#37860000
00
b1000000000000000000000000000000000000000000000000000000000100101 2
0g
b1000000000000000000000000000000000000000000000000000000000100101 i
#37865000
10
b1000000000000000000000000000000000000000000000000000000000100101 8
1g
b1000000000000000000000000000000000000000000000000000000000100101 o
#37870000
00
0g
#37875000
b1000000000000000000000000000000000000000000000000000000000100101 !
1#
b0 $
b10000001 (
b10000000 )
b100101 ,
b111 -
b1000 .
b1000 /
10
b1000000000000000000000000000000000000000000000000000000000100101 9
b1000000000000000000000000000000000000000000000000000000000100101 <
b1000000000000000000000000000000000000000000000000000000000100100 >
b1000000000000000000000000000000000000000000000000000000000100101 ?
b1000000000000000000000000000000000000000000000000000000000100101 @
b0 B
1D
b1000000000000000000000000000000000000000000000000000000000100101 G
1I
b0 J
b1 K
b1 L
b1 N
b10000000000000000000000000000111 O
b11 P
b11111111111111111111111111111100 Q
b1 R
b1000000000000011 S
b11 T
b1111111111111100 U
b1 V
b10000001 W
b1 X
b11111110 Y
b1 Z
b1001 [
b1 \
b1110 ]
b1 ^
b11 _
b1 `
b10 a
1c
b1000000 f
1g
b1000000000000000000000000000000000000000000000000000000000100101 p
b1000000000000000000000000000000000000000000000000000000000100101 s
b1000000000000000000000000000000000000000000000000000000000100100 u
b1000000000000000000000000000000000000000000000000000000000100101 v
b1000000000000000000000000000000000000000000000000000000000100101 w
b0 y
1{
#37880000
00
0g
#37885000
b1000000000000000000000000000000000000000000000000000000000100100 !
b0 "
1#
b10 $
b0 %
b0 &
b1 '
b10000001 (
b100100 )
b11111110 *
b100100 +
b10000000 ,
b1010 -
b1111 .
b1111 /
10
b1000000000000000000000000000000000000000000000000000000000100101 3
b0 4
15
b1000000000000000000000000000000000000000000000000000000000100101 ;
b1000000000000000000000000000000000000000000000000000000000100100 =
b1000000000000000000000000000000000000000000000000000000000100000 >
b0 ?
b1000000000000000000000000000000000000000000000000000000000100100 @
b0 A
b10 B
1C
b1000000000000000000000000000000000000000000000000000000000100100 G
b0 H
1I
b10 J
b10 K
b100 L
b1 M
b1 N
b10000000000000000000000000000110 O
b10 P
b11111111111111111111111111111101 Q
b1 R
b1000000000000011 S
b10 T
b1111111111111101 U
b1 V
b10000001 W
b1 X
b11111110 Y
b1 Z
b1001 [
b1 \
b1110 ]
b1 ^
b11 _
b1 `
b10 a
b1000000 f
1g
b1000000000000000000000000000000000000000000000000000000000100101 j
b0 k
1l
b1000000000000000000000000000000000000000000000000000000000100101 r
b1000000000000000000000000000000000000000000000000000000000100100 t
b1000000000000000000000000000000000000000000000000000000000100000 u
b0 v
b1000000000000000000000000000000000000000000000000000000000100100 w
b0 x
b10 y
1z
#37890000
00
b0 2
0g
b0 i
#37895000
b1000000000000000000000000000000000000000000000000000000000100000 !
b10 "
1#
b101 $
b10 &
b10000001 (
b100000 )
b11111000 *
b100000 +
b1101 -
b1111 .
b1111 /
10
b10 4
b0 8
b1000000000000000000000000000000000000000000000000000000000100000 =
b1000000000000000000000000000000000000000000000000000000000000000 >
b1000000000000000000000000000000000000000000000000000000000100000 @
b10 A
b101 B
b1000000000000000000000000000000000000000000000000000000000100000 G
b10 H
1I
b101 J
b1000 K
b100000 L
b11 M
b10 N
b10000000000000000000000000000100 O
b0 P
b11111111111111111111111111111111 Q
b1 R
b1000000000000010 S
b10 T
b1111111111111101 U
b1 V
b10000001 W
b0 X
b11111111 Y
b1 Z
b1001 [
b1 \
b1110 ]
b1 ^
b11 _
b1 `
b10 a
b1000000 f
1g
b10 k
b0 o
b1000000000000000000000000000000000000000000000000000000000100000 t
b1000000000000000000000000000000000000000000000000000000000000000 u
b1000000000000000000000000000000000000000000000000000000000100000 w
b10 x
b101 y
#37900000
00
0g
#37905000
b1000000000000000000000000000000000000000000000000000000000000000 !
b101 "
1#
b111111 $
b101 &
b10000000 (
b0 )
b11000000 *
b0 +
b111 -
b1111 .
b1111 /
10
b101 4
b0 9
b0 <
b1000000000000000000000000000000000000000000000000000000000000000 =
b0 >
b1000000000000000000000000000000000000000000000000000000000000000 @
b101 A
b111111 B
b1000000000000000000000000000000000000000000000000000000000000000 G
b101 H
1I
b111111 J
b1000000 K
b1000000000000000000000000000000000000000000000000000000000000000 L
b110 M
b1000 N
b10000000000000000000000000000000 O
b1000 P
b11111111111111111111111111110111 Q
b10 R
b1000000000000000 S
b0 T
b1111111111111111 U
b1 V
b10000000 W
b0 X
b11111111 Y
b1 Z
b1000 [
b1 \
b1110 ]
b1 ^
b10 _
b1 `
b10 a
0d
1e
b1000000 f
1g
b101 k
b0 p
b0 s
b1000000000000000000000000000000000000000000000000000000000000000 t
b0 u
b1000000000000000000000000000000000000000000000000000000000000000 w
b101 x
b111111 y
#37910000
00
0g
#37915000
b0 !
b111111 "
0#
b111111 $
b111 %
b111 &
b0 '
b0 (
b0 *
b0 ,
b111 -
b111 .
b111 /
10
b0 3
b111111 4
b0 ;
b0 =
b0 @
b111111 A
0D
b0 G
b111111 H
0I
b0 J
b1 K
b0 L
b0 M
b1 N
b0 O
b1 P
b11111111111111111111111111111110 Q
b1 R
b0 S
b1 T
b1111111111111110 U
b1 V
b0 W
b1 X
b11111110 Y
b1 Z
b0 [
b1 \
b1110 ]
b1 ^
b0 _
b1 `
b10 a
0c
1d
0e
b1000000 f
1g
b0 j
b111111 k
b0 r
b0 t
b0 w
b111111 x
0{
#37920000
00
0g
#37925000
10
05
b0 @
0C
1g
0l
b0 w
0z
#37930000
00
0g
#37935000
10
1g
#37940000
00
0g
#37945000
10
1g
#37950000
00
0g
#37955000
10
1g
#37960000
00
0g
#37965000
10
1g
#37970000
00
0g
#37975000
10
1g
#37980000
00
0g
#37985000
10
1g
#37990000
00
0g
#37995000
10
1g
#38000000
00
0g
#38005000
10
1g
#38010000
00
0g
#38015000
10
1g
#38020000
00
0g
#38025000
10
1g
#38030000
00
0g
#38035000
10
1g
#38040000
00
0g
#38045000
10
1g
#38050000
00
0g
#38055000
10
1g
#38060000
00
0g
#38065000
10
1g
#38070000
00
0g
#38075000
10
1g
#38080000
00
0g
#38085000
10
1g
#38090000
00
0g
#38095000
10
1g
#38100000
00
0g
#38105000
10
1g
#38110000
00
0g
#38115000
10
1g
#38120000
00
0g
#38125000
10
1g
#38130000
00
0g
#38135000
10
1g
#38140000
00
0g
#38145000
10
1g
#38150000
00
0g
#38155000
10
1g
#38160000
00
0g
#38165000
10
1g
#38170000
00
0g
#38175000
10
1g
#38180000
00
0g
#38185000
10
1g
#38190000
00
0g
#38195000
10
1g
#38200000
00
0g
#38205000
10
1g
#38210000
00
0g
#38215000
10
1g
#38220000
00
0g
#38225000
10
1g
#38230000
00
0g
#38235000
10
1g
#38240000
00
0g
#38245000
10
1g
#38250000
00
0g
#38255000
10
1g
#38260000
00
0g
#38265000
10
1g
#38270000
00
0g
#38275000
10
1g
#38280000
00
0g
#38285000
10
1g
#38290000
00
0g
#38295000
10
1g
#38300000
00
0g
#38305000
10
1g
#38310000
00
0g
#38315000
10
1g
#38320000
00
0g
#38325000
10
1g
#38330000
00
0g
#38335000
10
1g
