$date
   Tue Aug 18 16:05:56 2026
$end
$version
  2020.2
$end
$timescale
  1ps
$end
$scope module aer_traditional_tb $end
$var reg 1 6 clk $end
$var reg 1 7 rst_n $end
$var reg 16 8 src_req [15:0] $end
$var reg 16 $ src_ack [15:0] $end
$var reg 4 % aer_addr [3:0] $end
$var reg 1 & aer_req $end
$var reg 1 9 aer_ack $end
$var integer 32 : cycle_count $end
$var integer 32 ; errors $end
$var integer 32 < issued_total $end
$var integer 32 = received_total $end
$var integer 32 > latency_sum $end
$var integer 32 ? latency_max $end
$var integer 32 @ sequence_len $end
$var integer 32 A measurement_active $end
$var integer 32 B measurement_events $end
$var integer 32 C measurement_first_cycle $end
$var integer 32 D measurement_last_cycle $end
$var integer 32 E measurement_previous_cycle $end
$var integer 32 F measurement_min_gap $end
$var integer 32 G measurement_max_gap $end
$var integer 32 H i $end
$var integer 32 I j $end
$var integer 32 J seed $end
$var reg 16 K prev_src_req [15:0] $end
$var reg 4 L held_addr [3:0] $end
$var reg 1 M prev_aer_req $end
$var reg 1 N prev_transfer_level $end
$var integer 32 O sink_delay_cycles $end
$var integer 32 P sink_countdown $end
$var parameter 0 Q NUM_SOURCES $end
$var parameter 0 R ADDR_W $end
$var parameter 0 S MAX_PER_SRC $end
$var parameter 0 T DRAIN_TIMEOUT $end
$scope module dut $end
$var wire 1 ! clk $end
$var wire 1 " rst_n $end
$var wire 16 # src_req [15:0] $end
$var reg 16 $ src_ack [15:0] $end
$var reg 4 % aer_addr [3:0] $end
$var reg 1 & aer_req $end
$var wire 1 ' aer_ack $end
$var reg 2 ( state_q [1:0] $end
$var reg 2 ) state_d [1:0] $end
$var reg 4 * grant_q [3:0] $end
$var reg 4 + priority_idx [3:0] $end
$var reg 1 , priority_valid $end
$var integer 32 - i $end
$var parameter 0 . NUM_SOURCES $end
$var parameter 0 / ADDR_W $end
$var parameter 0 0 IDX_W $end
$upscope $end
$scope begin Block187_7 $end
$var integer 32 1 src $end
$var integer 32 2 latency $end
$var integer 32 3 ack_count $end
$upscope $end
$scope begin test_sequence $end
$var integer 32 4 expected $end
$var integer 32 5 random_events $end
$upscope $end
$upscope $end
$enddefinitions $end
#0
$dumpvars
0!
0"
b0 #
b0 $
b0 %
0&
0'
b0 (
b0 )
b0 *
b0 +
0,
b10000 -
b10000 .
b100 /
b100 0
bx 1
bx 2
bx 3
bx 4
bx 5
06
07
b0 8
09
b0 :
b0 ;
b0 <
b0 =
b0 >
b0 ?
b0 @
b0 A
b0 B
b0 C
b0 D
b0 E
b100111000100000 F
b0 G
b10000 H
bx I
b1011110111011010010000000100110 J
b0 K
b0 L
0M
0N
b0 O
b11111111111111111111111111111111 P
b10000 Q
b100 R
b1000000000 S
b100111000100000 T
$end
#5000
1!
16
#10000
0!
06
09
#15000
1!
16
#20000
0!
06
09
#25000
1!
16
#30000
0!
1"
06
17
#35000
1!
b10000 1
b0 3
16
b1 :
#40000
0!
06
#45000
1!
b10000 1
b1 4
16
b10 :
#50000
0!
b1000 #
b1 )
b11 +
1,
b10000 -
06
b1000 8
#55000
1!
b0 $
b11 %
1&
b1 (
b11 *
b10000 1
16
b11 :
b1 <
b1000 K
#60000
0!
1'
b10 )
06
19
#65000
1!
b1000 $
b11 %
1&
b10 (
b11 1
b1 2
16
b100 :
b1 =
b1 >
b1 ?
b1 @
b11 L
1M
1N
#70000
0!
b0 #
b11 )
b0 +
0,
b10000 -
06
b0 8
#75000
1!
b0 $
b11 %
0&
b11 (
b10000 1
b1 3
16
b101 :
b0 K
#80000
0!
0'
b0 )
b10001 4
06
09
#85000
1!
b0 $
b11 %
0&
b0 (
b10000 1
b0 3
16
b110 :
0M
0N
#90000
0!
b1111111111111111 #
b1 )
1,
b10000 -
06
b1111111111111111 8
#95000
1!
b0 $
b0 %
1&
b1 (
b0 *
b10000 1
16
b111 :
b10001 <
b1111111111111111 K
#100000
0!
1'
b10 )
06
19
#105000
1!
b1 $
b0 %
1&
b10 (
b0 1
16
b1000 :
b10 =
b10 >
b10 @
b0 L
1M
1N
#110000
0!
b1111111111111110 #
b11 )
b1 +
1,
b10000 -
06
b1111111111111110 8
#115000
1!
b0 $
b0 %
0&
b11 (
b10000 1
b1 3
16
b1001 :
b1111111111111110 K
#120000
0!
0'
b0 )
06
09
#125000
1!
b0 $
b0 %
0&
b0 (
b1 )
b10000 1
b0 3
16
b1010 :
0M
0N
#130000
0!
06
#135000
1!
b0 $
b1 %
1&
b1 (
b1 *
b10000 1
16
b1011 :
#140000
0!
1'
b10 )
06
19
#145000
1!
b10 $
b1 %
1&
b10 (
b1 1
b101 2
16
b1100 :
b11 =
b111 >
b101 ?
b11 @
b1 L
1M
1N
#150000
0!
b1111111111111100 #
b11 )
b10 +
1,
b10000 -
06
b1111111111111100 8
#155000
1!
b0 $
b1 %
0&
b11 (
b10000 1
b1 3
16
b1101 :
b1111111111111100 K
#160000
0!
0'
b0 )
06
09
#165000
1!
b0 $
b1 %
0&
b0 (
b1 )
b10000 1
b0 3
16
b1110 :
0M
0N
#170000
0!
06
#175000
1!
b0 $
b10 %
1&
b1 (
b10 *
b10000 1
16
b1111 :
#180000
0!
1'
b10 )
06
19
#185000
1!
b100 $
b10 %
1&
b10 (
b10 1
b1001 2
16
b10000 :
b100 =
b10000 >
b1001 ?
b100 @
b10 L
1M
1N
#190000
0!
b1111111111111000 #
b11 )
b11 +
1,
b10000 -
06
b1111111111111000 8
#195000
1!
b0 $
b10 %
0&
b11 (
b10000 1
b1 3
16
b10001 :
b1111111111111000 K
#200000
0!
0'
b0 )
06
09
#205000
1!
b0 $
b10 %
0&
b0 (
b1 )
b10000 1
b0 3
16
b10010 :
0M
0N
#210000
0!
06
#215000
1!
b0 $
b11 %
1&
b1 (
b11 *
b10000 1
16
b10011 :
#220000
0!
1'
b10 )
06
19
#225000
1!
b1000 $
b11 %
1&
b10 (
b11 1
b1101 2
16
b10100 :
b101 =
b11101 >
b1101 ?
b101 @
b11 L
1M
1N
#230000
0!
b1111111111110000 #
b11 )
b100 +
1,
b10000 -
06
b1111111111110000 8
#235000
1!
b0 $
b11 %
0&
b11 (
b10000 1
b1 3
16
b10101 :
b1111111111110000 K
#240000
0!
0'
b0 )
06
09
#245000
1!
b0 $
b11 %
0&
b0 (
b1 )
b10000 1
b0 3
16
b10110 :
0M
0N
#250000
0!
06
#255000
1!
b0 $
b100 %
1&
b1 (
b100 *
b10000 1
16
b10111 :
#260000
0!
1'
b10 )
06
19
#265000
1!
b10000 $
b100 %
1&
b10 (
b100 1
b10001 2
16
b11000 :
b110 =
b101110 >
b10001 ?
b110 @
b100 L
1M
1N
#270000
0!
b1111111111100000 #
b11 )
b101 +
1,
b10000 -
06
b1111111111100000 8
#275000
1!
b0 $
b100 %
0&
b11 (
b10000 1
b1 3
16
b11001 :
b1111111111100000 K
#280000
0!
0'
b0 )
06
09
#285000
1!
b0 $
b100 %
0&
b0 (
b1 )
b10000 1
b0 3
16
b11010 :
0M
0N
#290000
0!
06
#295000
1!
b0 $
b101 %
1&
b1 (
b101 *
b10000 1
16
b11011 :
#300000
0!
1'
b10 )
06
19
#305000
1!
b100000 $
b101 %
1&
b10 (
b101 1
b10101 2
16
b11100 :
b111 =
b1000011 >
b10101 ?
b111 @
b101 L
1M
1N
#310000
0!
b1111111111000000 #
b11 )
b110 +
1,
b10000 -
06
b1111111111000000 8
#315000
1!
b0 $
b101 %
0&
b11 (
b10000 1
b1 3
16
b11101 :
b1111111111000000 K
#320000
0!
0'
b0 )
06
09
#325000
1!
b0 $
b101 %
0&
b0 (
b1 )
b10000 1
b0 3
16
b11110 :
0M
0N
#330000
0!
06
#335000
1!
b0 $
b110 %
1&
b1 (
b110 *
b10000 1
16
b11111 :
#340000
0!
1'
b10 )
06
19
#345000
1!
b1000000 $
b110 %
1&
b10 (
b110 1
b11001 2
16
b100000 :
b1000 =
b1011100 >
b11001 ?
b1000 @
b110 L
1M
1N
#350000
0!
b1111111110000000 #
b11 )
b111 +
1,
b10000 -
06
b1111111110000000 8
#355000
1!
b0 $
b110 %
0&
b11 (
b10000 1
b1 3
16
b100001 :
b1111111110000000 K
#360000
0!
0'
b0 )
06
09
#365000
1!
b0 $
b110 %
0&
b0 (
b1 )
b10000 1
b0 3
16
b100010 :
0M
0N
#370000
0!
06
#375000
1!
b0 $
b111 %
1&
b1 (
b111 *
b10000 1
16
b100011 :
#380000
0!
1'
b10 )
06
19
#385000
1!
b10000000 $
b111 %
1&
b10 (
b111 1
b11101 2
16
b100100 :
b1001 =
b1111001 >
b11101 ?
b1001 @
b111 L
1M
1N
#390000
0!
b1111111100000000 #
b11 )
b1000 +
1,
b10000 -
06
b1111111100000000 8
#395000
1!
b0 $
b111 %
0&
b11 (
b10000 1
b1 3
16
b100101 :
b1111111100000000 K
#400000
0!
0'
b0 )
06
09
#405000
1!
b0 $
b111 %
0&
b0 (
b1 )
b10000 1
b0 3
16
b100110 :
0M
0N
#410000
0!
06
#415000
1!
b0 $
b1000 %
1&
b1 (
b1000 *
b10000 1
16
b100111 :
#420000
0!
1'
b10 )
06
19
#425000
1!
b100000000 $
b1000 %
1&
b10 (
b1000 1
b100001 2
16
b101000 :
b1010 =
b10011010 >
b100001 ?
b1010 @
b1000 L
1M
1N
#430000
0!
b1111111000000000 #
b11 )
b1001 +
1,
b10000 -
06
b1111111000000000 8
#435000
1!
b0 $
b1000 %
0&
b11 (
b10000 1
b1 3
16
b101001 :
b1111111000000000 K
#440000
0!
0'
b0 )
06
09
#445000
1!
b0 $
b1000 %
0&
b0 (
b1 )
b10000 1
b0 3
16
b101010 :
0M
0N
#450000
0!
06
#455000
1!
b0 $
b1001 %
1&
b1 (
b1001 *
b10000 1
16
b101011 :
#460000
0!
1'
b10 )
06
19
#465000
1!
b1000000000 $
b1001 %
1&
b10 (
b1001 1
b100101 2
16
b101100 :
b1011 =
b10111111 >
b100101 ?
b1011 @
b1001 L
1M
1N
#470000
0!
b1111110000000000 #
b11 )
b1010 +
1,
b10000 -
06
b1111110000000000 8
#475000
1!
b0 $
b1001 %
0&
b11 (
b10000 1
b1 3
16
b101101 :
b1111110000000000 K
#480000
0!
0'
b0 )
06
09
#485000
1!
b0 $
b1001 %
0&
b0 (
b1 )
b10000 1
b0 3
16
b101110 :
0M
0N
#490000
0!
06
#495000
1!
b0 $
b1010 %
1&
b1 (
b1010 *
b10000 1
16
b101111 :
#500000
0!
1'
b10 )
06
19
#505000
1!
b10000000000 $
b1010 %
1&
b10 (
b1010 1
b101001 2
16
b110000 :
b1100 =
b11101000 >
b101001 ?
b1100 @
b1010 L
1M
1N
#510000
0!
b1111100000000000 #
b11 )
b1011 +
1,
b10000 -
06
b1111100000000000 8
#515000
1!
b0 $
b1010 %
0&
b11 (
b10000 1
b1 3
16
b110001 :
b1111100000000000 K
#520000
0!
0'
b0 )
06
09
#525000
1!
b0 $
b1010 %
0&
b0 (
b1 )
b10000 1
b0 3
16
b110010 :
0M
0N
#530000
0!
06
#535000
1!
b0 $
b1011 %
1&
b1 (
b1011 *
b10000 1
16
b110011 :
#540000
0!
1'
b10 )
06
19
#545000
1!
b100000000000 $
b1011 %
1&
b10 (
b1011 1
b101101 2
16
b110100 :
b1101 =
b100010101 >
b101101 ?
b1101 @
b1011 L
1M
1N
#550000
0!
b1111000000000000 #
b11 )
b1100 +
1,
b10000 -
06
b1111000000000000 8
#555000
1!
b0 $
b1011 %
0&
b11 (
b10000 1
b1 3
16
b110101 :
b1111000000000000 K
#560000
0!
0'
b0 )
06
09
#565000
1!
b0 $
b1011 %
0&
b0 (
b1 )
b10000 1
b0 3
16
b110110 :
0M
0N
#570000
0!
06
#575000
1!
b0 $
b1100 %
1&
b1 (
b1100 *
b10000 1
16
b110111 :
#580000
0!
1'
b10 )
06
19
#585000
1!
b1000000000000 $
b1100 %
1&
b10 (
b1100 1
b110001 2
16
b111000 :
b1110 =
b101000110 >
b110001 ?
b1110 @
b1100 L
1M
1N
#590000
0!
b1110000000000000 #
b11 )
b1101 +
1,
b10000 -
06
b1110000000000000 8
#595000
1!
b0 $
b1100 %
0&
b11 (
b10000 1
b1 3
16
b111001 :
b1110000000000000 K
#600000
0!
0'
b0 )
06
09
#605000
1!
b0 $
b1100 %
0&
b0 (
b1 )
b10000 1
b0 3
16
b111010 :
0M
0N
#610000
0!
06
#615000
1!
b0 $
b1101 %
1&
b1 (
b1101 *
b10000 1
16
b111011 :
#620000
0!
1'
b10 )
06
19
#625000
1!
b10000000000000 $
b1101 %
1&
b10 (
b1101 1
b110101 2
16
b111100 :
b1111 =
b101111011 >
b110101 ?
b1111 @
b1101 L
1M
1N
#630000
0!
b1100000000000000 #
b11 )
b1110 +
1,
b10000 -
06
b1100000000000000 8
#635000
1!
b0 $
b1101 %
0&
b11 (
b10000 1
b1 3
16
b111101 :
b1100000000000000 K
#640000
0!
0'
b0 )
06
09
#645000
1!
b0 $
b1101 %
0&
b0 (
b1 )
b10000 1
b0 3
16
b111110 :
0M
0N
#650000
0!
06
#655000
1!
b0 $
b1110 %
1&
b1 (
b1110 *
b10000 1
16
b111111 :
#660000
0!
1'
b10 )
06
19
#665000
1!
b100000000000000 $
b1110 %
1&
b10 (
b1110 1
b111001 2
16
b1000000 :
b10000 =
b110110100 >
b111001 ?
b10000 @
b1110 L
1M
1N
#670000
0!
b1000000000000000 #
b11 )
b1111 +
1,
b10000 -
06
b1000000000000000 8
#675000
1!
b0 $
b1110 %
0&
b11 (
b10000 1
b1 3
16
b1000001 :
b1000000000000000 K
#680000
0!
0'
b0 )
06
09
#685000
1!
b0 $
b1110 %
0&
b0 (
b1 )
b10000 1
b0 3
16
b1000010 :
0M
0N
#690000
0!
06
#695000
1!
b0 $
b1111 %
1&
b1 (
b1111 *
b10000 1
16
b1000011 :
#700000
0!
1'
b10 )
06
19
#705000
1!
b1000000000000000 $
b1111 %
1&
b10 (
b1111 1
b111101 2
16
b1000100 :
b10001 =
b111110001 >
b111101 ?
b10001 @
b1111 L
1M
1N
#710000
0!
b0 #
b11 )
b0 +
0,
b10000 -
06
b0 8
#715000
1!
b0 $
b1111 %
0&
b11 (
b10000 1
b1 3
16
b1000101 :
b0 K
#720000
0!
0'
b0 )
b11101 4
06
09
b0 I
#725000
1!
b0 $
b1111 %
0&
b0 (
b10000 1
b0 3
16
b1000110 :
0M
0N
#730000
0!
b100000 #
b1 )
b101 +
1,
b10000 -
06
b100000 8
#735000
1!
b0 $
b101 %
1&
b1 (
b101 *
b10000 1
16
b1000111 :
b10010 <
b100000 K
#740000
0!
1'
b10 )
06
19
#745000
1!
b100000 $
b101 %
1&
b10 (
b101 1
b1 2
16
b1001000 :
b10010 =
b111110010 >
b10010 @
b101 L
1M
1N
#750000
0!
b0 #
b11 )
b0 +
0,
b10000 -
06
b0 8
#755000
1!
b0 $
b101 %
0&
b11 (
b10000 1
b1 3
16
b1001001 :
b0 K
#760000
0!
0'
b0 )
06
09
b1 I
#765000
1!
b0 $
b101 %
0&
b0 (
b10000 1
b0 3
16
b1001010 :
0M
0N
#770000
0!
b100000 #
b1 )
b101 +
1,
b10000 -
06
b100000 8
#775000
1!
b0 $
b101 %
1&
b1 (
b10000 1
16
b1001011 :
b10011 <
b100000 K
#780000
0!
1'
b10 )
06
19
#785000
1!
b100000 $
b101 %
1&
b10 (
b101 1
16
b1001100 :
b10011 =
b111110011 >
b10011 @
1M
1N
#790000
0!
b0 #
b11 )
b0 +
0,
b10000 -
06
b0 8
#795000
1!
b0 $
b101 %
0&
b11 (
b10000 1
b1 3
16
b1001101 :
b0 K
#800000
0!
0'
b0 )
06
09
b10 I
#805000
1!
b0 $
b101 %
0&
b0 (
b10000 1
b0 3
16
b1001110 :
0M
0N
#810000
0!
b100000 #
b1 )
b101 +
1,
b10000 -
06
b100000 8
#815000
1!
b0 $
b101 %
1&
b1 (
b10000 1
16
b1001111 :
b10100 <
b100000 K
#820000
0!
1'
b10 )
06
19
#825000
1!
b100000 $
b101 %
1&
b10 (
b101 1
16
b1010000 :
b10100 =
b111110100 >
b10100 @
1M
1N
#830000
0!
b0 #
b11 )
b0 +
0,
b10000 -
06
b0 8
#835000
1!
b0 $
b101 %
0&
b11 (
b10000 1
b1 3
16
b1010001 :
b0 K
#840000
0!
0'
b0 )
06
09
b11 I
#845000
1!
b0 $
b101 %
0&
b0 (
b10000 1
b0 3
16
b1010010 :
0M
0N
#850000
0!
b100000 #
b1 )
b101 +
1,
b10000 -
06
b100000 8
#855000
1!
b0 $
b101 %
1&
b1 (
b10000 1
16
b1010011 :
b10101 <
b100000 K
#860000
0!
1'
b10 )
06
19
#865000
1!
b100000 $
b101 %
1&
b10 (
b101 1
16
b1010100 :
b10101 =
b111110101 >
b10101 @
1M
1N
#870000
0!
b0 #
b11 )
b0 +
0,
b10000 -
06
b0 8
#875000
1!
b0 $
b101 %
0&
b11 (
b10000 1
b1 3
16
b1010101 :
b0 K
#880000
0!
0'
b0 )
06
09
b100 I
#885000
1!
b0 $
b101 %
0&
b0 (
b10000 1
b0 3
16
b1010110 :
0M
0N
#890000
0!
b100000 #
b1 )
b101 +
1,
b10000 -
06
b100000 8
#895000
1!
b0 $
b101 %
1&
b1 (
b10000 1
16
b1010111 :
b10110 <
b100000 K
#900000
0!
1'
b10 )
06
19
#905000
1!
b100000 $
b101 %
1&
b10 (
b101 1
16
b1011000 :
b10110 =
b111110110 >
b10110 @
1M
1N
#910000
0!
b0 #
b11 )
b0 +
0,
b10000 -
06
b0 8
#915000
1!
b0 $
b101 %
0&
b11 (
b10000 1
b1 3
16
b1011001 :
b0 K
#920000
0!
0'
b0 )
06
09
b101 I
#925000
1!
b0 $
b101 %
0&
b0 (
b10000 1
b0 3
16
b1011010 :
0M
0N
#930000
0!
b100000 #
b1 )
b101 +
1,
b10000 -
06
b100000 8
#935000
1!
b0 $
b101 %
1&
b1 (
b10000 1
16
b1011011 :
b10111 <
b100000 K
#940000
0!
1'
b10 )
06
19
#945000
1!
b100000 $
b101 %
1&
b10 (
b101 1
16
b1011100 :
b10111 =
b111110111 >
b10111 @
1M
1N
#950000
0!
b0 #
b11 )
b0 +
0,
b10000 -
06
b0 8
#955000
1!
b0 $
b101 %
0&
b11 (
b10000 1
b1 3
16
b1011101 :
b0 K
#960000
0!
0'
b0 )
06
09
b110 I
#965000
1!
b0 $
b101 %
0&
b0 (
b10000 1
b0 3
16
b1011110 :
0M
0N
#970000
0!
b100000 #
b1 )
b101 +
1,
b10000 -
06
b100000 8
#975000
1!
b0 $
b101 %
1&
b1 (
b10000 1
16
b1011111 :
b11000 <
b100000 K
#980000
0!
1'
b10 )
06
19
#985000
1!
b100000 $
b101 %
1&
b10 (
b101 1
16
b1100000 :
b11000 =
b111111000 >
b11000 @
1M
1N
#990000
0!
b0 #
b11 )
b0 +
0,
b10000 -
06
b0 8
#995000
1!
b0 $
b101 %
0&
b11 (
b10000 1
b1 3
16
b1100001 :
b0 K
#1000000
0!
0'
b0 )
06
09
b111 I
#1005000
1!
b0 $
b101 %
0&
b0 (
b10000 1
b0 3
16
b1100010 :
0M
0N
#1010000
0!
b100000 #
b1 )
b101 +
1,
b10000 -
06
b100000 8
#1015000
1!
b0 $
b101 %
1&
b1 (
b10000 1
16
b1100011 :
b11001 <
b100000 K
#1020000
0!
1'
b10 )
06
19
#1025000
1!
b100000 $
b101 %
1&
b10 (
b101 1
16
b1100100 :
b11001 =
b111111001 >
b11001 @
1M
1N
#1030000
0!
b0 #
b11 )
b0 +
0,
b10000 -
06
b0 8
#1035000
1!
b0 $
b101 %
0&
b11 (
b10000 1
b1 3
16
b1100101 :
b0 K
#1040000
0!
0'
b0 )
06
09
b1000 I
#1045000
1!
b0 $
b101 %
0&
b0 (
b10000 1
b0 3
16
b1100110 :
0M
0N
#1050000
0!
b100000 #
b1 )
b101 +
1,
b10000 -
06
b100000 8
#1055000
1!
b0 $
b101 %
1&
b1 (
b10000 1
16
b1100111 :
b11010 <
b100000 K
#1060000
0!
1'
b10 )
06
19
#1065000
1!
b100000 $
b101 %
1&
b10 (
b101 1
16
b1101000 :
b11010 =
b111111010 >
b11010 @
1M
1N
#1070000
0!
b0 #
b11 )
b0 +
0,
b10000 -
06
b0 8
#1075000
1!
b0 $
b101 %
0&
b11 (
b10000 1
b1 3
16
b1101001 :
b0 K
#1080000
0!
0'
b0 )
06
09
b1001 I
#1085000
1!
b0 $
b101 %
0&
b0 (
b10000 1
b0 3
16
b1101010 :
0M
0N
#1090000
0!
b100000 #
b1 )
b101 +
1,
b10000 -
06
b100000 8
#1095000
1!
b0 $
b101 %
1&
b1 (
b10000 1
16
b1101011 :
b11011 <
b100000 K
#1100000
0!
1'
b10 )
06
19
#1105000
1!
b100000 $
b101 %
1&
b10 (
b101 1
16
b1101100 :
b11011 =
b111111011 >
b11011 @
1M
1N
#1110000
0!
b0 #
b11 )
b0 +
0,
b10000 -
06
b0 8
#1115000
1!
b0 $
b101 %
0&
b11 (
b10000 1
b1 3
16
b1101101 :
b0 K
#1120000
0!
0'
b0 )
06
09
b1010 I
#1125000
1!
b0 $
b101 %
0&
b0 (
b10000 1
b0 3
16
b1101110 :
0M
0N
#1130000
0!
b100000 #
b1 )
b101 +
1,
b10000 -
06
b100000 8
#1135000
1!
b0 $
b101 %
1&
b1 (
b10000 1
16
b1101111 :
b11100 <
b100000 K
#1140000
0!
1'
b10 )
06
19
#1145000
1!
b100000 $
b101 %
1&
b10 (
b101 1
16
b1110000 :
b11100 =
b111111100 >
b11100 @
1M
1N
#1150000
0!
b0 #
b11 )
b0 +
0,
b10000 -
06
b0 8
#1155000
1!
b0 $
b101 %
0&
b11 (
b10000 1
b1 3
16
b1110001 :
b0 K
#1160000
0!
0'
b0 )
06
09
b1011 I
#1165000
1!
b0 $
b101 %
0&
b0 (
b10000 1
b0 3
16
b1110010 :
0M
0N
#1170000
0!
b100000 #
b1 )
b101 +
1,
b10000 -
06
b100000 8
#1175000
1!
b0 $
b101 %
1&
b1 (
b10000 1
16
b1110011 :
b11101 <
b100000 K
#1180000
0!
1'
b10 )
06
19
#1185000
1!
b100000 $
b101 %
1&
b10 (
b101 1
16
b1110100 :
b11101 =
b111111101 >
b11101 @
1M
1N
#1190000
0!
b0 #
b11 )
b0 +
0,
b10000 -
06
b0 8
#1195000
1!
b0 $
b101 %
0&
b11 (
b10000 1
b1 3
16
b1110101 :
b0 K
#1200000
0!
0'
b0 )
b100001 4
06
09
b1100 I
b111 O
#1205000
1!
b0 $
b101 %
0&
b0 (
b10000 1
b0 3
16
b1110110 :
0M
0N
#1210000
0!
b100010001000100 #
b1 )
b10 +
1,
b10000 -
06
b100010001000100 8
#1215000
1!
b0 $
b10 %
1&
b1 (
b10 *
b10000 1
16
b1110111 :
b100001 <
b100010001000100 K
#1220000
0!
06
b111 P
#1225000
1!
b10000 1
16
b1111000 :
b10 L
1M
#1230000
0!
06
b110 P
#1235000
1!
b10000 1
16
b1111001 :
#1240000
0!
06
b101 P
#1245000
1!
b10000 1
16
b1111010 :
#1250000
0!
06
b100 P
#1255000
1!
b10000 1
16
b1111011 :
#1260000
0!
06
b11 P
#1265000
1!
b10000 1
16
b1111100 :
#1270000
0!
06
b10 P
#1275000
1!
b10000 1
16
b1111101 :
#1280000
0!
06
b1 P
#1285000
1!
b10000 1
16
b1111110 :
#1290000
0!
06
b0 P
#1295000
1!
b10000 1
16
b1111111 :
#1300000
0!
1'
b10 )
06
19
b11111111111111111111111111111111 P
#1305000
1!
b100 $
b10 %
1&
b10 (
b10 1
b1001 2
16
b10000000 :
b11110 =
b1000000110 >
b11110 @
1N
#1310000
0!
b100010001000000 #
b11 )
b110 +
1,
b10000 -
06
b100010001000000 8
#1315000
1!
b0 $
b10 %
0&
b11 (
b10000 1
b1 3
16
b10000001 :
b100010001000000 K
#1320000
0!
0'
b0 )
06
09
#1325000
1!
b0 $
b10 %
0&
b0 (
b1 )
b10000 1
b0 3
16
b10000010 :
0M
0N
#1330000
0!
06
#1335000
1!
b0 $
b110 %
1&
b1 (
b110 *
b10000 1
16
b10000011 :
#1340000
0!
06
b111 P
#1345000
1!
b10000 1
16
b10000100 :
b110 L
1M
#1350000
0!
06
b110 P
#1355000
1!
b10000 1
16
b10000101 :
#1360000
0!
06
b101 P
#1365000
1!
b10000 1
16
b10000110 :
#1370000
0!
06
b100 P
#1375000
1!
b10000 1
16
b10000111 :
#1380000
0!
06
b11 P
#1385000
1!
b10000 1
16
b10001000 :
#1390000
0!
06
b10 P
#1395000
1!
b10000 1
16
b10001001 :
#1400000
0!
06
b1 P
#1405000
1!
b10000 1
16
b10001010 :
#1410000
0!
06
b0 P
#1415000
1!
b10000 1
16
b10001011 :
#1420000
0!
1'
b10 )
06
19
b11111111111111111111111111111111 P
#1425000
1!
b1000000 $
b110 %
1&
b10 (
b110 1
b10101 2
16
b10001100 :
b11111 =
b1000011011 >
b11111 @
1N
#1430000
0!
b100010000000000 #
b11 )
b1010 +
1,
b10000 -
06
b100010000000000 8
#1435000
1!
b0 $
b110 %
0&
b11 (
b10000 1
b1 3
16
b10001101 :
b100010000000000 K
#1440000
0!
0'
b0 )
06
09
#1445000
1!
b0 $
b110 %
0&
b0 (
b1 )
b10000 1
b0 3
16
b10001110 :
0M
0N
#1450000
0!
06
#1455000
1!
b0 $
b1010 %
1&
b1 (
b1010 *
b10000 1
16
b10001111 :
#1460000
0!
06
b111 P
#1465000
1!
b10000 1
16
b10010000 :
b1010 L
1M
#1470000
0!
06
b110 P
#1475000
1!
b10000 1
16
b10010001 :
#1480000
0!
06
b101 P
#1485000
1!
b10000 1
16
b10010010 :
#1490000
0!
06
b100 P
#1495000
1!
b10000 1
16
b10010011 :
#1500000
0!
06
b11 P
#1505000
1!
b10000 1
16
b10010100 :
#1510000
0!
06
b10 P
#1515000
1!
b10000 1
16
b10010101 :
#1520000
0!
06
b1 P
#1525000
1!
b10000 1
16
b10010110 :
#1530000
0!
06
b0 P
#1535000
1!
b10000 1
16
b10010111 :
#1540000
0!
1'
b10 )
06
19
b11111111111111111111111111111111 P
#1545000
1!
b10000000000 $
b1010 %
1&
b10 (
b1010 1
b100001 2
16
b10011000 :
b100000 =
b1000111100 >
b100000 @
1N
#1550000
0!
b100000000000000 #
b11 )
b1110 +
1,
b10000 -
06
b100000000000000 8
#1555000
1!
b0 $
b1010 %
0&
b11 (
b10000 1
b1 3
16
b10011001 :
b100000000000000 K
#1560000
0!
0'
b0 )
06
09
#1565000
1!
b0 $
b1010 %
0&
b0 (
b1 )
b10000 1
b0 3
16
b10011010 :
0M
0N
#1570000
0!
06
#1575000
1!
b0 $
b1110 %
1&
b1 (
b1110 *
b10000 1
16
b10011011 :
#1580000
0!
06
b111 P
#1585000
1!
b10000 1
16
b10011100 :
b1110 L
1M
#1590000
0!
06
b110 P
#1595000
1!
b10000 1
16
b10011101 :
#1600000
0!
06
b101 P
#1605000
1!
b10000 1
16
b10011110 :
#1610000
0!
06
b100 P
#1615000
1!
b10000 1
16
b10011111 :
#1620000
0!
06
b11 P
#1625000
1!
b10000 1
16
b10100000 :
#1630000
0!
06
b10 P
#1635000
1!
b10000 1
16
b10100001 :
#1640000
0!
06
b1 P
#1645000
1!
b10000 1
16
b10100010 :
#1650000
0!
06
b0 P
#1655000
1!
b10000 1
16
b10100011 :
#1660000
0!
1'
b10 )
06
19
b11111111111111111111111111111111 P
#1665000
1!
b100000000000000 $
b1110 %
1&
b10 (
b1110 1
b101101 2
16
b10100100 :
b100001 =
b1001101001 >
b100001 @
1N
#1670000
0!
b0 #
b11 )
b0 +
0,
b10000 -
06
b0 8
#1675000
1!
b0 $
b1110 %
0&
b11 (
b10000 1
b1 3
16
b10100101 :
b0 K
#1680000
0!
0'
b0 )
b10100001 4
06
09
b1 A
b0 O
#1685000
1!
b0 $
b1110 %
0&
b0 (
b10000 1
b0 3
16
b10100110 :
0M
0N
#1690000
0!
b1111111111111111 #
b1 )
1,
b10000 -
06
b1111111111111111 8
#1695000
1!
b0 $
b0 %
1&
b1 (
b0 *
b10000 1
16
b10100111 :
b110001 <
b1111111111111111 K
#1700000
0!
1'
b10 )
06
19
#1705000
1!
b1 $
b0 %
1&
b10 (
b0 1
b1 2
16
b10101000 :
b100010 =
b1001101010 >
b100010 @
b1 B
b10101000 C
b10101000 D
b10101000 E
b0 L
1M
1N
#1710000
0!
b1111111111111110 #
b11 )
b1 +
1,
b10000 -
06
b1111111111111110 8
#1715000
1!
b0 $
b0 %
0&
b11 (
b10000 1
b1 3
16
b10101001 :
b1111111111111110 K
#1720000
0!
0'
b0 )
06
09
#1725000
1!
b0 $
b0 %
0&
b0 (
b1 )
b10000 1
b0 3
16
b10101010 :
0M
0N
#1730000
0!
b1111111111111111 #
b1 )
b0 +
1,
b10000 -
06
b1111111111111111 8
#1735000
1!
b0 $
b0 %
1&
b1 (
b10000 1
16
b10101011 :
b110010 <
b1111111111111111 K
#1740000
0!
1'
b10 )
06
19
#1745000
1!
b1 $
b0 %
1&
b10 (
b0 1
16
b10101100 :
b100011 =
b1001101011 >
b100011 @
b10 B
b10101100 D
b10101100 E
b100 F
b100 G
1M
1N
#1750000
0!
b1111111111111110 #
b11 )
b1 +
1,
b10000 -
06
b1111111111111110 8
#1755000
1!
b0 $
b0 %
0&
b11 (
b10000 1
b1 3
16
b10101101 :
b1111111111111110 K
#1760000
0!
0'
b0 )
06
09
#1765000
1!
b0 $
b0 %
0&
b0 (
b1 )
b10000 1
b0 3
16
b10101110 :
0M
0N
#1770000
0!
b1111111111111111 #
b1 )
b0 +
1,
b10000 -
06
b1111111111111111 8
#1775000
1!
b0 $
b0 %
1&
b1 (
b10000 1
16
b10101111 :
b110011 <
b1111111111111111 K
#1780000
0!
1'
b10 )
06
19
#1785000
1!
b1 $
b0 %
1&
b10 (
b0 1
16
b10110000 :
b100100 =
b1001101100 >
b100100 @
b11 B
b10110000 D
b10110000 E
1M
1N
#1790000
0!
b1111111111111110 #
b11 )
b1 +
1,
b10000 -
06
b1111111111111110 8
#1795000
1!
b0 $
b0 %
0&
b11 (
b10000 1
b1 3
16
b10110001 :
b1111111111111110 K
#1800000
0!
0'
b0 )
06
09
#1805000
1!
b0 $
b0 %
0&
b0 (
b1 )
b10000 1
b0 3
16
b10110010 :
0M
0N
#1810000
0!
b1111111111111111 #
b1 )
b0 +
1,
b10000 -
06
b1111111111111111 8
#1815000
1!
b0 $
b0 %
1&
b1 (
b10000 1
16
b10110011 :
b110100 <
b1111111111111111 K
#1820000
0!
1'
b10 )
06
19
#1825000
1!
b1 $
b0 %
1&
b10 (
b0 1
16
b10110100 :
b100101 =
b1001101101 >
b100101 @
b100 B
b10110100 D
b10110100 E
1M
1N
#1830000
0!
b1111111111111110 #
b11 )
b1 +
1,
b10000 -
06
b1111111111111110 8
#1835000
1!
b0 $
b0 %
0&
b11 (
b10000 1
b1 3
16
b10110101 :
b1111111111111110 K
#1840000
0!
0'
b0 )
06
09
#1845000
1!
b0 $
b0 %
0&
b0 (
b1 )
b10000 1
b0 3
16
b10110110 :
0M
0N
#1850000
0!
b1111111111111111 #
b1 )
b0 +
1,
b10000 -
06
b1111111111111111 8
#1855000
1!
b0 $
b0 %
1&
b1 (
b10000 1
16
b10110111 :
b110101 <
b1111111111111111 K
#1860000
0!
1'
b10 )
06
19
#1865000
1!
b1 $
b0 %
1&
b10 (
b0 1
16
b10111000 :
b100110 =
b1001101110 >
b100110 @
b101 B
b10111000 D
b10111000 E
1M
1N
#1870000
0!
b1111111111111110 #
b11 )
b1 +
1,
b10000 -
06
b1111111111111110 8
#1875000
1!
b0 $
b0 %
0&
b11 (
b10000 1
b1 3
16
b10111001 :
b1111111111111110 K
#1880000
0!
0'
b0 )
06
09
#1885000
1!
b0 $
b0 %
0&
b0 (
b1 )
b10000 1
b0 3
16
b10111010 :
0M
0N
#1890000
0!
b1111111111111111 #
b1 )
b0 +
1,
b10000 -
06
b1111111111111111 8
#1895000
1!
b0 $
b0 %
1&
b1 (
b10000 1
16
b10111011 :
b110110 <
b1111111111111111 K
#1900000
0!
1'
b10 )
06
19
#1905000
1!
b1 $
b0 %
1&
b10 (
b0 1
16
b10111100 :
b100111 =
b1001101111 >
b100111 @
b110 B
b10111100 D
b10111100 E
1M
1N
#1910000
0!
b1111111111111110 #
b11 )
b1 +
1,
b10000 -
06
b1111111111111110 8
#1915000
1!
b0 $
b0 %
0&
b11 (
b10000 1
b1 3
16
b10111101 :
b1111111111111110 K
#1920000
0!
0'
b0 )
06
09
#1925000
1!
b0 $
b0 %
0&
b0 (
b1 )
b10000 1
b0 3
16
b10111110 :
0M
0N
#1930000
0!
b1111111111111111 #
b1 )
b0 +
1,
b10000 -
06
b1111111111111111 8
#1935000
1!
b0 $
b0 %
1&
b1 (
b10000 1
16
b10111111 :
b110111 <
b1111111111111111 K
#1940000
0!
1'
b10 )
06
19
#1945000
1!
b1 $
b0 %
1&
b10 (
b0 1
16
b11000000 :
b101000 =
b1001110000 >
b101000 @
b111 B
b11000000 D
b11000000 E
1M
1N
#1950000
0!
b1111111111111110 #
b11 )
b1 +
1,
b10000 -
06
b1111111111111110 8
#1955000
1!
b0 $
b0 %
0&
b11 (
b10000 1
b1 3
16
b11000001 :
b1111111111111110 K
#1960000
0!
0'
b0 )
06
09
#1965000
1!
b0 $
b0 %
0&
b0 (
b1 )
b10000 1
b0 3
16
b11000010 :
0M
0N
#1970000
0!
b1111111111111111 #
b1 )
b0 +
1,
b10000 -
06
b1111111111111111 8
#1975000
1!
b0 $
b0 %
1&
b1 (
b10000 1
16
b11000011 :
b111000 <
b1111111111111111 K
#1980000
0!
1'
b10 )
06
19
#1985000
1!
b1 $
b0 %
1&
b10 (
b0 1
16
b11000100 :
b101001 =
b1001110001 >
b101001 @
b1000 B
b11000100 D
b11000100 E
1M
1N
#1990000
0!
b1111111111111110 #
b11 )
b1 +
1,
b10000 -
06
b1111111111111110 8
#1995000
1!
b0 $
b0 %
0&
b11 (
b10000 1
b1 3
16
b11000101 :
b1111111111111110 K
#2000000
0!
0'
b0 )
06
09
#2005000
1!
b0 $
b0 %
0&
b0 (
b1 )
b10000 1
b0 3
16
b11000110 :
0M
0N
#2010000
0!
06
#2015000
1!
b0 $
b1 %
1&
b1 (
b1 *
b10000 1
16
b11000111 :
#2020000
0!
1'
b10 )
06
19
#2025000
1!
b10 $
b1 %
1&
b10 (
b1 1
b100001 2
16
b11001000 :
b101010 =
b1010010010 >
b101010 @
b1001 B
b11001000 D
b11001000 E
b1 L
1M
1N
#2030000
0!
b1111111111111100 #
b11 )
b10 +
1,
b10000 -
06
b1111111111111100 8
#2035000
1!
b0 $
b1 %
0&
b11 (
b10000 1
b1 3
16
b11001001 :
b1111111111111100 K
#2040000
0!
0'
b0 )
06
09
#2045000
1!
b0 $
b1 %
0&
b0 (
b1 )
b10000 1
b0 3
16
b11001010 :
0M
0N
#2050000
0!
b1111111111111110 #
b1 )
b1 +
1,
b10000 -
06
b1111111111111110 8
#2055000
1!
b0 $
b1 %
1&
b1 (
b10000 1
16
b11001011 :
b111001 <
b1111111111111110 K
#2060000
0!
1'
b10 )
06
19
#2065000
1!
b10 $
b1 %
1&
b10 (
b1 1
b1 2
16
b11001100 :
b101011 =
b1010010011 >
b101011 @
b1010 B
b11001100 D
b11001100 E
1M
1N
#2070000
0!
b1111111111111100 #
b11 )
b10 +
1,
b10000 -
06
b1111111111111100 8
#2075000
1!
b0 $
b1 %
0&
b11 (
b10000 1
b1 3
16
b11001101 :
b1111111111111100 K
#2080000
0!
0'
b0 )
06
09
#2085000
1!
b0 $
b1 %
0&
b0 (
b1 )
b10000 1
b0 3
16
b11001110 :
0M
0N
#2090000
0!
b1111111111111110 #
b1 )
b1 +
1,
b10000 -
06
b1111111111111110 8
#2095000
1!
b0 $
b1 %
1&
b1 (
b10000 1
16
b11001111 :
b111010 <
b1111111111111110 K
#2100000
0!
1'
b10 )
06
19
#2105000
1!
b10 $
b1 %
1&
b10 (
b1 1
16
b11010000 :
b101100 =
b1010010100 >
b101100 @
b1011 B
b11010000 D
b11010000 E
1M
1N
#2110000
0!
b1111111111111100 #
b11 )
b10 +
1,
b10000 -
06
b1111111111111100 8
#2115000
1!
b0 $
b1 %
0&
b11 (
b10000 1
b1 3
16
b11010001 :
b1111111111111100 K
#2120000
0!
0'
b0 )
06
09
#2125000
1!
b0 $
b1 %
0&
b0 (
b1 )
b10000 1
b0 3
16
b11010010 :
0M
0N
#2130000
0!
b1111111111111110 #
b1 )
b1 +
1,
b10000 -
06
b1111111111111110 8
#2135000
1!
b0 $
b1 %
1&
b1 (
b10000 1
16
b11010011 :
b111011 <
b1111111111111110 K
#2140000
0!
1'
b10 )
06
19
#2145000
1!
b10 $
b1 %
1&
b10 (
b1 1
16
b11010100 :
b101101 =
b1010010101 >
b101101 @
b1100 B
b11010100 D
b11010100 E
1M
1N
#2150000
0!
b1111111111111100 #
b11 )
b10 +
1,
b10000 -
06
b1111111111111100 8
#2155000
1!
b0 $
b1 %
0&
b11 (
b10000 1
b1 3
16
b11010101 :
b1111111111111100 K
#2160000
0!
0'
b0 )
06
09
#2165000
1!
b0 $
b1 %
0&
b0 (
b1 )
b10000 1
b0 3
16
b11010110 :
0M
0N
#2170000
0!
b1111111111111110 #
b1 )
b1 +
1,
b10000 -
06
b1111111111111110 8
#2175000
1!
b0 $
b1 %
1&
b1 (
b10000 1
16
b11010111 :
b111100 <
b1111111111111110 K
#2180000
0!
1'
b10 )
06
19
#2185000
1!
b10 $
b1 %
1&
b10 (
b1 1
16
b11011000 :
b101110 =
b1010010110 >
b101110 @
b1101 B
b11011000 D
b11011000 E
1M
1N
#2190000
0!
b1111111111111100 #
b11 )
b10 +
1,
b10000 -
06
b1111111111111100 8
#2195000
1!
b0 $
b1 %
0&
b11 (
b10000 1
b1 3
16
b11011001 :
b1111111111111100 K
#2200000
0!
0'
b0 )
06
09
#2205000
1!
b0 $
b1 %
0&
b0 (
b1 )
b10000 1
b0 3
16
b11011010 :
0M
0N
#2210000
0!
b1111111111111110 #
b1 )
b1 +
1,
b10000 -
06
b1111111111111110 8
#2215000
1!
b0 $
b1 %
1&
b1 (
b10000 1
16
b11011011 :
b111101 <
b1111111111111110 K
#2220000
0!
1'
b10 )
06
19
#2225000
1!
b10 $
b1 %
1&
b10 (
b1 1
16
b11011100 :
b101111 =
b1010010111 >
b101111 @
b1110 B
b11011100 D
b11011100 E
1M
1N
#2230000
0!
b1111111111111100 #
b11 )
b10 +
1,
b10000 -
06
b1111111111111100 8
#2235000
1!
b0 $
b1 %
0&
b11 (
b10000 1
b1 3
16
b11011101 :
b1111111111111100 K
#2240000
0!
0'
b0 )
06
09
#2245000
1!
b0 $
b1 %
0&
b0 (
b1 )
b10000 1
b0 3
16
b11011110 :
0M
0N
#2250000
0!
b1111111111111110 #
b1 )
b1 +
1,
b10000 -
06
b1111111111111110 8
#2255000
1!
b0 $
b1 %
1&
b1 (
b10000 1
16
b11011111 :
b111110 <
b1111111111111110 K
#2260000
0!
1'
b10 )
06
19
#2265000
1!
b10 $
b1 %
1&
b10 (
b1 1
16
b11100000 :
b110000 =
b1010011000 >
b110000 @
b1111 B
b11100000 D
b11100000 E
1M
1N
#2270000
0!
b1111111111111100 #
b11 )
b10 +
1,
b10000 -
06
b1111111111111100 8
#2275000
1!
b0 $
b1 %
0&
b11 (
b10000 1
b1 3
16
b11100001 :
b1111111111111100 K
#2280000
0!
0'
b0 )
06
09
#2285000
1!
b0 $
b1 %
0&
b0 (
b1 )
b10000 1
b0 3
16
b11100010 :
0M
0N
#2290000
0!
b1111111111111110 #
b1 )
b1 +
1,
b10000 -
06
b1111111111111110 8
#2295000
1!
b0 $
b1 %
1&
b1 (
b10000 1
16
b11100011 :
b111111 <
b1111111111111110 K
#2300000
0!
1'
b10 )
06
19
#2305000
1!
b10 $
b1 %
1&
b10 (
b1 1
16
b11100100 :
b110001 =
b1010011001 >
b110001 @
b10000 B
b11100100 D
b11100100 E
1M
1N
#2310000
0!
b1111111111111100 #
b11 )
b10 +
1,
b10000 -
06
b1111111111111100 8
#2315000
1!
b0 $
b1 %
0&
b11 (
b10000 1
b1 3
16
b11100101 :
b1111111111111100 K
#2320000
0!
0'
b0 )
06
09
#2325000
1!
b0 $
b1 %
0&
b0 (
b1 )
b10000 1
b0 3
16
b11100110 :
0M
0N
#2330000
0!
06
#2335000
1!
b0 $
b10 %
1&
b1 (
b10 *
b10000 1
16
b11100111 :
#2340000
0!
1'
b10 )
06
19
#2345000
1!
b100 $
b10 %
1&
b10 (
b10 1
b1000001 2
16
b11101000 :
b110010 =
b1011011010 >
b1000001 ?
b110010 @
b10001 B
b11101000 D
b11101000 E
b10 L
1M
1N
#2350000
0!
b1111111111111000 #
b11 )
b11 +
1,
b10000 -
06
b1111111111111000 8
#2355000
1!
b0 $
b10 %
0&
b11 (
b10000 1
b1 3
16
b11101001 :
b1111111111111000 K
#2360000
0!
0'
b0 )
06
09
#2365000
1!
b0 $
b10 %
0&
b0 (
b1 )
b10000 1
b0 3
16
b11101010 :
0M
0N
#2370000
0!
b1111111111111100 #
b1 )
b10 +
1,
b10000 -
06
b1111111111111100 8
#2375000
1!
b0 $
b10 %
1&
b1 (
b10000 1
16
b11101011 :
b1000000 <
b1111111111111100 K
#2380000
0!
1'
b10 )
06
19
#2385000
1!
b100 $
b10 %
1&
b10 (
b10 1
b1 2
16
b11101100 :
b110011 =
b1011011011 >
b110011 @
b10010 B
b11101100 D
b11101100 E
1M
1N
#2390000
0!
b1111111111111000 #
b11 )
b11 +
1,
b10000 -
06
b1111111111111000 8
#2395000
1!
b0 $
b10 %
0&
b11 (
b10000 1
b1 3
16
b11101101 :
b1111111111111000 K
#2400000
0!
0'
b0 )
06
09
#2405000
1!
b0 $
b10 %
0&
b0 (
b1 )
b10000 1
b0 3
16
b11101110 :
0M
0N
#2410000
0!
b1111111111111100 #
b1 )
b10 +
1,
b10000 -
06
b1111111111111100 8
#2415000
1!
b0 $
b10 %
1&
b1 (
b10000 1
16
b11101111 :
b1000001 <
b1111111111111100 K
#2420000
0!
1'
b10 )
06
19
#2425000
1!
b100 $
b10 %
1&
b10 (
b10 1
16
b11110000 :
b110100 =
b1011011100 >
b110100 @
b10011 B
b11110000 D
b11110000 E
1M
1N
#2430000
0!
b1111111111111000 #
b11 )
b11 +
1,
b10000 -
06
b1111111111111000 8
#2435000
1!
b0 $
b10 %
0&
b11 (
b10000 1
b1 3
16
b11110001 :
b1111111111111000 K
#2440000
0!
0'
b0 )
06
09
#2445000
1!
b0 $
b10 %
0&
b0 (
b1 )
b10000 1
b0 3
16
b11110010 :
0M
0N
#2450000
0!
b1111111111111100 #
b1 )
b10 +
1,
b10000 -
06
b1111111111111100 8
#2455000
1!
b0 $
b10 %
1&
b1 (
b10000 1
16
b11110011 :
b1000010 <
b1111111111111100 K
#2460000
0!
1'
b10 )
06
19
#2465000
1!
b100 $
b10 %
1&
b10 (
b10 1
16
b11110100 :
b110101 =
b1011011101 >
b110101 @
b10100 B
b11110100 D
b11110100 E
1M
1N
#2470000
0!
b1111111111111000 #
b11 )
b11 +
1,
b10000 -
06
b1111111111111000 8
#2475000
1!
b0 $
b10 %
0&
b11 (
b10000 1
b1 3
16
b11110101 :
b1111111111111000 K
#2480000
0!
0'
b0 )
06
09
#2485000
1!
b0 $
b10 %
0&
b0 (
b1 )
b10000 1
b0 3
16
b11110110 :
0M
0N
#2490000
0!
b1111111111111100 #
b1 )
b10 +
1,
b10000 -
06
b1111111111111100 8
#2495000
1!
b0 $
b10 %
1&
b1 (
b10000 1
16
b11110111 :
b1000011 <
b1111111111111100 K
#2500000
0!
1'
b10 )
06
19
#2505000
1!
b100 $
b10 %
1&
b10 (
b10 1
16
b11111000 :
b110110 =
b1011011110 >
b110110 @
b10101 B
b11111000 D
b11111000 E
1M
1N
#2510000
0!
b1111111111111000 #
b11 )
b11 +
1,
b10000 -
06
b1111111111111000 8
#2515000
1!
b0 $
b10 %
0&
b11 (
b10000 1
b1 3
16
b11111001 :
b1111111111111000 K
#2520000
0!
0'
b0 )
06
09
#2525000
1!
b0 $
b10 %
0&
b0 (
b1 )
b10000 1
b0 3
16
b11111010 :
0M
0N
#2530000
0!
b1111111111111100 #
b1 )
b10 +
1,
b10000 -
06
b1111111111111100 8
#2535000
1!
b0 $
b10 %
1&
b1 (
b10000 1
16
b11111011 :
b1000100 <
b1111111111111100 K
#2540000
0!
1'
b10 )
06
19
#2545000
1!
b100 $
b10 %
1&
b10 (
b10 1
16
b11111100 :
b110111 =
b1011011111 >
b110111 @
b10110 B
b11111100 D
b11111100 E
1M
1N
#2550000
0!
b1111111111111000 #
b11 )
b11 +
1,
b10000 -
06
b1111111111111000 8
#2555000
1!
b0 $
b10 %
0&
b11 (
b10000 1
b1 3
16
b11111101 :
b1111111111111000 K
#2560000
0!
0'
b0 )
06
09
#2565000
1!
b0 $
b10 %
0&
b0 (
b1 )
b10000 1
b0 3
16
b11111110 :
0M
0N
#2570000
0!
b1111111111111100 #
b1 )
b10 +
1,
b10000 -
06
b1111111111111100 8
#2575000
1!
b0 $
b10 %
1&
b1 (
b10000 1
16
b11111111 :
b1000101 <
b1111111111111100 K
#2580000
0!
1'
b10 )
06
19
#2585000
1!
b100 $
b10 %
1&
b10 (
b10 1
16
b100000000 :
b111000 =
b1011100000 >
b111000 @
b10111 B
b100000000 D
b100000000 E
1M
1N
#2590000
0!
b1111111111111000 #
b11 )
b11 +
1,
b10000 -
06
b1111111111111000 8
#2595000
1!
b0 $
b10 %
0&
b11 (
b10000 1
b1 3
16
b100000001 :
b1111111111111000 K
#2600000
0!
0'
b0 )
06
09
#2605000
1!
b0 $
b10 %
0&
b0 (
b1 )
b10000 1
b0 3
16
b100000010 :
0M
0N
#2610000
0!
b1111111111111100 #
b1 )
b10 +
1,
b10000 -
06
b1111111111111100 8
#2615000
1!
b0 $
b10 %
1&
b1 (
b10000 1
16
b100000011 :
b1000110 <
b1111111111111100 K
#2620000
0!
1'
b10 )
06
19
#2625000
1!
b100 $
b10 %
1&
b10 (
b10 1
16
b100000100 :
b111001 =
b1011100001 >
b111001 @
b11000 B
b100000100 D
b100000100 E
1M
1N
#2630000
0!
b1111111111111000 #
b11 )
b11 +
1,
b10000 -
06
b1111111111111000 8
#2635000
1!
b0 $
b10 %
0&
b11 (
b10000 1
b1 3
16
b100000101 :
b1111111111111000 K
#2640000
0!
0'
b0 )
06
09
#2645000
1!
b0 $
b10 %
0&
b0 (
b1 )
b10000 1
b0 3
16
b100000110 :
0M
0N
#2650000
0!
06
#2655000
1!
b0 $
b11 %
1&
b1 (
b11 *
b10000 1
16
b100000111 :
#2660000
0!
1'
b10 )
06
19
#2665000
1!
b1000 $
b11 %
1&
b10 (
b11 1
b1100001 2
16
b100001000 :
b111010 =
b1101000010 >
b1100001 ?
b111010 @
b11001 B
b100001000 D
b100001000 E
b11 L
1M
1N
#2670000
0!
b1111111111110000 #
b11 )
b100 +
1,
b10000 -
06
b1111111111110000 8
#2675000
1!
b0 $
b11 %
0&
b11 (
b10000 1
b1 3
16
b100001001 :
b1111111111110000 K
#2680000
0!
0'
b0 )
06
09
#2685000
1!
b0 $
b11 %
0&
b0 (
b1 )
b10000 1
b0 3
16
b100001010 :
0M
0N
#2690000
0!
b1111111111111000 #
b1 )
b11 +
1,
b10000 -
06
b1111111111111000 8
#2695000
1!
b0 $
b11 %
1&
b1 (
b10000 1
16
b100001011 :
b1000111 <
b1111111111111000 K
#2700000
0!
1'
b10 )
06
19
#2705000
1!
b1000 $
b11 %
1&
b10 (
b11 1
b1 2
16
b100001100 :
b111011 =
b1101000011 >
b111011 @
b11010 B
b100001100 D
b100001100 E
1M
1N
#2710000
0!
b1111111111110000 #
b11 )
b100 +
1,
b10000 -
06
b1111111111110000 8
#2715000
1!
b0 $
b11 %
0&
b11 (
b10000 1
b1 3
16
b100001101 :
b1111111111110000 K
#2720000
0!
0'
b0 )
06
09
#2725000
1!
b0 $
b11 %
0&
b0 (
b1 )
b10000 1
b0 3
16
b100001110 :
0M
0N
#2730000
0!
b1111111111111000 #
b1 )
b11 +
1,
b10000 -
06
b1111111111111000 8
#2735000
1!
b0 $
b11 %
1&
b1 (
b10000 1
16
b100001111 :
b1001000 <
b1111111111111000 K
#2740000
0!
1'
b10 )
06
19
#2745000
1!
b1000 $
b11 %
1&
b10 (
b11 1
16
b100010000 :
b111100 =
b1101000100 >
b111100 @
b11011 B
b100010000 D
b100010000 E
1M
1N
#2750000
0!
b1111111111110000 #
b11 )
b100 +
1,
b10000 -
06
b1111111111110000 8
#2755000
1!
b0 $
b11 %
0&
b11 (
b10000 1
b1 3
16
b100010001 :
b1111111111110000 K
#2760000
0!
0'
b0 )
06
09
#2765000
1!
b0 $
b11 %
0&
b0 (
b1 )
b10000 1
b0 3
16
b100010010 :
0M
0N
#2770000
0!
b1111111111111000 #
b1 )
b11 +
1,
b10000 -
06
b1111111111111000 8
#2775000
1!
b0 $
b11 %
1&
b1 (
b10000 1
16
b100010011 :
b1001001 <
b1111111111111000 K
#2780000
0!
1'
b10 )
06
19
#2785000
1!
b1000 $
b11 %
1&
b10 (
b11 1
16
b100010100 :
b111101 =
b1101000101 >
b111101 @
b11100 B
b100010100 D
b100010100 E
1M
1N
#2790000
0!
b1111111111110000 #
b11 )
b100 +
1,
b10000 -
06
b1111111111110000 8
#2795000
1!
b0 $
b11 %
0&
b11 (
b10000 1
b1 3
16
b100010101 :
b1111111111110000 K
#2800000
0!
0'
b0 )
06
09
#2805000
1!
b0 $
b11 %
0&
b0 (
b1 )
b10000 1
b0 3
16
b100010110 :
0M
0N
#2810000
0!
b1111111111111000 #
b1 )
b11 +
1,
b10000 -
06
b1111111111111000 8
#2815000
1!
b0 $
b11 %
1&
b1 (
b10000 1
16
b100010111 :
b1001010 <
b1111111111111000 K
#2820000
0!
1'
b10 )
06
19
#2825000
1!
b1000 $
b11 %
1&
b10 (
b11 1
16
b100011000 :
b111110 =
b1101000110 >
b111110 @
b11101 B
b100011000 D
b100011000 E
1M
1N
#2830000
0!
b1111111111110000 #
b11 )
b100 +
1,
b10000 -
06
b1111111111110000 8
#2835000
1!
b0 $
b11 %
0&
b11 (
b10000 1
b1 3
16
b100011001 :
b1111111111110000 K
#2840000
0!
0'
b0 )
06
09
#2845000
1!
b0 $
b11 %
0&
b0 (
b1 )
b10000 1
b0 3
16
b100011010 :
0M
0N
#2850000
0!
b1111111111111000 #
b1 )
b11 +
1,
b10000 -
06
b1111111111111000 8
#2855000
1!
b0 $
b11 %
1&
b1 (
b10000 1
16
b100011011 :
b1001011 <
b1111111111111000 K
#2860000
0!
1'
b10 )
06
19
#2865000
1!
b1000 $
b11 %
1&
b10 (
b11 1
16
b100011100 :
b111111 =
b1101000111 >
b111111 @
b11110 B
b100011100 D
b100011100 E
1M
1N
#2870000
0!
b1111111111110000 #
b11 )
b100 +
1,
b10000 -
06
b1111111111110000 8
#2875000
1!
b0 $
b11 %
0&
b11 (
b10000 1
b1 3
16
b100011101 :
b1111111111110000 K
#2880000
0!
0'
b0 )
06
09
#2885000
1!
b0 $
b11 %
0&
b0 (
b1 )
b10000 1
b0 3
16
b100011110 :
0M
0N
#2890000
0!
b1111111111111000 #
b1 )
b11 +
1,
b10000 -
06
b1111111111111000 8
#2895000
1!
b0 $
b11 %
1&
b1 (
b10000 1
16
b100011111 :
b1001100 <
b1111111111111000 K
#2900000
0!
1'
b10 )
06
19
#2905000
1!
b1000 $
b11 %
1&
b10 (
b11 1
16
b100100000 :
b1000000 =
b1101001000 >
b1000000 @
b11111 B
b100100000 D
b100100000 E
1M
1N
#2910000
0!
b1111111111110000 #
b11 )
b100 +
1,
b10000 -
06
b1111111111110000 8
#2915000
1!
b0 $
b11 %
0&
b11 (
b10000 1
b1 3
16
b100100001 :
b1111111111110000 K
#2920000
0!
0'
b0 )
06
09
#2925000
1!
b0 $
b11 %
0&
b0 (
b1 )
b10000 1
b0 3
16
b100100010 :
0M
0N
#2930000
0!
b1111111111111000 #
b1 )
b11 +
1,
b10000 -
06
b1111111111111000 8
#2935000
1!
b0 $
b11 %
1&
b1 (
b10000 1
16
b100100011 :
b1001101 <
b1111111111111000 K
#2940000
0!
1'
b10 )
06
19
#2945000
1!
b1000 $
b11 %
1&
b10 (
b11 1
16
b100100100 :
b1000001 =
b1101001001 >
b1000001 @
b100000 B
b100100100 D
b100100100 E
1M
1N
#2950000
0!
b1111111111110000 #
b11 )
b100 +
1,
b10000 -
06
b1111111111110000 8
#2955000
1!
b0 $
b11 %
0&
b11 (
b10000 1
b1 3
16
b100100101 :
b1111111111110000 K
#2960000
0!
0'
b0 )
06
09
#2965000
1!
b0 $
b11 %
0&
b0 (
b1 )
b10000 1
b0 3
16
b100100110 :
0M
0N
#2970000
0!
06
#2975000
1!
b0 $
b100 %
1&
b1 (
b100 *
b10000 1
16
b100100111 :
#2980000
0!
1'
b10 )
06
19
#2985000
1!
b10000 $
b100 %
1&
b10 (
b100 1
b10000001 2
16
b100101000 :
b1000010 =
b1111001010 >
b10000001 ?
b1000010 @
b100001 B
b100101000 D
b100101000 E
b100 L
1M
1N
#2990000
0!
b1111111111100000 #
b11 )
b101 +
1,
b10000 -
06
b1111111111100000 8
#2995000
1!
b0 $
b100 %
0&
b11 (
b10000 1
b1 3
16
b100101001 :
b1111111111100000 K
#3000000
0!
0'
b0 )
06
09
#3005000
1!
b0 $
b100 %
0&
b0 (
b1 )
b10000 1
b0 3
16
b100101010 :
0M
0N
#3010000
0!
b1111111111110000 #
b1 )
b100 +
1,
b10000 -
06
b1111111111110000 8
#3015000
1!
b0 $
b100 %
1&
b1 (
b10000 1
16
b100101011 :
b1001110 <
b1111111111110000 K
#3020000
0!
1'
b10 )
06
19
#3025000
1!
b10000 $
b100 %
1&
b10 (
b100 1
b1 2
16
b100101100 :
b1000011 =
b1111001011 >
b1000011 @
b100010 B
b100101100 D
b100101100 E
1M
1N
#3030000
0!
b1111111111100000 #
b11 )
b101 +
1,
b10000 -
06
b1111111111100000 8
#3035000
1!
b0 $
b100 %
0&
b11 (
b10000 1
b1 3
16
b100101101 :
b1111111111100000 K
#3040000
0!
0'
b0 )
06
09
#3045000
1!
b0 $
b100 %
0&
b0 (
b1 )
b10000 1
b0 3
16
b100101110 :
0M
0N
#3050000
0!
b1111111111110000 #
b1 )
b100 +
1,
b10000 -
06
b1111111111110000 8
#3055000
1!
b0 $
b100 %
1&
b1 (
b10000 1
16
b100101111 :
b1001111 <
b1111111111110000 K
#3060000
0!
1'
b10 )
06
19
#3065000
1!
b10000 $
b100 %
1&
b10 (
b100 1
16
b100110000 :
b1000100 =
b1111001100 >
b1000100 @
b100011 B
b100110000 D
b100110000 E
1M
1N
#3070000
0!
b1111111111100000 #
b11 )
b101 +
1,
b10000 -
06
b1111111111100000 8
#3075000
1!
b0 $
b100 %
0&
b11 (
b10000 1
b1 3
16
b100110001 :
b1111111111100000 K
#3080000
0!
0'
b0 )
06
09
#3085000
1!
b0 $
b100 %
0&
b0 (
b1 )
b10000 1
b0 3
16
b100110010 :
0M
0N
#3090000
0!
b1111111111110000 #
b1 )
b100 +
1,
b10000 -
06
b1111111111110000 8
#3095000
1!
b0 $
b100 %
1&
b1 (
b10000 1
16
b100110011 :
b1010000 <
b1111111111110000 K
#3100000
0!
1'
b10 )
06
19
#3105000
1!
b10000 $
b100 %
1&
b10 (
b100 1
16
b100110100 :
b1000101 =
b1111001101 >
b1000101 @
b100100 B
b100110100 D
b100110100 E
1M
1N
#3110000
0!
b1111111111100000 #
b11 )
b101 +
1,
b10000 -
06
b1111111111100000 8
#3115000
1!
b0 $
b100 %
0&
b11 (
b10000 1
b1 3
16
b100110101 :
b1111111111100000 K
#3120000
0!
0'
b0 )
06
09
#3125000
1!
b0 $
b100 %
0&
b0 (
b1 )
b10000 1
b0 3
16
b100110110 :
0M
0N
#3130000
0!
b1111111111110000 #
b1 )
b100 +
1,
b10000 -
06
b1111111111110000 8
#3135000
1!
b0 $
b100 %
1&
b1 (
b10000 1
16
b100110111 :
b1010001 <
b1111111111110000 K
#3140000
0!
1'
b10 )
06
19
#3145000
1!
b10000 $
b100 %
1&
b10 (
b100 1
16
b100111000 :
b1000110 =
b1111001110 >
b1000110 @
b100101 B
b100111000 D
b100111000 E
1M
1N
#3150000
0!
b1111111111100000 #
b11 )
b101 +
1,
b10000 -
06
b1111111111100000 8
#3155000
1!
b0 $
b100 %
0&
b11 (
b10000 1
b1 3
16
b100111001 :
b1111111111100000 K
#3160000
0!
0'
b0 )
06
09
#3165000
1!
b0 $
b100 %
0&
b0 (
b1 )
b10000 1
b0 3
16
b100111010 :
0M
0N
#3170000
0!
b1111111111110000 #
b1 )
b100 +
1,
b10000 -
06
b1111111111110000 8
#3175000
1!
b0 $
b100 %
1&
b1 (
b10000 1
16
b100111011 :
b1010010 <
b1111111111110000 K
#3180000
0!
1'
b10 )
06
19
#3185000
1!
b10000 $
b100 %
1&
b10 (
b100 1
16
b100111100 :
b1000111 =
b1111001111 >
b1000111 @
b100110 B
b100111100 D
b100111100 E
1M
1N
#3190000
0!
b1111111111100000 #
b11 )
b101 +
1,
b10000 -
06
b1111111111100000 8
#3195000
1!
b0 $
b100 %
0&
b11 (
b10000 1
b1 3
16
b100111101 :
b1111111111100000 K
#3200000
0!
0'
b0 )
06
09
#3205000
1!
b0 $
b100 %
0&
b0 (
b1 )
b10000 1
b0 3
16
b100111110 :
0M
0N
#3210000
0!
b1111111111110000 #
b1 )
b100 +
1,
b10000 -
06
b1111111111110000 8
#3215000
1!
b0 $
b100 %
1&
b1 (
b10000 1
16
b100111111 :
b1010011 <
b1111111111110000 K
#3220000
0!
1'
b10 )
06
19
#3225000
1!
b10000 $
b100 %
1&
b10 (
b100 1
16
b101000000 :
b1001000 =
b1111010000 >
b1001000 @
b100111 B
b101000000 D
b101000000 E
1M
1N
#3230000
0!
b1111111111100000 #
b11 )
b101 +
1,
b10000 -
06
b1111111111100000 8
#3235000
1!
b0 $
b100 %
0&
b11 (
b10000 1
b1 3
16
b101000001 :
b1111111111100000 K
#3240000
0!
0'
b0 )
06
09
#3245000
1!
b0 $
b100 %
0&
b0 (
b1 )
b10000 1
b0 3
16
b101000010 :
0M
0N
#3250000
0!
b1111111111110000 #
b1 )
b100 +
1,
b10000 -
06
b1111111111110000 8
#3255000
1!
b0 $
b100 %
1&
b1 (
b10000 1
16
b101000011 :
b1010100 <
b1111111111110000 K
#3260000
0!
1'
b10 )
06
19
#3265000
1!
b10000 $
b100 %
1&
b10 (
b100 1
16
b101000100 :
b1001001 =
b1111010001 >
b1001001 @
b101000 B
b101000100 D
b101000100 E
1M
1N
#3270000
0!
b1111111111100000 #
b11 )
b101 +
1,
b10000 -
06
b1111111111100000 8
#3275000
1!
b0 $
b100 %
0&
b11 (
b10000 1
b1 3
16
b101000101 :
b1111111111100000 K
#3280000
0!
0'
b0 )
06
09
#3285000
1!
b0 $
b100 %
0&
b0 (
b1 )
b10000 1
b0 3
16
b101000110 :
0M
0N
#3290000
0!
06
#3295000
1!
b0 $
b101 %
1&
b1 (
b101 *
b10000 1
16
b101000111 :
#3300000
0!
1'
b10 )
06
19
#3305000
1!
b100000 $
b101 %
1&
b10 (
b101 1
b10100001 2
16
b101001000 :
b1001010 =
b10001110010 >
b10100001 ?
b1001010 @
b101001 B
b101001000 D
b101001000 E
b101 L
1M
1N
#3310000
0!
b1111111111000000 #
b11 )
b110 +
1,
b10000 -
06
b1111111111000000 8
#3315000
1!
b0 $
b101 %
0&
b11 (
b10000 1
b1 3
16
b101001001 :
b1111111111000000 K
#3320000
0!
0'
b0 )
06
09
#3325000
1!
b0 $
b101 %
0&
b0 (
b1 )
b10000 1
b0 3
16
b101001010 :
0M
0N
#3330000
0!
b1111111111100000 #
b1 )
b101 +
1,
b10000 -
06
b1111111111100000 8
#3335000
1!
b0 $
b101 %
1&
b1 (
b10000 1
16
b101001011 :
b1010101 <
b1111111111100000 K
#3340000
0!
1'
b10 )
06
19
#3345000
1!
b100000 $
b101 %
1&
b10 (
b101 1
b1 2
16
b101001100 :
b1001011 =
b10001110011 >
b1001011 @
b101010 B
b101001100 D
b101001100 E
1M
1N
#3350000
0!
b1111111111000000 #
b11 )
b110 +
1,
b10000 -
06
b1111111111000000 8
#3355000
1!
b0 $
b101 %
0&
b11 (
b10000 1
b1 3
16
b101001101 :
b1111111111000000 K
#3360000
0!
0'
b0 )
06
09
#3365000
1!
b0 $
b101 %
0&
b0 (
b1 )
b10000 1
b0 3
16
b101001110 :
0M
0N
#3370000
0!
b1111111111100000 #
b1 )
b101 +
1,
b10000 -
06
b1111111111100000 8
#3375000
1!
b0 $
b101 %
1&
b1 (
b10000 1
16
b101001111 :
b1010110 <
b1111111111100000 K
#3380000
0!
1'
b10 )
06
19
#3385000
1!
b100000 $
b101 %
1&
b10 (
b101 1
16
b101010000 :
b1001100 =
b10001110100 >
b1001100 @
b101011 B
b101010000 D
b101010000 E
1M
1N
#3390000
0!
b1111111111000000 #
b11 )
b110 +
1,
b10000 -
06
b1111111111000000 8
#3395000
1!
b0 $
b101 %
0&
b11 (
b10000 1
b1 3
16
b101010001 :
b1111111111000000 K
#3400000
0!
0'
b0 )
06
09
#3405000
1!
b0 $
b101 %
0&
b0 (
b1 )
b10000 1
b0 3
16
b101010010 :
0M
0N
#3410000
0!
b1111111111100000 #
b1 )
b101 +
1,
b10000 -
06
b1111111111100000 8
#3415000
1!
b0 $
b101 %
1&
b1 (
b10000 1
16
b101010011 :
b1010111 <
b1111111111100000 K
#3420000
0!
1'
b10 )
06
19
#3425000
1!
b100000 $
b101 %
1&
b10 (
b101 1
16
b101010100 :
b1001101 =
b10001110101 >
b1001101 @
b101100 B
b101010100 D
b101010100 E
1M
1N
#3430000
0!
b1111111111000000 #
b11 )
b110 +
1,
b10000 -
06
b1111111111000000 8
#3435000
1!
b0 $
b101 %
0&
b11 (
b10000 1
b1 3
16
b101010101 :
b1111111111000000 K
#3440000
0!
0'
b0 )
06
09
#3445000
1!
b0 $
b101 %
0&
b0 (
b1 )
b10000 1
b0 3
16
b101010110 :
0M
0N
#3450000
0!
b1111111111100000 #
b1 )
b101 +
1,
b10000 -
06
b1111111111100000 8
#3455000
1!
b0 $
b101 %
1&
b1 (
b10000 1
16
b101010111 :
b1011000 <
b1111111111100000 K
#3460000
0!
1'
b10 )
06
19
#3465000
1!
b100000 $
b101 %
1&
b10 (
b101 1
16
b101011000 :
b1001110 =
b10001110110 >
b1001110 @
b101101 B
b101011000 D
b101011000 E
1M
1N
#3470000
0!
b1111111111000000 #
b11 )
b110 +
1,
b10000 -
06
b1111111111000000 8
#3475000
1!
b0 $
b101 %
0&
b11 (
b10000 1
b1 3
16
b101011001 :
b1111111111000000 K
#3480000
0!
0'
b0 )
06
09
#3485000
1!
b0 $
b101 %
0&
b0 (
b1 )
b10000 1
b0 3
16
b101011010 :
0M
0N
#3490000
0!
b1111111111100000 #
b1 )
b101 +
1,
b10000 -
06
b1111111111100000 8
#3495000
1!
b0 $
b101 %
1&
b1 (
b10000 1
16
b101011011 :
b1011001 <
b1111111111100000 K
#3500000
0!
1'
b10 )
06
19
#3505000
1!
b100000 $
b101 %
1&
b10 (
b101 1
16
b101011100 :
b1001111 =
b10001110111 >
b1001111 @
b101110 B
b101011100 D
b101011100 E
1M
1N
#3510000
0!
b1111111111000000 #
b11 )
b110 +
1,
b10000 -
06
b1111111111000000 8
#3515000
1!
b0 $
b101 %
0&
b11 (
b10000 1
b1 3
16
b101011101 :
b1111111111000000 K
#3520000
0!
0'
b0 )
06
09
#3525000
1!
b0 $
b101 %
0&
b0 (
b1 )
b10000 1
b0 3
16
b101011110 :
0M
0N
#3530000
0!
b1111111111100000 #
b1 )
b101 +
1,
b10000 -
06
b1111111111100000 8
#3535000
1!
b0 $
b101 %
1&
b1 (
b10000 1
16
b101011111 :
b1011010 <
b1111111111100000 K
#3540000
0!
1'
b10 )
06
19
#3545000
1!
b100000 $
b101 %
1&
b10 (
b101 1
16
b101100000 :
b1010000 =
b10001111000 >
b1010000 @
b101111 B
b101100000 D
b101100000 E
1M
1N
#3550000
0!
b1111111111000000 #
b11 )
b110 +
1,
b10000 -
06
b1111111111000000 8
#3555000
1!
b0 $
b101 %
0&
b11 (
b10000 1
b1 3
16
b101100001 :
b1111111111000000 K
#3560000
0!
0'
b0 )
06
09
#3565000
1!
b0 $
b101 %
0&
b0 (
b1 )
b10000 1
b0 3
16
b101100010 :
0M
0N
#3570000
0!
b1111111111100000 #
b1 )
b101 +
1,
b10000 -
06
b1111111111100000 8
#3575000
1!
b0 $
b101 %
1&
b1 (
b10000 1
16
b101100011 :
b1011011 <
b1111111111100000 K
#3580000
0!
1'
b10 )
06
19
#3585000
1!
b100000 $
b101 %
1&
b10 (
b101 1
16
b101100100 :
b1010001 =
b10001111001 >
b1010001 @
b110000 B
b101100100 D
b101100100 E
1M
1N
#3590000
0!
b1111111111000000 #
b11 )
b110 +
1,
b10000 -
06
b1111111111000000 8
#3595000
1!
b0 $
b101 %
0&
b11 (
b10000 1
b1 3
16
b101100101 :
b1111111111000000 K
#3600000
0!
0'
b0 )
06
09
#3605000
1!
b0 $
b101 %
0&
b0 (
b1 )
b10000 1
b0 3
16
b101100110 :
0M
0N
#3610000
0!
06
#3615000
1!
b0 $
b110 %
1&
b1 (
b110 *
b10000 1
16
b101100111 :
#3620000
0!
1'
b10 )
06
19
#3625000
1!
b1000000 $
b110 %
1&
b10 (
b110 1
b11000001 2
16
b101101000 :
b1010010 =
b10100111010 >
b11000001 ?
b1010010 @
b110001 B
b101101000 D
b101101000 E
b110 L
1M
1N
#3630000
0!
b1111111110000000 #
b11 )
b111 +
1,
b10000 -
06
b1111111110000000 8
#3635000
1!
b0 $
b110 %
0&
b11 (
b10000 1
b1 3
16
b101101001 :
b1111111110000000 K
#3640000
0!
0'
b0 )
06
09
#3645000
1!
b0 $
b110 %
0&
b0 (
b1 )
b10000 1
b0 3
16
b101101010 :
0M
0N
#3650000
0!
b1111111111000000 #
b1 )
b110 +
1,
b10000 -
06
b1111111111000000 8
#3655000
1!
b0 $
b110 %
1&
b1 (
b10000 1
16
b101101011 :
b1011100 <
b1111111111000000 K
#3660000
0!
1'
b10 )
06
19
#3665000
1!
b1000000 $
b110 %
1&
b10 (
b110 1
b1 2
16
b101101100 :
b1010011 =
b10100111011 >
b1010011 @
b110010 B
b101101100 D
b101101100 E
1M
1N
#3670000
0!
b1111111110000000 #
b11 )
b111 +
1,
b10000 -
06
b1111111110000000 8
#3675000
1!
b0 $
b110 %
0&
b11 (
b10000 1
b1 3
16
b101101101 :
b1111111110000000 K
#3680000
0!
0'
b0 )
06
09
#3685000
1!
b0 $
b110 %
0&
b0 (
b1 )
b10000 1
b0 3
16
b101101110 :
0M
0N
#3690000
0!
b1111111111000000 #
b1 )
b110 +
1,
b10000 -
06
b1111111111000000 8
#3695000
1!
b0 $
b110 %
1&
b1 (
b10000 1
16
b101101111 :
b1011101 <
b1111111111000000 K
#3700000
0!
1'
b10 )
06
19
#3705000
1!
b1000000 $
b110 %
1&
b10 (
b110 1
16
b101110000 :
b1010100 =
b10100111100 >
b1010100 @
b110011 B
b101110000 D
b101110000 E
1M
1N
#3710000
0!
b1111111110000000 #
b11 )
b111 +
1,
b10000 -
06
b1111111110000000 8
#3715000
1!
b0 $
b110 %
0&
b11 (
b10000 1
b1 3
16
b101110001 :
b1111111110000000 K
#3720000
0!
0'
b0 )
06
09
#3725000
1!
b0 $
b110 %
0&
b0 (
b1 )
b10000 1
b0 3
16
b101110010 :
0M
0N
#3730000
0!
b1111111111000000 #
b1 )
b110 +
1,
b10000 -
06
b1111111111000000 8
#3735000
1!
b0 $
b110 %
1&
b1 (
b10000 1
16
b101110011 :
b1011110 <
b1111111111000000 K
#3740000
0!
1'
b10 )
06
19
#3745000
1!
b1000000 $
b110 %
1&
b10 (
b110 1
16
b101110100 :
b1010101 =
b10100111101 >
b1010101 @
b110100 B
b101110100 D
b101110100 E
1M
1N
#3750000
0!
b1111111110000000 #
b11 )
b111 +
1,
b10000 -
06
b1111111110000000 8
#3755000
1!
b0 $
b110 %
0&
b11 (
b10000 1
b1 3
16
b101110101 :
b1111111110000000 K
#3760000
0!
0'
b0 )
06
09
#3765000
1!
b0 $
b110 %
0&
b0 (
b1 )
b10000 1
b0 3
16
b101110110 :
0M
0N
#3770000
0!
b1111111111000000 #
b1 )
b110 +
1,
b10000 -
06
b1111111111000000 8
#3775000
1!
b0 $
b110 %
1&
b1 (
b10000 1
16
b101110111 :
b1011111 <
b1111111111000000 K
#3780000
0!
1'
b10 )
06
19
#3785000
1!
b1000000 $
b110 %
1&
b10 (
b110 1
16
b101111000 :
b1010110 =
b10100111110 >
b1010110 @
b110101 B
b101111000 D
b101111000 E
1M
1N
#3790000
0!
b1111111110000000 #
b11 )
b111 +
1,
b10000 -
06
b1111111110000000 8
#3795000
1!
b0 $
b110 %
0&
b11 (
b10000 1
b1 3
16
b101111001 :
b1111111110000000 K
#3800000
0!
0'
b0 )
06
09
#3805000
1!
b0 $
b110 %
0&
b0 (
b1 )
b10000 1
b0 3
16
b101111010 :
0M
0N
#3810000
0!
b1111111111000000 #
b1 )
b110 +
1,
b10000 -
06
b1111111111000000 8
#3815000
1!
b0 $
b110 %
1&
b1 (
b10000 1
16
b101111011 :
b1100000 <
b1111111111000000 K
#3820000
0!
1'
b10 )
06
19
#3825000
1!
b1000000 $
b110 %
1&
b10 (
b110 1
16
b101111100 :
b1010111 =
b10100111111 >
b1010111 @
b110110 B
b101111100 D
b101111100 E
1M
1N
#3830000
0!
b1111111110000000 #
b11 )
b111 +
1,
b10000 -
06
b1111111110000000 8
#3835000
1!
b0 $
b110 %
0&
b11 (
b10000 1
b1 3
16
b101111101 :
b1111111110000000 K
#3840000
0!
0'
b0 )
06
09
#3845000
1!
b0 $
b110 %
0&
b0 (
b1 )
b10000 1
b0 3
16
b101111110 :
0M
0N
#3850000
0!
b1111111111000000 #
b1 )
b110 +
1,
b10000 -
06
b1111111111000000 8
#3855000
1!
b0 $
b110 %
1&
b1 (
b10000 1
16
b101111111 :
b1100001 <
b1111111111000000 K
#3860000
0!
1'
b10 )
06
19
#3865000
1!
b1000000 $
b110 %
1&
b10 (
b110 1
16
b110000000 :
b1011000 =
b10101000000 >
b1011000 @
b110111 B
b110000000 D
b110000000 E
1M
1N
#3870000
0!
b1111111110000000 #
b11 )
b111 +
1,
b10000 -
06
b1111111110000000 8
#3875000
1!
b0 $
b110 %
0&
b11 (
b10000 1
b1 3
16
b110000001 :
b1111111110000000 K
#3880000
0!
0'
b0 )
06
09
#3885000
1!
b0 $
b110 %
0&
b0 (
b1 )
b10000 1
b0 3
16
b110000010 :
0M
0N
#3890000
0!
b1111111111000000 #
b1 )
b110 +
1,
b10000 -
06
b1111111111000000 8
#3895000
1!
b0 $
b110 %
1&
b1 (
b10000 1
16
b110000011 :
b1100010 <
b1111111111000000 K
#3900000
0!
1'
b10 )
06
19
#3905000
1!
b1000000 $
b110 %
1&
b10 (
b110 1
16
b110000100 :
b1011001 =
b10101000001 >
b1011001 @
b111000 B
b110000100 D
b110000100 E
1M
1N
#3910000
0!
b1111111110000000 #
b11 )
b111 +
1,
b10000 -
06
b1111111110000000 8
#3915000
1!
b0 $
b110 %
0&
b11 (
b10000 1
b1 3
16
b110000101 :
b1111111110000000 K
#3920000
0!
0'
b0 )
06
09
#3925000
1!
b0 $
b110 %
0&
b0 (
b1 )
b10000 1
b0 3
16
b110000110 :
0M
0N
#3930000
0!
06
#3935000
1!
b0 $
b111 %
1&
b1 (
b111 *
b10000 1
16
b110000111 :
#3940000
0!
1'
b10 )
06
19
#3945000
1!
b10000000 $
b111 %
1&
b10 (
b111 1
b11100001 2
16
b110001000 :
b1011010 =
b11000100010 >
b11100001 ?
b1011010 @
b111001 B
b110001000 D
b110001000 E
b111 L
1M
1N
#3950000
0!
b1111111100000000 #
b11 )
b1000 +
1,
b10000 -
06
b1111111100000000 8
#3955000
1!
b0 $
b111 %
0&
b11 (
b10000 1
b1 3
16
b110001001 :
b1111111100000000 K
#3960000
0!
0'
b0 )
06
09
#3965000
1!
b0 $
b111 %
0&
b0 (
b1 )
b10000 1
b0 3
16
b110001010 :
0M
0N
#3970000
0!
b1111111110000000 #
b1 )
b111 +
1,
b10000 -
06
b1111111110000000 8
#3975000
1!
b0 $
b111 %
1&
b1 (
b10000 1
16
b110001011 :
b1100011 <
b1111111110000000 K
#3980000
0!
1'
b10 )
06
19
#3985000
1!
b10000000 $
b111 %
1&
b10 (
b111 1
b1 2
16
b110001100 :
b1011011 =
b11000100011 >
b1011011 @
b111010 B
b110001100 D
b110001100 E
1M
1N
#3990000
0!
b1111111100000000 #
b11 )
b1000 +
1,
b10000 -
06
b1111111100000000 8
#3995000
1!
b0 $
b111 %
0&
b11 (
b10000 1
b1 3
16
b110001101 :
b1111111100000000 K
#4000000
0!
0'
b0 )
06
09
#4005000
1!
b0 $
b111 %
0&
b0 (
b1 )
b10000 1
b0 3
16
b110001110 :
0M
0N
#4010000
0!
b1111111110000000 #
b1 )
b111 +
1,
b10000 -
06
b1111111110000000 8
#4015000
1!
b0 $
b111 %
1&
b1 (
b10000 1
16
b110001111 :
b1100100 <
b1111111110000000 K
#4020000
0!
1'
b10 )
06
19
#4025000
1!
b10000000 $
b111 %
1&
b10 (
b111 1
16
b110010000 :
b1011100 =
b11000100100 >
b1011100 @
b111011 B
b110010000 D
b110010000 E
1M
1N
#4030000
0!
b1111111100000000 #
b11 )
b1000 +
1,
b10000 -
06
b1111111100000000 8
#4035000
1!
b0 $
b111 %
0&
b11 (
b10000 1
b1 3
16
b110010001 :
b1111111100000000 K
#4040000
0!
0'
b0 )
06
09
#4045000
1!
b0 $
b111 %
0&
b0 (
b1 )
b10000 1
b0 3
16
b110010010 :
0M
0N
#4050000
0!
b1111111110000000 #
b1 )
b111 +
1,
b10000 -
06
b1111111110000000 8
#4055000
1!
b0 $
b111 %
1&
b1 (
b10000 1
16
b110010011 :
b1100101 <
b1111111110000000 K
#4060000
0!
1'
b10 )
06
19
#4065000
1!
b10000000 $
b111 %
1&
b10 (
b111 1
16
b110010100 :
b1011101 =
b11000100101 >
b1011101 @
b111100 B
b110010100 D
b110010100 E
1M
1N
#4070000
0!
b1111111100000000 #
b11 )
b1000 +
1,
b10000 -
06
b1111111100000000 8
#4075000
1!
b0 $
b111 %
0&
b11 (
b10000 1
b1 3
16
b110010101 :
b1111111100000000 K
#4080000
0!
0'
b0 )
06
09
#4085000
1!
b0 $
b111 %
0&
b0 (
b1 )
b10000 1
b0 3
16
b110010110 :
0M
0N
#4090000
0!
b1111111110000000 #
b1 )
b111 +
1,
b10000 -
06
b1111111110000000 8
#4095000
1!
b0 $
b111 %
1&
b1 (
b10000 1
16
b110010111 :
b1100110 <
b1111111110000000 K
#4100000
0!
1'
b10 )
06
19
#4105000
1!
b10000000 $
b111 %
1&
b10 (
b111 1
16
b110011000 :
b1011110 =
b11000100110 >
b1011110 @
b111101 B
b110011000 D
b110011000 E
1M
1N
#4110000
0!
b1111111100000000 #
b11 )
b1000 +
1,
b10000 -
06
b1111111100000000 8
#4115000
1!
b0 $
b111 %
0&
b11 (
b10000 1
b1 3
16
b110011001 :
b1111111100000000 K
#4120000
0!
0'
b0 )
06
09
#4125000
1!
b0 $
b111 %
0&
b0 (
b1 )
b10000 1
b0 3
16
b110011010 :
0M
0N
#4130000
0!
b1111111110000000 #
b1 )
b111 +
1,
b10000 -
06
b1111111110000000 8
#4135000
1!
b0 $
b111 %
1&
b1 (
b10000 1
16
b110011011 :
b1100111 <
b1111111110000000 K
#4140000
0!
1'
b10 )
06
19
#4145000
1!
b10000000 $
b111 %
1&
b10 (
b111 1
16
b110011100 :
b1011111 =
b11000100111 >
b1011111 @
b111110 B
b110011100 D
b110011100 E
1M
1N
#4150000
0!
b1111111100000000 #
b11 )
b1000 +
1,
b10000 -
06
b1111111100000000 8
#4155000
1!
b0 $
b111 %
0&
b11 (
b10000 1
b1 3
16
b110011101 :
b1111111100000000 K
#4160000
0!
0'
b0 )
06
09
#4165000
1!
b0 $
b111 %
0&
b0 (
b1 )
b10000 1
b0 3
16
b110011110 :
0M
0N
#4170000
0!
b1111111110000000 #
b1 )
b111 +
1,
b10000 -
06
b1111111110000000 8
#4175000
1!
b0 $
b111 %
1&
b1 (
b10000 1
16
b110011111 :
b1101000 <
b1111111110000000 K
#4180000
0!
1'
b10 )
06
19
#4185000
1!
b10000000 $
b111 %
1&
b10 (
b111 1
16
b110100000 :
b1100000 =
b11000101000 >
b1100000 @
b111111 B
b110100000 D
b110100000 E
1M
1N
#4190000
0!
b1111111100000000 #
b11 )
b1000 +
1,
b10000 -
06
b1111111100000000 8
#4195000
1!
b0 $
b111 %
0&
b11 (
b10000 1
b1 3
16
b110100001 :
b1111111100000000 K
#4200000
0!
0'
b0 )
06
09
#4205000
1!
b0 $
b111 %
0&
b0 (
b1 )
b10000 1
b0 3
16
b110100010 :
0M
0N
#4210000
0!
b1111111110000000 #
b1 )
b111 +
1,
b10000 -
06
b1111111110000000 8
#4215000
1!
b0 $
b111 %
1&
b1 (
b10000 1
16
b110100011 :
b1101001 <
b1111111110000000 K
#4220000
0!
1'
b10 )
06
19
#4225000
1!
b10000000 $
b111 %
1&
b10 (
b111 1
16
b110100100 :
b1100001 =
b11000101001 >
b1100001 @
b1000000 B
b110100100 D
b110100100 E
1M
1N
#4230000
0!
b1111111100000000 #
b11 )
b1000 +
1,
b10000 -
06
b1111111100000000 8
#4235000
1!
b0 $
b111 %
0&
b11 (
b10000 1
b1 3
16
b110100101 :
b1111111100000000 K
#4240000
0!
0'
b0 )
06
09
#4245000
1!
b0 $
b111 %
0&
b0 (
b1 )
b10000 1
b0 3
16
b110100110 :
0M
0N
#4250000
0!
06
#4255000
1!
b0 $
b1000 %
1&
b1 (
b1000 *
b10000 1
16
b110100111 :
#4260000
0!
1'
b10 )
06
19
#4265000
1!
b100000000 $
b1000 %
1&
b10 (
b1000 1
b100000001 2
16
b110101000 :
b1100010 =
b11100101010 >
b100000001 ?
b1100010 @
b1000001 B
b110101000 D
b110101000 E
b1000 L
1M
1N
#4270000
0!
b1111111000000000 #
b11 )
b1001 +
1,
b10000 -
06
b1111111000000000 8
#4275000
1!
b0 $
b1000 %
0&
b11 (
b10000 1
b1 3
16
b110101001 :
b1111111000000000 K
#4280000
0!
0'
b0 )
06
09
#4285000
1!
b0 $
b1000 %
0&
b0 (
b1 )
b10000 1
b0 3
16
b110101010 :
0M
0N
#4290000
0!
b1111111100000000 #
b1 )
b1000 +
1,
b10000 -
06
b1111111100000000 8
#4295000
1!
b0 $
b1000 %
1&
b1 (
b10000 1
16
b110101011 :
b1101010 <
b1111111100000000 K
#4300000
0!
1'
b10 )
06
19
#4305000
1!
b100000000 $
b1000 %
1&
b10 (
b1000 1
b1 2
16
b110101100 :
b1100011 =
b11100101011 >
b1100011 @
b1000010 B
b110101100 D
b110101100 E
1M
1N
#4310000
0!
b1111111000000000 #
b11 )
b1001 +
1,
b10000 -
06
b1111111000000000 8
#4315000
1!
b0 $
b1000 %
0&
b11 (
b10000 1
b1 3
16
b110101101 :
b1111111000000000 K
#4320000
0!
0'
b0 )
06
09
#4325000
1!
b0 $
b1000 %
0&
b0 (
b1 )
b10000 1
b0 3
16
b110101110 :
0M
0N
#4330000
0!
b1111111100000000 #
b1 )
b1000 +
1,
b10000 -
06
b1111111100000000 8
#4335000
1!
b0 $
b1000 %
1&
b1 (
b10000 1
16
b110101111 :
b1101011 <
b1111111100000000 K
#4340000
0!
1'
b10 )
06
19
#4345000
1!
b100000000 $
b1000 %
1&
b10 (
b1000 1
16
b110110000 :
b1100100 =
b11100101100 >
b1100100 @
b1000011 B
b110110000 D
b110110000 E
1M
1N
#4350000
0!
b1111111000000000 #
b11 )
b1001 +
1,
b10000 -
06
b1111111000000000 8
#4355000
1!
b0 $
b1000 %
0&
b11 (
b10000 1
b1 3
16
b110110001 :
b1111111000000000 K
#4360000
0!
0'
b0 )
06
09
#4365000
1!
b0 $
b1000 %
0&
b0 (
b1 )
b10000 1
b0 3
16
b110110010 :
0M
0N
#4370000
0!
b1111111100000000 #
b1 )
b1000 +
1,
b10000 -
06
b1111111100000000 8
#4375000
1!
b0 $
b1000 %
1&
b1 (
b10000 1
16
b110110011 :
b1101100 <
b1111111100000000 K
#4380000
0!
1'
b10 )
06
19
#4385000
1!
b100000000 $
b1000 %
1&
b10 (
b1000 1
16
b110110100 :
b1100101 =
b11100101101 >
b1100101 @
b1000100 B
b110110100 D
b110110100 E
1M
1N
#4390000
0!
b1111111000000000 #
b11 )
b1001 +
1,
b10000 -
06
b1111111000000000 8
#4395000
1!
b0 $
b1000 %
0&
b11 (
b10000 1
b1 3
16
b110110101 :
b1111111000000000 K
#4400000
0!
0'
b0 )
06
09
#4405000
1!
b0 $
b1000 %
0&
b0 (
b1 )
b10000 1
b0 3
16
b110110110 :
0M
0N
#4410000
0!
b1111111100000000 #
b1 )
b1000 +
1,
b10000 -
06
b1111111100000000 8
#4415000
1!
b0 $
b1000 %
1&
b1 (
b10000 1
16
b110110111 :
b1101101 <
b1111111100000000 K
#4420000
0!
1'
b10 )
06
19
#4425000
1!
b100000000 $
b1000 %
1&
b10 (
b1000 1
16
b110111000 :
b1100110 =
b11100101110 >
b1100110 @
b1000101 B
b110111000 D
b110111000 E
1M
1N
#4430000
0!
b1111111000000000 #
b11 )
b1001 +
1,
b10000 -
06
b1111111000000000 8
#4435000
1!
b0 $
b1000 %
0&
b11 (
b10000 1
b1 3
16
b110111001 :
b1111111000000000 K
#4440000
0!
0'
b0 )
06
09
#4445000
1!
b0 $
b1000 %
0&
b0 (
b1 )
b10000 1
b0 3
16
b110111010 :
0M
0N
#4450000
0!
b1111111100000000 #
b1 )
b1000 +
1,
b10000 -
06
b1111111100000000 8
#4455000
1!
b0 $
b1000 %
1&
b1 (
b10000 1
16
b110111011 :
b1101110 <
b1111111100000000 K
#4460000
0!
1'
b10 )
06
19
#4465000
1!
b100000000 $
b1000 %
1&
b10 (
b1000 1
16
b110111100 :
b1100111 =
b11100101111 >
b1100111 @
b1000110 B
b110111100 D
b110111100 E
1M
1N
#4470000
0!
b1111111000000000 #
b11 )
b1001 +
1,
b10000 -
06
b1111111000000000 8
#4475000
1!
b0 $
b1000 %
0&
b11 (
b10000 1
b1 3
16
b110111101 :
b1111111000000000 K
#4480000
0!
0'
b0 )
06
09
#4485000
1!
b0 $
b1000 %
0&
b0 (
b1 )
b10000 1
b0 3
16
b110111110 :
0M
0N
#4490000
0!
b1111111100000000 #
b1 )
b1000 +
1,
b10000 -
06
b1111111100000000 8
#4495000
1!
b0 $
b1000 %
1&
b1 (
b10000 1
16
b110111111 :
b1101111 <
b1111111100000000 K
#4500000
0!
1'
b10 )
06
19
#4505000
1!
b100000000 $
b1000 %
1&
b10 (
b1000 1
16
b111000000 :
b1101000 =
b11100110000 >
b1101000 @
b1000111 B
b111000000 D
b111000000 E
1M
1N
#4510000
0!
b1111111000000000 #
b11 )
b1001 +
1,
b10000 -
06
b1111111000000000 8
#4515000
1!
b0 $
b1000 %
0&
b11 (
b10000 1
b1 3
16
b111000001 :
b1111111000000000 K
#4520000
0!
0'
b0 )
06
09
#4525000
1!
b0 $
b1000 %
0&
b0 (
b1 )
b10000 1
b0 3
16
b111000010 :
0M
0N
#4530000
0!
b1111111100000000 #
b1 )
b1000 +
1,
b10000 -
06
b1111111100000000 8
#4535000
1!
b0 $
b1000 %
1&
b1 (
b10000 1
16
b111000011 :
b1110000 <
b1111111100000000 K
#4540000
0!
1'
b10 )
06
19
#4545000
1!
b100000000 $
b1000 %
1&
b10 (
b1000 1
16
b111000100 :
b1101001 =
b11100110001 >
b1101001 @
b1001000 B
b111000100 D
b111000100 E
1M
1N
#4550000
0!
b1111111000000000 #
b11 )
b1001 +
1,
b10000 -
06
b1111111000000000 8
#4555000
1!
b0 $
b1000 %
0&
b11 (
b10000 1
b1 3
16
b111000101 :
b1111111000000000 K
#4560000
0!
0'
b0 )
06
09
#4565000
1!
b0 $
b1000 %
0&
b0 (
b1 )
b10000 1
b0 3
16
b111000110 :
0M
0N
#4570000
0!
06
#4575000
1!
b0 $
b1001 %
1&
b1 (
b1001 *
b10000 1
16
b111000111 :
#4580000
0!
1'
b10 )
06
19
#4585000
1!
b1000000000 $
b1001 %
1&
b10 (
b1001 1
b100100001 2
16
b111001000 :
b1101010 =
b100001010010 >
b100100001 ?
b1101010 @
b1001001 B
b111001000 D
b111001000 E
b1001 L
1M
1N
#4590000
0!
b1111110000000000 #
b11 )
b1010 +
1,
b10000 -
06
b1111110000000000 8
#4595000
1!
b0 $
b1001 %
0&
b11 (
b10000 1
b1 3
16
b111001001 :
b1111110000000000 K
#4600000
0!
0'
b0 )
06
09
#4605000
1!
b0 $
b1001 %
0&
b0 (
b1 )
b10000 1
b0 3
16
b111001010 :
0M
0N
#4610000
0!
b1111111000000000 #
b1 )
b1001 +
1,
b10000 -
06
b1111111000000000 8
#4615000
1!
b0 $
b1001 %
1&
b1 (
b10000 1
16
b111001011 :
b1110001 <
b1111111000000000 K
#4620000
0!
1'
b10 )
06
19
#4625000
1!
b1000000000 $
b1001 %
1&
b10 (
b1001 1
b1 2
16
b111001100 :
b1101011 =
b100001010011 >
b1101011 @
b1001010 B
b111001100 D
b111001100 E
1M
1N
#4630000
0!
b1111110000000000 #
b11 )
b1010 +
1,
b10000 -
06
b1111110000000000 8
#4635000
1!
b0 $
b1001 %
0&
b11 (
b10000 1
b1 3
16
b111001101 :
b1111110000000000 K
#4640000
0!
0'
b0 )
06
09
#4645000
1!
b0 $
b1001 %
0&
b0 (
b1 )
b10000 1
b0 3
16
b111001110 :
0M
0N
#4650000
0!
b1111111000000000 #
b1 )
b1001 +
1,
b10000 -
06
b1111111000000000 8
#4655000
1!
b0 $
b1001 %
1&
b1 (
b10000 1
16
b111001111 :
b1110010 <
b1111111000000000 K
#4660000
0!
1'
b10 )
06
19
#4665000
1!
b1000000000 $
b1001 %
1&
b10 (
b1001 1
16
b111010000 :
b1101100 =
b100001010100 >
b1101100 @
b1001011 B
b111010000 D
b111010000 E
1M
1N
#4670000
0!
b1111110000000000 #
b11 )
b1010 +
1,
b10000 -
06
b1111110000000000 8
#4675000
1!
b0 $
b1001 %
0&
b11 (
b10000 1
b1 3
16
b111010001 :
b1111110000000000 K
#4680000
0!
0'
b0 )
06
09
#4685000
1!
b0 $
b1001 %
0&
b0 (
b1 )
b10000 1
b0 3
16
b111010010 :
0M
0N
#4690000
0!
b1111111000000000 #
b1 )
b1001 +
1,
b10000 -
06
b1111111000000000 8
#4695000
1!
b0 $
b1001 %
1&
b1 (
b10000 1
16
b111010011 :
b1110011 <
b1111111000000000 K
#4700000
0!
1'
b10 )
06
19
#4705000
1!
b1000000000 $
b1001 %
1&
b10 (
b1001 1
16
b111010100 :
b1101101 =
b100001010101 >
b1101101 @
b1001100 B
b111010100 D
b111010100 E
1M
1N
#4710000
0!
b1111110000000000 #
b11 )
b1010 +
1,
b10000 -
06
b1111110000000000 8
#4715000
1!
b0 $
b1001 %
0&
b11 (
b10000 1
b1 3
16
b111010101 :
b1111110000000000 K
#4720000
0!
0'
b0 )
06
09
#4725000
1!
b0 $
b1001 %
0&
b0 (
b1 )
b10000 1
b0 3
16
b111010110 :
0M
0N
#4730000
0!
b1111111000000000 #
b1 )
b1001 +
1,
b10000 -
06
b1111111000000000 8
#4735000
1!
b0 $
b1001 %
1&
b1 (
b10000 1
16
b111010111 :
b1110100 <
b1111111000000000 K
#4740000
0!
1'
b10 )
06
19
#4745000
1!
b1000000000 $
b1001 %
1&
b10 (
b1001 1
16
b111011000 :
b1101110 =
b100001010110 >
b1101110 @
b1001101 B
b111011000 D
b111011000 E
1M
1N
#4750000
0!
b1111110000000000 #
b11 )
b1010 +
1,
b10000 -
06
b1111110000000000 8
#4755000
1!
b0 $
b1001 %
0&
b11 (
b10000 1
b1 3
16
b111011001 :
b1111110000000000 K
#4760000
0!
0'
b0 )
06
09
#4765000
1!
b0 $
b1001 %
0&
b0 (
b1 )
b10000 1
b0 3
16
b111011010 :
0M
0N
#4770000
0!
b1111111000000000 #
b1 )
b1001 +
1,
b10000 -
06
b1111111000000000 8
#4775000
1!
b0 $
b1001 %
1&
b1 (
b10000 1
16
b111011011 :
b1110101 <
b1111111000000000 K
#4780000
0!
1'
b10 )
06
19
#4785000
1!
b1000000000 $
b1001 %
1&
b10 (
b1001 1
16
b111011100 :
b1101111 =
b100001010111 >
b1101111 @
b1001110 B
b111011100 D
b111011100 E
1M
1N
#4790000
0!
b1111110000000000 #
b11 )
b1010 +
1,
b10000 -
06
b1111110000000000 8
#4795000
1!
b0 $
b1001 %
0&
b11 (
b10000 1
b1 3
16
b111011101 :
b1111110000000000 K
#4800000
0!
0'
b0 )
06
09
#4805000
1!
b0 $
b1001 %
0&
b0 (
b1 )
b10000 1
b0 3
16
b111011110 :
0M
0N
#4810000
0!
b1111111000000000 #
b1 )
b1001 +
1,
b10000 -
06
b1111111000000000 8
#4815000
1!
b0 $
b1001 %
1&
b1 (
b10000 1
16
b111011111 :
b1110110 <
b1111111000000000 K
#4820000
0!
1'
b10 )
06
19
#4825000
1!
b1000000000 $
b1001 %
1&
b10 (
b1001 1
16
b111100000 :
b1110000 =
b100001011000 >
b1110000 @
b1001111 B
b111100000 D
b111100000 E
1M
1N
#4830000
0!
b1111110000000000 #
b11 )
b1010 +
1,
b10000 -
06
b1111110000000000 8
#4835000
1!
b0 $
b1001 %
0&
b11 (
b10000 1
b1 3
16
b111100001 :
b1111110000000000 K
#4840000
0!
0'
b0 )
06
09
#4845000
1!
b0 $
b1001 %
0&
b0 (
b1 )
b10000 1
b0 3
16
b111100010 :
0M
0N
#4850000
0!
b1111111000000000 #
b1 )
b1001 +
1,
b10000 -
06
b1111111000000000 8
#4855000
1!
b0 $
b1001 %
1&
b1 (
b10000 1
16
b111100011 :
b1110111 <
b1111111000000000 K
#4860000
0!
1'
b10 )
06
19
#4865000
1!
b1000000000 $
b1001 %
1&
b10 (
b1001 1
16
b111100100 :
b1110001 =
b100001011001 >
b1110001 @
b1010000 B
b111100100 D
b111100100 E
1M
1N
#4870000
0!
b1111110000000000 #
b11 )
b1010 +
1,
b10000 -
06
b1111110000000000 8
#4875000
1!
b0 $
b1001 %
0&
b11 (
b10000 1
b1 3
16
b111100101 :
b1111110000000000 K
#4880000
0!
0'
b0 )
06
09
#4885000
1!
b0 $
b1001 %
0&
b0 (
b1 )
b10000 1
b0 3
16
b111100110 :
0M
0N
#4890000
0!
06
#4895000
1!
b0 $
b1010 %
1&
b1 (
b1010 *
b10000 1
16
b111100111 :
#4900000
0!
1'
b10 )
06
19
#4905000
1!
b10000000000 $
b1010 %
1&
b10 (
b1010 1
b101000001 2
16
b111101000 :
b1110010 =
b100110011010 >
b101000001 ?
b1110010 @
b1010001 B
b111101000 D
b111101000 E
b1010 L
1M
1N
#4910000
0!
b1111100000000000 #
b11 )
b1011 +
1,
b10000 -
06
b1111100000000000 8
#4915000
1!
b0 $
b1010 %
0&
b11 (
b10000 1
b1 3
16
b111101001 :
b1111100000000000 K
#4920000
0!
0'
b0 )
06
09
#4925000
1!
b0 $
b1010 %
0&
b0 (
b1 )
b10000 1
b0 3
16
b111101010 :
0M
0N
#4930000
0!
b1111110000000000 #
b1 )
b1010 +
1,
b10000 -
06
b1111110000000000 8
#4935000
1!
b0 $
b1010 %
1&
b1 (
b10000 1
16
b111101011 :
b1111000 <
b1111110000000000 K
#4940000
0!
1'
b10 )
06
19
#4945000
1!
b10000000000 $
b1010 %
1&
b10 (
b1010 1
b1 2
16
b111101100 :
b1110011 =
b100110011011 >
b1110011 @
b1010010 B
b111101100 D
b111101100 E
1M
1N
#4950000
0!
b1111100000000000 #
b11 )
b1011 +
1,
b10000 -
06
b1111100000000000 8
#4955000
1!
b0 $
b1010 %
0&
b11 (
b10000 1
b1 3
16
b111101101 :
b1111100000000000 K
#4960000
0!
0'
b0 )
06
09
#4965000
1!
b0 $
b1010 %
0&
b0 (
b1 )
b10000 1
b0 3
16
b111101110 :
0M
0N
#4970000
0!
b1111110000000000 #
b1 )
b1010 +
1,
b10000 -
06
b1111110000000000 8
#4975000
1!
b0 $
b1010 %
1&
b1 (
b10000 1
16
b111101111 :
b1111001 <
b1111110000000000 K
#4980000
0!
1'
b10 )
06
19
#4985000
1!
b10000000000 $
b1010 %
1&
b10 (
b1010 1
16
b111110000 :
b1110100 =
b100110011100 >
b1110100 @
b1010011 B
b111110000 D
b111110000 E
1M
1N
#4990000
0!
b1111100000000000 #
b11 )
b1011 +
1,
b10000 -
06
b1111100000000000 8
#4995000
1!
b0 $
b1010 %
0&
b11 (
b10000 1
b1 3
16
b111110001 :
b1111100000000000 K
#5000000
0!
0'
b0 )
06
09
#5005000
1!
b0 $
b1010 %
0&
b0 (
b1 )
b10000 1
b0 3
16
b111110010 :
0M
0N
#5010000
0!
b1111110000000000 #
b1 )
b1010 +
1,
b10000 -
06
b1111110000000000 8
#5015000
1!
b0 $
b1010 %
1&
b1 (
b10000 1
16
b111110011 :
b1111010 <
b1111110000000000 K
#5020000
0!
1'
b10 )
06
19
#5025000
1!
b10000000000 $
b1010 %
1&
b10 (
b1010 1
16
b111110100 :
b1110101 =
b100110011101 >
b1110101 @
b1010100 B
b111110100 D
b111110100 E
1M
1N
#5030000
0!
b1111100000000000 #
b11 )
b1011 +
1,
b10000 -
06
b1111100000000000 8
#5035000
1!
b0 $
b1010 %
0&
b11 (
b10000 1
b1 3
16
b111110101 :
b1111100000000000 K
#5040000
0!
0'
b0 )
06
09
#5045000
1!
b0 $
b1010 %
0&
b0 (
b1 )
b10000 1
b0 3
16
b111110110 :
0M
0N
#5050000
0!
b1111110000000000 #
b1 )
b1010 +
1,
b10000 -
06
b1111110000000000 8
#5055000
1!
b0 $
b1010 %
1&
b1 (
b10000 1
16
b111110111 :
b1111011 <
b1111110000000000 K
#5060000
0!
1'
b10 )
06
19
#5065000
1!
b10000000000 $
b1010 %
1&
b10 (
b1010 1
16
b111111000 :
b1110110 =
b100110011110 >
b1110110 @
b1010101 B
b111111000 D
b111111000 E
1M
1N
#5070000
0!
b1111100000000000 #
b11 )
b1011 +
1,
b10000 -
06
b1111100000000000 8
#5075000
1!
b0 $
b1010 %
0&
b11 (
b10000 1
b1 3
16
b111111001 :
b1111100000000000 K
#5080000
0!
0'
b0 )
06
09
#5085000
1!
b0 $
b1010 %
0&
b0 (
b1 )
b10000 1
b0 3
16
b111111010 :
0M
0N
#5090000
0!
b1111110000000000 #
b1 )
b1010 +
1,
b10000 -
06
b1111110000000000 8
#5095000
1!
b0 $
b1010 %
1&
b1 (
b10000 1
16
b111111011 :
b1111100 <
b1111110000000000 K
#5100000
0!
1'
b10 )
06
19
#5105000
1!
b10000000000 $
b1010 %
1&
b10 (
b1010 1
16
b111111100 :
b1110111 =
b100110011111 >
b1110111 @
b1010110 B
b111111100 D
b111111100 E
1M
1N
#5110000
0!
b1111100000000000 #
b11 )
b1011 +
1,
b10000 -
06
b1111100000000000 8
#5115000
1!
b0 $
b1010 %
0&
b11 (
b10000 1
b1 3
16
b111111101 :
b1111100000000000 K
#5120000
0!
0'
b0 )
06
09
#5125000
1!
b0 $
b1010 %
0&
b0 (
b1 )
b10000 1
b0 3
16
b111111110 :
0M
0N
#5130000
0!
b1111110000000000 #
b1 )
b1010 +
1,
b10000 -
06
b1111110000000000 8
#5135000
1!
b0 $
b1010 %
1&
b1 (
b10000 1
16
b111111111 :
b1111101 <
b1111110000000000 K
#5140000
0!
1'
b10 )
06
19
#5145000
1!
b10000000000 $
b1010 %
1&
b10 (
b1010 1
16
b1000000000 :
b1111000 =
b100110100000 >
b1111000 @
b1010111 B
b1000000000 D
b1000000000 E
1M
1N
#5150000
0!
b1111100000000000 #
b11 )
b1011 +
1,
b10000 -
06
b1111100000000000 8
#5155000
1!
b0 $
b1010 %
0&
b11 (
b10000 1
b1 3
16
b1000000001 :
b1111100000000000 K
#5160000
0!
0'
b0 )
06
09
#5165000
1!
b0 $
b1010 %
0&
b0 (
b1 )
b10000 1
b0 3
16
b1000000010 :
0M
0N
#5170000
0!
b1111110000000000 #
b1 )
b1010 +
1,
b10000 -
06
b1111110000000000 8
#5175000
1!
b0 $
b1010 %
1&
b1 (
b10000 1
16
b1000000011 :
b1111110 <
b1111110000000000 K
#5180000
0!
1'
b10 )
06
19
#5185000
1!
b10000000000 $
b1010 %
1&
b10 (
b1010 1
16
b1000000100 :
b1111001 =
b100110100001 >
b1111001 @
b1011000 B
b1000000100 D
b1000000100 E
1M
1N
#5190000
0!
b1111100000000000 #
b11 )
b1011 +
1,
b10000 -
06
b1111100000000000 8
#5195000
1!
b0 $
b1010 %
0&
b11 (
b10000 1
b1 3
16
b1000000101 :
b1111100000000000 K
#5200000
0!
0'
b0 )
06
09
#5205000
1!
b0 $
b1010 %
0&
b0 (
b1 )
b10000 1
b0 3
16
b1000000110 :
0M
0N
#5210000
0!
06
#5215000
1!
b0 $
b1011 %
1&
b1 (
b1011 *
b10000 1
16
b1000000111 :
#5220000
0!
1'
b10 )
06
19
#5225000
1!
b100000000000 $
b1011 %
1&
b10 (
b1011 1
b101100001 2
16
b1000001000 :
b1111010 =
b101100000010 >
b101100001 ?
b1111010 @
b1011001 B
b1000001000 D
b1000001000 E
b1011 L
1M
1N
#5230000
0!
b1111000000000000 #
b11 )
b1100 +
1,
b10000 -
06
b1111000000000000 8
#5235000
1!
b0 $
b1011 %
0&
b11 (
b10000 1
b1 3
16
b1000001001 :
b1111000000000000 K
#5240000
0!
0'
b0 )
06
09
#5245000
1!
b0 $
b1011 %
0&
b0 (
b1 )
b10000 1
b0 3
16
b1000001010 :
0M
0N
#5250000
0!
b1111100000000000 #
b1 )
b1011 +
1,
b10000 -
06
b1111100000000000 8
#5255000
1!
b0 $
b1011 %
1&
b1 (
b10000 1
16
b1000001011 :
b1111111 <
b1111100000000000 K
#5260000
0!
1'
b10 )
06
19
#5265000
1!
b100000000000 $
b1011 %
1&
b10 (
b1011 1
b1 2
16
b1000001100 :
b1111011 =
b101100000011 >
b1111011 @
b1011010 B
b1000001100 D
b1000001100 E
1M
1N
#5270000
0!
b1111000000000000 #
b11 )
b1100 +
1,
b10000 -
06
b1111000000000000 8
#5275000
1!
b0 $
b1011 %
0&
b11 (
b10000 1
b1 3
16
b1000001101 :
b1111000000000000 K
#5280000
0!
0'
b0 )
06
09
#5285000
1!
b0 $
b1011 %
0&
b0 (
b1 )
b10000 1
b0 3
16
b1000001110 :
0M
0N
#5290000
0!
b1111100000000000 #
b1 )
b1011 +
1,
b10000 -
06
b1111100000000000 8
#5295000
1!
b0 $
b1011 %
1&
b1 (
b10000 1
16
b1000001111 :
b10000000 <
b1111100000000000 K
#5300000
0!
1'
b10 )
06
19
#5305000
1!
b100000000000 $
b1011 %
1&
b10 (
b1011 1
16
b1000010000 :
b1111100 =
b101100000100 >
b1111100 @
b1011011 B
b1000010000 D
b1000010000 E
1M
1N
#5310000
0!
b1111000000000000 #
b11 )
b1100 +
1,
b10000 -
06
b1111000000000000 8
#5315000
1!
b0 $
b1011 %
0&
b11 (
b10000 1
b1 3
16
b1000010001 :
b1111000000000000 K
#5320000
0!
0'
b0 )
06
09
#5325000
1!
b0 $
b1011 %
0&
b0 (
b1 )
b10000 1
b0 3
16
b1000010010 :
0M
0N
#5330000
0!
b1111100000000000 #
b1 )
b1011 +
1,
b10000 -
06
b1111100000000000 8
#5335000
1!
b0 $
b1011 %
1&
b1 (
b10000 1
16
b1000010011 :
b10000001 <
b1111100000000000 K
#5340000
0!
1'
b10 )
06
19
#5345000
1!
b100000000000 $
b1011 %
1&
b10 (
b1011 1
16
b1000010100 :
b1111101 =
b101100000101 >
b1111101 @
b1011100 B
b1000010100 D
b1000010100 E
1M
1N
#5350000
0!
b1111000000000000 #
b11 )
b1100 +
1,
b10000 -
06
b1111000000000000 8
#5355000
1!
b0 $
b1011 %
0&
b11 (
b10000 1
b1 3
16
b1000010101 :
b1111000000000000 K
#5360000
0!
0'
b0 )
06
09
#5365000
1!
b0 $
b1011 %
0&
b0 (
b1 )
b10000 1
b0 3
16
b1000010110 :
0M
0N
#5370000
0!
b1111100000000000 #
b1 )
b1011 +
1,
b10000 -
06
b1111100000000000 8
#5375000
1!
b0 $
b1011 %
1&
b1 (
b10000 1
16
b1000010111 :
b10000010 <
b1111100000000000 K
#5380000
0!
1'
b10 )
06
19
#5385000
1!
b100000000000 $
b1011 %
1&
b10 (
b1011 1
16
b1000011000 :
b1111110 =
b101100000110 >
b1111110 @
b1011101 B
b1000011000 D
b1000011000 E
1M
1N
#5390000
0!
b1111000000000000 #
b11 )
b1100 +
1,
b10000 -
06
b1111000000000000 8
#5395000
1!
b0 $
b1011 %
0&
b11 (
b10000 1
b1 3
16
b1000011001 :
b1111000000000000 K
#5400000
0!
0'
b0 )
06
09
#5405000
1!
b0 $
b1011 %
0&
b0 (
b1 )
b10000 1
b0 3
16
b1000011010 :
0M
0N
#5410000
0!
b1111100000000000 #
b1 )
b1011 +
1,
b10000 -
06
b1111100000000000 8
#5415000
1!
b0 $
b1011 %
1&
b1 (
b10000 1
16
b1000011011 :
b10000011 <
b1111100000000000 K
#5420000
0!
1'
b10 )
06
19
#5425000
1!
b100000000000 $
b1011 %
1&
b10 (
b1011 1
16
b1000011100 :
b1111111 =
b101100000111 >
b1111111 @
b1011110 B
b1000011100 D
b1000011100 E
1M
1N
#5430000
0!
b1111000000000000 #
b11 )
b1100 +
1,
b10000 -
06
b1111000000000000 8
#5435000
1!
b0 $
b1011 %
0&
b11 (
b10000 1
b1 3
16
b1000011101 :
b1111000000000000 K
#5440000
0!
0'
b0 )
06
09
#5445000
1!
b0 $
b1011 %
0&
b0 (
b1 )
b10000 1
b0 3
16
b1000011110 :
0M
0N
#5450000
0!
b1111100000000000 #
b1 )
b1011 +
1,
b10000 -
06
b1111100000000000 8
#5455000
1!
b0 $
b1011 %
1&
b1 (
b10000 1
16
b1000011111 :
b10000100 <
b1111100000000000 K
#5460000
0!
1'
b10 )
06
19
#5465000
1!
b100000000000 $
b1011 %
1&
b10 (
b1011 1
16
b1000100000 :
b10000000 =
b101100001000 >
b10000000 @
b1011111 B
b1000100000 D
b1000100000 E
1M
1N
#5470000
0!
b1111000000000000 #
b11 )
b1100 +
1,
b10000 -
06
b1111000000000000 8
#5475000
1!
b0 $
b1011 %
0&
b11 (
b10000 1
b1 3
16
b1000100001 :
b1111000000000000 K
#5480000
0!
0'
b0 )
06
09
#5485000
1!
b0 $
b1011 %
0&
b0 (
b1 )
b10000 1
b0 3
16
b1000100010 :
0M
0N
#5490000
0!
b1111100000000000 #
b1 )
b1011 +
1,
b10000 -
06
b1111100000000000 8
#5495000
1!
b0 $
b1011 %
1&
b1 (
b10000 1
16
b1000100011 :
b10000101 <
b1111100000000000 K
#5500000
0!
1'
b10 )
06
19
#5505000
1!
b100000000000 $
b1011 %
1&
b10 (
b1011 1
16
b1000100100 :
b10000001 =
b101100001001 >
b10000001 @
b1100000 B
b1000100100 D
b1000100100 E
1M
1N
#5510000
0!
b1111000000000000 #
b11 )
b1100 +
1,
b10000 -
06
b1111000000000000 8
#5515000
1!
b0 $
b1011 %
0&
b11 (
b10000 1
b1 3
16
b1000100101 :
b1111000000000000 K
#5520000
0!
0'
b0 )
06
09
#5525000
1!
b0 $
b1011 %
0&
b0 (
b1 )
b10000 1
b0 3
16
b1000100110 :
0M
0N
#5530000
0!
06
#5535000
1!
b0 $
b1100 %
1&
b1 (
b1100 *
b10000 1
16
b1000100111 :
#5540000
0!
1'
b10 )
06
19
#5545000
1!
b1000000000000 $
b1100 %
1&
b10 (
b1100 1
b110000001 2
16
b1000101000 :
b10000010 =
b110010001010 >
b110000001 ?
b10000010 @
b1100001 B
b1000101000 D
b1000101000 E
b1100 L
1M
1N
#5550000
0!
b1110000000000000 #
b11 )
b1101 +
1,
b10000 -
06
b1110000000000000 8
#5555000
1!
b0 $
b1100 %
0&
b11 (
b10000 1
b1 3
16
b1000101001 :
b1110000000000000 K
#5560000
0!
0'
b0 )
06
09
#5565000
1!
b0 $
b1100 %
0&
b0 (
b1 )
b10000 1
b0 3
16
b1000101010 :
0M
0N
#5570000
0!
b1111000000000000 #
b1 )
b1100 +
1,
b10000 -
06
b1111000000000000 8
#5575000
1!
b0 $
b1100 %
1&
b1 (
b10000 1
16
b1000101011 :
b10000110 <
b1111000000000000 K
#5580000
0!
1'
b10 )
06
19
#5585000
1!
b1000000000000 $
b1100 %
1&
b10 (
b1100 1
b1 2
16
b1000101100 :
b10000011 =
b110010001011 >
b10000011 @
b1100010 B
b1000101100 D
b1000101100 E
1M
1N
#5590000
0!
b1110000000000000 #
b11 )
b1101 +
1,
b10000 -
06
b1110000000000000 8
#5595000
1!
b0 $
b1100 %
0&
b11 (
b10000 1
b1 3
16
b1000101101 :
b1110000000000000 K
#5600000
0!
0'
b0 )
06
09
#5605000
1!
b0 $
b1100 %
0&
b0 (
b1 )
b10000 1
b0 3
16
b1000101110 :
0M
0N
#5610000
0!
b1111000000000000 #
b1 )
b1100 +
1,
b10000 -
06
b1111000000000000 8
#5615000
1!
b0 $
b1100 %
1&
b1 (
b10000 1
16
b1000101111 :
b10000111 <
b1111000000000000 K
#5620000
0!
1'
b10 )
06
19
#5625000
1!
b1000000000000 $
b1100 %
1&
b10 (
b1100 1
16
b1000110000 :
b10000100 =
b110010001100 >
b10000100 @
b1100011 B
b1000110000 D
b1000110000 E
1M
1N
#5630000
0!
b1110000000000000 #
b11 )
b1101 +
1,
b10000 -
06
b1110000000000000 8
#5635000
1!
b0 $
b1100 %
0&
b11 (
b10000 1
b1 3
16
b1000110001 :
b1110000000000000 K
#5640000
0!
0'
b0 )
06
09
#5645000
1!
b0 $
b1100 %
0&
b0 (
b1 )
b10000 1
b0 3
16
b1000110010 :
0M
0N
#5650000
0!
b1111000000000000 #
b1 )
b1100 +
1,
b10000 -
06
b1111000000000000 8
#5655000
1!
b0 $
b1100 %
1&
b1 (
b10000 1
16
b1000110011 :
b10001000 <
b1111000000000000 K
#5660000
0!
1'
b10 )
06
19
#5665000
1!
b1000000000000 $
b1100 %
1&
b10 (
b1100 1
16
b1000110100 :
b10000101 =
b110010001101 >
b10000101 @
b1100100 B
b1000110100 D
b1000110100 E
1M
1N
#5670000
0!
b1110000000000000 #
b11 )
b1101 +
1,
b10000 -
06
b1110000000000000 8
#5675000
1!
b0 $
b1100 %
0&
b11 (
b10000 1
b1 3
16
b1000110101 :
b1110000000000000 K
#5680000
0!
0'
b0 )
06
09
#5685000
1!
b0 $
b1100 %
0&
b0 (
b1 )
b10000 1
b0 3
16
b1000110110 :
0M
0N
#5690000
0!
b1111000000000000 #
b1 )
b1100 +
1,
b10000 -
06
b1111000000000000 8
#5695000
1!
b0 $
b1100 %
1&
b1 (
b10000 1
16
b1000110111 :
b10001001 <
b1111000000000000 K
#5700000
0!
1'
b10 )
06
19
#5705000
1!
b1000000000000 $
b1100 %
1&
b10 (
b1100 1
16
b1000111000 :
b10000110 =
b110010001110 >
b10000110 @
b1100101 B
b1000111000 D
b1000111000 E
1M
1N
#5710000
0!
b1110000000000000 #
b11 )
b1101 +
1,
b10000 -
06
b1110000000000000 8
#5715000
1!
b0 $
b1100 %
0&
b11 (
b10000 1
b1 3
16
b1000111001 :
b1110000000000000 K
#5720000
0!
0'
b0 )
06
09
#5725000
1!
b0 $
b1100 %
0&
b0 (
b1 )
b10000 1
b0 3
16
b1000111010 :
0M
0N
#5730000
0!
b1111000000000000 #
b1 )
b1100 +
1,
b10000 -
06
b1111000000000000 8
#5735000
1!
b0 $
b1100 %
1&
b1 (
b10000 1
16
b1000111011 :
b10001010 <
b1111000000000000 K
#5740000
0!
1'
b10 )
06
19
#5745000
1!
b1000000000000 $
b1100 %
1&
b10 (
b1100 1
16
b1000111100 :
b10000111 =
b110010001111 >
b10000111 @
b1100110 B
b1000111100 D
b1000111100 E
1M
1N
#5750000
0!
b1110000000000000 #
b11 )
b1101 +
1,
b10000 -
06
b1110000000000000 8
#5755000
1!
b0 $
b1100 %
0&
b11 (
b10000 1
b1 3
16
b1000111101 :
b1110000000000000 K
#5760000
0!
0'
b0 )
06
09
#5765000
1!
b0 $
b1100 %
0&
b0 (
b1 )
b10000 1
b0 3
16
b1000111110 :
0M
0N
#5770000
0!
b1111000000000000 #
b1 )
b1100 +
1,
b10000 -
06
b1111000000000000 8
#5775000
1!
b0 $
b1100 %
1&
b1 (
b10000 1
16
b1000111111 :
b10001011 <
b1111000000000000 K
#5780000
0!
1'
b10 )
06
19
#5785000
1!
b1000000000000 $
b1100 %
1&
b10 (
b1100 1
16
b1001000000 :
b10001000 =
b110010010000 >
b10001000 @
b1100111 B
b1001000000 D
b1001000000 E
1M
1N
#5790000
0!
b1110000000000000 #
b11 )
b1101 +
1,
b10000 -
06
b1110000000000000 8
#5795000
1!
b0 $
b1100 %
0&
b11 (
b10000 1
b1 3
16
b1001000001 :
b1110000000000000 K
#5800000
0!
0'
b0 )
06
09
#5805000
1!
b0 $
b1100 %
0&
b0 (
b1 )
b10000 1
b0 3
16
b1001000010 :
0M
0N
#5810000
0!
b1111000000000000 #
b1 )
b1100 +
1,
b10000 -
06
b1111000000000000 8
#5815000
1!
b0 $
b1100 %
1&
b1 (
b10000 1
16
b1001000011 :
b10001100 <
b1111000000000000 K
#5820000
0!
1'
b10 )
06
19
#5825000
1!
b1000000000000 $
b1100 %
1&
b10 (
b1100 1
16
b1001000100 :
b10001001 =
b110010010001 >
b10001001 @
b1101000 B
b1001000100 D
b1001000100 E
1M
1N
#5830000
0!
b1110000000000000 #
b11 )
b1101 +
1,
b10000 -
06
b1110000000000000 8
#5835000
1!
b0 $
b1100 %
0&
b11 (
b10000 1
b1 3
16
b1001000101 :
b1110000000000000 K
#5840000
0!
0'
b0 )
06
09
#5845000
1!
b0 $
b1100 %
0&
b0 (
b1 )
b10000 1
b0 3
16
b1001000110 :
0M
0N
#5850000
0!
06
#5855000
1!
b0 $
b1101 %
1&
b1 (
b1101 *
b10000 1
16
b1001000111 :
#5860000
0!
1'
b10 )
06
19
#5865000
1!
b10000000000000 $
b1101 %
1&
b10 (
b1101 1
b110100001 2
16
b1001001000 :
b10001010 =
b111000110010 >
b110100001 ?
b10001010 @
b1101001 B
b1001001000 D
b1001001000 E
b1101 L
1M
1N
#5870000
0!
b1100000000000000 #
b11 )
b1110 +
1,
b10000 -
06
b1100000000000000 8
#5875000
1!
b0 $
b1101 %
0&
b11 (
b10000 1
b1 3
16
b1001001001 :
b1100000000000000 K
#5880000
0!
0'
b0 )
06
09
#5885000
1!
b0 $
b1101 %
0&
b0 (
b1 )
b10000 1
b0 3
16
b1001001010 :
0M
0N
#5890000
0!
b1110000000000000 #
b1 )
b1101 +
1,
b10000 -
06
b1110000000000000 8
#5895000
1!
b0 $
b1101 %
1&
b1 (
b10000 1
16
b1001001011 :
b10001101 <
b1110000000000000 K
#5900000
0!
1'
b10 )
06
19
#5905000
1!
b10000000000000 $
b1101 %
1&
b10 (
b1101 1
b1 2
16
b1001001100 :
b10001011 =
b111000110011 >
b10001011 @
b1101010 B
b1001001100 D
b1001001100 E
1M
1N
#5910000
0!
b1100000000000000 #
b11 )
b1110 +
1,
b10000 -
06
b1100000000000000 8
#5915000
1!
b0 $
b1101 %
0&
b11 (
b10000 1
b1 3
16
b1001001101 :
b1100000000000000 K
#5920000
0!
0'
b0 )
06
09
#5925000
1!
b0 $
b1101 %
0&
b0 (
b1 )
b10000 1
b0 3
16
b1001001110 :
0M
0N
#5930000
0!
b1110000000000000 #
b1 )
b1101 +
1,
b10000 -
06
b1110000000000000 8
#5935000
1!
b0 $
b1101 %
1&
b1 (
b10000 1
16
b1001001111 :
b10001110 <
b1110000000000000 K
#5940000
0!
1'
b10 )
06
19
#5945000
1!
b10000000000000 $
b1101 %
1&
b10 (
b1101 1
16
b1001010000 :
b10001100 =
b111000110100 >
b10001100 @
b1101011 B
b1001010000 D
b1001010000 E
1M
1N
#5950000
0!
b1100000000000000 #
b11 )
b1110 +
1,
b10000 -
06
b1100000000000000 8
#5955000
1!
b0 $
b1101 %
0&
b11 (
b10000 1
b1 3
16
b1001010001 :
b1100000000000000 K
#5960000
0!
0'
b0 )
06
09
#5965000
1!
b0 $
b1101 %
0&
b0 (
b1 )
b10000 1
b0 3
16
b1001010010 :
0M
0N
#5970000
0!
b1110000000000000 #
b1 )
b1101 +
1,
b10000 -
06
b1110000000000000 8
#5975000
1!
b0 $
b1101 %
1&
b1 (
b10000 1
16
b1001010011 :
b10001111 <
b1110000000000000 K
#5980000
0!
1'
b10 )
06
19
#5985000
1!
b10000000000000 $
b1101 %
1&
b10 (
b1101 1
16
b1001010100 :
b10001101 =
b111000110101 >
b10001101 @
b1101100 B
b1001010100 D
b1001010100 E
1M
1N
#5990000
0!
b1100000000000000 #
b11 )
b1110 +
1,
b10000 -
06
b1100000000000000 8
#5995000
1!
b0 $
b1101 %
0&
b11 (
b10000 1
b1 3
16
b1001010101 :
b1100000000000000 K
#6000000
0!
0'
b0 )
06
09
#6005000
1!
b0 $
b1101 %
0&
b0 (
b1 )
b10000 1
b0 3
16
b1001010110 :
0M
0N
#6010000
0!
b1110000000000000 #
b1 )
b1101 +
1,
b10000 -
06
b1110000000000000 8
#6015000
1!
b0 $
b1101 %
1&
b1 (
b10000 1
16
b1001010111 :
b10010000 <
b1110000000000000 K
#6020000
0!
1'
b10 )
06
19
#6025000
1!
b10000000000000 $
b1101 %
1&
b10 (
b1101 1
16
b1001011000 :
b10001110 =
b111000110110 >
b10001110 @
b1101101 B
b1001011000 D
b1001011000 E
1M
1N
#6030000
0!
b1100000000000000 #
b11 )
b1110 +
1,
b10000 -
06
b1100000000000000 8
#6035000
1!
b0 $
b1101 %
0&
b11 (
b10000 1
b1 3
16
b1001011001 :
b1100000000000000 K
#6040000
0!
0'
b0 )
06
09
#6045000
1!
b0 $
b1101 %
0&
b0 (
b1 )
b10000 1
b0 3
16
b1001011010 :
0M
0N
#6050000
0!
b1110000000000000 #
b1 )
b1101 +
1,
b10000 -
06
b1110000000000000 8
#6055000
1!
b0 $
b1101 %
1&
b1 (
b10000 1
16
b1001011011 :
b10010001 <
b1110000000000000 K
#6060000
0!
1'
b10 )
06
19
#6065000
1!
b10000000000000 $
b1101 %
1&
b10 (
b1101 1
16
b1001011100 :
b10001111 =
b111000110111 >
b10001111 @
b1101110 B
b1001011100 D
b1001011100 E
1M
1N
#6070000
0!
b1100000000000000 #
b11 )
b1110 +
1,
b10000 -
06
b1100000000000000 8
#6075000
1!
b0 $
b1101 %
0&
b11 (
b10000 1
b1 3
16
b1001011101 :
b1100000000000000 K
#6080000
0!
0'
b0 )
06
09
#6085000
1!
b0 $
b1101 %
0&
b0 (
b1 )
b10000 1
b0 3
16
b1001011110 :
0M
0N
#6090000
0!
b1110000000000000 #
b1 )
b1101 +
1,
b10000 -
06
b1110000000000000 8
#6095000
1!
b0 $
b1101 %
1&
b1 (
b10000 1
16
b1001011111 :
b10010010 <
b1110000000000000 K
#6100000
0!
1'
b10 )
06
19
#6105000
1!
b10000000000000 $
b1101 %
1&
b10 (
b1101 1
16
b1001100000 :
b10010000 =
b111000111000 >
b10010000 @
b1101111 B
b1001100000 D
b1001100000 E
1M
1N
#6110000
0!
b1100000000000000 #
b11 )
b1110 +
1,
b10000 -
06
b1100000000000000 8
#6115000
1!
b0 $
b1101 %
0&
b11 (
b10000 1
b1 3
16
b1001100001 :
b1100000000000000 K
#6120000
0!
0'
b0 )
06
09
#6125000
1!
b0 $
b1101 %
0&
b0 (
b1 )
b10000 1
b0 3
16
b1001100010 :
0M
0N
#6130000
0!
b1110000000000000 #
b1 )
b1101 +
1,
b10000 -
06
b1110000000000000 8
#6135000
1!
b0 $
b1101 %
1&
b1 (
b10000 1
16
b1001100011 :
b10010011 <
b1110000000000000 K
#6140000
0!
1'
b10 )
06
19
#6145000
1!
b10000000000000 $
b1101 %
1&
b10 (
b1101 1
16
b1001100100 :
b10010001 =
b111000111001 >
b10010001 @
b1110000 B
b1001100100 D
b1001100100 E
1M
1N
#6150000
0!
b1100000000000000 #
b11 )
b1110 +
1,
b10000 -
06
b1100000000000000 8
#6155000
1!
b0 $
b1101 %
0&
b11 (
b10000 1
b1 3
16
b1001100101 :
b1100000000000000 K
#6160000
0!
0'
b0 )
06
09
#6165000
1!
b0 $
b1101 %
0&
b0 (
b1 )
b10000 1
b0 3
16
b1001100110 :
0M
0N
#6170000
0!
06
#6175000
1!
b0 $
b1110 %
1&
b1 (
b1110 *
b10000 1
16
b1001100111 :
#6180000
0!
1'
b10 )
06
19
#6185000
1!
b100000000000000 $
b1110 %
1&
b10 (
b1110 1
b111000001 2
16
b1001101000 :
b10010010 =
b111111111010 >
b111000001 ?
b10010010 @
b1110001 B
b1001101000 D
b1001101000 E
b1110 L
1M
1N
#6190000
0!
b1000000000000000 #
b11 )
b1111 +
1,
b10000 -
06
b1000000000000000 8
#6195000
1!
b0 $
b1110 %
0&
b11 (
b10000 1
b1 3
16
b1001101001 :
b1000000000000000 K
#6200000
0!
0'
b0 )
06
09
#6205000
1!
b0 $
b1110 %
0&
b0 (
b1 )
b10000 1
b0 3
16
b1001101010 :
0M
0N
#6210000
0!
b1100000000000000 #
b1 )
b1110 +
1,
b10000 -
06
b1100000000000000 8
#6215000
1!
b0 $
b1110 %
1&
b1 (
b10000 1
16
b1001101011 :
b10010100 <
b1100000000000000 K
#6220000
0!
1'
b10 )
06
19
#6225000
1!
b100000000000000 $
b1110 %
1&
b10 (
b1110 1
b1 2
16
b1001101100 :
b10010011 =
b111111111011 >
b10010011 @
b1110010 B
b1001101100 D
b1001101100 E
1M
1N
#6230000
0!
b1000000000000000 #
b11 )
b1111 +
1,
b10000 -
06
b1000000000000000 8
#6235000
1!
b0 $
b1110 %
0&
b11 (
b10000 1
b1 3
16
b1001101101 :
b1000000000000000 K
#6240000
0!
0'
b0 )
06
09
#6245000
1!
b0 $
b1110 %
0&
b0 (
b1 )
b10000 1
b0 3
16
b1001101110 :
0M
0N
#6250000
0!
b1100000000000000 #
b1 )
b1110 +
1,
b10000 -
06
b1100000000000000 8
#6255000
1!
b0 $
b1110 %
1&
b1 (
b10000 1
16
b1001101111 :
b10010101 <
b1100000000000000 K
#6260000
0!
1'
b10 )
06
19
#6265000
1!
b100000000000000 $
b1110 %
1&
b10 (
b1110 1
16
b1001110000 :
b10010100 =
b111111111100 >
b10010100 @
b1110011 B
b1001110000 D
b1001110000 E
1M
1N
#6270000
0!
b1000000000000000 #
b11 )
b1111 +
1,
b10000 -
06
b1000000000000000 8
#6275000
1!
b0 $
b1110 %
0&
b11 (
b10000 1
b1 3
16
b1001110001 :
b1000000000000000 K
#6280000
0!
0'
b0 )
06
09
#6285000
1!
b0 $
b1110 %
0&
b0 (
b1 )
b10000 1
b0 3
16
b1001110010 :
0M
0N
#6290000
0!
b1100000000000000 #
b1 )
b1110 +
1,
b10000 -
06
b1100000000000000 8
#6295000
1!
b0 $
b1110 %
1&
b1 (
b10000 1
16
b1001110011 :
b10010110 <
b1100000000000000 K
#6300000
0!
1'
b10 )
06
19
#6305000
1!
b100000000000000 $
b1110 %
1&
b10 (
b1110 1
16
b1001110100 :
b10010101 =
b111111111101 >
b10010101 @
b1110100 B
b1001110100 D
b1001110100 E
1M
1N
#6310000
0!
b1000000000000000 #
b11 )
b1111 +
1,
b10000 -
06
b1000000000000000 8
#6315000
1!
b0 $
b1110 %
0&
b11 (
b10000 1
b1 3
16
b1001110101 :
b1000000000000000 K
#6320000
0!
0'
b0 )
06
09
#6325000
1!
b0 $
b1110 %
0&
b0 (
b1 )
b10000 1
b0 3
16
b1001110110 :
0M
0N
#6330000
0!
b1100000000000000 #
b1 )
b1110 +
1,
b10000 -
06
b1100000000000000 8
#6335000
1!
b0 $
b1110 %
1&
b1 (
b10000 1
16
b1001110111 :
b10010111 <
b1100000000000000 K
#6340000
0!
1'
b10 )
06
19
#6345000
1!
b100000000000000 $
b1110 %
1&
b10 (
b1110 1
16
b1001111000 :
b10010110 =
b111111111110 >
b10010110 @
b1110101 B
b1001111000 D
b1001111000 E
1M
1N
#6350000
0!
b1000000000000000 #
b11 )
b1111 +
1,
b10000 -
06
b1000000000000000 8
#6355000
1!
b0 $
b1110 %
0&
b11 (
b10000 1
b1 3
16
b1001111001 :
b1000000000000000 K
#6360000
0!
0'
b0 )
06
09
#6365000
1!
b0 $
b1110 %
0&
b0 (
b1 )
b10000 1
b0 3
16
b1001111010 :
0M
0N
#6370000
0!
b1100000000000000 #
b1 )
b1110 +
1,
b10000 -
06
b1100000000000000 8
#6375000
1!
b0 $
b1110 %
1&
b1 (
b10000 1
16
b1001111011 :
b10011000 <
b1100000000000000 K
#6380000
0!
1'
b10 )
06
19
#6385000
1!
b100000000000000 $
b1110 %
1&
b10 (
b1110 1
16
b1001111100 :
b10010111 =
b111111111111 >
b10010111 @
b1110110 B
b1001111100 D
b1001111100 E
1M
1N
#6390000
0!
b1000000000000000 #
b11 )
b1111 +
1,
b10000 -
06
b1000000000000000 8
#6395000
1!
b0 $
b1110 %
0&
b11 (
b10000 1
b1 3
16
b1001111101 :
b1000000000000000 K
#6400000
0!
0'
b0 )
06
09
#6405000
1!
b0 $
b1110 %
0&
b0 (
b1 )
b10000 1
b0 3
16
b1001111110 :
0M
0N
#6410000
0!
b1100000000000000 #
b1 )
b1110 +
1,
b10000 -
06
b1100000000000000 8
#6415000
1!
b0 $
b1110 %
1&
b1 (
b10000 1
16
b1001111111 :
b10011001 <
b1100000000000000 K
#6420000
0!
1'
b10 )
06
19
#6425000
1!
b100000000000000 $
b1110 %
1&
b10 (
b1110 1
16
b1010000000 :
b10011000 =
b1000000000000 >
b10011000 @
b1110111 B
b1010000000 D
b1010000000 E
1M
1N
#6430000
0!
b1000000000000000 #
b11 )
b1111 +
1,
b10000 -
06
b1000000000000000 8
#6435000
1!
b0 $
b1110 %
0&
b11 (
b10000 1
b1 3
16
b1010000001 :
b1000000000000000 K
#6440000
0!
0'
b0 )
06
09
#6445000
1!
b0 $
b1110 %
0&
b0 (
b1 )
b10000 1
b0 3
16
b1010000010 :
0M
0N
#6450000
0!
b1100000000000000 #
b1 )
b1110 +
1,
b10000 -
06
b1100000000000000 8
#6455000
1!
b0 $
b1110 %
1&
b1 (
b10000 1
16
b1010000011 :
b10011010 <
b1100000000000000 K
#6460000
0!
1'
b10 )
06
19
#6465000
1!
b100000000000000 $
b1110 %
1&
b10 (
b1110 1
16
b1010000100 :
b10011001 =
b1000000000001 >
b10011001 @
b1111000 B
b1010000100 D
b1010000100 E
1M
1N
#6470000
0!
b1000000000000000 #
b11 )
b1111 +
1,
b10000 -
06
b1000000000000000 8
#6475000
1!
b0 $
b1110 %
0&
b11 (
b10000 1
b1 3
16
b1010000101 :
b1000000000000000 K
#6480000
0!
0'
b0 )
06
09
#6485000
1!
b0 $
b1110 %
0&
b0 (
b1 )
b10000 1
b0 3
16
b1010000110 :
0M
0N
#6490000
0!
06
#6495000
1!
b0 $
b1111 %
1&
b1 (
b1111 *
b10000 1
16
b1010000111 :
#6500000
0!
1'
b10 )
06
19
#6505000
1!
b1000000000000000 $
b1111 %
1&
b10 (
b1111 1
b111100001 2
16
b1010001000 :
b10011010 =
b1000111100010 >
b111100001 ?
b10011010 @
b1111001 B
b1010001000 D
b1010001000 E
b1111 L
1M
1N
#6510000
0!
b0 #
b11 )
b0 +
0,
b10000 -
06
b0 8
#6515000
1!
b0 $
b1111 %
0&
b11 (
b10000 1
b1 3
16
b1010001001 :
b0 K
#6520000
0!
0'
b0 )
06
09
#6525000
1!
b0 $
b1111 %
0&
b0 (
b10000 1
b0 3
16
b1010001010 :
0M
0N
#6530000
0!
b1000000000000000 #
b1 )
b1111 +
1,
b10000 -
06
b1000000000000000 8
#6535000
1!
b0 $
b1111 %
1&
b1 (
b10000 1
16
b1010001011 :
b10011011 <
b1000000000000000 K
#6540000
0!
1'
b10 )
06
19
#6545000
1!
b1000000000000000 $
b1111 %
1&
b10 (
b1111 1
b1 2
16
b1010001100 :
b10011011 =
b1000111100011 >
b10011011 @
b1111010 B
b1010001100 D
b1010001100 E
1M
1N
#6550000
0!
b0 #
b11 )
b0 +
0,
b10000 -
06
b0 8
#6555000
1!
b0 $
b1111 %
0&
b11 (
b10000 1
b1 3
16
b1010001101 :
b0 K
#6560000
0!
0'
b0 )
06
09
#6565000
1!
b0 $
b1111 %
0&
b0 (
b10000 1
b0 3
16
b1010001110 :
0M
0N
#6570000
0!
b1000000000000000 #
b1 )
b1111 +
1,
b10000 -
06
b1000000000000000 8
#6575000
1!
b0 $
b1111 %
1&
b1 (
b10000 1
16
b1010001111 :
b10011100 <
b1000000000000000 K
#6580000
0!
1'
b10 )
06
19
#6585000
1!
b1000000000000000 $
b1111 %
1&
b10 (
b1111 1
16
b1010010000 :
b10011100 =
b1000111100100 >
b10011100 @
b1111011 B
b1010010000 D
b1010010000 E
1M
1N
#6590000
0!
b0 #
b11 )
b0 +
0,
b10000 -
06
b0 8
#6595000
1!
b0 $
b1111 %
0&
b11 (
b10000 1
b1 3
16
b1010010001 :
b0 K
#6600000
0!
0'
b0 )
06
09
#6605000
1!
b0 $
b1111 %
0&
b0 (
b10000 1
b0 3
16
b1010010010 :
0M
0N
#6610000
0!
b1000000000000000 #
b1 )
b1111 +
1,
b10000 -
06
b1000000000000000 8
#6615000
1!
b0 $
b1111 %
1&
b1 (
b10000 1
16
b1010010011 :
b10011101 <
b1000000000000000 K
#6620000
0!
1'
b10 )
06
19
#6625000
1!
b1000000000000000 $
b1111 %
1&
b10 (
b1111 1
16
b1010010100 :
b10011101 =
b1000111100101 >
b10011101 @
b1111100 B
b1010010100 D
b1010010100 E
1M
1N
#6630000
0!
b0 #
b11 )
b0 +
0,
b10000 -
06
b0 8
#6635000
1!
b0 $
b1111 %
0&
b11 (
b10000 1
b1 3
16
b1010010101 :
b0 K
#6640000
0!
0'
b0 )
06
09
#6645000
1!
b0 $
b1111 %
0&
b0 (
b10000 1
b0 3
16
b1010010110 :
0M
0N
#6650000
0!
b1000000000000000 #
b1 )
b1111 +
1,
b10000 -
06
b1000000000000000 8
#6655000
1!
b0 $
b1111 %
1&
b1 (
b10000 1
16
b1010010111 :
b10011110 <
b1000000000000000 K
#6660000
0!
1'
b10 )
06
19
#6665000
1!
b1000000000000000 $
b1111 %
1&
b10 (
b1111 1
16
b1010011000 :
b10011110 =
b1000111100110 >
b10011110 @
b1111101 B
b1010011000 D
b1010011000 E
1M
1N
#6670000
0!
b0 #
b11 )
b0 +
0,
b10000 -
06
b0 8
#6675000
1!
b0 $
b1111 %
0&
b11 (
b10000 1
b1 3
16
b1010011001 :
b0 K
#6680000
0!
0'
b0 )
06
09
#6685000
1!
b0 $
b1111 %
0&
b0 (
b10000 1
b0 3
16
b1010011010 :
0M
0N
#6690000
0!
b1000000000000000 #
b1 )
b1111 +
1,
b10000 -
06
b1000000000000000 8
#6695000
1!
b0 $
b1111 %
1&
b1 (
b10000 1
16
b1010011011 :
b10011111 <
b1000000000000000 K
#6700000
0!
1'
b10 )
06
19
#6705000
1!
b1000000000000000 $
b1111 %
1&
b10 (
b1111 1
16
b1010011100 :
b10011111 =
b1000111100111 >
b10011111 @
b1111110 B
b1010011100 D
b1010011100 E
1M
1N
#6710000
0!
b0 #
b11 )
b0 +
0,
b10000 -
06
b0 8
#6715000
1!
b0 $
b1111 %
0&
b11 (
b10000 1
b1 3
16
b1010011101 :
b0 K
#6720000
0!
0'
b0 )
06
09
#6725000
1!
b0 $
b1111 %
0&
b0 (
b10000 1
b0 3
16
b1010011110 :
0M
0N
#6730000
0!
b1000000000000000 #
b1 )
b1111 +
1,
b10000 -
06
b1000000000000000 8
#6735000
1!
b0 $
b1111 %
1&
b1 (
b10000 1
16
b1010011111 :
b10100000 <
b1000000000000000 K
#6740000
0!
1'
b10 )
06
19
#6745000
1!
b1000000000000000 $
b1111 %
1&
b10 (
b1111 1
16
b1010100000 :
b10100000 =
b1000111101000 >
b10100000 @
b1111111 B
b1010100000 D
b1010100000 E
1M
1N
#6750000
0!
b0 #
b11 )
b0 +
0,
b10000 -
06
b0 8
#6755000
1!
b0 $
b1111 %
0&
b11 (
b10000 1
b1 3
16
b1010100001 :
b0 K
#6760000
0!
0'
b0 )
06
09
#6765000
1!
b0 $
b1111 %
0&
b0 (
b10000 1
b0 3
16
b1010100010 :
0M
0N
#6770000
0!
b1000000000000000 #
b1 )
b1111 +
1,
b10000 -
06
b1000000000000000 8
#6775000
1!
b0 $
b1111 %
1&
b1 (
b10000 1
16
b1010100011 :
b10100001 <
b1000000000000000 K
#6780000
0!
1'
b10 )
06
19
#6785000
1!
b1000000000000000 $
b1111 %
1&
b10 (
b1111 1
16
b1010100100 :
b10100001 =
b1000111101001 >
b10100001 @
b10000000 B
b1010100100 D
b1010100100 E
1M
1N
#6790000
0!
b0 #
b11 )
b0 +
0,
b10000 -
06
b0 8
#6795000
1!
b0 $
b1111 %
0&
b11 (
b10000 1
b1 3
16
b1010100101 :
b0 K
#6800000
0!
0'
b0 )
b10101110 4
06
09
b0 A
b0 I
#6805000
1!
b0 $
b1111 %
0&
b0 (
b10000 1
b0 3
16
b1010100110 :
0M
0N
#6810000
0!
b1000000000000001 #
b1 )
1,
b10000 -
06
b1000000000000001 8
#6815000
1!
b0 $
b0 %
1&
b1 (
b0 *
b10000 1
16
b1010100111 :
b10100011 <
b1000000000000001 K
#6820000
0!
1'
b10 )
06
19
#6825000
1!
b1 $
b0 %
1&
b10 (
b0 1
16
b1010101000 :
b10100010 =
b1000111101010 >
b10100010 @
b0 L
1M
1N
#6830000
0!
b1000000000000000 #
b11 )
b1111 +
1,
b10000 -
06
b1000000000000000 8
#6835000
1!
b0 $
b0 %
0&
b11 (
b10000 1
b1 3
16
b1010101001 :
b1000000000000000 K
#6840000
0!
0'
b0 )
06
09
b1 I
#6845000
1!
b0 $
b0 %
0&
b0 (
b1 )
b10000 1
b0 3
16
b1010101010 :
0M
0N
#6850000
0!
b1000000000000001 #
b1 )
b0 +
1,
b10000 -
06
b1000000000000001 8
#6855000
1!
b0 $
b0 %
1&
b1 (
b10000 1
16
b1010101011 :
b10100100 <
b1000000000000001 K
#6860000
0!
1'
b10 )
06
19
#6865000
1!
b1 $
b0 %
1&
b10 (
b0 1
16
b1010101100 :
b10100011 =
b1000111101011 >
b10100011 @
1M
1N
#6870000
0!
b1000000000000000 #
b11 )
b1111 +
1,
b10000 -
06
b1000000000000000 8
#6875000
1!
b0 $
b0 %
0&
b11 (
b10000 1
b1 3
16
b1010101101 :
b1000000000000000 K
#6880000
0!
0'
b0 )
06
09
b10 I
#6885000
1!
b0 $
b0 %
0&
b0 (
b1 )
b10000 1
b0 3
16
b1010101110 :
0M
0N
#6890000
0!
b1000000000000001 #
b1 )
b0 +
1,
b10000 -
06
b1000000000000001 8
#6895000
1!
b0 $
b0 %
1&
b1 (
b10000 1
16
b1010101111 :
b10100101 <
b1000000000000001 K
#6900000
0!
1'
b10 )
06
19
#6905000
1!
b1 $
b0 %
1&
b10 (
b0 1
16
b1010110000 :
b10100100 =
b1000111101100 >
b10100100 @
1M
1N
#6910000
0!
b1000000000000000 #
b11 )
b1111 +
1,
b10000 -
06
b1000000000000000 8
#6915000
1!
b0 $
b0 %
0&
b11 (
b10000 1
b1 3
16
b1010110001 :
b1000000000000000 K
#6920000
0!
0'
b0 )
06
09
b11 I
#6925000
1!
b0 $
b0 %
0&
b0 (
b1 )
b10000 1
b0 3
16
b1010110010 :
0M
0N
#6930000
0!
b1000000000000001 #
b1 )
b0 +
1,
b10000 -
06
b1000000000000001 8
#6935000
1!
b0 $
b0 %
1&
b1 (
b10000 1
16
b1010110011 :
b10100110 <
b1000000000000001 K
#6940000
0!
1'
b10 )
06
19
#6945000
1!
b1 $
b0 %
1&
b10 (
b0 1
16
b1010110100 :
b10100101 =
b1000111101101 >
b10100101 @
1M
1N
#6950000
0!
b1000000000000000 #
b11 )
b1111 +
1,
b10000 -
06
b1000000000000000 8
#6955000
1!
b0 $
b0 %
0&
b11 (
b10000 1
b1 3
16
b1010110101 :
b1000000000000000 K
#6960000
0!
0'
b0 )
06
09
b100 I
#6965000
1!
b0 $
b0 %
0&
b0 (
b1 )
b10000 1
b0 3
16
b1010110110 :
0M
0N
#6970000
0!
b1000000000000001 #
b1 )
b0 +
1,
b10000 -
06
b1000000000000001 8
#6975000
1!
b0 $
b0 %
1&
b1 (
b10000 1
16
b1010110111 :
b10100111 <
b1000000000000001 K
#6980000
0!
1'
b10 )
06
19
#6985000
1!
b1 $
b0 %
1&
b10 (
b0 1
16
b1010111000 :
b10100110 =
b1000111101110 >
b10100110 @
1M
1N
#6990000
0!
b1000000000000000 #
b11 )
b1111 +
1,
b10000 -
06
b1000000000000000 8
#6995000
1!
b0 $
b0 %
0&
b11 (
b10000 1
b1 3
16
b1010111001 :
b1000000000000000 K
#7000000
0!
0'
b0 )
06
09
b101 I
#7005000
1!
b0 $
b0 %
0&
b0 (
b1 )
b10000 1
b0 3
16
b1010111010 :
0M
0N
#7010000
0!
b1000000000000001 #
b1 )
b0 +
1,
b10000 -
06
b1000000000000001 8
#7015000
1!
b0 $
b0 %
1&
b1 (
b10000 1
16
b1010111011 :
b10101000 <
b1000000000000001 K
#7020000
0!
1'
b10 )
06
19
#7025000
1!
b1 $
b0 %
1&
b10 (
b0 1
16
b1010111100 :
b10100111 =
b1000111101111 >
b10100111 @
1M
1N
#7030000
0!
b1000000000000000 #
b11 )
b1111 +
1,
b10000 -
06
b1000000000000000 8
#7035000
1!
b0 $
b0 %
0&
b11 (
b10000 1
b1 3
16
b1010111101 :
b1000000000000000 K
#7040000
0!
0'
b0 )
06
09
b110 I
#7045000
1!
b0 $
b0 %
0&
b0 (
b1 )
b10000 1
b0 3
16
b1010111110 :
0M
0N
#7050000
0!
b1000000000000001 #
b1 )
b0 +
1,
b10000 -
06
b1000000000000001 8
#7055000
1!
b0 $
b0 %
1&
b1 (
b10000 1
16
b1010111111 :
b10101001 <
b1000000000000001 K
#7060000
0!
1'
b10 )
06
19
#7065000
1!
b1 $
b0 %
1&
b10 (
b0 1
16
b1011000000 :
b10101000 =
b1000111110000 >
b10101000 @
1M
1N
#7070000
0!
b1000000000000000 #
b11 )
b1111 +
1,
b10000 -
06
b1000000000000000 8
#7075000
1!
b0 $
b0 %
0&
b11 (
b10000 1
b1 3
16
b1011000001 :
b1000000000000000 K
#7080000
0!
0'
b0 )
06
09
b111 I
#7085000
1!
b0 $
b0 %
0&
b0 (
b1 )
b10000 1
b0 3
16
b1011000010 :
0M
0N
#7090000
0!
b1000000000000001 #
b1 )
b0 +
1,
b10000 -
06
b1000000000000001 8
#7095000
1!
b0 $
b0 %
1&
b1 (
b10000 1
16
b1011000011 :
b10101010 <
b1000000000000001 K
#7100000
0!
1'
b10 )
06
19
#7105000
1!
b1 $
b0 %
1&
b10 (
b0 1
16
b1011000100 :
b10101001 =
b1000111110001 >
b10101001 @
1M
1N
#7110000
0!
b1000000000000000 #
b11 )
b1111 +
1,
b10000 -
06
b1000000000000000 8
#7115000
1!
b0 $
b0 %
0&
b11 (
b10000 1
b1 3
16
b1011000101 :
b1000000000000000 K
#7120000
0!
0'
b0 )
06
09
b1000 I
#7125000
1!
b0 $
b0 %
0&
b0 (
b1 )
b10000 1
b0 3
16
b1011000110 :
0M
0N
#7130000
0!
b1000000000000001 #
b1 )
b0 +
1,
b10000 -
06
b1000000000000001 8
#7135000
1!
b0 $
b0 %
1&
b1 (
b10000 1
16
b1011000111 :
b10101011 <
b1000000000000001 K
#7140000
0!
1'
b10 )
06
19
#7145000
1!
b1 $
b0 %
1&
b10 (
b0 1
16
b1011001000 :
b10101010 =
b1000111110010 >
b10101010 @
1M
1N
#7150000
0!
b1000000000000000 #
b11 )
b1111 +
1,
b10000 -
06
b1000000000000000 8
#7155000
1!
b0 $
b0 %
0&
b11 (
b10000 1
b1 3
16
b1011001001 :
b1000000000000000 K
#7160000
0!
0'
b0 )
06
09
b1001 I
#7165000
1!
b0 $
b0 %
0&
b0 (
b1 )
b10000 1
b0 3
16
b1011001010 :
0M
0N
#7170000
0!
b1000000000000001 #
b1 )
b0 +
1,
b10000 -
06
b1000000000000001 8
#7175000
1!
b0 $
b0 %
1&
b1 (
b10000 1
16
b1011001011 :
b10101100 <
b1000000000000001 K
#7180000
0!
1'
b10 )
06
19
#7185000
1!
b1 $
b0 %
1&
b10 (
b0 1
16
b1011001100 :
b10101011 =
b1000111110011 >
b10101011 @
1M
1N
#7190000
0!
b1000000000000000 #
b11 )
b1111 +
1,
b10000 -
06
b1000000000000000 8
#7195000
1!
b0 $
b0 %
0&
b11 (
b10000 1
b1 3
16
b1011001101 :
b1000000000000000 K
#7200000
0!
0'
b0 )
06
09
b1010 I
#7205000
1!
b0 $
b0 %
0&
b0 (
b1 )
b10000 1
b0 3
16
b1011001110 :
0M
0N
#7210000
0!
b1000000000000001 #
b1 )
b0 +
1,
b10000 -
06
b1000000000000001 8
#7215000
1!
b0 $
b0 %
1&
b1 (
b10000 1
16
b1011001111 :
b10101101 <
b1000000000000001 K
#7220000
0!
1'
b10 )
06
19
#7225000
1!
b1 $
b0 %
1&
b10 (
b0 1
16
b1011010000 :
b10101100 =
b1000111110100 >
b10101100 @
1M
1N
#7230000
0!
b1000000000000000 #
b11 )
b1111 +
1,
b10000 -
06
b1000000000000000 8
#7235000
1!
b0 $
b0 %
0&
b11 (
b10000 1
b1 3
16
b1011010001 :
b1000000000000000 K
#7240000
0!
0'
b0 )
06
09
b1011 I
#7245000
1!
b0 $
b0 %
0&
b0 (
b1 )
b10000 1
b0 3
16
b1011010010 :
0M
0N
#7250000
0!
b1000000000000001 #
b1 )
b0 +
1,
b10000 -
06
b1000000000000001 8
#7255000
1!
b0 $
b0 %
1&
b1 (
b10000 1
16
b1011010011 :
b10101110 <
b1000000000000001 K
#7260000
0!
1'
b10 )
06
19
#7265000
1!
b1 $
b0 %
1&
b10 (
b0 1
16
b1011010100 :
b10101101 =
b1000111110101 >
b10101101 @
1M
1N
#7270000
0!
b1000000000000000 #
b11 )
b1111 +
1,
b10000 -
06
b1000000000000000 8
#7275000
1!
b0 $
b0 %
0&
b11 (
b10000 1
b1 3
16
b1011010101 :
b1000000000000000 K
#7280000
0!
0'
b0 )
06
09
b1100 I
#7285000
1!
b0 $
b0 %
0&
b0 (
b1 )
b10000 1
b0 3
16
b1011010110 :
0M
0N
#7290000
0!
06
#7295000
1!
b0 $
b1111 %
1&
b1 (
b1111 *
b10000 1
16
b1011010111 :
#7300000
0!
1'
b10 )
06
19
#7305000
1!
b1000000000000000 $
b1111 %
1&
b10 (
b1111 1
b110001 2
16
b1011011000 :
b10101110 =
b1001000100110 >
b10101110 @
b1111 L
1M
1N
#7310000
0!
b0 #
b11 )
b0 +
0,
b10000 -
06
b0 8
#7315000
1!
b0 $
b1111 %
0&
b11 (
b10000 1
b1 3
16
b1011011001 :
b0 K
#7320000
0!
0'
b0 )
06
09
#7325000
1!
b0 $
b1111 %
0&
b0 (
b10000 1
b0 3
16
b1011011010 :
0M
0N
#7330000
0!
0"
b10000000 #
b0 $
b0 %
0&
b1 )
b0 *
b111 +
1,
b10000 -
06
07
b10000000 8
09
b0 L
#7335000
1!
16
#7340000
0!
06
09
#7345000
1!
16
#7350000
0!
06
09
#7355000
1!
16
#7360000
0!
1"
b10101111 4
06
17
09
#7365000
1!
b0 $
b111 %
1&
b1 (
b111 *
b10000 1
16
b1011011011 :
b10101111 <
b10000000 K
#7370000
0!
1'
b10 )
06
19
#7375000
1!
b10000000 $
b111 %
1&
b10 (
b111 1
b1 2
16
b1011011100 :
b10101111 =
b1001000100111 >
b10101111 @
b111 L
1M
1N
#7380000
0!
b0 #
b11 )
b0 +
0,
b10000 -
06
b0 8
#7385000
1!
b0 $
b111 %
0&
b11 (
b10000 1
b1 3
16
b1011011101 :
b0 K
#7390000
0!
0'
b0 )
b110101111 4
06
09
#7395000
1!
b0 $
b111 %
0&
b0 (
b10000 1
b0 3
16
b1011011110 :
0M
0N
#7400000
0!
b1010101011110000 #
b1 )
b100 +
1,
b10000 -
06
b1010101011110000 8
#7405000
1!
b0 $
b100 %
1&
b1 (
b100 *
b10000 1
16
b1011011111 :
b10110111 <
b1010101011110000 K
#7410000
0!
b1110111111111001 #
1'
b10 )
b0 +
1,
b10000 -
06
b1110111111111001 8
19
#7415000
1!
b10000 $
b100 %
1&
b10 (
b100 1
16
b1011100000 :
b10111100 <
b10110000 =
b1001000101000 >
b10110000 @
b1110111111111001 K
b100 L
1M
1N
#7420000
0!
b1111111111101111 #
b11 )
1,
b10000 -
06
b1111111111101111 8
#7425000
1!
b0 $
b100 %
0&
b11 (
b10000 1
b1 3
16
b1011100001 :
b10111111 <
b1111111111101111 K
#7430000
0!
0'
b0 )
06
09
#7435000
1!
b0 $
b100 %
0&
b0 (
b1 )
b10000 1
b0 3
16
b1011100010 :
0M
0N
#7440000
0!
b1111111111111111 #
b1 )
1,
b10000 -
06
b1111111111111111 8
#7445000
1!
b0 $
b0 %
1&
b1 (
b0 *
b10000 1
16
b1011100011 :
b11000000 <
b1111111111111111 K
#7450000
0!
1'
b10 )
06
19
#7455000
1!
b1 $
b0 %
1&
b10 (
b0 1
b100 2
16
b1011100100 :
b10110001 =
b1001000101100 >
b10110001 @
b0 L
1M
1N
#7460000
0!
b1111111111111110 #
b11 )
b1 +
1,
b10000 -
06
b1111111111111110 8
#7465000
1!
b0 $
b0 %
0&
b11 (
b10000 1
b1 3
16
b1011100101 :
b1111111111111110 K
#7470000
0!
0'
b0 )
06
09
#7475000
1!
b0 $
b0 %
0&
b0 (
b1 )
b10000 1
b0 3
16
b1011100110 :
0M
0N
#7480000
0!
06
#7485000
1!
b0 $
b1 %
1&
b1 (
b1 *
b10000 1
16
b1011100111 :
#7490000
0!
b1111111111111111 #
1'
b10 )
b0 +
1,
b10000 -
06
b1111111111111111 8
19
#7495000
1!
b10 $
b1 %
1&
b10 (
b1 1
b111 2
16
b1011101000 :
b11000001 <
b10110010 =
b1001000110011 >
b10110010 @
b1111111111111111 K
b1 L
1M
1N
#7500000
0!
b1111111111111101 #
b11 )
1,
b10000 -
06
b1111111111111101 8
#7505000
1!
b0 $
b1 %
0&
b11 (
b10000 1
b1 3
16
b1011101001 :
b1111111111111101 K
#7510000
0!
0'
b0 )
06
09
#7515000
1!
b0 $
b1 %
0&
b0 (
b1 )
b10000 1
b0 3
16
b1011101010 :
0M
0N
#7520000
0!
06
#7525000
1!
b0 $
b0 %
1&
b1 (
b0 *
b10000 1
16
b1011101011 :
#7530000
0!
1'
b10 )
06
19
#7535000
1!
b1 $
b0 %
1&
b10 (
b0 1
b100 2
16
b1011101100 :
b10110011 =
b1001000110111 >
b10110011 @
b0 L
1M
1N
#7540000
0!
b1111111111111110 #
b11 )
b1 +
1,
b10000 -
06
b1111111111111110 8
#7545000
1!
b0 $
b0 %
0&
b11 (
b10000 1
b1 3
16
b1011101101 :
b11000010 <
b1111111111111110 K
#7550000
0!
0'
b0 )
06
09
#7555000
1!
b0 $
b0 %
0&
b0 (
b1 )
b10000 1
b0 3
16
b1011101110 :
0M
0N
#7560000
0!
06
#7565000
1!
b0 $
b1 %
1&
b1 (
b1 *
b10000 1
16
b1011101111 :
#7570000
0!
b1111111111111111 #
1'
b10 )
b0 +
1,
b10000 -
06
b1111111111111111 8
19
#7575000
1!
b10 $
b1 %
1&
b10 (
b1 1
b11 2
16
b1011110000 :
b11000011 <
b10110100 =
b1001000111010 >
b10110100 @
b1111111111111111 K
b1 L
1M
1N
#7580000
0!
b1111111111111101 #
b11 )
1,
b10000 -
06
b1111111111111101 8
#7585000
1!
b0 $
b1 %
0&
b11 (
b10000 1
b1 3
16
b1011110001 :
b1111111111111101 K
#7590000
0!
0'
b0 )
06
09
#7595000
1!
b0 $
b1 %
0&
b0 (
b1 )
b10000 1
b0 3
16
b1011110010 :
0M
0N
#7600000
0!
06
#7605000
1!
b0 $
b0 %
1&
b1 (
b0 *
b10000 1
16
b1011110011 :
#7610000
0!
1'
b10 )
06
19
#7615000
1!
b1 $
b0 %
1&
b10 (
b0 1
b100 2
16
b1011110100 :
b10110101 =
b1001000111110 >
b10110101 @
b0 L
1M
1N
#7620000
0!
b1111111111111110 #
b11 )
b1 +
1,
b10000 -
06
b1111111111111110 8
#7625000
1!
b0 $
b0 %
0&
b11 (
b10000 1
b1 3
16
b1011110101 :
b11000100 <
b1111111111111110 K
#7630000
0!
0'
b0 )
06
09
#7635000
1!
b0 $
b0 %
0&
b0 (
b1 )
b10000 1
b0 3
16
b1011110110 :
0M
0N
#7640000
0!
06
#7645000
1!
b0 $
b1 %
1&
b1 (
b1 *
b10000 1
16
b1011110111 :
#7650000
0!
b1111111111111111 #
1'
b10 )
b0 +
1,
b10000 -
06
b1111111111111111 8
19
#7655000
1!
b10 $
b1 %
1&
b10 (
b1 1
b11 2
16
b1011111000 :
b11000101 <
b10110110 =
b1001001000001 >
b10110110 @
b1111111111111111 K
b1 L
1M
1N
#7660000
0!
b1111111111111101 #
b11 )
1,
b10000 -
06
b1111111111111101 8
#7665000
1!
b0 $
b1 %
0&
b11 (
b10000 1
b1 3
16
b1011111001 :
b1111111111111101 K
#7670000
0!
0'
b0 )
06
09
#7675000
1!
b0 $
b1 %
0&
b0 (
b1 )
b10000 1
b0 3
16
b1011111010 :
0M
0N
#7680000
0!
06
#7685000
1!
b0 $
b0 %
1&
b1 (
b0 *
b10000 1
16
b1011111011 :
#7690000
0!
1'
b10 )
06
19
#7695000
1!
b1 $
b0 %
1&
b10 (
b0 1
b100 2
16
b1011111100 :
b10110111 =
b1001001000101 >
b10110111 @
b0 L
1M
1N
#7700000
0!
b1111111111111110 #
b11 )
b1 +
1,
b10000 -
06
b1111111111111110 8
#7705000
1!
b0 $
b0 %
0&
b11 (
b10000 1
b1 3
16
b1011111101 :
b11000110 <
b1111111111111110 K
#7710000
0!
0'
b0 )
06
09
#7715000
1!
b0 $
b0 %
0&
b0 (
b1 )
b10000 1
b0 3
16
b1011111110 :
0M
0N
#7720000
0!
06
#7725000
1!
b0 $
b1 %
1&
b1 (
b1 *
b10000 1
16
b1011111111 :
#7730000
0!
b1111111111111111 #
1'
b10 )
b0 +
1,
b10000 -
06
b1111111111111111 8
19
#7735000
1!
b10 $
b1 %
1&
b10 (
b1 1
b11 2
16
b1100000000 :
b11000111 <
b10111000 =
b1001001001000 >
b10111000 @
b1111111111111111 K
b1 L
1M
1N
#7740000
0!
b1111111111111101 #
b11 )
1,
b10000 -
06
b1111111111111101 8
#7745000
1!
b0 $
b1 %
0&
b11 (
b10000 1
b1 3
16
b1100000001 :
b1111111111111101 K
#7750000
0!
0'
b0 )
06
09
#7755000
1!
b0 $
b1 %
0&
b0 (
b1 )
b10000 1
b0 3
16
b1100000010 :
0M
0N
#7760000
0!
06
#7765000
1!
b0 $
b0 %
1&
b1 (
b0 *
b10000 1
16
b1100000011 :
#7770000
0!
1'
b10 )
06
19
#7775000
1!
b1 $
b0 %
1&
b10 (
b0 1
b100 2
16
b1100000100 :
b10111001 =
b1001001001100 >
b10111001 @
b0 L
1M
1N
#7780000
0!
b1111111111111110 #
b11 )
b1 +
1,
b10000 -
06
b1111111111111110 8
#7785000
1!
b0 $
b0 %
0&
b11 (
b10000 1
b1 3
16
b1100000101 :
b11001000 <
b1111111111111110 K
#7790000
0!
0'
b0 )
06
09
#7795000
1!
b0 $
b0 %
0&
b0 (
b1 )
b10000 1
b0 3
16
b1100000110 :
0M
0N
#7800000
0!
06
#7805000
1!
b0 $
b1 %
1&
b1 (
b1 *
b10000 1
16
b1100000111 :
#7810000
0!
b1111111111111111 #
1'
b10 )
b0 +
1,
b10000 -
06
b1111111111111111 8
19
#7815000
1!
b10 $
b1 %
1&
b10 (
b1 1
b11 2
16
b1100001000 :
b11001001 <
b10111010 =
b1001001001111 >
b10111010 @
b1111111111111111 K
b1 L
1M
1N
#7820000
0!
b1111111111111101 #
b11 )
1,
b10000 -
06
b1111111111111101 8
#7825000
1!
b0 $
b1 %
0&
b11 (
b10000 1
b1 3
16
b1100001001 :
b1111111111111101 K
#7830000
0!
0'
b0 )
06
09
#7835000
1!
b0 $
b1 %
0&
b0 (
b1 )
b10000 1
b0 3
16
b1100001010 :
0M
0N
#7840000
0!
06
#7845000
1!
b0 $
b0 %
1&
b1 (
b0 *
b10000 1
16
b1100001011 :
#7850000
0!
1'
b10 )
06
19
#7855000
1!
b1 $
b0 %
1&
b10 (
b0 1
b100 2
16
b1100001100 :
b10111011 =
b1001001010011 >
b10111011 @
b0 L
1M
1N
#7860000
0!
b1111111111111110 #
b11 )
b1 +
1,
b10000 -
06
b1111111111111110 8
#7865000
1!
b0 $
b0 %
0&
b11 (
b10000 1
b1 3
16
b1100001101 :
b11001010 <
b1111111111111110 K
#7870000
0!
0'
b0 )
06
09
#7875000
1!
b0 $
b0 %
0&
b0 (
b1 )
b10000 1
b0 3
16
b1100001110 :
0M
0N
#7880000
0!
06
#7885000
1!
b0 $
b1 %
1&
b1 (
b1 *
b10000 1
16
b1100001111 :
#7890000
0!
b1111111111111111 #
1'
b10 )
b0 +
1,
b10000 -
06
b1111111111111111 8
19
#7895000
1!
b10 $
b1 %
1&
b10 (
b1 1
b11 2
16
b1100010000 :
b11001011 <
b10111100 =
b1001001010110 >
b10111100 @
b1111111111111111 K
b1 L
1M
1N
#7900000
0!
b1111111111111101 #
b11 )
1,
b10000 -
06
b1111111111111101 8
#7905000
1!
b0 $
b1 %
0&
b11 (
b10000 1
b1 3
16
b1100010001 :
b1111111111111101 K
#7910000
0!
0'
b0 )
06
09
#7915000
1!
b0 $
b1 %
0&
b0 (
b1 )
b10000 1
b0 3
16
b1100010010 :
0M
0N
#7920000
0!
06
#7925000
1!
b0 $
b0 %
1&
b1 (
b0 *
b10000 1
16
b1100010011 :
#7930000
0!
1'
b10 )
06
19
#7935000
1!
b1 $
b0 %
1&
b10 (
b0 1
b100 2
16
b1100010100 :
b10111101 =
b1001001011010 >
b10111101 @
b0 L
1M
1N
#7940000
0!
b1111111111111110 #
b11 )
b1 +
1,
b10000 -
06
b1111111111111110 8
#7945000
1!
b0 $
b0 %
0&
b11 (
b10000 1
b1 3
16
b1100010101 :
b11001100 <
b1111111111111110 K
#7950000
0!
0'
b0 )
06
09
#7955000
1!
b0 $
b0 %
0&
b0 (
b1 )
b10000 1
b0 3
16
b1100010110 :
0M
0N
#7960000
0!
06
#7965000
1!
b0 $
b1 %
1&
b1 (
b1 *
b10000 1
16
b1100010111 :
#7970000
0!
b1111111111111111 #
1'
b10 )
b0 +
1,
b10000 -
06
b1111111111111111 8
19
#7975000
1!
b10 $
b1 %
1&
b10 (
b1 1
b11 2
16
b1100011000 :
b11001101 <
b10111110 =
b1001001011101 >
b10111110 @
b1111111111111111 K
b1 L
1M
1N
#7980000
0!
b1111111111111101 #
b11 )
1,
b10000 -
06
b1111111111111101 8
#7985000
1!
b0 $
b1 %
0&
b11 (
b10000 1
b1 3
16
b1100011001 :
b1111111111111101 K
#7990000
0!
0'
b0 )
06
09
#7995000
1!
b0 $
b1 %
0&
b0 (
b1 )
b10000 1
b0 3
16
b1100011010 :
0M
0N
#8000000
0!
06
#8005000
1!
b0 $
b0 %
1&
b1 (
b0 *
b10000 1
16
b1100011011 :
#8010000
0!
1'
b10 )
06
19
#8015000
1!
b1 $
b0 %
1&
b10 (
b0 1
b100 2
16
b1100011100 :
b10111111 =
b1001001100001 >
b10111111 @
b0 L
1M
1N
#8020000
0!
b1111111111111110 #
b11 )
b1 +
1,
b10000 -
06
b1111111111111110 8
#8025000
1!
b0 $
b0 %
0&
b11 (
b10000 1
b1 3
16
b1100011101 :
b11001110 <
b1111111111111110 K
#8030000
0!
0'
b0 )
06
09
#8035000
1!
b0 $
b0 %
0&
b0 (
b1 )
b10000 1
b0 3
16
b1100011110 :
0M
0N
#8040000
0!
06
#8045000
1!
b0 $
b1 %
1&
b1 (
b1 *
b10000 1
16
b1100011111 :
#8050000
0!
b1111111111111111 #
1'
b10 )
b0 +
1,
b10000 -
06
b1111111111111111 8
19
#8055000
1!
b10 $
b1 %
1&
b10 (
b1 1
b11 2
16
b1100100000 :
b11001111 <
b11000000 =
b1001001100100 >
b11000000 @
b1111111111111111 K
b1 L
1M
1N
#8060000
0!
b1111111111111101 #
b11 )
1,
b10000 -
06
b1111111111111101 8
#8065000
1!
b0 $
b1 %
0&
b11 (
b10000 1
b1 3
16
b1100100001 :
b1111111111111101 K
#8070000
0!
0'
b0 )
06
09
#8075000
1!
b0 $
b1 %
0&
b0 (
b1 )
b10000 1
b0 3
16
b1100100010 :
0M
0N
#8080000
0!
06
#8085000
1!
b0 $
b0 %
1&
b1 (
b0 *
b10000 1
16
b1100100011 :
#8090000
0!
1'
b10 )
06
19
#8095000
1!
b1 $
b0 %
1&
b10 (
b0 1
b100 2
16
b1100100100 :
b11000001 =
b1001001101000 >
b11000001 @
b0 L
1M
1N
#8100000
0!
b1111111111111110 #
b11 )
b1 +
1,
b10000 -
06
b1111111111111110 8
#8105000
1!
b0 $
b0 %
0&
b11 (
b10000 1
b1 3
16
b1100100101 :
b11010000 <
b1111111111111110 K
#8110000
0!
0'
b0 )
06
09
#8115000
1!
b0 $
b0 %
0&
b0 (
b1 )
b10000 1
b0 3
16
b1100100110 :
0M
0N
#8120000
0!
06
#8125000
1!
b0 $
b1 %
1&
b1 (
b1 *
b10000 1
16
b1100100111 :
#8130000
0!
b1111111111111111 #
1'
b10 )
b0 +
1,
b10000 -
06
b1111111111111111 8
19
#8135000
1!
b10 $
b1 %
1&
b10 (
b1 1
b11 2
16
b1100101000 :
b11010001 <
b11000010 =
b1001001101011 >
b11000010 @
b1111111111111111 K
b1 L
1M
1N
#8140000
0!
b1111111111111101 #
b11 )
1,
b10000 -
06
b1111111111111101 8
#8145000
1!
b0 $
b1 %
0&
b11 (
b10000 1
b1 3
16
b1100101001 :
b1111111111111101 K
#8150000
0!
0'
b0 )
06
09
#8155000
1!
b0 $
b1 %
0&
b0 (
b1 )
b10000 1
b0 3
16
b1100101010 :
0M
0N
#8160000
0!
06
#8165000
1!
b0 $
b0 %
1&
b1 (
b0 *
b10000 1
16
b1100101011 :
#8170000
0!
1'
b10 )
06
19
#8175000
1!
b1 $
b0 %
1&
b10 (
b0 1
b100 2
16
b1100101100 :
b11000011 =
b1001001101111 >
b11000011 @
b0 L
1M
1N
#8180000
0!
b1111111111111110 #
b11 )
b1 +
1,
b10000 -
06
b1111111111111110 8
#8185000
1!
b0 $
b0 %
0&
b11 (
b10000 1
b1 3
16
b1100101101 :
b11010010 <
b1111111111111110 K
#8190000
0!
0'
b0 )
06
09
#8195000
1!
b0 $
b0 %
0&
b0 (
b1 )
b10000 1
b0 3
16
b1100101110 :
0M
0N
#8200000
0!
06
#8205000
1!
b0 $
b1 %
1&
b1 (
b1 *
b10000 1
16
b1100101111 :
#8210000
0!
b1111111111111111 #
1'
b10 )
b0 +
1,
b10000 -
06
b1111111111111111 8
19
#8215000
1!
b10 $
b1 %
1&
b10 (
b1 1
b11 2
16
b1100110000 :
b11010011 <
b11000100 =
b1001001110010 >
b11000100 @
b1111111111111111 K
b1 L
1M
1N
#8220000
0!
b1111111111111101 #
b11 )
1,
b10000 -
06
b1111111111111101 8
#8225000
1!
b0 $
b1 %
0&
b11 (
b10000 1
b1 3
16
b1100110001 :
b1111111111111101 K
#8230000
0!
0'
b0 )
06
09
#8235000
1!
b0 $
b1 %
0&
b0 (
b1 )
b10000 1
b0 3
16
b1100110010 :
0M
0N
#8240000
0!
06
#8245000
1!
b0 $
b0 %
1&
b1 (
b0 *
b10000 1
16
b1100110011 :
#8250000
0!
1'
b10 )
06
19
#8255000
1!
b1 $
b0 %
1&
b10 (
b0 1
b100 2
16
b1100110100 :
b11000101 =
b1001001110110 >
b11000101 @
b0 L
1M
1N
#8260000
0!
b1111111111111110 #
b11 )
b1 +
1,
b10000 -
06
b1111111111111110 8
#8265000
1!
b0 $
b0 %
0&
b11 (
b10000 1
b1 3
16
b1100110101 :
b11010100 <
b1111111111111110 K
#8270000
0!
0'
b0 )
06
09
#8275000
1!
b0 $
b0 %
0&
b0 (
b1 )
b10000 1
b0 3
16
b1100110110 :
0M
0N
#8280000
0!
06
#8285000
1!
b0 $
b1 %
1&
b1 (
b1 *
b10000 1
16
b1100110111 :
#8290000
0!
b1111111111111111 #
1'
b10 )
b0 +
1,
b10000 -
06
b1111111111111111 8
19
#8295000
1!
b10 $
b1 %
1&
b10 (
b1 1
b11 2
16
b1100111000 :
b11010101 <
b11000110 =
b1001001111001 >
b11000110 @
b1111111111111111 K
b1 L
1M
1N
#8300000
0!
b1111111111111101 #
b11 )
1,
b10000 -
06
b1111111111111101 8
#8305000
1!
b0 $
b1 %
0&
b11 (
b10000 1
b1 3
16
b1100111001 :
b1111111111111101 K
#8310000
0!
0'
b0 )
06
09
#8315000
1!
b0 $
b1 %
0&
b0 (
b1 )
b10000 1
b0 3
16
b1100111010 :
0M
0N
#8320000
0!
06
#8325000
1!
b0 $
b0 %
1&
b1 (
b0 *
b10000 1
16
b1100111011 :
#8330000
0!
1'
b10 )
06
19
#8335000
1!
b1 $
b0 %
1&
b10 (
b0 1
b100 2
16
b1100111100 :
b11000111 =
b1001001111101 >
b11000111 @
b0 L
1M
1N
#8340000
0!
b1111111111111110 #
b11 )
b1 +
1,
b10000 -
06
b1111111111111110 8
#8345000
1!
b0 $
b0 %
0&
b11 (
b10000 1
b1 3
16
b1100111101 :
b11010110 <
b1111111111111110 K
#8350000
0!
0'
b0 )
06
09
#8355000
1!
b0 $
b0 %
0&
b0 (
b1 )
b10000 1
b0 3
16
b1100111110 :
0M
0N
#8360000
0!
06
#8365000
1!
b0 $
b1 %
1&
b1 (
b1 *
b10000 1
16
b1100111111 :
#8370000
0!
b1111111111111111 #
1'
b10 )
b0 +
1,
b10000 -
06
b1111111111111111 8
19
#8375000
1!
b10 $
b1 %
1&
b10 (
b1 1
b11 2
16
b1101000000 :
b11010111 <
b11001000 =
b1001010000000 >
b11001000 @
b1111111111111111 K
b1 L
1M
1N
#8380000
0!
b1111111111111101 #
b11 )
1,
b10000 -
06
b1111111111111101 8
#8385000
1!
b0 $
b1 %
0&
b11 (
b10000 1
b1 3
16
b1101000001 :
b1111111111111101 K
#8390000
0!
0'
b0 )
06
09
#8395000
1!
b0 $
b1 %
0&
b0 (
b1 )
b10000 1
b0 3
16
b1101000010 :
0M
0N
#8400000
0!
06
#8405000
1!
b0 $
b0 %
1&
b1 (
b0 *
b10000 1
16
b1101000011 :
#8410000
0!
1'
b10 )
06
19
#8415000
1!
b1 $
b0 %
1&
b10 (
b0 1
b100 2
16
b1101000100 :
b11001001 =
b1001010000100 >
b11001001 @
b0 L
1M
1N
#8420000
0!
b1111111111111110 #
b11 )
b1 +
1,
b10000 -
06
b1111111111111110 8
#8425000
1!
b0 $
b0 %
0&
b11 (
b10000 1
b1 3
16
b1101000101 :
b11011000 <
b1111111111111110 K
#8430000
0!
0'
b0 )
06
09
#8435000
1!
b0 $
b0 %
0&
b0 (
b1 )
b10000 1
b0 3
16
b1101000110 :
0M
0N
#8440000
0!
06
#8445000
1!
b0 $
b1 %
1&
b1 (
b1 *
b10000 1
16
b1101000111 :
#8450000
0!
b1111111111111111 #
1'
b10 )
b0 +
1,
b10000 -
06
b1111111111111111 8
19
#8455000
1!
b10 $
b1 %
1&
b10 (
b1 1
b11 2
16
b1101001000 :
b11011001 <
b11001010 =
b1001010000111 >
b11001010 @
b1111111111111111 K
b1 L
1M
1N
#8460000
0!
b1111111111111101 #
b11 )
1,
b10000 -
06
b1111111111111101 8
#8465000
1!
b0 $
b1 %
0&
b11 (
b10000 1
b1 3
16
b1101001001 :
b1111111111111101 K
#8470000
0!
0'
b0 )
06
09
#8475000
1!
b0 $
b1 %
0&
b0 (
b1 )
b10000 1
b0 3
16
b1101001010 :
0M
0N
#8480000
0!
06
#8485000
1!
b0 $
b0 %
1&
b1 (
b0 *
b10000 1
16
b1101001011 :
#8490000
0!
1'
b10 )
06
19
#8495000
1!
b1 $
b0 %
1&
b10 (
b0 1
b100 2
16
b1101001100 :
b11001011 =
b1001010001011 >
b11001011 @
b0 L
1M
1N
#8500000
0!
b1111111111111110 #
b11 )
b1 +
1,
b10000 -
06
b1111111111111110 8
#8505000
1!
b0 $
b0 %
0&
b11 (
b10000 1
b1 3
16
b1101001101 :
b11011010 <
b1111111111111110 K
#8510000
0!
0'
b0 )
06
09
#8515000
1!
b0 $
b0 %
0&
b0 (
b1 )
b10000 1
b0 3
16
b1101001110 :
0M
0N
#8520000
0!
06
#8525000
1!
b0 $
b1 %
1&
b1 (
b1 *
b10000 1
16
b1101001111 :
#8530000
0!
b1111111111111111 #
1'
b10 )
b0 +
1,
b10000 -
06
b1111111111111111 8
19
#8535000
1!
b10 $
b1 %
1&
b10 (
b1 1
b11 2
16
b1101010000 :
b11011011 <
b11001100 =
b1001010001110 >
b11001100 @
b1111111111111111 K
b1 L
1M
1N
#8540000
0!
b1111111111111101 #
b11 )
1,
b10000 -
06
b1111111111111101 8
#8545000
1!
b0 $
b1 %
0&
b11 (
b10000 1
b1 3
16
b1101010001 :
b1111111111111101 K
#8550000
0!
0'
b0 )
06
09
#8555000
1!
b0 $
b1 %
0&
b0 (
b1 )
b10000 1
b0 3
16
b1101010010 :
0M
0N
#8560000
0!
06
#8565000
1!
b0 $
b0 %
1&
b1 (
b0 *
b10000 1
16
b1101010011 :
#8570000
0!
1'
b10 )
06
19
#8575000
1!
b1 $
b0 %
1&
b10 (
b0 1
b100 2
16
b1101010100 :
b11001101 =
b1001010010010 >
b11001101 @
b0 L
1M
1N
#8580000
0!
b1111111111111110 #
b11 )
b1 +
1,
b10000 -
06
b1111111111111110 8
#8585000
1!
b0 $
b0 %
0&
b11 (
b10000 1
b1 3
16
b1101010101 :
b11011100 <
b1111111111111110 K
#8590000
0!
0'
b0 )
06
09
#8595000
1!
b0 $
b0 %
0&
b0 (
b1 )
b10000 1
b0 3
16
b1101010110 :
0M
0N
#8600000
0!
06
#8605000
1!
b0 $
b1 %
1&
b1 (
b1 *
b10000 1
16
b1101010111 :
#8610000
0!
b1111111111111111 #
1'
b10 )
b0 +
1,
b10000 -
06
b1111111111111111 8
19
#8615000
1!
b10 $
b1 %
1&
b10 (
b1 1
b11 2
16
b1101011000 :
b11011101 <
b11001110 =
b1001010010101 >
b11001110 @
b1111111111111111 K
b1 L
1M
1N
#8620000
0!
b1111111111111101 #
b11 )
1,
b10000 -
06
b1111111111111101 8
#8625000
1!
b0 $
b1 %
0&
b11 (
b10000 1
b1 3
16
b1101011001 :
b1111111111111101 K
#8630000
0!
0'
b0 )
06
09
#8635000
1!
b0 $
b1 %
0&
b0 (
b1 )
b10000 1
b0 3
16
b1101011010 :
0M
0N
#8640000
0!
06
#8645000
1!
b0 $
b0 %
1&
b1 (
b0 *
b10000 1
16
b1101011011 :
#8650000
0!
1'
b10 )
06
19
#8655000
1!
b1 $
b0 %
1&
b10 (
b0 1
b100 2
16
b1101011100 :
b11001111 =
b1001010011001 >
b11001111 @
b0 L
1M
1N
#8660000
0!
b1111111111111110 #
b11 )
b1 +
1,
b10000 -
06
b1111111111111110 8
#8665000
1!
b0 $
b0 %
0&
b11 (
b10000 1
b1 3
16
b1101011101 :
b11011110 <
b1111111111111110 K
#8670000
0!
0'
b0 )
06
09
#8675000
1!
b0 $
b0 %
0&
b0 (
b1 )
b10000 1
b0 3
16
b1101011110 :
0M
0N
#8680000
0!
06
#8685000
1!
b0 $
b1 %
1&
b1 (
b1 *
b10000 1
16
b1101011111 :
#8690000
0!
1'
b10 )
06
19
#8695000
1!
b10 $
b1 %
1&
b10 (
b1 1
b11 2
16
b1101100000 :
b11010000 =
b1001010011100 >
b11010000 @
b1 L
1M
1N
#8700000
0!
b1111111111111100 #
b11 )
b10 +
1,
b10000 -
06
b1111111111111100 8
#8705000
1!
b0 $
b1 %
0&
b11 (
b10000 1
b1 3
16
b1101100001 :
b1111111111111100 K
#8710000
0!
0'
b0 )
06
09
#8715000
1!
b0 $
b1 %
0&
b0 (
b1 )
b10000 1
b0 3
16
b1101100010 :
0M
0N
#8720000
0!
06
#8725000
1!
b0 $
b10 %
1&
b1 (
b10 *
b10000 1
16
b1101100011 :
#8730000
0!
1'
b10 )
06
19
#8735000
1!
b100 $
b10 %
1&
b10 (
b10 1
b10000011 2
16
b1101100100 :
b11010001 =
b1001100011111 >
b11010001 @
b10 L
1M
1N
#8740000
0!
b1111111111111000 #
b11 )
b11 +
1,
b10000 -
06
b1111111111111000 8
#8745000
1!
b0 $
b10 %
0&
b11 (
b10000 1
b1 3
16
b1101100101 :
b1111111111111000 K
#8750000
0!
0'
b0 )
06
09
#8755000
1!
b0 $
b10 %
0&
b0 (
b1 )
b10000 1
b0 3
16
b1101100110 :
0M
0N
#8760000
0!
06
#8765000
1!
b0 $
b11 %
1&
b1 (
b11 *
b10000 1
16
b1101100111 :
#8770000
0!
1'
b10 )
06
19
#8775000
1!
b1000 $
b11 %
1&
b10 (
b11 1
b10001000 2
16
b1101101000 :
b11010010 =
b1001110100111 >
b11010010 @
b11 L
1M
1N
#8780000
0!
b1111111111110100 #
b11 )
b10 +
1,
b10000 -
06
b1111111111110100 8
#8785000
1!
b0 $
b11 %
0&
b11 (
b10000 1
b1 3
16
b1101101001 :
b11011111 <
b1111111111110100 K
#8790000
0!
0'
b0 )
06
09
#8795000
1!
b0 $
b11 %
0&
b0 (
b1 )
b10000 1
b0 3
16
b1101101010 :
0M
0N
#8800000
0!
06
#8805000
1!
b0 $
b10 %
1&
b1 (
b10 *
b10000 1
16
b1101101011 :
#8810000
0!
b1111111111111100 #
1'
b10 )
b10 +
1,
b10000 -
06
b1111111111111100 8
19
#8815000
1!
b100 $
b10 %
1&
b10 (
b10 1
b11 2
16
b1101101100 :
b11100000 <
b11010011 =
b1001110101010 >
b11010011 @
b1111111111111100 K
b10 L
1M
1N
#8820000
0!
b1111111111111000 #
b11 )
b11 +
1,
b10000 -
06
b1111111111111000 8
#8825000
1!
b0 $
b10 %
0&
b11 (
b10000 1
b1 3
16
b1101101101 :
b1111111111111000 K
#8830000
0!
0'
b0 )
06
09
#8835000
1!
b0 $
b10 %
0&
b0 (
b1 )
b10000 1
b0 3
16
b1101101110 :
0M
0N
#8840000
0!
06
#8845000
1!
b0 $
b11 %
1&
b1 (
b11 *
b10000 1
16
b1101101111 :
#8850000
0!
1'
b10 )
06
19
#8855000
1!
b1000 $
b11 %
1&
b10 (
b11 1
b100 2
16
b1101110000 :
b11010100 =
b1001110101110 >
b11010100 @
b11 L
1M
1N
#8860000
0!
b1111111111110100 #
b11 )
b10 +
1,
b10000 -
06
b1111111111110100 8
#8865000
1!
b0 $
b11 %
0&
b11 (
b10000 1
b1 3
16
b1101110001 :
b11100001 <
b1111111111110100 K
#8870000
0!
0'
b0 )
06
09
#8875000
1!
b0 $
b11 %
0&
b0 (
b1 )
b10000 1
b0 3
16
b1101110010 :
0M
0N
#8880000
0!
06
#8885000
1!
b0 $
b10 %
1&
b1 (
b10 *
b10000 1
16
b1101110011 :
#8890000
0!
b1111111111111100 #
1'
b10 )
b10 +
1,
b10000 -
06
b1111111111111100 8
19
#8895000
1!
b100 $
b10 %
1&
b10 (
b10 1
b11 2
16
b1101110100 :
b11100010 <
b11010101 =
b1001110110001 >
b11010101 @
b1111111111111100 K
b10 L
1M
1N
#8900000
0!
b1111111111111000 #
b11 )
b11 +
1,
b10000 -
06
b1111111111111000 8
#8905000
1!
b0 $
b10 %
0&
b11 (
b10000 1
b1 3
16
b1101110101 :
b1111111111111000 K
#8910000
0!
0'
b0 )
06
09
#8915000
1!
b0 $
b10 %
0&
b0 (
b1 )
b10000 1
b0 3
16
b1101110110 :
0M
0N
#8920000
0!
06
#8925000
1!
b0 $
b11 %
1&
b1 (
b11 *
b10000 1
16
b1101110111 :
#8930000
0!
1'
b10 )
06
19
#8935000
1!
b1000 $
b11 %
1&
b10 (
b11 1
b100 2
16
b1101111000 :
b11010110 =
b1001110110101 >
b11010110 @
b11 L
1M
1N
#8940000
0!
b1111111111110100 #
b11 )
b10 +
1,
b10000 -
06
b1111111111110100 8
#8945000
1!
b0 $
b11 %
0&
b11 (
b10000 1
b1 3
16
b1101111001 :
b11100011 <
b1111111111110100 K
#8950000
0!
0'
b0 )
06
09
#8955000
1!
b0 $
b11 %
0&
b0 (
b1 )
b10000 1
b0 3
16
b1101111010 :
0M
0N
#8960000
0!
06
#8965000
1!
b0 $
b10 %
1&
b1 (
b10 *
b10000 1
16
b1101111011 :
#8970000
0!
b1111111111111100 #
1'
b10 )
b10 +
1,
b10000 -
06
b1111111111111100 8
19
#8975000
1!
b100 $
b10 %
1&
b10 (
b10 1
b11 2
16
b1101111100 :
b11100100 <
b11010111 =
b1001110111000 >
b11010111 @
b1111111111111100 K
b10 L
1M
1N
#8980000
0!
b1111111111111000 #
b11 )
b11 +
1,
b10000 -
06
b1111111111111000 8
#8985000
1!
b0 $
b10 %
0&
b11 (
b10000 1
b1 3
16
b1101111101 :
b1111111111111000 K
#8990000
0!
0'
b0 )
06
09
#8995000
1!
b0 $
b10 %
0&
b0 (
b1 )
b10000 1
b0 3
16
b1101111110 :
0M
0N
#9000000
0!
06
#9005000
1!
b0 $
b11 %
1&
b1 (
b11 *
b10000 1
16
b1101111111 :
#9010000
0!
1'
b10 )
06
19
#9015000
1!
b1000 $
b11 %
1&
b10 (
b11 1
b100 2
16
b1110000000 :
b11011000 =
b1001110111100 >
b11011000 @
b11 L
1M
1N
#9020000
0!
b1111111111110100 #
b11 )
b10 +
1,
b10000 -
06
b1111111111110100 8
#9025000
1!
b0 $
b11 %
0&
b11 (
b10000 1
b1 3
16
b1110000001 :
b11100101 <
b1111111111110100 K
#9030000
0!
0'
b0 )
06
09
#9035000
1!
b0 $
b11 %
0&
b0 (
b1 )
b10000 1
b0 3
16
b1110000010 :
0M
0N
#9040000
0!
06
#9045000
1!
b0 $
b10 %
1&
b1 (
b10 *
b10000 1
16
b1110000011 :
#9050000
0!
b1111111111111100 #
1'
b10 )
b10 +
1,
b10000 -
06
b1111111111111100 8
19
#9055000
1!
b100 $
b10 %
1&
b10 (
b10 1
b11 2
16
b1110000100 :
b11100110 <
b11011001 =
b1001110111111 >
b11011001 @
b1111111111111100 K
b10 L
1M
1N
#9060000
0!
b1111111111111000 #
b11 )
b11 +
1,
b10000 -
06
b1111111111111000 8
#9065000
1!
b0 $
b10 %
0&
b11 (
b10000 1
b1 3
16
b1110000101 :
b1111111111111000 K
#9070000
0!
0'
b0 )
06
09
#9075000
1!
b0 $
b10 %
0&
b0 (
b1 )
b10000 1
b0 3
16
b1110000110 :
0M
0N
#9080000
0!
06
#9085000
1!
b0 $
b11 %
1&
b1 (
b11 *
b10000 1
16
b1110000111 :
#9090000
0!
1'
b10 )
06
19
#9095000
1!
b1000 $
b11 %
1&
b10 (
b11 1
b100 2
16
b1110001000 :
b11011010 =
b1001111000011 >
b11011010 @
b11 L
1M
1N
#9100000
0!
b1111111111110100 #
b11 )
b10 +
1,
b10000 -
06
b1111111111110100 8
#9105000
1!
b0 $
b11 %
0&
b11 (
b10000 1
b1 3
16
b1110001001 :
b11100111 <
b1111111111110100 K
#9110000
0!
0'
b0 )
06
09
#9115000
1!
b0 $
b11 %
0&
b0 (
b1 )
b10000 1
b0 3
16
b1110001010 :
0M
0N
#9120000
0!
06
#9125000
1!
b0 $
b10 %
1&
b1 (
b10 *
b10000 1
16
b1110001011 :
#9130000
0!
b1111111111111100 #
1'
b10 )
b10 +
1,
b10000 -
06
b1111111111111100 8
19
#9135000
1!
b100 $
b10 %
1&
b10 (
b10 1
b11 2
16
b1110001100 :
b11101000 <
b11011011 =
b1001111000110 >
b11011011 @
b1111111111111100 K
b10 L
1M
1N
#9140000
0!
b1111111111111000 #
b11 )
b11 +
1,
b10000 -
06
b1111111111111000 8
#9145000
1!
b0 $
b10 %
0&
b11 (
b10000 1
b1 3
16
b1110001101 :
b1111111111111000 K
#9150000
0!
0'
b0 )
06
09
#9155000
1!
b0 $
b10 %
0&
b0 (
b1 )
b10000 1
b0 3
16
b1110001110 :
0M
0N
#9160000
0!
06
#9165000
1!
b0 $
b11 %
1&
b1 (
b11 *
b10000 1
16
b1110001111 :
#9170000
0!
1'
b10 )
06
19
#9175000
1!
b1000 $
b11 %
1&
b10 (
b11 1
b100 2
16
b1110010000 :
b11011100 =
b1001111001010 >
b11011100 @
b11 L
1M
1N
#9180000
0!
b1111111111110100 #
b11 )
b10 +
1,
b10000 -
06
b1111111111110100 8
#9185000
1!
b0 $
b11 %
0&
b11 (
b10000 1
b1 3
16
b1110010001 :
b11101001 <
b1111111111110100 K
#9190000
0!
0'
b0 )
06
09
#9195000
1!
b0 $
b11 %
0&
b0 (
b1 )
b10000 1
b0 3
16
b1110010010 :
0M
0N
#9200000
0!
06
#9205000
1!
b0 $
b10 %
1&
b1 (
b10 *
b10000 1
16
b1110010011 :
#9210000
0!
b1111111111111100 #
1'
b10 )
b10 +
1,
b10000 -
06
b1111111111111100 8
19
#9215000
1!
b100 $
b10 %
1&
b10 (
b10 1
b11 2
16
b1110010100 :
b11101010 <
b11011101 =
b1001111001101 >
b11011101 @
b1111111111111100 K
b10 L
1M
1N
#9220000
0!
b1111111111111000 #
b11 )
b11 +
1,
b10000 -
06
b1111111111111000 8
#9225000
1!
b0 $
b10 %
0&
b11 (
b10000 1
b1 3
16
b1110010101 :
b1111111111111000 K
#9230000
0!
0'
b0 )
06
09
#9235000
1!
b0 $
b10 %
0&
b0 (
b1 )
b10000 1
b0 3
16
b1110010110 :
0M
0N
#9240000
0!
06
#9245000
1!
b0 $
b11 %
1&
b1 (
b11 *
b10000 1
16
b1110010111 :
#9250000
0!
1'
b10 )
06
19
#9255000
1!
b1000 $
b11 %
1&
b10 (
b11 1
b100 2
16
b1110011000 :
b11011110 =
b1001111010001 >
b11011110 @
b11 L
1M
1N
#9260000
0!
b1111111111110100 #
b11 )
b10 +
1,
b10000 -
06
b1111111111110100 8
#9265000
1!
b0 $
b11 %
0&
b11 (
b10000 1
b1 3
16
b1110011001 :
b11101011 <
b1111111111110100 K
#9270000
0!
0'
b0 )
06
09
#9275000
1!
b0 $
b11 %
0&
b0 (
b1 )
b10000 1
b0 3
16
b1110011010 :
0M
0N
#9280000
0!
06
#9285000
1!
b0 $
b10 %
1&
b1 (
b10 *
b10000 1
16
b1110011011 :
#9290000
0!
b1111111111111100 #
1'
b10 )
b10 +
1,
b10000 -
06
b1111111111111100 8
19
#9295000
1!
b100 $
b10 %
1&
b10 (
b10 1
b11 2
16
b1110011100 :
b11101100 <
b11011111 =
b1001111010100 >
b11011111 @
b1111111111111100 K
b10 L
1M
1N
#9300000
0!
b1111111111111000 #
b11 )
b11 +
1,
b10000 -
06
b1111111111111000 8
#9305000
1!
b0 $
b10 %
0&
b11 (
b10000 1
b1 3
16
b1110011101 :
b1111111111111000 K
#9310000
0!
0'
b0 )
06
09
#9315000
1!
b0 $
b10 %
0&
b0 (
b1 )
b10000 1
b0 3
16
b1110011110 :
0M
0N
#9320000
0!
06
#9325000
1!
b0 $
b11 %
1&
b1 (
b11 *
b10000 1
16
b1110011111 :
#9330000
0!
1'
b10 )
06
19
#9335000
1!
b1000 $
b11 %
1&
b10 (
b11 1
b100 2
16
b1110100000 :
b11100000 =
b1001111011000 >
b11100000 @
b11 L
1M
1N
#9340000
0!
b1111111111110100 #
b11 )
b10 +
1,
b10000 -
06
b1111111111110100 8
#9345000
1!
b0 $
b11 %
0&
b11 (
b10000 1
b1 3
16
b1110100001 :
b11101101 <
b1111111111110100 K
#9350000
0!
0'
b0 )
06
09
#9355000
1!
b0 $
b11 %
0&
b0 (
b1 )
b10000 1
b0 3
16
b1110100010 :
0M
0N
#9360000
0!
06
#9365000
1!
b0 $
b10 %
1&
b1 (
b10 *
b10000 1
16
b1110100011 :
#9370000
0!
b1111111111111100 #
1'
b10 )
b10 +
1,
b10000 -
06
b1111111111111100 8
19
#9375000
1!
b100 $
b10 %
1&
b10 (
b10 1
b11 2
16
b1110100100 :
b11101110 <
b11100001 =
b1001111011011 >
b11100001 @
b1111111111111100 K
b10 L
1M
1N
#9380000
0!
b1111111111111000 #
b11 )
b11 +
1,
b10000 -
06
b1111111111111000 8
#9385000
1!
b0 $
b10 %
0&
b11 (
b10000 1
b1 3
16
b1110100101 :
b1111111111111000 K
#9390000
0!
0'
b0 )
06
09
#9395000
1!
b0 $
b10 %
0&
b0 (
b1 )
b10000 1
b0 3
16
b1110100110 :
0M
0N
#9400000
0!
06
#9405000
1!
b0 $
b11 %
1&
b1 (
b11 *
b10000 1
16
b1110100111 :
#9410000
0!
1'
b10 )
06
19
#9415000
1!
b1000 $
b11 %
1&
b10 (
b11 1
b100 2
16
b1110101000 :
b11100010 =
b1001111011111 >
b11100010 @
b11 L
1M
1N
#9420000
0!
b1111111111110100 #
b11 )
b10 +
1,
b10000 -
06
b1111111111110100 8
#9425000
1!
b0 $
b11 %
0&
b11 (
b10000 1
b1 3
16
b1110101001 :
b11101111 <
b1111111111110100 K
#9430000
0!
0'
b0 )
06
09
#9435000
1!
b0 $
b11 %
0&
b0 (
b1 )
b10000 1
b0 3
16
b1110101010 :
0M
0N
#9440000
0!
06
#9445000
1!
b0 $
b10 %
1&
b1 (
b10 *
b10000 1
16
b1110101011 :
#9450000
0!
b1111111111111100 #
1'
b10 )
b10 +
1,
b10000 -
06
b1111111111111100 8
19
#9455000
1!
b100 $
b10 %
1&
b10 (
b10 1
b11 2
16
b1110101100 :
b11110000 <
b11100011 =
b1001111100010 >
b11100011 @
b1111111111111100 K
b10 L
1M
1N
#9460000
0!
b1111111111111000 #
b11 )
b11 +
1,
b10000 -
06
b1111111111111000 8
#9465000
1!
b0 $
b10 %
0&
b11 (
b10000 1
b1 3
16
b1110101101 :
b1111111111111000 K
#9470000
0!
0'
b0 )
06
09
#9475000
1!
b0 $
b10 %
0&
b0 (
b1 )
b10000 1
b0 3
16
b1110101110 :
0M
0N
#9480000
0!
06
#9485000
1!
b0 $
b11 %
1&
b1 (
b11 *
b10000 1
16
b1110101111 :
#9490000
0!
1'
b10 )
06
19
#9495000
1!
b1000 $
b11 %
1&
b10 (
b11 1
b100 2
16
b1110110000 :
b11100100 =
b1001111100110 >
b11100100 @
b11 L
1M
1N
#9500000
0!
b1111111111110100 #
b11 )
b10 +
1,
b10000 -
06
b1111111111110100 8
#9505000
1!
b0 $
b11 %
0&
b11 (
b10000 1
b1 3
16
b1110110001 :
b11110001 <
b1111111111110100 K
#9510000
0!
0'
b0 )
06
09
#9515000
1!
b0 $
b11 %
0&
b0 (
b1 )
b10000 1
b0 3
16
b1110110010 :
0M
0N
#9520000
0!
06
#9525000
1!
b0 $
b10 %
1&
b1 (
b10 *
b10000 1
16
b1110110011 :
#9530000
0!
b1111111111111100 #
1'
b10 )
b10 +
1,
b10000 -
06
b1111111111111100 8
19
#9535000
1!
b100 $
b10 %
1&
b10 (
b10 1
b11 2
16
b1110110100 :
b11110010 <
b11100101 =
b1001111101001 >
b11100101 @
b1111111111111100 K
b10 L
1M
1N
#9540000
0!
b1111111111111000 #
b11 )
b11 +
1,
b10000 -
06
b1111111111111000 8
#9545000
1!
b0 $
b10 %
0&
b11 (
b10000 1
b1 3
16
b1110110101 :
b1111111111111000 K
#9550000
0!
0'
b0 )
06
09
#9555000
1!
b0 $
b10 %
0&
b0 (
b1 )
b10000 1
b0 3
16
b1110110110 :
0M
0N
#9560000
0!
06
#9565000
1!
b0 $
b11 %
1&
b1 (
b11 *
b10000 1
16
b1110110111 :
#9570000
0!
1'
b10 )
06
19
#9575000
1!
b1000 $
b11 %
1&
b10 (
b11 1
b100 2
16
b1110111000 :
b11100110 =
b1001111101101 >
b11100110 @
b11 L
1M
1N
#9580000
0!
b1111111111110100 #
b11 )
b10 +
1,
b10000 -
06
b1111111111110100 8
#9585000
1!
b0 $
b11 %
0&
b11 (
b10000 1
b1 3
16
b1110111001 :
b11110011 <
b1111111111110100 K
#9590000
0!
0'
b0 )
06
09
#9595000
1!
b0 $
b11 %
0&
b0 (
b1 )
b10000 1
b0 3
16
b1110111010 :
0M
0N
#9600000
0!
06
#9605000
1!
b0 $
b10 %
1&
b1 (
b10 *
b10000 1
16
b1110111011 :
#9610000
0!
b1111111111111100 #
1'
b10 )
b10 +
1,
b10000 -
06
b1111111111111100 8
19
#9615000
1!
b100 $
b10 %
1&
b10 (
b10 1
b11 2
16
b1110111100 :
b11110100 <
b11100111 =
b1001111110000 >
b11100111 @
b1111111111111100 K
b10 L
1M
1N
#9620000
0!
b1111111111111000 #
b11 )
b11 +
1,
b10000 -
06
b1111111111111000 8
#9625000
1!
b0 $
b10 %
0&
b11 (
b10000 1
b1 3
16
b1110111101 :
b1111111111111000 K
#9630000
0!
0'
b0 )
06
09
#9635000
1!
b0 $
b10 %
0&
b0 (
b1 )
b10000 1
b0 3
16
b1110111110 :
0M
0N
#9640000
0!
06
#9645000
1!
b0 $
b11 %
1&
b1 (
b11 *
b10000 1
16
b1110111111 :
#9650000
0!
1'
b10 )
06
19
#9655000
1!
b1000 $
b11 %
1&
b10 (
b11 1
b100 2
16
b1111000000 :
b11101000 =
b1001111110100 >
b11101000 @
b11 L
1M
1N
#9660000
0!
b1111111111110100 #
b11 )
b10 +
1,
b10000 -
06
b1111111111110100 8
#9665000
1!
b0 $
b11 %
0&
b11 (
b10000 1
b1 3
16
b1111000001 :
b11110101 <
b1111111111110100 K
#9670000
0!
0'
b0 )
06
09
#9675000
1!
b0 $
b11 %
0&
b0 (
b1 )
b10000 1
b0 3
16
b1111000010 :
0M
0N
#9680000
0!
06
#9685000
1!
b0 $
b10 %
1&
b1 (
b10 *
b10000 1
16
b1111000011 :
#9690000
0!
b1111111111111100 #
1'
b10 )
b10 +
1,
b10000 -
06
b1111111111111100 8
19
#9695000
1!
b100 $
b10 %
1&
b10 (
b10 1
b11 2
16
b1111000100 :
b11110110 <
b11101001 =
b1001111110111 >
b11101001 @
b1111111111111100 K
b10 L
1M
1N
#9700000
0!
b1111111111111000 #
b11 )
b11 +
1,
b10000 -
06
b1111111111111000 8
#9705000
1!
b0 $
b10 %
0&
b11 (
b10000 1
b1 3
16
b1111000101 :
b1111111111111000 K
#9710000
0!
0'
b0 )
06
09
#9715000
1!
b0 $
b10 %
0&
b0 (
b1 )
b10000 1
b0 3
16
b1111000110 :
0M
0N
#9720000
0!
06
#9725000
1!
b0 $
b11 %
1&
b1 (
b11 *
b10000 1
16
b1111000111 :
#9730000
0!
1'
b10 )
06
19
#9735000
1!
b1000 $
b11 %
1&
b10 (
b11 1
b100 2
16
b1111001000 :
b11101010 =
b1001111111011 >
b11101010 @
b11 L
1M
1N
#9740000
0!
b1111111111110100 #
b11 )
b10 +
1,
b10000 -
06
b1111111111110100 8
#9745000
1!
b0 $
b11 %
0&
b11 (
b10000 1
b1 3
16
b1111001001 :
b11110111 <
b1111111111110100 K
#9750000
0!
0'
b0 )
06
09
#9755000
1!
b0 $
b11 %
0&
b0 (
b1 )
b10000 1
b0 3
16
b1111001010 :
0M
0N
#9760000
0!
06
#9765000
1!
b0 $
b10 %
1&
b1 (
b10 *
b10000 1
16
b1111001011 :
#9770000
0!
b1111111111111100 #
1'
b10 )
b10 +
1,
b10000 -
06
b1111111111111100 8
19
#9775000
1!
b100 $
b10 %
1&
b10 (
b10 1
b11 2
16
b1111001100 :
b11111000 <
b11101011 =
b1001111111110 >
b11101011 @
b1111111111111100 K
b10 L
1M
1N
#9780000
0!
b1111111111111000 #
b11 )
b11 +
1,
b10000 -
06
b1111111111111000 8
#9785000
1!
b0 $
b10 %
0&
b11 (
b10000 1
b1 3
16
b1111001101 :
b1111111111111000 K
#9790000
0!
0'
b0 )
06
09
#9795000
1!
b0 $
b10 %
0&
b0 (
b1 )
b10000 1
b0 3
16
b1111001110 :
0M
0N
#9800000
0!
06
#9805000
1!
b0 $
b11 %
1&
b1 (
b11 *
b10000 1
16
b1111001111 :
#9810000
0!
1'
b10 )
06
19
#9815000
1!
b1000 $
b11 %
1&
b10 (
b11 1
b100 2
16
b1111010000 :
b11101100 =
b1010000000010 >
b11101100 @
b11 L
1M
1N
#9820000
0!
b1111111111110100 #
b11 )
b10 +
1,
b10000 -
06
b1111111111110100 8
#9825000
1!
b0 $
b11 %
0&
b11 (
b10000 1
b1 3
16
b1111010001 :
b11111001 <
b1111111111110100 K
#9830000
0!
0'
b0 )
06
09
#9835000
1!
b0 $
b11 %
0&
b0 (
b1 )
b10000 1
b0 3
16
b1111010010 :
0M
0N
#9840000
0!
06
#9845000
1!
b0 $
b10 %
1&
b1 (
b10 *
b10000 1
16
b1111010011 :
#9850000
0!
b1111111111111100 #
1'
b10 )
b10 +
1,
b10000 -
06
b1111111111111100 8
19
#9855000
1!
b100 $
b10 %
1&
b10 (
b10 1
b11 2
16
b1111010100 :
b11111010 <
b11101101 =
b1010000000101 >
b11101101 @
b1111111111111100 K
b10 L
1M
1N
#9860000
0!
b1111111111111000 #
b11 )
b11 +
1,
b10000 -
06
b1111111111111000 8
#9865000
1!
b0 $
b10 %
0&
b11 (
b10000 1
b1 3
16
b1111010101 :
b1111111111111000 K
#9870000
0!
0'
b0 )
06
09
#9875000
1!
b0 $
b10 %
0&
b0 (
b1 )
b10000 1
b0 3
16
b1111010110 :
0M
0N
#9880000
0!
06
#9885000
1!
b0 $
b11 %
1&
b1 (
b11 *
b10000 1
16
b1111010111 :
#9890000
0!
1'
b10 )
06
19
#9895000
1!
b1000 $
b11 %
1&
b10 (
b11 1
b100 2
16
b1111011000 :
b11101110 =
b1010000001001 >
b11101110 @
b11 L
1M
1N
#9900000
0!
b1111111111110100 #
b11 )
b10 +
1,
b10000 -
06
b1111111111110100 8
#9905000
1!
b0 $
b11 %
0&
b11 (
b10000 1
b1 3
16
b1111011001 :
b11111011 <
b1111111111110100 K
#9910000
0!
0'
b0 )
06
09
#9915000
1!
b0 $
b11 %
0&
b0 (
b1 )
b10000 1
b0 3
16
b1111011010 :
0M
0N
#9920000
0!
06
#9925000
1!
b0 $
b10 %
1&
b1 (
b10 *
b10000 1
16
b1111011011 :
#9930000
0!
b1111111111111100 #
1'
b10 )
b10 +
1,
b10000 -
06
b1111111111111100 8
19
#9935000
1!
b100 $
b10 %
1&
b10 (
b10 1
b11 2
16
b1111011100 :
b11111100 <
b11101111 =
b1010000001100 >
b11101111 @
b1111111111111100 K
b10 L
1M
1N
#9940000
0!
b1111111111111000 #
b11 )
b11 +
1,
b10000 -
06
b1111111111111000 8
#9945000
1!
b0 $
b10 %
0&
b11 (
b10000 1
b1 3
16
b1111011101 :
b1111111111111000 K
#9950000
0!
0'
b0 )
06
09
#9955000
1!
b0 $
b10 %
0&
b0 (
b1 )
b10000 1
b0 3
16
b1111011110 :
0M
0N
#9960000
0!
06
#9965000
1!
b0 $
b11 %
1&
b1 (
b11 *
b10000 1
16
b1111011111 :
#9970000
0!
1'
b10 )
06
19
#9975000
1!
b1000 $
b11 %
1&
b10 (
b11 1
b100 2
16
b1111100000 :
b11110000 =
b1010000010000 >
b11110000 @
b11 L
1M
1N
#9980000
0!
b1111111111110000 #
b11 )
b100 +
1,
b10000 -
06
b1111111111110000 8
#9985000
1!
b0 $
b11 %
0&
b11 (
b10000 1
b1 3
16
b1111100001 :
b1111111111110000 K
#9990000
0!
0'
b0 )
06
09
#9995000
1!
b0 $
b11 %
0&
b0 (
b1 )
b10000 1
b0 3
16
b1111100010 :
0M
0N
#10000000
0!
06
#10005000
1!
b0 $
b100 %
1&
b1 (
b100 *
b10000 1
16
b1111100011 :
#10010000
0!
1'
b10 )
06
19
#10015000
1!
b10000 $
b100 %
1&
b10 (
b100 1
b100000001 2
16
b1111100100 :
b11110001 =
b1010100010001 >
b11110001 @
b100 L
1M
1N
#10020000
0!
b1111111111100000 #
b11 )
b101 +
1,
b10000 -
06
b1111111111100000 8
#10025000
1!
b0 $
b100 %
0&
b11 (
b10000 1
b1 3
16
b1111100101 :
b1111111111100000 K
#10030000
0!
0'
b0 )
06
09
#10035000
1!
b0 $
b100 %
0&
b0 (
b1 )
b10000 1
b0 3
16
b1111100110 :
0M
0N
#10040000
0!
b1111111111110000 #
b1 )
b100 +
1,
b10000 -
06
b1111111111110000 8
#10045000
1!
b0 $
b100 %
1&
b1 (
b10000 1
16
b1111100111 :
b11111101 <
b1111111111110000 K
#10050000
0!
1'
b10 )
06
19
#10055000
1!
b10000 $
b100 %
1&
b10 (
b100 1
b1 2
16
b1111101000 :
b11110010 =
b1010100010010 >
b11110010 @
1M
1N
#10060000
0!
b1111111111100000 #
b11 )
b101 +
1,
b10000 -
06
b1111111111100000 8
#10065000
1!
b0 $
b100 %
0&
b11 (
b10000 1
b1 3
16
b1111101001 :
b1111111111100000 K
#10070000
0!
0'
b0 )
06
09
#10075000
1!
b0 $
b100 %
0&
b0 (
b1 )
b10000 1
b0 3
16
b1111101010 :
0M
0N
#10080000
0!
b1111111111110000 #
b1 )
b100 +
1,
b10000 -
06
b1111111111110000 8
#10085000
1!
b0 $
b100 %
1&
b1 (
b10000 1
16
b1111101011 :
b11111110 <
b1111111111110000 K
#10090000
0!
1'
b10 )
06
19
#10095000
1!
b10000 $
b100 %
1&
b10 (
b100 1
16
b1111101100 :
b11110011 =
b1010100010011 >
b11110011 @
1M
1N
#10100000
0!
b1111111111100000 #
b11 )
b101 +
1,
b10000 -
06
b1111111111100000 8
#10105000
1!
b0 $
b100 %
0&
b11 (
b10000 1
b1 3
16
b1111101101 :
b1111111111100000 K
#10110000
0!
0'
b0 )
06
09
#10115000
1!
b0 $
b100 %
0&
b0 (
b1 )
b10000 1
b0 3
16
b1111101110 :
0M
0N
#10120000
0!
b1111111111110000 #
b1 )
b100 +
1,
b10000 -
06
b1111111111110000 8
#10125000
1!
b0 $
b100 %
1&
b1 (
b10000 1
16
b1111101111 :
b11111111 <
b1111111111110000 K
#10130000
0!
1'
b10 )
06
19
#10135000
1!
b10000 $
b100 %
1&
b10 (
b100 1
16
b1111110000 :
b11110100 =
b1010100010100 >
b11110100 @
1M
1N
#10140000
0!
b1111111111100000 #
b11 )
b101 +
1,
b10000 -
06
b1111111111100000 8
#10145000
1!
b0 $
b100 %
0&
b11 (
b10000 1
b1 3
16
b1111110001 :
b1111111111100000 K
#10150000
0!
0'
b0 )
06
09
#10155000
1!
b0 $
b100 %
0&
b0 (
b1 )
b10000 1
b0 3
16
b1111110010 :
0M
0N
#10160000
0!
b1111111111110000 #
b1 )
b100 +
1,
b10000 -
06
b1111111111110000 8
#10165000
1!
b0 $
b100 %
1&
b1 (
b10000 1
16
b1111110011 :
b100000000 <
b1111111111110000 K
#10170000
0!
1'
b10 )
06
19
#10175000
1!
b10000 $
b100 %
1&
b10 (
b100 1
16
b1111110100 :
b11110101 =
b1010100010101 >
b11110101 @
1M
1N
#10180000
0!
b1111111111100000 #
b11 )
b101 +
1,
b10000 -
06
b1111111111100000 8
#10185000
1!
b0 $
b100 %
0&
b11 (
b10000 1
b1 3
16
b1111110101 :
b1111111111100000 K
#10190000
0!
0'
b0 )
06
09
#10195000
1!
b0 $
b100 %
0&
b0 (
b1 )
b10000 1
b0 3
16
b1111110110 :
0M
0N
#10200000
0!
b1111111111110000 #
b1 )
b100 +
1,
b10000 -
06
b1111111111110000 8
#10205000
1!
b0 $
b100 %
1&
b1 (
b10000 1
16
b1111110111 :
b100000001 <
b1111111111110000 K
#10210000
0!
1'
b10 )
06
19
#10215000
1!
b10000 $
b100 %
1&
b10 (
b100 1
16
b1111111000 :
b11110110 =
b1010100010110 >
b11110110 @
1M
1N
#10220000
0!
b1111111111100000 #
b11 )
b101 +
1,
b10000 -
06
b1111111111100000 8
#10225000
1!
b0 $
b100 %
0&
b11 (
b10000 1
b1 3
16
b1111111001 :
b1111111111100000 K
#10230000
0!
0'
b0 )
06
09
#10235000
1!
b0 $
b100 %
0&
b0 (
b1 )
b10000 1
b0 3
16
b1111111010 :
0M
0N
#10240000
0!
b1111111111110000 #
b1 )
b100 +
1,
b10000 -
06
b1111111111110000 8
#10245000
1!
b0 $
b100 %
1&
b1 (
b10000 1
16
b1111111011 :
b100000010 <
b1111111111110000 K
#10250000
0!
1'
b10 )
06
19
#10255000
1!
b10000 $
b100 %
1&
b10 (
b100 1
16
b1111111100 :
b11110111 =
b1010100010111 >
b11110111 @
1M
1N
#10260000
0!
b1111111111100000 #
b11 )
b101 +
1,
b10000 -
06
b1111111111100000 8
#10265000
1!
b0 $
b100 %
0&
b11 (
b10000 1
b1 3
16
b1111111101 :
b1111111111100000 K
#10270000
0!
0'
b0 )
06
09
#10275000
1!
b0 $
b100 %
0&
b0 (
b1 )
b10000 1
b0 3
16
b1111111110 :
0M
0N
#10280000
0!
b1111111111110000 #
b1 )
b100 +
1,
b10000 -
06
b1111111111110000 8
#10285000
1!
b0 $
b100 %
1&
b1 (
b10000 1
16
b1111111111 :
b100000011 <
b1111111111110000 K
#10290000
0!
1'
b10 )
06
19
#10295000
1!
b10000 $
b100 %
1&
b10 (
b100 1
16
b10000000000 :
b11111000 =
b1010100011000 >
b11111000 @
1M
1N
#10300000
0!
b1111111111100000 #
b11 )
b101 +
1,
b10000 -
06
b1111111111100000 8
#10305000
1!
b0 $
b100 %
0&
b11 (
b10000 1
b1 3
16
b10000000001 :
b1111111111100000 K
#10310000
0!
0'
b0 )
06
09
#10315000
1!
b0 $
b100 %
0&
b0 (
b1 )
b10000 1
b0 3
16
b10000000010 :
0M
0N
#10320000
0!
b1111111111110000 #
b1 )
b100 +
1,
b10000 -
06
b1111111111110000 8
#10325000
1!
b0 $
b100 %
1&
b1 (
b10000 1
16
b10000000011 :
b100000100 <
b1111111111110000 K
#10330000
0!
1'
b10 )
06
19
#10335000
1!
b10000 $
b100 %
1&
b10 (
b100 1
16
b10000000100 :
b11111001 =
b1010100011001 >
b11111001 @
1M
1N
#10340000
0!
b1111111111100000 #
b11 )
b101 +
1,
b10000 -
06
b1111111111100000 8
#10345000
1!
b0 $
b100 %
0&
b11 (
b10000 1
b1 3
16
b10000000101 :
b1111111111100000 K
#10350000
0!
0'
b0 )
06
09
#10355000
1!
b0 $
b100 %
0&
b0 (
b1 )
b10000 1
b0 3
16
b10000000110 :
0M
0N
#10360000
0!
b1111111111110000 #
b1 )
b100 +
1,
b10000 -
06
b1111111111110000 8
#10365000
1!
b0 $
b100 %
1&
b1 (
b10000 1
16
b10000000111 :
b100000101 <
b1111111111110000 K
#10370000
0!
1'
b10 )
06
19
#10375000
1!
b10000 $
b100 %
1&
b10 (
b100 1
16
b10000001000 :
b11111010 =
b1010100011010 >
b11111010 @
1M
1N
#10380000
0!
b1111111111100000 #
b11 )
b101 +
1,
b10000 -
06
b1111111111100000 8
#10385000
1!
b0 $
b100 %
0&
b11 (
b10000 1
b1 3
16
b10000001001 :
b1111111111100000 K
#10390000
0!
0'
b0 )
06
09
#10395000
1!
b0 $
b100 %
0&
b0 (
b1 )
b10000 1
b0 3
16
b10000001010 :
0M
0N
#10400000
0!
b1111111111110000 #
b1 )
b100 +
1,
b10000 -
06
b1111111111110000 8
#10405000
1!
b0 $
b100 %
1&
b1 (
b10000 1
16
b10000001011 :
b100000110 <
b1111111111110000 K
#10410000
0!
1'
b10 )
06
19
#10415000
1!
b10000 $
b100 %
1&
b10 (
b100 1
16
b10000001100 :
b11111011 =
b1010100011011 >
b11111011 @
1M
1N
#10420000
0!
b1111111111100000 #
b11 )
b101 +
1,
b10000 -
06
b1111111111100000 8
#10425000
1!
b0 $
b100 %
0&
b11 (
b10000 1
b1 3
16
b10000001101 :
b1111111111100000 K
#10430000
0!
0'
b0 )
06
09
#10435000
1!
b0 $
b100 %
0&
b0 (
b1 )
b10000 1
b0 3
16
b10000001110 :
0M
0N
#10440000
0!
b1111111111110000 #
b1 )
b100 +
1,
b10000 -
06
b1111111111110000 8
#10445000
1!
b0 $
b100 %
1&
b1 (
b10000 1
16
b10000001111 :
b100000111 <
b1111111111110000 K
#10450000
0!
1'
b10 )
06
19
#10455000
1!
b10000 $
b100 %
1&
b10 (
b100 1
16
b10000010000 :
b11111100 =
b1010100011100 >
b11111100 @
1M
1N
#10460000
0!
b1111111111100000 #
b11 )
b101 +
1,
b10000 -
06
b1111111111100000 8
#10465000
1!
b0 $
b100 %
0&
b11 (
b10000 1
b1 3
16
b10000010001 :
b1111111111100000 K
#10470000
0!
0'
b0 )
06
09
#10475000
1!
b0 $
b100 %
0&
b0 (
b1 )
b10000 1
b0 3
16
b10000010010 :
0M
0N
#10480000
0!
b1111111111110000 #
b1 )
b100 +
1,
b10000 -
06
b1111111111110000 8
#10485000
1!
b0 $
b100 %
1&
b1 (
b10000 1
16
b10000010011 :
b100001000 <
b1111111111110000 K
#10490000
0!
1'
b10 )
06
19
#10495000
1!
b10000 $
b100 %
1&
b10 (
b100 1
16
b10000010100 :
b11111101 =
b1010100011101 >
b11111101 @
1M
1N
#10500000
0!
b1111111111100000 #
b11 )
b101 +
1,
b10000 -
06
b1111111111100000 8
#10505000
1!
b0 $
b100 %
0&
b11 (
b10000 1
b1 3
16
b10000010101 :
b1111111111100000 K
#10510000
0!
0'
b0 )
06
09
#10515000
1!
b0 $
b100 %
0&
b0 (
b1 )
b10000 1
b0 3
16
b10000010110 :
0M
0N
#10520000
0!
b1111111111110000 #
b1 )
b100 +
1,
b10000 -
06
b1111111111110000 8
#10525000
1!
b0 $
b100 %
1&
b1 (
b10000 1
16
b10000010111 :
b100001001 <
b1111111111110000 K
#10530000
0!
1'
b10 )
06
19
#10535000
1!
b10000 $
b100 %
1&
b10 (
b100 1
16
b10000011000 :
b11111110 =
b1010100011110 >
b11111110 @
1M
1N
#10540000
0!
b1111111111100000 #
b11 )
b101 +
1,
b10000 -
06
b1111111111100000 8
#10545000
1!
b0 $
b100 %
0&
b11 (
b10000 1
b1 3
16
b10000011001 :
b1111111111100000 K
#10550000
0!
0'
b0 )
06
09
#10555000
1!
b0 $
b100 %
0&
b0 (
b1 )
b10000 1
b0 3
16
b10000011010 :
0M
0N
#10560000
0!
b1111111111110000 #
b1 )
b100 +
1,
b10000 -
06
b1111111111110000 8
#10565000
1!
b0 $
b100 %
1&
b1 (
b10000 1
16
b10000011011 :
b100001010 <
b1111111111110000 K
#10570000
0!
1'
b10 )
06
19
#10575000
1!
b10000 $
b100 %
1&
b10 (
b100 1
16
b10000011100 :
b11111111 =
b1010100011111 >
b11111111 @
1M
1N
#10580000
0!
b1111111111100000 #
b11 )
b101 +
1,
b10000 -
06
b1111111111100000 8
#10585000
1!
b0 $
b100 %
0&
b11 (
b10000 1
b1 3
16
b10000011101 :
b1111111111100000 K
#10590000
0!
0'
b0 )
06
09
#10595000
1!
b0 $
b100 %
0&
b0 (
b1 )
b10000 1
b0 3
16
b10000011110 :
0M
0N
#10600000
0!
06
#10605000
1!
b0 $
b101 %
1&
b1 (
b101 *
b10000 1
16
b10000011111 :
#10610000
0!
1'
b10 )
06
19
#10615000
1!
b100000 $
b101 %
1&
b10 (
b101 1
b101000001 2
16
b10000100000 :
b100000000 =
b1011001100000 >
b100000000 @
b101 L
1M
1N
#10620000
0!
b1111111111000000 #
b11 )
b110 +
1,
b10000 -
06
b1111111111000000 8
#10625000
1!
b0 $
b101 %
0&
b11 (
b10000 1
b1 3
16
b10000100001 :
b1111111111000000 K
#10630000
0!
0'
b0 )
06
09
#10635000
1!
b0 $
b101 %
0&
b0 (
b1 )
b10000 1
b0 3
16
b10000100010 :
0M
0N
#10640000
0!
b1111111111100000 #
b1 )
b101 +
1,
b10000 -
06
b1111111111100000 8
#10645000
1!
b0 $
b101 %
1&
b1 (
b10000 1
16
b10000100011 :
b100001011 <
b1111111111100000 K
#10650000
0!
1'
b10 )
06
19
#10655000
1!
b100000 $
b101 %
1&
b10 (
b101 1
b1 2
16
b10000100100 :
b100000001 =
b1011001100001 >
b100000001 @
1M
1N
#10660000
0!
b1111111111000000 #
b11 )
b110 +
1,
b10000 -
06
b1111111111000000 8
#10665000
1!
b0 $
b101 %
0&
b11 (
b10000 1
b1 3
16
b10000100101 :
b1111111111000000 K
#10670000
0!
0'
b0 )
06
09
#10675000
1!
b0 $
b101 %
0&
b0 (
b1 )
b10000 1
b0 3
16
b10000100110 :
0M
0N
#10680000
0!
b1111111111100000 #
b1 )
b101 +
1,
b10000 -
06
b1111111111100000 8
#10685000
1!
b0 $
b101 %
1&
b1 (
b10000 1
16
b10000100111 :
b100001100 <
b1111111111100000 K
#10690000
0!
1'
b10 )
06
19
#10695000
1!
b100000 $
b101 %
1&
b10 (
b101 1
16
b10000101000 :
b100000010 =
b1011001100010 >
b100000010 @
1M
1N
#10700000
0!
b1111111111000000 #
b11 )
b110 +
1,
b10000 -
06
b1111111111000000 8
#10705000
1!
b0 $
b101 %
0&
b11 (
b10000 1
b1 3
16
b10000101001 :
b1111111111000000 K
#10710000
0!
0'
b0 )
06
09
#10715000
1!
b0 $
b101 %
0&
b0 (
b1 )
b10000 1
b0 3
16
b10000101010 :
0M
0N
#10720000
0!
b1111111111100000 #
b1 )
b101 +
1,
b10000 -
06
b1111111111100000 8
#10725000
1!
b0 $
b101 %
1&
b1 (
b10000 1
16
b10000101011 :
b100001101 <
b1111111111100000 K
#10730000
0!
1'
b10 )
06
19
#10735000
1!
b100000 $
b101 %
1&
b10 (
b101 1
16
b10000101100 :
b100000011 =
b1011001100011 >
b100000011 @
1M
1N
#10740000
0!
b1111111111000000 #
b11 )
b110 +
1,
b10000 -
06
b1111111111000000 8
#10745000
1!
b0 $
b101 %
0&
b11 (
b10000 1
b1 3
16
b10000101101 :
b1111111111000000 K
#10750000
0!
0'
b0 )
06
09
#10755000
1!
b0 $
b101 %
0&
b0 (
b1 )
b10000 1
b0 3
16
b10000101110 :
0M
0N
#10760000
0!
b1111111111100000 #
b1 )
b101 +
1,
b10000 -
06
b1111111111100000 8
#10765000
1!
b0 $
b101 %
1&
b1 (
b10000 1
16
b10000101111 :
b100001110 <
b1111111111100000 K
#10770000
0!
1'
b10 )
06
19
#10775000
1!
b100000 $
b101 %
1&
b10 (
b101 1
16
b10000110000 :
b100000100 =
b1011001100100 >
b100000100 @
1M
1N
#10780000
0!
b1111111111000000 #
b11 )
b110 +
1,
b10000 -
06
b1111111111000000 8
#10785000
1!
b0 $
b101 %
0&
b11 (
b10000 1
b1 3
16
b10000110001 :
b1111111111000000 K
#10790000
0!
0'
b0 )
06
09
#10795000
1!
b0 $
b101 %
0&
b0 (
b1 )
b10000 1
b0 3
16
b10000110010 :
0M
0N
#10800000
0!
b1111111111100000 #
b1 )
b101 +
1,
b10000 -
06
b1111111111100000 8
#10805000
1!
b0 $
b101 %
1&
b1 (
b10000 1
16
b10000110011 :
b100001111 <
b1111111111100000 K
#10810000
0!
1'
b10 )
06
19
#10815000
1!
b100000 $
b101 %
1&
b10 (
b101 1
16
b10000110100 :
b100000101 =
b1011001100101 >
b100000101 @
1M
1N
#10820000
0!
b1111111111000000 #
b11 )
b110 +
1,
b10000 -
06
b1111111111000000 8
#10825000
1!
b0 $
b101 %
0&
b11 (
b10000 1
b1 3
16
b10000110101 :
b1111111111000000 K
#10830000
0!
0'
b0 )
06
09
#10835000
1!
b0 $
b101 %
0&
b0 (
b1 )
b10000 1
b0 3
16
b10000110110 :
0M
0N
#10840000
0!
b1111111111100000 #
b1 )
b101 +
1,
b10000 -
06
b1111111111100000 8
#10845000
1!
b0 $
b101 %
1&
b1 (
b10000 1
16
b10000110111 :
b100010000 <
b1111111111100000 K
#10850000
0!
1'
b10 )
06
19
#10855000
1!
b100000 $
b101 %
1&
b10 (
b101 1
16
b10000111000 :
b100000110 =
b1011001100110 >
b100000110 @
1M
1N
#10860000
0!
b1111111111000000 #
b11 )
b110 +
1,
b10000 -
06
b1111111111000000 8
#10865000
1!
b0 $
b101 %
0&
b11 (
b10000 1
b1 3
16
b10000111001 :
b1111111111000000 K
#10870000
0!
0'
b0 )
06
09
#10875000
1!
b0 $
b101 %
0&
b0 (
b1 )
b10000 1
b0 3
16
b10000111010 :
0M
0N
#10880000
0!
b1111111111100000 #
b1 )
b101 +
1,
b10000 -
06
b1111111111100000 8
#10885000
1!
b0 $
b101 %
1&
b1 (
b10000 1
16
b10000111011 :
b100010001 <
b1111111111100000 K
#10890000
0!
1'
b10 )
06
19
#10895000
1!
b100000 $
b101 %
1&
b10 (
b101 1
16
b10000111100 :
b100000111 =
b1011001100111 >
b100000111 @
1M
1N
#10900000
0!
b1111111111000000 #
b11 )
b110 +
1,
b10000 -
06
b1111111111000000 8
#10905000
1!
b0 $
b101 %
0&
b11 (
b10000 1
b1 3
16
b10000111101 :
b1111111111000000 K
#10910000
0!
0'
b0 )
06
09
#10915000
1!
b0 $
b101 %
0&
b0 (
b1 )
b10000 1
b0 3
16
b10000111110 :
0M
0N
#10920000
0!
b1111111111100000 #
b1 )
b101 +
1,
b10000 -
06
b1111111111100000 8
#10925000
1!
b0 $
b101 %
1&
b1 (
b10000 1
16
b10000111111 :
b100010010 <
b1111111111100000 K
#10930000
0!
1'
b10 )
06
19
#10935000
1!
b100000 $
b101 %
1&
b10 (
b101 1
16
b10001000000 :
b100001000 =
b1011001101000 >
b100001000 @
1M
1N
#10940000
0!
b1111111111000000 #
b11 )
b110 +
1,
b10000 -
06
b1111111111000000 8
#10945000
1!
b0 $
b101 %
0&
b11 (
b10000 1
b1 3
16
b10001000001 :
b1111111111000000 K
#10950000
0!
0'
b0 )
06
09
#10955000
1!
b0 $
b101 %
0&
b0 (
b1 )
b10000 1
b0 3
16
b10001000010 :
0M
0N
#10960000
0!
b1111111111100000 #
b1 )
b101 +
1,
b10000 -
06
b1111111111100000 8
#10965000
1!
b0 $
b101 %
1&
b1 (
b10000 1
16
b10001000011 :
b100010011 <
b1111111111100000 K
#10970000
0!
1'
b10 )
06
19
#10975000
1!
b100000 $
b101 %
1&
b10 (
b101 1
16
b10001000100 :
b100001001 =
b1011001101001 >
b100001001 @
1M
1N
#10980000
0!
b1111111111000000 #
b11 )
b110 +
1,
b10000 -
06
b1111111111000000 8
#10985000
1!
b0 $
b101 %
0&
b11 (
b10000 1
b1 3
16
b10001000101 :
b1111111111000000 K
#10990000
0!
0'
b0 )
06
09
#10995000
1!
b0 $
b101 %
0&
b0 (
b1 )
b10000 1
b0 3
16
b10001000110 :
0M
0N
#11000000
0!
b1111111111100000 #
b1 )
b101 +
1,
b10000 -
06
b1111111111100000 8
#11005000
1!
b0 $
b101 %
1&
b1 (
b10000 1
16
b10001000111 :
b100010100 <
b1111111111100000 K
#11010000
0!
1'
b10 )
06
19
#11015000
1!
b100000 $
b101 %
1&
b10 (
b101 1
16
b10001001000 :
b100001010 =
b1011001101010 >
b100001010 @
1M
1N
#11020000
0!
b1111111111000000 #
b11 )
b110 +
1,
b10000 -
06
b1111111111000000 8
#11025000
1!
b0 $
b101 %
0&
b11 (
b10000 1
b1 3
16
b10001001001 :
b1111111111000000 K
#11030000
0!
0'
b0 )
06
09
#11035000
1!
b0 $
b101 %
0&
b0 (
b1 )
b10000 1
b0 3
16
b10001001010 :
0M
0N
#11040000
0!
b1111111111100000 #
b1 )
b101 +
1,
b10000 -
06
b1111111111100000 8
#11045000
1!
b0 $
b101 %
1&
b1 (
b10000 1
16
b10001001011 :
b100010101 <
b1111111111100000 K
#11050000
0!
1'
b10 )
06
19
#11055000
1!
b100000 $
b101 %
1&
b10 (
b101 1
16
b10001001100 :
b100001011 =
b1011001101011 >
b100001011 @
1M
1N
#11060000
0!
b1111111111000000 #
b11 )
b110 +
1,
b10000 -
06
b1111111111000000 8
#11065000
1!
b0 $
b101 %
0&
b11 (
b10000 1
b1 3
16
b10001001101 :
b1111111111000000 K
#11070000
0!
0'
b0 )
06
09
#11075000
1!
b0 $
b101 %
0&
b0 (
b1 )
b10000 1
b0 3
16
b10001001110 :
0M
0N
#11080000
0!
b1111111111100000 #
b1 )
b101 +
1,
b10000 -
06
b1111111111100000 8
#11085000
1!
b0 $
b101 %
1&
b1 (
b10000 1
16
b10001001111 :
b100010110 <
b1111111111100000 K
#11090000
0!
1'
b10 )
06
19
#11095000
1!
b100000 $
b101 %
1&
b10 (
b101 1
16
b10001010000 :
b100001100 =
b1011001101100 >
b100001100 @
1M
1N
#11100000
0!
b1111111111000000 #
b11 )
b110 +
1,
b10000 -
06
b1111111111000000 8
#11105000
1!
b0 $
b101 %
0&
b11 (
b10000 1
b1 3
16
b10001010001 :
b1111111111000000 K
#11110000
0!
0'
b0 )
06
09
#11115000
1!
b0 $
b101 %
0&
b0 (
b1 )
b10000 1
b0 3
16
b10001010010 :
0M
0N
#11120000
0!
b1111111111100000 #
b1 )
b101 +
1,
b10000 -
06
b1111111111100000 8
#11125000
1!
b0 $
b101 %
1&
b1 (
b10000 1
16
b10001010011 :
b100010111 <
b1111111111100000 K
#11130000
0!
1'
b10 )
06
19
#11135000
1!
b100000 $
b101 %
1&
b10 (
b101 1
16
b10001010100 :
b100001101 =
b1011001101101 >
b100001101 @
1M
1N
#11140000
0!
b1111111111000000 #
b11 )
b110 +
1,
b10000 -
06
b1111111111000000 8
#11145000
1!
b0 $
b101 %
0&
b11 (
b10000 1
b1 3
16
b10001010101 :
b1111111111000000 K
#11150000
0!
0'
b0 )
06
09
#11155000
1!
b0 $
b101 %
0&
b0 (
b1 )
b10000 1
b0 3
16
b10001010110 :
0M
0N
#11160000
0!
b1111111111100000 #
b1 )
b101 +
1,
b10000 -
06
b1111111111100000 8
#11165000
1!
b0 $
b101 %
1&
b1 (
b10000 1
16
b10001010111 :
b100011000 <
b1111111111100000 K
#11170000
0!
1'
b10 )
06
19
#11175000
1!
b100000 $
b101 %
1&
b10 (
b101 1
16
b10001011000 :
b100001110 =
b1011001101110 >
b100001110 @
1M
1N
#11180000
0!
b1111111111000000 #
b11 )
b110 +
1,
b10000 -
06
b1111111111000000 8
#11185000
1!
b0 $
b101 %
0&
b11 (
b10000 1
b1 3
16
b10001011001 :
b1111111111000000 K
#11190000
0!
0'
b0 )
06
09
#11195000
1!
b0 $
b101 %
0&
b0 (
b1 )
b10000 1
b0 3
16
b10001011010 :
0M
0N
#11200000
0!
b1111111111100000 #
b1 )
b101 +
1,
b10000 -
06
b1111111111100000 8
#11205000
1!
b0 $
b101 %
1&
b1 (
b10000 1
16
b10001011011 :
b100011001 <
b1111111111100000 K
#11210000
0!
1'
b10 )
06
19
#11215000
1!
b100000 $
b101 %
1&
b10 (
b101 1
16
b10001011100 :
b100001111 =
b1011001101111 >
b100001111 @
1M
1N
#11220000
0!
b1111111111000000 #
b11 )
b110 +
1,
b10000 -
06
b1111111111000000 8
#11225000
1!
b0 $
b101 %
0&
b11 (
b10000 1
b1 3
16
b10001011101 :
b1111111111000000 K
#11230000
0!
0'
b0 )
06
09
#11235000
1!
b0 $
b101 %
0&
b0 (
b1 )
b10000 1
b0 3
16
b10001011110 :
0M
0N
#11240000
0!
06
#11245000
1!
b0 $
b110 %
1&
b1 (
b110 *
b10000 1
16
b10001011111 :
#11250000
0!
1'
b10 )
06
19
#11255000
1!
b1000000 $
b110 %
1&
b10 (
b110 1
b110000001 2
16
b10001100000 :
b100010000 =
b1011111110000 >
b100010000 @
b110 L
1M
1N
#11260000
0!
b1111111110000000 #
b11 )
b111 +
1,
b10000 -
06
b1111111110000000 8
#11265000
1!
b0 $
b110 %
0&
b11 (
b10000 1
b1 3
16
b10001100001 :
b1111111110000000 K
#11270000
0!
0'
b0 )
06
09
#11275000
1!
b0 $
b110 %
0&
b0 (
b1 )
b10000 1
b0 3
16
b10001100010 :
0M
0N
#11280000
0!
b1111111111000000 #
b1 )
b110 +
1,
b10000 -
06
b1111111111000000 8
#11285000
1!
b0 $
b110 %
1&
b1 (
b10000 1
16
b10001100011 :
b100011010 <
b1111111111000000 K
#11290000
0!
1'
b10 )
06
19
#11295000
1!
b1000000 $
b110 %
1&
b10 (
b110 1
b1 2
16
b10001100100 :
b100010001 =
b1011111110001 >
b100010001 @
1M
1N
#11300000
0!
b1111111110000000 #
b11 )
b111 +
1,
b10000 -
06
b1111111110000000 8
#11305000
1!
b0 $
b110 %
0&
b11 (
b10000 1
b1 3
16
b10001100101 :
b1111111110000000 K
#11310000
0!
0'
b0 )
06
09
#11315000
1!
b0 $
b110 %
0&
b0 (
b1 )
b10000 1
b0 3
16
b10001100110 :
0M
0N
#11320000
0!
b1111111111000000 #
b1 )
b110 +
1,
b10000 -
06
b1111111111000000 8
#11325000
1!
b0 $
b110 %
1&
b1 (
b10000 1
16
b10001100111 :
b100011011 <
b1111111111000000 K
#11330000
0!
1'
b10 )
06
19
#11335000
1!
b1000000 $
b110 %
1&
b10 (
b110 1
16
b10001101000 :
b100010010 =
b1011111110010 >
b100010010 @
1M
1N
#11340000
0!
b1111111110000000 #
b11 )
b111 +
1,
b10000 -
06
b1111111110000000 8
#11345000
1!
b0 $
b110 %
0&
b11 (
b10000 1
b1 3
16
b10001101001 :
b1111111110000000 K
#11350000
0!
0'
b0 )
06
09
#11355000
1!
b0 $
b110 %
0&
b0 (
b1 )
b10000 1
b0 3
16
b10001101010 :
0M
0N
#11360000
0!
b1111111111000000 #
b1 )
b110 +
1,
b10000 -
06
b1111111111000000 8
#11365000
1!
b0 $
b110 %
1&
b1 (
b10000 1
16
b10001101011 :
b100011100 <
b1111111111000000 K
#11370000
0!
1'
b10 )
06
19
#11375000
1!
b1000000 $
b110 %
1&
b10 (
b110 1
16
b10001101100 :
b100010011 =
b1011111110011 >
b100010011 @
1M
1N
#11380000
0!
b1111111110000000 #
b11 )
b111 +
1,
b10000 -
06
b1111111110000000 8
#11385000
1!
b0 $
b110 %
0&
b11 (
b10000 1
b1 3
16
b10001101101 :
b1111111110000000 K
#11390000
0!
0'
b0 )
06
09
#11395000
1!
b0 $
b110 %
0&
b0 (
b1 )
b10000 1
b0 3
16
b10001101110 :
0M
0N
#11400000
0!
b1111111111000000 #
b1 )
b110 +
1,
b10000 -
06
b1111111111000000 8
#11405000
1!
b0 $
b110 %
1&
b1 (
b10000 1
16
b10001101111 :
b100011101 <
b1111111111000000 K
#11410000
0!
1'
b10 )
06
19
#11415000
1!
b1000000 $
b110 %
1&
b10 (
b110 1
16
b10001110000 :
b100010100 =
b1011111110100 >
b100010100 @
1M
1N
#11420000
0!
b1111111110000000 #
b11 )
b111 +
1,
b10000 -
06
b1111111110000000 8
#11425000
1!
b0 $
b110 %
0&
b11 (
b10000 1
b1 3
16
b10001110001 :
b1111111110000000 K
#11430000
0!
0'
b0 )
06
09
#11435000
1!
b0 $
b110 %
0&
b0 (
b1 )
b10000 1
b0 3
16
b10001110010 :
0M
0N
#11440000
0!
b1111111111000000 #
b1 )
b110 +
1,
b10000 -
06
b1111111111000000 8
#11445000
1!
b0 $
b110 %
1&
b1 (
b10000 1
16
b10001110011 :
b100011110 <
b1111111111000000 K
#11450000
0!
1'
b10 )
06
19
#11455000
1!
b1000000 $
b110 %
1&
b10 (
b110 1
16
b10001110100 :
b100010101 =
b1011111110101 >
b100010101 @
1M
1N
#11460000
0!
b1111111110000000 #
b11 )
b111 +
1,
b10000 -
06
b1111111110000000 8
#11465000
1!
b0 $
b110 %
0&
b11 (
b10000 1
b1 3
16
b10001110101 :
b1111111110000000 K
#11470000
0!
0'
b0 )
06
09
#11475000
1!
b0 $
b110 %
0&
b0 (
b1 )
b10000 1
b0 3
16
b10001110110 :
0M
0N
#11480000
0!
b1111111111000000 #
b1 )
b110 +
1,
b10000 -
06
b1111111111000000 8
#11485000
1!
b0 $
b110 %
1&
b1 (
b10000 1
16
b10001110111 :
b100011111 <
b1111111111000000 K
#11490000
0!
1'
b10 )
06
19
#11495000
1!
b1000000 $
b110 %
1&
b10 (
b110 1
16
b10001111000 :
b100010110 =
b1011111110110 >
b100010110 @
1M
1N
#11500000
0!
b1111111110000000 #
b11 )
b111 +
1,
b10000 -
06
b1111111110000000 8
#11505000
1!
b0 $
b110 %
0&
b11 (
b10000 1
b1 3
16
b10001111001 :
b1111111110000000 K
#11510000
0!
0'
b0 )
06
09
#11515000
1!
b0 $
b110 %
0&
b0 (
b1 )
b10000 1
b0 3
16
b10001111010 :
0M
0N
#11520000
0!
b1111111111000000 #
b1 )
b110 +
1,
b10000 -
06
b1111111111000000 8
#11525000
1!
b0 $
b110 %
1&
b1 (
b10000 1
16
b10001111011 :
b100100000 <
b1111111111000000 K
#11530000
0!
1'
b10 )
06
19
#11535000
1!
b1000000 $
b110 %
1&
b10 (
b110 1
16
b10001111100 :
b100010111 =
b1011111110111 >
b100010111 @
1M
1N
#11540000
0!
b1111111110000000 #
b11 )
b111 +
1,
b10000 -
06
b1111111110000000 8
#11545000
1!
b0 $
b110 %
0&
b11 (
b10000 1
b1 3
16
b10001111101 :
b1111111110000000 K
#11550000
0!
0'
b0 )
06
09
#11555000
1!
b0 $
b110 %
0&
b0 (
b1 )
b10000 1
b0 3
16
b10001111110 :
0M
0N
#11560000
0!
b1111111111000000 #
b1 )
b110 +
1,
b10000 -
06
b1111111111000000 8
#11565000
1!
b0 $
b110 %
1&
b1 (
b10000 1
16
b10001111111 :
b100100001 <
b1111111111000000 K
#11570000
0!
1'
b10 )
06
19
#11575000
1!
b1000000 $
b110 %
1&
b10 (
b110 1
16
b10010000000 :
b100011000 =
b1011111111000 >
b100011000 @
1M
1N
#11580000
0!
b1111111110000000 #
b11 )
b111 +
1,
b10000 -
06
b1111111110000000 8
#11585000
1!
b0 $
b110 %
0&
b11 (
b10000 1
b1 3
16
b10010000001 :
b1111111110000000 K
#11590000
0!
0'
b0 )
06
09
#11595000
1!
b0 $
b110 %
0&
b0 (
b1 )
b10000 1
b0 3
16
b10010000010 :
0M
0N
#11600000
0!
b1111111111000000 #
b1 )
b110 +
1,
b10000 -
06
b1111111111000000 8
#11605000
1!
b0 $
b110 %
1&
b1 (
b10000 1
16
b10010000011 :
b100100010 <
b1111111111000000 K
#11610000
0!
1'
b10 )
06
19
#11615000
1!
b1000000 $
b110 %
1&
b10 (
b110 1
16
b10010000100 :
b100011001 =
b1011111111001 >
b100011001 @
1M
1N
#11620000
0!
b1111111110000000 #
b11 )
b111 +
1,
b10000 -
06
b1111111110000000 8
#11625000
1!
b0 $
b110 %
0&
b11 (
b10000 1
b1 3
16
b10010000101 :
b1111111110000000 K
#11630000
0!
0'
b0 )
06
09
#11635000
1!
b0 $
b110 %
0&
b0 (
b1 )
b10000 1
b0 3
16
b10010000110 :
0M
0N
#11640000
0!
b1111111111000000 #
b1 )
b110 +
1,
b10000 -
06
b1111111111000000 8
#11645000
1!
b0 $
b110 %
1&
b1 (
b10000 1
16
b10010000111 :
b100100011 <
b1111111111000000 K
#11650000
0!
1'
b10 )
06
19
#11655000
1!
b1000000 $
b110 %
1&
b10 (
b110 1
16
b10010001000 :
b100011010 =
b1011111111010 >
b100011010 @
1M
1N
#11660000
0!
b1111111110000000 #
b11 )
b111 +
1,
b10000 -
06
b1111111110000000 8
#11665000
1!
b0 $
b110 %
0&
b11 (
b10000 1
b1 3
16
b10010001001 :
b1111111110000000 K
#11670000
0!
0'
b0 )
06
09
#11675000
1!
b0 $
b110 %
0&
b0 (
b1 )
b10000 1
b0 3
16
b10010001010 :
0M
0N
#11680000
0!
b1111111111000000 #
b1 )
b110 +
1,
b10000 -
06
b1111111111000000 8
#11685000
1!
b0 $
b110 %
1&
b1 (
b10000 1
16
b10010001011 :
b100100100 <
b1111111111000000 K
#11690000
0!
1'
b10 )
06
19
#11695000
1!
b1000000 $
b110 %
1&
b10 (
b110 1
16
b10010001100 :
b100011011 =
b1011111111011 >
b100011011 @
1M
1N
#11700000
0!
b1111111110000000 #
b11 )
b111 +
1,
b10000 -
06
b1111111110000000 8
#11705000
1!
b0 $
b110 %
0&
b11 (
b10000 1
b1 3
16
b10010001101 :
b1111111110000000 K
#11710000
0!
0'
b0 )
06
09
#11715000
1!
b0 $
b110 %
0&
b0 (
b1 )
b10000 1
b0 3
16
b10010001110 :
0M
0N
#11720000
0!
b1111111111000000 #
b1 )
b110 +
1,
b10000 -
06
b1111111111000000 8
#11725000
1!
b0 $
b110 %
1&
b1 (
b10000 1
16
b10010001111 :
b100100101 <
b1111111111000000 K
#11730000
0!
1'
b10 )
06
19
#11735000
1!
b1000000 $
b110 %
1&
b10 (
b110 1
16
b10010010000 :
b100011100 =
b1011111111100 >
b100011100 @
1M
1N
#11740000
0!
b1111111110000000 #
b11 )
b111 +
1,
b10000 -
06
b1111111110000000 8
#11745000
1!
b0 $
b110 %
0&
b11 (
b10000 1
b1 3
16
b10010010001 :
b1111111110000000 K
#11750000
0!
0'
b0 )
06
09
#11755000
1!
b0 $
b110 %
0&
b0 (
b1 )
b10000 1
b0 3
16
b10010010010 :
0M
0N
#11760000
0!
b1111111111000000 #
b1 )
b110 +
1,
b10000 -
06
b1111111111000000 8
#11765000
1!
b0 $
b110 %
1&
b1 (
b10000 1
16
b10010010011 :
b100100110 <
b1111111111000000 K
#11770000
0!
1'
b10 )
06
19
#11775000
1!
b1000000 $
b110 %
1&
b10 (
b110 1
16
b10010010100 :
b100011101 =
b1011111111101 >
b100011101 @
1M
1N
#11780000
0!
b1111111110000000 #
b11 )
b111 +
1,
b10000 -
06
b1111111110000000 8
#11785000
1!
b0 $
b110 %
0&
b11 (
b10000 1
b1 3
16
b10010010101 :
b1111111110000000 K
#11790000
0!
0'
b0 )
06
09
#11795000
1!
b0 $
b110 %
0&
b0 (
b1 )
b10000 1
b0 3
16
b10010010110 :
0M
0N
#11800000
0!
b1111111111000000 #
b1 )
b110 +
1,
b10000 -
06
b1111111111000000 8
#11805000
1!
b0 $
b110 %
1&
b1 (
b10000 1
16
b10010010111 :
b100100111 <
b1111111111000000 K
#11810000
0!
1'
b10 )
06
19
#11815000
1!
b1000000 $
b110 %
1&
b10 (
b110 1
16
b10010011000 :
b100011110 =
b1011111111110 >
b100011110 @
1M
1N
#11820000
0!
b1111111110000000 #
b11 )
b111 +
1,
b10000 -
06
b1111111110000000 8
#11825000
1!
b0 $
b110 %
0&
b11 (
b10000 1
b1 3
16
b10010011001 :
b1111111110000000 K
#11830000
0!
0'
b0 )
06
09
#11835000
1!
b0 $
b110 %
0&
b0 (
b1 )
b10000 1
b0 3
16
b10010011010 :
0M
0N
#11840000
0!
b1111111111000000 #
b1 )
b110 +
1,
b10000 -
06
b1111111111000000 8
#11845000
1!
b0 $
b110 %
1&
b1 (
b10000 1
16
b10010011011 :
b100101000 <
b1111111111000000 K
#11850000
0!
1'
b10 )
06
19
#11855000
1!
b1000000 $
b110 %
1&
b10 (
b110 1
16
b10010011100 :
b100011111 =
b1011111111111 >
b100011111 @
1M
1N
#11860000
0!
b1111111110000000 #
b11 )
b111 +
1,
b10000 -
06
b1111111110000000 8
#11865000
1!
b0 $
b110 %
0&
b11 (
b10000 1
b1 3
16
b10010011101 :
b1111111110000000 K
#11870000
0!
0'
b0 )
06
09
#11875000
1!
b0 $
b110 %
0&
b0 (
b1 )
b10000 1
b0 3
16
b10010011110 :
0M
0N
#11880000
0!
06
#11885000
1!
b0 $
b111 %
1&
b1 (
b111 *
b10000 1
16
b10010011111 :
#11890000
0!
1'
b10 )
06
19
#11895000
1!
b10000000 $
b111 %
1&
b10 (
b111 1
b111000001 2
16
b10010100000 :
b100100000 =
b1100111000000 >
b100100000 @
b111 L
1M
1N
#11900000
0!
b1111111100000000 #
b11 )
b1000 +
1,
b10000 -
06
b1111111100000000 8
#11905000
1!
b0 $
b111 %
0&
b11 (
b10000 1
b1 3
16
b10010100001 :
b1111111100000000 K
#11910000
0!
0'
b0 )
06
09
#11915000
1!
b0 $
b111 %
0&
b0 (
b1 )
b10000 1
b0 3
16
b10010100010 :
0M
0N
#11920000
0!
b1111111110000000 #
b1 )
b111 +
1,
b10000 -
06
b1111111110000000 8
#11925000
1!
b0 $
b111 %
1&
b1 (
b10000 1
16
b10010100011 :
b100101001 <
b1111111110000000 K
#11930000
0!
1'
b10 )
06
19
#11935000
1!
b10000000 $
b111 %
1&
b10 (
b111 1
b1 2
16
b10010100100 :
b100100001 =
b1100111000001 >
b100100001 @
1M
1N
#11940000
0!
b1111111100000000 #
b11 )
b1000 +
1,
b10000 -
06
b1111111100000000 8
#11945000
1!
b0 $
b111 %
0&
b11 (
b10000 1
b1 3
16
b10010100101 :
b1111111100000000 K
#11950000
0!
0'
b0 )
06
09
#11955000
1!
b0 $
b111 %
0&
b0 (
b1 )
b10000 1
b0 3
16
b10010100110 :
0M
0N
#11960000
0!
b1111111110000000 #
b1 )
b111 +
1,
b10000 -
06
b1111111110000000 8
#11965000
1!
b0 $
b111 %
1&
b1 (
b10000 1
16
b10010100111 :
b100101010 <
b1111111110000000 K
#11970000
0!
1'
b10 )
06
19
#11975000
1!
b10000000 $
b111 %
1&
b10 (
b111 1
16
b10010101000 :
b100100010 =
b1100111000010 >
b100100010 @
1M
1N
#11980000
0!
b1111111100000000 #
b11 )
b1000 +
1,
b10000 -
06
b1111111100000000 8
#11985000
1!
b0 $
b111 %
0&
b11 (
b10000 1
b1 3
16
b10010101001 :
b1111111100000000 K
#11990000
0!
0'
b0 )
06
09
#11995000
1!
b0 $
b111 %
0&
b0 (
b1 )
b10000 1
b0 3
16
b10010101010 :
0M
0N
#12000000
0!
b1111111110000000 #
b1 )
b111 +
1,
b10000 -
06
b1111111110000000 8
#12005000
1!
b0 $
b111 %
1&
b1 (
b10000 1
16
b10010101011 :
b100101011 <
b1111111110000000 K
#12010000
0!
1'
b10 )
06
19
#12015000
1!
b10000000 $
b111 %
1&
b10 (
b111 1
16
b10010101100 :
b100100011 =
b1100111000011 >
b100100011 @
1M
1N
#12020000
0!
b1111111100000000 #
b11 )
b1000 +
1,
b10000 -
06
b1111111100000000 8
#12025000
1!
b0 $
b111 %
0&
b11 (
b10000 1
b1 3
16
b10010101101 :
b1111111100000000 K
#12030000
0!
0'
b0 )
06
09
#12035000
1!
b0 $
b111 %
0&
b0 (
b1 )
b10000 1
b0 3
16
b10010101110 :
0M
0N
#12040000
0!
b1111111110000000 #
b1 )
b111 +
1,
b10000 -
06
b1111111110000000 8
#12045000
1!
b0 $
b111 %
1&
b1 (
b10000 1
16
b10010101111 :
b100101100 <
b1111111110000000 K
#12050000
0!
1'
b10 )
06
19
#12055000
1!
b10000000 $
b111 %
1&
b10 (
b111 1
16
b10010110000 :
b100100100 =
b1100111000100 >
b100100100 @
1M
1N
#12060000
0!
b1111111100000000 #
b11 )
b1000 +
1,
b10000 -
06
b1111111100000000 8
#12065000
1!
b0 $
b111 %
0&
b11 (
b10000 1
b1 3
16
b10010110001 :
b1111111100000000 K
#12070000
0!
0'
b0 )
06
09
#12075000
1!
b0 $
b111 %
0&
b0 (
b1 )
b10000 1
b0 3
16
b10010110010 :
0M
0N
#12080000
0!
b1111111110000000 #
b1 )
b111 +
1,
b10000 -
06
b1111111110000000 8
#12085000
1!
b0 $
b111 %
1&
b1 (
b10000 1
16
b10010110011 :
b100101101 <
b1111111110000000 K
#12090000
0!
1'
b10 )
06
19
#12095000
1!
b10000000 $
b111 %
1&
b10 (
b111 1
16
b10010110100 :
b100100101 =
b1100111000101 >
b100100101 @
1M
1N
#12100000
0!
b1111111100000000 #
b11 )
b1000 +
1,
b10000 -
06
b1111111100000000 8
#12105000
1!
b0 $
b111 %
0&
b11 (
b10000 1
b1 3
16
b10010110101 :
b1111111100000000 K
#12110000
0!
0'
b0 )
06
09
#12115000
1!
b0 $
b111 %
0&
b0 (
b1 )
b10000 1
b0 3
16
b10010110110 :
0M
0N
#12120000
0!
b1111111110000000 #
b1 )
b111 +
1,
b10000 -
06
b1111111110000000 8
#12125000
1!
b0 $
b111 %
1&
b1 (
b10000 1
16
b10010110111 :
b100101110 <
b1111111110000000 K
#12130000
0!
1'
b10 )
06
19
#12135000
1!
b10000000 $
b111 %
1&
b10 (
b111 1
16
b10010111000 :
b100100110 =
b1100111000110 >
b100100110 @
1M
1N
#12140000
0!
b1111111100000000 #
b11 )
b1000 +
1,
b10000 -
06
b1111111100000000 8
#12145000
1!
b0 $
b111 %
0&
b11 (
b10000 1
b1 3
16
b10010111001 :
b1111111100000000 K
#12150000
0!
0'
b0 )
06
09
#12155000
1!
b0 $
b111 %
0&
b0 (
b1 )
b10000 1
b0 3
16
b10010111010 :
0M
0N
#12160000
0!
b1111111110000000 #
b1 )
b111 +
1,
b10000 -
06
b1111111110000000 8
#12165000
1!
b0 $
b111 %
1&
b1 (
b10000 1
16
b10010111011 :
b100101111 <
b1111111110000000 K
#12170000
0!
1'
b10 )
06
19
#12175000
1!
b10000000 $
b111 %
1&
b10 (
b111 1
16
b10010111100 :
b100100111 =
b1100111000111 >
b100100111 @
1M
1N
#12180000
0!
b1111111100000000 #
b11 )
b1000 +
1,
b10000 -
06
b1111111100000000 8
#12185000
1!
b0 $
b111 %
0&
b11 (
b10000 1
b1 3
16
b10010111101 :
b1111111100000000 K
#12190000
0!
0'
b0 )
06
09
#12195000
1!
b0 $
b111 %
0&
b0 (
b1 )
b10000 1
b0 3
16
b10010111110 :
0M
0N
#12200000
0!
b1111111110000000 #
b1 )
b111 +
1,
b10000 -
06
b1111111110000000 8
#12205000
1!
b0 $
b111 %
1&
b1 (
b10000 1
16
b10010111111 :
b100110000 <
b1111111110000000 K
#12210000
0!
1'
b10 )
06
19
#12215000
1!
b10000000 $
b111 %
1&
b10 (
b111 1
16
b10011000000 :
b100101000 =
b1100111001000 >
b100101000 @
1M
1N
#12220000
0!
b1111111100000000 #
b11 )
b1000 +
1,
b10000 -
06
b1111111100000000 8
#12225000
1!
b0 $
b111 %
0&
b11 (
b10000 1
b1 3
16
b10011000001 :
b1111111100000000 K
#12230000
0!
0'
b0 )
06
09
#12235000
1!
b0 $
b111 %
0&
b0 (
b1 )
b10000 1
b0 3
16
b10011000010 :
0M
0N
#12240000
0!
b1111111110000000 #
b1 )
b111 +
1,
b10000 -
06
b1111111110000000 8
#12245000
1!
b0 $
b111 %
1&
b1 (
b10000 1
16
b10011000011 :
b100110001 <
b1111111110000000 K
#12250000
0!
1'
b10 )
06
19
#12255000
1!
b10000000 $
b111 %
1&
b10 (
b111 1
16
b10011000100 :
b100101001 =
b1100111001001 >
b100101001 @
1M
1N
#12260000
0!
b1111111100000000 #
b11 )
b1000 +
1,
b10000 -
06
b1111111100000000 8
#12265000
1!
b0 $
b111 %
0&
b11 (
b10000 1
b1 3
16
b10011000101 :
b1111111100000000 K
#12270000
0!
0'
b0 )
06
09
#12275000
1!
b0 $
b111 %
0&
b0 (
b1 )
b10000 1
b0 3
16
b10011000110 :
0M
0N
#12280000
0!
b1111111110000000 #
b1 )
b111 +
1,
b10000 -
06
b1111111110000000 8
#12285000
1!
b0 $
b111 %
1&
b1 (
b10000 1
16
b10011000111 :
b100110010 <
b1111111110000000 K
#12290000
0!
1'
b10 )
06
19
#12295000
1!
b10000000 $
b111 %
1&
b10 (
b111 1
16
b10011001000 :
b100101010 =
b1100111001010 >
b100101010 @
1M
1N
#12300000
0!
b1111111100000000 #
b11 )
b1000 +
1,
b10000 -
06
b1111111100000000 8
#12305000
1!
b0 $
b111 %
0&
b11 (
b10000 1
b1 3
16
b10011001001 :
b1111111100000000 K
#12310000
0!
0'
b0 )
06
09
#12315000
1!
b0 $
b111 %
0&
b0 (
b1 )
b10000 1
b0 3
16
b10011001010 :
0M
0N
#12320000
0!
b1111111110000000 #
b1 )
b111 +
1,
b10000 -
06
b1111111110000000 8
#12325000
1!
b0 $
b111 %
1&
b1 (
b10000 1
16
b10011001011 :
b100110011 <
b1111111110000000 K
#12330000
0!
1'
b10 )
06
19
#12335000
1!
b10000000 $
b111 %
1&
b10 (
b111 1
16
b10011001100 :
b100101011 =
b1100111001011 >
b100101011 @
1M
1N
#12340000
0!
b1111111100000000 #
b11 )
b1000 +
1,
b10000 -
06
b1111111100000000 8
#12345000
1!
b0 $
b111 %
0&
b11 (
b10000 1
b1 3
16
b10011001101 :
b1111111100000000 K
#12350000
0!
0'
b0 )
06
09
#12355000
1!
b0 $
b111 %
0&
b0 (
b1 )
b10000 1
b0 3
16
b10011001110 :
0M
0N
#12360000
0!
b1111111110000000 #
b1 )
b111 +
1,
b10000 -
06
b1111111110000000 8
#12365000
1!
b0 $
b111 %
1&
b1 (
b10000 1
16
b10011001111 :
b100110100 <
b1111111110000000 K
#12370000
0!
1'
b10 )
06
19
#12375000
1!
b10000000 $
b111 %
1&
b10 (
b111 1
16
b10011010000 :
b100101100 =
b1100111001100 >
b100101100 @
1M
1N
#12380000
0!
b1111111100000000 #
b11 )
b1000 +
1,
b10000 -
06
b1111111100000000 8
#12385000
1!
b0 $
b111 %
0&
b11 (
b10000 1
b1 3
16
b10011010001 :
b1111111100000000 K
#12390000
0!
0'
b0 )
06
09
#12395000
1!
b0 $
b111 %
0&
b0 (
b1 )
b10000 1
b0 3
16
b10011010010 :
0M
0N
#12400000
0!
b1111111110000000 #
b1 )
b111 +
1,
b10000 -
06
b1111111110000000 8
#12405000
1!
b0 $
b111 %
1&
b1 (
b10000 1
16
b10011010011 :
b100110101 <
b1111111110000000 K
#12410000
0!
1'
b10 )
06
19
#12415000
1!
b10000000 $
b111 %
1&
b10 (
b111 1
16
b10011010100 :
b100101101 =
b1100111001101 >
b100101101 @
1M
1N
#12420000
0!
b1111111100000000 #
b11 )
b1000 +
1,
b10000 -
06
b1111111100000000 8
#12425000
1!
b0 $
b111 %
0&
b11 (
b10000 1
b1 3
16
b10011010101 :
b1111111100000000 K
#12430000
0!
0'
b0 )
06
09
#12435000
1!
b0 $
b111 %
0&
b0 (
b1 )
b10000 1
b0 3
16
b10011010110 :
0M
0N
#12440000
0!
b1111111110000000 #
b1 )
b111 +
1,
b10000 -
06
b1111111110000000 8
#12445000
1!
b0 $
b111 %
1&
b1 (
b10000 1
16
b10011010111 :
b100110110 <
b1111111110000000 K
#12450000
0!
1'
b10 )
06
19
#12455000
1!
b10000000 $
b111 %
1&
b10 (
b111 1
16
b10011011000 :
b100101110 =
b1100111001110 >
b100101110 @
1M
1N
#12460000
0!
b1111111100000000 #
b11 )
b1000 +
1,
b10000 -
06
b1111111100000000 8
#12465000
1!
b0 $
b111 %
0&
b11 (
b10000 1
b1 3
16
b10011011001 :
b1111111100000000 K
#12470000
0!
0'
b0 )
06
09
#12475000
1!
b0 $
b111 %
0&
b0 (
b1 )
b10000 1
b0 3
16
b10011011010 :
0M
0N
#12480000
0!
b1111111110000000 #
b1 )
b111 +
1,
b10000 -
06
b1111111110000000 8
#12485000
1!
b0 $
b111 %
1&
b1 (
b10000 1
16
b10011011011 :
b100110111 <
b1111111110000000 K
#12490000
0!
1'
b10 )
06
19
#12495000
1!
b10000000 $
b111 %
1&
b10 (
b111 1
16
b10011011100 :
b100101111 =
b1100111001111 >
b100101111 @
1M
1N
#12500000
0!
b1111111100000000 #
b11 )
b1000 +
1,
b10000 -
06
b1111111100000000 8
#12505000
1!
b0 $
b111 %
0&
b11 (
b10000 1
b1 3
16
b10011011101 :
b1111111100000000 K
#12510000
0!
0'
b0 )
06
09
#12515000
1!
b0 $
b111 %
0&
b0 (
b1 )
b10000 1
b0 3
16
b10011011110 :
0M
0N
#12520000
0!
06
#12525000
1!
b0 $
b1000 %
1&
b1 (
b1000 *
b10000 1
16
b10011011111 :
#12530000
0!
1'
b10 )
06
19
#12535000
1!
b100000000 $
b1000 %
1&
b10 (
b1000 1
b1000000000 2
16
b10011100000 :
b100110000 =
b1101111001111 >
b1000000000 ?
b100110000 @
b1000 L
1M
1N
#12540000
0!
b1111111000000000 #
b11 )
b1001 +
1,
b10000 -
06
b1111111000000000 8
#12545000
1!
b0 $
b1000 %
0&
b11 (
b10000 1
b1 3
16
b10011100001 :
b1111111000000000 K
#12550000
0!
0'
b0 )
06
09
#12555000
1!
b0 $
b1000 %
0&
b0 (
b1 )
b10000 1
b0 3
16
b10011100010 :
0M
0N
#12560000
0!
06
#12565000
1!
b0 $
b1001 %
1&
b1 (
b1001 *
b10000 1
16
b10011100011 :
#12570000
0!
b1111111100000000 #
1'
b10 )
b1000 +
1,
b10000 -
06
b1111111100000000 8
19
#12575000
1!
b1000000000 $
b1001 %
1&
b10 (
b1001 1
b1000000101 2
16
b10011100100 :
b100111000 <
b100110001 =
b1110111010100 >
b1000000101 ?
b100110001 @
b1111111100000000 K
b1001 L
1M
1N
#12580000
0!
b1111110100000000 #
b11 )
b1000 +
1,
b10000 -
06
b1111110100000000 8
#12585000
1!
b0 $
b1001 %
0&
b11 (
b10000 1
b1 3
16
b10011100101 :
b1111110100000000 K
#12590000
0!
0'
b0 )
06
09
#12595000
1!
b0 $
b1001 %
0&
b0 (
b1 )
b10000 1
b0 3
16
b10011100110 :
0M
0N
#12600000
0!
b1111111100000000 #
b1 )
b1000 +
1,
b10000 -
06
b1111111100000000 8
#12605000
1!
b0 $
b1000 %
1&
b1 (
b1000 *
b10000 1
16
b10011100111 :
b100111001 <
b1111111100000000 K
#12610000
0!
1'
b10 )
06
19
#12615000
1!
b100000000 $
b1000 %
1&
b10 (
b1000 1
b100 2
16
b10011101000 :
b100110010 =
b1110111011000 >
b100110010 @
b1000 L
1M
1N
#12620000
0!
b1111111000000000 #
b11 )
b1001 +
1,
b10000 -
06
b1111111000000000 8
#12625000
1!
b0 $
b1000 %
0&
b11 (
b10000 1
b1 3
16
b10011101001 :
b1111111000000000 K
#12630000
0!
0'
b0 )
06
09
#12635000
1!
b0 $
b1000 %
0&
b0 (
b1 )
b10000 1
b0 3
16
b10011101010 :
0M
0N
#12640000
0!
06
#12645000
1!
b0 $
b1001 %
1&
b1 (
b1001 *
b10000 1
16
b10011101011 :
#12650000
0!
b1111111100000000 #
1'
b10 )
b1000 +
1,
b10000 -
06
b1111111100000000 8
19
#12655000
1!
b1000000000 $
b1001 %
1&
b10 (
b1001 1
b101 2
16
b10011101100 :
b100111010 <
b100110011 =
b1110111011101 >
b100110011 @
b1111111100000000 K
b1001 L
1M
1N
#12660000
0!
b1111110100000000 #
b11 )
b1000 +
1,
b10000 -
06
b1111110100000000 8
#12665000
1!
b0 $
b1001 %
0&
b11 (
b10000 1
b1 3
16
b10011101101 :
b1111110100000000 K
#12670000
0!
0'
b0 )
06
09
#12675000
1!
b0 $
b1001 %
0&
b0 (
b1 )
b10000 1
b0 3
16
b10011101110 :
0M
0N
#12680000
0!
b1111111100000000 #
b1 )
b1000 +
1,
b10000 -
06
b1111111100000000 8
#12685000
1!
b0 $
b1000 %
1&
b1 (
b1000 *
b10000 1
16
b10011101111 :
b100111011 <
b1111111100000000 K
#12690000
0!
1'
b10 )
06
19
#12695000
1!
b100000000 $
b1000 %
1&
b10 (
b1000 1
b100 2
16
b10011110000 :
b100110100 =
b1110111100001 >
b100110100 @
b1000 L
1M
1N
#12700000
0!
b1111111000000000 #
b11 )
b1001 +
1,
b10000 -
06
b1111111000000000 8
#12705000
1!
b0 $
b1000 %
0&
b11 (
b10000 1
b1 3
16
b10011110001 :
b1111111000000000 K
#12710000
0!
0'
b0 )
06
09
#12715000
1!
b0 $
b1000 %
0&
b0 (
b1 )
b10000 1
b0 3
16
b10011110010 :
0M
0N
#12720000
0!
06
#12725000
1!
b0 $
b1001 %
1&
b1 (
b1001 *
b10000 1
16
b10011110011 :
#12730000
0!
b1111111100000000 #
1'
b10 )
b1000 +
1,
b10000 -
06
b1111111100000000 8
19
#12735000
1!
b1000000000 $
b1001 %
1&
b10 (
b1001 1
b101 2
16
b10011110100 :
b100111100 <
b100110101 =
b1110111100110 >
b100110101 @
b1111111100000000 K
b1001 L
1M
1N
#12740000
0!
b1111110100000000 #
b11 )
b1000 +
1,
b10000 -
06
b1111110100000000 8
#12745000
1!
b0 $
b1001 %
0&
b11 (
b10000 1
b1 3
16
b10011110101 :
b1111110100000000 K
#12750000
0!
0'
b0 )
06
09
#12755000
1!
b0 $
b1001 %
0&
b0 (
b1 )
b10000 1
b0 3
16
b10011110110 :
0M
0N
#12760000
0!
b1111111100000000 #
b1 )
b1000 +
1,
b10000 -
06
b1111111100000000 8
#12765000
1!
b0 $
b1000 %
1&
b1 (
b1000 *
b10000 1
16
b10011110111 :
b100111101 <
b1111111100000000 K
#12770000
0!
1'
b10 )
06
19
#12775000
1!
b100000000 $
b1000 %
1&
b10 (
b1000 1
b100 2
16
b10011111000 :
b100110110 =
b1110111101010 >
b100110110 @
b1000 L
1M
1N
#12780000
0!
b1111111000000000 #
b11 )
b1001 +
1,
b10000 -
06
b1111111000000000 8
#12785000
1!
b0 $
b1000 %
0&
b11 (
b10000 1
b1 3
16
b10011111001 :
b1111111000000000 K
#12790000
0!
0'
b0 )
06
09
#12795000
1!
b0 $
b1000 %
0&
b0 (
b1 )
b10000 1
b0 3
16
b10011111010 :
0M
0N
#12800000
0!
06
#12805000
1!
b0 $
b1001 %
1&
b1 (
b1001 *
b10000 1
16
b10011111011 :
#12810000
0!
b1111111100000000 #
1'
b10 )
b1000 +
1,
b10000 -
06
b1111111100000000 8
19
#12815000
1!
b1000000000 $
b1001 %
1&
b10 (
b1001 1
b101 2
16
b10011111100 :
b100111110 <
b100110111 =
b1110111101111 >
b100110111 @
b1111111100000000 K
b1001 L
1M
1N
#12820000
0!
b1111110100000000 #
b11 )
b1000 +
1,
b10000 -
06
b1111110100000000 8
#12825000
1!
b0 $
b1001 %
0&
b11 (
b10000 1
b1 3
16
b10011111101 :
b1111110100000000 K
#12830000
0!
0'
b0 )
06
09
#12835000
1!
b0 $
b1001 %
0&
b0 (
b1 )
b10000 1
b0 3
16
b10011111110 :
0M
0N
#12840000
0!
b1111111100000000 #
b1 )
b1000 +
1,
b10000 -
06
b1111111100000000 8
#12845000
1!
b0 $
b1000 %
1&
b1 (
b1000 *
b10000 1
16
b10011111111 :
b100111111 <
b1111111100000000 K
#12850000
0!
1'
b10 )
06
19
#12855000
1!
b100000000 $
b1000 %
1&
b10 (
b1000 1
b100 2
16
b10100000000 :
b100111000 =
b1110111110011 >
b100111000 @
b1000 L
1M
1N
#12860000
0!
b1111111000000000 #
b11 )
b1001 +
1,
b10000 -
06
b1111111000000000 8
#12865000
1!
b0 $
b1000 %
0&
b11 (
b10000 1
b1 3
16
b10100000001 :
b1111111000000000 K
#12870000
0!
0'
b0 )
06
09
#12875000
1!
b0 $
b1000 %
0&
b0 (
b1 )
b10000 1
b0 3
16
b10100000010 :
0M
0N
#12880000
0!
06
#12885000
1!
b0 $
b1001 %
1&
b1 (
b1001 *
b10000 1
16
b10100000011 :
#12890000
0!
b1111111100000000 #
1'
b10 )
b1000 +
1,
b10000 -
06
b1111111100000000 8
19
#12895000
1!
b1000000000 $
b1001 %
1&
b10 (
b1001 1
b101 2
16
b10100000100 :
b101000000 <
b100111001 =
b1110111111000 >
b100111001 @
b1111111100000000 K
b1001 L
1M
1N
#12900000
0!
b1111110100000000 #
b11 )
b1000 +
1,
b10000 -
06
b1111110100000000 8
#12905000
1!
b0 $
b1001 %
0&
b11 (
b10000 1
b1 3
16
b10100000101 :
b1111110100000000 K
#12910000
0!
0'
b0 )
06
09
#12915000
1!
b0 $
b1001 %
0&
b0 (
b1 )
b10000 1
b0 3
16
b10100000110 :
0M
0N
#12920000
0!
b1111111100000000 #
b1 )
b1000 +
1,
b10000 -
06
b1111111100000000 8
#12925000
1!
b0 $
b1000 %
1&
b1 (
b1000 *
b10000 1
16
b10100000111 :
b101000001 <
b1111111100000000 K
#12930000
0!
1'
b10 )
06
19
#12935000
1!
b100000000 $
b1000 %
1&
b10 (
b1000 1
b100 2
16
b10100001000 :
b100111010 =
b1110111111100 >
b100111010 @
b1000 L
1M
1N
#12940000
0!
b1111111000000000 #
b11 )
b1001 +
1,
b10000 -
06
b1111111000000000 8
#12945000
1!
b0 $
b1000 %
0&
b11 (
b10000 1
b1 3
16
b10100001001 :
b1111111000000000 K
#12950000
0!
0'
b0 )
06
09
#12955000
1!
b0 $
b1000 %
0&
b0 (
b1 )
b10000 1
b0 3
16
b10100001010 :
0M
0N
#12960000
0!
06
#12965000
1!
b0 $
b1001 %
1&
b1 (
b1001 *
b10000 1
16
b10100001011 :
#12970000
0!
b1111111100000000 #
1'
b10 )
b1000 +
1,
b10000 -
06
b1111111100000000 8
19
#12975000
1!
b1000000000 $
b1001 %
1&
b10 (
b1001 1
b101 2
16
b10100001100 :
b101000010 <
b100111011 =
b1111000000001 >
b100111011 @
b1111111100000000 K
b1001 L
1M
1N
#12980000
0!
b1111110100000000 #
b11 )
b1000 +
1,
b10000 -
06
b1111110100000000 8
#12985000
1!
b0 $
b1001 %
0&
b11 (
b10000 1
b1 3
16
b10100001101 :
b1111110100000000 K
#12990000
0!
0'
b0 )
06
09
#12995000
1!
b0 $
b1001 %
0&
b0 (
b1 )
b10000 1
b0 3
16
b10100001110 :
0M
0N
#13000000
0!
b1111111100000000 #
b1 )
b1000 +
1,
b10000 -
06
b1111111100000000 8
#13005000
1!
b0 $
b1000 %
1&
b1 (
b1000 *
b10000 1
16
b10100001111 :
b101000011 <
b1111111100000000 K
#13010000
0!
1'
b10 )
06
19
#13015000
1!
b100000000 $
b1000 %
1&
b10 (
b1000 1
b100 2
16
b10100010000 :
b100111100 =
b1111000000101 >
b100111100 @
b1000 L
1M
1N
#13020000
0!
b1111111000000000 #
b11 )
b1001 +
1,
b10000 -
06
b1111111000000000 8
#13025000
1!
b0 $
b1000 %
0&
b11 (
b10000 1
b1 3
16
b10100010001 :
b1111111000000000 K
#13030000
0!
0'
b0 )
06
09
#13035000
1!
b0 $
b1000 %
0&
b0 (
b1 )
b10000 1
b0 3
16
b10100010010 :
0M
0N
#13040000
0!
06
#13045000
1!
b0 $
b1001 %
1&
b1 (
b1001 *
b10000 1
16
b10100010011 :
#13050000
0!
b1111111100000000 #
1'
b10 )
b1000 +
1,
b10000 -
06
b1111111100000000 8
19
#13055000
1!
b1000000000 $
b1001 %
1&
b10 (
b1001 1
b101 2
16
b10100010100 :
b101000100 <
b100111101 =
b1111000001010 >
b100111101 @
b1111111100000000 K
b1001 L
1M
1N
#13060000
0!
b1111110100000000 #
b11 )
b1000 +
1,
b10000 -
06
b1111110100000000 8
#13065000
1!
b0 $
b1001 %
0&
b11 (
b10000 1
b1 3
16
b10100010101 :
b1111110100000000 K
#13070000
0!
0'
b0 )
06
09
#13075000
1!
b0 $
b1001 %
0&
b0 (
b1 )
b10000 1
b0 3
16
b10100010110 :
0M
0N
#13080000
0!
b1111111100000000 #
b1 )
b1000 +
1,
b10000 -
06
b1111111100000000 8
#13085000
1!
b0 $
b1000 %
1&
b1 (
b1000 *
b10000 1
16
b10100010111 :
b101000101 <
b1111111100000000 K
#13090000
0!
1'
b10 )
06
19
#13095000
1!
b100000000 $
b1000 %
1&
b10 (
b1000 1
b100 2
16
b10100011000 :
b100111110 =
b1111000001110 >
b100111110 @
b1000 L
1M
1N
#13100000
0!
b1111111000000000 #
b11 )
b1001 +
1,
b10000 -
06
b1111111000000000 8
#13105000
1!
b0 $
b1000 %
0&
b11 (
b10000 1
b1 3
16
b10100011001 :
b1111111000000000 K
#13110000
0!
0'
b0 )
06
09
#13115000
1!
b0 $
b1000 %
0&
b0 (
b1 )
b10000 1
b0 3
16
b10100011010 :
0M
0N
#13120000
0!
06
#13125000
1!
b0 $
b1001 %
1&
b1 (
b1001 *
b10000 1
16
b10100011011 :
#13130000
0!
b1111111100000000 #
1'
b10 )
b1000 +
1,
b10000 -
06
b1111111100000000 8
19
#13135000
1!
b1000000000 $
b1001 %
1&
b10 (
b1001 1
b101 2
16
b10100011100 :
b101000110 <
b100111111 =
b1111000010011 >
b100111111 @
b1111111100000000 K
b1001 L
1M
1N
#13140000
0!
b1111110100000000 #
b11 )
b1000 +
1,
b10000 -
06
b1111110100000000 8
#13145000
1!
b0 $
b1001 %
0&
b11 (
b10000 1
b1 3
16
b10100011101 :
b1111110100000000 K
#13150000
0!
0'
b0 )
06
09
#13155000
1!
b0 $
b1001 %
0&
b0 (
b1 )
b10000 1
b0 3
16
b10100011110 :
0M
0N
#13160000
0!
b1111111100000000 #
b1 )
b1000 +
1,
b10000 -
06
b1111111100000000 8
#13165000
1!
b0 $
b1000 %
1&
b1 (
b1000 *
b10000 1
16
b10100011111 :
b101000111 <
b1111111100000000 K
#13170000
0!
1'
b10 )
06
19
#13175000
1!
b100000000 $
b1000 %
1&
b10 (
b1000 1
b100 2
16
b10100100000 :
b101000000 =
b1111000010111 >
b101000000 @
b1000 L
1M
1N
#13180000
0!
b1111111000000000 #
b11 )
b1001 +
1,
b10000 -
06
b1111111000000000 8
#13185000
1!
b0 $
b1000 %
0&
b11 (
b10000 1
b1 3
16
b10100100001 :
b1111111000000000 K
#13190000
0!
0'
b0 )
06
09
#13195000
1!
b0 $
b1000 %
0&
b0 (
b1 )
b10000 1
b0 3
16
b10100100010 :
0M
0N
#13200000
0!
06
#13205000
1!
b0 $
b1001 %
1&
b1 (
b1001 *
b10000 1
16
b10100100011 :
#13210000
0!
b1111111100000000 #
1'
b10 )
b1000 +
1,
b10000 -
06
b1111111100000000 8
19
#13215000
1!
b1000000000 $
b1001 %
1&
b10 (
b1001 1
b101 2
16
b10100100100 :
b101001000 <
b101000001 =
b1111000011100 >
b101000001 @
b1111111100000000 K
b1001 L
1M
1N
#13220000
0!
b1111110100000000 #
b11 )
b1000 +
1,
b10000 -
06
b1111110100000000 8
#13225000
1!
b0 $
b1001 %
0&
b11 (
b10000 1
b1 3
16
b10100100101 :
b1111110100000000 K
#13230000
0!
0'
b0 )
06
09
#13235000
1!
b0 $
b1001 %
0&
b0 (
b1 )
b10000 1
b0 3
16
b10100100110 :
0M
0N
#13240000
0!
b1111111100000000 #
b1 )
b1000 +
1,
b10000 -
06
b1111111100000000 8
#13245000
1!
b0 $
b1000 %
1&
b1 (
b1000 *
b10000 1
16
b10100100111 :
b101001001 <
b1111111100000000 K
#13250000
0!
1'
b10 )
06
19
#13255000
1!
b100000000 $
b1000 %
1&
b10 (
b1000 1
b100 2
16
b10100101000 :
b101000010 =
b1111000100000 >
b101000010 @
b1000 L
1M
1N
#13260000
0!
b1111111000000000 #
b11 )
b1001 +
1,
b10000 -
06
b1111111000000000 8
#13265000
1!
b0 $
b1000 %
0&
b11 (
b10000 1
b1 3
16
b10100101001 :
b1111111000000000 K
#13270000
0!
0'
b0 )
06
09
#13275000
1!
b0 $
b1000 %
0&
b0 (
b1 )
b10000 1
b0 3
16
b10100101010 :
0M
0N
#13280000
0!
06
#13285000
1!
b0 $
b1001 %
1&
b1 (
b1001 *
b10000 1
16
b10100101011 :
#13290000
0!
b1111111100000000 #
1'
b10 )
b1000 +
1,
b10000 -
06
b1111111100000000 8
19
#13295000
1!
b1000000000 $
b1001 %
1&
b10 (
b1001 1
b101 2
16
b10100101100 :
b101001010 <
b101000011 =
b1111000100101 >
b101000011 @
b1111111100000000 K
b1001 L
1M
1N
#13300000
0!
b1111110100000000 #
b11 )
b1000 +
1,
b10000 -
06
b1111110100000000 8
#13305000
1!
b0 $
b1001 %
0&
b11 (
b10000 1
b1 3
16
b10100101101 :
b1111110100000000 K
#13310000
0!
0'
b0 )
06
09
#13315000
1!
b0 $
b1001 %
0&
b0 (
b1 )
b10000 1
b0 3
16
b10100101110 :
0M
0N
#13320000
0!
b1111111100000000 #
b1 )
b1000 +
1,
b10000 -
06
b1111111100000000 8
#13325000
1!
b0 $
b1000 %
1&
b1 (
b1000 *
b10000 1
16
b10100101111 :
b101001011 <
b1111111100000000 K
#13330000
0!
1'
b10 )
06
19
#13335000
1!
b100000000 $
b1000 %
1&
b10 (
b1000 1
b100 2
16
b10100110000 :
b101000100 =
b1111000101001 >
b101000100 @
b1000 L
1M
1N
#13340000
0!
b1111111000000000 #
b11 )
b1001 +
1,
b10000 -
06
b1111111000000000 8
#13345000
1!
b0 $
b1000 %
0&
b11 (
b10000 1
b1 3
16
b10100110001 :
b1111111000000000 K
#13350000
0!
0'
b0 )
06
09
#13355000
1!
b0 $
b1000 %
0&
b0 (
b1 )
b10000 1
b0 3
16
b10100110010 :
0M
0N
#13360000
0!
06
#13365000
1!
b0 $
b1001 %
1&
b1 (
b1001 *
b10000 1
16
b10100110011 :
#13370000
0!
b1111111100000000 #
1'
b10 )
b1000 +
1,
b10000 -
06
b1111111100000000 8
19
#13375000
1!
b1000000000 $
b1001 %
1&
b10 (
b1001 1
b101 2
16
b10100110100 :
b101001100 <
b101000101 =
b1111000101110 >
b101000101 @
b1111111100000000 K
b1001 L
1M
1N
#13380000
0!
b1111110100000000 #
b11 )
b1000 +
1,
b10000 -
06
b1111110100000000 8
#13385000
1!
b0 $
b1001 %
0&
b11 (
b10000 1
b1 3
16
b10100110101 :
b1111110100000000 K
#13390000
0!
0'
b0 )
06
09
#13395000
1!
b0 $
b1001 %
0&
b0 (
b1 )
b10000 1
b0 3
16
b10100110110 :
0M
0N
#13400000
0!
b1111111100000000 #
b1 )
b1000 +
1,
b10000 -
06
b1111111100000000 8
#13405000
1!
b0 $
b1000 %
1&
b1 (
b1000 *
b10000 1
16
b10100110111 :
b101001101 <
b1111111100000000 K
#13410000
0!
1'
b10 )
06
19
#13415000
1!
b100000000 $
b1000 %
1&
b10 (
b1000 1
b100 2
16
b10100111000 :
b101000110 =
b1111000110010 >
b101000110 @
b1000 L
1M
1N
#13420000
0!
b1111111000000000 #
b11 )
b1001 +
1,
b10000 -
06
b1111111000000000 8
#13425000
1!
b0 $
b1000 %
0&
b11 (
b10000 1
b1 3
16
b10100111001 :
b1111111000000000 K
#13430000
0!
0'
b0 )
06
09
#13435000
1!
b0 $
b1000 %
0&
b0 (
b1 )
b10000 1
b0 3
16
b10100111010 :
0M
0N
#13440000
0!
06
#13445000
1!
b0 $
b1001 %
1&
b1 (
b1001 *
b10000 1
16
b10100111011 :
#13450000
0!
b1111111100000000 #
1'
b10 )
b1000 +
1,
b10000 -
06
b1111111100000000 8
19
#13455000
1!
b1000000000 $
b1001 %
1&
b10 (
b1001 1
b101 2
16
b10100111100 :
b101001110 <
b101000111 =
b1111000110111 >
b101000111 @
b1111111100000000 K
b1001 L
1M
1N
#13460000
0!
b1111110100000000 #
b11 )
b1000 +
1,
b10000 -
06
b1111110100000000 8
#13465000
1!
b0 $
b1001 %
0&
b11 (
b10000 1
b1 3
16
b10100111101 :
b1111110100000000 K
#13470000
0!
0'
b0 )
06
09
#13475000
1!
b0 $
b1001 %
0&
b0 (
b1 )
b10000 1
b0 3
16
b10100111110 :
0M
0N
#13480000
0!
b1111111100000000 #
b1 )
b1000 +
1,
b10000 -
06
b1111111100000000 8
#13485000
1!
b0 $
b1000 %
1&
b1 (
b1000 *
b10000 1
16
b10100111111 :
b101001111 <
b1111111100000000 K
#13490000
0!
1'
b10 )
06
19
#13495000
1!
b100000000 $
b1000 %
1&
b10 (
b1000 1
b100 2
16
b10101000000 :
b101001000 =
b1111000111011 >
b101001000 @
b1000 L
1M
1N
#13500000
0!
b1111111000000000 #
b11 )
b1001 +
1,
b10000 -
06
b1111111000000000 8
#13505000
1!
b0 $
b1000 %
0&
b11 (
b10000 1
b1 3
16
b10101000001 :
b1111111000000000 K
#13510000
0!
0'
b0 )
06
09
#13515000
1!
b0 $
b1000 %
0&
b0 (
b1 )
b10000 1
b0 3
16
b10101000010 :
0M
0N
#13520000
0!
06
#13525000
1!
b0 $
b1001 %
1&
b1 (
b1001 *
b10000 1
16
b10101000011 :
#13530000
0!
b1111111100000000 #
1'
b10 )
b1000 +
1,
b10000 -
06
b1111111100000000 8
19
#13535000
1!
b1000000000 $
b1001 %
1&
b10 (
b1001 1
b101 2
16
b10101000100 :
b101010000 <
b101001001 =
b1111001000000 >
b101001001 @
b1111111100000000 K
b1001 L
1M
1N
#13540000
0!
b1111110100000000 #
b11 )
b1000 +
1,
b10000 -
06
b1111110100000000 8
#13545000
1!
b0 $
b1001 %
0&
b11 (
b10000 1
b1 3
16
b10101000101 :
b1111110100000000 K
#13550000
0!
0'
b0 )
06
09
#13555000
1!
b0 $
b1001 %
0&
b0 (
b1 )
b10000 1
b0 3
16
b10101000110 :
0M
0N
#13560000
0!
b1111111100000000 #
b1 )
b1000 +
1,
b10000 -
06
b1111111100000000 8
#13565000
1!
b0 $
b1000 %
1&
b1 (
b1000 *
b10000 1
16
b10101000111 :
b101010001 <
b1111111100000000 K
#13570000
0!
1'
b10 )
06
19
#13575000
1!
b100000000 $
b1000 %
1&
b10 (
b1000 1
b100 2
16
b10101001000 :
b101001010 =
b1111001000100 >
b101001010 @
b1000 L
1M
1N
#13580000
0!
b1111111000000000 #
b11 )
b1001 +
1,
b10000 -
06
b1111111000000000 8
#13585000
1!
b0 $
b1000 %
0&
b11 (
b10000 1
b1 3
16
b10101001001 :
b1111111000000000 K
#13590000
0!
0'
b0 )
06
09
#13595000
1!
b0 $
b1000 %
0&
b0 (
b1 )
b10000 1
b0 3
16
b10101001010 :
0M
0N
#13600000
0!
06
#13605000
1!
b0 $
b1001 %
1&
b1 (
b1001 *
b10000 1
16
b10101001011 :
#13610000
0!
b1111111100000000 #
1'
b10 )
b1000 +
1,
b10000 -
06
b1111111100000000 8
19
#13615000
1!
b1000000000 $
b1001 %
1&
b10 (
b1001 1
b101 2
16
b10101001100 :
b101010010 <
b101001011 =
b1111001001001 >
b101001011 @
b1111111100000000 K
b1001 L
1M
1N
#13620000
0!
b1111110100000000 #
b11 )
b1000 +
1,
b10000 -
06
b1111110100000000 8
#13625000
1!
b0 $
b1001 %
0&
b11 (
b10000 1
b1 3
16
b10101001101 :
b1111110100000000 K
#13630000
0!
0'
b0 )
06
09
#13635000
1!
b0 $
b1001 %
0&
b0 (
b1 )
b10000 1
b0 3
16
b10101001110 :
0M
0N
#13640000
0!
b1111111100000000 #
b1 )
b1000 +
1,
b10000 -
06
b1111111100000000 8
#13645000
1!
b0 $
b1000 %
1&
b1 (
b1000 *
b10000 1
16
b10101001111 :
b101010011 <
b1111111100000000 K
#13650000
0!
1'
b10 )
06
19
#13655000
1!
b100000000 $
b1000 %
1&
b10 (
b1000 1
b100 2
16
b10101010000 :
b101001100 =
b1111001001101 >
b101001100 @
b1000 L
1M
1N
#13660000
0!
b1111111000000000 #
b11 )
b1001 +
1,
b10000 -
06
b1111111000000000 8
#13665000
1!
b0 $
b1000 %
0&
b11 (
b10000 1
b1 3
16
b10101010001 :
b1111111000000000 K
#13670000
0!
0'
b0 )
06
09
#13675000
1!
b0 $
b1000 %
0&
b0 (
b1 )
b10000 1
b0 3
16
b10101010010 :
0M
0N
#13680000
0!
06
#13685000
1!
b0 $
b1001 %
1&
b1 (
b1001 *
b10000 1
16
b10101010011 :
#13690000
0!
b1111111100000000 #
1'
b10 )
b1000 +
1,
b10000 -
06
b1111111100000000 8
19
#13695000
1!
b1000000000 $
b1001 %
1&
b10 (
b1001 1
b101 2
16
b10101010100 :
b101010100 <
b101001101 =
b1111001010010 >
b101001101 @
b1111111100000000 K
b1001 L
1M
1N
#13700000
0!
b1111110100000000 #
b11 )
b1000 +
1,
b10000 -
06
b1111110100000000 8
#13705000
1!
b0 $
b1001 %
0&
b11 (
b10000 1
b1 3
16
b10101010101 :
b1111110100000000 K
#13710000
0!
0'
b0 )
06
09
#13715000
1!
b0 $
b1001 %
0&
b0 (
b1 )
b10000 1
b0 3
16
b10101010110 :
0M
0N
#13720000
0!
b1111111100000000 #
b1 )
b1000 +
1,
b10000 -
06
b1111111100000000 8
#13725000
1!
b0 $
b1000 %
1&
b1 (
b1000 *
b10000 1
16
b10101010111 :
b101010101 <
b1111111100000000 K
#13730000
0!
1'
b10 )
06
19
#13735000
1!
b100000000 $
b1000 %
1&
b10 (
b1000 1
b100 2
16
b10101011000 :
b101001110 =
b1111001010110 >
b101001110 @
b1000 L
1M
1N
#13740000
0!
b1111111000000000 #
b11 )
b1001 +
1,
b10000 -
06
b1111111000000000 8
#13745000
1!
b0 $
b1000 %
0&
b11 (
b10000 1
b1 3
16
b10101011001 :
b1111111000000000 K
#13750000
0!
0'
b0 )
06
09
#13755000
1!
b0 $
b1000 %
0&
b0 (
b1 )
b10000 1
b0 3
16
b10101011010 :
0M
0N
#13760000
0!
06
#13765000
1!
b0 $
b1001 %
1&
b1 (
b1001 *
b10000 1
16
b10101011011 :
#13770000
0!
1'
b10 )
06
19
#13775000
1!
b1000000000 $
b1001 %
1&
b10 (
b1001 1
b101 2
16
b10101011100 :
b101001111 =
b1111001011011 >
b101001111 @
b1001 L
1M
1N
#13780000
0!
b1111110000000000 #
b11 )
b1010 +
1,
b10000 -
06
b1111110000000000 8
#13785000
1!
b0 $
b1001 %
0&
b11 (
b10000 1
b1 3
16
b10101011101 :
b1111110000000000 K
#13790000
0!
0'
b0 )
06
09
#13795000
1!
b0 $
b1001 %
0&
b0 (
b1 )
b10000 1
b0 3
16
b10101011110 :
0M
0N
#13800000
0!
06
#13805000
1!
b0 $
b1010 %
1&
b1 (
b1010 *
b10000 1
16
b10101011111 :
#13810000
0!
1'
b10 )
06
19
#13815000
1!
b10000000000 $
b1010 %
1&
b10 (
b1010 1
b1010000000 2
16
b10101100000 :
b101010000 =
b10000011011011 >
b1010000000 ?
b101010000 @
b1010 L
1M
1N
#13820000
0!
b1111100000000000 #
b11 )
b1011 +
1,
b10000 -
06
b1111100000000000 8
#13825000
1!
b0 $
b1010 %
0&
b11 (
b10000 1
b1 3
16
b10101100001 :
b1111100000000000 K
#13830000
0!
0'
b0 )
06
09
#13835000
1!
b0 $
b1010 %
0&
b0 (
b1 )
b10000 1
b0 3
16
b10101100010 :
0M
0N
#13840000
0!
06
#13845000
1!
b0 $
b1011 %
1&
b1 (
b1011 *
b10000 1
16
b10101100011 :
#13850000
0!
b1111110000000000 #
1'
b10 )
b1010 +
1,
b10000 -
06
b1111110000000000 8
19
#13855000
1!
b100000000000 $
b1011 %
1&
b10 (
b1011 1
b1010000101 2
16
b10101100100 :
b101010110 <
b101010001 =
b10001101100000 >
b1010000101 ?
b101010001 @
b1111110000000000 K
b1011 L
1M
1N
#13860000
0!
b1111010000000000 #
b11 )
b1010 +
1,
b10000 -
06
b1111010000000000 8
#13865000
1!
b0 $
b1011 %
0&
b11 (
b10000 1
b1 3
16
b10101100101 :
b1111010000000000 K
#13870000
0!
0'
b0 )
06
09
#13875000
1!
b0 $
b1011 %
0&
b0 (
b1 )
b10000 1
b0 3
16
b10101100110 :
0M
0N
#13880000
0!
b1111110000000000 #
b1 )
b1010 +
1,
b10000 -
06
b1111110000000000 8
#13885000
1!
b0 $
b1010 %
1&
b1 (
b1010 *
b10000 1
16
b10101100111 :
b101010111 <
b1111110000000000 K
#13890000
0!
1'
b10 )
06
19
#13895000
1!
b10000000000 $
b1010 %
1&
b10 (
b1010 1
b100 2
16
b10101101000 :
b101010010 =
b10001101100100 >
b101010010 @
b1010 L
1M
1N
#13900000
0!
b1111100000000000 #
b11 )
b1011 +
1,
b10000 -
06
b1111100000000000 8
#13905000
1!
b0 $
b1010 %
0&
b11 (
b10000 1
b1 3
16
b10101101001 :
b1111100000000000 K
#13910000
0!
0'
b0 )
06
09
#13915000
1!
b0 $
b1010 %
0&
b0 (
b1 )
b10000 1
b0 3
16
b10101101010 :
0M
0N
#13920000
0!
06
#13925000
1!
b0 $
b1011 %
1&
b1 (
b1011 *
b10000 1
16
b10101101011 :
#13930000
0!
b1111110000000000 #
1'
b10 )
b1010 +
1,
b10000 -
06
b1111110000000000 8
19
#13935000
1!
b100000000000 $
b1011 %
1&
b10 (
b1011 1
b101 2
16
b10101101100 :
b101011000 <
b101010011 =
b10001101101001 >
b101010011 @
b1111110000000000 K
b1011 L
1M
1N
#13940000
0!
b1111010000000000 #
b11 )
b1010 +
1,
b10000 -
06
b1111010000000000 8
#13945000
1!
b0 $
b1011 %
0&
b11 (
b10000 1
b1 3
16
b10101101101 :
b1111010000000000 K
#13950000
0!
0'
b0 )
06
09
#13955000
1!
b0 $
b1011 %
0&
b0 (
b1 )
b10000 1
b0 3
16
b10101101110 :
0M
0N
#13960000
0!
b1111110000000000 #
b1 )
b1010 +
1,
b10000 -
06
b1111110000000000 8
#13965000
1!
b0 $
b1010 %
1&
b1 (
b1010 *
b10000 1
16
b10101101111 :
b101011001 <
b1111110000000000 K
#13970000
0!
1'
b10 )
06
19
#13975000
1!
b10000000000 $
b1010 %
1&
b10 (
b1010 1
b100 2
16
b10101110000 :
b101010100 =
b10001101101101 >
b101010100 @
b1010 L
1M
1N
#13980000
0!
b1111100000000000 #
b11 )
b1011 +
1,
b10000 -
06
b1111100000000000 8
#13985000
1!
b0 $
b1010 %
0&
b11 (
b10000 1
b1 3
16
b10101110001 :
b1111100000000000 K
#13990000
0!
0'
b0 )
06
09
#13995000
1!
b0 $
b1010 %
0&
b0 (
b1 )
b10000 1
b0 3
16
b10101110010 :
0M
0N
#14000000
0!
06
#14005000
1!
b0 $
b1011 %
1&
b1 (
b1011 *
b10000 1
16
b10101110011 :
#14010000
0!
b1111110000000000 #
1'
b10 )
b1010 +
1,
b10000 -
06
b1111110000000000 8
19
#14015000
1!
b100000000000 $
b1011 %
1&
b10 (
b1011 1
b101 2
16
b10101110100 :
b101011010 <
b101010101 =
b10001101110010 >
b101010101 @
b1111110000000000 K
b1011 L
1M
1N
#14020000
0!
b1111010000000000 #
b11 )
b1010 +
1,
b10000 -
06
b1111010000000000 8
#14025000
1!
b0 $
b1011 %
0&
b11 (
b10000 1
b1 3
16
b10101110101 :
b1111010000000000 K
#14030000
0!
0'
b0 )
06
09
#14035000
1!
b0 $
b1011 %
0&
b0 (
b1 )
b10000 1
b0 3
16
b10101110110 :
0M
0N
#14040000
0!
b1111110000000000 #
b1 )
b1010 +
1,
b10000 -
06
b1111110000000000 8
#14045000
1!
b0 $
b1010 %
1&
b1 (
b1010 *
b10000 1
16
b10101110111 :
b101011011 <
b1111110000000000 K
#14050000
0!
1'
b10 )
06
19
#14055000
1!
b10000000000 $
b1010 %
1&
b10 (
b1010 1
b100 2
16
b10101111000 :
b101010110 =
b10001101110110 >
b101010110 @
b1010 L
1M
1N
#14060000
0!
b1111100000000000 #
b11 )
b1011 +
1,
b10000 -
06
b1111100000000000 8
#14065000
1!
b0 $
b1010 %
0&
b11 (
b10000 1
b1 3
16
b10101111001 :
b1111100000000000 K
#14070000
0!
0'
b0 )
06
09
#14075000
1!
b0 $
b1010 %
0&
b0 (
b1 )
b10000 1
b0 3
16
b10101111010 :
0M
0N
#14080000
0!
06
#14085000
1!
b0 $
b1011 %
1&
b1 (
b1011 *
b10000 1
16
b10101111011 :
#14090000
0!
b1111110000000000 #
1'
b10 )
b1010 +
1,
b10000 -
06
b1111110000000000 8
19
#14095000
1!
b100000000000 $
b1011 %
1&
b10 (
b1011 1
b101 2
16
b10101111100 :
b101011100 <
b101010111 =
b10001101111011 >
b101010111 @
b1111110000000000 K
b1011 L
1M
1N
#14100000
0!
b1111010000000000 #
b11 )
b1010 +
1,
b10000 -
06
b1111010000000000 8
#14105000
1!
b0 $
b1011 %
0&
b11 (
b10000 1
b1 3
16
b10101111101 :
b1111010000000000 K
#14110000
0!
0'
b0 )
06
09
#14115000
1!
b0 $
b1011 %
0&
b0 (
b1 )
b10000 1
b0 3
16
b10101111110 :
0M
0N
#14120000
0!
b1111110000000000 #
b1 )
b1010 +
1,
b10000 -
06
b1111110000000000 8
#14125000
1!
b0 $
b1010 %
1&
b1 (
b1010 *
b10000 1
16
b10101111111 :
b101011101 <
b1111110000000000 K
#14130000
0!
1'
b10 )
06
19
#14135000
1!
b10000000000 $
b1010 %
1&
b10 (
b1010 1
b100 2
16
b10110000000 :
b101011000 =
b10001101111111 >
b101011000 @
b1010 L
1M
1N
#14140000
0!
b1111100000000000 #
b11 )
b1011 +
1,
b10000 -
06
b1111100000000000 8
#14145000
1!
b0 $
b1010 %
0&
b11 (
b10000 1
b1 3
16
b10110000001 :
b1111100000000000 K
#14150000
0!
0'
b0 )
06
09
#14155000
1!
b0 $
b1010 %
0&
b0 (
b1 )
b10000 1
b0 3
16
b10110000010 :
0M
0N
#14160000
0!
06
#14165000
1!
b0 $
b1011 %
1&
b1 (
b1011 *
b10000 1
16
b10110000011 :
#14170000
0!
b1111110000000000 #
1'
b10 )
b1010 +
1,
b10000 -
06
b1111110000000000 8
19
#14175000
1!
b100000000000 $
b1011 %
1&
b10 (
b1011 1
b101 2
16
b10110000100 :
b101011110 <
b101011001 =
b10001110000100 >
b101011001 @
b1111110000000000 K
b1011 L
1M
1N
#14180000
0!
b1111010000000000 #
b11 )
b1010 +
1,
b10000 -
06
b1111010000000000 8
#14185000
1!
b0 $
b1011 %
0&
b11 (
b10000 1
b1 3
16
b10110000101 :
b1111010000000000 K
#14190000
0!
0'
b0 )
06
09
#14195000
1!
b0 $
b1011 %
0&
b0 (
b1 )
b10000 1
b0 3
16
b10110000110 :
0M
0N
#14200000
0!
b1111110000000000 #
b1 )
b1010 +
1,
b10000 -
06
b1111110000000000 8
#14205000
1!
b0 $
b1010 %
1&
b1 (
b1010 *
b10000 1
16
b10110000111 :
b101011111 <
b1111110000000000 K
#14210000
0!
1'
b10 )
06
19
#14215000
1!
b10000000000 $
b1010 %
1&
b10 (
b1010 1
b100 2
16
b10110001000 :
b101011010 =
b10001110001000 >
b101011010 @
b1010 L
1M
1N
#14220000
0!
b1111100000000000 #
b11 )
b1011 +
1,
b10000 -
06
b1111100000000000 8
#14225000
1!
b0 $
b1010 %
0&
b11 (
b10000 1
b1 3
16
b10110001001 :
b1111100000000000 K
#14230000
0!
0'
b0 )
06
09
#14235000
1!
b0 $
b1010 %
0&
b0 (
b1 )
b10000 1
b0 3
16
b10110001010 :
0M
0N
#14240000
0!
06
#14245000
1!
b0 $
b1011 %
1&
b1 (
b1011 *
b10000 1
16
b10110001011 :
#14250000
0!
b1111110000000000 #
1'
b10 )
b1010 +
1,
b10000 -
06
b1111110000000000 8
19
#14255000
1!
b100000000000 $
b1011 %
1&
b10 (
b1011 1
b101 2
16
b10110001100 :
b101100000 <
b101011011 =
b10001110001101 >
b101011011 @
b1111110000000000 K
b1011 L
1M
1N
#14260000
0!
b1111010000000000 #
b11 )
b1010 +
1,
b10000 -
06
b1111010000000000 8
#14265000
1!
b0 $
b1011 %
0&
b11 (
b10000 1
b1 3
16
b10110001101 :
b1111010000000000 K
#14270000
0!
0'
b0 )
06
09
#14275000
1!
b0 $
b1011 %
0&
b0 (
b1 )
b10000 1
b0 3
16
b10110001110 :
0M
0N
#14280000
0!
b1111110000000000 #
b1 )
b1010 +
1,
b10000 -
06
b1111110000000000 8
#14285000
1!
b0 $
b1010 %
1&
b1 (
b1010 *
b10000 1
16
b10110001111 :
b101100001 <
b1111110000000000 K
#14290000
0!
1'
b10 )
06
19
#14295000
1!
b10000000000 $
b1010 %
1&
b10 (
b1010 1
b100 2
16
b10110010000 :
b101011100 =
b10001110010001 >
b101011100 @
b1010 L
1M
1N
#14300000
0!
b1111100000000000 #
b11 )
b1011 +
1,
b10000 -
06
b1111100000000000 8
#14305000
1!
b0 $
b1010 %
0&
b11 (
b10000 1
b1 3
16
b10110010001 :
b1111100000000000 K
#14310000
0!
0'
b0 )
06
09
#14315000
1!
b0 $
b1010 %
0&
b0 (
b1 )
b10000 1
b0 3
16
b10110010010 :
0M
0N
#14320000
0!
06
#14325000
1!
b0 $
b1011 %
1&
b1 (
b1011 *
b10000 1
16
b10110010011 :
#14330000
0!
b1111110000000000 #
1'
b10 )
b1010 +
1,
b10000 -
06
b1111110000000000 8
19
#14335000
1!
b100000000000 $
b1011 %
1&
b10 (
b1011 1
b101 2
16
b10110010100 :
b101100010 <
b101011101 =
b10001110010110 >
b101011101 @
b1111110000000000 K
b1011 L
1M
1N
#14340000
0!
b1111010000000000 #
b11 )
b1010 +
1,
b10000 -
06
b1111010000000000 8
#14345000
1!
b0 $
b1011 %
0&
b11 (
b10000 1
b1 3
16
b10110010101 :
b1111010000000000 K
#14350000
0!
0'
b0 )
06
09
#14355000
1!
b0 $
b1011 %
0&
b0 (
b1 )
b10000 1
b0 3
16
b10110010110 :
0M
0N
#14360000
0!
b1111110000000000 #
b1 )
b1010 +
1,
b10000 -
06
b1111110000000000 8
#14365000
1!
b0 $
b1010 %
1&
b1 (
b1010 *
b10000 1
16
b10110010111 :
b101100011 <
b1111110000000000 K
#14370000
0!
1'
b10 )
06
19
#14375000
1!
b10000000000 $
b1010 %
1&
b10 (
b1010 1
b100 2
16
b10110011000 :
b101011110 =
b10001110011010 >
b101011110 @
b1010 L
1M
1N
#14380000
0!
b1111100000000000 #
b11 )
b1011 +
1,
b10000 -
06
b1111100000000000 8
#14385000
1!
b0 $
b1010 %
0&
b11 (
b10000 1
b1 3
16
b10110011001 :
b1111100000000000 K
#14390000
0!
0'
b0 )
06
09
#14395000
1!
b0 $
b1010 %
0&
b0 (
b1 )
b10000 1
b0 3
16
b10110011010 :
0M
0N
#14400000
0!
06
#14405000
1!
b0 $
b1011 %
1&
b1 (
b1011 *
b10000 1
16
b10110011011 :
#14410000
0!
b1111110000000000 #
1'
b10 )
b1010 +
1,
b10000 -
06
b1111110000000000 8
19
#14415000
1!
b100000000000 $
b1011 %
1&
b10 (
b1011 1
b101 2
16
b10110011100 :
b101100100 <
b101011111 =
b10001110011111 >
b101011111 @
b1111110000000000 K
b1011 L
1M
1N
#14420000
0!
b1111010000000000 #
b11 )
b1010 +
1,
b10000 -
06
b1111010000000000 8
#14425000
1!
b0 $
b1011 %
0&
b11 (
b10000 1
b1 3
16
b10110011101 :
b1111010000000000 K
#14430000
0!
0'
b0 )
06
09
#14435000
1!
b0 $
b1011 %
0&
b0 (
b1 )
b10000 1
b0 3
16
b10110011110 :
0M
0N
#14440000
0!
b1111110000000000 #
b1 )
b1010 +
1,
b10000 -
06
b1111110000000000 8
#14445000
1!
b0 $
b1010 %
1&
b1 (
b1010 *
b10000 1
16
b10110011111 :
b101100101 <
b1111110000000000 K
#14450000
0!
1'
b10 )
06
19
#14455000
1!
b10000000000 $
b1010 %
1&
b10 (
b1010 1
b100 2
16
b10110100000 :
b101100000 =
b10001110100011 >
b101100000 @
b1010 L
1M
1N
#14460000
0!
b1111100000000000 #
b11 )
b1011 +
1,
b10000 -
06
b1111100000000000 8
#14465000
1!
b0 $
b1010 %
0&
b11 (
b10000 1
b1 3
16
b10110100001 :
b1111100000000000 K
#14470000
0!
0'
b0 )
06
09
#14475000
1!
b0 $
b1010 %
0&
b0 (
b1 )
b10000 1
b0 3
16
b10110100010 :
0M
0N
#14480000
0!
06
#14485000
1!
b0 $
b1011 %
1&
b1 (
b1011 *
b10000 1
16
b10110100011 :
#14490000
0!
b1111110000000000 #
1'
b10 )
b1010 +
1,
b10000 -
06
b1111110000000000 8
19
#14495000
1!
b100000000000 $
b1011 %
1&
b10 (
b1011 1
b101 2
16
b10110100100 :
b101100110 <
b101100001 =
b10001110101000 >
b101100001 @
b1111110000000000 K
b1011 L
1M
1N
#14500000
0!
b1111010000000000 #
b11 )
b1010 +
1,
b10000 -
06
b1111010000000000 8
#14505000
1!
b0 $
b1011 %
0&
b11 (
b10000 1
b1 3
16
b10110100101 :
b1111010000000000 K
#14510000
0!
0'
b0 )
06
09
#14515000
1!
b0 $
b1011 %
0&
b0 (
b1 )
b10000 1
b0 3
16
b10110100110 :
0M
0N
#14520000
0!
b1111110000000000 #
b1 )
b1010 +
1,
b10000 -
06
b1111110000000000 8
#14525000
1!
b0 $
b1010 %
1&
b1 (
b1010 *
b10000 1
16
b10110100111 :
b101100111 <
b1111110000000000 K
#14530000
0!
1'
b10 )
06
19
#14535000
1!
b10000000000 $
b1010 %
1&
b10 (
b1010 1
b100 2
16
b10110101000 :
b101100010 =
b10001110101100 >
b101100010 @
b1010 L
1M
1N
#14540000
0!
b1111100000000000 #
b11 )
b1011 +
1,
b10000 -
06
b1111100000000000 8
#14545000
1!
b0 $
b1010 %
0&
b11 (
b10000 1
b1 3
16
b10110101001 :
b1111100000000000 K
#14550000
0!
0'
b0 )
06
09
#14555000
1!
b0 $
b1010 %
0&
b0 (
b1 )
b10000 1
b0 3
16
b10110101010 :
0M
0N
#14560000
0!
06
#14565000
1!
b0 $
b1011 %
1&
b1 (
b1011 *
b10000 1
16
b10110101011 :
#14570000
0!
b1111110000000000 #
1'
b10 )
b1010 +
1,
b10000 -
06
b1111110000000000 8
19
#14575000
1!
b100000000000 $
b1011 %
1&
b10 (
b1011 1
b101 2
16
b10110101100 :
b101101000 <
b101100011 =
b10001110110001 >
b101100011 @
b1111110000000000 K
b1011 L
1M
1N
#14580000
0!
b1111010000000000 #
b11 )
b1010 +
1,
b10000 -
06
b1111010000000000 8
#14585000
1!
b0 $
b1011 %
0&
b11 (
b10000 1
b1 3
16
b10110101101 :
b1111010000000000 K
#14590000
0!
0'
b0 )
06
09
#14595000
1!
b0 $
b1011 %
0&
b0 (
b1 )
b10000 1
b0 3
16
b10110101110 :
0M
0N
#14600000
0!
b1111110000000000 #
b1 )
b1010 +
1,
b10000 -
06
b1111110000000000 8
#14605000
1!
b0 $
b1010 %
1&
b1 (
b1010 *
b10000 1
16
b10110101111 :
b101101001 <
b1111110000000000 K
#14610000
0!
1'
b10 )
06
19
#14615000
1!
b10000000000 $
b1010 %
1&
b10 (
b1010 1
b100 2
16
b10110110000 :
b101100100 =
b10001110110101 >
b101100100 @
b1010 L
1M
1N
#14620000
0!
b1111100000000000 #
b11 )
b1011 +
1,
b10000 -
06
b1111100000000000 8
#14625000
1!
b0 $
b1010 %
0&
b11 (
b10000 1
b1 3
16
b10110110001 :
b1111100000000000 K
#14630000
0!
0'
b0 )
06
09
#14635000
1!
b0 $
b1010 %
0&
b0 (
b1 )
b10000 1
b0 3
16
b10110110010 :
0M
0N
#14640000
0!
06
#14645000
1!
b0 $
b1011 %
1&
b1 (
b1011 *
b10000 1
16
b10110110011 :
#14650000
0!
b1111110000000000 #
1'
b10 )
b1010 +
1,
b10000 -
06
b1111110000000000 8
19
#14655000
1!
b100000000000 $
b1011 %
1&
b10 (
b1011 1
b101 2
16
b10110110100 :
b101101010 <
b101100101 =
b10001110111010 >
b101100101 @
b1111110000000000 K
b1011 L
1M
1N
#14660000
0!
b1111010000000000 #
b11 )
b1010 +
1,
b10000 -
06
b1111010000000000 8
#14665000
1!
b0 $
b1011 %
0&
b11 (
b10000 1
b1 3
16
b10110110101 :
b1111010000000000 K
#14670000
0!
0'
b0 )
06
09
#14675000
1!
b0 $
b1011 %
0&
b0 (
b1 )
b10000 1
b0 3
16
b10110110110 :
0M
0N
#14680000
0!
b1111110000000000 #
b1 )
b1010 +
1,
b10000 -
06
b1111110000000000 8
#14685000
1!
b0 $
b1010 %
1&
b1 (
b1010 *
b10000 1
16
b10110110111 :
b101101011 <
b1111110000000000 K
#14690000
0!
1'
b10 )
06
19
#14695000
1!
b10000000000 $
b1010 %
1&
b10 (
b1010 1
b100 2
16
b10110111000 :
b101100110 =
b10001110111110 >
b101100110 @
b1010 L
1M
1N
#14700000
0!
b1111100000000000 #
b11 )
b1011 +
1,
b10000 -
06
b1111100000000000 8
#14705000
1!
b0 $
b1010 %
0&
b11 (
b10000 1
b1 3
16
b10110111001 :
b1111100000000000 K
#14710000
0!
0'
b0 )
06
09
#14715000
1!
b0 $
b1010 %
0&
b0 (
b1 )
b10000 1
b0 3
16
b10110111010 :
0M
0N
#14720000
0!
06
#14725000
1!
b0 $
b1011 %
1&
b1 (
b1011 *
b10000 1
16
b10110111011 :
#14730000
0!
b1111110000000000 #
1'
b10 )
b1010 +
1,
b10000 -
06
b1111110000000000 8
19
#14735000
1!
b100000000000 $
b1011 %
1&
b10 (
b1011 1
b101 2
16
b10110111100 :
b101101100 <
b101100111 =
b10001111000011 >
b101100111 @
b1111110000000000 K
b1011 L
1M
1N
#14740000
0!
b1111010000000000 #
b11 )
b1010 +
1,
b10000 -
06
b1111010000000000 8
#14745000
1!
b0 $
b1011 %
0&
b11 (
b10000 1
b1 3
16
b10110111101 :
b1111010000000000 K
#14750000
0!
0'
b0 )
06
09
#14755000
1!
b0 $
b1011 %
0&
b0 (
b1 )
b10000 1
b0 3
16
b10110111110 :
0M
0N
#14760000
0!
b1111110000000000 #
b1 )
b1010 +
1,
b10000 -
06
b1111110000000000 8
#14765000
1!
b0 $
b1010 %
1&
b1 (
b1010 *
b10000 1
16
b10110111111 :
b101101101 <
b1111110000000000 K
#14770000
0!
1'
b10 )
06
19
#14775000
1!
b10000000000 $
b1010 %
1&
b10 (
b1010 1
b100 2
16
b10111000000 :
b101101000 =
b10001111000111 >
b101101000 @
b1010 L
1M
1N
#14780000
0!
b1111100000000000 #
b11 )
b1011 +
1,
b10000 -
06
b1111100000000000 8
#14785000
1!
b0 $
b1010 %
0&
b11 (
b10000 1
b1 3
16
b10111000001 :
b1111100000000000 K
#14790000
0!
0'
b0 )
06
09
#14795000
1!
b0 $
b1010 %
0&
b0 (
b1 )
b10000 1
b0 3
16
b10111000010 :
0M
0N
#14800000
0!
06
#14805000
1!
b0 $
b1011 %
1&
b1 (
b1011 *
b10000 1
16
b10111000011 :
#14810000
0!
b1111110000000000 #
1'
b10 )
b1010 +
1,
b10000 -
06
b1111110000000000 8
19
#14815000
1!
b100000000000 $
b1011 %
1&
b10 (
b1011 1
b101 2
16
b10111000100 :
b101101110 <
b101101001 =
b10001111001100 >
b101101001 @
b1111110000000000 K
b1011 L
1M
1N
#14820000
0!
b1111010000000000 #
b11 )
b1010 +
1,
b10000 -
06
b1111010000000000 8
#14825000
1!
b0 $
b1011 %
0&
b11 (
b10000 1
b1 3
16
b10111000101 :
b1111010000000000 K
#14830000
0!
0'
b0 )
06
09
#14835000
1!
b0 $
b1011 %
0&
b0 (
b1 )
b10000 1
b0 3
16
b10111000110 :
0M
0N
#14840000
0!
b1111110000000000 #
b1 )
b1010 +
1,
b10000 -
06
b1111110000000000 8
#14845000
1!
b0 $
b1010 %
1&
b1 (
b1010 *
b10000 1
16
b10111000111 :
b101101111 <
b1111110000000000 K
#14850000
0!
1'
b10 )
06
19
#14855000
1!
b10000000000 $
b1010 %
1&
b10 (
b1010 1
b100 2
16
b10111001000 :
b101101010 =
b10001111010000 >
b101101010 @
b1010 L
1M
1N
#14860000
0!
b1111100000000000 #
b11 )
b1011 +
1,
b10000 -
06
b1111100000000000 8
#14865000
1!
b0 $
b1010 %
0&
b11 (
b10000 1
b1 3
16
b10111001001 :
b1111100000000000 K
#14870000
0!
0'
b0 )
06
09
#14875000
1!
b0 $
b1010 %
0&
b0 (
b1 )
b10000 1
b0 3
16
b10111001010 :
0M
0N
#14880000
0!
06
#14885000
1!
b0 $
b1011 %
1&
b1 (
b1011 *
b10000 1
16
b10111001011 :
#14890000
0!
b1111110000000000 #
1'
b10 )
b1010 +
1,
b10000 -
06
b1111110000000000 8
19
#14895000
1!
b100000000000 $
b1011 %
1&
b10 (
b1011 1
b101 2
16
b10111001100 :
b101110000 <
b101101011 =
b10001111010101 >
b101101011 @
b1111110000000000 K
b1011 L
1M
1N
#14900000
0!
b1111010000000000 #
b11 )
b1010 +
1,
b10000 -
06
b1111010000000000 8
#14905000
1!
b0 $
b1011 %
0&
b11 (
b10000 1
b1 3
16
b10111001101 :
b1111010000000000 K
#14910000
0!
0'
b0 )
06
09
#14915000
1!
b0 $
b1011 %
0&
b0 (
b1 )
b10000 1
b0 3
16
b10111001110 :
0M
0N
#14920000
0!
b1111110000000000 #
b1 )
b1010 +
1,
b10000 -
06
b1111110000000000 8
#14925000
1!
b0 $
b1010 %
1&
b1 (
b1010 *
b10000 1
16
b10111001111 :
b101110001 <
b1111110000000000 K
#14930000
0!
1'
b10 )
06
19
#14935000
1!
b10000000000 $
b1010 %
1&
b10 (
b1010 1
b100 2
16
b10111010000 :
b101101100 =
b10001111011001 >
b101101100 @
b1010 L
1M
1N
#14940000
0!
b1111100000000000 #
b11 )
b1011 +
1,
b10000 -
06
b1111100000000000 8
#14945000
1!
b0 $
b1010 %
0&
b11 (
b10000 1
b1 3
16
b10111010001 :
b1111100000000000 K
#14950000
0!
0'
b0 )
06
09
#14955000
1!
b0 $
b1010 %
0&
b0 (
b1 )
b10000 1
b0 3
16
b10111010010 :
0M
0N
#14960000
0!
06
#14965000
1!
b0 $
b1011 %
1&
b1 (
b1011 *
b10000 1
16
b10111010011 :
#14970000
0!
b1111110000000000 #
1'
b10 )
b1010 +
1,
b10000 -
06
b1111110000000000 8
19
#14975000
1!
b100000000000 $
b1011 %
1&
b10 (
b1011 1
b101 2
16
b10111010100 :
b101110010 <
b101101101 =
b10001111011110 >
b101101101 @
b1111110000000000 K
b1011 L
1M
1N
#14980000
0!
b1111010000000000 #
b11 )
b1010 +
1,
b10000 -
06
b1111010000000000 8
#14985000
1!
b0 $
b1011 %
0&
b11 (
b10000 1
b1 3
16
b10111010101 :
b1111010000000000 K
#14990000
0!
0'
b0 )
06
09
#14995000
1!
b0 $
b1011 %
0&
b0 (
b1 )
b10000 1
b0 3
16
b10111010110 :
0M
0N
#15000000
0!
b1111110000000000 #
b1 )
b1010 +
1,
b10000 -
06
b1111110000000000 8
#15005000
1!
b0 $
b1010 %
1&
b1 (
b1010 *
b10000 1
16
b10111010111 :
b101110011 <
b1111110000000000 K
#15010000
0!
1'
b10 )
06
19
#15015000
1!
b10000000000 $
b1010 %
1&
b10 (
b1010 1
b100 2
16
b10111011000 :
b101101110 =
b10001111100010 >
b101101110 @
b1010 L
1M
1N
#15020000
0!
b1111100000000000 #
b11 )
b1011 +
1,
b10000 -
06
b1111100000000000 8
#15025000
1!
b0 $
b1010 %
0&
b11 (
b10000 1
b1 3
16
b10111011001 :
b1111100000000000 K
#15030000
0!
0'
b0 )
06
09
#15035000
1!
b0 $
b1010 %
0&
b0 (
b1 )
b10000 1
b0 3
16
b10111011010 :
0M
0N
#15040000
0!
06
#15045000
1!
b0 $
b1011 %
1&
b1 (
b1011 *
b10000 1
16
b10111011011 :
#15050000
0!
1'
b10 )
06
19
#15055000
1!
b100000000000 $
b1011 %
1&
b10 (
b1011 1
b101 2
16
b10111011100 :
b101101111 =
b10001111100111 >
b101101111 @
b1011 L
1M
1N
#15060000
0!
b1111000000000000 #
b11 )
b1100 +
1,
b10000 -
06
b1111000000000000 8
#15065000
1!
b0 $
b1011 %
0&
b11 (
b10000 1
b1 3
16
b10111011101 :
b1111000000000000 K
#15070000
0!
0'
b0 )
06
09
#15075000
1!
b0 $
b1011 %
0&
b0 (
b1 )
b10000 1
b0 3
16
b10111011110 :
0M
0N
#15080000
0!
06
#15085000
1!
b0 $
b1100 %
1&
b1 (
b1100 *
b10000 1
16
b10111011111 :
#15090000
0!
1'
b10 )
06
19
#15095000
1!
b1000000000000 $
b1100 %
1&
b10 (
b1100 1
b1011111111 2
16
b10111100000 :
b101110000 =
b10011011100110 >
b1011111111 ?
b101110000 @
b1100 L
1M
1N
#15100000
0!
b1110000000000000 #
b11 )
b1101 +
1,
b10000 -
06
b1110000000000000 8
#15105000
1!
b0 $
b1100 %
0&
b11 (
b10000 1
b1 3
16
b10111100001 :
b1110000000000000 K
#15110000
0!
0'
b0 )
06
09
#15115000
1!
b0 $
b1100 %
0&
b0 (
b1 )
b10000 1
b0 3
16
b10111100010 :
0M
0N
#15120000
0!
06
#15125000
1!
b0 $
b1101 %
1&
b1 (
b1101 *
b10000 1
16
b10111100011 :
#15130000
0!
1'
b10 )
06
19
#15135000
1!
b10000000000000 $
b1101 %
1&
b10 (
b1101 1
b1100000101 2
16
b10111100100 :
b101110001 =
b10100111101011 >
b1100000101 ?
b101110001 @
b1101 L
1M
1N
#15140000
0!
b1101000000000000 #
b11 )
b1100 +
1,
b10000 -
06
b1101000000000000 8
#15145000
1!
b0 $
b1101 %
0&
b11 (
b10000 1
b1 3
16
b10111100101 :
b101110100 <
b1101000000000000 K
#15150000
0!
0'
b0 )
06
09
#15155000
1!
b0 $
b1101 %
0&
b0 (
b1 )
b10000 1
b0 3
16
b10111100110 :
0M
0N
#15160000
0!
b1111000000000000 #
b1 )
b1100 +
1,
b10000 -
06
b1111000000000000 8
#15165000
1!
b0 $
b1100 %
1&
b1 (
b1100 *
b10000 1
16
b10111100111 :
b101110101 <
b1111000000000000 K
#15170000
0!
1'
b10 )
06
19
#15175000
1!
b1000000000000 $
b1100 %
1&
b10 (
b1100 1
b11 2
16
b10111101000 :
b101110010 =
b10100111101110 >
b101110010 @
b1100 L
1M
1N
#15180000
0!
b1110000000000000 #
b11 )
b1101 +
1,
b10000 -
06
b1110000000000000 8
#15185000
1!
b0 $
b1100 %
0&
b11 (
b10000 1
b1 3
16
b10111101001 :
b1110000000000000 K
#15190000
0!
0'
b0 )
06
09
#15195000
1!
b0 $
b1100 %
0&
b0 (
b1 )
b10000 1
b0 3
16
b10111101010 :
0M
0N
#15200000
0!
06
#15205000
1!
b0 $
b1101 %
1&
b1 (
b1101 *
b10000 1
16
b10111101011 :
#15210000
0!
1'
b10 )
06
19
#15215000
1!
b10000000000000 $
b1101 %
1&
b10 (
b1101 1
b101 2
16
b10111101100 :
b101110011 =
b10100111110011 >
b101110011 @
b1101 L
1M
1N
#15220000
0!
b1101000000000000 #
b11 )
b1100 +
1,
b10000 -
06
b1101000000000000 8
#15225000
1!
b0 $
b1101 %
0&
b11 (
b10000 1
b1 3
16
b10111101101 :
b101110110 <
b1101000000000000 K
#15230000
0!
0'
b0 )
06
09
#15235000
1!
b0 $
b1101 %
0&
b0 (
b1 )
b10000 1
b0 3
16
b10111101110 :
0M
0N
#15240000
0!
b1111000000000000 #
b1 )
b1100 +
1,
b10000 -
06
b1111000000000000 8
#15245000
1!
b0 $
b1100 %
1&
b1 (
b1100 *
b10000 1
16
b10111101111 :
b101110111 <
b1111000000000000 K
#15250000
0!
1'
b10 )
06
19
#15255000
1!
b1000000000000 $
b1100 %
1&
b10 (
b1100 1
b11 2
16
b10111110000 :
b101110100 =
b10100111110110 >
b101110100 @
b1100 L
1M
1N
#15260000
0!
b1110000000000000 #
b11 )
b1101 +
1,
b10000 -
06
b1110000000000000 8
#15265000
1!
b0 $
b1100 %
0&
b11 (
b10000 1
b1 3
16
b10111110001 :
b1110000000000000 K
#15270000
0!
0'
b0 )
06
09
#15275000
1!
b0 $
b1100 %
0&
b0 (
b1 )
b10000 1
b0 3
16
b10111110010 :
0M
0N
#15280000
0!
06
#15285000
1!
b0 $
b1101 %
1&
b1 (
b1101 *
b10000 1
16
b10111110011 :
#15290000
0!
1'
b10 )
06
19
#15295000
1!
b10000000000000 $
b1101 %
1&
b10 (
b1101 1
b101 2
16
b10111110100 :
b101110101 =
b10100111111011 >
b101110101 @
b1101 L
1M
1N
#15300000
0!
b1101000000000000 #
b11 )
b1100 +
1,
b10000 -
06
b1101000000000000 8
#15305000
1!
b0 $
b1101 %
0&
b11 (
b10000 1
b1 3
16
b10111110101 :
b101111000 <
b1101000000000000 K
#15310000
0!
0'
b0 )
06
09
#15315000
1!
b0 $
b1101 %
0&
b0 (
b1 )
b10000 1
b0 3
16
b10111110110 :
0M
0N
#15320000
0!
b1111000000000000 #
b1 )
b1100 +
1,
b10000 -
06
b1111000000000000 8
#15325000
1!
b0 $
b1100 %
1&
b1 (
b1100 *
b10000 1
16
b10111110111 :
b101111001 <
b1111000000000000 K
#15330000
0!
1'
b10 )
06
19
#15335000
1!
b1000000000000 $
b1100 %
1&
b10 (
b1100 1
b11 2
16
b10111111000 :
b101110110 =
b10100111111110 >
b101110110 @
b1100 L
1M
1N
#15340000
0!
b1110000000000000 #
b11 )
b1101 +
1,
b10000 -
06
b1110000000000000 8
#15345000
1!
b0 $
b1100 %
0&
b11 (
b10000 1
b1 3
16
b10111111001 :
b1110000000000000 K
#15350000
0!
0'
b0 )
06
09
#15355000
1!
b0 $
b1100 %
0&
b0 (
b1 )
b10000 1
b0 3
16
b10111111010 :
0M
0N
#15360000
0!
06
#15365000
1!
b0 $
b1101 %
1&
b1 (
b1101 *
b10000 1
16
b10111111011 :
#15370000
0!
1'
b10 )
06
19
#15375000
1!
b10000000000000 $
b1101 %
1&
b10 (
b1101 1
b101 2
16
b10111111100 :
b101110111 =
b10101000000011 >
b101110111 @
b1101 L
1M
1N
#15380000
0!
b1101000000000000 #
b11 )
b1100 +
1,
b10000 -
06
b1101000000000000 8
#15385000
1!
b0 $
b1101 %
0&
b11 (
b10000 1
b1 3
16
b10111111101 :
b101111010 <
b1101000000000000 K
#15390000
0!
0'
b0 )
06
09
#15395000
1!
b0 $
b1101 %
0&
b0 (
b1 )
b10000 1
b0 3
16
b10111111110 :
0M
0N
#15400000
0!
b1111000000000000 #
b1 )
b1100 +
1,
b10000 -
06
b1111000000000000 8
#15405000
1!
b0 $
b1100 %
1&
b1 (
b1100 *
b10000 1
16
b10111111111 :
b101111011 <
b1111000000000000 K
#15410000
0!
1'
b10 )
06
19
#15415000
1!
b1000000000000 $
b1100 %
1&
b10 (
b1100 1
b11 2
16
b11000000000 :
b101111000 =
b10101000000110 >
b101111000 @
b1100 L
1M
1N
#15420000
0!
b1110000000000000 #
b11 )
b1101 +
1,
b10000 -
06
b1110000000000000 8
#15425000
1!
b0 $
b1100 %
0&
b11 (
b10000 1
b1 3
16
b11000000001 :
b1110000000000000 K
#15430000
0!
0'
b0 )
06
09
#15435000
1!
b0 $
b1100 %
0&
b0 (
b1 )
b10000 1
b0 3
16
b11000000010 :
0M
0N
#15440000
0!
06
#15445000
1!
b0 $
b1101 %
1&
b1 (
b1101 *
b10000 1
16
b11000000011 :
#15450000
0!
1'
b10 )
06
19
#15455000
1!
b10000000000000 $
b1101 %
1&
b10 (
b1101 1
b101 2
16
b11000000100 :
b101111001 =
b10101000001011 >
b101111001 @
b1101 L
1M
1N
#15460000
0!
b1101000000000000 #
b11 )
b1100 +
1,
b10000 -
06
b1101000000000000 8
#15465000
1!
b0 $
b1101 %
0&
b11 (
b10000 1
b1 3
16
b11000000101 :
b101111100 <
b1101000000000000 K
#15470000
0!
0'
b0 )
06
09
#15475000
1!
b0 $
b1101 %
0&
b0 (
b1 )
b10000 1
b0 3
16
b11000000110 :
0M
0N
#15480000
0!
b1111000000000000 #
b1 )
b1100 +
1,
b10000 -
06
b1111000000000000 8
#15485000
1!
b0 $
b1100 %
1&
b1 (
b1100 *
b10000 1
16
b11000000111 :
b101111101 <
b1111000000000000 K
#15490000
0!
1'
b10 )
06
19
#15495000
1!
b1000000000000 $
b1100 %
1&
b10 (
b1100 1
b11 2
16
b11000001000 :
b101111010 =
b10101000001110 >
b101111010 @
b1100 L
1M
1N
#15500000
0!
b1110000000000000 #
b11 )
b1101 +
1,
b10000 -
06
b1110000000000000 8
#15505000
1!
b0 $
b1100 %
0&
b11 (
b10000 1
b1 3
16
b11000001001 :
b1110000000000000 K
#15510000
0!
0'
b0 )
06
09
#15515000
1!
b0 $
b1100 %
0&
b0 (
b1 )
b10000 1
b0 3
16
b11000001010 :
0M
0N
#15520000
0!
06
#15525000
1!
b0 $
b1101 %
1&
b1 (
b1101 *
b10000 1
16
b11000001011 :
#15530000
0!
1'
b10 )
06
19
#15535000
1!
b10000000000000 $
b1101 %
1&
b10 (
b1101 1
b101 2
16
b11000001100 :
b101111011 =
b10101000010011 >
b101111011 @
b1101 L
1M
1N
#15540000
0!
b1101000000000000 #
b11 )
b1100 +
1,
b10000 -
06
b1101000000000000 8
#15545000
1!
b0 $
b1101 %
0&
b11 (
b10000 1
b1 3
16
b11000001101 :
b101111110 <
b1101000000000000 K
#15550000
0!
0'
b0 )
06
09
#15555000
1!
b0 $
b1101 %
0&
b0 (
b1 )
b10000 1
b0 3
16
b11000001110 :
0M
0N
#15560000
0!
b1111000000000000 #
b1 )
b1100 +
1,
b10000 -
06
b1111000000000000 8
#15565000
1!
b0 $
b1100 %
1&
b1 (
b1100 *
b10000 1
16
b11000001111 :
b101111111 <
b1111000000000000 K
#15570000
0!
1'
b10 )
06
19
#15575000
1!
b1000000000000 $
b1100 %
1&
b10 (
b1100 1
b11 2
16
b11000010000 :
b101111100 =
b10101000010110 >
b101111100 @
b1100 L
1M
1N
#15580000
0!
b1110000000000000 #
b11 )
b1101 +
1,
b10000 -
06
b1110000000000000 8
#15585000
1!
b0 $
b1100 %
0&
b11 (
b10000 1
b1 3
16
b11000010001 :
b1110000000000000 K
#15590000
0!
0'
b0 )
06
09
#15595000
1!
b0 $
b1100 %
0&
b0 (
b1 )
b10000 1
b0 3
16
b11000010010 :
0M
0N
#15600000
0!
06
#15605000
1!
b0 $
b1101 %
1&
b1 (
b1101 *
b10000 1
16
b11000010011 :
#15610000
0!
1'
b10 )
06
19
#15615000
1!
b10000000000000 $
b1101 %
1&
b10 (
b1101 1
b101 2
16
b11000010100 :
b101111101 =
b10101000011011 >
b101111101 @
b1101 L
1M
1N
#15620000
0!
b1101000000000000 #
b11 )
b1100 +
1,
b10000 -
06
b1101000000000000 8
#15625000
1!
b0 $
b1101 %
0&
b11 (
b10000 1
b1 3
16
b11000010101 :
b110000000 <
b1101000000000000 K
#15630000
0!
0'
b0 )
06
09
#15635000
1!
b0 $
b1101 %
0&
b0 (
b1 )
b10000 1
b0 3
16
b11000010110 :
0M
0N
#15640000
0!
b1111000000000000 #
b1 )
b1100 +
1,
b10000 -
06
b1111000000000000 8
#15645000
1!
b0 $
b1100 %
1&
b1 (
b1100 *
b10000 1
16
b11000010111 :
b110000001 <
b1111000000000000 K
#15650000
0!
1'
b10 )
06
19
#15655000
1!
b1000000000000 $
b1100 %
1&
b10 (
b1100 1
b11 2
16
b11000011000 :
b101111110 =
b10101000011110 >
b101111110 @
b1100 L
1M
1N
#15660000
0!
b1110000000000000 #
b11 )
b1101 +
1,
b10000 -
06
b1110000000000000 8
#15665000
1!
b0 $
b1100 %
0&
b11 (
b10000 1
b1 3
16
b11000011001 :
b1110000000000000 K
#15670000
0!
0'
b0 )
06
09
#15675000
1!
b0 $
b1100 %
0&
b0 (
b1 )
b10000 1
b0 3
16
b11000011010 :
0M
0N
#15680000
0!
06
#15685000
1!
b0 $
b1101 %
1&
b1 (
b1101 *
b10000 1
16
b11000011011 :
#15690000
0!
1'
b10 )
06
19
#15695000
1!
b10000000000000 $
b1101 %
1&
b10 (
b1101 1
b101 2
16
b11000011100 :
b101111111 =
b10101000100011 >
b101111111 @
b1101 L
1M
1N
#15700000
0!
b1101000000000000 #
b11 )
b1100 +
1,
b10000 -
06
b1101000000000000 8
#15705000
1!
b0 $
b1101 %
0&
b11 (
b10000 1
b1 3
16
b11000011101 :
b110000010 <
b1101000000000000 K
#15710000
0!
0'
b0 )
06
09
#15715000
1!
b0 $
b1101 %
0&
b0 (
b1 )
b10000 1
b0 3
16
b11000011110 :
0M
0N
#15720000
0!
b1111000000000000 #
b1 )
b1100 +
1,
b10000 -
06
b1111000000000000 8
#15725000
1!
b0 $
b1100 %
1&
b1 (
b1100 *
b10000 1
16
b11000011111 :
b110000011 <
b1111000000000000 K
#15730000
0!
1'
b10 )
06
19
#15735000
1!
b1000000000000 $
b1100 %
1&
b10 (
b1100 1
b11 2
16
b11000100000 :
b110000000 =
b10101000100110 >
b110000000 @
b1100 L
1M
1N
#15740000
0!
b1110000000000000 #
b11 )
b1101 +
1,
b10000 -
06
b1110000000000000 8
#15745000
1!
b0 $
b1100 %
0&
b11 (
b10000 1
b1 3
16
b11000100001 :
b1110000000000000 K
#15750000
0!
0'
b0 )
06
09
#15755000
1!
b0 $
b1100 %
0&
b0 (
b1 )
b10000 1
b0 3
16
b11000100010 :
0M
0N
#15760000
0!
06
#15765000
1!
b0 $
b1101 %
1&
b1 (
b1101 *
b10000 1
16
b11000100011 :
#15770000
0!
1'
b10 )
06
19
#15775000
1!
b10000000000000 $
b1101 %
1&
b10 (
b1101 1
b101 2
16
b11000100100 :
b110000001 =
b10101000101011 >
b110000001 @
b1101 L
1M
1N
#15780000
0!
b1101000000000000 #
b11 )
b1100 +
1,
b10000 -
06
b1101000000000000 8
#15785000
1!
b0 $
b1101 %
0&
b11 (
b10000 1
b1 3
16
b11000100101 :
b110000100 <
b1101000000000000 K
#15790000
0!
0'
b0 )
06
09
#15795000
1!
b0 $
b1101 %
0&
b0 (
b1 )
b10000 1
b0 3
16
b11000100110 :
0M
0N
#15800000
0!
b1111000000000000 #
b1 )
b1100 +
1,
b10000 -
06
b1111000000000000 8
#15805000
1!
b0 $
b1100 %
1&
b1 (
b1100 *
b10000 1
16
b11000100111 :
b110000101 <
b1111000000000000 K
#15810000
0!
1'
b10 )
06
19
#15815000
1!
b1000000000000 $
b1100 %
1&
b10 (
b1100 1
b11 2
16
b11000101000 :
b110000010 =
b10101000101110 >
b110000010 @
b1100 L
1M
1N
#15820000
0!
b1110000000000000 #
b11 )
b1101 +
1,
b10000 -
06
b1110000000000000 8
#15825000
1!
b0 $
b1100 %
0&
b11 (
b10000 1
b1 3
16
b11000101001 :
b1110000000000000 K
#15830000
0!
0'
b0 )
06
09
#15835000
1!
b0 $
b1100 %
0&
b0 (
b1 )
b10000 1
b0 3
16
b11000101010 :
0M
0N
#15840000
0!
06
#15845000
1!
b0 $
b1101 %
1&
b1 (
b1101 *
b10000 1
16
b11000101011 :
#15850000
0!
1'
b10 )
06
19
#15855000
1!
b10000000000000 $
b1101 %
1&
b10 (
b1101 1
b101 2
16
b11000101100 :
b110000011 =
b10101000110011 >
b110000011 @
b1101 L
1M
1N
#15860000
0!
b1101000000000000 #
b11 )
b1100 +
1,
b10000 -
06
b1101000000000000 8
#15865000
1!
b0 $
b1101 %
0&
b11 (
b10000 1
b1 3
16
b11000101101 :
b110000110 <
b1101000000000000 K
#15870000
0!
0'
b0 )
06
09
#15875000
1!
b0 $
b1101 %
0&
b0 (
b1 )
b10000 1
b0 3
16
b11000101110 :
0M
0N
#15880000
0!
b1111000000000000 #
b1 )
b1100 +
1,
b10000 -
06
b1111000000000000 8
#15885000
1!
b0 $
b1100 %
1&
b1 (
b1100 *
b10000 1
16
b11000101111 :
b110000111 <
b1111000000000000 K
#15890000
0!
1'
b10 )
06
19
#15895000
1!
b1000000000000 $
b1100 %
1&
b10 (
b1100 1
b11 2
16
b11000110000 :
b110000100 =
b10101000110110 >
b110000100 @
b1100 L
1M
1N
#15900000
0!
b1110000000000000 #
b11 )
b1101 +
1,
b10000 -
06
b1110000000000000 8
#15905000
1!
b0 $
b1100 %
0&
b11 (
b10000 1
b1 3
16
b11000110001 :
b1110000000000000 K
#15910000
0!
0'
b0 )
06
09
#15915000
1!
b0 $
b1100 %
0&
b0 (
b1 )
b10000 1
b0 3
16
b11000110010 :
0M
0N
#15920000
0!
06
#15925000
1!
b0 $
b1101 %
1&
b1 (
b1101 *
b10000 1
16
b11000110011 :
#15930000
0!
1'
b10 )
06
19
#15935000
1!
b10000000000000 $
b1101 %
1&
b10 (
b1101 1
b101 2
16
b11000110100 :
b110000101 =
b10101000111011 >
b110000101 @
b1101 L
1M
1N
#15940000
0!
b1101000000000000 #
b11 )
b1100 +
1,
b10000 -
06
b1101000000000000 8
#15945000
1!
b0 $
b1101 %
0&
b11 (
b10000 1
b1 3
16
b11000110101 :
b110001000 <
b1101000000000000 K
#15950000
0!
0'
b0 )
06
09
#15955000
1!
b0 $
b1101 %
0&
b0 (
b1 )
b10000 1
b0 3
16
b11000110110 :
0M
0N
#15960000
0!
b1111000000000000 #
b1 )
b1100 +
1,
b10000 -
06
b1111000000000000 8
#15965000
1!
b0 $
b1100 %
1&
b1 (
b1100 *
b10000 1
16
b11000110111 :
b110001001 <
b1111000000000000 K
#15970000
0!
1'
b10 )
06
19
#15975000
1!
b1000000000000 $
b1100 %
1&
b10 (
b1100 1
b11 2
16
b11000111000 :
b110000110 =
b10101000111110 >
b110000110 @
b1100 L
1M
1N
#15980000
0!
b1110000000000000 #
b11 )
b1101 +
1,
b10000 -
06
b1110000000000000 8
#15985000
1!
b0 $
b1100 %
0&
b11 (
b10000 1
b1 3
16
b11000111001 :
b1110000000000000 K
#15990000
0!
0'
b0 )
06
09
#15995000
1!
b0 $
b1100 %
0&
b0 (
b1 )
b10000 1
b0 3
16
b11000111010 :
0M
0N
#16000000
0!
06
#16005000
1!
b0 $
b1101 %
1&
b1 (
b1101 *
b10000 1
16
b11000111011 :
#16010000
0!
1'
b10 )
06
19
#16015000
1!
b10000000000000 $
b1101 %
1&
b10 (
b1101 1
b101 2
16
b11000111100 :
b110000111 =
b10101001000011 >
b110000111 @
b1101 L
1M
1N
#16020000
0!
b1101000000000000 #
b11 )
b1100 +
1,
b10000 -
06
b1101000000000000 8
#16025000
1!
b0 $
b1101 %
0&
b11 (
b10000 1
b1 3
16
b11000111101 :
b110001010 <
b1101000000000000 K
#16030000
0!
0'
b0 )
06
09
#16035000
1!
b0 $
b1101 %
0&
b0 (
b1 )
b10000 1
b0 3
16
b11000111110 :
0M
0N
#16040000
0!
b1111000000000000 #
b1 )
b1100 +
1,
b10000 -
06
b1111000000000000 8
#16045000
1!
b0 $
b1100 %
1&
b1 (
b1100 *
b10000 1
16
b11000111111 :
b110001011 <
b1111000000000000 K
#16050000
0!
1'
b10 )
06
19
#16055000
1!
b1000000000000 $
b1100 %
1&
b10 (
b1100 1
b11 2
16
b11001000000 :
b110001000 =
b10101001000110 >
b110001000 @
b1100 L
1M
1N
#16060000
0!
b1110000000000000 #
b11 )
b1101 +
1,
b10000 -
06
b1110000000000000 8
#16065000
1!
b0 $
b1100 %
0&
b11 (
b10000 1
b1 3
16
b11001000001 :
b1110000000000000 K
#16070000
0!
0'
b0 )
06
09
#16075000
1!
b0 $
b1100 %
0&
b0 (
b1 )
b10000 1
b0 3
16
b11001000010 :
0M
0N
#16080000
0!
06
#16085000
1!
b0 $
b1101 %
1&
b1 (
b1101 *
b10000 1
16
b11001000011 :
#16090000
0!
1'
b10 )
06
19
#16095000
1!
b10000000000000 $
b1101 %
1&
b10 (
b1101 1
b101 2
16
b11001000100 :
b110001001 =
b10101001001011 >
b110001001 @
b1101 L
1M
1N
#16100000
0!
b1101000000000000 #
b11 )
b1100 +
1,
b10000 -
06
b1101000000000000 8
#16105000
1!
b0 $
b1101 %
0&
b11 (
b10000 1
b1 3
16
b11001000101 :
b110001100 <
b1101000000000000 K
#16110000
0!
0'
b0 )
06
09
#16115000
1!
b0 $
b1101 %
0&
b0 (
b1 )
b10000 1
b0 3
16
b11001000110 :
0M
0N
#16120000
0!
b1111000000000000 #
b1 )
b1100 +
1,
b10000 -
06
b1111000000000000 8
#16125000
1!
b0 $
b1100 %
1&
b1 (
b1100 *
b10000 1
16
b11001000111 :
b110001101 <
b1111000000000000 K
#16130000
0!
1'
b10 )
06
19
#16135000
1!
b1000000000000 $
b1100 %
1&
b10 (
b1100 1
b11 2
16
b11001001000 :
b110001010 =
b10101001001110 >
b110001010 @
b1100 L
1M
1N
#16140000
0!
b1110000000000000 #
b11 )
b1101 +
1,
b10000 -
06
b1110000000000000 8
#16145000
1!
b0 $
b1100 %
0&
b11 (
b10000 1
b1 3
16
b11001001001 :
b1110000000000000 K
#16150000
0!
0'
b0 )
06
09
#16155000
1!
b0 $
b1100 %
0&
b0 (
b1 )
b10000 1
b0 3
16
b11001001010 :
0M
0N
#16160000
0!
06
#16165000
1!
b0 $
b1101 %
1&
b1 (
b1101 *
b10000 1
16
b11001001011 :
#16170000
0!
1'
b10 )
06
19
#16175000
1!
b10000000000000 $
b1101 %
1&
b10 (
b1101 1
b101 2
16
b11001001100 :
b110001011 =
b10101001010011 >
b110001011 @
b1101 L
1M
1N
#16180000
0!
b1101000000000000 #
b11 )
b1100 +
1,
b10000 -
06
b1101000000000000 8
#16185000
1!
b0 $
b1101 %
0&
b11 (
b10000 1
b1 3
16
b11001001101 :
b110001110 <
b1101000000000000 K
#16190000
0!
0'
b0 )
06
09
#16195000
1!
b0 $
b1101 %
0&
b0 (
b1 )
b10000 1
b0 3
16
b11001001110 :
0M
0N
#16200000
0!
b1111000000000000 #
b1 )
b1100 +
1,
b10000 -
06
b1111000000000000 8
#16205000
1!
b0 $
b1100 %
1&
b1 (
b1100 *
b10000 1
16
b11001001111 :
b110001111 <
b1111000000000000 K
#16210000
0!
1'
b10 )
06
19
#16215000
1!
b1000000000000 $
b1100 %
1&
b10 (
b1100 1
b11 2
16
b11001010000 :
b110001100 =
b10101001010110 >
b110001100 @
b1100 L
1M
1N
#16220000
0!
b1110000000000000 #
b11 )
b1101 +
1,
b10000 -
06
b1110000000000000 8
#16225000
1!
b0 $
b1100 %
0&
b11 (
b10000 1
b1 3
16
b11001010001 :
b1110000000000000 K
#16230000
0!
0'
b0 )
06
09
#16235000
1!
b0 $
b1100 %
0&
b0 (
b1 )
b10000 1
b0 3
16
b11001010010 :
0M
0N
#16240000
0!
06
#16245000
1!
b0 $
b1101 %
1&
b1 (
b1101 *
b10000 1
16
b11001010011 :
#16250000
0!
1'
b10 )
06
19
#16255000
1!
b10000000000000 $
b1101 %
1&
b10 (
b1101 1
b101 2
16
b11001010100 :
b110001101 =
b10101001011011 >
b110001101 @
b1101 L
1M
1N
#16260000
0!
b1101000000000000 #
b11 )
b1100 +
1,
b10000 -
06
b1101000000000000 8
#16265000
1!
b0 $
b1101 %
0&
b11 (
b10000 1
b1 3
16
b11001010101 :
b110010000 <
b1101000000000000 K
#16270000
0!
0'
b0 )
06
09
#16275000
1!
b0 $
b1101 %
0&
b0 (
b1 )
b10000 1
b0 3
16
b11001010110 :
0M
0N
#16280000
0!
b1111000000000000 #
b1 )
b1100 +
1,
b10000 -
06
b1111000000000000 8
#16285000
1!
b0 $
b1100 %
1&
b1 (
b1100 *
b10000 1
16
b11001010111 :
b110010001 <
b1111000000000000 K
#16290000
0!
1'
b10 )
06
19
#16295000
1!
b1000000000000 $
b1100 %
1&
b10 (
b1100 1
b11 2
16
b11001011000 :
b110001110 =
b10101001011110 >
b110001110 @
b1100 L
1M
1N
#16300000
0!
b1110000000000000 #
b11 )
b1101 +
1,
b10000 -
06
b1110000000000000 8
#16305000
1!
b0 $
b1100 %
0&
b11 (
b10000 1
b1 3
16
b11001011001 :
b1110000000000000 K
#16310000
0!
0'
b0 )
06
09
#16315000
1!
b0 $
b1100 %
0&
b0 (
b1 )
b10000 1
b0 3
16
b11001011010 :
0M
0N
#16320000
0!
06
#16325000
1!
b0 $
b1101 %
1&
b1 (
b1101 *
b10000 1
16
b11001011011 :
#16330000
0!
1'
b10 )
06
19
#16335000
1!
b10000000000000 $
b1101 %
1&
b10 (
b1101 1
b101 2
16
b11001011100 :
b110001111 =
b10101001100011 >
b110001111 @
b1101 L
1M
1N
#16340000
0!
b1100000000000000 #
b11 )
b1110 +
1,
b10000 -
06
b1100000000000000 8
#16345000
1!
b0 $
b1101 %
0&
b11 (
b10000 1
b1 3
16
b11001011101 :
b1100000000000000 K
#16350000
0!
0'
b0 )
06
09
#16355000
1!
b0 $
b1101 %
0&
b0 (
b1 )
b10000 1
b0 3
16
b11001011110 :
0M
0N
#16360000
0!
06
#16365000
1!
b0 $
b1110 %
1&
b1 (
b1110 *
b10000 1
16
b11001011111 :
#16370000
0!
1'
b10 )
06
19
#16375000
1!
b100000000000000 $
b1110 %
1&
b10 (
b1110 1
b1110000000 2
16
b11001100000 :
b110010000 =
b10110111100011 >
b1110000000 ?
b110010000 @
b1110 L
1M
1N
#16380000
0!
b1000000000000000 #
b11 )
b1111 +
1,
b10000 -
06
b1000000000000000 8
#16385000
1!
b0 $
b1110 %
0&
b11 (
b10000 1
b1 3
16
b11001100001 :
b1000000000000000 K
#16390000
0!
0'
b0 )
06
09
#16395000
1!
b0 $
b1110 %
0&
b0 (
b1 )
b10000 1
b0 3
16
b11001100010 :
0M
0N
#16400000
0!
06
#16405000
1!
b0 $
b1111 %
1&
b1 (
b1111 *
b10000 1
16
b11001100011 :
#16410000
0!
b1100000000000000 #
1'
b10 )
b1110 +
1,
b10000 -
06
b1100000000000000 8
19
#16415000
1!
b1000000000000000 $
b1111 %
1&
b10 (
b1111 1
b1110000101 2
16
b11001100100 :
b110010010 <
b110010001 =
b11000101101000 >
b1110000101 ?
b110010001 @
b1100000000000000 K
b1111 L
1M
1N
#16420000
0!
b100000000000000 #
b11 )
b1110 +
1,
b10000 -
06
b100000000000000 8
#16425000
1!
b0 $
b1111 %
0&
b11 (
b10000 1
b1 3
16
b11001100101 :
b100000000000000 K
#16430000
0!
0'
b0 )
06
09
#16435000
1!
b0 $
b1111 %
0&
b0 (
b1 )
b10000 1
b0 3
16
b11001100110 :
0M
0N
#16440000
0!
b1100000000000000 #
b1 )
b1110 +
1,
b10000 -
06
b1100000000000000 8
#16445000
1!
b0 $
b1110 %
1&
b1 (
b1110 *
b10000 1
16
b11001100111 :
b110010011 <
b1100000000000000 K
#16450000
0!
1'
b10 )
06
19
#16455000
1!
b100000000000000 $
b1110 %
1&
b10 (
b1110 1
b100 2
16
b11001101000 :
b110010010 =
b11000101101100 >
b110010010 @
b1110 L
1M
1N
#16460000
0!
b1000000000000000 #
b11 )
b1111 +
1,
b10000 -
06
b1000000000000000 8
#16465000
1!
b0 $
b1110 %
0&
b11 (
b10000 1
b1 3
16
b11001101001 :
b1000000000000000 K
#16470000
0!
0'
b0 )
06
09
#16475000
1!
b0 $
b1110 %
0&
b0 (
b1 )
b10000 1
b0 3
16
b11001101010 :
0M
0N
#16480000
0!
06
#16485000
1!
b0 $
b1111 %
1&
b1 (
b1111 *
b10000 1
16
b11001101011 :
#16490000
0!
b1100000000000000 #
1'
b10 )
b1110 +
1,
b10000 -
06
b1100000000000000 8
19
#16495000
1!
b1000000000000000 $
b1111 %
1&
b10 (
b1111 1
b101 2
16
b11001101100 :
b110010100 <
b110010011 =
b11000101110001 >
b110010011 @
b1100000000000000 K
b1111 L
1M
1N
#16500000
0!
b100000000000000 #
b11 )
b1110 +
1,
b10000 -
06
b100000000000000 8
#16505000
1!
b0 $
b1111 %
0&
b11 (
b10000 1
b1 3
16
b11001101101 :
b100000000000000 K
#16510000
0!
0'
b0 )
06
09
#16515000
1!
b0 $
b1111 %
0&
b0 (
b1 )
b10000 1
b0 3
16
b11001101110 :
0M
0N
#16520000
0!
b1100000000000000 #
b1 )
b1110 +
1,
b10000 -
06
b1100000000000000 8
#16525000
1!
b0 $
b1110 %
1&
b1 (
b1110 *
b10000 1
16
b11001101111 :
b110010101 <
b1100000000000000 K
#16530000
0!
1'
b10 )
06
19
#16535000
1!
b100000000000000 $
b1110 %
1&
b10 (
b1110 1
b100 2
16
b11001110000 :
b110010100 =
b11000101110101 >
b110010100 @
b1110 L
1M
1N
#16540000
0!
b1000000000000000 #
b11 )
b1111 +
1,
b10000 -
06
b1000000000000000 8
#16545000
1!
b0 $
b1110 %
0&
b11 (
b10000 1
b1 3
16
b11001110001 :
b1000000000000000 K
#16550000
0!
0'
b0 )
06
09
#16555000
1!
b0 $
b1110 %
0&
b0 (
b1 )
b10000 1
b0 3
16
b11001110010 :
0M
0N
#16560000
0!
06
#16565000
1!
b0 $
b1111 %
1&
b1 (
b1111 *
b10000 1
16
b11001110011 :
#16570000
0!
b1100000000000000 #
1'
b10 )
b1110 +
1,
b10000 -
06
b1100000000000000 8
19
#16575000
1!
b1000000000000000 $
b1111 %
1&
b10 (
b1111 1
b101 2
16
b11001110100 :
b110010110 <
b110010101 =
b11000101111010 >
b110010101 @
b1100000000000000 K
b1111 L
1M
1N
#16580000
0!
b100000000000000 #
b11 )
b1110 +
1,
b10000 -
06
b100000000000000 8
#16585000
1!
b0 $
b1111 %
0&
b11 (
b10000 1
b1 3
16
b11001110101 :
b100000000000000 K
#16590000
0!
0'
b0 )
06
09
#16595000
1!
b0 $
b1111 %
0&
b0 (
b1 )
b10000 1
b0 3
16
b11001110110 :
0M
0N
#16600000
0!
b1100000000000000 #
b1 )
b1110 +
1,
b10000 -
06
b1100000000000000 8
#16605000
1!
b0 $
b1110 %
1&
b1 (
b1110 *
b10000 1
16
b11001110111 :
b110010111 <
b1100000000000000 K
#16610000
0!
1'
b10 )
06
19
#16615000
1!
b100000000000000 $
b1110 %
1&
b10 (
b1110 1
b100 2
16
b11001111000 :
b110010110 =
b11000101111110 >
b110010110 @
b1110 L
1M
1N
#16620000
0!
b1000000000000000 #
b11 )
b1111 +
1,
b10000 -
06
b1000000000000000 8
#16625000
1!
b0 $
b1110 %
0&
b11 (
b10000 1
b1 3
16
b11001111001 :
b1000000000000000 K
#16630000
0!
0'
b0 )
06
09
#16635000
1!
b0 $
b1110 %
0&
b0 (
b1 )
b10000 1
b0 3
16
b11001111010 :
0M
0N
#16640000
0!
06
#16645000
1!
b0 $
b1111 %
1&
b1 (
b1111 *
b10000 1
16
b11001111011 :
#16650000
0!
b1100000000000000 #
1'
b10 )
b1110 +
1,
b10000 -
06
b1100000000000000 8
19
#16655000
1!
b1000000000000000 $
b1111 %
1&
b10 (
b1111 1
b101 2
16
b11001111100 :
b110011000 <
b110010111 =
b11000110000011 >
b110010111 @
b1100000000000000 K
b1111 L
1M
1N
#16660000
0!
b100000000000000 #
b11 )
b1110 +
1,
b10000 -
06
b100000000000000 8
#16665000
1!
b0 $
b1111 %
0&
b11 (
b10000 1
b1 3
16
b11001111101 :
b100000000000000 K
#16670000
0!
0'
b0 )
06
09
#16675000
1!
b0 $
b1111 %
0&
b0 (
b1 )
b10000 1
b0 3
16
b11001111110 :
0M
0N
#16680000
0!
b1100000000000000 #
b1 )
b1110 +
1,
b10000 -
06
b1100000000000000 8
#16685000
1!
b0 $
b1110 %
1&
b1 (
b1110 *
b10000 1
16
b11001111111 :
b110011001 <
b1100000000000000 K
#16690000
0!
1'
b10 )
06
19
#16695000
1!
b100000000000000 $
b1110 %
1&
b10 (
b1110 1
b100 2
16
b11010000000 :
b110011000 =
b11000110000111 >
b110011000 @
b1110 L
1M
1N
#16700000
0!
b1000000000000000 #
b11 )
b1111 +
1,
b10000 -
06
b1000000000000000 8
#16705000
1!
b0 $
b1110 %
0&
b11 (
b10000 1
b1 3
16
b11010000001 :
b1000000000000000 K
#16710000
0!
0'
b0 )
06
09
#16715000
1!
b0 $
b1110 %
0&
b0 (
b1 )
b10000 1
b0 3
16
b11010000010 :
0M
0N
#16720000
0!
06
#16725000
1!
b0 $
b1111 %
1&
b1 (
b1111 *
b10000 1
16
b11010000011 :
#16730000
0!
b1100000000000000 #
1'
b10 )
b1110 +
1,
b10000 -
06
b1100000000000000 8
19
#16735000
1!
b1000000000000000 $
b1111 %
1&
b10 (
b1111 1
b101 2
16
b11010000100 :
b110011010 <
b110011001 =
b11000110001100 >
b110011001 @
b1100000000000000 K
b1111 L
1M
1N
#16740000
0!
b100000000000000 #
b11 )
b1110 +
1,
b10000 -
06
b100000000000000 8
#16745000
1!
b0 $
b1111 %
0&
b11 (
b10000 1
b1 3
16
b11010000101 :
b100000000000000 K
#16750000
0!
0'
b0 )
06
09
#16755000
1!
b0 $
b1111 %
0&
b0 (
b1 )
b10000 1
b0 3
16
b11010000110 :
0M
0N
#16760000
0!
b1100000000000000 #
b1 )
b1110 +
1,
b10000 -
06
b1100000000000000 8
#16765000
1!
b0 $
b1110 %
1&
b1 (
b1110 *
b10000 1
16
b11010000111 :
b110011011 <
b1100000000000000 K
#16770000
0!
1'
b10 )
06
19
#16775000
1!
b100000000000000 $
b1110 %
1&
b10 (
b1110 1
b100 2
16
b11010001000 :
b110011010 =
b11000110010000 >
b110011010 @
b1110 L
1M
1N
#16780000
0!
b1000000000000000 #
b11 )
b1111 +
1,
b10000 -
06
b1000000000000000 8
#16785000
1!
b0 $
b1110 %
0&
b11 (
b10000 1
b1 3
16
b11010001001 :
b1000000000000000 K
#16790000
0!
0'
b0 )
06
09
#16795000
1!
b0 $
b1110 %
0&
b0 (
b1 )
b10000 1
b0 3
16
b11010001010 :
0M
0N
#16800000
0!
06
#16805000
1!
b0 $
b1111 %
1&
b1 (
b1111 *
b10000 1
16
b11010001011 :
#16810000
0!
b1100000000000000 #
1'
b10 )
b1110 +
1,
b10000 -
06
b1100000000000000 8
19
#16815000
1!
b1000000000000000 $
b1111 %
1&
b10 (
b1111 1
b101 2
16
b11010001100 :
b110011100 <
b110011011 =
b11000110010101 >
b110011011 @
b1100000000000000 K
b1111 L
1M
1N
#16820000
0!
b100000000000000 #
b11 )
b1110 +
1,
b10000 -
06
b100000000000000 8
#16825000
1!
b0 $
b1111 %
0&
b11 (
b10000 1
b1 3
16
b11010001101 :
b100000000000000 K
#16830000
0!
0'
b0 )
06
09
#16835000
1!
b0 $
b1111 %
0&
b0 (
b1 )
b10000 1
b0 3
16
b11010001110 :
0M
0N
#16840000
0!
b1100000000000000 #
b1 )
b1110 +
1,
b10000 -
06
b1100000000000000 8
#16845000
1!
b0 $
b1110 %
1&
b1 (
b1110 *
b10000 1
16
b11010001111 :
b110011101 <
b1100000000000000 K
#16850000
0!
1'
b10 )
06
19
#16855000
1!
b100000000000000 $
b1110 %
1&
b10 (
b1110 1
b100 2
16
b11010010000 :
b110011100 =
b11000110011001 >
b110011100 @
b1110 L
1M
1N
#16860000
0!
b1000000000000000 #
b11 )
b1111 +
1,
b10000 -
06
b1000000000000000 8
#16865000
1!
b0 $
b1110 %
0&
b11 (
b10000 1
b1 3
16
b11010010001 :
b1000000000000000 K
#16870000
0!
0'
b0 )
06
09
#16875000
1!
b0 $
b1110 %
0&
b0 (
b1 )
b10000 1
b0 3
16
b11010010010 :
0M
0N
#16880000
0!
06
#16885000
1!
b0 $
b1111 %
1&
b1 (
b1111 *
b10000 1
16
b11010010011 :
#16890000
0!
b1100000000000000 #
1'
b10 )
b1110 +
1,
b10000 -
06
b1100000000000000 8
19
#16895000
1!
b1000000000000000 $
b1111 %
1&
b10 (
b1111 1
b101 2
16
b11010010100 :
b110011110 <
b110011101 =
b11000110011110 >
b110011101 @
b1100000000000000 K
b1111 L
1M
1N
#16900000
0!
b100000000000000 #
b11 )
b1110 +
1,
b10000 -
06
b100000000000000 8
#16905000
1!
b0 $
b1111 %
0&
b11 (
b10000 1
b1 3
16
b11010010101 :
b100000000000000 K
#16910000
0!
0'
b0 )
06
09
#16915000
1!
b0 $
b1111 %
0&
b0 (
b1 )
b10000 1
b0 3
16
b11010010110 :
0M
0N
#16920000
0!
b1100000000000000 #
b1 )
b1110 +
1,
b10000 -
06
b1100000000000000 8
#16925000
1!
b0 $
b1110 %
1&
b1 (
b1110 *
b10000 1
16
b11010010111 :
b110011111 <
b1100000000000000 K
#16930000
0!
1'
b10 )
06
19
#16935000
1!
b100000000000000 $
b1110 %
1&
b10 (
b1110 1
b100 2
16
b11010011000 :
b110011110 =
b11000110100010 >
b110011110 @
b1110 L
1M
1N
#16940000
0!
b1000000000000000 #
b11 )
b1111 +
1,
b10000 -
06
b1000000000000000 8
#16945000
1!
b0 $
b1110 %
0&
b11 (
b10000 1
b1 3
16
b11010011001 :
b1000000000000000 K
#16950000
0!
0'
b0 )
06
09
#16955000
1!
b0 $
b1110 %
0&
b0 (
b1 )
b10000 1
b0 3
16
b11010011010 :
0M
0N
#16960000
0!
06
#16965000
1!
b0 $
b1111 %
1&
b1 (
b1111 *
b10000 1
16
b11010011011 :
#16970000
0!
b1100000000000000 #
1'
b10 )
b1110 +
1,
b10000 -
06
b1100000000000000 8
19
#16975000
1!
b1000000000000000 $
b1111 %
1&
b10 (
b1111 1
b101 2
16
b11010011100 :
b110100000 <
b110011111 =
b11000110100111 >
b110011111 @
b1100000000000000 K
b1111 L
1M
1N
#16980000
0!
b100000000000000 #
b11 )
b1110 +
1,
b10000 -
06
b100000000000000 8
#16985000
1!
b0 $
b1111 %
0&
b11 (
b10000 1
b1 3
16
b11010011101 :
b100000000000000 K
#16990000
0!
0'
b0 )
06
09
#16995000
1!
b0 $
b1111 %
0&
b0 (
b1 )
b10000 1
b0 3
16
b11010011110 :
0M
0N
#17000000
0!
b1100000000000000 #
b1 )
b1110 +
1,
b10000 -
06
b1100000000000000 8
#17005000
1!
b0 $
b1110 %
1&
b1 (
b1110 *
b10000 1
16
b11010011111 :
b110100001 <
b1100000000000000 K
#17010000
0!
1'
b10 )
06
19
#17015000
1!
b100000000000000 $
b1110 %
1&
b10 (
b1110 1
b100 2
16
b11010100000 :
b110100000 =
b11000110101011 >
b110100000 @
b1110 L
1M
1N
#17020000
0!
b1000000000000000 #
b11 )
b1111 +
1,
b10000 -
06
b1000000000000000 8
#17025000
1!
b0 $
b1110 %
0&
b11 (
b10000 1
b1 3
16
b11010100001 :
b1000000000000000 K
#17030000
0!
0'
b0 )
06
09
#17035000
1!
b0 $
b1110 %
0&
b0 (
b1 )
b10000 1
b0 3
16
b11010100010 :
0M
0N
#17040000
0!
06
#17045000
1!
b0 $
b1111 %
1&
b1 (
b1111 *
b10000 1
16
b11010100011 :
#17050000
0!
b1100000000000000 #
1'
b10 )
b1110 +
1,
b10000 -
06
b1100000000000000 8
19
#17055000
1!
b1000000000000000 $
b1111 %
1&
b10 (
b1111 1
b101 2
16
b11010100100 :
b110100010 <
b110100001 =
b11000110110000 >
b110100001 @
b1100000000000000 K
b1111 L
1M
1N
#17060000
0!
b100000000000000 #
b11 )
b1110 +
1,
b10000 -
06
b100000000000000 8
#17065000
1!
b0 $
b1111 %
0&
b11 (
b10000 1
b1 3
16
b11010100101 :
b100000000000000 K
#17070000
0!
0'
b0 )
06
09
#17075000
1!
b0 $
b1111 %
0&
b0 (
b1 )
b10000 1
b0 3
16
b11010100110 :
0M
0N
#17080000
0!
b1100000000000000 #
b1 )
b1110 +
1,
b10000 -
06
b1100000000000000 8
#17085000
1!
b0 $
b1110 %
1&
b1 (
b1110 *
b10000 1
16
b11010100111 :
b110100011 <
b1100000000000000 K
#17090000
0!
1'
b10 )
06
19
#17095000
1!
b100000000000000 $
b1110 %
1&
b10 (
b1110 1
b100 2
16
b11010101000 :
b110100010 =
b11000110110100 >
b110100010 @
b1110 L
1M
1N
#17100000
0!
b1000000000000000 #
b11 )
b1111 +
1,
b10000 -
06
b1000000000000000 8
#17105000
1!
b0 $
b1110 %
0&
b11 (
b10000 1
b1 3
16
b11010101001 :
b1000000000000000 K
#17110000
0!
0'
b0 )
06
09
#17115000
1!
b0 $
b1110 %
0&
b0 (
b1 )
b10000 1
b0 3
16
b11010101010 :
0M
0N
#17120000
0!
06
#17125000
1!
b0 $
b1111 %
1&
b1 (
b1111 *
b10000 1
16
b11010101011 :
#17130000
0!
b1100000000000000 #
1'
b10 )
b1110 +
1,
b10000 -
06
b1100000000000000 8
19
#17135000
1!
b1000000000000000 $
b1111 %
1&
b10 (
b1111 1
b101 2
16
b11010101100 :
b110100100 <
b110100011 =
b11000110111001 >
b110100011 @
b1100000000000000 K
b1111 L
1M
1N
#17140000
0!
b100000000000000 #
b11 )
b1110 +
1,
b10000 -
06
b100000000000000 8
#17145000
1!
b0 $
b1111 %
0&
b11 (
b10000 1
b1 3
16
b11010101101 :
b100000000000000 K
#17150000
0!
0'
b0 )
06
09
#17155000
1!
b0 $
b1111 %
0&
b0 (
b1 )
b10000 1
b0 3
16
b11010101110 :
0M
0N
#17160000
0!
b1100000000000000 #
b1 )
b1110 +
1,
b10000 -
06
b1100000000000000 8
#17165000
1!
b0 $
b1110 %
1&
b1 (
b1110 *
b10000 1
16
b11010101111 :
b110100101 <
b1100000000000000 K
#17170000
0!
1'
b10 )
06
19
#17175000
1!
b100000000000000 $
b1110 %
1&
b10 (
b1110 1
b100 2
16
b11010110000 :
b110100100 =
b11000110111101 >
b110100100 @
b1110 L
1M
1N
#17180000
0!
b1000000000000000 #
b11 )
b1111 +
1,
b10000 -
06
b1000000000000000 8
#17185000
1!
b0 $
b1110 %
0&
b11 (
b10000 1
b1 3
16
b11010110001 :
b1000000000000000 K
#17190000
0!
0'
b0 )
06
09
#17195000
1!
b0 $
b1110 %
0&
b0 (
b1 )
b10000 1
b0 3
16
b11010110010 :
0M
0N
#17200000
0!
06
#17205000
1!
b0 $
b1111 %
1&
b1 (
b1111 *
b10000 1
16
b11010110011 :
#17210000
0!
b1100000000000000 #
1'
b10 )
b1110 +
1,
b10000 -
06
b1100000000000000 8
19
#17215000
1!
b1000000000000000 $
b1111 %
1&
b10 (
b1111 1
b101 2
16
b11010110100 :
b110100110 <
b110100101 =
b11000111000010 >
b110100101 @
b1100000000000000 K
b1111 L
1M
1N
#17220000
0!
b100000000000000 #
b11 )
b1110 +
1,
b10000 -
06
b100000000000000 8
#17225000
1!
b0 $
b1111 %
0&
b11 (
b10000 1
b1 3
16
b11010110101 :
b100000000000000 K
#17230000
0!
0'
b0 )
06
09
#17235000
1!
b0 $
b1111 %
0&
b0 (
b1 )
b10000 1
b0 3
16
b11010110110 :
0M
0N
#17240000
0!
b1100000000000000 #
b1 )
b1110 +
1,
b10000 -
06
b1100000000000000 8
#17245000
1!
b0 $
b1110 %
1&
b1 (
b1110 *
b10000 1
16
b11010110111 :
b110100111 <
b1100000000000000 K
#17250000
0!
1'
b10 )
06
19
#17255000
1!
b100000000000000 $
b1110 %
1&
b10 (
b1110 1
b100 2
16
b11010111000 :
b110100110 =
b11000111000110 >
b110100110 @
b1110 L
1M
1N
#17260000
0!
b1000000000000000 #
b11 )
b1111 +
1,
b10000 -
06
b1000000000000000 8
#17265000
1!
b0 $
b1110 %
0&
b11 (
b10000 1
b1 3
16
b11010111001 :
b1000000000000000 K
#17270000
0!
0'
b0 )
06
09
#17275000
1!
b0 $
b1110 %
0&
b0 (
b1 )
b10000 1
b0 3
16
b11010111010 :
0M
0N
#17280000
0!
06
#17285000
1!
b0 $
b1111 %
1&
b1 (
b1111 *
b10000 1
16
b11010111011 :
#17290000
0!
b1100000000000000 #
1'
b10 )
b1110 +
1,
b10000 -
06
b1100000000000000 8
19
#17295000
1!
b1000000000000000 $
b1111 %
1&
b10 (
b1111 1
b101 2
16
b11010111100 :
b110101000 <
b110100111 =
b11000111001011 >
b110100111 @
b1100000000000000 K
b1111 L
1M
1N
#17300000
0!
b100000000000000 #
b11 )
b1110 +
1,
b10000 -
06
b100000000000000 8
#17305000
1!
b0 $
b1111 %
0&
b11 (
b10000 1
b1 3
16
b11010111101 :
b100000000000000 K
#17310000
0!
0'
b0 )
06
09
#17315000
1!
b0 $
b1111 %
0&
b0 (
b1 )
b10000 1
b0 3
16
b11010111110 :
0M
0N
#17320000
0!
b1100000000000000 #
b1 )
b1110 +
1,
b10000 -
06
b1100000000000000 8
#17325000
1!
b0 $
b1110 %
1&
b1 (
b1110 *
b10000 1
16
b11010111111 :
b110101001 <
b1100000000000000 K
#17330000
0!
1'
b10 )
06
19
#17335000
1!
b100000000000000 $
b1110 %
1&
b10 (
b1110 1
b100 2
16
b11011000000 :
b110101000 =
b11000111001111 >
b110101000 @
b1110 L
1M
1N
#17340000
0!
b1000000000000000 #
b11 )
b1111 +
1,
b10000 -
06
b1000000000000000 8
#17345000
1!
b0 $
b1110 %
0&
b11 (
b10000 1
b1 3
16
b11011000001 :
b1000000000000000 K
#17350000
0!
0'
b0 )
06
09
#17355000
1!
b0 $
b1110 %
0&
b0 (
b1 )
b10000 1
b0 3
16
b11011000010 :
0M
0N
#17360000
0!
06
#17365000
1!
b0 $
b1111 %
1&
b1 (
b1111 *
b10000 1
16
b11011000011 :
#17370000
0!
b1100000000000000 #
1'
b10 )
b1110 +
1,
b10000 -
06
b1100000000000000 8
19
#17375000
1!
b1000000000000000 $
b1111 %
1&
b10 (
b1111 1
b101 2
16
b11011000100 :
b110101010 <
b110101001 =
b11000111010100 >
b110101001 @
b1100000000000000 K
b1111 L
1M
1N
#17380000
0!
b100000000000000 #
b11 )
b1110 +
1,
b10000 -
06
b100000000000000 8
#17385000
1!
b0 $
b1111 %
0&
b11 (
b10000 1
b1 3
16
b11011000101 :
b100000000000000 K
#17390000
0!
0'
b0 )
06
09
#17395000
1!
b0 $
b1111 %
0&
b0 (
b1 )
b10000 1
b0 3
16
b11011000110 :
0M
0N
#17400000
0!
b1100000000000000 #
b1 )
b1110 +
1,
b10000 -
06
b1100000000000000 8
#17405000
1!
b0 $
b1110 %
1&
b1 (
b1110 *
b10000 1
16
b11011000111 :
b110101011 <
b1100000000000000 K
#17410000
0!
1'
b10 )
06
19
#17415000
1!
b100000000000000 $
b1110 %
1&
b10 (
b1110 1
b100 2
16
b11011001000 :
b110101010 =
b11000111011000 >
b110101010 @
b1110 L
1M
1N
#17420000
0!
b1000000000000000 #
b11 )
b1111 +
1,
b10000 -
06
b1000000000000000 8
#17425000
1!
b0 $
b1110 %
0&
b11 (
b10000 1
b1 3
16
b11011001001 :
b1000000000000000 K
#17430000
0!
0'
b0 )
06
09
#17435000
1!
b0 $
b1110 %
0&
b0 (
b1 )
b10000 1
b0 3
16
b11011001010 :
0M
0N
#17440000
0!
06
#17445000
1!
b0 $
b1111 %
1&
b1 (
b1111 *
b10000 1
16
b11011001011 :
#17450000
0!
b1100000000000000 #
1'
b10 )
b1110 +
1,
b10000 -
06
b1100000000000000 8
19
#17455000
1!
b1000000000000000 $
b1111 %
1&
b10 (
b1111 1
b101 2
16
b11011001100 :
b110101100 <
b110101011 =
b11000111011101 >
b110101011 @
b1100000000000000 K
b1111 L
1M
1N
#17460000
0!
b100000000000000 #
b11 )
b1110 +
1,
b10000 -
06
b100000000000000 8
#17465000
1!
b0 $
b1111 %
0&
b11 (
b10000 1
b1 3
16
b11011001101 :
b100000000000000 K
#17470000
0!
0'
b0 )
06
09
#17475000
1!
b0 $
b1111 %
0&
b0 (
b1 )
b10000 1
b0 3
16
b11011001110 :
0M
0N
#17480000
0!
b1100000000000000 #
b1 )
b1110 +
1,
b10000 -
06
b1100000000000000 8
#17485000
1!
b0 $
b1110 %
1&
b1 (
b1110 *
b10000 1
16
b11011001111 :
b110101101 <
b1100000000000000 K
#17490000
0!
1'
b10 )
06
19
#17495000
1!
b100000000000000 $
b1110 %
1&
b10 (
b1110 1
b100 2
16
b11011010000 :
b110101100 =
b11000111100001 >
b110101100 @
b1110 L
1M
1N
#17500000
0!
b1000000000000000 #
b11 )
b1111 +
1,
b10000 -
06
b1000000000000000 8
#17505000
1!
b0 $
b1110 %
0&
b11 (
b10000 1
b1 3
16
b11011010001 :
b1000000000000000 K
#17510000
0!
0'
b0 )
06
09
#17515000
1!
b0 $
b1110 %
0&
b0 (
b1 )
b10000 1
b0 3
16
b11011010010 :
0M
0N
#17520000
0!
06
#17525000
1!
b0 $
b1111 %
1&
b1 (
b1111 *
b10000 1
16
b11011010011 :
#17530000
0!
b1100000000000000 #
1'
b10 )
b1110 +
1,
b10000 -
06
b1100000000000000 8
19
#17535000
1!
b1000000000000000 $
b1111 %
1&
b10 (
b1111 1
b101 2
16
b11011010100 :
b110101110 <
b110101101 =
b11000111100110 >
b110101101 @
b1100000000000000 K
b1111 L
1M
1N
#17540000
0!
b100000000000000 #
b11 )
b1110 +
1,
b10000 -
06
b100000000000000 8
#17545000
1!
b0 $
b1111 %
0&
b11 (
b10000 1
b1 3
16
b11011010101 :
b100000000000000 K
#17550000
0!
0'
b0 )
06
09
#17555000
1!
b0 $
b1111 %
0&
b0 (
b1 )
b10000 1
b0 3
16
b11011010110 :
0M
0N
#17560000
0!
b1100000000000000 #
b1 )
b1110 +
1,
b10000 -
06
b1100000000000000 8
#17565000
1!
b0 $
b1110 %
1&
b1 (
b1110 *
b10000 1
16
b11011010111 :
b110101111 <
b1100000000000000 K
#17570000
0!
1'
b10 )
06
19
#17575000
1!
b100000000000000 $
b1110 %
1&
b10 (
b1110 1
b100 2
16
b11011011000 :
b110101110 =
b11000111101010 >
b110101110 @
b1110 L
1M
1N
#17580000
0!
b1000000000000000 #
b11 )
b1111 +
1,
b10000 -
06
b1000000000000000 8
#17585000
1!
b0 $
b1110 %
0&
b11 (
b10000 1
b1 3
16
b11011011001 :
b1000000000000000 K
#17590000
0!
0'
b0 )
06
09
#17595000
1!
b0 $
b1110 %
0&
b0 (
b1 )
b10000 1
b0 3
16
b11011011010 :
0M
0N
#17600000
0!
06
#17605000
1!
b0 $
b1111 %
1&
b1 (
b1111 *
b10000 1
16
b11011011011 :
#17610000
0!
1'
b10 )
06
19
#17615000
1!
b1000000000000000 $
b1111 %
1&
b10 (
b1111 1
b101 2
16
b11011011100 :
b110101111 =
b11000111101111 >
b110101111 @
b1111 L
1M
1N
#17620000
0!
b0 #
b11 )
b0 +
0,
b10000 -
06
b0 8
#17625000
1!
b0 $
b1111 %
0&
b11 (
b10000 1
b1 3
16
b11011011101 :
b0 K
#17630000
0!
0'
b0 )
06
09
#17635000
1!
b0 $
b1111 %
0&
b0 (
b10000 1
b0 3
16
b11011011110 :
0M
0N
#17640000
0!
06
#17645000
1!
b10000 1
16
b11011011111 :
#17650000
0!
06
#17655000
1!
b10000 1
16
b11011100000 :
#17660000
0!
06
#17665000
1!
b10000 1
16
b11011100001 :
#17670000
0!
06
#17675000
1!
b10000 1
16
b11011100010 :
b10000 H
