###############################################################
#  Generated by:      Cadence Innovus 23.14-s088_1
#  OS:                Linux x86_64(Host ID <REMOTE_HOST>)
#  Generated on:      Wed Aug 26 16:56:18 2026
#  Design:            aer_pending_direct_gray_scr_onehot_tree
#  Command:           report_timing -max_paths 100 > [file join $report_dir postroute_setup_timing.rpt]
###############################################################
Path 1: MET Setup Check with Pin req_sync_q_reg[15]/CK 
Endpoint:   req_sync_q_reg[15]/D (^) checked with  leading edge of 'clk'
Beginpoint: req_meta_q_reg[15]/Q (^) triggered by  leading edge of '@'
Path Groups: {clk}
Analysis View: setup_view
Other End Arrival Time          0.001
- Setup                         0.143
+ Path Delay                    0.800
- Uncertainty                   0.200
= Required Time                 0.458
- Arrival Time                  0.000
= Slack Time                    0.458
     Clock Rise Edge                      0.000
     = Beginpoint Arrival Time            0.000
     +-----------------------------------------------------------------+ 
     |      Instance      | Arc |  Cell   | Delay | Arrival | Required | 
     |                    |     |         |       |  Time   |   Time   | 
     |--------------------+-----+---------+-------+---------+----------| 
     | req_meta_q_reg[15] | Q ^ |         |       |   0.000 |    0.458 | 
     | req_sync_q_reg[15] | D ^ | DFFHQX1 | 0.000 |   0.000 |    0.458 | 
     +-----------------------------------------------------------------+ 
Path 2: MET Setup Check with Pin req_sync_q_reg[12]/CK 
Endpoint:   req_sync_q_reg[12]/D (^) checked with  leading edge of 'clk'
Beginpoint: req_meta_q_reg[12]/Q (^) triggered by  leading edge of '@'
Path Groups: {clk}
Analysis View: setup_view
Other End Arrival Time          0.001
- Setup                         0.133
+ Path Delay                    0.800
- Uncertainty                   0.200
= Required Time                 0.468
- Arrival Time                  0.000
= Slack Time                    0.468
     Clock Rise Edge                      0.000
     = Beginpoint Arrival Time            0.000
     +-----------------------------------------------------------------+ 
     |      Instance      | Arc |  Cell   | Delay | Arrival | Required | 
     |                    |     |         |       |  Time   |   Time   | 
     |--------------------+-----+---------+-------+---------+----------| 
     | req_meta_q_reg[12] | Q ^ |         |       |   0.000 |    0.468 | 
     | req_sync_q_reg[12] | D ^ | DFFHQX1 | 0.000 |   0.000 |    0.468 | 
     +-----------------------------------------------------------------+ 
Path 3: MET Setup Check with Pin req_sync_q_reg[10]/CK 
Endpoint:   req_sync_q_reg[10]/D (^) checked with  leading edge of 'clk'
Beginpoint: req_meta_q_reg[10]/Q (^) triggered by  leading edge of '@'
Path Groups: {clk}
Analysis View: setup_view
Other End Arrival Time          0.001
- Setup                         0.131
+ Path Delay                    0.800
- Uncertainty                   0.200
= Required Time                 0.470
- Arrival Time                  0.000
= Slack Time                    0.470
     Clock Rise Edge                      0.000
     = Beginpoint Arrival Time            0.000
     +-----------------------------------------------------------------+ 
     |      Instance      | Arc |  Cell   | Delay | Arrival | Required | 
     |                    |     |         |       |  Time   |   Time   | 
     |--------------------+-----+---------+-------+---------+----------| 
     | req_meta_q_reg[10] | Q ^ |         |       |   0.000 |    0.470 | 
     | req_sync_q_reg[10] | D ^ | DFFHQX1 | 0.000 |   0.000 |    0.470 | 
     +-----------------------------------------------------------------+ 
Path 4: MET Setup Check with Pin req_sync_q_reg[4]/CK 
Endpoint:   req_sync_q_reg[4]/D (^) checked with  leading edge of 'clk'
Beginpoint: req_meta_q_reg[4]/Q (^) triggered by  leading edge of '@'
Path Groups: {clk}
Analysis View: setup_view
Other End Arrival Time          0.001
- Setup                         0.129
+ Path Delay                    0.800
- Uncertainty                   0.200
= Required Time                 0.471
- Arrival Time                  0.000
= Slack Time                    0.471
     Clock Rise Edge                      0.000
     = Beginpoint Arrival Time            0.000
     +----------------------------------------------------------------+ 
     |     Instance      | Arc |  Cell   | Delay | Arrival | Required | 
     |                   |     |         |       |  Time   |   Time   | 
     |-------------------+-----+---------+-------+---------+----------| 
     | req_meta_q_reg[4] | Q ^ |         |       |   0.000 |    0.471 | 
     | req_sync_q_reg[4] | D ^ | DFFHQX1 | 0.000 |   0.000 |    0.471 | 
     +----------------------------------------------------------------+ 
Path 5: MET Setup Check with Pin req_sync_q_reg[5]/CK 
Endpoint:   req_sync_q_reg[5]/D (^) checked with  leading edge of 'clk'
Beginpoint: req_meta_q_reg[5]/Q (^) triggered by  leading edge of '@'
Path Groups: {clk}
Analysis View: setup_view
Other End Arrival Time          0.001
- Setup                         0.129
+ Path Delay                    0.800
- Uncertainty                   0.200
= Required Time                 0.472
- Arrival Time                  0.000
= Slack Time                    0.472
     Clock Rise Edge                      0.000
     = Beginpoint Arrival Time            0.000
     +----------------------------------------------------------------+ 
     |     Instance      | Arc |  Cell   | Delay | Arrival | Required | 
     |                   |     |         |       |  Time   |   Time   | 
     |-------------------+-----+---------+-------+---------+----------| 
     | req_meta_q_reg[5] | Q ^ |         |       |   0.000 |    0.472 | 
     | req_sync_q_reg[5] | D ^ | DFFHQX1 | 0.000 |   0.000 |    0.472 | 
     +----------------------------------------------------------------+ 
Path 6: MET Setup Check with Pin req_sync_q_reg[11]/CK 
Endpoint:   req_sync_q_reg[11]/D (^) checked with  leading edge of 'clk'
Beginpoint: req_meta_q_reg[11]/Q (^) triggered by  leading edge of '@'
Path Groups: {clk}
Analysis View: setup_view
Other End Arrival Time          0.001
- Setup                         0.127
+ Path Delay                    0.800
- Uncertainty                   0.200
= Required Time                 0.474
- Arrival Time                  0.000
= Slack Time                    0.474
     Clock Rise Edge                      0.000
     = Beginpoint Arrival Time            0.000
     +-----------------------------------------------------------------+ 
     |      Instance      | Arc |  Cell   | Delay | Arrival | Required | 
     |                    |     |         |       |  Time   |   Time   | 
     |--------------------+-----+---------+-------+---------+----------| 
     | req_meta_q_reg[11] | Q ^ |         |       |   0.000 |    0.474 | 
     | req_sync_q_reg[11] | D ^ | DFFHQX1 | 0.000 |   0.000 |    0.474 | 
     +-----------------------------------------------------------------+ 
Path 7: MET Setup Check with Pin req_sync_q_reg[9]/CK 
Endpoint:   req_sync_q_reg[9]/D (^) checked with  leading edge of 'clk'
Beginpoint: req_meta_q_reg[9]/Q (^) triggered by  leading edge of '@'
Path Groups: {clk}
Analysis View: setup_view
Other End Arrival Time          0.001
- Setup                         0.127
+ Path Delay                    0.800
- Uncertainty                   0.200
= Required Time                 0.474
- Arrival Time                  0.000
= Slack Time                    0.474
     Clock Rise Edge                      0.000
     = Beginpoint Arrival Time            0.000
     +----------------------------------------------------------------+ 
     |     Instance      | Arc |  Cell   | Delay | Arrival | Required | 
     |                   |     |         |       |  Time   |   Time   | 
     |-------------------+-----+---------+-------+---------+----------| 
     | req_meta_q_reg[9] | Q ^ |         |       |   0.000 |    0.474 | 
     | req_sync_q_reg[9] | D ^ | DFFHQX1 | 0.000 |   0.000 |    0.474 | 
     +----------------------------------------------------------------+ 
Path 8: MET Setup Check with Pin req_sync_q_reg[8]/CK 
Endpoint:   req_sync_q_reg[8]/D (^) checked with  leading edge of 'clk'
Beginpoint: req_meta_q_reg[8]/Q (^) triggered by  leading edge of '@'
Path Groups: {clk}
Analysis View: setup_view
Other End Arrival Time          0.001
- Setup                         0.126
+ Path Delay                    0.800
- Uncertainty                   0.200
= Required Time                 0.475
- Arrival Time                  0.000
= Slack Time                    0.475
     Clock Rise Edge                      0.000
     = Beginpoint Arrival Time            0.000
     +----------------------------------------------------------------+ 
     |     Instance      | Arc |  Cell   | Delay | Arrival | Required | 
     |                   |     |         |       |  Time   |   Time   | 
     |-------------------+-----+---------+-------+---------+----------| 
     | req_meta_q_reg[8] | Q ^ |         |       |   0.000 |    0.475 | 
     | req_sync_q_reg[8] | D ^ | DFFHQX1 | 0.000 |   0.000 |    0.475 | 
     +----------------------------------------------------------------+ 
Path 9: MET Setup Check with Pin req_sync_q_reg[0]/CK 
Endpoint:   req_sync_q_reg[0]/D (^) checked with  leading edge of 'clk'
Beginpoint: req_meta_q_reg[0]/Q (^) triggered by  leading edge of '@'
Path Groups: {clk}
Analysis View: setup_view
Other End Arrival Time          0.001
- Setup                         0.125
+ Path Delay                    0.800
- Uncertainty                   0.200
= Required Time                 0.475
- Arrival Time                  0.000
= Slack Time                    0.475
     Clock Rise Edge                      0.000
     = Beginpoint Arrival Time            0.000
     +----------------------------------------------------------------+ 
     |     Instance      | Arc |  Cell   | Delay | Arrival | Required | 
     |                   |     |         |       |  Time   |   Time   | 
     |-------------------+-----+---------+-------+---------+----------| 
     | req_meta_q_reg[0] | Q ^ |         |       |   0.000 |    0.475 | 
     | req_sync_q_reg[0] | D ^ | DFFHQX1 | 0.000 |   0.000 |    0.475 | 
     +----------------------------------------------------------------+ 
Path 10: MET Setup Check with Pin req_sync_q_reg[3]/CK 
Endpoint:   req_sync_q_reg[3]/D (^) checked with  leading edge of 'clk'
Beginpoint: req_meta_q_reg[3]/Q (^) triggered by  leading edge of '@'
Path Groups: {clk}
Analysis View: setup_view
Other End Arrival Time          0.001
- Setup                         0.125
+ Path Delay                    0.800
- Uncertainty                   0.200
= Required Time                 0.476
- Arrival Time                  0.000
= Slack Time                    0.476
     Clock Rise Edge                      0.000
     = Beginpoint Arrival Time            0.000
     +----------------------------------------------------------------+ 
     |     Instance      | Arc |  Cell   | Delay | Arrival | Required | 
     |                   |     |         |       |  Time   |   Time   | 
     |-------------------+-----+---------+-------+---------+----------| 
     | req_meta_q_reg[3] | Q ^ |         |       |   0.000 |    0.476 | 
     | req_sync_q_reg[3] | D ^ | DFFHQX1 | 0.000 |   0.000 |    0.476 | 
     +----------------------------------------------------------------+ 
Path 11: MET Setup Check with Pin req_sync_q_reg[6]/CK 
Endpoint:   req_sync_q_reg[6]/D (^) checked with  leading edge of 'clk'
Beginpoint: req_meta_q_reg[6]/Q (^) triggered by  leading edge of '@'
Path Groups: {clk}
Analysis View: setup_view
Other End Arrival Time          0.001
- Setup                         0.123
+ Path Delay                    0.800
- Uncertainty                   0.200
= Required Time                 0.478
- Arrival Time                  0.000
= Slack Time                    0.478
     Clock Rise Edge                      0.000
     = Beginpoint Arrival Time            0.000
     +----------------------------------------------------------------+ 
     |     Instance      | Arc |  Cell   | Delay | Arrival | Required | 
     |                   |     |         |       |  Time   |   Time   | 
     |-------------------+-----+---------+-------+---------+----------| 
     | req_meta_q_reg[6] | Q ^ |         |       |   0.000 |    0.478 | 
     | req_sync_q_reg[6] | D ^ | DFFHQX1 | 0.000 |   0.000 |    0.478 | 
     +----------------------------------------------------------------+ 
Path 12: MET Setup Check with Pin req_sync_q_reg[13]/CK 
Endpoint:   req_sync_q_reg[13]/D (^) checked with  leading edge of 'clk'
Beginpoint: req_meta_q_reg[13]/Q (^) triggered by  leading edge of '@'
Path Groups: {clk}
Analysis View: setup_view
Other End Arrival Time          0.001
- Setup                         0.123
+ Path Delay                    0.800
- Uncertainty                   0.200
= Required Time                 0.478
- Arrival Time                  0.000
= Slack Time                    0.478
     Clock Rise Edge                      0.000
     = Beginpoint Arrival Time            0.000
     +-----------------------------------------------------------------+ 
     |      Instance      | Arc |  Cell   | Delay | Arrival | Required | 
     |                    |     |         |       |  Time   |   Time   | 
     |--------------------+-----+---------+-------+---------+----------| 
     | req_meta_q_reg[13] | Q ^ |         |       |   0.000 |    0.478 | 
     | req_sync_q_reg[13] | D ^ | DFFHQX1 | 0.000 |   0.000 |    0.478 | 
     +-----------------------------------------------------------------+ 
Path 13: MET Setup Check with Pin req_sync_q_reg[1]/CK 
Endpoint:   req_sync_q_reg[1]/D (^) checked with  leading edge of 'clk'
Beginpoint: req_meta_q_reg[1]/Q (^) triggered by  leading edge of '@'
Path Groups: {clk}
Analysis View: setup_view
Other End Arrival Time          0.001
- Setup                         0.123
+ Path Delay                    0.800
- Uncertainty                   0.200
= Required Time                 0.478
- Arrival Time                  0.000
= Slack Time                    0.478
     Clock Rise Edge                      0.000
     = Beginpoint Arrival Time            0.000
     +----------------------------------------------------------------+ 
     |     Instance      | Arc |  Cell   | Delay | Arrival | Required | 
     |                   |     |         |       |  Time   |   Time   | 
     |-------------------+-----+---------+-------+---------+----------| 
     | req_meta_q_reg[1] | Q ^ |         |       |   0.000 |    0.478 | 
     | req_sync_q_reg[1] | D ^ | DFFHQX1 | 0.000 |   0.000 |    0.478 | 
     +----------------------------------------------------------------+ 
Path 14: MET Setup Check with Pin req_sync_q_reg[7]/CK 
Endpoint:   req_sync_q_reg[7]/D (^) checked with  leading edge of 'clk'
Beginpoint: req_meta_q_reg[7]/Q (^) triggered by  leading edge of '@'
Path Groups: {clk}
Analysis View: setup_view
Other End Arrival Time          0.001
- Setup                         0.122
+ Path Delay                    0.800
- Uncertainty                   0.200
= Required Time                 0.478
- Arrival Time                  0.000
= Slack Time                    0.478
     Clock Rise Edge                      0.000
     = Beginpoint Arrival Time            0.000
     +----------------------------------------------------------------+ 
     |     Instance      | Arc |  Cell   | Delay | Arrival | Required | 
     |                   |     |         |       |  Time   |   Time   | 
     |-------------------+-----+---------+-------+---------+----------| 
     | req_meta_q_reg[7] | Q ^ |         |       |   0.000 |    0.478 | 
     | req_sync_q_reg[7] | D ^ | DFFHQX1 | 0.000 |   0.000 |    0.478 | 
     +----------------------------------------------------------------+ 
Path 15: MET Setup Check with Pin req_sync_q_reg[2]/CK 
Endpoint:   req_sync_q_reg[2]/D (^) checked with  leading edge of 'clk'
Beginpoint: req_meta_q_reg[2]/Q (^) triggered by  leading edge of '@'
Path Groups: {clk}
Analysis View: setup_view
Other End Arrival Time          0.001
- Setup                         0.122
+ Path Delay                    0.800
- Uncertainty                   0.200
= Required Time                 0.479
- Arrival Time                  0.000
= Slack Time                    0.479
     Clock Rise Edge                      0.000
     = Beginpoint Arrival Time            0.000
     +----------------------------------------------------------------+ 
     |     Instance      | Arc |  Cell   | Delay | Arrival | Required | 
     |                   |     |         |       |  Time   |   Time   | 
     |-------------------+-----+---------+-------+---------+----------| 
     | req_meta_q_reg[2] | Q ^ |         |       |   0.000 |    0.479 | 
     | req_sync_q_reg[2] | D ^ | DFFHQX1 | 0.000 |   0.000 |    0.479 | 
     +----------------------------------------------------------------+ 
Path 16: MET Setup Check with Pin req_sync_q_reg[14]/CK 
Endpoint:   req_sync_q_reg[14]/D (^) checked with  leading edge of 'clk'
Beginpoint: req_meta_q_reg[14]/Q (^) triggered by  leading edge of '@'
Path Groups: {clk}
Analysis View: setup_view
Other End Arrival Time          0.001
- Setup                         0.119
+ Path Delay                    0.800
- Uncertainty                   0.200
= Required Time                 0.482
- Arrival Time                  0.000
= Slack Time                    0.482
     Clock Rise Edge                      0.000
     = Beginpoint Arrival Time            0.000
     +-----------------------------------------------------------------+ 
     |      Instance      | Arc |  Cell   | Delay | Arrival | Required | 
     |                    |     |         |       |  Time   |   Time   | 
     |--------------------+-----+---------+-------+---------+----------| 
     | req_meta_q_reg[14] | Q ^ |         |       |   0.000 |    0.482 | 
     | req_sync_q_reg[14] | D ^ | DFFHQX1 | 0.000 |   0.000 |    0.482 | 
     +-----------------------------------------------------------------+ 
Path 17: MET Setup Check with Pin reset_release_q_reg[1]/CK 
Endpoint:   reset_release_q_reg[1]/D (^) checked with  leading edge of 'clk'
Beginpoint: reset_release_q_reg[0]/Q (^) triggered by  leading edge of '@'
Path Groups: {clk}
Analysis View: setup_view
Other End Arrival Time          0.001
- Setup                         0.126
+ Path Delay                    1.000
- Uncertainty                   0.200
= Required Time                 0.675
- Arrival Time                  0.000
= Slack Time                    0.675
     Clock Rise Edge                      0.000
     = Beginpoint Arrival Time            0.000
     +--------------------------------------------------------------------+ 
     |        Instance        | Arc |  Cell  | Delay | Arrival | Required | 
     |                        |     |        |       |  Time   |   Time   | 
     |------------------------+-----+--------+-------+---------+----------| 
     | reset_release_q_reg[0] | Q ^ |        |       |   0.000 |    0.675 | 
     | reset_release_q_reg[1] | D ^ | DFFRX1 | 0.000 |   0.000 |    0.675 | 
     +--------------------------------------------------------------------+ 
Path 18: MET Setup Check with Pin out_addr_q_reg[0]/CK 
Endpoint:   out_addr_q_reg[0]/D (v) checked with  leading edge of 'clk'
Beginpoint: ack_q_reg[1]/Q      (^) triggered by  leading edge of 'clk'
Path Groups: {clk}
Analysis View: setup_view
Other End Arrival Time          0.001
- Setup                         0.087
+ Phase Shift                  10.000
- Uncertainty                   0.200
= Required Time                 9.714
- Arrival Time                  2.159
= Slack Time                    7.555
     Clock Rise Edge                 0.000
     + Clock Network Latency (Prop)  -0.000
     = Beginpoint Arrival Time       -0.000
     +--------------------------------------------------------------------------+ 
     |     Instance      |     Arc     |   Cell    | Delay | Arrival | Required | 
     |                   |             |           |       |  Time   |   Time   | 
     |-------------------+-------------+-----------+-------+---------+----------| 
     | ack_q_reg[1]      | CK ^        |           |       |  -0.000 |    7.554 | 
     | ack_q_reg[1]      | CK ^ -> Q ^ | DFFQXL    | 0.179 |   0.178 |    7.733 | 
     | g6200             | A ^ -> Y v  | INVX1     | 0.063 |   0.242 |    7.796 | 
     | g6094__8428       | A1 v -> Y ^ | AOI21X1   | 0.117 |   0.359 |    7.914 | 
     | g6068__1666       | B ^ -> Y v  | NAND2X1   | 0.160 |   0.519 |    8.074 | 
     | g6037__5115       | A v -> Y ^  | NOR4X1    | 0.267 |   0.786 |    8.341 | 
     | g6034__5526       | B0 ^ -> Y v | AOI21X1   | 0.158 |   0.944 |    8.498 | 
     | g6031__6260       | B v -> Y ^  | NAND2X1   | 0.106 |   1.050 |    8.605 | 
     | g6030             | A ^ -> Y v  | INVX1     | 0.054 |   1.103 |    8.658 | 
     | g6020__7482       | C0 v -> Y ^ | OAI211X1  | 0.035 |   1.139 |    8.694 | 
     | FE_OFC10_n_157    | A ^ -> Y ^  | BUFX2     | 0.118 |   1.257 |    8.812 | 
     | g5994__5477       | C0 ^ -> Y v | AOI211XL  | 0.055 |   1.312 |    8.867 | 
     | g2                | AN v -> Y v | NAND4BX1  | 0.271 |   1.583 |    9.138 | 
     | g5944__6260       | AN v -> Y v | NAND3BX1  | 0.268 |   1.851 |    9.406 | 
     | g5938__5107       | A2 v -> Y ^ | OAI31X1   | 0.184 |   2.035 |    9.590 | 
     | g5937__2398       | B0 ^ -> Y v | OAI2BB1X1 | 0.124 |   2.159 |    9.714 | 
     | out_addr_q_reg[0] | D v         | DFFQXL    | 0.000 |   2.159 |    9.714 | 
     +--------------------------------------------------------------------------+ 
Path 19: MET Setup Check with Pin out_addr_q_reg[1]/CK 
Endpoint:   out_addr_q_reg[1]/D (^) checked with  leading edge of 'clk'
Beginpoint: ack_q_reg[1]/Q      (^) triggered by  leading edge of 'clk'
Path Groups: {clk}
Analysis View: setup_view
Other End Arrival Time          0.001
- Setup                         0.122
+ Phase Shift                  10.000
- Uncertainty                   0.200
= Required Time                 9.679
- Arrival Time                  1.986
= Slack Time                    7.694
     Clock Rise Edge                 0.000
     + Clock Network Latency (Prop)  -0.000
     = Beginpoint Arrival Time       -0.000
     +-------------------------------------------------------------------------+ 
     |     Instance      |     Arc     |   Cell   | Delay | Arrival | Required | 
     |                   |             |          |       |  Time   |   Time   | 
     |-------------------+-------------+----------+-------+---------+----------| 
     | ack_q_reg[1]      | CK ^        |          |       |  -0.000 |    7.693 | 
     | ack_q_reg[1]      | CK ^ -> Q ^ | DFFQXL   | 0.179 |   0.178 |    7.872 | 
     | g6200             | A ^ -> Y v  | INVX1    | 0.063 |   0.242 |    7.935 | 
     | g6094__8428       | A1 v -> Y ^ | AOI21X1  | 0.117 |   0.359 |    8.053 | 
     | g6068__1666       | B ^ -> Y v  | NAND2X1  | 0.160 |   0.519 |    8.213 | 
     | g6037__5115       | A v -> Y ^  | NOR4X1   | 0.267 |   0.786 |    8.479 | 
     | g6033__6783       | A1 ^ -> Y ^ | OA21X1   | 0.252 |   1.038 |    8.732 | 
     | g6028__5107       | C0 ^ -> Y v | OAI211X1 | 0.138 |   1.176 |    8.870 | 
     | FE_OFC9_n_116     | A v -> Y v  | BUFX2    | 0.129 |   1.305 |    8.999 | 
     | g6025             | A v -> Y ^  | INVX1    | 0.036 |   1.341 |    9.035 | 
     | g6019__4733       | C0 ^ -> Y v | OAI211X1 | 0.119 |   1.460 |    9.154 | 
     | FE_OFC5_n_161     | A v -> Y v  | BUFX2    | 0.137 |   1.598 |    9.291 | 
     | g5987__2346       | B v -> Y ^  | NAND4XL  | 0.057 |   1.655 |    9.348 | 
     | FE_OFC11_n_165    | A ^ -> Y ^  | BUFX2    | 0.106 |   1.761 |    9.454 | 
     | FE_OFC8_n_165     | A ^ -> Y ^  | BUFX2    | 0.081 |   1.842 |    9.535 | 
     | g5954__8428       | B ^ -> Y ^  | MX2XL    | 0.144 |   1.986 |    9.679 | 
     | out_addr_q_reg[1] | D ^         | DFFQXL   | 0.000 |   1.986 |    9.679 | 
     +-------------------------------------------------------------------------+ 
Path 20: MET Setup Check with Pin pending_q_reg[15]/CK 
Endpoint:   pending_q_reg[15]/D (v) checked with  leading edge of 'clk'
Beginpoint: ack_q_reg[1]/Q      (^) triggered by  leading edge of 'clk'
Path Groups: {clk}
Analysis View: setup_view
Other End Arrival Time          0.001
- Setup                         0.114
+ Phase Shift                  10.000
- Uncertainty                   0.200
= Required Time                 9.687
- Arrival Time                  1.923
= Slack Time                    7.764
     Clock Rise Edge                 0.000
     + Clock Network Latency (Prop)  -0.000
     = Beginpoint Arrival Time       -0.000
     +-------------------------------------------------------------------------+ 
     |     Instance      |     Arc     |   Cell   | Delay | Arrival | Required | 
     |                   |             |          |       |  Time   |   Time   | 
     |-------------------+-------------+----------+-------+---------+----------| 
     | ack_q_reg[1]      | CK ^        |          |       |  -0.000 |    7.764 | 
     | ack_q_reg[1]      | CK ^ -> Q ^ | DFFQXL   | 0.179 |   0.178 |    7.943 | 
     | g6200             | A ^ -> Y v  | INVX1    | 0.063 |   0.242 |    8.006 | 
     | g6094__8428       | A1 v -> Y ^ | AOI21X1  | 0.117 |   0.359 |    8.123 | 
     | g6068__1666       | B ^ -> Y v  | NAND2X1  | 0.160 |   0.519 |    8.284 | 
     | g6037__5115       | A v -> Y ^  | NOR4X1   | 0.267 |   0.786 |    8.550 | 
     | g6033__6783       | A1 ^ -> Y ^ | OA21X1   | 0.252 |   1.038 |    8.803 | 
     | g6028__5107       | C0 ^ -> Y v | OAI211X1 | 0.138 |   1.176 |    8.940 | 
     | FE_OFC9_n_116     | A v -> Y v  | BUFX2    | 0.129 |   1.305 |    9.070 | 
     | g6025             | A v -> Y ^  | INVX1    | 0.036 |   1.341 |    9.105 | 
     | g6019__4733       | C0 ^ -> Y v | OAI211X1 | 0.119 |   1.460 |    9.225 | 
     | FE_OFC5_n_161     | A v -> Y v  | BUFX2    | 0.137 |   1.598 |    9.362 | 
     | g5999__7410       | C0 v -> Y ^ | AOI211X1 | 0.132 |   1.729 |    9.494 | 
     | g5959__6783       | A1 ^ -> Y v | AOI211XL | 0.193 |   1.923 |    9.687 | 
     | pending_q_reg[15] | D v         | DFFQXL   | 0.000 |   1.923 |    9.687 | 
     +-------------------------------------------------------------------------+ 
Path 21: MET Setup Check with Pin pending_q_reg[13]/CK 
Endpoint:   pending_q_reg[13]/D (v) checked with  leading edge of 'clk'
Beginpoint: ack_q_reg[1]/Q      (^) triggered by  leading edge of 'clk'
Path Groups: {clk}
Analysis View: setup_view
Other End Arrival Time          0.001
- Setup                         0.111
+ Phase Shift                  10.000
- Uncertainty                   0.200
= Required Time                 9.690
- Arrival Time                  1.817
= Slack Time                    7.874
     Clock Rise Edge                 0.000
     + Clock Network Latency (Prop)  -0.000
     = Beginpoint Arrival Time       -0.000
     +-------------------------------------------------------------------------+ 
     |     Instance      |     Arc     |   Cell   | Delay | Arrival | Required | 
     |                   |             |          |       |  Time   |   Time   | 
     |-------------------+-------------+----------+-------+---------+----------| 
     | ack_q_reg[1]      | CK ^        |          |       |  -0.000 |    7.873 | 
     | ack_q_reg[1]      | CK ^ -> Q ^ | DFFQXL   | 0.179 |   0.178 |    8.052 | 
     | g6200             | A ^ -> Y v  | INVX1    | 0.063 |   0.242 |    8.115 | 
     | g6094__8428       | A1 v -> Y ^ | AOI21X1  | 0.117 |   0.359 |    8.233 | 
     | g6068__1666       | B ^ -> Y v  | NAND2X1  | 0.160 |   0.519 |    8.393 | 
     | g6037__5115       | A v -> Y ^  | NOR4X1   | 0.267 |   0.786 |    8.660 | 
     | g6033__6783       | A1 ^ -> Y ^ | OA21X1   | 0.252 |   1.038 |    8.912 | 
     | g6028__5107       | C0 ^ -> Y v | OAI211X1 | 0.138 |   1.176 |    9.050 | 
     | FE_OFC9_n_116     | A v -> Y v  | BUFX2    | 0.129 |   1.305 |    9.179 | 
     | g6017__1666       | B0 v -> Y ^ | AOI21X1  | 0.076 |   1.381 |    9.255 | 
     | g5993__1617       | C0 ^ -> Y v | OAI211X1 | 0.184 |   1.566 |    9.440 | 
     | g5989             | A v -> Y ^  | INVXL    | 0.125 |   1.691 |    9.565 | 
     | g5956__1705       | A1 ^ -> Y v | AOI211XL | 0.126 |   1.817 |    9.690 | 
     | pending_q_reg[13] | D v         | DFFQXL   | 0.000 |   1.817 |    9.690 | 
     +-------------------------------------------------------------------------+ 
Path 22: MET Setup Check with Pin pending_q_reg[14]/CK 
Endpoint:   pending_q_reg[14]/D (v) checked with  leading edge of 'clk'
Beginpoint: ack_q_reg[1]/Q      (^) triggered by  leading edge of 'clk'
Path Groups: {clk}
Analysis View: setup_view
Other End Arrival Time          0.001
- Setup                         0.111
+ Phase Shift                  10.000
- Uncertainty                   0.200
= Required Time                 9.690
- Arrival Time                  1.792
= Slack Time                    7.899
     Clock Rise Edge                 0.000
     + Clock Network Latency (Prop)  -0.000
     = Beginpoint Arrival Time       -0.000
     +--------------------------------------------------------------------------+ 
     |     Instance      |     Arc     |   Cell    | Delay | Arrival | Required | 
     |                   |             |           |       |  Time   |   Time   | 
     |-------------------+-------------+-----------+-------+---------+----------| 
     | ack_q_reg[1]      | CK ^        |           |       |  -0.000 |    7.898 | 
     | ack_q_reg[1]      | CK ^ -> Q ^ | DFFQXL    | 0.179 |   0.178 |    8.077 | 
     | g6200             | A ^ -> Y v  | INVX1     | 0.063 |   0.242 |    8.140 | 
     | g6094__8428       | A1 v -> Y ^ | AOI21X1   | 0.117 |   0.359 |    8.258 | 
     | g6068__1666       | B ^ -> Y v  | NAND2X1   | 0.160 |   0.519 |    8.418 | 
     | g6037__5115       | A v -> Y ^  | NOR4X1    | 0.267 |   0.786 |    8.684 | 
     | g6033__6783       | A1 ^ -> Y ^ | OA21X1    | 0.252 |   1.038 |    8.937 | 
     | g6028__5107       | C0 ^ -> Y v | OAI211X1  | 0.138 |   1.176 |    9.075 | 
     | FE_OFC9_n_116     | A v -> Y v  | BUFX2     | 0.129 |   1.305 |    9.204 | 
     | g6025             | A v -> Y ^  | INVX1     | 0.036 |   1.341 |    9.240 | 
     | g6019__4733       | C0 ^ -> Y v | OAI211X1  | 0.119 |   1.460 |    9.359 | 
     | FE_OFC5_n_161     | A v -> Y v  | BUFX2     | 0.137 |   1.598 |    9.496 | 
     | g6003__5107       | B0 v -> Y ^ | AOI2BB1XL | 0.067 |   1.665 |    9.564 | 
     | g5971__5122       | A1 ^ -> Y v | AOI211XL  | 0.127 |   1.792 |    9.690 | 
     | pending_q_reg[14] | D v         | DFFQXL    | 0.000 |   1.792 |    9.690 | 
     +--------------------------------------------------------------------------+ 
Path 23: MET Setup Check with Pin epoch_gray_q_reg[0]/CK 
Endpoint:   epoch_gray_q_reg[0]/D (^) checked with  leading edge of 'clk'
Beginpoint: out_ready             (^) triggered by  leading edge of 'clk'
Path Groups: {clk}
Analysis View: setup_view
Other End Arrival Time          0.001
- Setup                         0.163
+ Phase Shift                  10.000
- Uncertainty                   0.200
= Required Time                 9.638
- Arrival Time                  1.734
= Slack Time                    7.904
     Clock Rise Edge                      0.000
     + Input Delay                        1.000
     = Beginpoint Arrival Time            1.000
     +---------------------------------------------------------------------------+ 
     |      Instance       |     Arc     |   Cell   | Delay | Arrival | Required | 
     |                     |             |          |       |  Time   |   Time   | 
     |---------------------+-------------+----------+-------+---------+----------| 
     |                     | out_ready ^ |          |       |   1.000 |    8.904 | 
     | g6190__7410         | AN ^ -> Y ^ | NAND2BX1 | 0.059 |   1.059 |    8.964 | 
     | FE_OFC1_n_0         | A ^ -> Y ^  | BUFX2    | 0.144 |   1.203 |    9.108 | 
     | g6021__2398         | B0 ^ -> Y ^ | OA21X1   | 0.221 |   1.425 |    9.329 | 
     | g6349               | B ^ -> Y v  | NAND2BX1 | 0.156 |   1.580 |    9.485 | 
     | g5986__2883         | A1 v -> Y ^ | OAI22XL  | 0.154 |   1.734 |    9.638 | 
     | epoch_gray_q_reg[0] | D ^         | DFFHQX1  | 0.000 |   1.734 |    9.638 | 
     +---------------------------------------------------------------------------+ 
Path 24: MET Setup Check with Pin epoch_gray_q_reg[2]/CK 
Endpoint:   epoch_gray_q_reg[2]/D (^) checked with  leading edge of 'clk'
Beginpoint: out_ready             (^) triggered by  leading edge of 'clk'
Path Groups: {clk}
Analysis View: setup_view
Other End Arrival Time          0.001
- Setup                         0.162
+ Phase Shift                  10.000
- Uncertainty                   0.200
= Required Time                 9.639
- Arrival Time                  1.733
= Slack Time                    7.906
     Clock Rise Edge                      0.000
     + Input Delay                        1.000
     = Beginpoint Arrival Time            1.000
     +---------------------------------------------------------------------------+ 
     |      Instance       |     Arc     |   Cell   | Delay | Arrival | Required | 
     |                     |             |          |       |  Time   |   Time   | 
     |---------------------+-------------+----------+-------+---------+----------| 
     |                     | out_ready ^ |          |       |   1.000 |    8.906 | 
     | g6190__7410         | AN ^ -> Y ^ | NAND2BX1 | 0.059 |   1.059 |    8.966 | 
     | FE_OFC1_n_0         | A ^ -> Y ^  | BUFX2    | 0.144 |   1.203 |    9.110 | 
     | g6021__2398         | B0 ^ -> Y ^ | OA21X1   | 0.221 |   1.424 |    9.331 | 
     | g6349               | B ^ -> Y v  | NAND2BX1 | 0.156 |   1.580 |    9.486 | 
     | g5983__1666         | A1 v -> Y ^ | OAI22XL  | 0.153 |   1.733 |    9.639 | 
     | epoch_gray_q_reg[2] | D ^         | DFFHQX1  | 0.000 |   1.733 |    9.639 | 
     +---------------------------------------------------------------------------+ 
Path 25: MET Setup Check with Pin epoch_gray_q_reg[1]/CK 
Endpoint:   epoch_gray_q_reg[1]/D (^) checked with  leading edge of 'clk'
Beginpoint: out_ready             (^) triggered by  leading edge of 'clk'
Path Groups: {clk}
Analysis View: setup_view
Other End Arrival Time          0.001
- Setup                         0.160
+ Phase Shift                  10.000
- Uncertainty                   0.200
= Required Time                 9.641
- Arrival Time                  1.731
= Slack Time                    7.910
     Clock Rise Edge                      0.000
     + Input Delay                        1.000
     = Beginpoint Arrival Time            1.000
     +---------------------------------------------------------------------------+ 
     |      Instance       |     Arc     |   Cell   | Delay | Arrival | Required | 
     |                     |             |          |       |  Time   |   Time   | 
     |---------------------+-------------+----------+-------+---------+----------| 
     |                     | out_ready ^ |          |       |   1.000 |    8.910 | 
     | g6190__7410         | AN ^ -> Y ^ | NAND2BX1 | 0.059 |   1.059 |    8.969 | 
     | FE_OFC1_n_0         | A ^ -> Y ^  | BUFX2    | 0.144 |   1.203 |    9.113 | 
     | g6021__2398         | B0 ^ -> Y ^ | OA21X1   | 0.221 |   1.424 |    9.335 | 
     | g6349               | B ^ -> Y v  | NAND2BX1 | 0.156 |   1.580 |    9.490 | 
     | g5985__9945         | A1 v -> Y ^ | OAI22XL  | 0.151 |   1.731 |    9.641 | 
     | epoch_gray_q_reg[1] | D ^         | DFFHQX1  | 0.000 |   1.731 |    9.641 | 
     +---------------------------------------------------------------------------+ 
Path 26: MET Setup Check with Pin epoch_gray_q_reg[3]/CK 
Endpoint:   epoch_gray_q_reg[3]/D (^) checked with  leading edge of 'clk'
Beginpoint: out_ready             (^) triggered by  leading edge of 'clk'
Path Groups: {clk}
Analysis View: setup_view
Other End Arrival Time          0.001
- Setup                         0.160
+ Phase Shift                  10.000
- Uncertainty                   0.200
= Required Time                 9.641
- Arrival Time                  1.731
= Slack Time                    7.910
     Clock Rise Edge                      0.000
     + Input Delay                        1.000
     = Beginpoint Arrival Time            1.000
     +---------------------------------------------------------------------------+ 
     |      Instance       |     Arc     |   Cell   | Delay | Arrival | Required | 
     |                     |             |          |       |  Time   |   Time   | 
     |---------------------+-------------+----------+-------+---------+----------| 
     |                     | out_ready ^ |          |       |   1.000 |    8.910 | 
     | g6190__7410         | AN ^ -> Y ^ | NAND2BX1 | 0.059 |   1.059 |    8.970 | 
     | FE_OFC1_n_0         | A ^ -> Y ^  | BUFX2    | 0.144 |   1.203 |    9.114 | 
     | g6021__2398         | B0 ^ -> Y ^ | OA21X1   | 0.221 |   1.424 |    9.335 | 
     | g6349               | B ^ -> Y v  | NAND2BX1 | 0.156 |   1.580 |    9.490 | 
     | g5984__9315         | A1 v -> Y ^ | OAI22XL  | 0.151 |   1.731 |    9.641 | 
     | epoch_gray_q_reg[3] | D ^         | DFFHQX1  | 0.000 |   1.731 |    9.641 | 
     +---------------------------------------------------------------------------+ 
Path 27: MET Setup Check with Pin pending_q_reg[11]/CK 
Endpoint:   pending_q_reg[11]/D (v) checked with  leading edge of 'clk'
Beginpoint: ack_q_reg[1]/Q      (^) triggered by  leading edge of 'clk'
Path Groups: {clk}
Analysis View: setup_view
Other End Arrival Time          0.001
- Setup                         0.130
+ Phase Shift                  10.000
- Uncertainty                   0.200
= Required Time                 9.671
- Arrival Time                  1.739
= Slack Time                    7.932
     Clock Rise Edge                 0.000
     + Clock Network Latency (Prop)  -0.000
     = Beginpoint Arrival Time       -0.000
     +-------------------------------------------------------------------------+ 
     |     Instance      |     Arc     |   Cell   | Delay | Arrival | Required | 
     |                   |             |          |       |  Time   |   Time   | 
     |-------------------+-------------+----------+-------+---------+----------| 
     | ack_q_reg[1]      | CK ^        |          |       |  -0.000 |    7.931 | 
     | ack_q_reg[1]      | CK ^ -> Q ^ | DFFQXL   | 0.179 |   0.178 |    8.110 | 
     | g6200             | A ^ -> Y v  | INVX1    | 0.063 |   0.242 |    8.173 | 
     | g6094__8428       | A1 v -> Y ^ | AOI21X1  | 0.117 |   0.359 |    8.291 | 
     | g6068__1666       | B ^ -> Y v  | NAND2X1  | 0.160 |   0.519 |    8.451 | 
     | g6037__5115       | A v -> Y ^  | NOR4X1   | 0.267 |   0.786 |    8.718 | 
     | g6033__6783       | A1 ^ -> Y ^ | OA21X1   | 0.252 |   1.038 |    8.970 | 
     | g6023__8428       | B0 ^ -> Y v | OAI21X1  | 0.118 |   1.156 |    9.088 | 
     | g6022             | A v -> Y ^  | INVX1    | 0.074 |   1.230 |    9.162 | 
     | g6014__2883       | C0 ^ -> Y v | OAI211X1 | 0.165 |   1.395 |    9.326 | 
     | g5979__8428       | C v -> Y ^  | NOR3X1   | 0.177 |   1.572 |    9.504 | 
     | g5945__1617       | A1 ^ -> Y v | AOI211XL | 0.167 |   1.739 |    9.671 | 
     | pending_q_reg[11] | D v         | DFFQXL   | 0.000 |   1.739 |    9.671 | 
     +-------------------------------------------------------------------------+ 
Path 28: MET Setup Check with Pin pending_q_reg[7]/CK 
Endpoint:   pending_q_reg[7]/D (v) checked with  leading edge of 'clk'
Beginpoint: ack_q_reg[12]/Q    (^) triggered by  leading edge of 'clk'
Path Groups: {clk}
Analysis View: setup_view
Other End Arrival Time          0.001
- Setup                         0.116
+ Phase Shift                  10.000
- Uncertainty                   0.200
= Required Time                 9.685
- Arrival Time                  1.736
= Slack Time                    7.949
     Clock Rise Edge                 0.000
     + Clock Network Latency (Prop)  -0.001
     = Beginpoint Arrival Time       -0.001
     +------------------------------------------------------------------------+ 
     |     Instance     |     Arc     |   Cell   | Delay | Arrival | Required | 
     |                  |             |          |       |  Time   |   Time   | 
     |------------------+-------------+----------+-------+---------+----------| 
     | ack_q_reg[12]    | CK ^        |          |       |  -0.001 |    7.949 | 
     | ack_q_reg[12]    | CK ^ -> Q ^ | DFFQXL   | 0.175 |   0.175 |    8.124 | 
     | g6191            | A ^ -> Y v  | INVX1    | 0.066 |   0.240 |    8.190 | 
     | g6083__9945      | A1 v -> Y ^ | AOI21X1  | 0.140 |   0.381 |    8.330 | 
     | g6066__6161      | AN ^ -> Y ^ | NOR2BX1  | 0.151 |   0.532 |    8.481 | 
     | g6044__7098      | AN ^ -> Y ^ | NOR2BX1  | 0.143 |   0.675 |    8.624 | 
     | g6041__3680      | B ^ -> Y v  | NAND2X1  | 0.116 |   0.791 |    8.740 | 
     | g6034__5526      | A1 v -> Y ^ | AOI21X1  | 0.129 |   0.919 |    8.869 | 
     | g6032__4319      | B ^ -> Y v  | NAND2X1  | 0.135 |   1.055 |    9.004 | 
     | g6029__9945      | C0 v -> Y ^ | AOI211XL | 0.166 |   1.221 |    9.170 | 
     | g6026            | A ^ -> Y v  | INVXL    | 0.144 |   1.365 |    9.314 | 
     | g6013__6417      | C0 v -> Y ^ | AOI211XL | 0.166 |   1.530 |    9.480 | 
     | g5974__3680      | A1 ^ -> Y v | AOI211XL | 0.206 |   1.736 |    9.685 | 
     | pending_q_reg[7] | D v         | DFFQXL   | 0.000 |   1.736 |    9.685 | 
     +------------------------------------------------------------------------+ 
Path 29: MET Setup Check with Pin out_valid_q_reg/CK 
Endpoint:   out_valid_q_reg/D (^) checked with  leading edge of 'clk'
Beginpoint: out_ready         (^) triggered by  leading edge of 'clk'
Path Groups: {clk}
Analysis View: setup_view
Other End Arrival Time          0.001
- Setup                         0.150
+ Phase Shift                  10.000
- Uncertainty                   0.200
= Required Time                 9.651
- Arrival Time                  1.697
= Slack Time                    7.954
     Clock Rise Edge                      0.000
     + Input Delay                        1.000
     = Beginpoint Arrival Time            1.000
     +-----------------------------------------------------------------------+ 
     |    Instance     |     Arc     |   Cell   | Delay | Arrival | Required | 
     |                 |             |          |       |  Time   |   Time   | 
     |-----------------+-------------+----------+-------+---------+----------| 
     |                 | out_ready ^ |          |       |   1.000 |    8.954 | 
     | g6190__7410     | AN ^ -> Y ^ | NAND2BX1 | 0.059 |   1.059 |    9.013 | 
     | FE_OFC1_n_0     | A ^ -> Y ^  | BUFX2    | 0.144 |   1.203 |    9.157 | 
     | g6021__2398     | B0 ^ -> Y ^ | OA21X1   | 0.221 |   1.425 |    9.378 | 
     | g6349           | B ^ -> Y v  | NAND2BX1 | 0.156 |   1.580 |    9.534 | 
     | g5997__3680     | B0 v -> Y ^ | OAI21XL  | 0.117 |   1.697 |    9.651 | 
     | out_valid_q_reg | D ^         | DFFQXL   | 0.000 |   1.697 |    9.651 | 
     +-----------------------------------------------------------------------+ 
Path 30: MET Setup Check with Pin pending_q_reg[9]/CK 
Endpoint:   pending_q_reg[9]/D (v) checked with  leading edge of 'clk'
Beginpoint: ack_q_reg[1]/Q     (^) triggered by  leading edge of 'clk'
Path Groups: {clk}
Analysis View: setup_view
Other End Arrival Time          0.001
- Setup                         0.120
+ Phase Shift                  10.000
- Uncertainty                   0.200
= Required Time                 9.681
- Arrival Time                  1.718
= Slack Time                    7.963
     Clock Rise Edge                 0.000
     + Clock Network Latency (Prop)  -0.000
     = Beginpoint Arrival Time       -0.000
     +------------------------------------------------------------------------+ 
     |     Instance     |     Arc     |   Cell   | Delay | Arrival | Required | 
     |                  |             |          |       |  Time   |   Time   | 
     |------------------+-------------+----------+-------+---------+----------| 
     | ack_q_reg[1]     | CK ^        |          |       |  -0.000 |    7.962 | 
     | ack_q_reg[1]     | CK ^ -> Q ^ | DFFQXL   | 0.179 |   0.178 |    8.141 | 
     | g6200            | A ^ -> Y v  | INVX1    | 0.063 |   0.242 |    8.204 | 
     | g6094__8428      | A1 v -> Y ^ | AOI21X1  | 0.117 |   0.359 |    8.322 | 
     | g6068__1666      | B ^ -> Y v  | NAND2X1  | 0.160 |   0.519 |    8.482 | 
     | g6037__5115      | A v -> Y ^  | NOR4X1   | 0.267 |   0.786 |    8.749 | 
     | g6033__6783      | A1 ^ -> Y ^ | OA21X1   | 0.252 |   1.038 |    9.001 | 
     | g6023__8428      | B0 ^ -> Y v | OAI21X1  | 0.118 |   1.156 |    9.119 | 
     | g6016__5477      | B0 v -> Y ^ | AOI21X1  | 0.110 |   1.266 |    9.229 | 
     | g5992__1881      | C0 ^ -> Y v | OAI211X1 | 0.178 |   1.444 |    9.407 | 
     | g5988            | A v -> Y ^  | INVXL    | 0.130 |   1.574 |    9.537 | 
     | g5958__4733      | A1 ^ -> Y v | AOI211XL | 0.144 |   1.718 |    9.681 | 
     | pending_q_reg[9] | D v         | DFFQXL   | 0.000 |   1.718 |    9.681 | 
     +------------------------------------------------------------------------+ 
Path 31: MET Setup Check with Pin pending_q_reg[10]/CK 
Endpoint:   pending_q_reg[10]/D (v) checked with  leading edge of 'clk'
Beginpoint: ack_q_reg[1]/Q      (^) triggered by  leading edge of 'clk'
Path Groups: {clk}
Analysis View: setup_view
Other End Arrival Time          0.001
- Setup                         0.118
+ Phase Shift                  10.000
- Uncertainty                   0.200
= Required Time                 9.683
- Arrival Time                  1.693
= Slack Time                    7.989
     Clock Rise Edge                 0.000
     + Clock Network Latency (Prop)  -0.000
     = Beginpoint Arrival Time       -0.000
     +--------------------------------------------------------------------------+ 
     |     Instance      |     Arc     |   Cell    | Delay | Arrival | Required | 
     |                   |             |           |       |  Time   |   Time   | 
     |-------------------+-------------+-----------+-------+---------+----------| 
     | ack_q_reg[1]      | CK ^        |           |       |  -0.000 |    7.989 | 
     | ack_q_reg[1]      | CK ^ -> Q ^ | DFFQXL    | 0.179 |   0.178 |    8.168 | 
     | g6200             | A ^ -> Y v  | INVX1     | 0.063 |   0.242 |    8.231 | 
     | g6094__8428       | A1 v -> Y ^ | AOI21X1   | 0.117 |   0.359 |    8.348 | 
     | g6068__1666       | B ^ -> Y v  | NAND2X1   | 0.160 |   0.519 |    8.509 | 
     | g6037__5115       | A v -> Y ^  | NOR4X1    | 0.267 |   0.786 |    8.775 | 
     | g6033__6783       | A1 ^ -> Y ^ | OA21X1    | 0.252 |   1.038 |    9.028 | 
     | g6023__8428       | B0 ^ -> Y v | OAI21X1   | 0.118 |   1.156 |    9.145 | 
     | g6022             | A v -> Y ^  | INVX1     | 0.074 |   1.230 |    9.219 | 
     | g6014__2883       | C0 ^ -> Y v | OAI211X1  | 0.165 |   1.395 |    9.384 | 
     | g5991__6783       | B0 v -> Y ^ | AOI2BB1XL | 0.156 |   1.551 |    9.540 | 
     | g5955__1881       | A1 ^ -> Y v | AOI211XL  | 0.143 |   1.693 |    9.683 | 
     | pending_q_reg[10] | D v         | DFFQXL    | 0.000 |   1.693 |    9.683 | 
     +--------------------------------------------------------------------------+ 
Path 32: MET Setup Check with Pin pending_q_reg[3]/CK 
Endpoint:   pending_q_reg[3]/D (v) checked with  leading edge of 'clk'
Beginpoint: ack_q_reg[12]/Q    (^) triggered by  leading edge of 'clk'
Path Groups: {clk}
Analysis View: setup_view
Other End Arrival Time          0.001
- Setup                         0.113
+ Phase Shift                  10.000
- Uncertainty                   0.200
= Required Time                 9.688
- Arrival Time                  1.685
= Slack Time                    8.003
     Clock Rise Edge                 0.000
     + Clock Network Latency (Prop)  -0.001
     = Beginpoint Arrival Time       -0.001
     +------------------------------------------------------------------------+ 
     |     Instance     |     Arc     |   Cell   | Delay | Arrival | Required | 
     |                  |             |          |       |  Time   |   Time   | 
     |------------------+-------------+----------+-------+---------+----------| 
     | ack_q_reg[12]    | CK ^        |          |       |  -0.001 |    8.003 | 
     | ack_q_reg[12]    | CK ^ -> Q ^ | DFFQXL   | 0.175 |   0.175 |    8.178 | 
     | g6191            | A ^ -> Y v  | INVX1    | 0.066 |   0.240 |    8.244 | 
     | g6083__9945      | A1 v -> Y ^ | AOI21X1  | 0.140 |   0.381 |    8.384 | 
     | g6066__6161      | AN ^ -> Y ^ | NOR2BX1  | 0.151 |   0.532 |    8.535 | 
     | g6044__7098      | AN ^ -> Y ^ | NOR2BX1  | 0.143 |   0.675 |    8.678 | 
     | g6041__3680      | B ^ -> Y v  | NAND2X1  | 0.116 |   0.791 |    8.794 | 
     | g6034__5526      | A1 v -> Y ^ | AOI21X1  | 0.129 |   0.919 |    8.923 | 
     | g6031__6260      | B ^ -> Y v  | NAND2X1  | 0.137 |   1.056 |    9.059 | 
     | g6030            | A v -> Y ^  | INVX1    | 0.077 |   1.133 |    9.136 | 
     | g6020__7482      | C0 ^ -> Y v | OAI211X1 | 0.120 |   1.253 |    9.256 | 
     | FE_OFC10_n_157   | A v -> Y v  | BUFX2    | 0.132 |   1.385 |    9.388 | 
     | g5994__5477      | C0 v -> Y ^ | AOI211XL | 0.116 |   1.501 |    9.504 | 
     | g5957__5526      | A1 ^ -> Y v | AOI211XL | 0.183 |   1.685 |    9.688 | 
     | pending_q_reg[3] | D v         | DFFQXL   | 0.000 |   1.685 |    9.688 | 
     +------------------------------------------------------------------------+ 
Path 33: MET Setup Check with Pin pending_q_reg[12]/CK 
Endpoint:   pending_q_reg[12]/D (v) checked with  leading edge of 'clk'
Beginpoint: ack_q_reg[1]/Q      (^) triggered by  leading edge of 'clk'
Path Groups: {clk}
Analysis View: setup_view
Other End Arrival Time          0.001
- Setup                         0.091
+ Phase Shift                  10.000
- Uncertainty                   0.200
= Required Time                 9.710
- Arrival Time                  1.676
= Slack Time                    8.034
     Clock Rise Edge                 0.000
     + Clock Network Latency (Prop)  -0.000
     = Beginpoint Arrival Time       -0.000
     +-------------------------------------------------------------------------+ 
     |     Instance      |     Arc     |   Cell   | Delay | Arrival | Required | 
     |                   |             |          |       |  Time   |   Time   | 
     |-------------------+-------------+----------+-------+---------+----------| 
     | ack_q_reg[1]      | CK ^        |          |       |  -0.000 |    8.033 | 
     | ack_q_reg[1]      | CK ^ -> Q ^ | DFFQXL   | 0.179 |   0.178 |    8.212 | 
     | g6200             | A ^ -> Y v  | INVX1    | 0.063 |   0.242 |    8.275 | 
     | g6094__8428       | A1 v -> Y ^ | AOI21X1  | 0.117 |   0.359 |    8.393 | 
     | g6068__1666       | B ^ -> Y v  | NAND2X1  | 0.160 |   0.519 |    8.553 | 
     | g6037__5115       | A v -> Y ^  | NOR4X1   | 0.267 |   0.786 |    8.820 | 
     | g6033__6783       | A1 ^ -> Y ^ | OA21X1   | 0.252 |   1.038 |    9.072 | 
     | g6028__5107       | C0 ^ -> Y v | OAI211X1 | 0.138 |   1.176 |    9.210 | 
     | FE_OFC9_n_116     | A v -> Y v  | BUFX2    | 0.129 |   1.305 |    9.339 | 
     | g6017__1666       | B0 v -> Y ^ | AOI21X1  | 0.076 |   1.381 |    9.415 | 
     | g5998__2802       | C0 ^ -> Y v | OAI211X1 | 0.165 |   1.546 |    9.580 | 
     | g5970__5115       | AN v -> Y v | NOR3BXL  | 0.131 |   1.676 |    9.710 | 
     | pending_q_reg[12] | D v         | DFFQXL   | 0.000 |   1.676 |    9.710 | 
     +-------------------------------------------------------------------------+ 
Path 34: MET Setup Check with Pin pending_q_reg[5]/CK 
Endpoint:   pending_q_reg[5]/D (v) checked with  leading edge of 'clk'
Beginpoint: ack_q_reg[12]/Q    (^) triggered by  leading edge of 'clk'
Path Groups: {clk}
Analysis View: setup_view
Other End Arrival Time          0.001
- Setup                         0.110
+ Phase Shift                  10.000
- Uncertainty                   0.200
= Required Time                 9.691
- Arrival Time                  1.625
= Slack Time                    8.066
     Clock Rise Edge                 0.000
     + Clock Network Latency (Prop)  -0.001
     = Beginpoint Arrival Time       -0.001
     +------------------------------------------------------------------------+ 
     |     Instance     |     Arc     |   Cell   | Delay | Arrival | Required | 
     |                  |             |          |       |  Time   |   Time   | 
     |------------------+-------------+----------+-------+---------+----------| 
     | ack_q_reg[12]    | CK ^        |          |       |  -0.001 |    8.066 | 
     | ack_q_reg[12]    | CK ^ -> Q ^ | DFFQXL   | 0.175 |   0.175 |    8.241 | 
     | g6191            | A ^ -> Y v  | INVX1    | 0.066 |   0.240 |    8.307 | 
     | g6083__9945      | A1 v -> Y ^ | AOI21X1  | 0.140 |   0.381 |    8.447 | 
     | g6066__6161      | AN ^ -> Y ^ | NOR2BX1  | 0.151 |   0.532 |    8.598 | 
     | g6044__7098      | AN ^ -> Y ^ | NOR2BX1  | 0.143 |   0.675 |    8.741 | 
     | g6041__3680      | B ^ -> Y v  | NAND2X1  | 0.116 |   0.791 |    8.857 | 
     | g6034__5526      | A1 v -> Y ^ | AOI21X1  | 0.129 |   0.919 |    8.986 | 
     | g6032__4319      | B ^ -> Y v  | NAND2X1  | 0.135 |   1.055 |    9.121 | 
     | g6024__7410      | B0 v -> Y ^ | AOI21X1  | 0.121 |   1.176 |    9.242 | 
     | g6004__8246      | C0 ^ -> Y v | OAI211X1 | 0.188 |   1.364 |    9.430 | 
     | g6000            | A v -> Y ^  | INVXL    | 0.136 |   1.500 |    9.566 | 
     | g5973__7098      | A1 ^ -> Y v | AOI211XL | 0.125 |   1.625 |    9.691 | 
     | pending_q_reg[5] | D v         | DFFQXL   | 0.000 |   1.625 |    9.691 | 
     +------------------------------------------------------------------------+ 
Path 35: MET Setup Check with Pin pending_q_reg[1]/CK 
Endpoint:   pending_q_reg[1]/D (v) checked with  leading edge of 'clk'
Beginpoint: ack_q_reg[12]/Q    (^) triggered by  leading edge of 'clk'
Path Groups: {clk}
Analysis View: setup_view
Other End Arrival Time          0.001
- Setup                         0.115
+ Phase Shift                  10.000
- Uncertainty                   0.200
= Required Time                 9.686
- Arrival Time                  1.608
= Slack Time                    8.078
     Clock Rise Edge                 0.000
     + Clock Network Latency (Prop)  -0.001
     = Beginpoint Arrival Time       -0.001
     +------------------------------------------------------------------------+ 
     |     Instance     |     Arc     |   Cell   | Delay | Arrival | Required | 
     |                  |             |          |       |  Time   |   Time   | 
     |------------------+-------------+----------+-------+---------+----------| 
     | ack_q_reg[12]    | CK ^        |          |       |  -0.001 |    8.078 | 
     | ack_q_reg[12]    | CK ^ -> Q ^ | DFFQXL   | 0.175 |   0.175 |    8.253 | 
     | g6191            | A ^ -> Y v  | INVX1    | 0.066 |   0.240 |    8.319 | 
     | g6083__9945      | A1 v -> Y ^ | AOI21X1  | 0.140 |   0.381 |    8.459 | 
     | g6066__6161      | AN ^ -> Y ^ | NOR2BX1  | 0.151 |   0.532 |    8.610 | 
     | g6044__7098      | AN ^ -> Y ^ | NOR2BX1  | 0.143 |   0.675 |    8.753 | 
     | g6041__3680      | B ^ -> Y v  | NAND2X1  | 0.116 |   0.791 |    8.869 | 
     | g6034__5526      | A1 v -> Y ^ | AOI21X1  | 0.129 |   0.919 |    8.997 | 
     | g6031__6260      | B ^ -> Y v  | NAND2X1  | 0.137 |   1.056 |    9.134 | 
     | g6027__6417      | B0 v -> Y ^ | AOI21X1  | 0.121 |   1.177 |    9.255 | 
     | g6005__7098      | C0 ^ -> Y v | OAI211X1 | 0.176 |   1.353 |    9.431 | 
     | g6001            | A v -> Y ^  | INVXL    | 0.123 |   1.476 |    9.554 | 
     | g5968__2802      | A1 ^ -> Y v | AOI211XL | 0.132 |   1.608 |    9.686 | 
     | pending_q_reg[1] | D v         | DFFQXL   | 0.000 |   1.608 |    9.686 | 
     +------------------------------------------------------------------------+ 
Path 36: MET Setup Check with Pin pending_q_reg[2]/CK 
Endpoint:   pending_q_reg[2]/D (v) checked with  leading edge of 'clk'
Beginpoint: ack_q_reg[12]/Q    (^) triggered by  leading edge of 'clk'
Path Groups: {clk}
Analysis View: setup_view
Other End Arrival Time          0.001
- Setup                         0.114
+ Phase Shift                  10.000
- Uncertainty                   0.200
= Required Time                 9.687
- Arrival Time                  1.591
= Slack Time                    8.097
     Clock Rise Edge                 0.000
     + Clock Network Latency (Prop)  -0.001
     = Beginpoint Arrival Time       -0.001
     +-------------------------------------------------------------------------+ 
     |     Instance     |     Arc     |   Cell    | Delay | Arrival | Required | 
     |                  |             |           |       |  Time   |   Time   | 
     |------------------+-------------+-----------+-------+---------+----------| 
     | ack_q_reg[12]    | CK ^        |           |       |  -0.001 |    8.096 | 
     | ack_q_reg[12]    | CK ^ -> Q ^ | DFFQXL    | 0.175 |   0.175 |    8.271 | 
     | g6191            | A ^ -> Y v  | INVX1     | 0.066 |   0.240 |    8.337 | 
     | g6083__9945      | A1 v -> Y ^ | AOI21X1   | 0.140 |   0.381 |    8.477 | 
     | g6066__6161      | AN ^ -> Y ^ | NOR2BX1   | 0.151 |   0.532 |    8.629 | 
     | g6044__7098      | AN ^ -> Y ^ | NOR2BX1   | 0.143 |   0.675 |    8.771 | 
     | g6041__3680      | B ^ -> Y v  | NAND2X1   | 0.116 |   0.791 |    8.887 | 
     | g6034__5526      | A1 v -> Y ^ | AOI21X1   | 0.129 |   0.919 |    9.016 | 
     | g6031__6260      | B ^ -> Y v  | NAND2X1   | 0.137 |   1.056 |    9.153 | 
     | g6030            | A v -> Y ^  | INVX1     | 0.077 |   1.133 |    9.229 | 
     | g6020__7482      | C0 ^ -> Y v | OAI211X1  | 0.120 |   1.253 |    9.349 | 
     | FE_OFC10_n_157   | A v -> Y v  | BUFX2     | 0.132 |   1.385 |    9.482 | 
     | g6002__6260      | B0 v -> Y ^ | AOI2BB1XL | 0.067 |   1.453 |    9.549 | 
     | g5972__8246      | A1 ^ -> Y v | AOI211XL  | 0.138 |   1.591 |    9.687 | 
     | pending_q_reg[2] | D v         | DFFQXL    | 0.000 |   1.591 |    9.687 | 
     +-------------------------------------------------------------------------+ 
Path 37: MET Setup Check with Pin pending_q_reg[6]/CK 
Endpoint:   pending_q_reg[6]/D (^) checked with  leading edge of 'clk'
Beginpoint: out_ready          (v) triggered by  leading edge of 'clk'
Path Groups: {clk}
Analysis View: setup_view
Other End Arrival Time          0.001
- Setup                         0.194
+ Phase Shift                  10.000
- Uncertainty                   0.200
= Required Time                 9.607
- Arrival Time                  1.510
= Slack Time                    8.097
     Clock Rise Edge                      0.000
     + Input Delay                        1.000
     = Beginpoint Arrival Time            1.000
     +------------------------------------------------------------------------+ 
     |     Instance     |     Arc     |   Cell   | Delay | Arrival | Required | 
     |                  |             |          |       |  Time   |   Time   | 
     |------------------+-------------+----------+-------+---------+----------| 
     |                  | out_ready v |          |       |   1.000 |    9.097 | 
     | g6190__7410      | AN v -> Y v | NAND2BX1 | 0.081 |   1.080 |    9.178 | 
     | FE_OFC1_n_0      | A v -> Y v  | BUFX2    | 0.150 |   1.231 |    9.328 | 
     | g6010__4319      | B0 v -> Y ^ | OAI211X1 | 0.097 |   1.328 |    9.425 | 
     | g5982__6131      | AN ^ -> Y ^ | NOR3BXL  | 0.182 |   1.510 |    9.607 | 
     | pending_q_reg[6] | D ^         | DFFQXL   | 0.000 |   1.510 |    9.607 | 
     +------------------------------------------------------------------------+ 
Path 38: MET Setup Check with Pin pending_q_reg[4]/CK 
Endpoint:   pending_q_reg[4]/D (^) checked with  leading edge of 'clk'
Beginpoint: out_ready          (v) triggered by  leading edge of 'clk'
Path Groups: {clk}
Analysis View: setup_view
Other End Arrival Time          0.001
- Setup                         0.194
+ Phase Shift                  10.000
- Uncertainty                   0.200
= Required Time                 9.607
- Arrival Time                  1.508
= Slack Time                    8.099
     Clock Rise Edge                      0.000
     + Input Delay                        1.000
     = Beginpoint Arrival Time            1.000
     +------------------------------------------------------------------------+ 
     |     Instance     |     Arc     |   Cell   | Delay | Arrival | Required | 
     |                  |             |          |       |  Time   |   Time   | 
     |------------------+-------------+----------+-------+---------+----------| 
     |                  | out_ready v |          |       |   1.000 |    9.099 | 
     | g6190__7410      | AN v -> Y v | NAND2BX1 | 0.081 |   1.081 |    9.179 | 
     | FE_OFC1_n_0      | A v -> Y v  | BUFX2    | 0.150 |   1.231 |    9.329 | 
     | g6011__1705      | B0 v -> Y ^ | OAI211X1 | 0.096 |   1.326 |    9.425 | 
     | g5977__6161      | AN ^ -> Y ^ | NOR3BXL  | 0.182 |   1.508 |    9.607 | 
     | pending_q_reg[4] | D ^         | DFFQXL   | 0.000 |   1.508 |    9.607 | 
     +------------------------------------------------------------------------+ 
Path 39: MET Setup Check with Pin out_addr_q_reg[2]/CK 
Endpoint:   out_addr_q_reg[2]/D (^) checked with  leading edge of 'clk'
Beginpoint: out_ready           (^) triggered by  leading edge of 'clk'
Path Groups: {clk}
Analysis View: setup_view
Other End Arrival Time          0.001
- Setup                         0.123
+ Phase Shift                  10.000
- Uncertainty                   0.200
= Required Time                 9.678
- Arrival Time                  1.579
= Slack Time                    8.099
     Clock Rise Edge                      0.000
     + Input Delay                        1.000
     = Beginpoint Arrival Time            1.000
     +-------------------------------------------------------------------------+ 
     |     Instance      |     Arc     |   Cell   | Delay | Arrival | Required | 
     |                   |             |          |       |  Time   |   Time   | 
     |-------------------+-------------+----------+-------+---------+----------| 
     |                   | out_ready ^ |          |       |   1.000 |    9.099 | 
     | g6190__7410       | AN ^ -> Y ^ | NAND2BX1 | 0.059 |   1.059 |    9.159 | 
     | FE_OFC1_n_0       | A ^ -> Y ^  | BUFX2    | 0.144 |   1.203 |    9.303 | 
     | g6021__2398       | B0 ^ -> Y ^ | OA21X1   | 0.221 |   1.424 |    9.524 | 
     | g5996__5526       | S0 ^ -> Y ^ | MX2XL    | 0.155 |   1.579 |    9.678 | 
     | out_addr_q_reg[2] | D ^         | DFFQXL   | 0.000 |   1.579 |    9.678 | 
     +-------------------------------------------------------------------------+ 
Path 40: MET Setup Check with Pin out_addr_q_reg[3]/CK 
Endpoint:   out_addr_q_reg[3]/D (^) checked with  leading edge of 'clk'
Beginpoint: out_ready           (^) triggered by  leading edge of 'clk'
Path Groups: {clk}
Analysis View: setup_view
Other End Arrival Time          0.001
- Setup                         0.122
+ Phase Shift                  10.000
- Uncertainty                   0.200
= Required Time                 9.679
- Arrival Time                  1.578
= Slack Time                    8.101
     Clock Rise Edge                      0.000
     + Input Delay                        1.000
     = Beginpoint Arrival Time            1.000
     +-------------------------------------------------------------------------+ 
     |     Instance      |     Arc     |   Cell   | Delay | Arrival | Required | 
     |                   |             |          |       |  Time   |   Time   | 
     |-------------------+-------------+----------+-------+---------+----------| 
     |                   | out_ready ^ |          |       |   1.000 |    9.101 | 
     | g6190__7410       | AN ^ -> Y ^ | NAND2BX1 | 0.059 |   1.059 |    9.160 | 
     | FE_OFC1_n_0       | A ^ -> Y ^  | BUFX2    | 0.144 |   1.203 |    9.304 | 
     | g6021__2398       | B0 ^ -> Y ^ | OA21X1   | 0.221 |   1.425 |    9.525 | 
     | g5995__6131       | S0 ^ -> Y ^ | MX2XL    | 0.154 |   1.578 |    9.679 | 
     | out_addr_q_reg[3] | D ^         | DFFQXL   | 0.000 |   1.578 |    9.679 | 
     +-------------------------------------------------------------------------+ 
Path 41: MET Late External Delay Assertion 
Endpoint:   src_ack_async[0]          (^) checked with  leading edge of 'clk'
Beginpoint: reset_release_q_reg[1]/QN (v) triggered by  leading edge of 'clk'
Path Groups: {clk}
Analysis View: setup_view
Other End Arrival Time          0.000
- External Delay                1.000
+ Phase Shift                  10.000
- Uncertainty                   0.200
= Required Time                 8.800
- Arrival Time                  0.656
= Slack Time                    8.144
     Clock Rise Edge                 0.000
     + Clock Network Latency (Prop)  -0.001
     = Beginpoint Arrival Time       -0.001
     +--------------------------------------------------------------------------------------+ 
     |         Instance          |        Arc         |  Cell  | Delay | Arrival | Required | 
     |                           |                    |        |       |  Time   |   Time   | 
     |---------------------------+--------------------+--------+-------+---------+----------| 
     | reset_release_q_reg[1]    | CK ^               |        |       |  -0.001 |    8.143 | 
     | reset_release_q_reg[1]    | CK ^ -> QN v       | DFFRX1 | 0.296 |   0.296 |    8.439 | 
     | FE_OFC0_reset_release_q_1 | A v -> Y v         | BUFX3  | 0.175 |   0.471 |    8.615 | 
     | g6119__6161               | A v -> Y ^         | NOR2XL | 0.185 |   0.656 |    8.800 | 
     |                           | src_ack_async[0] ^ |        | 0.000 |   0.656 |    8.800 | 
     +--------------------------------------------------------------------------------------+ 
Path 42: MET Setup Check with Pin pending_q_reg[8]/CK 
Endpoint:   pending_q_reg[8]/D (v) checked with  leading edge of 'clk'
Beginpoint: ack_q_reg[1]/Q     (^) triggered by  leading edge of 'clk'
Path Groups: {clk}
Analysis View: setup_view
Other End Arrival Time          0.001
- Setup                         0.107
+ Phase Shift                  10.000
- Uncertainty                   0.200
= Required Time                 9.693
- Arrival Time                  1.546
= Slack Time                    8.147
     Clock Rise Edge                 0.000
     + Clock Network Latency (Prop)  -0.000
     = Beginpoint Arrival Time       -0.000
     +------------------------------------------------------------------------+ 
     |     Instance     |     Arc     |   Cell   | Delay | Arrival | Required | 
     |                  |             |          |       |  Time   |   Time   | 
     |------------------+-------------+----------+-------+---------+----------| 
     | ack_q_reg[1]     | CK ^        |          |       |  -0.000 |    8.147 | 
     | ack_q_reg[1]     | CK ^ -> Q ^ | DFFQXL   | 0.179 |   0.178 |    8.326 | 
     | g6200            | A ^ -> Y v  | INVX1    | 0.063 |   0.242 |    8.389 | 
     | g6094__8428      | A1 v -> Y ^ | AOI21X1  | 0.117 |   0.359 |    8.506 | 
     | g6068__1666      | B ^ -> Y v  | NAND2X1  | 0.160 |   0.519 |    8.667 | 
     | g6037__5115      | A v -> Y ^  | NOR4X1   | 0.267 |   0.786 |    8.933 | 
     | g6033__6783      | A1 ^ -> Y ^ | OA21X1   | 0.252 |   1.038 |    9.186 | 
     | g6023__8428      | B0 ^ -> Y v | OAI21X1  | 0.118 |   1.156 |    9.303 | 
     | g6016__5477      | B0 v -> Y ^ | AOI21X1  | 0.110 |   1.266 |    9.414 | 
     | g6009__6161      | B0 ^ -> Y ^ | OA21X1   | 0.171 |   1.437 |    9.585 | 
     | g5969__2398      | A1 ^ -> Y v | AOI211XL | 0.109 |   1.546 |    9.693 | 
     | pending_q_reg[8] | D v         | DFFQXL   | 0.000 |   1.546 |    9.693 | 
     +------------------------------------------------------------------------+ 
Path 43: MET Late External Delay Assertion 
Endpoint:   src_ack_async[1]          (^) checked with  leading edge of 'clk'
Beginpoint: reset_release_q_reg[1]/QN (v) triggered by  leading edge of 'clk'
Path Groups: {clk}
Analysis View: setup_view
Other End Arrival Time          0.000
- External Delay                1.000
+ Phase Shift                  10.000
- Uncertainty                   0.200
= Required Time                 8.800
- Arrival Time                  0.652
= Slack Time                    8.148
     Clock Rise Edge                 0.000
     + Clock Network Latency (Prop)  -0.001
     = Beginpoint Arrival Time       -0.001
     +--------------------------------------------------------------------------------------+ 
     |         Instance          |        Arc         |  Cell  | Delay | Arrival | Required | 
     |                           |                    |        |       |  Time   |   Time   | 
     |---------------------------+--------------------+--------+-------+---------+----------| 
     | reset_release_q_reg[1]    | CK ^               |        |       |  -0.001 |    8.147 | 
     | reset_release_q_reg[1]    | CK ^ -> QN v       | DFFRX1 | 0.296 |   0.296 |    8.443 | 
     | FE_OFC0_reset_release_q_1 | A v -> Y v         | BUFX3  | 0.175 |   0.471 |    8.619 | 
     | g6125__7098               | A v -> Y ^         | NOR2XL | 0.181 |   0.652 |    8.800 | 
     |                           | src_ack_async[1] ^ |        | 0.000 |   0.652 |    8.800 | 
     +--------------------------------------------------------------------------------------+ 
Path 44: MET Late External Delay Assertion 
Endpoint:   src_ack_async[3]          (^) checked with  leading edge of 'clk'
Beginpoint: reset_release_q_reg[1]/QN (v) triggered by  leading edge of 'clk'
Path Groups: {clk}
Analysis View: setup_view
Other End Arrival Time          0.000
- External Delay                1.000
+ Phase Shift                  10.000
- Uncertainty                   0.200
= Required Time                 8.800
- Arrival Time                  0.650
= Slack Time                    8.150
     Clock Rise Edge                 0.000
     + Clock Network Latency (Prop)  -0.001
     = Beginpoint Arrival Time       -0.001
     +--------------------------------------------------------------------------------------+ 
     |         Instance          |        Arc         |  Cell  | Delay | Arrival | Required | 
     |                           |                    |        |       |  Time   |   Time   | 
     |---------------------------+--------------------+--------+-------+---------+----------| 
     | reset_release_q_reg[1]    | CK ^               |        |       |  -0.001 |    8.150 | 
     | reset_release_q_reg[1]    | CK ^ -> QN v       | DFFRX1 | 0.296 |   0.296 |    8.446 | 
     | FE_OFC0_reset_release_q_1 | A v -> Y v         | BUFX3  | 0.175 |   0.471 |    8.621 | 
     | g6129__8246               | A v -> Y ^         | NOR2XL | 0.179 |   0.650 |    8.800 | 
     |                           | src_ack_async[3] ^ |        | 0.000 |   0.650 |    8.800 | 
     +--------------------------------------------------------------------------------------+ 
Path 45: MET Late External Delay Assertion 
Endpoint:   src_ack_async[2]          (^) checked with  leading edge of 'clk'
Beginpoint: reset_release_q_reg[1]/QN (v) triggered by  leading edge of 'clk'
Path Groups: {clk}
Analysis View: setup_view
Other End Arrival Time          0.000
- External Delay                1.000
+ Phase Shift                  10.000
- Uncertainty                   0.200
= Required Time                 8.800
- Arrival Time                  0.644
= Slack Time                    8.156
     Clock Rise Edge                 0.000
     + Clock Network Latency (Prop)  -0.001
     = Beginpoint Arrival Time       -0.001
     +--------------------------------------------------------------------------------------+ 
     |         Instance          |        Arc         |  Cell  | Delay | Arrival | Required | 
     |                           |                    |        |       |  Time   |   Time   | 
     |---------------------------+--------------------+--------+-------+---------+----------| 
     | reset_release_q_reg[1]    | CK ^               |        |       |  -0.001 |    8.156 | 
     | reset_release_q_reg[1]    | CK ^ -> QN v       | DFFRX1 | 0.296 |   0.296 |    8.452 | 
     | FE_OFC0_reset_release_q_1 | A v -> Y v         | BUFX3  | 0.175 |   0.471 |    8.627 | 
     | g6132__9315               | A v -> Y ^         | NOR2XL | 0.173 |   0.644 |    8.800 | 
     |                           | src_ack_async[2] ^ |        | 0.000 |   0.644 |    8.800 | 
     +--------------------------------------------------------------------------------------+ 
Path 46: MET Setup Check with Pin pending_q_reg[0]/CK 
Endpoint:   pending_q_reg[0]/D (^) checked with  leading edge of 'clk'
Beginpoint: out_ready          (v) triggered by  leading edge of 'clk'
Path Groups: {clk}
Analysis View: setup_view
Other End Arrival Time          0.001
- Setup                         0.155
+ Phase Shift                  10.000
- Uncertainty                   0.200
= Required Time                 9.646
- Arrival Time                  1.485
= Slack Time                    8.161
     Clock Rise Edge                      0.000
     + Input Delay                        1.000
     = Beginpoint Arrival Time            1.000
     +------------------------------------------------------------------------+ 
     |     Instance     |     Arc     |   Cell   | Delay | Arrival | Required | 
     |                  |             |          |       |  Time   |   Time   | 
     |------------------+-------------+----------+-------+---------+----------| 
     |                  | out_ready v |          |       |   1.000 |    9.161 | 
     | g6190__7410      | AN v -> Y v | NAND2BX1 | 0.081 |   1.081 |    9.242 | 
     | FE_OFC1_n_0      | A v -> Y v  | BUFX2    | 0.150 |   1.231 |    9.392 | 
     | g6012__5122      | B0 v -> Y ^ | OAI211X1 | 0.095 |   1.326 |    9.487 | 
     | g5976__7482      | AN ^ -> Y ^ | NOR3BXL  | 0.159 |   1.485 |    9.646 | 
     | pending_q_reg[0] | D ^         | DFFQXL   | 0.000 |   1.485 |    9.646 | 
     +------------------------------------------------------------------------+ 
Path 47: MET Late External Delay Assertion 
Endpoint:   src_ack_async[7]          (^) checked with  leading edge of 'clk'
Beginpoint: reset_release_q_reg[1]/QN (v) triggered by  leading edge of 'clk'
Path Groups: {clk}
Analysis View: setup_view
Other End Arrival Time          0.000
- External Delay                1.000
+ Phase Shift                  10.000
- Uncertainty                   0.200
= Required Time                 8.800
- Arrival Time                  0.630
= Slack Time                    8.170
     Clock Rise Edge                 0.000
     + Clock Network Latency (Prop)  -0.001
     = Beginpoint Arrival Time       -0.001
     +--------------------------------------------------------------------------------------+ 
     |         Instance          |        Arc         |  Cell  | Delay | Arrival | Required | 
     |                           |                    |        |       |  Time   |   Time   | 
     |---------------------------+--------------------+--------+-------+---------+----------| 
     | reset_release_q_reg[1]    | CK ^               |        |       |  -0.001 |    8.170 | 
     | reset_release_q_reg[1]    | CK ^ -> QN v       | DFFRX1 | 0.296 |   0.296 |    8.466 | 
     | FE_OFC0_reset_release_q_1 | A v -> Y v         | BUFX3  | 0.175 |   0.471 |    8.641 | 
     | g6122__5115               | A v -> Y ^         | NOR2XL | 0.159 |   0.630 |    8.800 | 
     |                           | src_ack_async[7] ^ |        | 0.000 |   0.630 |    8.800 | 
     +--------------------------------------------------------------------------------------+ 
Path 48: MET Late External Delay Assertion 
Endpoint:   src_ack_async[15]         (^) checked with  leading edge of 'clk'
Beginpoint: reset_release_q_reg[1]/QN (v) triggered by  leading edge of 'clk'
Path Groups: {clk}
Analysis View: setup_view
Other End Arrival Time          0.000
- External Delay                1.000
+ Phase Shift                  10.000
- Uncertainty                   0.200
= Required Time                 8.800
- Arrival Time                  0.630
= Slack Time                    8.170
     Clock Rise Edge                 0.000
     + Clock Network Latency (Prop)  -0.001
     = Beginpoint Arrival Time       -0.001
     +---------------------------------------------------------------------------------------+ 
     |         Instance          |         Arc         |  Cell  | Delay | Arrival | Required | 
     |                           |                     |        |       |  Time   |   Time   | 
     |---------------------------+---------------------+--------+-------+---------+----------| 
     | reset_release_q_reg[1]    | CK ^                |        |       |  -0.001 |    8.170 | 
     | reset_release_q_reg[1]    | CK ^ -> QN v        | DFFRX1 | 0.296 |   0.296 |    8.466 | 
     | FE_OFC0_reset_release_q_1 | A v -> Y v          | BUFX3  | 0.175 |   0.471 |    8.641 | 
     | g6128__1881               | A v -> Y ^          | NOR2XL | 0.159 |   0.630 |    8.800 | 
     |                           | src_ack_async[15] ^ |        | 0.000 |   0.630 |    8.800 | 
     +---------------------------------------------------------------------------------------+ 
Path 49: MET Late External Delay Assertion 
Endpoint:   src_ack_async[12]         (^) checked with  leading edge of 'clk'
Beginpoint: reset_release_q_reg[1]/QN (v) triggered by  leading edge of 'clk'
Path Groups: {clk}
Analysis View: setup_view
Other End Arrival Time          0.000
- External Delay                1.000
+ Phase Shift                  10.000
- Uncertainty                   0.200
= Required Time                 8.800
- Arrival Time                  0.629
= Slack Time                    8.171
     Clock Rise Edge                 0.000
     + Clock Network Latency (Prop)  -0.001
     = Beginpoint Arrival Time       -0.001
     +---------------------------------------------------------------------------------------+ 
     |         Instance          |         Arc         |  Cell  | Delay | Arrival | Required | 
     |                           |                     |        |       |  Time   |   Time   | 
     |---------------------------+---------------------+--------+-------+---------+----------| 
     | reset_release_q_reg[1]    | CK ^                |        |       |  -0.001 |    8.170 | 
     | reset_release_q_reg[1]    | CK ^ -> QN v        | DFFRX1 | 0.296 |   0.296 |    8.466 | 
     | FE_OFC0_reset_release_q_1 | A v -> Y v          | BUFX3  | 0.175 |   0.471 |    8.642 | 
     | g6121__1617               | A v -> Y ^          | NOR2XL | 0.158 |   0.629 |    8.800 | 
     |                           | src_ack_async[12] ^ |        | 0.000 |   0.629 |    8.800 | 
     +---------------------------------------------------------------------------------------+ 
Path 50: MET Late External Delay Assertion 
Endpoint:   src_ack_async[11]         (^) checked with  leading edge of 'clk'
Beginpoint: reset_release_q_reg[1]/QN (v) triggered by  leading edge of 'clk'
Path Groups: {clk}
Analysis View: setup_view
Other End Arrival Time          0.000
- External Delay                1.000
+ Phase Shift                  10.000
- Uncertainty                   0.200
= Required Time                 8.800
- Arrival Time                  0.629
= Slack Time                    8.171
     Clock Rise Edge                 0.000
     + Clock Network Latency (Prop)  -0.001
     = Beginpoint Arrival Time       -0.001
     +---------------------------------------------------------------------------------------+ 
     |         Instance          |         Arc         |  Cell  | Delay | Arrival | Required | 
     |                           |                     |        |       |  Time   |   Time   | 
     |---------------------------+---------------------+--------+-------+---------+----------| 
     | reset_release_q_reg[1]    | CK ^                |        |       |  -0.001 |    8.171 | 
     | reset_release_q_reg[1]    | CK ^ -> QN v        | DFFRX1 | 0.296 |   0.296 |    8.467 | 
     | FE_OFC0_reset_release_q_1 | A v -> Y v          | BUFX3  | 0.175 |   0.471 |    8.642 | 
     | g6133__4733               | A v -> Y ^          | NOR2XL | 0.158 |   0.629 |    8.800 | 
     |                           | src_ack_async[11] ^ |        | 0.000 |   0.629 |    8.800 | 
     +---------------------------------------------------------------------------------------+ 
Path 51: MET Late External Delay Assertion 
Endpoint:   src_ack_async[8]          (^) checked with  leading edge of 'clk'
Beginpoint: reset_release_q_reg[1]/QN (v) triggered by  leading edge of 'clk'
Path Groups: {clk}
Analysis View: setup_view
Other End Arrival Time          0.000
- External Delay                1.000
+ Phase Shift                  10.000
- Uncertainty                   0.200
= Required Time                 8.800
- Arrival Time                  0.629
= Slack Time                    8.171
     Clock Rise Edge                 0.000
     + Clock Network Latency (Prop)  -0.001
     = Beginpoint Arrival Time       -0.001
     +--------------------------------------------------------------------------------------+ 
     |         Instance          |        Arc         |  Cell  | Delay | Arrival | Required | 
     |                           |                    |        |       |  Time   |   Time   | 
     |---------------------------+--------------------+--------+-------+---------+----------| 
     | reset_release_q_reg[1]    | CK ^               |        |       |  -0.001 |    8.171 | 
     | reset_release_q_reg[1]    | CK ^ -> QN v       | DFFRX1 | 0.296 |   0.296 |    8.467 | 
     | FE_OFC0_reset_release_q_1 | A v -> Y v         | BUFX3  | 0.175 |   0.471 |    8.642 | 
     | g6120__1705               | A v -> Y ^         | NOR2XL | 0.158 |   0.629 |    8.800 | 
     |                           | src_ack_async[8] ^ |        | 0.000 |   0.629 |    8.800 | 
     +--------------------------------------------------------------------------------------+ 
Path 52: MET Late External Delay Assertion 
Endpoint:   src_ack_async[14]         (^) checked with  leading edge of 'clk'
Beginpoint: reset_release_q_reg[1]/QN (v) triggered by  leading edge of 'clk'
Path Groups: {clk}
Analysis View: setup_view
Other End Arrival Time          0.000
- External Delay                1.000
+ Phase Shift                  10.000
- Uncertainty                   0.200
= Required Time                 8.800
- Arrival Time                  0.628
= Slack Time                    8.172
     Clock Rise Edge                 0.000
     + Clock Network Latency (Prop)  -0.001
     = Beginpoint Arrival Time       -0.001
     +---------------------------------------------------------------------------------------+ 
     |         Instance          |         Arc         |  Cell  | Delay | Arrival | Required | 
     |                           |                     |        |       |  Time   |   Time   | 
     |---------------------------+---------------------+--------+-------+---------+----------| 
     | reset_release_q_reg[1]    | CK ^                |        |       |  -0.001 |    8.172 | 
     | reset_release_q_reg[1]    | CK ^ -> QN v        | DFFRX1 | 0.296 |   0.296 |    8.468 | 
     | FE_OFC0_reset_release_q_1 | A v -> Y v          | BUFX3  | 0.175 |   0.471 |    8.643 | 
     | g6117__7482               | A v -> Y ^          | NOR2XL | 0.157 |   0.628 |    8.800 | 
     |                           | src_ack_async[14] ^ |        | 0.000 |   0.628 |    8.800 | 
     +---------------------------------------------------------------------------------------+ 
Path 53: MET Late External Delay Assertion 
Endpoint:   src_ack_async[13]         (^) checked with  leading edge of 'clk'
Beginpoint: reset_release_q_reg[1]/QN (v) triggered by  leading edge of 'clk'
Path Groups: {clk}
Analysis View: setup_view
Other End Arrival Time          0.000
- External Delay                1.000
+ Phase Shift                  10.000
- Uncertainty                   0.200
= Required Time                 8.800
- Arrival Time                  0.627
= Slack Time                    8.173
     Clock Rise Edge                 0.000
     + Clock Network Latency (Prop)  -0.001
     = Beginpoint Arrival Time       -0.001
     +---------------------------------------------------------------------------------------+ 
     |         Instance          |         Arc         |  Cell  | Delay | Arrival | Required | 
     |                           |                     |        |       |  Time   |   Time   | 
     |---------------------------+---------------------+--------+-------+---------+----------| 
     | reset_release_q_reg[1]    | CK ^                |        |       |  -0.001 |    8.172 | 
     | reset_release_q_reg[1]    | CK ^ -> QN v        | DFFRX1 | 0.296 |   0.296 |    8.468 | 
     | FE_OFC0_reset_release_q_1 | A v -> Y v          | BUFX3  | 0.175 |   0.471 |    8.644 | 
     | g6130__3680               | A v -> Y ^          | NOR2XL | 0.156 |   0.627 |    8.800 | 
     |                           | src_ack_async[13] ^ |        | 0.000 |   0.627 |    8.800 | 
     +---------------------------------------------------------------------------------------+ 
Path 54: MET Late External Delay Assertion 
Endpoint:   src_ack_async[6]          (^) checked with  leading edge of 'clk'
Beginpoint: reset_release_q_reg[1]/QN (v) triggered by  leading edge of 'clk'
Path Groups: {clk}
Analysis View: setup_view
Other End Arrival Time          0.000
- External Delay                1.000
+ Phase Shift                  10.000
- Uncertainty                   0.200
= Required Time                 8.800
- Arrival Time                  0.627
= Slack Time                    8.173
     Clock Rise Edge                 0.000
     + Clock Network Latency (Prop)  -0.001
     = Beginpoint Arrival Time       -0.001
     +--------------------------------------------------------------------------------------+ 
     |         Instance          |        Arc         |  Cell  | Delay | Arrival | Required | 
     |                           |                    |        |       |  Time   |   Time   | 
     |---------------------------+--------------------+--------+-------+---------+----------| 
     | reset_release_q_reg[1]    | CK ^               |        |       |  -0.001 |    8.172 | 
     | reset_release_q_reg[1]    | CK ^ -> QN v       | DFFRX1 | 0.296 |   0.296 |    8.469 | 
     | FE_OFC0_reset_release_q_1 | A v -> Y v         | BUFX3  | 0.175 |   0.471 |    8.644 | 
     | g6124__9945               | A v -> Y ^         | NOR2XL | 0.156 |   0.627 |    8.800 | 
     |                           | src_ack_async[6] ^ |        | 0.000 |   0.627 |    8.800 | 
     +--------------------------------------------------------------------------------------+ 
Path 55: MET Late External Delay Assertion 
Endpoint:   out_valid                 (^) checked with  leading edge of 'clk'
Beginpoint: reset_release_q_reg[1]/QN (v) triggered by  leading edge of 'clk'
Path Groups: {clk}
Analysis View: setup_view
Other End Arrival Time          0.000
- External Delay                1.000
+ Phase Shift                  10.000
- Uncertainty                   0.200
= Required Time                 8.800
- Arrival Time                  0.627
= Slack Time                    8.173
     Clock Rise Edge                 0.000
     + Clock Network Latency (Prop)  -0.001
     = Beginpoint Arrival Time       -0.001
     +---------------------------------------------------------------------------------+ 
     |         Instance          |     Arc      |  Cell   | Delay | Arrival | Required | 
     |                           |              |         |       |  Time   |   Time   | 
     |---------------------------+--------------+---------+-------+---------+----------| 
     | reset_release_q_reg[1]    | CK ^         |         |       |  -0.001 |    8.173 | 
     | reset_release_q_reg[1]    | CK ^ -> QN v | DFFRX1  | 0.296 |   0.296 |    8.469 | 
     | FE_OFC0_reset_release_q_1 | A v -> Y v   | BUFX3   | 0.175 |   0.471 |    8.644 | 
     | g6123__2883               | B v -> Y ^   | NOR2BX1 | 0.156 |   0.627 |    8.800 | 
     |                           | out_valid ^  |         | 0.000 |   0.627 |    8.800 | 
     +---------------------------------------------------------------------------------+ 
Path 56: MET Late External Delay Assertion 
Endpoint:   src_ack_async[9]          (^) checked with  leading edge of 'clk'
Beginpoint: reset_release_q_reg[1]/QN (v) triggered by  leading edge of 'clk'
Path Groups: {clk}
Analysis View: setup_view
Other End Arrival Time          0.000
- External Delay                1.000
+ Phase Shift                  10.000
- Uncertainty                   0.200
= Required Time                 8.800
- Arrival Time                  0.627
= Slack Time                    8.173
     Clock Rise Edge                 0.000
     + Clock Network Latency (Prop)  -0.001
     = Beginpoint Arrival Time       -0.001
     +--------------------------------------------------------------------------------------+ 
     |         Instance          |        Arc         |  Cell  | Delay | Arrival | Required | 
     |                           |                    |        |       |  Time   |   Time   | 
     |---------------------------+--------------------+--------+-------+---------+----------| 
     | reset_release_q_reg[1]    | CK ^               |        |       |  -0.001 |    8.173 | 
     | reset_release_q_reg[1]    | CK ^ -> QN v       | DFFRX1 | 0.296 |   0.296 |    8.469 | 
     | FE_OFC0_reset_release_q_1 | A v -> Y v         | BUFX3  | 0.175 |   0.471 |    8.644 | 
     | g6131__6783               | A v -> Y ^         | NOR2XL | 0.156 |   0.627 |    8.800 | 
     |                           | src_ack_async[9] ^ |        | 0.000 |   0.627 |    8.800 | 
     +--------------------------------------------------------------------------------------+ 
Path 57: MET Late External Delay Assertion 
Endpoint:   src_ack_async[5]          (^) checked with  leading edge of 'clk'
Beginpoint: reset_release_q_reg[1]/QN (v) triggered by  leading edge of 'clk'
Path Groups: {clk}
Analysis View: setup_view
Other End Arrival Time          0.000
- External Delay                1.000
+ Phase Shift                  10.000
- Uncertainty                   0.200
= Required Time                 8.800
- Arrival Time                  0.625
= Slack Time                    8.175
     Clock Rise Edge                 0.000
     + Clock Network Latency (Prop)  -0.001
     = Beginpoint Arrival Time       -0.001
     +--------------------------------------------------------------------------------------+ 
     |         Instance          |        Arc         |  Cell  | Delay | Arrival | Required | 
     |                           |                    |        |       |  Time   |   Time   | 
     |---------------------------+--------------------+--------+-------+---------+----------| 
     | reset_release_q_reg[1]    | CK ^               |        |       |  -0.001 |    8.174 | 
     | reset_release_q_reg[1]    | CK ^ -> QN v       | DFFRX1 | 0.296 |   0.296 |    8.470 | 
     | FE_OFC0_reset_release_q_1 | A v -> Y v         | BUFX3  | 0.175 |   0.471 |    8.646 | 
     | g6118__5122               | A v -> Y ^         | NOR2XL | 0.154 |   0.625 |    8.800 | 
     |                           | src_ack_async[5] ^ |        | 0.000 |   0.625 |    8.800 | 
     +--------------------------------------------------------------------------------------+ 
Path 58: MET Late External Delay Assertion 
Endpoint:   src_ack_async[4]          (^) checked with  leading edge of 'clk'
Beginpoint: reset_release_q_reg[1]/QN (v) triggered by  leading edge of 'clk'
Path Groups: {clk}
Analysis View: setup_view
Other End Arrival Time          0.000
- External Delay                1.000
+ Phase Shift                  10.000
- Uncertainty                   0.200
= Required Time                 8.800
- Arrival Time                  0.625
= Slack Time                    8.175
     Clock Rise Edge                 0.000
     + Clock Network Latency (Prop)  -0.001
     = Beginpoint Arrival Time       -0.001
     +--------------------------------------------------------------------------------------+ 
     |         Instance          |        Arc         |  Cell  | Delay | Arrival | Required | 
     |                           |                    |        |       |  Time   |   Time   | 
     |---------------------------+--------------------+--------+-------+---------+----------| 
     | reset_release_q_reg[1]    | CK ^               |        |       |  -0.001 |    8.174 | 
     | reset_release_q_reg[1]    | CK ^ -> QN v       | DFFRX1 | 0.296 |   0.296 |    8.471 | 
     | FE_OFC0_reset_release_q_1 | A v -> Y v         | BUFX3  | 0.175 |   0.471 |    8.646 | 
     | g6126__6131               | A v -> Y ^         | NOR2XL | 0.154 |   0.625 |    8.800 | 
     |                           | src_ack_async[4] ^ |        | 0.000 |   0.625 |    8.800 | 
     +--------------------------------------------------------------------------------------+ 
Path 59: MET Late External Delay Assertion 
Endpoint:   src_ack_async[10]         (^) checked with  leading edge of 'clk'
Beginpoint: reset_release_q_reg[1]/QN (v) triggered by  leading edge of 'clk'
Path Groups: {clk}
Analysis View: setup_view
Other End Arrival Time          0.000
- External Delay                1.000
+ Phase Shift                  10.000
- Uncertainty                   0.200
= Required Time                 8.800
- Arrival Time                  0.625
= Slack Time                    8.175
     Clock Rise Edge                 0.000
     + Clock Network Latency (Prop)  -0.001
     = Beginpoint Arrival Time       -0.001
     +---------------------------------------------------------------------------------------+ 
     |         Instance          |         Arc         |  Cell  | Delay | Arrival | Required | 
     |                           |                     |        |       |  Time   |   Time   | 
     |---------------------------+---------------------+--------+-------+---------+----------| 
     | reset_release_q_reg[1]    | CK ^                |        |       |  -0.001 |    8.174 | 
     | reset_release_q_reg[1]    | CK ^ -> QN v        | DFFRX1 | 0.296 |   0.296 |    8.471 | 
     | FE_OFC0_reset_release_q_1 | A v -> Y v          | BUFX3  | 0.175 |   0.471 |    8.646 | 
     | g6127__2802               | A v -> Y ^          | NOR2XL | 0.154 |   0.625 |    8.800 | 
     |                           | src_ack_async[10] ^ |        | 0.000 |   0.625 |    8.800 | 
     +---------------------------------------------------------------------------------------+ 
Path 60: MET Late External Delay Assertion 
Endpoint:   out_addr[0]         (v) checked with  leading edge of 'clk'
Beginpoint: out_addr_q_reg[0]/Q (v) triggered by  leading edge of 'clk'
Path Groups: {clk}
Analysis View: setup_view
Other End Arrival Time          0.000
- External Delay                1.000
+ Phase Shift                  10.000
- Uncertainty                   0.200
= Required Time                 8.800
- Arrival Time                  0.224
= Slack Time                    8.576
     Clock Rise Edge                 0.000
     + Clock Network Latency (Prop)  -0.000
     = Beginpoint Arrival Time       -0.000
     +-------------------------------------------------------------------------+ 
     |     Instance      |      Arc      |  Cell  | Delay | Arrival | Required | 
     |                   |               |        |       |  Time   |   Time   | 
     |-------------------+---------------+--------+-------+---------+----------| 
     | out_addr_q_reg[0] | CK ^          |        |       |  -0.000 |    8.576 | 
     | out_addr_q_reg[0] | CK ^ -> Q v   | DFFQXL | 0.225 |   0.224 |    8.800 | 
     |                   | out_addr[0] v |        | 0.000 |   0.224 |    8.800 | 
     +-------------------------------------------------------------------------+ 
Path 61: MET Late External Delay Assertion 
Endpoint:   out_addr[1]         (v) checked with  leading edge of 'clk'
Beginpoint: out_addr_q_reg[1]/Q (v) triggered by  leading edge of 'clk'
Path Groups: {clk}
Analysis View: setup_view
Other End Arrival Time          0.000
- External Delay                1.000
+ Phase Shift                  10.000
- Uncertainty                   0.200
= Required Time                 8.800
- Arrival Time                  0.212
= Slack Time                    8.588
     Clock Rise Edge                 0.000
     + Clock Network Latency (Prop)  -0.000
     = Beginpoint Arrival Time       -0.000
     +-------------------------------------------------------------------------+ 
     |     Instance      |      Arc      |  Cell  | Delay | Arrival | Required | 
     |                   |               |        |       |  Time   |   Time   | 
     |-------------------+---------------+--------+-------+---------+----------| 
     | out_addr_q_reg[1] | CK ^          |        |       |  -0.000 |    8.587 | 
     | out_addr_q_reg[1] | CK ^ -> Q v   | DFFQXL | 0.213 |   0.212 |    8.800 | 
     |                   | out_addr[1] v |        | 0.000 |   0.212 |    8.800 | 
     +-------------------------------------------------------------------------+ 
Path 62: MET Late External Delay Assertion 
Endpoint:   out_addr[2]         (v) checked with  leading edge of 'clk'
Beginpoint: out_addr_q_reg[2]/Q (v) triggered by  leading edge of 'clk'
Path Groups: {clk}
Analysis View: setup_view
Other End Arrival Time          0.000
- External Delay                1.000
+ Phase Shift                  10.000
- Uncertainty                   0.200
= Required Time                 8.800
- Arrival Time                  0.212
= Slack Time                    8.588
     Clock Rise Edge                 0.000
     + Clock Network Latency (Prop)  -0.000
     = Beginpoint Arrival Time       -0.000
     +-------------------------------------------------------------------------+ 
     |     Instance      |      Arc      |  Cell  | Delay | Arrival | Required | 
     |                   |               |        |       |  Time   |   Time   | 
     |-------------------+---------------+--------+-------+---------+----------| 
     | out_addr_q_reg[2] | CK ^          |        |       |  -0.000 |    8.587 | 
     | out_addr_q_reg[2] | CK ^ -> Q v   | DFFQXL | 0.213 |   0.212 |    8.800 | 
     |                   | out_addr[2] v |        | 0.000 |   0.212 |    8.800 | 
     +-------------------------------------------------------------------------+ 
Path 63: MET Late External Delay Assertion 
Endpoint:   out_addr[3]         (v) checked with  leading edge of 'clk'
Beginpoint: out_addr_q_reg[3]/Q (v) triggered by  leading edge of 'clk'
Path Groups: {clk}
Analysis View: setup_view
Other End Arrival Time          0.000
- External Delay                1.000
+ Phase Shift                  10.000
- Uncertainty                   0.200
= Required Time                 8.800
- Arrival Time                  0.209
= Slack Time                    8.591
     Clock Rise Edge                 0.000
     + Clock Network Latency (Prop)  -0.000
     = Beginpoint Arrival Time       -0.000
     +-------------------------------------------------------------------------+ 
     |     Instance      |      Arc      |  Cell  | Delay | Arrival | Required | 
     |                   |               |        |       |  Time   |   Time   | 
     |-------------------+---------------+--------+-------+---------+----------| 
     | out_addr_q_reg[3] | CK ^          |        |       |  -0.000 |    8.591 | 
     | out_addr_q_reg[3] | CK ^ -> Q v   | DFFQXL | 0.209 |   0.209 |    8.800 | 
     |                   | out_addr[3] v |        | 0.000 |   0.209 |    8.800 | 
     +-------------------------------------------------------------------------+ 
Path 64: MET Setup Check with Pin ack_q_reg[11]/CK 
Endpoint:   ack_q_reg[11]/D           (^) checked with  leading edge of 'clk'
Beginpoint: reset_release_q_reg[1]/QN (v) triggered by  leading edge of 'clk'
Path Groups: {clk}
Analysis View: setup_view
Other End Arrival Time          0.001
- Setup                         0.194
+ Phase Shift                  10.000
- Uncertainty                   0.200
= Required Time                 9.607
- Arrival Time                  0.668
= Slack Time                    8.939
     Clock Rise Edge                 0.000
     + Clock Network Latency (Prop)  -0.001
     = Beginpoint Arrival Time       -0.001
     +----------------------------------------------------------------------------------+ 
     |         Instance          |     Arc      |   Cell   | Delay | Arrival | Required | 
     |                           |              |          |       |  Time   |   Time   | 
     |---------------------------+--------------+----------+-------+---------+----------| 
     | reset_release_q_reg[1]    | CK ^         |          |       |  -0.001 |    8.938 | 
     | reset_release_q_reg[1]    | CK ^ -> QN v | DFFRX1   | 0.296 |   0.296 |    9.234 | 
     | FE_OFC0_reset_release_q_1 | A v -> Y v   | BUFX3    | 0.175 |   0.471 |    9.410 | 
     | g6100__4319               | C0 v -> Y ^  | AOI211XL | 0.198 |   0.668 |    9.607 | 
     | ack_q_reg[11]             | D ^          | DFFQXL   | 0.000 |   0.668 |    9.607 | 
     +----------------------------------------------------------------------------------+ 
Path 65: MET Setup Check with Pin ack_q_reg[10]/CK 
Endpoint:   ack_q_reg[10]/D           (^) checked with  leading edge of 'clk'
Beginpoint: reset_release_q_reg[1]/QN (v) triggered by  leading edge of 'clk'
Path Groups: {clk}
Analysis View: setup_view
Other End Arrival Time          0.001
- Setup                         0.190
+ Phase Shift                  10.000
- Uncertainty                   0.200
= Required Time                 9.611
- Arrival Time                  0.665
= Slack Time                    8.946
     Clock Rise Edge                 0.000
     + Clock Network Latency (Prop)  -0.001
     = Beginpoint Arrival Time       -0.001
     +----------------------------------------------------------------------------------+ 
     |         Instance          |     Arc      |   Cell   | Delay | Arrival | Required | 
     |                           |              |          |       |  Time   |   Time   | 
     |---------------------------+--------------+----------+-------+---------+----------| 
     | reset_release_q_reg[1]    | CK ^         |          |       |  -0.001 |    8.945 | 
     | reset_release_q_reg[1]    | CK ^ -> QN v | DFFRX1   | 0.296 |   0.296 |    9.242 | 
     | FE_OFC0_reset_release_q_1 | A v -> Y v   | BUFX3    | 0.175 |   0.471 |    9.417 | 
     | g6114__5115               | C0 v -> Y ^  | AOI211XL | 0.194 |   0.665 |    9.611 | 
     | ack_q_reg[10]             | D ^          | DFFQXL   | 0.000 |   0.665 |    9.611 | 
     +----------------------------------------------------------------------------------+ 
Path 66: MET Setup Check with Pin ack_q_reg[7]/CK 
Endpoint:   ack_q_reg[7]/D            (^) checked with  leading edge of 'clk'
Beginpoint: reset_release_q_reg[1]/QN (v) triggered by  leading edge of 'clk'
Path Groups: {clk}
Analysis View: setup_view
Other End Arrival Time          0.001
- Setup                         0.177
+ Phase Shift                  10.000
- Uncertainty                   0.200
= Required Time                 9.624
- Arrival Time                  0.671
= Slack Time                    8.953
     Clock Rise Edge                 0.000
     + Clock Network Latency (Prop)  -0.001
     = Beginpoint Arrival Time       -0.001
     +----------------------------------------------------------------------------------+ 
     |         Instance          |     Arc      |   Cell   | Delay | Arrival | Required | 
     |                           |              |          |       |  Time   |   Time   | 
     |---------------------------+--------------+----------+-------+---------+----------| 
     | reset_release_q_reg[1]    | CK ^         |          |       |  -0.001 |    8.952 | 
     | reset_release_q_reg[1]    | CK ^ -> QN v | DFFRX1   | 0.296 |   0.296 |    9.249 | 
     | FE_OFC0_reset_release_q_1 | A v -> Y v   | BUFX3    | 0.175 |   0.471 |    9.424 | 
     | g6109__5526               | C0 v -> Y ^  | AOI211XL | 0.200 |   0.671 |    9.624 | 
     | ack_q_reg[7]              | D ^          | DFFQXL   | 0.000 |   0.671 |    9.624 | 
     +----------------------------------------------------------------------------------+ 
Path 67: MET Setup Check with Pin ack_q_reg[4]/CK 
Endpoint:   ack_q_reg[4]/D            (^) checked with  leading edge of 'clk'
Beginpoint: reset_release_q_reg[1]/QN (v) triggered by  leading edge of 'clk'
Path Groups: {clk}
Analysis View: setup_view
Other End Arrival Time          0.001
- Setup                         0.168
+ Phase Shift                  10.000
- Uncertainty                   0.200
= Required Time                 9.633
- Arrival Time                  0.660
= Slack Time                    8.973
     Clock Rise Edge                 0.000
     + Clock Network Latency (Prop)  -0.001
     = Beginpoint Arrival Time       -0.001
     +----------------------------------------------------------------------------------+ 
     |         Instance          |     Arc      |   Cell   | Delay | Arrival | Required | 
     |                           |              |          |       |  Time   |   Time   | 
     |---------------------------+--------------+----------+-------+---------+----------| 
     | reset_release_q_reg[1]    | CK ^         |          |       |  -0.001 |    8.972 | 
     | reset_release_q_reg[1]    | CK ^ -> QN v | DFFRX1   | 0.296 |   0.296 |    9.268 | 
     | FE_OFC0_reset_release_q_1 | A v -> Y v   | BUFX3    | 0.175 |   0.471 |    9.444 | 
     | g6108__1705               | C0 v -> Y ^  | AOI211XL | 0.190 |   0.660 |    9.633 | 
     | ack_q_reg[4]              | D ^          | DFFQXL   | 0.000 |   0.660 |    9.633 | 
     +----------------------------------------------------------------------------------+ 
Path 68: MET Setup Check with Pin ack_q_reg[0]/CK 
Endpoint:   ack_q_reg[0]/D            (^) checked with  leading edge of 'clk'
Beginpoint: reset_release_q_reg[1]/QN (v) triggered by  leading edge of 'clk'
Path Groups: {clk}
Analysis View: setup_view
Other End Arrival Time          0.001
- Setup                         0.168
+ Phase Shift                  10.000
- Uncertainty                   0.200
= Required Time                 9.633
- Arrival Time                  0.659
= Slack Time                    8.974
     Clock Rise Edge                 0.000
     + Clock Network Latency (Prop)  -0.001
     = Beginpoint Arrival Time       -0.001
     +----------------------------------------------------------------------------------+ 
     |         Instance          |     Arc      |   Cell   | Delay | Arrival | Required | 
     |                           |              |          |       |  Time   |   Time   | 
     |---------------------------+--------------+----------+-------+---------+----------| 
     | reset_release_q_reg[1]    | CK ^         |          |       |  -0.001 |    8.974 | 
     | reset_release_q_reg[1]    | CK ^ -> QN v | DFFRX1   | 0.296 |   0.296 |    9.270 | 
     | FE_OFC0_reset_release_q_1 | A v -> Y v   | BUFX3    | 0.175 |   0.471 |    9.445 | 
     | g6103__5122               | C0 v -> Y ^  | AOI211XL | 0.188 |   0.659 |    9.633 | 
     | ack_q_reg[0]              | D ^          | DFFQXL   | 0.000 |   0.659 |    9.633 | 
     +----------------------------------------------------------------------------------+ 
Path 69: MET Setup Check with Pin ack_q_reg[3]/CK 
Endpoint:   ack_q_reg[3]/D            (^) checked with  leading edge of 'clk'
Beginpoint: reset_release_q_reg[1]/QN (v) triggered by  leading edge of 'clk'
Path Groups: {clk}
Analysis View: setup_view
Other End Arrival Time          0.001
- Setup                         0.167
+ Phase Shift                  10.000
- Uncertainty                   0.200
= Required Time                 9.634
- Arrival Time                  0.659
= Slack Time                    8.975
     Clock Rise Edge                 0.000
     + Clock Network Latency (Prop)  -0.001
     = Beginpoint Arrival Time       -0.001
     +----------------------------------------------------------------------------------+ 
     |         Instance          |     Arc      |   Cell   | Delay | Arrival | Required | 
     |                           |              |          |       |  Time   |   Time   | 
     |---------------------------+--------------+----------+-------+---------+----------| 
     | reset_release_q_reg[1]    | CK ^         |          |       |  -0.001 |    8.974 | 
     | reset_release_q_reg[1]    | CK ^ -> QN v | DFFRX1   | 0.296 |   0.296 |    9.271 | 
     | FE_OFC0_reset_release_q_1 | A v -> Y v   | BUFX3    | 0.175 |   0.471 |    9.446 | 
     | g6107__2802               | C0 v -> Y ^  | AOI211XL | 0.188 |   0.659 |    9.634 | 
     | ack_q_reg[3]              | D ^          | DFFQXL   | 0.000 |   0.659 |    9.634 | 
     +----------------------------------------------------------------------------------+ 
Path 70: MET Setup Check with Pin ack_q_reg[2]/CK 
Endpoint:   ack_q_reg[2]/D            (^) checked with  leading edge of 'clk'
Beginpoint: reset_release_q_reg[1]/QN (v) triggered by  leading edge of 'clk'
Path Groups: {clk}
Analysis View: setup_view
Other End Arrival Time          0.001
- Setup                         0.166
+ Phase Shift                  10.000
- Uncertainty                   0.200
= Required Time                 9.635
- Arrival Time                  0.659
= Slack Time                    8.976
     Clock Rise Edge                 0.000
     + Clock Network Latency (Prop)  -0.001
     = Beginpoint Arrival Time       -0.001
     +----------------------------------------------------------------------------------+ 
     |         Instance          |     Arc      |   Cell   | Delay | Arrival | Required | 
     |                           |              |          |       |  Time   |   Time   | 
     |---------------------------+--------------+----------+-------+---------+----------| 
     | reset_release_q_reg[1]    | CK ^         |          |       |  -0.001 |    8.975 | 
     | reset_release_q_reg[1]    | CK ^ -> QN v | DFFRX1   | 0.296 |   0.296 |    9.272 | 
     | FE_OFC0_reset_release_q_1 | A v -> Y v   | BUFX3    | 0.175 |   0.471 |    9.447 | 
     | g6106__1617               | C0 v -> Y ^  | AOI211XL | 0.188 |   0.659 |    9.635 | 
     | ack_q_reg[2]              | D ^          | DFFQXL   | 0.000 |   0.659 |    9.635 | 
     +----------------------------------------------------------------------------------+ 
Path 71: MET Setup Check with Pin ack_q_reg[1]/CK 
Endpoint:   ack_q_reg[1]/D            (^) checked with  leading edge of 'clk'
Beginpoint: reset_release_q_reg[1]/QN (v) triggered by  leading edge of 'clk'
Path Groups: {clk}
Analysis View: setup_view
Other End Arrival Time          0.001
- Setup                         0.163
+ Phase Shift                  10.000
- Uncertainty                   0.200
= Required Time                 9.638
- Arrival Time                  0.654
= Slack Time                    8.984
     Clock Rise Edge                 0.000
     + Clock Network Latency (Prop)  -0.001
     = Beginpoint Arrival Time       -0.001
     +----------------------------------------------------------------------------------+ 
     |         Instance          |     Arc      |   Cell   | Delay | Arrival | Required | 
     |                           |              |          |       |  Time   |   Time   | 
     |---------------------------+--------------+----------+-------+---------+----------| 
     | reset_release_q_reg[1]    | CK ^         |          |       |  -0.001 |    8.983 | 
     | reset_release_q_reg[1]    | CK ^ -> QN v | DFFRX1   | 0.296 |   0.296 |    9.279 | 
     | FE_OFC0_reset_release_q_1 | A v -> Y v   | BUFX3    | 0.175 |   0.471 |    9.455 | 
     | g6115__6260               | C0 v -> Y ^  | AOI211XL | 0.183 |   0.654 |    9.638 | 
     | ack_q_reg[1]              | D ^          | DFFQXL   | 0.000 |   0.654 |    9.638 | 
     +----------------------------------------------------------------------------------+ 
Path 72: MET Setup Check with Pin ack_q_reg[9]/CK 
Endpoint:   ack_q_reg[9]/D            (^) checked with  leading edge of 'clk'
Beginpoint: reset_release_q_reg[1]/QN (v) triggered by  leading edge of 'clk'
Path Groups: {clk}
Analysis View: setup_view
Other End Arrival Time          0.001
- Setup                         0.162
+ Phase Shift                  10.000
- Uncertainty                   0.200
= Required Time                 9.639
- Arrival Time                  0.652
= Slack Time                    8.987
     Clock Rise Edge                 0.000
     + Clock Network Latency (Prop)  -0.001
     = Beginpoint Arrival Time       -0.001
     +----------------------------------------------------------------------------------+ 
     |         Instance          |     Arc      |   Cell   | Delay | Arrival | Required | 
     |                           |              |          |       |  Time   |   Time   | 
     |---------------------------+--------------+----------+-------+---------+----------| 
     | reset_release_q_reg[1]    | CK ^         |          |       |  -0.001 |    8.986 | 
     | reset_release_q_reg[1]    | CK ^ -> QN v | DFFRX1   | 0.296 |   0.296 |    9.283 | 
     | FE_OFC0_reset_release_q_1 | A v -> Y v   | BUFX3    | 0.175 |   0.471 |    9.458 | 
     | g6112__6131               | C0 v -> Y ^  | AOI211XL | 0.181 |   0.652 |    9.639 | 
     | ack_q_reg[9]              | D ^          | DFFQXL   | 0.000 |   0.652 |    9.639 | 
     +----------------------------------------------------------------------------------+ 
Path 73: MET Setup Check with Pin ack_q_reg[15]/CK 
Endpoint:   ack_q_reg[15]/D           (^) checked with  leading edge of 'clk'
Beginpoint: reset_release_q_reg[1]/QN (v) triggered by  leading edge of 'clk'
Path Groups: {clk}
Analysis View: setup_view
Other End Arrival Time          0.001
- Setup                         0.160
+ Phase Shift                  10.000
- Uncertainty                   0.200
= Required Time                 9.641
- Arrival Time                  0.651
= Slack Time                    8.990
     Clock Rise Edge                 0.000
     + Clock Network Latency (Prop)  -0.001
     = Beginpoint Arrival Time       -0.001
     +----------------------------------------------------------------------------------+ 
     |         Instance          |     Arc      |   Cell   | Delay | Arrival | Required | 
     |                           |              |          |       |  Time   |   Time   | 
     |---------------------------+--------------+----------+-------+---------+----------| 
     | reset_release_q_reg[1]    | CK ^         |          |       |  -0.001 |    8.989 | 
     | reset_release_q_reg[1]    | CK ^ -> QN v | DFFRX1   | 0.296 |   0.296 |    9.285 | 
     | FE_OFC0_reset_release_q_1 | A v -> Y v   | BUFX3    | 0.175 |   0.471 |    9.461 | 
     | g6105__3680               | C0 v -> Y ^  | AOI211XL | 0.180 |   0.651 |    9.641 | 
     | ack_q_reg[15]             | D ^          | DFFQXL   | 0.000 |   0.651 |    9.641 | 
     +----------------------------------------------------------------------------------+ 
Path 74: MET Setup Check with Pin ack_q_reg[6]/CK 
Endpoint:   ack_q_reg[6]/D            (^) checked with  leading edge of 'clk'
Beginpoint: reset_release_q_reg[1]/QN (v) triggered by  leading edge of 'clk'
Path Groups: {clk}
Analysis View: setup_view
Other End Arrival Time          0.001
- Setup                         0.160
+ Phase Shift                  10.000
- Uncertainty                   0.200
= Required Time                 9.641
- Arrival Time                  0.651
= Slack Time                    8.991
     Clock Rise Edge                 0.000
     + Clock Network Latency (Prop)  -0.001
     = Beginpoint Arrival Time       -0.001
     +----------------------------------------------------------------------------------+ 
     |         Instance          |     Arc      |   Cell   | Delay | Arrival | Required | 
     |                           |              |          |       |  Time   |   Time   | 
     |---------------------------+--------------+----------+-------+---------+----------| 
     | reset_release_q_reg[1]    | CK ^         |          |       |  -0.001 |    8.990 | 
     | reset_release_q_reg[1]    | CK ^ -> QN v | DFFRX1   | 0.296 |   0.296 |    9.286 | 
     | FE_OFC0_reset_release_q_1 | A v -> Y v   | BUFX3    | 0.175 |   0.471 |    9.461 | 
     | g6110__8246               | C0 v -> Y ^  | AOI211XL | 0.180 |   0.651 |    9.641 | 
     | ack_q_reg[6]              | D ^          | DFFQXL   | 0.000 |   0.651 |    9.641 | 
     +----------------------------------------------------------------------------------+ 
Path 75: MET Setup Check with Pin ack_q_reg[5]/CK 
Endpoint:   ack_q_reg[5]/D            (^) checked with  leading edge of 'clk'
Beginpoint: reset_release_q_reg[1]/QN (v) triggered by  leading edge of 'clk'
Path Groups: {clk}
Analysis View: setup_view
Other End Arrival Time          0.001
- Setup                         0.159
+ Phase Shift                  10.000
- Uncertainty                   0.200
= Required Time                 9.642
- Arrival Time                  0.650
= Slack Time                    8.993
     Clock Rise Edge                 0.000
     + Clock Network Latency (Prop)  -0.001
     = Beginpoint Arrival Time       -0.001
     +----------------------------------------------------------------------------------+ 
     |         Instance          |     Arc      |   Cell   | Delay | Arrival | Required | 
     |                           |              |          |       |  Time   |   Time   | 
     |---------------------------+--------------+----------+-------+---------+----------| 
     | reset_release_q_reg[1]    | CK ^         |          |       |  -0.001 |    8.992 | 
     | reset_release_q_reg[1]    | CK ^ -> QN v | DFFRX1   | 0.296 |   0.296 |    9.288 | 
     | FE_OFC0_reset_release_q_1 | A v -> Y v   | BUFX3    | 0.175 |   0.471 |    9.463 | 
     | g6113__1881               | C0 v -> Y ^  | AOI211XL | 0.179 |   0.650 |    9.642 | 
     | ack_q_reg[5]              | D ^          | DFFQXL   | 0.000 |   0.650 |    9.642 | 
     +----------------------------------------------------------------------------------+ 
Path 76: MET Setup Check with Pin ack_q_reg[14]/CK 
Endpoint:   ack_q_reg[14]/D           (^) checked with  leading edge of 'clk'
Beginpoint: reset_release_q_reg[1]/QN (v) triggered by  leading edge of 'clk'
Path Groups: {clk}
Analysis View: setup_view
Other End Arrival Time          0.001
- Setup                         0.159
+ Phase Shift                  10.000
- Uncertainty                   0.200
= Required Time                 9.642
- Arrival Time                  0.649
= Slack Time                    8.993
     Clock Rise Edge                 0.000
     + Clock Network Latency (Prop)  -0.001
     = Beginpoint Arrival Time       -0.001
     +----------------------------------------------------------------------------------+ 
     |         Instance          |     Arc      |   Cell   | Delay | Arrival | Required | 
     |                           |              |          |       |  Time   |   Time   | 
     |---------------------------+--------------+----------+-------+---------+----------| 
     | reset_release_q_reg[1]    | CK ^         |          |       |  -0.001 |    8.992 | 
     | reset_release_q_reg[1]    | CK ^ -> QN v | DFFRX1   | 0.296 |   0.296 |    9.288 | 
     | FE_OFC0_reset_release_q_1 | A v -> Y v   | BUFX3    | 0.175 |   0.471 |    9.464 | 
     | g6104__6783               | C0 v -> Y ^  | AOI211XL | 0.178 |   0.649 |    9.642 | 
     | ack_q_reg[14]             | D ^          | DFFQXL   | 0.000 |   0.649 |    9.642 | 
     +----------------------------------------------------------------------------------+ 
Path 77: MET Setup Check with Pin ack_q_reg[12]/CK 
Endpoint:   ack_q_reg[12]/D           (^) checked with  leading edge of 'clk'
Beginpoint: reset_release_q_reg[1]/QN (v) triggered by  leading edge of 'clk'
Path Groups: {clk}
Analysis View: setup_view
Other End Arrival Time          0.001
- Setup                         0.158
+ Phase Shift                  10.000
- Uncertainty                   0.200
= Required Time                 9.643
- Arrival Time                  0.648
= Slack Time                    8.995
     Clock Rise Edge                 0.000
     + Clock Network Latency (Prop)  -0.001
     = Beginpoint Arrival Time       -0.001
     +----------------------------------------------------------------------------------+ 
     |         Instance          |     Arc      |   Cell   | Delay | Arrival | Required | 
     |                           |              |          |       |  Time   |   Time   | 
     |---------------------------+--------------+----------+-------+---------+----------| 
     | reset_release_q_reg[1]    | CK ^         |          |       |  -0.001 |    8.994 | 
     | reset_release_q_reg[1]    | CK ^ -> QN v | DFFRX1   | 0.296 |   0.296 |    9.290 | 
     | FE_OFC0_reset_release_q_1 | A v -> Y v   | BUFX3    | 0.175 |   0.471 |    9.466 | 
     | g6101__8428               | C0 v -> Y ^  | AOI211XL | 0.177 |   0.648 |    9.643 | 
     | ack_q_reg[12]             | D ^          | DFFQXL   | 0.000 |   0.648 |    9.643 | 
     +----------------------------------------------------------------------------------+ 
Path 78: MET Setup Check with Pin ack_q_reg[13]/CK 
Endpoint:   ack_q_reg[13]/D           (^) checked with  leading edge of 'clk'
Beginpoint: reset_release_q_reg[1]/QN (v) triggered by  leading edge of 'clk'
Path Groups: {clk}
Analysis View: setup_view
Other End Arrival Time          0.001
- Setup                         0.157
+ Phase Shift                  10.000
- Uncertainty                   0.200
= Required Time                 9.644
- Arrival Time                  0.647
= Slack Time                    8.997
     Clock Rise Edge                 0.000
     + Clock Network Latency (Prop)  -0.001
     = Beginpoint Arrival Time       -0.001
     +----------------------------------------------------------------------------------+ 
     |         Instance          |     Arc      |   Cell   | Delay | Arrival | Required | 
     |                           |              |          |       |  Time   |   Time   | 
     |---------------------------+--------------+----------+-------+---------+----------| 
     | reset_release_q_reg[1]    | CK ^         |          |       |  -0.001 |    8.997 | 
     | reset_release_q_reg[1]    | CK ^ -> QN v | DFFRX1   | 0.296 |   0.296 |    9.293 | 
     | FE_OFC0_reset_release_q_1 | A v -> Y v   | BUFX3    | 0.175 |   0.471 |    9.468 | 
     | g6102__5107               | C0 v -> Y ^  | AOI211XL | 0.176 |   0.647 |    9.644 | 
     | ack_q_reg[13]             | D ^          | DFFQXL   | 0.000 |   0.647 |    9.644 | 
     +----------------------------------------------------------------------------------+ 
Path 79: MET Setup Check with Pin ack_q_reg[8]/CK 
Endpoint:   ack_q_reg[8]/D            (^) checked with  leading edge of 'clk'
Beginpoint: reset_release_q_reg[1]/QN (v) triggered by  leading edge of 'clk'
Path Groups: {clk}
Analysis View: setup_view
Other End Arrival Time          0.001
- Setup                         0.156
+ Phase Shift                  10.000
- Uncertainty                   0.200
= Required Time                 9.645
- Arrival Time                  0.645
= Slack Time                    9.000
     Clock Rise Edge                 0.000
     + Clock Network Latency (Prop)  -0.001
     = Beginpoint Arrival Time       -0.001
     +----------------------------------------------------------------------------------+ 
     |         Instance          |     Arc      |   Cell   | Delay | Arrival | Required | 
     |                           |              |          |       |  Time   |   Time   | 
     |---------------------------+--------------+----------+-------+---------+----------| 
     | reset_release_q_reg[1]    | CK ^         |          |       |  -0.001 |    8.999 | 
     | reset_release_q_reg[1]    | CK ^ -> QN v | DFFRX1   | 0.296 |   0.296 |    9.296 | 
     | FE_OFC0_reset_release_q_1 | A v -> Y v   | BUFX3    | 0.175 |   0.471 |    9.471 | 
     | g6111__7098               | C0 v -> Y ^  | AOI211XL | 0.174 |   0.645 |    9.645 | 
     | ack_q_reg[8]              | D ^          | DFFQXL   | 0.000 |   0.645 |    9.645 | 
     +----------------------------------------------------------------------------------+ 
Path 80: MET Recovery Check with Pin reset_release_q_reg[1]/CK 
Endpoint:   reset_release_q_reg[1]/RN (^) checked with  leading edge of 'clk'
Beginpoint: rst_n                     (^) triggered by  leading edge of '@'
Path Groups: {async_default}
Analysis View: setup_view
Other End Arrival Time          0.001
- Recovery                     -0.045
+ Phase Shift                  10.000
- Uncertainty                   0.200
= Required Time                 9.846
- Arrival Time                  0.465
= Slack Time                    9.380
     Clock Rise Edge                      0.000
     + Input Delay                        0.000
     = Beginpoint Arrival Time            0.000
     +---------------------------------------------------------------------------+ 
     |        Instance        |    Arc     |  Cell  | Delay | Arrival | Required | 
     |                        |            |        |       |  Time   |   Time   | 
     |------------------------+------------+--------+-------+---------+----------| 
     |                        | rst_n ^    |        |       |   0.000 |    9.380 | 
     | FE_PHC10_rst_n         | A ^ -> Y ^ | DLY3X1 | 0.465 |   0.465 |    9.846 | 
     | reset_release_q_reg[1] | RN ^       | DFFRX1 | 0.000 |   0.465 |    9.846 | 
     +---------------------------------------------------------------------------+ 
Path 81: MET Recovery Check with Pin reset_release_q_reg[0]/CK 
Endpoint:   reset_release_q_reg[0]/RN (^) checked with  leading edge of 'clk'
Beginpoint: rst_n                     (^) triggered by  leading edge of '@'
Path Groups: {async_default}
Analysis View: setup_view
Other End Arrival Time          0.001
- Recovery                     -0.053
+ Phase Shift                  10.000
- Uncertainty                   0.200
= Required Time                 9.854
- Arrival Time                  0.465
= Slack Time                    9.389
     Clock Rise Edge                      0.000
     + Input Delay                        0.000
     = Beginpoint Arrival Time            0.000
     +-----------------------------------------------------------------------------+ 
     |        Instance        |    Arc     |   Cell   | Delay | Arrival | Required | 
     |                        |            |          |       |  Time   |   Time   | 
     |------------------------+------------+----------+-------+---------+----------| 
     |                        | rst_n ^    |          |       |   0.000 |    9.389 | 
     | FE_PHC10_rst_n         | A ^ -> Y ^ | DLY3X1   | 0.465 |   0.465 |    9.854 | 
     | reset_release_q_reg[0] | RN ^       | DFFRHQX1 | 0.000 |   0.465 |    9.854 | 
     +-----------------------------------------------------------------------------+ 

