###############################################################
#  Generated by:      Cadence Innovus 23.14-s088_1
#  OS:                Linux x86_64(Host ID <REMOTE_HOST>)
#  Generated on:      Wed Aug 26 16:56:19 2026
#  Design:            aer_pending_direct_gray_scr_onehot_tree
#  Command:           report_timing -max_paths 100 > [file join $report_dir postroute_hold_timing.rpt]
###############################################################
Path 1: MET Hold Check with Pin req_sync_q_reg[0]/CK 
Endpoint:   req_sync_q_reg[0]/D (v) checked with  leading edge of 'clk'
Beginpoint: req_meta_q_reg[0]/Q (v) triggered by  leading edge of 'clk'
Path Groups: {clk}
Analysis View: hold_view
Other End Arrival Time          0.001
+ Hold                         -0.001
+ Phase Shift                   0.000
+ Uncertainty                   0.020
= Required Time                 0.020
  Arrival Time                  0.045
  Slack Time                    0.024
     Clock Rise Edge                 0.000
     + Clock Network Latency (Prop)  -0.001
     = Beginpoint Arrival Time       -0.001
     +------------------------------------------------------------------------+ 
     |     Instance      |     Arc     |  Cell   | Delay | Arrival | Required | 
     |                   |             |         |       |  Time   |   Time   | 
     |-------------------+-------------+---------+-------+---------+----------| 
     | req_meta_q_reg[0] | CK ^        |         |       |  -0.001 |   -0.025 | 
     | req_meta_q_reg[0] | CK ^ -> Q v | DFFQXL  | 0.045 |   0.045 |    0.020 | 
     | req_sync_q_reg[0] | D v         | DFFHQX1 | 0.000 |   0.045 |    0.020 | 
     +------------------------------------------------------------------------+ 
Path 2: MET Hold Check with Pin req_sync_q_reg[6]/CK 
Endpoint:   req_sync_q_reg[6]/D (v) checked with  leading edge of 'clk'
Beginpoint: req_meta_q_reg[6]/Q (v) triggered by  leading edge of 'clk'
Path Groups: {clk}
Analysis View: hold_view
Other End Arrival Time          0.001
+ Hold                         -0.000
+ Phase Shift                   0.000
+ Uncertainty                   0.020
= Required Time                 0.020
  Arrival Time                  0.045
  Slack Time                    0.025
     Clock Rise Edge                 0.000
     + Clock Network Latency (Prop)  -0.000
     = Beginpoint Arrival Time       -0.000
     +------------------------------------------------------------------------+ 
     |     Instance      |     Arc     |  Cell   | Delay | Arrival | Required | 
     |                   |             |         |       |  Time   |   Time   | 
     |-------------------+-------------+---------+-------+---------+----------| 
     | req_meta_q_reg[6] | CK ^        |         |       |  -0.000 |   -0.025 | 
     | req_meta_q_reg[6] | CK ^ -> Q v | DFFQXL  | 0.045 |   0.045 |    0.020 | 
     | req_sync_q_reg[6] | D v         | DFFHQX1 | 0.000 |   0.045 |    0.020 | 
     +------------------------------------------------------------------------+ 
Path 3: MET Hold Check with Pin req_sync_q_reg[3]/CK 
Endpoint:   req_sync_q_reg[3]/D (v) checked with  leading edge of 'clk'
Beginpoint: req_meta_q_reg[3]/Q (v) triggered by  leading edge of 'clk'
Path Groups: {clk}
Analysis View: hold_view
Other End Arrival Time          0.001
+ Hold                         -0.001
+ Phase Shift                   0.000
+ Uncertainty                   0.020
= Required Time                 0.020
  Arrival Time                  0.045
  Slack Time                    0.025
     Clock Rise Edge                 0.000
     + Clock Network Latency (Prop)  -0.001
     = Beginpoint Arrival Time       -0.001
     +------------------------------------------------------------------------+ 
     |     Instance      |     Arc     |  Cell   | Delay | Arrival | Required | 
     |                   |             |         |       |  Time   |   Time   | 
     |-------------------+-------------+---------+-------+---------+----------| 
     | req_meta_q_reg[3] | CK ^        |         |       |  -0.001 |   -0.025 | 
     | req_meta_q_reg[3] | CK ^ -> Q v | DFFQXL  | 0.046 |   0.045 |    0.020 | 
     | req_sync_q_reg[3] | D v         | DFFHQX1 | 0.000 |   0.045 |    0.020 | 
     +------------------------------------------------------------------------+ 
Path 4: MET Hold Check with Pin req_sync_q_reg[13]/CK 
Endpoint:   req_sync_q_reg[13]/D (v) checked with  leading edge of 'clk'
Beginpoint: req_meta_q_reg[13]/Q (v) triggered by  leading edge of 'clk'
Path Groups: {clk}
Analysis View: hold_view
Other End Arrival Time          0.001
+ Hold                         -0.000
+ Phase Shift                   0.000
+ Uncertainty                   0.020
= Required Time                 0.021
  Arrival Time                  0.046
  Slack Time                    0.025
     Clock Rise Edge                 0.000
     + Clock Network Latency (Prop)  -0.000
     = Beginpoint Arrival Time       -0.000
     +-------------------------------------------------------------------------+ 
     |      Instance      |     Arc     |  Cell   | Delay | Arrival | Required | 
     |                    |             |         |       |  Time   |   Time   | 
     |--------------------+-------------+---------+-------+---------+----------| 
     | req_meta_q_reg[13] | CK ^        |         |       |  -0.000 |   -0.025 | 
     | req_meta_q_reg[13] | CK ^ -> Q v | DFFQXL  | 0.046 |   0.046 |    0.021 | 
     | req_sync_q_reg[13] | D v         | DFFHQX1 | 0.000 |   0.046 |    0.021 | 
     +-------------------------------------------------------------------------+ 
Path 5: MET Hold Check with Pin req_sync_q_reg[14]/CK 
Endpoint:   req_sync_q_reg[14]/D (v) checked with  leading edge of 'clk'
Beginpoint: req_meta_q_reg[14]/Q (v) triggered by  leading edge of 'clk'
Path Groups: {clk}
Analysis View: hold_view
Other End Arrival Time          0.001
+ Hold                         -0.000
+ Phase Shift                   0.000
+ Uncertainty                   0.020
= Required Time                 0.021
  Arrival Time                  0.047
  Slack Time                    0.026
     Clock Rise Edge                 0.000
     + Clock Network Latency (Prop)  -0.000
     = Beginpoint Arrival Time       -0.000
     +-------------------------------------------------------------------------+ 
     |      Instance      |     Arc     |  Cell   | Delay | Arrival | Required | 
     |                    |             |         |       |  Time   |   Time   | 
     |--------------------+-------------+---------+-------+---------+----------| 
     | req_meta_q_reg[14] | CK ^        |         |       |  -0.000 |   -0.026 | 
     | req_meta_q_reg[14] | CK ^ -> Q v | DFFQXL  | 0.047 |   0.047 |    0.021 | 
     | req_sync_q_reg[14] | D v         | DFFHQX1 | 0.000 |   0.047 |    0.021 | 
     +-------------------------------------------------------------------------+ 
Path 6: MET Hold Check with Pin req_sync_q_reg[9]/CK 
Endpoint:   req_sync_q_reg[9]/D (v) checked with  leading edge of 'clk'
Beginpoint: req_meta_q_reg[9]/Q (v) triggered by  leading edge of 'clk'
Path Groups: {clk}
Analysis View: hold_view
Other End Arrival Time          0.001
+ Hold                         -0.001
+ Phase Shift                   0.000
+ Uncertainty                   0.020
= Required Time                 0.020
  Arrival Time                  0.046
  Slack Time                    0.026
     Clock Rise Edge                 0.000
     + Clock Network Latency (Prop)  -0.000
     = Beginpoint Arrival Time       -0.000
     +------------------------------------------------------------------------+ 
     |     Instance      |     Arc     |  Cell   | Delay | Arrival | Required | 
     |                   |             |         |       |  Time   |   Time   | 
     |-------------------+-------------+---------+-------+---------+----------| 
     | req_meta_q_reg[9] | CK ^        |         |       |  -0.000 |   -0.027 | 
     | req_meta_q_reg[9] | CK ^ -> Q v | DFFQXL  | 0.047 |   0.046 |    0.020 | 
     | req_sync_q_reg[9] | D v         | DFFHQX1 | 0.000 |   0.046 |    0.020 | 
     +------------------------------------------------------------------------+ 
Path 7: MET Hold Check with Pin req_sync_q_reg[2]/CK 
Endpoint:   req_sync_q_reg[2]/D (v) checked with  leading edge of 'clk'
Beginpoint: req_meta_q_reg[2]/Q (v) triggered by  leading edge of 'clk'
Path Groups: {clk}
Analysis View: hold_view
Other End Arrival Time          0.001
+ Hold                         -0.000
+ Phase Shift                   0.000
+ Uncertainty                   0.020
= Required Time                 0.021
  Arrival Time                  0.047
  Slack Time                    0.027
     Clock Rise Edge                 0.000
     + Clock Network Latency (Prop)  -0.001
     = Beginpoint Arrival Time       -0.001
     +------------------------------------------------------------------------+ 
     |     Instance      |     Arc     |  Cell   | Delay | Arrival | Required | 
     |                   |             |         |       |  Time   |   Time   | 
     |-------------------+-------------+---------+-------+---------+----------| 
     | req_meta_q_reg[2] | CK ^        |         |       |  -0.001 |   -0.027 | 
     | req_meta_q_reg[2] | CK ^ -> Q v | DFFQXL  | 0.048 |   0.047 |    0.021 | 
     | req_sync_q_reg[2] | D v         | DFFHQX1 | 0.000 |   0.047 |    0.021 | 
     +------------------------------------------------------------------------+ 
Path 8: MET Hold Check with Pin req_sync_q_reg[4]/CK 
Endpoint:   req_sync_q_reg[4]/D (v) checked with  leading edge of 'clk'
Beginpoint: req_meta_q_reg[4]/Q (v) triggered by  leading edge of 'clk'
Path Groups: {clk}
Analysis View: hold_view
Other End Arrival Time          0.001
+ Hold                         -0.001
+ Phase Shift                   0.000
+ Uncertainty                   0.020
= Required Time                 0.020
  Arrival Time                  0.047
  Slack Time                    0.027
     Clock Rise Edge                 0.000
     + Clock Network Latency (Prop)  -0.001
     = Beginpoint Arrival Time       -0.001
     +------------------------------------------------------------------------+ 
     |     Instance      |     Arc     |  Cell   | Delay | Arrival | Required | 
     |                   |             |         |       |  Time   |   Time   | 
     |-------------------+-------------+---------+-------+---------+----------| 
     | req_meta_q_reg[4] | CK ^        |         |       |  -0.001 |   -0.028 | 
     | req_meta_q_reg[4] | CK ^ -> Q v | DFFQXL  | 0.048 |   0.047 |    0.020 | 
     | req_sync_q_reg[4] | D v         | DFFHQX1 | 0.000 |   0.047 |    0.020 | 
     +------------------------------------------------------------------------+ 
Path 9: MET Hold Check with Pin req_sync_q_reg[5]/CK 
Endpoint:   req_sync_q_reg[5]/D (v) checked with  leading edge of 'clk'
Beginpoint: req_meta_q_reg[5]/Q (v) triggered by  leading edge of 'clk'
Path Groups: {clk}
Analysis View: hold_view
Other End Arrival Time          0.001
+ Hold                         -0.001
+ Phase Shift                   0.000
+ Uncertainty                   0.020
= Required Time                 0.020
  Arrival Time                  0.047
  Slack Time                    0.027
     Clock Rise Edge                 0.000
     + Clock Network Latency (Prop)  -0.000
     = Beginpoint Arrival Time       -0.000
     +------------------------------------------------------------------------+ 
     |     Instance      |     Arc     |  Cell   | Delay | Arrival | Required | 
     |                   |             |         |       |  Time   |   Time   | 
     |-------------------+-------------+---------+-------+---------+----------| 
     | req_meta_q_reg[5] | CK ^        |         |       |  -0.000 |   -0.028 | 
     | req_meta_q_reg[5] | CK ^ -> Q v | DFFQXL  | 0.048 |   0.047 |    0.020 | 
     | req_sync_q_reg[5] | D v         | DFFHQX1 | 0.000 |   0.047 |    0.020 | 
     +------------------------------------------------------------------------+ 
Path 10: MET Hold Check with Pin req_sync_q_reg[7]/CK 
Endpoint:   req_sync_q_reg[7]/D (v) checked with  leading edge of 'clk'
Beginpoint: req_meta_q_reg[7]/Q (v) triggered by  leading edge of 'clk'
Path Groups: {clk}
Analysis View: hold_view
Other End Arrival Time          0.001
+ Hold                         -0.000
+ Phase Shift                   0.000
+ Uncertainty                   0.020
= Required Time                 0.021
  Arrival Time                  0.048
  Slack Time                    0.027
     Clock Rise Edge                 0.000
     + Clock Network Latency (Prop)  -0.000
     = Beginpoint Arrival Time       -0.000
     +------------------------------------------------------------------------+ 
     |     Instance      |     Arc     |  Cell   | Delay | Arrival | Required | 
     |                   |             |         |       |  Time   |   Time   | 
     |-------------------+-------------+---------+-------+---------+----------| 
     | req_meta_q_reg[7] | CK ^        |         |       |  -0.000 |   -0.028 | 
     | req_meta_q_reg[7] | CK ^ -> Q v | DFFQXL  | 0.048 |   0.048 |    0.021 | 
     | req_sync_q_reg[7] | D v         | DFFHQX1 | 0.000 |   0.048 |    0.021 | 
     +------------------------------------------------------------------------+ 
Path 11: MET Hold Check with Pin req_sync_q_reg[1]/CK 
Endpoint:   req_sync_q_reg[1]/D (v) checked with  leading edge of 'clk'
Beginpoint: req_meta_q_reg[1]/Q (v) triggered by  leading edge of 'clk'
Path Groups: {clk}
Analysis View: hold_view
Other End Arrival Time          0.001
+ Hold                         -0.000
+ Phase Shift                   0.000
+ Uncertainty                   0.020
= Required Time                 0.021
  Arrival Time                  0.048
  Slack Time                    0.027
     Clock Rise Edge                 0.000
     + Clock Network Latency (Prop)  -0.000
     = Beginpoint Arrival Time       -0.000
     +------------------------------------------------------------------------+ 
     |     Instance      |     Arc     |  Cell   | Delay | Arrival | Required | 
     |                   |             |         |       |  Time   |   Time   | 
     |-------------------+-------------+---------+-------+---------+----------| 
     | req_meta_q_reg[1] | CK ^        |         |       |  -0.000 |   -0.028 | 
     | req_meta_q_reg[1] | CK ^ -> Q v | DFFQXL  | 0.048 |   0.048 |    0.021 | 
     | req_sync_q_reg[1] | D v         | DFFHQX1 | 0.000 |   0.048 |    0.021 | 
     +------------------------------------------------------------------------+ 
Path 12: MET Hold Check with Pin req_sync_q_reg[8]/CK 
Endpoint:   req_sync_q_reg[8]/D (v) checked with  leading edge of 'clk'
Beginpoint: req_meta_q_reg[8]/Q (v) triggered by  leading edge of 'clk'
Path Groups: {clk}
Analysis View: hold_view
Other End Arrival Time          0.001
+ Hold                         -0.001
+ Phase Shift                   0.000
+ Uncertainty                   0.020
= Required Time                 0.020
  Arrival Time                  0.049
  Slack Time                    0.029
     Clock Rise Edge                 0.000
     + Clock Network Latency (Prop)  -0.000
     = Beginpoint Arrival Time       -0.000
     +------------------------------------------------------------------------+ 
     |     Instance      |     Arc     |  Cell   | Delay | Arrival | Required | 
     |                   |             |         |       |  Time   |   Time   | 
     |-------------------+-------------+---------+-------+---------+----------| 
     | req_meta_q_reg[8] | CK ^        |         |       |  -0.000 |   -0.029 | 
     | req_meta_q_reg[8] | CK ^ -> Q v | DFFQXL  | 0.049 |   0.049 |    0.020 | 
     | req_sync_q_reg[8] | D v         | DFFHQX1 | 0.000 |   0.049 |    0.020 | 
     +------------------------------------------------------------------------+ 
Path 13: MET Hold Check with Pin req_sync_q_reg[11]/CK 
Endpoint:   req_sync_q_reg[11]/D (v) checked with  leading edge of 'clk'
Beginpoint: req_meta_q_reg[11]/Q (v) triggered by  leading edge of 'clk'
Path Groups: {clk}
Analysis View: hold_view
Other End Arrival Time          0.001
+ Hold                         -0.001
+ Phase Shift                   0.000
+ Uncertainty                   0.020
= Required Time                 0.020
  Arrival Time                  0.049
  Slack Time                    0.029
     Clock Rise Edge                 0.000
     + Clock Network Latency (Prop)  -0.000
     = Beginpoint Arrival Time       -0.000
     +-------------------------------------------------------------------------+ 
     |      Instance      |     Arc     |  Cell   | Delay | Arrival | Required | 
     |                    |             |         |       |  Time   |   Time   | 
     |--------------------+-------------+---------+-------+---------+----------| 
     | req_meta_q_reg[11] | CK ^        |         |       |  -0.000 |   -0.029 | 
     | req_meta_q_reg[11] | CK ^ -> Q v | DFFQXL  | 0.050 |   0.049 |    0.020 | 
     | req_sync_q_reg[11] | D v         | DFFHQX1 | 0.000 |   0.049 |    0.020 | 
     +-------------------------------------------------------------------------+ 
Path 14: MET Hold Check with Pin req_sync_q_reg[10]/CK 
Endpoint:   req_sync_q_reg[10]/D (v) checked with  leading edge of 'clk'
Beginpoint: req_meta_q_reg[10]/Q (v) triggered by  leading edge of 'clk'
Path Groups: {clk}
Analysis View: hold_view
Other End Arrival Time          0.001
+ Hold                         -0.001
+ Phase Shift                   0.000
+ Uncertainty                   0.020
= Required Time                 0.020
  Arrival Time                  0.051
  Slack Time                    0.031
     Clock Rise Edge                 0.000
     + Clock Network Latency (Prop)  -0.000
     = Beginpoint Arrival Time       -0.000
     +-------------------------------------------------------------------------+ 
     |      Instance      |     Arc     |  Cell   | Delay | Arrival | Required | 
     |                    |             |         |       |  Time   |   Time   | 
     |--------------------+-------------+---------+-------+---------+----------| 
     | req_meta_q_reg[10] | CK ^        |         |       |  -0.000 |   -0.031 | 
     | req_meta_q_reg[10] | CK ^ -> Q v | DFFQXL  | 0.051 |   0.051 |    0.020 | 
     | req_sync_q_reg[10] | D v         | DFFHQX1 | 0.000 |   0.051 |    0.020 | 
     +-------------------------------------------------------------------------+ 
Path 15: MET Hold Check with Pin req_sync_q_reg[12]/CK 
Endpoint:   req_sync_q_reg[12]/D (v) checked with  leading edge of 'clk'
Beginpoint: req_meta_q_reg[12]/Q (v) triggered by  leading edge of 'clk'
Path Groups: {clk}
Analysis View: hold_view
Other End Arrival Time          0.001
+ Hold                         -0.001
+ Phase Shift                   0.000
+ Uncertainty                   0.020
= Required Time                 0.020
  Arrival Time                  0.051
  Slack Time                    0.032
     Clock Rise Edge                 0.000
     + Clock Network Latency (Prop)  -0.000
     = Beginpoint Arrival Time       -0.000
     +-------------------------------------------------------------------------+ 
     |      Instance      |     Arc     |  Cell   | Delay | Arrival | Required | 
     |                    |             |         |       |  Time   |   Time   | 
     |--------------------+-------------+---------+-------+---------+----------| 
     | req_meta_q_reg[12] | CK ^        |         |       |  -0.000 |   -0.032 | 
     | req_meta_q_reg[12] | CK ^ -> Q v | DFFQXL  | 0.052 |   0.051 |    0.020 | 
     | req_sync_q_reg[12] | D v         | DFFHQX1 | 0.000 |   0.051 |    0.020 | 
     +-------------------------------------------------------------------------+ 
Path 16: MET Hold Check with Pin reset_release_q_reg[1]/CK 
Endpoint:   reset_release_q_reg[1]/D (v) checked with  leading edge of 'clk'
Beginpoint: reset_release_q_reg[0]/Q (v) triggered by  leading edge of 'clk'
Path Groups: {clk}
Analysis View: hold_view
Other End Arrival Time          0.001
+ Hold                         -0.001
+ Phase Shift                   0.000
+ Uncertainty                   0.020
= Required Time                 0.019
  Arrival Time                  0.052
  Slack Time                    0.033
     Clock Rise Edge                 0.000
     + Clock Network Latency (Prop)  -0.001
     = Beginpoint Arrival Time       -0.001
     +------------------------------------------------------------------------------+ 
     |        Instance        |     Arc     |   Cell   | Delay | Arrival | Required | 
     |                        |             |          |       |  Time   |   Time   | 
     |------------------------+-------------+----------+-------+---------+----------| 
     | reset_release_q_reg[0] | CK ^        |          |       |  -0.001 |   -0.034 | 
     | reset_release_q_reg[0] | CK ^ -> Q v | DFFRHQX1 | 0.053 |   0.052 |    0.019 | 
     | reset_release_q_reg[1] | D v         | DFFRX1   | 0.000 |   0.052 |    0.019 | 
     +------------------------------------------------------------------------------+ 
Path 17: MET Hold Check with Pin req_sync_q_reg[15]/CK 
Endpoint:   req_sync_q_reg[15]/D (v) checked with  leading edge of 'clk'
Beginpoint: req_meta_q_reg[15]/Q (v) triggered by  leading edge of 'clk'
Path Groups: {clk}
Analysis View: hold_view
Other End Arrival Time          0.001
+ Hold                         -0.002
+ Phase Shift                   0.000
+ Uncertainty                   0.020
= Required Time                 0.019
  Arrival Time                  0.052
  Slack Time                    0.033
     Clock Rise Edge                 0.000
     + Clock Network Latency (Prop)  -0.000
     = Beginpoint Arrival Time       -0.000
     +-------------------------------------------------------------------------+ 
     |      Instance      |     Arc     |  Cell   | Delay | Arrival | Required | 
     |                    |             |         |       |  Time   |   Time   | 
     |--------------------+-------------+---------+-------+---------+----------| 
     | req_meta_q_reg[15] | CK ^        |         |       |  -0.000 |   -0.034 | 
     | req_meta_q_reg[15] | CK ^ -> Q v | DFFQXL  | 0.052 |   0.052 |    0.019 | 
     | req_sync_q_reg[15] | D v         | DFFHQX1 | 0.000 |   0.052 |    0.019 | 
     +-------------------------------------------------------------------------+ 
Path 18: MET Hold Check with Pin ack_q_reg[12]/CK 
Endpoint:   ack_q_reg[12]/D     (v) checked with  leading edge of 'clk'
Beginpoint: pending_q_reg[12]/Q (^) triggered by  leading edge of 'clk'
Path Groups: {clk}
Analysis View: hold_view
Other End Arrival Time          0.001
+ Hold                         -0.003
+ Phase Shift                   0.000
+ Uncertainty                   0.020
= Required Time                 0.017
  Arrival Time                  0.068
  Slack Time                    0.051
     Clock Rise Edge                 0.000
     + Clock Network Latency (Prop)  -0.000
     = Beginpoint Arrival Time       -0.000
     +-------------------------------------------------------------------------+ 
     |     Instance      |     Arc     |   Cell   | Delay | Arrival | Required | 
     |                   |             |          |       |  Time   |   Time   | 
     |-------------------+-------------+----------+-------+---------+----------| 
     | pending_q_reg[12] | CK ^        |          |       |  -0.000 |   -0.051 | 
     | pending_q_reg[12] | CK ^ -> Q ^ | DFFQXL   | 0.044 |   0.044 |   -0.007 | 
     | g6101__8428       | A0 ^ -> Y v | AOI211XL | 0.024 |   0.068 |    0.017 | 
     | ack_q_reg[12]     | D v         | DFFQXL   | 0.000 |   0.068 |    0.017 | 
     +-------------------------------------------------------------------------+ 
Path 19: MET Hold Check with Pin ack_q_reg[14]/CK 
Endpoint:   ack_q_reg[14]/D     (v) checked with  leading edge of 'clk'
Beginpoint: pending_q_reg[14]/Q (^) triggered by  leading edge of 'clk'
Path Groups: {clk}
Analysis View: hold_view
Other End Arrival Time          0.001
+ Hold                         -0.003
+ Phase Shift                   0.000
+ Uncertainty                   0.020
= Required Time                 0.018
  Arrival Time                  0.068
  Slack Time                    0.051
     Clock Rise Edge                 0.000
     + Clock Network Latency (Prop)  -0.000
     = Beginpoint Arrival Time       -0.000
     +-------------------------------------------------------------------------+ 
     |     Instance      |     Arc     |   Cell   | Delay | Arrival | Required | 
     |                   |             |          |       |  Time   |   Time   | 
     |-------------------+-------------+----------+-------+---------+----------| 
     | pending_q_reg[14] | CK ^        |          |       |  -0.000 |   -0.051 | 
     | pending_q_reg[14] | CK ^ -> Q ^ | DFFQXL   | 0.044 |   0.044 |   -0.007 | 
     | g6104__6783       | A0 ^ -> Y v | AOI211XL | 0.025 |   0.068 |    0.018 | 
     | ack_q_reg[14]     | D v         | DFFQXL   | 0.000 |   0.068 |    0.018 | 
     +-------------------------------------------------------------------------+ 
Path 20: MET Hold Check with Pin ack_q_reg[13]/CK 
Endpoint:   ack_q_reg[13]/D     (v) checked with  leading edge of 'clk'
Beginpoint: pending_q_reg[13]/Q (^) triggered by  leading edge of 'clk'
Path Groups: {clk}
Analysis View: hold_view
Other End Arrival Time          0.001
+ Hold                         -0.003
+ Phase Shift                   0.000
+ Uncertainty                   0.020
= Required Time                 0.018
  Arrival Time                  0.069
  Slack Time                    0.051
     Clock Rise Edge                 0.000
     + Clock Network Latency (Prop)  -0.000
     = Beginpoint Arrival Time       -0.000
     +-------------------------------------------------------------------------+ 
     |     Instance      |     Arc     |   Cell   | Delay | Arrival | Required | 
     |                   |             |          |       |  Time   |   Time   | 
     |-------------------+-------------+----------+-------+---------+----------| 
     | pending_q_reg[13] | CK ^        |          |       |  -0.000 |   -0.052 | 
     | pending_q_reg[13] | CK ^ -> Q ^ | DFFQXL   | 0.045 |   0.045 |   -0.007 | 
     | g6102__5107       | A0 ^ -> Y v | AOI211XL | 0.024 |   0.069 |    0.018 | 
     | ack_q_reg[13]     | D v         | DFFQXL   | 0.000 |   0.069 |    0.018 | 
     +-------------------------------------------------------------------------+ 
Path 21: MET Hold Check with Pin ack_q_reg[6]/CK 
Endpoint:   ack_q_reg[6]/D     (v) checked with  leading edge of 'clk'
Beginpoint: pending_q_reg[6]/Q (^) triggered by  leading edge of 'clk'
Path Groups: {clk}
Analysis View: hold_view
Other End Arrival Time          0.001
+ Hold                         -0.003
+ Phase Shift                   0.000
+ Uncertainty                   0.020
= Required Time                 0.018
  Arrival Time                  0.069
  Slack Time                    0.052
     Clock Rise Edge                 0.000
     + Clock Network Latency (Prop)  -0.000
     = Beginpoint Arrival Time       -0.000
     +------------------------------------------------------------------------+ 
     |     Instance     |     Arc     |   Cell   | Delay | Arrival | Required | 
     |                  |             |          |       |  Time   |   Time   | 
     |------------------+-------------+----------+-------+---------+----------| 
     | pending_q_reg[6] | CK ^        |          |       |  -0.000 |   -0.052 | 
     | pending_q_reg[6] | CK ^ -> Q ^ | DFFQXL   | 0.045 |   0.045 |   -0.007 | 
     | g6110__8246      | A0 ^ -> Y v | AOI211XL | 0.025 |   0.069 |    0.018 | 
     | ack_q_reg[6]     | D v         | DFFQXL   | 0.000 |   0.069 |    0.018 | 
     +------------------------------------------------------------------------+ 
Path 22: MET Hold Check with Pin ack_q_reg[11]/CK 
Endpoint:   ack_q_reg[11]/D     (v) checked with  leading edge of 'clk'
Beginpoint: pending_q_reg[11]/Q (^) triggered by  leading edge of 'clk'
Path Groups: {clk}
Analysis View: hold_view
Other End Arrival Time          0.001
+ Hold                         -0.004
+ Phase Shift                   0.000
+ Uncertainty                   0.020
= Required Time                 0.017
  Arrival Time                  0.070
  Slack Time                    0.052
     Clock Rise Edge                 0.000
     + Clock Network Latency (Prop)  -0.000
     = Beginpoint Arrival Time       -0.000
     +-------------------------------------------------------------------------+ 
     |     Instance      |     Arc     |   Cell   | Delay | Arrival | Required | 
     |                   |             |          |       |  Time   |   Time   | 
     |-------------------+-------------+----------+-------+---------+----------| 
     | pending_q_reg[11] | CK ^        |          |       |  -0.000 |   -0.052 | 
     | pending_q_reg[11] | CK ^ -> Q ^ | DFFQXL   | 0.044 |   0.044 |   -0.008 | 
     | g6100__4319       | A0 ^ -> Y v | AOI211XL | 0.026 |   0.070 |    0.017 | 
     | ack_q_reg[11]     | D v         | DFFQXL   | 0.000 |   0.070 |    0.017 | 
     +-------------------------------------------------------------------------+ 
Path 23: MET Hold Check with Pin ack_q_reg[2]/CK 
Endpoint:   ack_q_reg[2]/D     (v) checked with  leading edge of 'clk'
Beginpoint: pending_q_reg[2]/Q (^) triggered by  leading edge of 'clk'
Path Groups: {clk}
Analysis View: hold_view
Other End Arrival Time          0.001
+ Hold                         -0.004
+ Phase Shift                   0.000
+ Uncertainty                   0.020
= Required Time                 0.017
  Arrival Time                  0.070
  Slack Time                    0.052
     Clock Rise Edge                 0.000
     + Clock Network Latency (Prop)  -0.000
     = Beginpoint Arrival Time       -0.000
     +------------------------------------------------------------------------+ 
     |     Instance     |     Arc     |   Cell   | Delay | Arrival | Required | 
     |                  |             |          |       |  Time   |   Time   | 
     |------------------+-------------+----------+-------+---------+----------| 
     | pending_q_reg[2] | CK ^        |          |       |  -0.000 |   -0.053 | 
     | pending_q_reg[2] | CK ^ -> Q ^ | DFFQXL   | 0.044 |   0.044 |   -0.009 | 
     | g6106__1617      | A0 ^ -> Y v | AOI211XL | 0.026 |   0.070 |    0.017 | 
     | ack_q_reg[2]     | D v         | DFFQXL   | 0.000 |   0.070 |    0.017 | 
     +------------------------------------------------------------------------+ 
Path 24: MET Hold Check with Pin ack_q_reg[10]/CK 
Endpoint:   ack_q_reg[10]/D     (v) checked with  leading edge of 'clk'
Beginpoint: pending_q_reg[10]/Q (^) triggered by  leading edge of 'clk'
Path Groups: {clk}
Analysis View: hold_view
Other End Arrival Time          0.001
+ Hold                         -0.004
+ Phase Shift                   0.000
+ Uncertainty                   0.020
= Required Time                 0.017
  Arrival Time                  0.070
  Slack Time                    0.053
     Clock Rise Edge                 0.000
     + Clock Network Latency (Prop)  -0.000
     = Beginpoint Arrival Time       -0.000
     +-------------------------------------------------------------------------+ 
     |     Instance      |     Arc     |   Cell   | Delay | Arrival | Required | 
     |                   |             |          |       |  Time   |   Time   | 
     |-------------------+-------------+----------+-------+---------+----------| 
     | pending_q_reg[10] | CK ^        |          |       |  -0.000 |   -0.053 | 
     | pending_q_reg[10] | CK ^ -> Q ^ | DFFQXL   | 0.045 |   0.045 |   -0.008 | 
     | g6114__5115       | A0 ^ -> Y v | AOI211XL | 0.025 |   0.070 |    0.017 | 
     | ack_q_reg[10]     | D v         | DFFQXL   | 0.000 |   0.070 |    0.017 | 
     +-------------------------------------------------------------------------+ 
Path 25: MET Hold Check with Pin ack_q_reg[8]/CK 
Endpoint:   ack_q_reg[8]/D     (v) checked with  leading edge of 'clk'
Beginpoint: pending_q_reg[8]/Q (^) triggered by  leading edge of 'clk'
Path Groups: {clk}
Analysis View: hold_view
Other End Arrival Time          0.001
+ Hold                         -0.003
+ Phase Shift                   0.000
+ Uncertainty                   0.020
= Required Time                 0.018
  Arrival Time                  0.070
  Slack Time                    0.053
     Clock Rise Edge                 0.000
     + Clock Network Latency (Prop)  -0.000
     = Beginpoint Arrival Time       -0.000
     +------------------------------------------------------------------------+ 
     |     Instance     |     Arc     |   Cell   | Delay | Arrival | Required | 
     |                  |             |          |       |  Time   |   Time   | 
     |------------------+-------------+----------+-------+---------+----------| 
     | pending_q_reg[8] | CK ^        |          |       |  -0.000 |   -0.053 | 
     | pending_q_reg[8] | CK ^ -> Q ^ | DFFQXL   | 0.046 |   0.046 |   -0.007 | 
     | g6111__7098      | A0 ^ -> Y v | AOI211XL | 0.025 |   0.070 |    0.018 | 
     | ack_q_reg[8]     | D v         | DFFQXL   | 0.000 |   0.070 |    0.018 | 
     +------------------------------------------------------------------------+ 
Path 26: MET Hold Check with Pin ack_q_reg[15]/CK 
Endpoint:   ack_q_reg[15]/D     (v) checked with  leading edge of 'clk'
Beginpoint: pending_q_reg[15]/Q (^) triggered by  leading edge of 'clk'
Path Groups: {clk}
Analysis View: hold_view
Other End Arrival Time          0.001
+ Hold                         -0.003
+ Phase Shift                   0.000
+ Uncertainty                   0.020
= Required Time                 0.018
  Arrival Time                  0.070
  Slack Time                    0.053
     Clock Rise Edge                 0.000
     + Clock Network Latency (Prop)  -0.000
     = Beginpoint Arrival Time       -0.000
     +-------------------------------------------------------------------------+ 
     |     Instance      |     Arc     |   Cell   | Delay | Arrival | Required | 
     |                   |             |          |       |  Time   |   Time   | 
     |-------------------+-------------+----------+-------+---------+----------| 
     | pending_q_reg[15] | CK ^        |          |       |  -0.000 |   -0.053 | 
     | pending_q_reg[15] | CK ^ -> Q ^ | DFFQXL   | 0.045 |   0.045 |   -0.008 | 
     | g6105__3680       | A0 ^ -> Y v | AOI211XL | 0.026 |   0.070 |    0.018 | 
     | ack_q_reg[15]     | D v         | DFFQXL   | 0.000 |   0.070 |    0.018 | 
     +-------------------------------------------------------------------------+ 
Path 27: MET Hold Check with Pin ack_q_reg[3]/CK 
Endpoint:   ack_q_reg[3]/D     (v) checked with  leading edge of 'clk'
Beginpoint: pending_q_reg[3]/Q (^) triggered by  leading edge of 'clk'
Path Groups: {clk}
Analysis View: hold_view
Other End Arrival Time          0.001
+ Hold                         -0.004
+ Phase Shift                   0.000
+ Uncertainty                   0.020
= Required Time                 0.017
  Arrival Time                  0.071
  Slack Time                    0.053
     Clock Rise Edge                 0.000
     + Clock Network Latency (Prop)  -0.000
     = Beginpoint Arrival Time       -0.000
     +------------------------------------------------------------------------+ 
     |     Instance     |     Arc     |   Cell   | Delay | Arrival | Required | 
     |                  |             |          |       |  Time   |   Time   | 
     |------------------+-------------+----------+-------+---------+----------| 
     | pending_q_reg[3] | CK ^        |          |       |  -0.000 |   -0.053 | 
     | pending_q_reg[3] | CK ^ -> Q ^ | DFFQXL   | 0.044 |   0.044 |   -0.009 | 
     | g6107__2802      | A0 ^ -> Y v | AOI211XL | 0.027 |   0.071 |    0.017 | 
     | ack_q_reg[3]     | D v         | DFFQXL   | 0.000 |   0.071 |    0.017 | 
     +------------------------------------------------------------------------+ 
Path 28: MET Hold Check with Pin ack_q_reg[9]/CK 
Endpoint:   ack_q_reg[9]/D     (v) checked with  leading edge of 'clk'
Beginpoint: pending_q_reg[9]/Q (^) triggered by  leading edge of 'clk'
Path Groups: {clk}
Analysis View: hold_view
Other End Arrival Time          0.001
+ Hold                         -0.004
+ Phase Shift                   0.000
+ Uncertainty                   0.020
= Required Time                 0.017
  Arrival Time                  0.071
  Slack Time                    0.053
     Clock Rise Edge                 0.000
     + Clock Network Latency (Prop)  -0.000
     = Beginpoint Arrival Time       -0.000
     +------------------------------------------------------------------------+ 
     |     Instance     |     Arc     |   Cell   | Delay | Arrival | Required | 
     |                  |             |          |       |  Time   |   Time   | 
     |------------------+-------------+----------+-------+---------+----------| 
     | pending_q_reg[9] | CK ^        |          |       |  -0.000 |   -0.054 | 
     | pending_q_reg[9] | CK ^ -> Q ^ | DFFQXL   | 0.045 |   0.045 |   -0.008 | 
     | g6112__6131      | A0 ^ -> Y v | AOI211XL | 0.025 |   0.071 |    0.017 | 
     | ack_q_reg[9]     | D v         | DFFQXL   | 0.000 |   0.071 |    0.017 | 
     +------------------------------------------------------------------------+ 
Path 29: MET Hold Check with Pin ack_q_reg[4]/CK 
Endpoint:   ack_q_reg[4]/D     (v) checked with  leading edge of 'clk'
Beginpoint: pending_q_reg[4]/Q (^) triggered by  leading edge of 'clk'
Path Groups: {clk}
Analysis View: hold_view
Other End Arrival Time          0.001
+ Hold                         -0.004
+ Phase Shift                   0.000
+ Uncertainty                   0.020
= Required Time                 0.017
  Arrival Time                  0.071
  Slack Time                    0.053
     Clock Rise Edge                 0.000
     + Clock Network Latency (Prop)  -0.000
     = Beginpoint Arrival Time       -0.000
     +------------------------------------------------------------------------+ 
     |     Instance     |     Arc     |   Cell   | Delay | Arrival | Required | 
     |                  |             |          |       |  Time   |   Time   | 
     |------------------+-------------+----------+-------+---------+----------| 
     | pending_q_reg[4] | CK ^        |          |       |  -0.000 |   -0.054 | 
     | pending_q_reg[4] | CK ^ -> Q ^ | DFFQXL   | 0.044 |   0.044 |   -0.009 | 
     | g6108__1705      | A0 ^ -> Y v | AOI211XL | 0.027 |   0.071 |    0.017 | 
     | ack_q_reg[4]     | D v         | DFFQXL   | 0.000 |   0.071 |    0.017 | 
     +------------------------------------------------------------------------+ 
Path 30: MET Hold Check with Pin ack_q_reg[5]/CK 
Endpoint:   ack_q_reg[5]/D     (v) checked with  leading edge of 'clk'
Beginpoint: pending_q_reg[5]/Q (^) triggered by  leading edge of 'clk'
Path Groups: {clk}
Analysis View: hold_view
Other End Arrival Time          0.001
+ Hold                         -0.003
+ Phase Shift                   0.000
+ Uncertainty                   0.020
= Required Time                 0.018
  Arrival Time                  0.071
  Slack Time                    0.053
     Clock Rise Edge                 0.000
     + Clock Network Latency (Prop)  -0.000
     = Beginpoint Arrival Time       -0.000
     +------------------------------------------------------------------------+ 
     |     Instance     |     Arc     |   Cell   | Delay | Arrival | Required | 
     |                  |             |          |       |  Time   |   Time   | 
     |------------------+-------------+----------+-------+---------+----------| 
     | pending_q_reg[5] | CK ^        |          |       |  -0.000 |   -0.054 | 
     | pending_q_reg[5] | CK ^ -> Q ^ | DFFQXL   | 0.046 |   0.046 |   -0.008 | 
     | g6113__1881      | A0 ^ -> Y v | AOI211XL | 0.025 |   0.071 |    0.018 | 
     | ack_q_reg[5]     | D v         | DFFQXL   | 0.000 |   0.071 |    0.018 | 
     +------------------------------------------------------------------------+ 
Path 31: MET Hold Check with Pin ack_q_reg[0]/CK 
Endpoint:   ack_q_reg[0]/D     (v) checked with  leading edge of 'clk'
Beginpoint: pending_q_reg[0]/Q (^) triggered by  leading edge of 'clk'
Path Groups: {clk}
Analysis View: hold_view
Other End Arrival Time          0.001
+ Hold                         -0.004
+ Phase Shift                   0.000
+ Uncertainty                   0.020
= Required Time                 0.017
  Arrival Time                  0.071
  Slack Time                    0.054
     Clock Rise Edge                 0.000
     + Clock Network Latency (Prop)  -0.000
     = Beginpoint Arrival Time       -0.000
     +------------------------------------------------------------------------+ 
     |     Instance     |     Arc     |   Cell   | Delay | Arrival | Required | 
     |                  |             |          |       |  Time   |   Time   | 
     |------------------+-------------+----------+-------+---------+----------| 
     | pending_q_reg[0] | CK ^        |          |       |  -0.000 |   -0.054 | 
     | pending_q_reg[0] | CK ^ -> Q ^ | DFFQXL   | 0.045 |   0.045 |   -0.009 | 
     | g6103__5122      | A0 ^ -> Y v | AOI211XL | 0.027 |   0.071 |    0.017 | 
     | ack_q_reg[0]     | D v         | DFFQXL   | 0.000 |   0.071 |    0.017 | 
     +------------------------------------------------------------------------+ 
Path 32: MET Hold Check with Pin ack_q_reg[1]/CK 
Endpoint:   ack_q_reg[1]/D     (v) checked with  leading edge of 'clk'
Beginpoint: pending_q_reg[1]/Q (^) triggered by  leading edge of 'clk'
Path Groups: {clk}
Analysis View: hold_view
Other End Arrival Time          0.001
+ Hold                         -0.004
+ Phase Shift                   0.000
+ Uncertainty                   0.020
= Required Time                 0.017
  Arrival Time                  0.071
  Slack Time                    0.054
     Clock Rise Edge                 0.000
     + Clock Network Latency (Prop)  -0.000
     = Beginpoint Arrival Time       -0.000
     +------------------------------------------------------------------------+ 
     |     Instance     |     Arc     |   Cell   | Delay | Arrival | Required | 
     |                  |             |          |       |  Time   |   Time   | 
     |------------------+-------------+----------+-------+---------+----------| 
     | pending_q_reg[1] | CK ^        |          |       |  -0.000 |   -0.054 | 
     | pending_q_reg[1] | CK ^ -> Q ^ | DFFQXL   | 0.045 |   0.045 |   -0.009 | 
     | g6115__6260      | A0 ^ -> Y v | AOI211XL | 0.026 |   0.071 |    0.017 | 
     | ack_q_reg[1]     | D v         | DFFQXL   | 0.000 |   0.071 |    0.017 | 
     +------------------------------------------------------------------------+ 
Path 33: MET Hold Check with Pin out_addr_q_reg[0]/CK 
Endpoint:   out_addr_q_reg[0]/D (v) checked with  leading edge of 'clk'
Beginpoint: out_addr_q_reg[0]/Q (v) triggered by  leading edge of 'clk'
Path Groups: {clk}
Analysis View: hold_view
Other End Arrival Time          0.001
+ Hold                         -0.003
+ Phase Shift                   0.000
+ Uncertainty                   0.020
= Required Time                 0.018
  Arrival Time                  0.075
  Slack Time                    0.057
     Clock Rise Edge                 0.000
     + Clock Network Latency (Prop)  -0.000
     = Beginpoint Arrival Time       -0.000
     +---------------------------------------------------------------------------+ 
     |     Instance      |     Arc      |   Cell    | Delay | Arrival | Required | 
     |                   |              |           |       |  Time   |   Time   | 
     |-------------------+--------------+-----------+-------+---------+----------| 
     | out_addr_q_reg[0] | CK ^         |           |       |  -0.000 |   -0.058 | 
     | out_addr_q_reg[0] | CK ^ -> Q v  | DFFQXL    | 0.050 |   0.050 |   -0.008 | 
     | g5937__2398       | A0N v -> Y v | OAI2BB1X1 | 0.025 |   0.075 |    0.018 | 
     | out_addr_q_reg[0] | D v          | DFFQXL    | 0.000 |   0.075 |    0.018 | 
     +---------------------------------------------------------------------------+ 
Path 34: MET Hold Check with Pin ack_q_reg[7]/CK 
Endpoint:   ack_q_reg[7]/D     (v) checked with  leading edge of 'clk'
Beginpoint: pending_q_reg[7]/Q (^) triggered by  leading edge of 'clk'
Path Groups: {clk}
Analysis View: hold_view
Other End Arrival Time          0.001
+ Hold                         -0.004
+ Phase Shift                   0.000
+ Uncertainty                   0.020
= Required Time                 0.017
  Arrival Time                  0.075
  Slack Time                    0.058
     Clock Rise Edge                 0.000
     + Clock Network Latency (Prop)  -0.000
     = Beginpoint Arrival Time       -0.000
     +------------------------------------------------------------------------+ 
     |     Instance     |     Arc     |   Cell   | Delay | Arrival | Required | 
     |                  |             |          |       |  Time   |   Time   | 
     |------------------+-------------+----------+-------+---------+----------| 
     | pending_q_reg[7] | CK ^        |          |       |  -0.000 |   -0.058 | 
     | pending_q_reg[7] | CK ^ -> Q ^ | DFFQXL   | 0.046 |   0.046 |   -0.012 | 
     | g6109__5526      | A0 ^ -> Y v | AOI211XL | 0.029 |   0.075 |    0.017 | 
     | ack_q_reg[7]     | D v         | DFFQXL   | 0.000 |   0.075 |    0.017 | 
     +------------------------------------------------------------------------+ 
Path 35: MET Removal Check with Pin reset_release_q_reg[1]/CK 
Endpoint:   reset_release_q_reg[1]/RN (^) checked with  leading edge of 'clk'
Beginpoint: rst_n                     (^) triggered by  leading edge of '@'
Path Groups: {async_default}
Analysis View: hold_view
Other End Arrival Time          0.001
+ Removal                       0.030
+ Phase Shift                   0.000
+ Uncertainty                   0.020
= Required Time                 0.050
  Arrival Time                  0.111
  Slack Time                    0.061
     Clock Rise Edge                      0.000
     + Input Delay                        0.000
     = Beginpoint Arrival Time            0.000
     +---------------------------------------------------------------------------+ 
     |        Instance        |    Arc     |  Cell  | Delay | Arrival | Required | 
     |                        |            |        |       |  Time   |   Time   | 
     |------------------------+------------+--------+-------+---------+----------| 
     |                        | rst_n ^    |        |       |   0.000 |   -0.061 | 
     | FE_PHC10_rst_n         | A ^ -> Y ^ | DLY3X1 | 0.111 |   0.111 |    0.050 | 
     | reset_release_q_reg[1] | RN ^       | DFFRX1 | 0.000 |   0.111 |    0.050 | 
     +---------------------------------------------------------------------------+ 
Path 36: MET Removal Check with Pin reset_release_q_reg[0]/CK 
Endpoint:   reset_release_q_reg[0]/RN (^) checked with  leading edge of 'clk'
Beginpoint: rst_n                     (^) triggered by  leading edge of '@'
Path Groups: {async_default}
Analysis View: hold_view
Other End Arrival Time          0.001
+ Removal                       0.029
+ Phase Shift                   0.000
+ Uncertainty                   0.020
= Required Time                 0.050
  Arrival Time                  0.111
  Slack Time                    0.061
     Clock Rise Edge                      0.000
     + Input Delay                        0.000
     = Beginpoint Arrival Time            0.000
     +-----------------------------------------------------------------------------+ 
     |        Instance        |    Arc     |   Cell   | Delay | Arrival | Required | 
     |                        |            |          |       |  Time   |   Time   | 
     |------------------------+------------+----------+-------+---------+----------| 
     |                        | rst_n ^    |          |       |   0.000 |   -0.061 | 
     | FE_PHC10_rst_n         | A ^ -> Y ^ | DLY3X1   | 0.111 |   0.111 |    0.050 | 
     | reset_release_q_reg[0] | RN ^       | DFFRHQX1 | 0.000 |   0.111 |    0.050 | 
     +-----------------------------------------------------------------------------+ 
Path 37: MET Hold Check with Pin out_addr_q_reg[3]/CK 
Endpoint:   out_addr_q_reg[3]/D (v) checked with  leading edge of 'clk'
Beginpoint: out_addr_q_reg[3]/Q (v) triggered by  leading edge of 'clk'
Path Groups: {clk}
Analysis View: hold_view
Other End Arrival Time          0.001
+ Hold                         -0.003
+ Phase Shift                   0.000
+ Uncertainty                   0.020
= Required Time                 0.018
  Arrival Time                  0.083
  Slack Time                    0.065
     Clock Rise Edge                 0.000
     + Clock Network Latency (Prop)  -0.000
     = Beginpoint Arrival Time       -0.000
     +-----------------------------------------------------------------------+ 
     |     Instance      |     Arc     |  Cell  | Delay | Arrival | Required | 
     |                   |             |        |       |  Time   |   Time   | 
     |-------------------+-------------+--------+-------+---------+----------| 
     | out_addr_q_reg[3] | CK ^        |        |       |  -0.000 |   -0.065 | 
     | out_addr_q_reg[3] | CK ^ -> Q v | DFFQXL | 0.050 |   0.050 |   -0.015 | 
     | g5995__6131       | A v -> Y v  | MX2XL  | 0.033 |   0.083 |    0.018 | 
     | out_addr_q_reg[3] | D v         | DFFQXL | 0.000 |   0.083 |    0.018 | 
     +-----------------------------------------------------------------------+ 
Path 38: MET Hold Check with Pin out_addr_q_reg[1]/CK 
Endpoint:   out_addr_q_reg[1]/D (v) checked with  leading edge of 'clk'
Beginpoint: out_addr_q_reg[1]/Q (v) triggered by  leading edge of 'clk'
Path Groups: {clk}
Analysis View: hold_view
Other End Arrival Time          0.001
+ Hold                         -0.003
+ Phase Shift                   0.000
+ Uncertainty                   0.020
= Required Time                 0.018
  Arrival Time                  0.084
  Slack Time                    0.066
     Clock Rise Edge                 0.000
     + Clock Network Latency (Prop)  -0.000
     = Beginpoint Arrival Time       -0.000
     +-----------------------------------------------------------------------+ 
     |     Instance      |     Arc     |  Cell  | Delay | Arrival | Required | 
     |                   |             |        |       |  Time   |   Time   | 
     |-------------------+-------------+--------+-------+---------+----------| 
     | out_addr_q_reg[1] | CK ^        |        |       |  -0.000 |   -0.066 | 
     | out_addr_q_reg[1] | CK ^ -> Q v | DFFQXL | 0.051 |   0.051 |   -0.015 | 
     | g5954__8428       | A v -> Y v  | MX2XL  | 0.033 |   0.084 |    0.018 | 
     | out_addr_q_reg[1] | D v         | DFFQXL | 0.000 |   0.084 |    0.018 | 
     +-----------------------------------------------------------------------+ 
Path 39: MET Hold Check with Pin out_addr_q_reg[2]/CK 
Endpoint:   out_addr_q_reg[2]/D (v) checked with  leading edge of 'clk'
Beginpoint: out_addr_q_reg[2]/Q (v) triggered by  leading edge of 'clk'
Path Groups: {clk}
Analysis View: hold_view
Other End Arrival Time          0.001
+ Hold                         -0.003
+ Phase Shift                   0.000
+ Uncertainty                   0.020
= Required Time                 0.018
  Arrival Time                  0.085
  Slack Time                    0.066
     Clock Rise Edge                 0.000
     + Clock Network Latency (Prop)  -0.000
     = Beginpoint Arrival Time       -0.000
     +-----------------------------------------------------------------------+ 
     |     Instance      |     Arc     |  Cell  | Delay | Arrival | Required | 
     |                   |             |        |       |  Time   |   Time   | 
     |-------------------+-------------+--------+-------+---------+----------| 
     | out_addr_q_reg[2] | CK ^        |        |       |  -0.000 |   -0.067 | 
     | out_addr_q_reg[2] | CK ^ -> Q v | DFFQXL | 0.051 |   0.051 |   -0.016 | 
     | g5996__5526       | A v -> Y v  | MX2XL  | 0.034 |   0.085 |    0.018 | 
     | out_addr_q_reg[2] | D v         | DFFQXL | 0.000 |   0.085 |    0.018 | 
     +-----------------------------------------------------------------------+ 
Path 40: MET Hold Check with Pin pending_q_reg[2]/CK 
Endpoint:   pending_q_reg[2]/D (v) checked with  leading edge of 'clk'
Beginpoint: pending_q_reg[2]/Q (v) triggered by  leading edge of 'clk'
Path Groups: {clk}
Analysis View: hold_view
Other End Arrival Time          0.001
+ Hold                         -0.004
+ Phase Shift                   0.000
+ Uncertainty                   0.020
= Required Time                 0.017
  Arrival Time                  0.087
  Slack Time                    0.069
     Clock Rise Edge                 0.000
     + Clock Network Latency (Prop)  -0.000
     = Beginpoint Arrival Time       -0.000
     +------------------------------------------------------------------------+ 
     |     Instance     |     Arc     |   Cell   | Delay | Arrival | Required | 
     |                  |             |          |       |  Time   |   Time   | 
     |------------------+-------------+----------+-------+---------+----------| 
     | pending_q_reg[2] | CK ^        |          |       |  -0.000 |   -0.070 | 
     | pending_q_reg[2] | CK ^ -> Q v | DFFQXL   | 0.048 |   0.048 |   -0.021 | 
     | g6087__7482      | B0 v -> Y ^ | AOI21X1  | 0.023 |   0.071 |    0.002 | 
     | g5972__8246      | C0 ^ -> Y v | AOI211XL | 0.016 |   0.087 |    0.017 | 
     | pending_q_reg[2] | D v         | DFFQXL   | 0.000 |   0.087 |    0.017 | 
     +------------------------------------------------------------------------+ 
Path 41: MET Hold Check with Pin pending_q_reg[6]/CK 
Endpoint:   pending_q_reg[6]/D (v) checked with  leading edge of 'clk'
Beginpoint: pending_q_reg[6]/Q (v) triggered by  leading edge of 'clk'
Path Groups: {clk}
Analysis View: hold_view
Other End Arrival Time          0.001
+ Hold                         -0.004
+ Phase Shift                   0.000
+ Uncertainty                   0.020
= Required Time                 0.018
  Arrival Time                  0.088
  Slack Time                    0.071
     Clock Rise Edge                 0.000
     + Clock Network Latency (Prop)  -0.000
     = Beginpoint Arrival Time       -0.000
     +-----------------------------------------------------------------------+ 
     |     Instance     |     Arc     |  Cell   | Delay | Arrival | Required | 
     |                  |             |         |       |  Time   |   Time   | 
     |------------------+-------------+---------+-------+---------+----------| 
     | pending_q_reg[6] | CK ^        |         |       |  -0.000 |   -0.071 | 
     | pending_q_reg[6] | CK ^ -> Q v | DFFQXL  | 0.049 |   0.049 |   -0.022 | 
     | g6085__6161      | B0 v -> Y ^ | AOI21X1 | 0.023 |   0.072 |    0.001 | 
     | g5982__6131      | C ^ -> Y v  | NOR3BXL | 0.016 |   0.088 |    0.018 | 
     | pending_q_reg[6] | D v         | DFFQXL  | 0.000 |   0.088 |    0.018 | 
     +-----------------------------------------------------------------------+ 
Path 42: MET Hold Check with Pin pending_q_reg[13]/CK 
Endpoint:   pending_q_reg[13]/D (v) checked with  leading edge of 'clk'
Beginpoint: pending_q_reg[13]/Q (v) triggered by  leading edge of 'clk'
Path Groups: {clk}
Analysis View: hold_view
Other End Arrival Time          0.001
+ Hold                         -0.004
+ Phase Shift                   0.000
+ Uncertainty                   0.020
= Required Time                 0.017
  Arrival Time                  0.088
  Slack Time                    0.071
     Clock Rise Edge                 0.000
     + Clock Network Latency (Prop)  -0.000
     = Beginpoint Arrival Time       -0.000
     +-------------------------------------------------------------------------+ 
     |     Instance      |     Arc     |   Cell   | Delay | Arrival | Required | 
     |                   |             |          |       |  Time   |   Time   | 
     |-------------------+-------------+----------+-------+---------+----------| 
     | pending_q_reg[13] | CK ^        |          |       |  -0.000 |   -0.071 | 
     | pending_q_reg[13] | CK ^ -> Q v | DFFQXL   | 0.049 |   0.049 |   -0.022 | 
     | g6093__5477       | B0 v -> Y ^ | AOI21X1  | 0.023 |   0.072 |    0.001 | 
     | g5956__1705       | C0 ^ -> Y v | AOI211XL | 0.016 |   0.088 |    0.017 | 
     | pending_q_reg[13] | D v         | DFFQXL   | 0.000 |   0.088 |    0.017 | 
     +-------------------------------------------------------------------------+ 
Path 43: MET Hold Check with Pin pending_q_reg[10]/CK 
Endpoint:   pending_q_reg[10]/D (v) checked with  leading edge of 'clk'
Beginpoint: pending_q_reg[10]/Q (v) triggered by  leading edge of 'clk'
Path Groups: {clk}
Analysis View: hold_view
Other End Arrival Time          0.001
+ Hold                         -0.004
+ Phase Shift                   0.000
+ Uncertainty                   0.020
= Required Time                 0.017
  Arrival Time                  0.088
  Slack Time                    0.071
     Clock Rise Edge                 0.000
     + Clock Network Latency (Prop)  -0.000
     = Beginpoint Arrival Time       -0.000
     +-------------------------------------------------------------------------+ 
     |     Instance      |     Arc     |   Cell   | Delay | Arrival | Required | 
     |                   |             |          |       |  Time   |   Time   | 
     |-------------------+-------------+----------+-------+---------+----------| 
     | pending_q_reg[10] | CK ^        |          |       |  -0.000 |   -0.071 | 
     | pending_q_reg[10] | CK ^ -> Q v | DFFQXL   | 0.049 |   0.049 |   -0.022 | 
     | g6088__2883       | B0 v -> Y ^ | AOI21X1  | 0.023 |   0.072 |    0.001 | 
     | g5955__1881       | C0 ^ -> Y v | AOI211XL | 0.017 |   0.088 |    0.017 | 
     | pending_q_reg[10] | D v         | DFFQXL   | 0.000 |   0.088 |    0.017 | 
     +-------------------------------------------------------------------------+ 
Path 44: MET Hold Check with Pin pending_q_reg[12]/CK 
Endpoint:   pending_q_reg[12]/D (v) checked with  leading edge of 'clk'
Beginpoint: pending_q_reg[12]/Q (v) triggered by  leading edge of 'clk'
Path Groups: {clk}
Analysis View: hold_view
Other End Arrival Time          0.001
+ Hold                         -0.004
+ Phase Shift                   0.000
+ Uncertainty                   0.020
= Required Time                 0.017
  Arrival Time                  0.090
  Slack Time                    0.073
     Clock Rise Edge                 0.000
     + Clock Network Latency (Prop)  -0.000
     = Beginpoint Arrival Time       -0.000
     +------------------------------------------------------------------------+ 
     |     Instance      |     Arc     |  Cell   | Delay | Arrival | Required | 
     |                   |             |         |       |  Time   |   Time   | 
     |-------------------+-------------+---------+-------+---------+----------| 
     | pending_q_reg[12] | CK ^        |         |       |  -0.000 |   -0.073 | 
     | pending_q_reg[12] | CK ^ -> Q v | DFFQXL  | 0.049 |   0.048 |   -0.024 | 
     | g6083__9945       | B0 v -> Y ^ | AOI21X1 | 0.023 |   0.071 |   -0.002 | 
     | g5970__5115       | C ^ -> Y v  | NOR3BXL | 0.019 |   0.090 |    0.017 | 
     | pending_q_reg[12] | D v         | DFFQXL  | 0.000 |   0.090 |    0.017 | 
     +------------------------------------------------------------------------+ 
Path 45: MET Hold Check with Pin pending_q_reg[14]/CK 
Endpoint:   pending_q_reg[14]/D (v) checked with  leading edge of 'clk'
Beginpoint: pending_q_reg[14]/Q (v) triggered by  leading edge of 'clk'
Path Groups: {clk}
Analysis View: hold_view
Other End Arrival Time          0.001
+ Hold                         -0.004
+ Phase Shift                   0.000
+ Uncertainty                   0.020
= Required Time                 0.017
  Arrival Time                  0.090
  Slack Time                    0.073
     Clock Rise Edge                 0.000
     + Clock Network Latency (Prop)  -0.000
     = Beginpoint Arrival Time       -0.000
     +-------------------------------------------------------------------------+ 
     |     Instance      |     Arc     |   Cell   | Delay | Arrival | Required | 
     |                   |             |          |       |  Time   |   Time   | 
     |-------------------+-------------+----------+-------+---------+----------| 
     | pending_q_reg[14] | CK ^        |          |       |  -0.000 |   -0.073 | 
     | pending_q_reg[14] | CK ^ -> Q v | DFFQXL   | 0.049 |   0.048 |   -0.025 | 
     | g6086__9315       | B0 v -> Y ^ | AOI21X1  | 0.025 |   0.073 |    0.000 | 
     | g5971__5122       | C0 ^ -> Y v | AOI211XL | 0.017 |   0.090 |    0.017 | 
     | pending_q_reg[14] | D v         | DFFQXL   | 0.000 |   0.090 |    0.017 | 
     +-------------------------------------------------------------------------+ 
Path 46: MET Hold Check with Pin pending_q_reg[8]/CK 
Endpoint:   pending_q_reg[8]/D (v) checked with  leading edge of 'clk'
Beginpoint: pending_q_reg[8]/Q (v) triggered by  leading edge of 'clk'
Path Groups: {clk}
Analysis View: hold_view
Other End Arrival Time          0.001
+ Hold                         -0.004
+ Phase Shift                   0.000
+ Uncertainty                   0.020
= Required Time                 0.017
  Arrival Time                  0.091
  Slack Time                    0.073
     Clock Rise Edge                 0.000
     + Clock Network Latency (Prop)  -0.000
     = Beginpoint Arrival Time       -0.000
     +------------------------------------------------------------------------+ 
     |     Instance     |     Arc     |   Cell   | Delay | Arrival | Required | 
     |                  |             |          |       |  Time   |   Time   | 
     |------------------+-------------+----------+-------+---------+----------| 
     | pending_q_reg[8] | CK ^        |          |       |  -0.000 |   -0.074 | 
     | pending_q_reg[8] | CK ^ -> Q v | DFFQXL   | 0.050 |   0.050 |   -0.023 | 
     | g6089__2346      | B0 v -> Y ^ | AOI21X1  | 0.025 |   0.075 |    0.001 | 
     | g5969__2398      | C0 ^ -> Y v | AOI211XL | 0.016 |   0.091 |    0.017 | 
     | pending_q_reg[8] | D v         | DFFQXL   | 0.000 |   0.091 |    0.017 | 
     +------------------------------------------------------------------------+ 
Path 47: MET Hold Check with Pin pending_q_reg[3]/CK 
Endpoint:   pending_q_reg[3]/D (v) checked with  leading edge of 'clk'
Beginpoint: pending_q_reg[3]/Q (v) triggered by  leading edge of 'clk'
Path Groups: {clk}
Analysis View: hold_view
Other End Arrival Time          0.001
+ Hold                         -0.004
+ Phase Shift                   0.000
+ Uncertainty                   0.020
= Required Time                 0.017
  Arrival Time                  0.091
  Slack Time                    0.074
     Clock Rise Edge                 0.000
     + Clock Network Latency (Prop)  -0.000
     = Beginpoint Arrival Time       -0.000
     +------------------------------------------------------------------------+ 
     |     Instance     |     Arc     |   Cell   | Delay | Arrival | Required | 
     |                  |             |          |       |  Time   |   Time   | 
     |------------------+-------------+----------+-------+---------+----------| 
     | pending_q_reg[3] | CK ^        |          |       |  -0.000 |   -0.074 | 
     | pending_q_reg[3] | CK ^ -> Q v | DFFQXL   | 0.049 |   0.048 |   -0.026 | 
     | g6096__5107      | B0 v -> Y ^ | AOI21X1  | 0.025 |   0.074 |   -0.000 | 
     | g5957__5526      | C0 ^ -> Y v | AOI211XL | 0.017 |   0.091 |    0.017 | 
     | pending_q_reg[3] | D v         | DFFQXL   | 0.000 |   0.091 |    0.017 | 
     +------------------------------------------------------------------------+ 
Path 48: MET Hold Check with Pin pending_q_reg[0]/CK 
Endpoint:   pending_q_reg[0]/D (v) checked with  leading edge of 'clk'
Beginpoint: pending_q_reg[0]/Q (v) triggered by  leading edge of 'clk'
Path Groups: {clk}
Analysis View: hold_view
Other End Arrival Time          0.001
+ Hold                         -0.003
+ Phase Shift                   0.000
+ Uncertainty                   0.020
= Required Time                 0.018
  Arrival Time                  0.092
  Slack Time                    0.075
     Clock Rise Edge                 0.000
     + Clock Network Latency (Prop)  -0.000
     = Beginpoint Arrival Time       -0.000
     +-----------------------------------------------------------------------+ 
     |     Instance     |     Arc     |  Cell   | Delay | Arrival | Required | 
     |                  |             |         |       |  Time   |   Time   | 
     |------------------+-------------+---------+-------+---------+----------| 
     | pending_q_reg[0] | CK ^        |         |       |  -0.000 |   -0.075 | 
     | pending_q_reg[0] | CK ^ -> Q v | DFFQXL  | 0.049 |   0.049 |   -0.026 | 
     | g6084__4733      | B0 v -> Y ^ | AOI21X1 | 0.026 |   0.075 |    0.000 | 
     | g5976__7482      | C ^ -> Y v  | NOR3BXL | 0.017 |   0.092 |    0.018 | 
     | pending_q_reg[0] | D v         | DFFQXL  | 0.000 |   0.092 |    0.018 | 
     +-----------------------------------------------------------------------+ 
Path 49: MET Hold Check with Pin pending_q_reg[9]/CK 
Endpoint:   pending_q_reg[9]/D (v) checked with  leading edge of 'clk'
Beginpoint: pending_q_reg[9]/Q (v) triggered by  leading edge of 'clk'
Path Groups: {clk}
Analysis View: hold_view
Other End Arrival Time          0.001
+ Hold                         -0.004
+ Phase Shift                   0.000
+ Uncertainty                   0.020
= Required Time                 0.017
  Arrival Time                  0.092
  Slack Time                    0.075
     Clock Rise Edge                 0.000
     + Clock Network Latency (Prop)  -0.000
     = Beginpoint Arrival Time       -0.000
     +------------------------------------------------------------------------+ 
     |     Instance     |     Arc     |   Cell   | Delay | Arrival | Required | 
     |                  |             |          |       |  Time   |   Time   | 
     |------------------+-------------+----------+-------+---------+----------| 
     | pending_q_reg[9] | CK ^        |          |       |  -0.000 |   -0.075 | 
     | pending_q_reg[9] | CK ^ -> Q v | DFFQXL   | 0.050 |   0.049 |   -0.026 | 
     | g6091__6417      | B0 v -> Y ^ | AOI21X1  | 0.025 |   0.074 |   -0.001 | 
     | g5958__4733      | C0 ^ -> Y v | AOI211XL | 0.018 |   0.092 |    0.017 | 
     | pending_q_reg[9] | D v         | DFFQXL   | 0.000 |   0.092 |    0.017 | 
     +------------------------------------------------------------------------+ 
Path 50: MET Hold Check with Pin pending_q_reg[4]/CK 
Endpoint:   pending_q_reg[4]/D (v) checked with  leading edge of 'clk'
Beginpoint: pending_q_reg[4]/Q (v) triggered by  leading edge of 'clk'
Path Groups: {clk}
Analysis View: hold_view
Other End Arrival Time          0.001
+ Hold                         -0.004
+ Phase Shift                   0.000
+ Uncertainty                   0.020
= Required Time                 0.017
  Arrival Time                  0.093
  Slack Time                    0.076
     Clock Rise Edge                 0.000
     + Clock Network Latency (Prop)  -0.000
     = Beginpoint Arrival Time       -0.000
     +-----------------------------------------------------------------------+ 
     |     Instance     |     Arc     |  Cell   | Delay | Arrival | Required | 
     |                  |             |         |       |  Time   |   Time   | 
     |------------------+-------------+---------+-------+---------+----------| 
     | pending_q_reg[4] | CK ^        |         |       |  -0.000 |   -0.076 | 
     | pending_q_reg[4] | CK ^ -> Q v | DFFQXL  | 0.049 |   0.049 |   -0.027 | 
     | g6090__1666      | B0 v -> Y ^ | AOI21X1 | 0.026 |   0.074 |   -0.001 | 
     | g5977__6161      | C ^ -> Y v  | NOR3BXL | 0.019 |   0.093 |    0.017 | 
     | pending_q_reg[4] | D v         | DFFQXL  | 0.000 |   0.093 |    0.017 | 
     +-----------------------------------------------------------------------+ 
Path 51: MET Hold Check with Pin pending_q_reg[15]/CK 
Endpoint:   pending_q_reg[15]/D (v) checked with  leading edge of 'clk'
Beginpoint: pending_q_reg[15]/Q (v) triggered by  leading edge of 'clk'
Path Groups: {clk}
Analysis View: hold_view
Other End Arrival Time          0.001
+ Hold                         -0.004
+ Phase Shift                   0.000
+ Uncertainty                   0.020
= Required Time                 0.017
  Arrival Time                  0.094
  Slack Time                    0.076
     Clock Rise Edge                 0.000
     + Clock Network Latency (Prop)  -0.000
     = Beginpoint Arrival Time       -0.000
     +-------------------------------------------------------------------------+ 
     |     Instance      |     Arc     |   Cell   | Delay | Arrival | Required | 
     |                   |             |          |       |  Time   |   Time   | 
     |-------------------+-------------+----------+-------+---------+----------| 
     | pending_q_reg[15] | CK ^        |          |       |  -0.000 |   -0.077 | 
     | pending_q_reg[15] | CK ^ -> Q v | DFFQXL   | 0.049 |   0.049 |   -0.027 | 
     | g6095__2398       | B0 v -> Y ^ | AOI21X1  | 0.027 |   0.076 |   -0.001 | 
     | g5959__6783       | C0 ^ -> Y v | AOI211XL | 0.018 |   0.094 |    0.017 | 
     | pending_q_reg[15] | D v         | DFFQXL   | 0.000 |   0.094 |    0.017 | 
     +-------------------------------------------------------------------------+ 
Path 52: MET Hold Check with Pin pending_q_reg[11]/CK 
Endpoint:   pending_q_reg[11]/D (v) checked with  leading edge of 'clk'
Beginpoint: pending_q_reg[11]/Q (v) triggered by  leading edge of 'clk'
Path Groups: {clk}
Analysis View: hold_view
Other End Arrival Time          0.001
+ Hold                         -0.004
+ Phase Shift                   0.000
+ Uncertainty                   0.020
= Required Time                 0.017
  Arrival Time                  0.096
  Slack Time                    0.079
     Clock Rise Edge                 0.000
     + Clock Network Latency (Prop)  -0.000
     = Beginpoint Arrival Time       -0.000
     +-------------------------------------------------------------------------+ 
     |     Instance      |     Arc     |   Cell   | Delay | Arrival | Required | 
     |                   |             |          |       |  Time   |   Time   | 
     |-------------------+-------------+----------+-------+---------+----------| 
     | pending_q_reg[11] | CK ^        |          |       |  -0.000 |   -0.079 | 
     | pending_q_reg[11] | CK ^ -> Q v | DFFQXL   | 0.048 |   0.048 |   -0.030 | 
     | g6098__4319       | B0 v -> Y ^ | AOI21X1  | 0.028 |   0.076 |   -0.002 | 
     | g5945__1617       | C0 ^ -> Y v | AOI211XL | 0.019 |   0.096 |    0.017 | 
     | pending_q_reg[11] | D v         | DFFQXL   | 0.000 |   0.096 |    0.017 | 
     +-------------------------------------------------------------------------+ 
Path 53: MET Hold Check with Pin pending_q_reg[7]/CK 
Endpoint:   pending_q_reg[7]/D (v) checked with  leading edge of 'clk'
Beginpoint: pending_q_reg[7]/Q (v) triggered by  leading edge of 'clk'
Path Groups: {clk}
Analysis View: hold_view
Other End Arrival Time          0.001
+ Hold                         -0.004
+ Phase Shift                   0.000
+ Uncertainty                   0.020
= Required Time                 0.017
  Arrival Time                  0.096
  Slack Time                    0.079
     Clock Rise Edge                 0.000
     + Clock Network Latency (Prop)  -0.000
     = Beginpoint Arrival Time       -0.000
     +------------------------------------------------------------------------+ 
     |     Instance     |     Arc     |   Cell   | Delay | Arrival | Required | 
     |                  |             |          |       |  Time   |   Time   | 
     |------------------+-------------+----------+-------+---------+----------| 
     | pending_q_reg[7] | CK ^        |          |       |  -0.000 |   -0.079 | 
     | pending_q_reg[7] | CK ^ -> Q v | DFFQXL   | 0.050 |   0.050 |   -0.029 | 
     | g6097__6260      | B0 v -> Y ^ | AOI21X1  | 0.027 |   0.078 |   -0.001 | 
     | g5974__3680      | C0 ^ -> Y v | AOI211XL | 0.019 |   0.096 |    0.017 | 
     | pending_q_reg[7] | D v         | DFFQXL   | 0.000 |   0.096 |    0.017 | 
     +------------------------------------------------------------------------+ 
Path 54: MET Hold Check with Pin pending_q_reg[1]/CK 
Endpoint:   pending_q_reg[1]/D (v) checked with  leading edge of 'clk'
Beginpoint: pending_q_reg[1]/Q (v) triggered by  leading edge of 'clk'
Path Groups: {clk}
Analysis View: hold_view
Other End Arrival Time          0.001
+ Hold                         -0.004
+ Phase Shift                   0.000
+ Uncertainty                   0.020
= Required Time                 0.017
  Arrival Time                  0.097
  Slack Time                    0.080
     Clock Rise Edge                 0.000
     + Clock Network Latency (Prop)  -0.000
     = Beginpoint Arrival Time       -0.000
     +------------------------------------------------------------------------+ 
     |     Instance     |     Arc     |   Cell   | Delay | Arrival | Required | 
     |                  |             |          |       |  Time   |   Time   | 
     |------------------+-------------+----------+-------+---------+----------| 
     | pending_q_reg[1] | CK ^        |          |       |  -0.000 |   -0.080 | 
     | pending_q_reg[1] | CK ^ -> Q v | DFFQXL   | 0.050 |   0.049 |   -0.030 | 
     | g6094__8428      | B0 v -> Y ^ | AOI21X1  | 0.028 |   0.078 |   -0.002 | 
     | g5968__2802      | C0 ^ -> Y v | AOI211XL | 0.019 |   0.097 |    0.017 | 
     | pending_q_reg[1] | D v         | DFFQXL   | 0.000 |   0.097 |    0.017 | 
     +------------------------------------------------------------------------+ 
Path 55: MET Hold Check with Pin epoch_gray_q_reg[3]/CK 
Endpoint:   epoch_gray_q_reg[3]/D (v) checked with  leading edge of 'clk'
Beginpoint: epoch_gray_q_reg[3]/Q (v) triggered by  leading edge of 'clk'
Path Groups: {clk}
Analysis View: hold_view
Other End Arrival Time          0.001
+ Hold                         -0.002
+ Phase Shift                   0.000
+ Uncertainty                   0.020
= Required Time                 0.019
  Arrival Time                  0.099
  Slack Time                    0.080
     Clock Rise Edge                 0.000
     + Clock Network Latency (Prop)  -0.000
     = Beginpoint Arrival Time       -0.000
     +--------------------------------------------------------------------------+ 
     |      Instance       |     Arc     |  Cell   | Delay | Arrival | Required | 
     |                     |             |         |       |  Time   |   Time   | 
     |---------------------+-------------+---------+-------+---------+----------| 
     | epoch_gray_q_reg[3] | CK ^        |         |       |  -0.000 |   -0.080 | 
     | epoch_gray_q_reg[3] | CK ^ -> Q v | DFFHQX1 | 0.059 |   0.059 |   -0.021 | 
     | g6194               | A v -> Y ^  | INVX1   | 0.016 |   0.074 |   -0.006 | 
     | g5984__9315         | B0 ^ -> Y v | OAI22XL | 0.025 |   0.099 |    0.019 | 
     | epoch_gray_q_reg[3] | D v         | DFFHQX1 | 0.000 |   0.099 |    0.019 | 
     +--------------------------------------------------------------------------+ 
Path 56: MET Hold Check with Pin pending_q_reg[5]/CK 
Endpoint:   pending_q_reg[5]/D (v) checked with  leading edge of 'clk'
Beginpoint: pending_q_reg[5]/Q (v) triggered by  leading edge of 'clk'
Path Groups: {clk}
Analysis View: hold_view
Other End Arrival Time          0.001
+ Hold                         -0.004
+ Phase Shift                   0.000
+ Uncertainty                   0.020
= Required Time                 0.017
  Arrival Time                  0.100
  Slack Time                    0.082
     Clock Rise Edge                 0.000
     + Clock Network Latency (Prop)  -0.000
     = Beginpoint Arrival Time       -0.000
     +------------------------------------------------------------------------+ 
     |     Instance     |     Arc     |   Cell   | Delay | Arrival | Required | 
     |                  |             |          |       |  Time   |   Time   | 
     |------------------+-------------+----------+-------+---------+----------| 
     | pending_q_reg[5] | CK ^        |          |       |  -0.000 |   -0.083 | 
     | pending_q_reg[5] | CK ^ -> Q v | DFFQXL   | 0.050 |   0.050 |   -0.032 | 
     | g6092__5526      | B0 v -> Y ^ | AOI21X1  | 0.030 |   0.080 |   -0.002 | 
     | g5973__7098      | C0 ^ -> Y v | AOI211XL | 0.020 |   0.100 |    0.017 | 
     | pending_q_reg[5] | D v         | DFFQXL   | 0.000 |   0.100 |    0.017 | 
     +------------------------------------------------------------------------+ 
Path 57: MET Hold Check with Pin epoch_gray_q_reg[2]/CK 
Endpoint:   epoch_gray_q_reg[2]/D (v) checked with  leading edge of 'clk'
Beginpoint: epoch_gray_q_reg[2]/Q (v) triggered by  leading edge of 'clk'
Path Groups: {clk}
Analysis View: hold_view
Other End Arrival Time          0.001
+ Hold                         -0.002
+ Phase Shift                   0.000
+ Uncertainty                   0.020
= Required Time                 0.019
  Arrival Time                  0.106
  Slack Time                    0.087
     Clock Rise Edge                 0.000
     + Clock Network Latency (Prop)  -0.000
     = Beginpoint Arrival Time       -0.000
     +--------------------------------------------------------------------------+ 
     |      Instance       |     Arc     |  Cell   | Delay | Arrival | Required | 
     |                     |             |         |       |  Time   |   Time   | 
     |---------------------+-------------+---------+-------+---------+----------| 
     | epoch_gray_q_reg[2] | CK ^        |         |       |  -0.000 |   -0.087 | 
     | epoch_gray_q_reg[2] | CK ^ -> Q v | DFFHQX1 | 0.060 |   0.060 |   -0.027 | 
     | g6208               | A v -> Y ^  | INVX1   | 0.019 |   0.079 |   -0.008 | 
     | g5983__1666         | B0 ^ -> Y v | OAI22XL | 0.027 |   0.106 |    0.019 | 
     | epoch_gray_q_reg[2] | D v         | DFFHQX1 | 0.000 |   0.106 |    0.019 | 
     +--------------------------------------------------------------------------+ 
Path 58: MET Hold Check with Pin epoch_gray_q_reg[1]/CK 
Endpoint:   epoch_gray_q_reg[1]/D (v) checked with  leading edge of 'clk'
Beginpoint: epoch_gray_q_reg[1]/Q (v) triggered by  leading edge of 'clk'
Path Groups: {clk}
Analysis View: hold_view
Other End Arrival Time          0.001
+ Hold                         -0.002
+ Phase Shift                   0.000
+ Uncertainty                   0.020
= Required Time                 0.019
  Arrival Time                  0.136
  Slack Time                    0.117
     Clock Rise Edge                 0.000
     + Clock Network Latency (Prop)  -0.000
     = Beginpoint Arrival Time       -0.000
     +--------------------------------------------------------------------------+ 
     |      Instance       |     Arc     |  Cell   | Delay | Arrival | Required | 
     |                     |             |         |       |  Time   |   Time   | 
     |---------------------+-------------+---------+-------+---------+----------| 
     | epoch_gray_q_reg[1] | CK ^        |         |       |  -0.000 |   -0.117 | 
     | epoch_gray_q_reg[1] | CK ^ -> Q v | DFFHQX1 | 0.076 |   0.076 |   -0.041 | 
     | g6209               | A v -> Y ^  | INVX1   | 0.030 |   0.106 |   -0.011 | 
     | g5985__9945         | B0 ^ -> Y v | OAI22XL | 0.030 |   0.136 |    0.019 | 
     | epoch_gray_q_reg[1] | D v         | DFFHQX1 | 0.000 |   0.136 |    0.019 | 
     +--------------------------------------------------------------------------+ 
Path 59: MET Hold Check with Pin epoch_gray_q_reg[0]/CK 
Endpoint:   epoch_gray_q_reg[0]/D (v) checked with  leading edge of 'clk'
Beginpoint: epoch_gray_q_reg[0]/Q (^) triggered by  leading edge of 'clk'
Path Groups: {clk}
Analysis View: hold_view
Other End Arrival Time          0.001
+ Hold                         -0.002
+ Phase Shift                   0.000
+ Uncertainty                   0.020
= Required Time                 0.019
  Arrival Time                  0.136
  Slack Time                    0.117
     Clock Rise Edge                 0.000
     + Clock Network Latency (Prop)  -0.000
     = Beginpoint Arrival Time       -0.000
     +--------------------------------------------------------------------------+ 
     |      Instance       |     Arc     |  Cell   | Delay | Arrival | Required | 
     |                     |             |         |       |  Time   |   Time   | 
     |---------------------+-------------+---------+-------+---------+----------| 
     | epoch_gray_q_reg[0] | CK ^        |         |       |  -0.000 |   -0.117 | 
     | epoch_gray_q_reg[0] | CK ^ -> Q ^ | DFFHQX1 | 0.070 |   0.070 |   -0.047 | 
     | g6045__6131         | A0 ^ -> Y ^ | OA21X1  | 0.040 |   0.110 |   -0.007 | 
     | g5986__2883         | A0 ^ -> Y v | OAI22XL | 0.026 |   0.136 |    0.019 | 
     | epoch_gray_q_reg[0] | D v         | DFFHQX1 | 0.000 |   0.136 |    0.019 | 
     +--------------------------------------------------------------------------+ 
Path 60: MET Hold Check with Pin out_valid_q_reg/CK 
Endpoint:   out_valid_q_reg/D (v) checked with  leading edge of 'clk'
Beginpoint: out_valid_q_reg/Q (v) triggered by  leading edge of 'clk'
Path Groups: {clk}
Analysis View: hold_view
Other End Arrival Time          0.001
+ Hold                         -0.004
+ Phase Shift                   0.000
+ Uncertainty                   0.020
= Required Time                 0.017
  Arrival Time                  0.143
  Slack Time                    0.127
     Clock Rise Edge                 0.000
     + Clock Network Latency (Prop)  -0.000
     = Beginpoint Arrival Time       -0.000
     +-----------------------------------------------------------------------+ 
     |    Instance     |     Arc     |   Cell   | Delay | Arrival | Required | 
     |                 |             |          |       |  Time   |   Time   | 
     |-----------------+-------------+----------+-------+---------+----------| 
     | out_valid_q_reg | CK ^        |          |       |  -0.000 |   -0.127 | 
     | out_valid_q_reg | CK ^ -> Q v | DFFQXL   | 0.061 |   0.061 |   -0.066 | 
     | g6190__7410     | B v -> Y ^  | NAND2BX1 | 0.017 |   0.078 |   -0.049 | 
     | FE_OFC1_n_0     | A ^ -> Y ^  | BUFX2    | 0.038 |   0.116 |   -0.011 | 
     | g5997__3680     | A1 ^ -> Y v | OAI21XL  | 0.028 |   0.143 |    0.017 | 
     | out_valid_q_reg | D v         | DFFQXL   | 0.000 |   0.143 |    0.017 | 
     +-----------------------------------------------------------------------+ 
Path 61: MET Early External Delay Assertion 
Endpoint:   out_addr[0]         (^) checked with  leading edge of 'clk'
Beginpoint: out_addr_q_reg[0]/Q (^) triggered by  leading edge of 'clk'
Path Groups: {clk}
Analysis View: hold_view
Other End Arrival Time          0.000
- External Delay                1.000
+ Phase Shift                   0.000
+ Uncertainty                   0.020
= Required Time                -0.980
  Arrival Time                  0.046
  Slack Time                    1.026
     Clock Rise Edge                 0.000
     + Clock Network Latency (Prop)  -0.000
     = Beginpoint Arrival Time       -0.000
     +-------------------------------------------------------------------------+ 
     |     Instance      |      Arc      |  Cell  | Delay | Arrival | Required | 
     |                   |               |        |       |  Time   |   Time   | 
     |-------------------+---------------+--------+-------+---------+----------| 
     | out_addr_q_reg[0] | CK ^          |        |       |  -0.000 |   -1.026 | 
     | out_addr_q_reg[0] | CK ^ -> Q ^   | DFFQXL | 0.046 |   0.046 |   -0.980 | 
     |                   | out_addr[0] ^ |        | 0.000 |   0.046 |   -0.980 | 
     +-------------------------------------------------------------------------+ 
Path 62: MET Early External Delay Assertion 
Endpoint:   out_addr[3]         (^) checked with  leading edge of 'clk'
Beginpoint: out_addr_q_reg[3]/Q (^) triggered by  leading edge of 'clk'
Path Groups: {clk}
Analysis View: hold_view
Other End Arrival Time          0.000
- External Delay                1.000
+ Phase Shift                   0.000
+ Uncertainty                   0.020
= Required Time                -0.980
  Arrival Time                  0.046
  Slack Time                    1.026
     Clock Rise Edge                 0.000
     + Clock Network Latency (Prop)  -0.000
     = Beginpoint Arrival Time       -0.000
     +-------------------------------------------------------------------------+ 
     |     Instance      |      Arc      |  Cell  | Delay | Arrival | Required | 
     |                   |               |        |       |  Time   |   Time   | 
     |-------------------+---------------+--------+-------+---------+----------| 
     | out_addr_q_reg[3] | CK ^          |        |       |  -0.000 |   -1.027 | 
     | out_addr_q_reg[3] | CK ^ -> Q ^   | DFFQXL | 0.047 |   0.046 |   -0.980 | 
     |                   | out_addr[3] ^ |        | 0.000 |   0.046 |   -0.980 | 
     +-------------------------------------------------------------------------+ 
Path 63: MET Early External Delay Assertion 
Endpoint:   out_addr[2]         (^) checked with  leading edge of 'clk'
Beginpoint: out_addr_q_reg[2]/Q (^) triggered by  leading edge of 'clk'
Path Groups: {clk}
Analysis View: hold_view
Other End Arrival Time          0.000
- External Delay                1.000
+ Phase Shift                   0.000
+ Uncertainty                   0.020
= Required Time                -0.980
  Arrival Time                  0.047
  Slack Time                    1.027
     Clock Rise Edge                 0.000
     + Clock Network Latency (Prop)  -0.000
     = Beginpoint Arrival Time       -0.000
     +-------------------------------------------------------------------------+ 
     |     Instance      |      Arc      |  Cell  | Delay | Arrival | Required | 
     |                   |               |        |       |  Time   |   Time   | 
     |-------------------+---------------+--------+-------+---------+----------| 
     | out_addr_q_reg[2] | CK ^          |        |       |  -0.000 |   -1.028 | 
     | out_addr_q_reg[2] | CK ^ -> Q ^   | DFFQXL | 0.047 |   0.047 |   -0.980 | 
     |                   | out_addr[2] ^ |        | 0.000 |   0.047 |   -0.980 | 
     +-------------------------------------------------------------------------+ 
Path 64: MET Early External Delay Assertion 
Endpoint:   out_addr[1]         (^) checked with  leading edge of 'clk'
Beginpoint: out_addr_q_reg[1]/Q (^) triggered by  leading edge of 'clk'
Path Groups: {clk}
Analysis View: hold_view
Other End Arrival Time          0.000
- External Delay                1.000
+ Phase Shift                   0.000
+ Uncertainty                   0.020
= Required Time                -0.980
  Arrival Time                  0.047
  Slack Time                    1.027
     Clock Rise Edge                 0.000
     + Clock Network Latency (Prop)  -0.000
     = Beginpoint Arrival Time       -0.000
     +-------------------------------------------------------------------------+ 
     |     Instance      |      Arc      |  Cell  | Delay | Arrival | Required | 
     |                   |               |        |       |  Time   |   Time   | 
     |-------------------+---------------+--------+-------+---------+----------| 
     | out_addr_q_reg[1] | CK ^          |        |       |  -0.000 |   -1.028 | 
     | out_addr_q_reg[1] | CK ^ -> Q ^   | DFFQXL | 0.047 |   0.047 |   -0.980 | 
     |                   | out_addr[1] ^ |        | 0.000 |   0.047 |   -0.980 | 
     +-------------------------------------------------------------------------+ 
Path 65: MET Early External Delay Assertion 
Endpoint:   src_ack_async[6] (v) checked with  leading edge of 'clk'
Beginpoint: ack_q_reg[6]/Q   (v) triggered by  leading edge of 'clk'
Path Groups: {clk}
Analysis View: hold_view
Other End Arrival Time          0.000
- External Delay                1.000
+ Phase Shift                   0.000
+ Uncertainty                   0.020
= Required Time                -0.980
  Arrival Time                  0.069
  Slack Time                    1.049
     Clock Rise Edge                 0.000
     + Clock Network Latency (Prop)  -0.000
     = Beginpoint Arrival Time       -0.000
     +-------------------------------------------------------------------------+ 
     |   Instance   |        Arc         |  Cell  | Delay | Arrival | Required | 
     |              |                    |        |       |  Time   |   Time   | 
     |--------------+--------------------+--------+-------+---------+----------| 
     | ack_q_reg[6] | CK ^               |        |       |  -0.000 |   -1.049 | 
     | ack_q_reg[6] | CK ^ -> Q v        | DFFQXL | 0.048 |   0.048 |   -1.002 | 
     | g6196        | A v -> Y ^         | INVX1  | 0.012 |   0.059 |   -0.990 | 
     | g6124__9945  | B ^ -> Y v         | NOR2XL | 0.010 |   0.069 |   -0.980 | 
     |              | src_ack_async[6] v |        | 0.000 |   0.069 |   -0.980 | 
     +-------------------------------------------------------------------------+ 
Path 66: MET Early External Delay Assertion 
Endpoint:   src_ack_async[4] (v) checked with  leading edge of 'clk'
Beginpoint: ack_q_reg[4]/Q   (v) triggered by  leading edge of 'clk'
Path Groups: {clk}
Analysis View: hold_view
Other End Arrival Time          0.000
- External Delay                1.000
+ Phase Shift                   0.000
+ Uncertainty                   0.020
= Required Time                -0.980
  Arrival Time                  0.070
  Slack Time                    1.050
     Clock Rise Edge                 0.000
     + Clock Network Latency (Prop)  -0.000
     = Beginpoint Arrival Time       -0.000
     +-------------------------------------------------------------------------+ 
     |   Instance   |        Arc         |  Cell  | Delay | Arrival | Required | 
     |              |                    |        |       |  Time   |   Time   | 
     |--------------+--------------------+--------+-------+---------+----------| 
     | ack_q_reg[4] | CK ^               |        |       |  -0.000 |   -1.050 | 
     | ack_q_reg[4] | CK ^ -> Q v        | DFFQXL | 0.047 |   0.047 |   -1.003 | 
     | g6195        | A v -> Y ^         | INVX1  | 0.013 |   0.060 |   -0.990 | 
     | g6126__6131  | B ^ -> Y v         | NOR2XL | 0.010 |   0.070 |   -0.980 | 
     |              | src_ack_async[4] v |        | 0.000 |   0.070 |   -0.980 | 
     +-------------------------------------------------------------------------+ 
Path 67: MET Early External Delay Assertion 
Endpoint:   src_ack_async[5] (v) checked with  leading edge of 'clk'
Beginpoint: ack_q_reg[5]/Q   (v) triggered by  leading edge of 'clk'
Path Groups: {clk}
Analysis View: hold_view
Other End Arrival Time          0.000
- External Delay                1.000
+ Phase Shift                   0.000
+ Uncertainty                   0.020
= Required Time                -0.980
  Arrival Time                  0.070
  Slack Time                    1.050
     Clock Rise Edge                 0.000
     + Clock Network Latency (Prop)  -0.000
     = Beginpoint Arrival Time       -0.000
     +-------------------------------------------------------------------------+ 
     |   Instance   |        Arc         |  Cell  | Delay | Arrival | Required | 
     |              |                    |        |       |  Time   |   Time   | 
     |--------------+--------------------+--------+-------+---------+----------| 
     | ack_q_reg[5] | CK ^               |        |       |  -0.000 |   -1.050 | 
     | ack_q_reg[5] | CK ^ -> Q v        | DFFQXL | 0.048 |   0.047 |   -1.003 | 
     | g6205        | A v -> Y ^         | INVX1  | 0.013 |   0.060 |   -0.990 | 
     | g6118__5122  | B ^ -> Y v         | NOR2XL | 0.010 |   0.070 |   -0.980 | 
     |              | src_ack_async[5] v |        | 0.000 |   0.070 |   -0.980 | 
     +-------------------------------------------------------------------------+ 
Path 68: MET Early External Delay Assertion 
Endpoint:   src_ack_async[10] (v) checked with  leading edge of 'clk'
Beginpoint: ack_q_reg[10]/Q   (v) triggered by  leading edge of 'clk'
Path Groups: {clk}
Analysis View: hold_view
Other End Arrival Time          0.000
- External Delay                1.000
+ Phase Shift                   0.000
+ Uncertainty                   0.020
= Required Time                -0.980
  Arrival Time                  0.070
  Slack Time                    1.050
     Clock Rise Edge                 0.000
     + Clock Network Latency (Prop)  -0.000
     = Beginpoint Arrival Time       -0.000
     +---------------------------------------------------------------------------+ 
     |   Instance    |         Arc         |  Cell  | Delay | Arrival | Required | 
     |               |                     |        |       |  Time   |   Time   | 
     |---------------+---------------------+--------+-------+---------+----------| 
     | ack_q_reg[10] | CK ^                |        |       |  -0.000 |   -1.050 | 
     | ack_q_reg[10] | CK ^ -> Q v         | DFFQXL | 0.048 |   0.048 |   -1.002 | 
     | g6199         | A v -> Y ^          | INVX1  | 0.013 |   0.060 |   -0.990 | 
     | g6127__2802   | B ^ -> Y v          | NOR2XL | 0.010 |   0.070 |   -0.980 | 
     |               | src_ack_async[10] v |        | 0.000 |   0.070 |   -0.980 | 
     +---------------------------------------------------------------------------+ 
Path 69: MET Early External Delay Assertion 
Endpoint:   src_ack_async[11] (v) checked with  leading edge of 'clk'
Beginpoint: ack_q_reg[11]/Q   (v) triggered by  leading edge of 'clk'
Path Groups: {clk}
Analysis View: hold_view
Other End Arrival Time          0.000
- External Delay                1.000
+ Phase Shift                   0.000
+ Uncertainty                   0.020
= Required Time                -0.980
  Arrival Time                  0.071
  Slack Time                    1.051
     Clock Rise Edge                 0.000
     + Clock Network Latency (Prop)  -0.000
     = Beginpoint Arrival Time       -0.000
     +---------------------------------------------------------------------------+ 
     |   Instance    |         Arc         |  Cell  | Delay | Arrival | Required | 
     |               |                     |        |       |  Time   |   Time   | 
     |---------------+---------------------+--------+-------+---------+----------| 
     | ack_q_reg[11] | CK ^                |        |       |  -0.000 |   -1.051 | 
     | ack_q_reg[11] | CK ^ -> Q v         | DFFQXL | 0.048 |   0.048 |   -1.003 | 
     | g6202         | A v -> Y ^          | INVX1  | 0.013 |   0.060 |   -0.991 | 
     | g6133__4733   | B ^ -> Y v          | NOR2XL | 0.011 |   0.071 |   -0.980 | 
     |               | src_ack_async[11] v |        | 0.000 |   0.071 |   -0.980 | 
     +---------------------------------------------------------------------------+ 
Path 70: MET Early External Delay Assertion 
Endpoint:   src_ack_async[7] (v) checked with  leading edge of 'clk'
Beginpoint: ack_q_reg[7]/Q   (v) triggered by  leading edge of 'clk'
Path Groups: {clk}
Analysis View: hold_view
Other End Arrival Time          0.000
- External Delay                1.000
+ Phase Shift                   0.000
+ Uncertainty                   0.020
= Required Time                -0.980
  Arrival Time                  0.072
  Slack Time                    1.052
     Clock Rise Edge                 0.000
     + Clock Network Latency (Prop)  -0.000
     = Beginpoint Arrival Time       -0.000
     +-------------------------------------------------------------------------+ 
     |   Instance   |        Arc         |  Cell  | Delay | Arrival | Required | 
     |              |                    |        |       |  Time   |   Time   | 
     |--------------+--------------------+--------+-------+---------+----------| 
     | ack_q_reg[7] | CK ^               |        |       |  -0.000 |   -1.052 | 
     | ack_q_reg[7] | CK ^ -> Q v        | DFFQXL | 0.048 |   0.048 |   -1.004 | 
     | g6206        | A v -> Y ^         | INVX1  | 0.013 |   0.060 |   -0.991 | 
     | g6122__5115  | B ^ -> Y v         | NOR2XL | 0.011 |   0.072 |   -0.980 | 
     |              | src_ack_async[7] v |        | 0.000 |   0.072 |   -0.980 | 
     +-------------------------------------------------------------------------+ 
Path 71: MET Early External Delay Assertion 
Endpoint:   src_ack_async[2] (v) checked with  leading edge of 'clk'
Beginpoint: ack_q_reg[2]/Q   (v) triggered by  leading edge of 'clk'
Path Groups: {clk}
Analysis View: hold_view
Other End Arrival Time          0.000
- External Delay                1.000
+ Phase Shift                   0.000
+ Uncertainty                   0.020
= Required Time                -0.980
  Arrival Time                  0.073
  Slack Time                    1.053
     Clock Rise Edge                 0.000
     + Clock Network Latency (Prop)  -0.000
     = Beginpoint Arrival Time       -0.000
     +-------------------------------------------------------------------------+ 
     |   Instance   |        Arc         |  Cell  | Delay | Arrival | Required | 
     |              |                    |        |       |  Time   |   Time   | 
     |--------------+--------------------+--------+-------+---------+----------| 
     | ack_q_reg[2] | CK ^               |        |       |  -0.000 |   -1.053 | 
     | ack_q_reg[2] | CK ^ -> Q v        | DFFQXL | 0.047 |   0.047 |   -1.006 | 
     | g6204        | A v -> Y ^         | INVX1  | 0.013 |   0.060 |   -0.993 | 
     | g6132__9315  | B ^ -> Y v         | NOR2XL | 0.013 |   0.073 |   -0.980 | 
     |              | src_ack_async[2] v |        | 0.000 |   0.073 |   -0.980 | 
     +-------------------------------------------------------------------------+ 
Path 72: MET Early External Delay Assertion 
Endpoint:   src_ack_async[15] (v) checked with  leading edge of 'clk'
Beginpoint: ack_q_reg[15]/Q   (v) triggered by  leading edge of 'clk'
Path Groups: {clk}
Analysis View: hold_view
Other End Arrival Time          0.000
- External Delay                1.000
+ Phase Shift                   0.000
+ Uncertainty                   0.020
= Required Time                -0.980
  Arrival Time                  0.074
  Slack Time                    1.054
     Clock Rise Edge                 0.000
     + Clock Network Latency (Prop)  -0.000
     = Beginpoint Arrival Time       -0.000
     +---------------------------------------------------------------------------+ 
     |   Instance    |         Arc         |  Cell  | Delay | Arrival | Required | 
     |               |                     |        |       |  Time   |   Time   | 
     |---------------+---------------------+--------+-------+---------+----------| 
     | ack_q_reg[15] | CK ^                |        |       |  -0.000 |   -1.054 | 
     | ack_q_reg[15] | CK ^ -> Q v         | DFFQXL | 0.047 |   0.047 |   -1.007 | 
     | g6201         | A v -> Y ^          | INVX1  | 0.014 |   0.062 |   -0.992 | 
     | g6128__1881   | B ^ -> Y v          | NOR2XL | 0.012 |   0.074 |   -0.980 | 
     |               | src_ack_async[15] v |        | 0.000 |   0.074 |   -0.980 | 
     +---------------------------------------------------------------------------+ 
Path 73: MET Early External Delay Assertion 
Endpoint:   src_ack_async[8] (v) checked with  leading edge of 'clk'
Beginpoint: ack_q_reg[8]/Q   (v) triggered by  leading edge of 'clk'
Path Groups: {clk}
Analysis View: hold_view
Other End Arrival Time          0.000
- External Delay                1.000
+ Phase Shift                   0.000
+ Uncertainty                   0.020
= Required Time                -0.980
  Arrival Time                  0.074
  Slack Time                    1.054
     Clock Rise Edge                 0.000
     + Clock Network Latency (Prop)  -0.000
     = Beginpoint Arrival Time       -0.000
     +-------------------------------------------------------------------------+ 
     |   Instance   |        Arc         |  Cell  | Delay | Arrival | Required | 
     |              |                    |        |       |  Time   |   Time   | 
     |--------------+--------------------+--------+-------+---------+----------| 
     | ack_q_reg[8] | CK ^               |        |       |  -0.000 |   -1.055 | 
     | ack_q_reg[8] | CK ^ -> Q v        | DFFQXL | 0.048 |   0.047 |   -1.007 | 
     | g6203        | A v -> Y ^         | INVX1  | 0.015 |   0.062 |   -0.992 | 
     | g6120__1705  | B ^ -> Y v         | NOR2XL | 0.012 |   0.074 |   -0.980 | 
     |              | src_ack_async[8] v |        | 0.000 |   0.074 |   -0.980 | 
     +-------------------------------------------------------------------------+ 
Path 74: MET Early External Delay Assertion 
Endpoint:   src_ack_async[3] (v) checked with  leading edge of 'clk'
Beginpoint: ack_q_reg[3]/Q   (v) triggered by  leading edge of 'clk'
Path Groups: {clk}
Analysis View: hold_view
Other End Arrival Time          0.000
- External Delay                1.000
+ Phase Shift                   0.000
+ Uncertainty                   0.020
= Required Time                -0.980
  Arrival Time                  0.075
  Slack Time                    1.055
     Clock Rise Edge                 0.000
     + Clock Network Latency (Prop)  -0.000
     = Beginpoint Arrival Time       -0.000
     +-------------------------------------------------------------------------+ 
     |   Instance   |        Arc         |  Cell  | Delay | Arrival | Required | 
     |              |                    |        |       |  Time   |   Time   | 
     |--------------+--------------------+--------+-------+---------+----------| 
     | ack_q_reg[3] | CK ^               |        |       |  -0.000 |   -1.055 | 
     | ack_q_reg[3] | CK ^ -> Q v        | DFFQXL | 0.047 |   0.047 |   -1.008 | 
     | g6192        | A v -> Y ^         | INVX1  | 0.014 |   0.061 |   -0.994 | 
     | g6129__8246  | B ^ -> Y v         | NOR2XL | 0.014 |   0.075 |   -0.980 | 
     |              | src_ack_async[3] v |        | 0.000 |   0.075 |   -0.980 | 
     +-------------------------------------------------------------------------+ 
Path 75: MET Early External Delay Assertion 
Endpoint:   src_ack_async[0] (v) checked with  leading edge of 'clk'
Beginpoint: ack_q_reg[0]/Q   (v) triggered by  leading edge of 'clk'
Path Groups: {clk}
Analysis View: hold_view
Other End Arrival Time          0.000
- External Delay                1.000
+ Phase Shift                   0.000
+ Uncertainty                   0.020
= Required Time                -0.980
  Arrival Time                  0.075
  Slack Time                    1.055
     Clock Rise Edge                 0.000
     + Clock Network Latency (Prop)  -0.000
     = Beginpoint Arrival Time       -0.000
     +-------------------------------------------------------------------------+ 
     |   Instance   |        Arc         |  Cell  | Delay | Arrival | Required | 
     |              |                    |        |       |  Time   |   Time   | 
     |--------------+--------------------+--------+-------+---------+----------| 
     | ack_q_reg[0] | CK ^               |        |       |  -0.000 |   -1.055 | 
     | ack_q_reg[0] | CK ^ -> Q v        | DFFQXL | 0.047 |   0.047 |   -1.008 | 
     | g6193        | A v -> Y ^         | INVX1  | 0.013 |   0.060 |   -0.995 | 
     | g6119__6161  | B ^ -> Y v         | NOR2XL | 0.015 |   0.075 |   -0.980 | 
     |              | src_ack_async[0] v |        | 0.000 |   0.075 |   -0.980 | 
     +-------------------------------------------------------------------------+ 
Path 76: MET Early External Delay Assertion 
Endpoint:   src_ack_async[13] (v) checked with  leading edge of 'clk'
Beginpoint: ack_q_reg[13]/Q   (v) triggered by  leading edge of 'clk'
Path Groups: {clk}
Analysis View: hold_view
Other End Arrival Time          0.000
- External Delay                1.000
+ Phase Shift                   0.000
+ Uncertainty                   0.020
= Required Time                -0.980
  Arrival Time                  0.075
  Slack Time                    1.055
     Clock Rise Edge                 0.000
     + Clock Network Latency (Prop)  -0.000
     = Beginpoint Arrival Time       -0.000
     +---------------------------------------------------------------------------+ 
     |   Instance    |         Arc         |  Cell  | Delay | Arrival | Required | 
     |               |                     |        |       |  Time   |   Time   | 
     |---------------+---------------------+--------+-------+---------+----------| 
     | ack_q_reg[13] | CK ^                |        |       |  -0.000 |   -1.056 | 
     | ack_q_reg[13] | CK ^ -> Q v         | DFFQXL | 0.048 |   0.047 |   -1.008 | 
     | g6197         | A v -> Y ^          | INVX1  | 0.015 |   0.063 |   -0.993 | 
     | g6130__3680   | B ^ -> Y v          | NOR2XL | 0.013 |   0.075 |   -0.980 | 
     |               | src_ack_async[13] v |        | 0.000 |   0.075 |   -0.980 | 
     +---------------------------------------------------------------------------+ 
Path 77: MET Early External Delay Assertion 
Endpoint:   src_ack_async[9] (v) checked with  leading edge of 'clk'
Beginpoint: ack_q_reg[9]/Q   (v) triggered by  leading edge of 'clk'
Path Groups: {clk}
Analysis View: hold_view
Other End Arrival Time          0.000
- External Delay                1.000
+ Phase Shift                   0.000
+ Uncertainty                   0.020
= Required Time                -0.980
  Arrival Time                  0.076
  Slack Time                    1.056
     Clock Rise Edge                 0.000
     + Clock Network Latency (Prop)  -0.000
     = Beginpoint Arrival Time       -0.000
     +-------------------------------------------------------------------------+ 
     |   Instance   |        Arc         |  Cell  | Delay | Arrival | Required | 
     |              |                    |        |       |  Time   |   Time   | 
     |--------------+--------------------+--------+-------+---------+----------| 
     | ack_q_reg[9] | CK ^               |        |       |  -0.000 |   -1.056 | 
     | ack_q_reg[9] | CK ^ -> Q v        | DFFQXL | 0.048 |   0.047 |   -1.009 | 
     | g6198        | A v -> Y ^         | INVX1  | 0.016 |   0.063 |   -0.992 | 
     | g6131__6783  | B ^ -> Y v         | NOR2XL | 0.012 |   0.076 |   -0.980 | 
     |              | src_ack_async[9] v |        | 0.000 |   0.076 |   -0.980 | 
     +-------------------------------------------------------------------------+ 
Path 78: MET Early External Delay Assertion 
Endpoint:   src_ack_async[14] (v) checked with  leading edge of 'clk'
Beginpoint: ack_q_reg[14]/Q   (v) triggered by  leading edge of 'clk'
Path Groups: {clk}
Analysis View: hold_view
Other End Arrival Time          0.000
- External Delay                1.000
+ Phase Shift                   0.000
+ Uncertainty                   0.020
= Required Time                -0.980
  Arrival Time                  0.076
  Slack Time                    1.056
     Clock Rise Edge                 0.000
     + Clock Network Latency (Prop)  -0.000
     = Beginpoint Arrival Time       -0.000
     +---------------------------------------------------------------------------+ 
     |   Instance    |         Arc         |  Cell  | Delay | Arrival | Required | 
     |               |                     |        |       |  Time   |   Time   | 
     |---------------+---------------------+--------+-------+---------+----------| 
     | ack_q_reg[14] | CK ^                |        |       |  -0.000 |   -1.057 | 
     | ack_q_reg[14] | CK ^ -> Q v         | DFFQXL | 0.046 |   0.046 |   -1.010 | 
     | g6207         | A v -> Y ^          | INVX1  | 0.017 |   0.063 |   -0.993 | 
     | g6117__7482   | B ^ -> Y v          | NOR2XL | 0.013 |   0.076 |   -0.980 | 
     |               | src_ack_async[14] v |        | 0.000 |   0.076 |   -0.980 | 
     +---------------------------------------------------------------------------+ 
Path 79: MET Early External Delay Assertion 
Endpoint:   src_ack_async[1] (v) checked with  leading edge of 'clk'
Beginpoint: ack_q_reg[1]/Q   (v) triggered by  leading edge of 'clk'
Path Groups: {clk}
Analysis View: hold_view
Other End Arrival Time          0.000
- External Delay                1.000
+ Phase Shift                   0.000
+ Uncertainty                   0.020
= Required Time                -0.980
  Arrival Time                  0.077
  Slack Time                    1.057
     Clock Rise Edge                 0.000
     + Clock Network Latency (Prop)  -0.000
     = Beginpoint Arrival Time       -0.000
     +-------------------------------------------------------------------------+ 
     |   Instance   |        Arc         |  Cell  | Delay | Arrival | Required | 
     |              |                    |        |       |  Time   |   Time   | 
     |--------------+--------------------+--------+-------+---------+----------| 
     | ack_q_reg[1] | CK ^               |        |       |  -0.000 |   -1.057 | 
     | ack_q_reg[1] | CK ^ -> Q v        | DFFQXL | 0.048 |   0.048 |   -1.009 | 
     | g6200        | A v -> Y ^         | INVX1  | 0.014 |   0.062 |   -0.995 | 
     | g6125__7098  | B ^ -> Y v         | NOR2XL | 0.015 |   0.077 |   -0.980 | 
     |              | src_ack_async[1] v |        | 0.000 |   0.077 |   -0.980 | 
     +-------------------------------------------------------------------------+ 
Path 80: MET Early External Delay Assertion 
Endpoint:   src_ack_async[12] (v) checked with  leading edge of 'clk'
Beginpoint: ack_q_reg[12]/Q   (v) triggered by  leading edge of 'clk'
Path Groups: {clk}
Analysis View: hold_view
Other End Arrival Time          0.000
- External Delay                1.000
+ Phase Shift                   0.000
+ Uncertainty                   0.020
= Required Time                -0.980
  Arrival Time                  0.077
  Slack Time                    1.057
     Clock Rise Edge                 0.000
     + Clock Network Latency (Prop)  -0.000
     = Beginpoint Arrival Time       -0.000
     +---------------------------------------------------------------------------+ 
     |   Instance    |         Arc         |  Cell  | Delay | Arrival | Required | 
     |               |                     |        |       |  Time   |   Time   | 
     |---------------+---------------------+--------+-------+---------+----------| 
     | ack_q_reg[12] | CK ^                |        |       |  -0.000 |   -1.058 | 
     | ack_q_reg[12] | CK ^ -> Q v         | DFFQXL | 0.048 |   0.047 |   -1.010 | 
     | g6191         | A v -> Y ^          | INVX1  | 0.017 |   0.064 |   -0.993 | 
     | g6121__1617   | B ^ -> Y v          | NOR2XL | 0.013 |   0.077 |   -0.980 | 
     |               | src_ack_async[12] v |        | 0.000 |   0.077 |   -0.980 | 
     +---------------------------------------------------------------------------+ 
Path 81: MET Early External Delay Assertion 
Endpoint:   out_valid         (v) checked with  leading edge of 'clk'
Beginpoint: out_valid_q_reg/Q (v) triggered by  leading edge of 'clk'
Path Groups: {clk}
Analysis View: hold_view
Other End Arrival Time          0.000
- External Delay                1.000
+ Phase Shift                   0.000
+ Uncertainty                   0.020
= Required Time                -0.980
  Arrival Time                  0.085
  Slack Time                    1.065
     Clock Rise Edge                 0.000
     + Clock Network Latency (Prop)  -0.000
     = Beginpoint Arrival Time       -0.000
     +----------------------------------------------------------------------+ 
     |    Instance     |     Arc     |  Cell   | Delay | Arrival | Required | 
     |                 |             |         |       |  Time   |   Time   | 
     |-----------------+-------------+---------+-------+---------+----------| 
     | out_valid_q_reg | CK ^        |         |       |  -0.000 |   -1.065 | 
     | out_valid_q_reg | CK ^ -> Q v | DFFQXL  | 0.061 |   0.061 |   -1.004 | 
     | g6123__2883     | AN v -> Y v | NOR2BX1 | 0.024 |   0.085 |   -0.980 | 
     |                 | out_valid v |         | 0.000 |   0.085 |   -0.980 | 
     +----------------------------------------------------------------------+ 

