============================================================
  Generated by:           Genus(TM) Synthesis Solution 23.14-s090_1
  Generated on:           Aug 26 2026  02:52:15 pm
  Module:                 aer_pending_xor2_rank_reuse_sync_core_reset
  Operating conditions:   PVT_0P9V_125C (balanced_tree)
  Wireload mode:          enclosed
  Area mode:              timing library
============================================================


Path 1: MET (7807 ps) Setup Check with Pin core/pending_rank_q_reg[5]/CK->D
          Group: clk
     Startpoint: (R) core/req_sync_q_reg[13]/CK
          Clock: (R) clk
       Endpoint: (R) core/pending_rank_q_reg[5]/D
          Clock: (R) clk

                     Capture       Launch     
        Clock Edge:+   10000            0     
       Src Latency:+       0            0     
       Net Latency:+       0 (I)        0 (I) 
           Arrival:=   10000            0     
                                              
             Setup:-     136                  
     Required Time:=    9864                  
      Launch Clock:-       0                  
         Data Path:-    2057                  
             Slack:=    7807                  

#------------------------------------------------------------------------------------------------------
#        Timing Point          Flags    Arc   Edge   Cell     Fanout Load Trans Delay Arrival Instance 
#                                                                    (fF)  (ps)  (ps)   (ps)  Location 
#------------------------------------------------------------------------------------------------------
  core/req_sync_q_reg[13]/CK   -       -      R     (arrival)     71    -     0     0       0    (-,-) 
  core/req_sync_q_reg[13]/Q    (P)     CK->Q  F     DFFHQX1        2  0.8    32   202     202    (-,-) 
  core/g6960__2883/Y           -       A0->Y  R     AOI21X1        4  1.4    95    96     298    (-,-) 
  core/g6889__8246/Y           -       C->Y   F     NAND4X1        3  1.2   256   240     538    (-,-) 
  core/g6880__8428/Y           -       A1->Y  R     OAI21X1        2  0.4    82   182     720    (-,-) 
  core/g6874__6417/Y           -       AN->Y  R     NOR2BX1        1  0.4    71   118     838    (-,-) 
  core/g6867__6161/Y           -       B1->Y  F     OAI22X1        1  0.2    89    96     934    (-,-) 
  core/g6854__8246/Y           -       A1N->Y F     OAI2BB1X1      6  2.3   158   172    1106    (-,-) 
  core/g6853/Y                 -       A->Y   R     INVX1          4  1.6    67   116    1222    (-,-) 
  core/g6844__4319/Y           -       B1->Y  F     OAI22X1        1  0.2    89    94    1316    (-,-) 
  core/g6837__6417/Y           -       B->Y   F     MX2XL          2  0.6    44   161    1477    (-,-) 
  core/g6832__2883/Y           -       A1->Y  R     OAI211X1       1  0.4    77    80    1557    (-,-) 
  core/g6827__7482/Y           -       C0->Y  F     OAI211X1       3  1.1   187   175    1732    (-,-) 
  core/g6826/Y                 -       A->Y   R     INVX1          3  1.0    59   126    1858    (-,-) 
  core/g6818__1705/Y           -       A1->Y  F     OAI21X1        4  0.8    98    98    1956    (-,-) 
  core/g6810__8428/Y           -       A1->Y  R     AOI21XL        1  0.3    63   101    2057    (-,-) 
  core/pending_rank_q_reg[5]/D -       -      R     DFFHQX1        1    -     -     0    2057    (-,-) 
#------------------------------------------------------------------------------------------------------

(P) : Instance is preserved



Path 2: MET (7807 ps) Setup Check with Pin core/pending_rank_q_reg[7]/CK->D
          Group: clk
     Startpoint: (R) core/req_sync_q_reg[13]/CK
          Clock: (R) clk
       Endpoint: (R) core/pending_rank_q_reg[7]/D
          Clock: (R) clk

                     Capture       Launch     
        Clock Edge:+   10000            0     
       Src Latency:+       0            0     
       Net Latency:+       0 (I)        0 (I) 
           Arrival:=   10000            0     
                                              
             Setup:-     136                  
     Required Time:=    9864                  
      Launch Clock:-       0                  
         Data Path:-    2057                  
             Slack:=    7807                  

#------------------------------------------------------------------------------------------------------
#        Timing Point          Flags    Arc   Edge   Cell     Fanout Load Trans Delay Arrival Instance 
#                                                                    (fF)  (ps)  (ps)   (ps)  Location 
#------------------------------------------------------------------------------------------------------
  core/req_sync_q_reg[13]/CK   -       -      R     (arrival)     71    -     0     0       0    (-,-) 
  core/req_sync_q_reg[13]/Q    (P)     CK->Q  F     DFFHQX1        2  0.8    32   202     202    (-,-) 
  core/g6960__2883/Y           -       A0->Y  R     AOI21X1        4  1.4    95    96     298    (-,-) 
  core/g6889__8246/Y           -       C->Y   F     NAND4X1        3  1.2   256   240     538    (-,-) 
  core/g6880__8428/Y           -       A1->Y  R     OAI21X1        2  0.4    82   182     720    (-,-) 
  core/g6874__6417/Y           -       AN->Y  R     NOR2BX1        1  0.4    71   118     838    (-,-) 
  core/g6867__6161/Y           -       B1->Y  F     OAI22X1        1  0.2    89    96     934    (-,-) 
  core/g6854__8246/Y           -       A1N->Y F     OAI2BB1X1      6  2.3   158   172    1106    (-,-) 
  core/g6853/Y                 -       A->Y   R     INVX1          4  1.6    67   116    1222    (-,-) 
  core/g6844__4319/Y           -       B1->Y  F     OAI22X1        1  0.2    89    94    1316    (-,-) 
  core/g6837__6417/Y           -       B->Y   F     MX2XL          2  0.6    44   161    1477    (-,-) 
  core/g6832__2883/Y           -       A1->Y  R     OAI211X1       1  0.4    77    80    1557    (-,-) 
  core/g6827__7482/Y           -       C0->Y  F     OAI211X1       3  1.1   187   175    1732    (-,-) 
  core/g6826/Y                 -       A->Y   R     INVX1          3  1.0    59   126    1858    (-,-) 
  core/g6818__1705/Y           -       A1->Y  F     OAI21X1        4  0.8    98    98    1956    (-,-) 
  core/g6796__6161/Y           -       A1->Y  R     AOI21XL        1  0.3    62   101    2057    (-,-) 
  core/pending_rank_q_reg[7]/D -       -      R     DFFHQX1        1    -     -     0    2057    (-,-) 
#------------------------------------------------------------------------------------------------------

(P) : Instance is preserved



Path 3: MET (7807 ps) Setup Check with Pin core/pending_rank_q_reg[1]/CK->D
          Group: clk
     Startpoint: (R) core/req_sync_q_reg[13]/CK
          Clock: (R) clk
       Endpoint: (R) core/pending_rank_q_reg[1]/D
          Clock: (R) clk

                     Capture       Launch     
        Clock Edge:+   10000            0     
       Src Latency:+       0            0     
       Net Latency:+       0 (I)        0 (I) 
           Arrival:=   10000            0     
                                              
             Setup:-     136                  
     Required Time:=    9864                  
      Launch Clock:-       0                  
         Data Path:-    2057                  
             Slack:=    7807                  

#------------------------------------------------------------------------------------------------------
#        Timing Point          Flags    Arc   Edge   Cell     Fanout Load Trans Delay Arrival Instance 
#                                                                    (fF)  (ps)  (ps)   (ps)  Location 
#------------------------------------------------------------------------------------------------------
  core/req_sync_q_reg[13]/CK   -       -      R     (arrival)     71    -     0     0       0    (-,-) 
  core/req_sync_q_reg[13]/Q    (P)     CK->Q  F     DFFHQX1        2  0.8    32   202     202    (-,-) 
  core/g6960__2883/Y           -       A0->Y  R     AOI21X1        4  1.4    95    96     298    (-,-) 
  core/g6889__8246/Y           -       C->Y   F     NAND4X1        3  1.2   256   240     538    (-,-) 
  core/g6880__8428/Y           -       A1->Y  R     OAI21X1        2  0.4    82   182     720    (-,-) 
  core/g6874__6417/Y           -       AN->Y  R     NOR2BX1        1  0.4    71   118     838    (-,-) 
  core/g6867__6161/Y           -       B1->Y  F     OAI22X1        1  0.2    89    96     934    (-,-) 
  core/g6854__8246/Y           -       A1N->Y F     OAI2BB1X1      6  2.3   158   172    1106    (-,-) 
  core/g6853/Y                 -       A->Y   R     INVX1          4  1.6    67   116    1222    (-,-) 
  core/g6844__4319/Y           -       B1->Y  F     OAI22X1        1  0.2    89    94    1316    (-,-) 
  core/g6837__6417/Y           -       B->Y   F     MX2XL          2  0.6    44   161    1477    (-,-) 
  core/g6832__2883/Y           -       A1->Y  R     OAI211X1       1  0.4    77    80    1557    (-,-) 
  core/g6827__7482/Y           -       C0->Y  F     OAI211X1       3  1.1   187   175    1732    (-,-) 
  core/g6826/Y                 -       A->Y   R     INVX1          3  1.0    59   126    1858    (-,-) 
  core/g6818__1705/Y           -       A1->Y  F     OAI21X1        4  0.8    98    98    1956    (-,-) 
  core/g6808__6260/Y           -       A1->Y  R     AOI21XL        1  0.3    62   101    2057    (-,-) 
  core/pending_rank_q_reg[1]/D -       -      R     DFFHQX1        1    -     -     0    2057    (-,-) 
#------------------------------------------------------------------------------------------------------

(P) : Instance is preserved



Path 4: MET (7808 ps) Setup Check with Pin core/pending_rank_q_reg[3]/CK->D
          Group: clk
     Startpoint: (R) core/req_sync_q_reg[13]/CK
          Clock: (R) clk
       Endpoint: (R) core/pending_rank_q_reg[3]/D
          Clock: (R) clk

                     Capture       Launch     
        Clock Edge:+   10000            0     
       Src Latency:+       0            0     
       Net Latency:+       0 (I)        0 (I) 
           Arrival:=   10000            0     
                                              
             Setup:-     135                  
     Required Time:=    9865                  
      Launch Clock:-       0                  
         Data Path:-    2057                  
             Slack:=    7808                  

#------------------------------------------------------------------------------------------------------
#        Timing Point          Flags    Arc   Edge   Cell     Fanout Load Trans Delay Arrival Instance 
#                                                                    (fF)  (ps)  (ps)   (ps)  Location 
#------------------------------------------------------------------------------------------------------
  core/req_sync_q_reg[13]/CK   -       -      R     (arrival)     71    -     0     0       0    (-,-) 
  core/req_sync_q_reg[13]/Q    (P)     CK->Q  F     DFFHQX1        2  0.8    32   202     202    (-,-) 
  core/g6960__2883/Y           -       A0->Y  R     AOI21X1        4  1.4    95    96     298    (-,-) 
  core/g6889__8246/Y           -       C->Y   F     NAND4X1        3  1.2   256   240     538    (-,-) 
  core/g6880__8428/Y           -       A1->Y  R     OAI21X1        2  0.4    82   182     720    (-,-) 
  core/g6874__6417/Y           -       AN->Y  R     NOR2BX1        1  0.4    71   118     838    (-,-) 
  core/g6867__6161/Y           -       B1->Y  F     OAI22X1        1  0.2    89    96     934    (-,-) 
  core/g6854__8246/Y           -       A1N->Y F     OAI2BB1X1      6  2.3   158   172    1106    (-,-) 
  core/g6853/Y                 -       A->Y   R     INVX1          4  1.6    67   116    1222    (-,-) 
  core/g6844__4319/Y           -       B1->Y  F     OAI22X1        1  0.2    89    94    1316    (-,-) 
  core/g6837__6417/Y           -       B->Y   F     MX2XL          2  0.6    44   161    1477    (-,-) 
  core/g6832__2883/Y           -       A1->Y  R     OAI211X1       1  0.4    77    80    1557    (-,-) 
  core/g6827__7482/Y           -       C0->Y  F     OAI211X1       3  1.1   187   175    1732    (-,-) 
  core/g6826/Y                 -       A->Y   R     INVX1          3  1.0    59   126    1858    (-,-) 
  core/g6818__1705/Y           -       A1->Y  F     OAI21X1        4  0.8    98    98    1956    (-,-) 
  core/g6799__2883/Y           -       A1->Y  R     AOI21XL        1  0.3    62   101    2057    (-,-) 
  core/pending_rank_q_reg[3]/D -       -      R     DFFHQX1        1    -     -     0    2057    (-,-) 
#------------------------------------------------------------------------------------------------------

(P) : Instance is preserved



Path 5: MET (7814 ps) Setup Check with Pin core/pending_rank_q_reg[14]/CK->D
          Group: clk
     Startpoint: (R) core/req_sync_q_reg[13]/CK
          Clock: (R) clk
       Endpoint: (F) core/pending_rank_q_reg[14]/D
          Clock: (R) clk

                     Capture       Launch     
        Clock Edge:+   10000            0     
       Src Latency:+       0            0     
       Net Latency:+       0 (I)        0 (I) 
           Arrival:=   10000            0     
                                              
             Setup:-      91                  
     Required Time:=    9909                  
      Launch Clock:-       0                  
         Data Path:-    2095                  
             Slack:=    7814                  

#-------------------------------------------------------------------------------------------------------
#         Timing Point          Flags    Arc   Edge   Cell     Fanout Load Trans Delay Arrival Instance 
#                                                                     (fF)  (ps)  (ps)   (ps)  Location 
#-------------------------------------------------------------------------------------------------------
  core/req_sync_q_reg[13]/CK    -       -      R     (arrival)     71    -     0     0       0    (-,-) 
  core/req_sync_q_reg[13]/Q     (P)     CK->Q  F     DFFHQX1        2  0.8    32   202     202    (-,-) 
  core/g6960__2883/Y            -       A0->Y  R     AOI21X1        4  1.4    95    96     298    (-,-) 
  core/g6889__8246/Y            -       C->Y   F     NAND4X1        3  1.2   256   240     538    (-,-) 
  core/g6880__8428/Y            -       A1->Y  R     OAI21X1        2  0.4    82   182     720    (-,-) 
  core/g6874__6417/Y            -       AN->Y  R     NOR2BX1        1  0.4    71   118     838    (-,-) 
  core/g6867__6161/Y            -       B1->Y  F     OAI22X1        1  0.2    89    96     934    (-,-) 
  core/g6854__8246/Y            -       A1N->Y F     OAI2BB1X1      6  2.3   158   172    1106    (-,-) 
  core/g6853/Y                  -       A->Y   R     INVX1          4  1.6    67   116    1222    (-,-) 
  core/g6844__4319/Y            -       B1->Y  F     OAI22X1        1  0.2    89    94    1316    (-,-) 
  core/g6837__6417/Y            -       B->Y   F     MX2XL          2  0.6    44   161    1477    (-,-) 
  core/g6832__2883/Y            -       A1->Y  R     OAI211X1       1  0.4    77    80    1557    (-,-) 
  core/g6827__7482/Y            -       C0->Y  F     OAI211X1       3  1.1   187   175    1732    (-,-) 
  core/g6826/Y                  -       A->Y   R     INVX1          3  1.0    59   126    1858    (-,-) 
  core/g6814__1617/Y            -       A1N->Y R     OAI2BB1X1      4  0.8    41   143    2001    (-,-) 
  core/g6806__2398/Y            -       A1->Y  F     AOI21XL        1  0.3    87    94    2095    (-,-) 
  core/pending_rank_q_reg[14]/D -       -      F     DFFHQX1        1    -     -     0    2095    (-,-) 
#-------------------------------------------------------------------------------------------------------

(P) : Instance is preserved



Path 6: MET (7814 ps) Setup Check with Pin core/pending_rank_q_reg[10]/CK->D
          Group: clk
     Startpoint: (R) core/req_sync_q_reg[13]/CK
          Clock: (R) clk
       Endpoint: (F) core/pending_rank_q_reg[10]/D
          Clock: (R) clk

                     Capture       Launch     
        Clock Edge:+   10000            0     
       Src Latency:+       0            0     
       Net Latency:+       0 (I)        0 (I) 
           Arrival:=   10000            0     
                                              
             Setup:-      91                  
     Required Time:=    9909                  
      Launch Clock:-       0                  
         Data Path:-    2095                  
             Slack:=    7814                  

#-------------------------------------------------------------------------------------------------------
#         Timing Point          Flags    Arc   Edge   Cell     Fanout Load Trans Delay Arrival Instance 
#                                                                     (fF)  (ps)  (ps)   (ps)  Location 
#-------------------------------------------------------------------------------------------------------
  core/req_sync_q_reg[13]/CK    -       -      R     (arrival)     71    -     0     0       0    (-,-) 
  core/req_sync_q_reg[13]/Q     (P)     CK->Q  F     DFFHQX1        2  0.8    32   202     202    (-,-) 
  core/g6960__2883/Y            -       A0->Y  R     AOI21X1        4  1.4    95    96     298    (-,-) 
  core/g6889__8246/Y            -       C->Y   F     NAND4X1        3  1.2   256   240     538    (-,-) 
  core/g6880__8428/Y            -       A1->Y  R     OAI21X1        2  0.4    82   182     720    (-,-) 
  core/g6874__6417/Y            -       AN->Y  R     NOR2BX1        1  0.4    71   118     838    (-,-) 
  core/g6867__6161/Y            -       B1->Y  F     OAI22X1        1  0.2    89    96     934    (-,-) 
  core/g6854__8246/Y            -       A1N->Y F     OAI2BB1X1      6  2.3   158   172    1106    (-,-) 
  core/g6853/Y                  -       A->Y   R     INVX1          4  1.6    67   116    1222    (-,-) 
  core/g6844__4319/Y            -       B1->Y  F     OAI22X1        1  0.2    89    94    1316    (-,-) 
  core/g6837__6417/Y            -       B->Y   F     MX2XL          2  0.6    44   161    1477    (-,-) 
  core/g6832__2883/Y            -       A1->Y  R     OAI211X1       1  0.4    77    80    1557    (-,-) 
  core/g6827__7482/Y            -       C0->Y  F     OAI211X1       3  1.1   187   175    1732    (-,-) 
  core/g6826/Y                  -       A->Y   R     INVX1          3  1.0    59   126    1858    (-,-) 
  core/g6814__1617/Y            -       A1N->Y R     OAI2BB1X1      4  0.8    41   143    2001    (-,-) 
  core/g6800__2346/Y            -       A1->Y  F     AOI21XL        1  0.3    86    94    2095    (-,-) 
  core/pending_rank_q_reg[10]/D -       -      F     DFFHQX1        1    -     -     0    2095    (-,-) 
#-------------------------------------------------------------------------------------------------------

(P) : Instance is preserved



Path 7: MET (7814 ps) Setup Check with Pin core/pending_rank_q_reg[12]/CK->D
          Group: clk
     Startpoint: (R) core/req_sync_q_reg[13]/CK
          Clock: (R) clk
       Endpoint: (F) core/pending_rank_q_reg[12]/D
          Clock: (R) clk

                     Capture       Launch     
        Clock Edge:+   10000            0     
       Src Latency:+       0            0     
       Net Latency:+       0 (I)        0 (I) 
           Arrival:=   10000            0     
                                              
             Setup:-      91                  
     Required Time:=    9909                  
      Launch Clock:-       0                  
         Data Path:-    2095                  
             Slack:=    7814                  

#-------------------------------------------------------------------------------------------------------
#         Timing Point          Flags    Arc   Edge   Cell     Fanout Load Trans Delay Arrival Instance 
#                                                                     (fF)  (ps)  (ps)   (ps)  Location 
#-------------------------------------------------------------------------------------------------------
  core/req_sync_q_reg[13]/CK    -       -      R     (arrival)     71    -     0     0       0    (-,-) 
  core/req_sync_q_reg[13]/Q     (P)     CK->Q  F     DFFHQX1        2  0.8    32   202     202    (-,-) 
  core/g6960__2883/Y            -       A0->Y  R     AOI21X1        4  1.4    95    96     298    (-,-) 
  core/g6889__8246/Y            -       C->Y   F     NAND4X1        3  1.2   256   240     538    (-,-) 
  core/g6880__8428/Y            -       A1->Y  R     OAI21X1        2  0.4    82   182     720    (-,-) 
  core/g6874__6417/Y            -       AN->Y  R     NOR2BX1        1  0.4    71   118     838    (-,-) 
  core/g6867__6161/Y            -       B1->Y  F     OAI22X1        1  0.2    89    96     934    (-,-) 
  core/g6854__8246/Y            -       A1N->Y F     OAI2BB1X1      6  2.3   158   172    1106    (-,-) 
  core/g6853/Y                  -       A->Y   R     INVX1          4  1.6    67   116    1222    (-,-) 
  core/g6844__4319/Y            -       B1->Y  F     OAI22X1        1  0.2    89    94    1316    (-,-) 
  core/g6837__6417/Y            -       B->Y   F     MX2XL          2  0.6    44   161    1477    (-,-) 
  core/g6832__2883/Y            -       A1->Y  R     OAI211X1       1  0.4    77    80    1557    (-,-) 
  core/g6827__7482/Y            -       C0->Y  F     OAI211X1       3  1.1   187   175    1732    (-,-) 
  core/g6826/Y                  -       A->Y   R     INVX1          3  1.0    59   126    1858    (-,-) 
  core/g6814__1617/Y            -       A1N->Y R     OAI2BB1X1      4  0.8    41   143    2001    (-,-) 
  core/g6805__5477/Y            -       A1->Y  F     AOI21XL        1  0.3    86    94    2095    (-,-) 
  core/pending_rank_q_reg[12]/D -       -      F     DFFHQX1        1    -     -     0    2095    (-,-) 
#-------------------------------------------------------------------------------------------------------

(P) : Instance is preserved



Path 8: MET (7814 ps) Setup Check with Pin core/pending_rank_q_reg[8]/CK->D
          Group: clk
     Startpoint: (R) core/req_sync_q_reg[13]/CK
          Clock: (R) clk
       Endpoint: (F) core/pending_rank_q_reg[8]/D
          Clock: (R) clk

                     Capture       Launch     
        Clock Edge:+   10000            0     
       Src Latency:+       0            0     
       Net Latency:+       0 (I)        0 (I) 
           Arrival:=   10000            0     
                                              
             Setup:-      91                  
     Required Time:=    9909                  
      Launch Clock:-       0                  
         Data Path:-    2095                  
             Slack:=    7814                  

#------------------------------------------------------------------------------------------------------
#        Timing Point          Flags    Arc   Edge   Cell     Fanout Load Trans Delay Arrival Instance 
#                                                                    (fF)  (ps)  (ps)   (ps)  Location 
#------------------------------------------------------------------------------------------------------
  core/req_sync_q_reg[13]/CK   -       -      R     (arrival)     71    -     0     0       0    (-,-) 
  core/req_sync_q_reg[13]/Q    (P)     CK->Q  F     DFFHQX1        2  0.8    32   202     202    (-,-) 
  core/g6960__2883/Y           -       A0->Y  R     AOI21X1        4  1.4    95    96     298    (-,-) 
  core/g6889__8246/Y           -       C->Y   F     NAND4X1        3  1.2   256   240     538    (-,-) 
  core/g6880__8428/Y           -       A1->Y  R     OAI21X1        2  0.4    82   182     720    (-,-) 
  core/g6874__6417/Y           -       AN->Y  R     NOR2BX1        1  0.4    71   118     838    (-,-) 
  core/g6867__6161/Y           -       B1->Y  F     OAI22X1        1  0.2    89    96     934    (-,-) 
  core/g6854__8246/Y           -       A1N->Y F     OAI2BB1X1      6  2.3   158   172    1106    (-,-) 
  core/g6853/Y                 -       A->Y   R     INVX1          4  1.6    67   116    1222    (-,-) 
  core/g6844__4319/Y           -       B1->Y  F     OAI22X1        1  0.2    89    94    1316    (-,-) 
  core/g6837__6417/Y           -       B->Y   F     MX2XL          2  0.6    44   161    1477    (-,-) 
  core/g6832__2883/Y           -       A1->Y  R     OAI211X1       1  0.4    77    80    1557    (-,-) 
  core/g6827__7482/Y           -       C0->Y  F     OAI211X1       3  1.1   187   175    1732    (-,-) 
  core/g6826/Y                 -       A->Y   R     INVX1          3  1.0    59   126    1858    (-,-) 
  core/g6814__1617/Y           -       A1N->Y R     OAI2BB1X1      4  0.8    41   143    2001    (-,-) 
  core/g6801__1666/Y           -       A1->Y  F     AOI21XL        1  0.3    86    94    2095    (-,-) 
  core/pending_rank_q_reg[8]/D -       -      F     DFFHQX1        1    -     -     0    2095    (-,-) 
#------------------------------------------------------------------------------------------------------

(P) : Instance is preserved



Path 9: MET (7834 ps) Setup Check with Pin core/pending_rank_q_reg[6]/CK->D
          Group: clk
     Startpoint: (R) core/req_sync_q_reg[13]/CK
          Clock: (R) clk
       Endpoint: (F) core/pending_rank_q_reg[6]/D
          Clock: (R) clk

                     Capture       Launch     
        Clock Edge:+   10000            0     
       Src Latency:+       0            0     
       Net Latency:+       0 (I)        0 (I) 
           Arrival:=   10000            0     
                                              
             Setup:-      92                  
     Required Time:=    9908                  
      Launch Clock:-       0                  
         Data Path:-    2074                  
             Slack:=    7834                  

#------------------------------------------------------------------------------------------------------
#        Timing Point          Flags    Arc   Edge   Cell     Fanout Load Trans Delay Arrival Instance 
#                                                                    (fF)  (ps)  (ps)   (ps)  Location 
#------------------------------------------------------------------------------------------------------
  core/req_sync_q_reg[13]/CK   -       -      R     (arrival)     71    -     0     0       0    (-,-) 
  core/req_sync_q_reg[13]/Q    (P)     CK->Q  F     DFFHQX1        2  0.8    32   202     202    (-,-) 
  core/g6960__2883/Y           -       A0->Y  R     AOI21X1        4  1.4    95    96     298    (-,-) 
  core/g6889__8246/Y           -       C->Y   F     NAND4X1        3  1.2   256   240     538    (-,-) 
  core/g6880__8428/Y           -       A1->Y  R     OAI21X1        2  0.4    82   182     720    (-,-) 
  core/g6874__6417/Y           -       AN->Y  R     NOR2BX1        1  0.4    71   118     838    (-,-) 
  core/g6867__6161/Y           -       B1->Y  F     OAI22X1        1  0.2    89    96     934    (-,-) 
  core/g6854__8246/Y           -       A1N->Y F     OAI2BB1X1      6  2.3   158   172    1106    (-,-) 
  core/g6853/Y                 -       A->Y   R     INVX1          4  1.6    67   116    1222    (-,-) 
  core/g6844__4319/Y           -       B1->Y  F     OAI22X1        1  0.2    89    94    1316    (-,-) 
  core/g6837__6417/Y           -       B->Y   F     MX2XL          2  0.6    44   161    1477    (-,-) 
  core/g6835__1666/Y           -       AN->Y  F     NAND2BX1       1  0.3    60    96    1572    (-,-) 
  core/g6834__2346/Y           -       B->Y   R     NAND2X1        1  0.2    32    48    1620    (-,-) 
  core/g6831__9945/Y           -       B->Y   R     AND2XL         3  1.2    56   122    1743    (-,-) 
  core/g6828__4733/Y           -       A1->Y  F     OAI21X1        3  1.0   106   102    1844    (-,-) 
  core/g6825__5115/Y           -       B0->Y  R     AOI21X1        4  0.8    77   106    1950    (-,-) 
  core/g6802__7410/Y           -       A0->Y  F     AOI21XL        1  0.3    88   125    2074    (-,-) 
  core/pending_rank_q_reg[6]/D -       -      F     DFFHQX1        1    -     -     0    2074    (-,-) 
#------------------------------------------------------------------------------------------------------

(P) : Instance is preserved



Path 10: MET (7834 ps) Setup Check with Pin core/pending_rank_q_reg[15]/CK->D
          Group: clk
     Startpoint: (R) core/req_sync_q_reg[13]/CK
          Clock: (R) clk
       Endpoint: (F) core/pending_rank_q_reg[15]/D
          Clock: (R) clk

                     Capture       Launch     
        Clock Edge:+   10000            0     
       Src Latency:+       0            0     
       Net Latency:+       0 (I)        0 (I) 
           Arrival:=   10000            0     
                                              
             Setup:-      91                  
     Required Time:=    9909                  
      Launch Clock:-       0                  
         Data Path:-    2074                  
             Slack:=    7834                  

#-------------------------------------------------------------------------------------------------------
#         Timing Point          Flags    Arc   Edge   Cell     Fanout Load Trans Delay Arrival Instance 
#                                                                     (fF)  (ps)  (ps)   (ps)  Location 
#-------------------------------------------------------------------------------------------------------
  core/req_sync_q_reg[13]/CK    -       -      R     (arrival)     71    -     0     0       0    (-,-) 
  core/req_sync_q_reg[13]/Q     (P)     CK->Q  F     DFFHQX1        2  0.8    32   202     202    (-,-) 
  core/g6960__2883/Y            -       A0->Y  R     AOI21X1        4  1.4    95    96     298    (-,-) 
  core/g6889__8246/Y            -       C->Y   F     NAND4X1        3  1.2   256   240     538    (-,-) 
  core/g6880__8428/Y            -       A1->Y  R     OAI21X1        2  0.4    82   182     720    (-,-) 
  core/g6874__6417/Y            -       AN->Y  R     NOR2BX1        1  0.4    71   118     838    (-,-) 
  core/g6867__6161/Y            -       B1->Y  F     OAI22X1        1  0.2    89    96     934    (-,-) 
  core/g6854__8246/Y            -       A1N->Y F     OAI2BB1X1      6  2.3   158   172    1106    (-,-) 
  core/g6853/Y                  -       A->Y   R     INVX1          4  1.6    67   116    1222    (-,-) 
  core/g6844__4319/Y            -       B1->Y  F     OAI22X1        1  0.2    89    94    1316    (-,-) 
  core/g6837__6417/Y            -       B->Y   F     MX2XL          2  0.6    44   161    1477    (-,-) 
  core/g6835__1666/Y            -       AN->Y  F     NAND2BX1       1  0.3    60    96    1572    (-,-) 
  core/g6834__2346/Y            -       B->Y   R     NAND2X1        1  0.2    32    48    1620    (-,-) 
  core/g6831__9945/Y            -       B->Y   R     AND2XL         3  1.2    56   122    1743    (-,-) 
  core/g6828__4733/Y            -       A1->Y  F     OAI21X1        3  1.0   106   102    1844    (-,-) 
  core/g6825__5115/Y            -       B0->Y  R     AOI21X1        4  0.8    77   106    1950    (-,-) 
  core/g6807__5107/Y            -       A0->Y  F     AOI21XL        1  0.3    87   125    2074    (-,-) 
  core/pending_rank_q_reg[15]/D -       -      F     DFFHQX1        1    -     -     0    2074    (-,-) 
#-------------------------------------------------------------------------------------------------------

(P) : Instance is preserved



Path 11: MET (7846 ps) Setup Check with Pin core/pending_rank_q_reg[2]/CK->D
          Group: clk
     Startpoint: (R) core/req_sync_q_reg[13]/CK
          Clock: (R) clk
       Endpoint: (F) core/pending_rank_q_reg[2]/D
          Clock: (R) clk

                     Capture       Launch     
        Clock Edge:+   10000            0     
       Src Latency:+       0            0     
       Net Latency:+       0 (I)        0 (I) 
           Arrival:=   10000            0     
                                              
             Setup:-      92                  
     Required Time:=    9908                  
      Launch Clock:-       0                  
         Data Path:-    2062                  
             Slack:=    7846                  

#------------------------------------------------------------------------------------------------------
#        Timing Point          Flags    Arc   Edge   Cell     Fanout Load Trans Delay Arrival Instance 
#                                                                    (fF)  (ps)  (ps)   (ps)  Location 
#------------------------------------------------------------------------------------------------------
  core/req_sync_q_reg[13]/CK   -       -      R     (arrival)     71    -     0     0       0    (-,-) 
  core/req_sync_q_reg[13]/Q    (P)     CK->Q  F     DFFHQX1        2  0.8    32   202     202    (-,-) 
  core/g6960__2883/Y           -       A0->Y  R     AOI21X1        4  1.4    95    96     298    (-,-) 
  core/g6889__8246/Y           -       C->Y   F     NAND4X1        3  1.2   256   240     538    (-,-) 
  core/g6880__8428/Y           -       A1->Y  R     OAI21X1        2  0.4    82   182     720    (-,-) 
  core/g6874__6417/Y           -       AN->Y  R     NOR2BX1        1  0.4    71   118     838    (-,-) 
  core/g6867__6161/Y           -       B1->Y  F     OAI22X1        1  0.2    89    96     934    (-,-) 
  core/g6854__8246/Y           -       A1N->Y F     OAI2BB1X1      6  2.3   158   172    1106    (-,-) 
  core/g6853/Y                 -       A->Y   R     INVX1          4  1.6    67   116    1222    (-,-) 
  core/g6844__4319/Y           -       B1->Y  F     OAI22X1        1  0.2    89    94    1316    (-,-) 
  core/g6837__6417/Y           -       B->Y   F     MX2XL          2  0.6    44   161    1477    (-,-) 
  core/g6835__1666/Y           -       AN->Y  F     NAND2BX1       1  0.3    60    96    1572    (-,-) 
  core/g6834__2346/Y           -       B->Y   R     NAND2X1        1  0.2    32    48    1620    (-,-) 
  core/g6831__9945/Y           -       B->Y   R     AND2XL         3  1.2    56   122    1743    (-,-) 
  core/g6828__4733/Y           -       A1->Y  F     OAI21X1        3  1.0   106   102    1844    (-,-) 
  core/g6821__8246/Y           -       B->Y   R     NOR2X1         4  0.8    70    97    1942    (-,-) 
  core/g6798__9945/Y           -       A0->Y  F     AOI21XL        1  0.3    88   121    2062    (-,-) 
  core/pending_rank_q_reg[2]/D -       -      F     DFFHQX1        1    -     -     0    2062    (-,-) 
#------------------------------------------------------------------------------------------------------

(P) : Instance is preserved



Path 12: MET (7846 ps) Setup Check with Pin core/pending_rank_q_reg[11]/CK->D
          Group: clk
     Startpoint: (R) core/req_sync_q_reg[13]/CK
          Clock: (R) clk
       Endpoint: (F) core/pending_rank_q_reg[11]/D
          Clock: (R) clk

                     Capture       Launch     
        Clock Edge:+   10000            0     
       Src Latency:+       0            0     
       Net Latency:+       0 (I)        0 (I) 
           Arrival:=   10000            0     
                                              
             Setup:-      91                  
     Required Time:=    9909                  
      Launch Clock:-       0                  
         Data Path:-    2062                  
             Slack:=    7846                  

#-------------------------------------------------------------------------------------------------------
#         Timing Point          Flags    Arc   Edge   Cell     Fanout Load Trans Delay Arrival Instance 
#                                                                     (fF)  (ps)  (ps)   (ps)  Location 
#-------------------------------------------------------------------------------------------------------
  core/req_sync_q_reg[13]/CK    -       -      R     (arrival)     71    -     0     0       0    (-,-) 
  core/req_sync_q_reg[13]/Q     (P)     CK->Q  F     DFFHQX1        2  0.8    32   202     202    (-,-) 
  core/g6960__2883/Y            -       A0->Y  R     AOI21X1        4  1.4    95    96     298    (-,-) 
  core/g6889__8246/Y            -       C->Y   F     NAND4X1        3  1.2   256   240     538    (-,-) 
  core/g6880__8428/Y            -       A1->Y  R     OAI21X1        2  0.4    82   182     720    (-,-) 
  core/g6874__6417/Y            -       AN->Y  R     NOR2BX1        1  0.4    71   118     838    (-,-) 
  core/g6867__6161/Y            -       B1->Y  F     OAI22X1        1  0.2    89    96     934    (-,-) 
  core/g6854__8246/Y            -       A1N->Y F     OAI2BB1X1      6  2.3   158   172    1106    (-,-) 
  core/g6853/Y                  -       A->Y   R     INVX1          4  1.6    67   116    1222    (-,-) 
  core/g6844__4319/Y            -       B1->Y  F     OAI22X1        1  0.2    89    94    1316    (-,-) 
  core/g6837__6417/Y            -       B->Y   F     MX2XL          2  0.6    44   161    1477    (-,-) 
  core/g6835__1666/Y            -       AN->Y  F     NAND2BX1       1  0.3    60    96    1572    (-,-) 
  core/g6834__2346/Y            -       B->Y   R     NAND2X1        1  0.2    32    48    1620    (-,-) 
  core/g6831__9945/Y            -       B->Y   R     AND2XL         3  1.2    56   122    1743    (-,-) 
  core/g6828__4733/Y            -       A1->Y  F     OAI21X1        3  1.0   106   102    1844    (-,-) 
  core/g6821__8246/Y            -       B->Y   R     NOR2X1         4  0.8    70    97    1942    (-,-) 
  core/g6812__6783/Y            -       A0->Y  F     AOI21XL        1  0.3    86   121    2062    (-,-) 
  core/pending_rank_q_reg[11]/D -       -      F     DFFHQX1        1    -     -     0    2062    (-,-) 
#-------------------------------------------------------------------------------------------------------

(P) : Instance is preserved



Path 13: MET (7853 ps) Setup Check with Pin core/pending_rank_q_reg[9]/CK->D
          Group: clk
     Startpoint: (R) core/req_sync_q_reg[13]/CK
          Clock: (R) clk
       Endpoint: (R) core/pending_rank_q_reg[9]/D
          Clock: (R) clk

                     Capture       Launch     
        Clock Edge:+   10000            0     
       Src Latency:+       0            0     
       Net Latency:+       0 (I)        0 (I) 
           Arrival:=   10000            0     
                                              
             Setup:-     136                  
     Required Time:=    9864                  
      Launch Clock:-       0                  
         Data Path:-    2011                  
             Slack:=    7853                  

#------------------------------------------------------------------------------------------------------
#        Timing Point          Flags    Arc   Edge   Cell     Fanout Load Trans Delay Arrival Instance 
#                                                                    (fF)  (ps)  (ps)   (ps)  Location 
#------------------------------------------------------------------------------------------------------
  core/req_sync_q_reg[13]/CK   -       -      R     (arrival)     71    -     0     0       0    (-,-) 
  core/req_sync_q_reg[13]/Q    (P)     CK->Q  F     DFFHQX1        2  0.8    32   202     202    (-,-) 
  core/g6960__2883/Y           -       A0->Y  R     AOI21X1        4  1.4    95    96     298    (-,-) 
  core/g6889__8246/Y           -       C->Y   F     NAND4X1        3  1.2   256   240     538    (-,-) 
  core/g6880__8428/Y           -       A1->Y  R     OAI21X1        2  0.4    82   182     720    (-,-) 
  core/g6874__6417/Y           -       AN->Y  R     NOR2BX1        1  0.4    71   118     838    (-,-) 
  core/g6867__6161/Y           -       B1->Y  F     OAI22X1        1  0.2    89    96     934    (-,-) 
  core/g6854__8246/Y           -       A1N->Y F     OAI2BB1X1      6  2.3   158   172    1106    (-,-) 
  core/g6853/Y                 -       A->Y   R     INVX1          4  1.6    67   116    1222    (-,-) 
  core/g6844__4319/Y           -       B1->Y  F     OAI22X1        1  0.2    89    94    1316    (-,-) 
  core/g6837__6417/Y           -       B->Y   F     MX2XL          2  0.6    44   161    1477    (-,-) 
  core/g6832__2883/Y           -       A1->Y  R     OAI211X1       1  0.4    77    80    1557    (-,-) 
  core/g6827__7482/Y           -       C0->Y  F     OAI211X1       3  1.1   187   175    1732    (-,-) 
  core/g6819__5122/Y           -       A1->Y  R     AOI21X1        2  0.6    74   148    1880    (-,-) 
  core/g6816/Y                 -       A->Y   F     INVX1          3  0.6    37    63    1943    (-,-) 
  core/g6811__5526/Y           -       A1->Y  R     AOI21XL        1  0.3    62    68    2011    (-,-) 
  core/pending_rank_q_reg[9]/D -       -      R     DFFHQX1        1    -     -     0    2011    (-,-) 
#------------------------------------------------------------------------------------------------------

(P) : Instance is preserved



Path 14: MET (7856 ps) Setup Check with Pin core/pending_rank_q_reg[4]/CK->D
          Group: clk
     Startpoint: (R) core/req_sync_q_reg[13]/CK
          Clock: (R) clk
       Endpoint: (R) core/pending_rank_q_reg[4]/D
          Clock: (R) clk

                     Capture       Launch     
        Clock Edge:+   10000            0     
       Src Latency:+       0            0     
       Net Latency:+       0 (I)        0 (I) 
           Arrival:=   10000            0     
                                              
             Setup:-     136                  
     Required Time:=    9864                  
      Launch Clock:-       0                  
         Data Path:-    2008                  
             Slack:=    7856                  

#------------------------------------------------------------------------------------------------------
#        Timing Point          Flags    Arc   Edge   Cell     Fanout Load Trans Delay Arrival Instance 
#                                                                    (fF)  (ps)  (ps)   (ps)  Location 
#------------------------------------------------------------------------------------------------------
  core/req_sync_q_reg[13]/CK   -       -      R     (arrival)     71    -     0     0       0    (-,-) 
  core/req_sync_q_reg[13]/Q    (P)     CK->Q  F     DFFHQX1        2  0.8    32   202     202    (-,-) 
  core/g6960__2883/Y           -       A0->Y  R     AOI21X1        4  1.4    95    96     298    (-,-) 
  core/g6889__8246/Y           -       C->Y   F     NAND4X1        3  1.2   256   240     538    (-,-) 
  core/g6880__8428/Y           -       A1->Y  R     OAI21X1        2  0.4    82   182     720    (-,-) 
  core/g6874__6417/Y           -       AN->Y  R     NOR2BX1        1  0.4    71   118     838    (-,-) 
  core/g6867__6161/Y           -       B1->Y  F     OAI22X1        1  0.2    89    96     934    (-,-) 
  core/g6854__8246/Y           -       A1N->Y F     OAI2BB1X1      6  2.3   158   172    1106    (-,-) 
  core/g6853/Y                 -       A->Y   R     INVX1          4  1.6    67   116    1222    (-,-) 
  core/g6844__4319/Y           -       B1->Y  F     OAI22X1        1  0.2    89    94    1316    (-,-) 
  core/g6837__6417/Y           -       B->Y   F     MX2XL          2  0.6    44   161    1477    (-,-) 
  core/g6835__1666/Y           -       AN->Y  F     NAND2BX1       1  0.3    60    96    1572    (-,-) 
  core/g6834__2346/Y           -       B->Y   R     NAND2X1        1  0.2    32    48    1620    (-,-) 
  core/g6831__9945/Y           -       B->Y   R     AND2XL         3  1.2    56   122    1743    (-,-) 
  core/g6829__6161/Y           -       B->Y   F     NOR2X1         1  0.4    50    51    1794    (-,-) 
  core/g6822__7098/Y           -       A1->Y  R     OAI21X1        2  0.6    74    76    1869    (-,-) 
  core/g6820/Y                 -       A->Y   F     INVX1          3  0.6    37    62    1931    (-,-) 
  core/g6809__4319/Y           -       A0->Y  R     AOI21XL        1  0.3    62    77    2008    (-,-) 
  core/pending_rank_q_reg[4]/D -       -      R     DFFHQX1        1    -     -     0    2008    (-,-) 
#------------------------------------------------------------------------------------------------------

(P) : Instance is preserved



Path 15: MET (7869 ps) Setup Check with Pin core/pending_rank_q_reg[0]/CK->D
          Group: clk
     Startpoint: (R) core/req_sync_q_reg[13]/CK
          Clock: (R) clk
       Endpoint: (R) core/pending_rank_q_reg[0]/D
          Clock: (R) clk

                     Capture       Launch     
        Clock Edge:+   10000            0     
       Src Latency:+       0            0     
       Net Latency:+       0 (I)        0 (I) 
           Arrival:=   10000            0     
                                              
             Setup:-     135                  
     Required Time:=    9865                  
      Launch Clock:-       0                  
         Data Path:-    1995                  
             Slack:=    7869                  

#------------------------------------------------------------------------------------------------------
#        Timing Point          Flags    Arc   Edge   Cell     Fanout Load Trans Delay Arrival Instance 
#                                                                    (fF)  (ps)  (ps)   (ps)  Location 
#------------------------------------------------------------------------------------------------------
  core/req_sync_q_reg[13]/CK   -       -      R     (arrival)     71    -     0     0       0    (-,-) 
  core/req_sync_q_reg[13]/Q    (P)     CK->Q  F     DFFHQX1        2  0.8    32   202     202    (-,-) 
  core/g6960__2883/Y           -       A0->Y  R     AOI21X1        4  1.4    95    96     298    (-,-) 
  core/g6889__8246/Y           -       C->Y   F     NAND4X1        3  1.2   256   240     538    (-,-) 
  core/g6880__8428/Y           -       A1->Y  R     OAI21X1        2  0.4    82   182     720    (-,-) 
  core/g6874__6417/Y           -       AN->Y  R     NOR2BX1        1  0.4    71   118     838    (-,-) 
  core/g6867__6161/Y           -       B1->Y  F     OAI22X1        1  0.2    89    96     934    (-,-) 
  core/g6854__8246/Y           -       A1N->Y F     OAI2BB1X1      6  2.3   158   172    1106    (-,-) 
  core/g6853/Y                 -       A->Y   R     INVX1          4  1.6    67   116    1222    (-,-) 
  core/g6844__4319/Y           -       B1->Y  F     OAI22X1        1  0.2    89    94    1316    (-,-) 
  core/g6837__6417/Y           -       B->Y   F     MX2XL          2  0.6    44   161    1477    (-,-) 
  core/g6835__1666/Y           -       AN->Y  F     NAND2BX1       1  0.3    60    96    1572    (-,-) 
  core/g6834__2346/Y           -       B->Y   R     NAND2X1        1  0.2    32    48    1620    (-,-) 
  core/g6831__9945/Y           -       B->Y   R     AND2XL         3  1.2    56   122    1743    (-,-) 
  core/g6830__9315/Y           -       B->Y   F     NOR2BX1        1  0.2    27    48    1791    (-,-) 
  core/g6824__1881/Y           -       A1->Y  F     OA21X1         4  0.8    39   126    1917    (-,-) 
  core/g6797__9315/Y           -       A0->Y  R     AOI21XL        1  0.3    62    78    1995    (-,-) 
  core/pending_rank_q_reg[0]/D -       -      R     DFFHQX1        1    -     -     0    1995    (-,-) 
#------------------------------------------------------------------------------------------------------

(P) : Instance is preserved



Path 16: MET (7890 ps) Setup Check with Pin core/pending_rank_q_reg[13]/CK->D
          Group: clk
     Startpoint: (R) core/req_sync_q_reg[13]/CK
          Clock: (R) clk
       Endpoint: (R) core/pending_rank_q_reg[13]/D
          Clock: (R) clk

                     Capture       Launch     
        Clock Edge:+   10000            0     
       Src Latency:+       0            0     
       Net Latency:+       0 (I)        0 (I) 
           Arrival:=   10000            0     
                                              
             Setup:-     128                  
     Required Time:=    9872                  
      Launch Clock:-       0                  
         Data Path:-    1982                  
             Slack:=    7890                  

#-------------------------------------------------------------------------------------------------------
#         Timing Point          Flags    Arc   Edge   Cell     Fanout Load Trans Delay Arrival Instance 
#                                                                     (fF)  (ps)  (ps)   (ps)  Location 
#-------------------------------------------------------------------------------------------------------
  core/req_sync_q_reg[13]/CK    -       -      R     (arrival)     71    -     0     0       0    (-,-) 
  core/req_sync_q_reg[13]/Q     (P)     CK->Q  F     DFFHQX1        2  0.8    32   202     202    (-,-) 
  core/g6960__2883/Y            -       A0->Y  R     AOI21X1        4  1.4    95    96     298    (-,-) 
  core/g6889__8246/Y            -       C->Y   F     NAND4X1        3  1.2   256   240     538    (-,-) 
  core/g6880__8428/Y            -       A1->Y  R     OAI21X1        2  0.4    82   182     720    (-,-) 
  core/g6874__6417/Y            -       AN->Y  R     NOR2BX1        1  0.4    71   118     838    (-,-) 
  core/g6867__6161/Y            -       B1->Y  F     OAI22X1        1  0.2    89    96     934    (-,-) 
  core/g6854__8246/Y            -       A1N->Y F     OAI2BB1X1      6  2.3   158   172    1106    (-,-) 
  core/g6853/Y                  -       A->Y   R     INVX1          4  1.6    67   116    1222    (-,-) 
  core/g6844__4319/Y            -       B1->Y  F     OAI22X1        1  0.2    89    94    1316    (-,-) 
  core/g6837__6417/Y            -       B->Y   F     MX2XL          2  0.6    44   161    1477    (-,-) 
  core/g6832__2883/Y            -       A1->Y  R     OAI211X1       1  0.4    77    80    1557    (-,-) 
  core/g6827__7482/Y            -       C0->Y  F     OAI211X1       3  1.1   187   175    1732    (-,-) 
  core/g6819__5122/Y            -       A1->Y  R     AOI21X1        2  0.6    74   148    1880    (-,-) 
  core/g6804__6417/Y            -       A1N->Y R     AOI2BB1X1      1  0.3    46   102    1982    (-,-) 
  core/pending_rank_q_reg[13]/D -       -      R     DFFHQX1        1    -     -     0    1982    (-,-) 
#-------------------------------------------------------------------------------------------------------

(P) : Instance is preserved



Path 17: MET (7905 ps) Setup Check with Pin core/out_rank_q_reg[0]/CK->D
          Group: clk
     Startpoint: (R) core/req_sync_q_reg[13]/CK
          Clock: (R) clk
       Endpoint: (F) core/out_rank_q_reg[0]/D
          Clock: (R) clk

                     Capture       Launch     
        Clock Edge:+   10000            0     
       Src Latency:+       0            0     
       Net Latency:+       0 (I)        0 (I) 
           Arrival:=   10000            0     
                                              
             Setup:-     108                  
     Required Time:=    9892                  
      Launch Clock:-       0                  
         Data Path:-    1987                  
             Slack:=    7905                  

#----------------------------------------------------------------------------------------------------
#       Timing Point         Flags    Arc   Edge   Cell     Fanout Load Trans Delay Arrival Instance 
#                                                                  (fF)  (ps)  (ps)   (ps)  Location 
#----------------------------------------------------------------------------------------------------
  core/req_sync_q_reg[13]/CK -       -      R     (arrival)     71    -     0     0       0    (-,-) 
  core/req_sync_q_reg[13]/Q  (P)     CK->Q  F     DFFHQX1        2  0.8    32   202     202    (-,-) 
  core/g6960__2883/Y         -       A0->Y  R     AOI21X1        4  1.4    95    96     298    (-,-) 
  core/g6889__8246/Y         -       C->Y   F     NAND4X1        3  1.2   256   240     538    (-,-) 
  core/g6880__8428/Y         -       A1->Y  R     OAI21X1        2  0.4    82   182     720    (-,-) 
  core/g6874__6417/Y         -       AN->Y  R     NOR2BX1        1  0.4    71   118     838    (-,-) 
  core/g6867__6161/Y         -       B1->Y  F     OAI22X1        1  0.2    89    96     934    (-,-) 
  core/g6854__8246/Y         -       A1N->Y F     OAI2BB1X1      6  2.3   158   172    1106    (-,-) 
  core/g6853/Y               -       A->Y   R     INVX1          4  1.6    67   116    1222    (-,-) 
  core/g6844__4319/Y         -       B1->Y  F     OAI22X1        1  0.2    89    94    1316    (-,-) 
  core/g6837__6417/Y         -       B->Y   F     MX2XL          2  0.6    44   161    1477    (-,-) 
  core/g6832__2883/Y         -       A1->Y  R     OAI211X1       1  0.4    77    80    1557    (-,-) 
  core/g6827__7482/Y         -       C0->Y  F     OAI211X1       3  1.1   187   175    1732    (-,-) 
  core/g6826/Y               -       A->Y   R     INVX1          3  1.0    59   126    1858    (-,-) 
  core/g6813__3680/Y         -       A1->Y  F     OAI211X1       1  0.3   123   129    1987    (-,-) 
  core/out_rank_q_reg[0]/D   -       -      F     DFFHQX1        1    -     -     0    1987    (-,-) 
#----------------------------------------------------------------------------------------------------

(P) : Instance is preserved



Path 18: MET (7953 ps) Setup Check with Pin core/out_rank_q_reg[1]/CK->D
          Group: clk
     Startpoint: (R) core/req_sync_q_reg[13]/CK
          Clock: (R) clk
       Endpoint: (R) core/out_rank_q_reg[1]/D
          Clock: (R) clk

                     Capture       Launch     
        Clock Edge:+   10000            0     
       Src Latency:+       0            0     
       Net Latency:+       0 (I)        0 (I) 
           Arrival:=   10000            0     
                                              
             Setup:-     124                  
     Required Time:=    9876                  
      Launch Clock:-       0                  
         Data Path:-    1923                  
             Slack:=    7953                  

#----------------------------------------------------------------------------------------------------
#       Timing Point         Flags    Arc   Edge   Cell     Fanout Load Trans Delay Arrival Instance 
#                                                                  (fF)  (ps)  (ps)   (ps)  Location 
#----------------------------------------------------------------------------------------------------
  core/req_sync_q_reg[13]/CK -       -      R     (arrival)     71    -     0     0       0    (-,-) 
  core/req_sync_q_reg[13]/Q  (P)     CK->Q  F     DFFHQX1        2  0.8    32   202     202    (-,-) 
  core/g6960__2883/Y         -       A0->Y  R     AOI21X1        4  1.4    95    96     298    (-,-) 
  core/g6889__8246/Y         -       C->Y   F     NAND4X1        3  1.2   256   240     538    (-,-) 
  core/g6880__8428/Y         -       A1->Y  R     OAI21X1        2  0.4    82   182     720    (-,-) 
  core/g6874__6417/Y         -       AN->Y  R     NOR2BX1        1  0.4    71   118     838    (-,-) 
  core/g6867__6161/Y         -       B1->Y  F     OAI22X1        1  0.2    89    96     934    (-,-) 
  core/g6854__8246/Y         -       A1N->Y F     OAI2BB1X1      6  2.3   158   172    1106    (-,-) 
  core/g6853/Y               -       A->Y   R     INVX1          4  1.6    67   116    1222    (-,-) 
  core/g6844__4319/Y         -       B1->Y  F     OAI22X1        1  0.2    89    94    1316    (-,-) 
  core/g6837__6417/Y         -       B->Y   F     MX2XL          2  0.6    44   161    1477    (-,-) 
  core/g6835__1666/Y         -       AN->Y  F     NAND2BX1       1  0.3    60    96    1572    (-,-) 
  core/g6834__2346/Y         -       B->Y   R     NAND2X1        1  0.2    32    48    1620    (-,-) 
  core/g6831__9945/Y         -       B->Y   R     AND2XL         3  1.2    56   122    1743    (-,-) 
  core/g6828__4733/Y         -       A1->Y  F     OAI21X1        3  1.0   106   102    1844    (-,-) 
  core/g6823__6131/Y         -       B0->Y  R     OAI2BB1X1      1  0.3    39    78    1923    (-,-) 
  core/out_rank_q_reg[1]/D   -       -      R     DFFHQX1        1    -     -     0    1923    (-,-) 
#----------------------------------------------------------------------------------------------------

(P) : Instance is preserved



Path 19: MET (8332 ps) Setup Check with Pin core/out_rank_q_reg[2]/CK->D
          Group: clk
     Startpoint: (R) out_ready
          Clock: (R) clk
       Endpoint: (R) core/out_rank_q_reg[2]/D
          Clock: (R) clk

                     Capture       Launch     
        Clock Edge:+   10000            0     
        Drv Adjust:+       0            0     
       Src Latency:+       0            0     
       Net Latency:+       0 (I)        0 (I) 
           Arrival:=   10000            0     
                                              
             Setup:-     141                  
     Required Time:=    9859                  
      Launch Clock:-       0                  
       Input Delay:-    1000                  
         Data Path:-     527                  
             Slack:=    8332                  

Exceptions/Constraints:
  input_delay             1000            in_del   

#-------------------------------------------------------------------------------------------------
#      Timing Point        Flags   Arc   Edge   Cell     Fanout Load Trans Delay Arrival Instance 
#                                                               (fF)  (ps)  (ps)   (ps)  Location 
#-------------------------------------------------------------------------------------------------
  out_ready                -       -     R     (arrival)      1  0.2     0     0    1000    (-,-) 
  core/g6961__2346/Y       -       AN->Y R     NAND2BX1       2  0.6    32    59    1059    (-,-) 
  core/g6871__2346/Y       -       AN->Y R     NOR2BX1        2  0.8    65   103    1162    (-,-) 
  core/g6865__7482/Y       -       B->Y  F     NAND2X1        7  2.4   164   136    1298    (-,-) 
  core/g6839__5477/Y       -       A->Y  R     NOR2X1         2  0.8    76   135    1434    (-,-) 
  core/g6838/Y             -       A->Y  F     INVX1          1  0.3    30    59    1493    (-,-) 
  core/g6836__7410/Y       -       C0->Y R     OAI211X1       1  0.3    73    34    1527    (-,-) 
  core/out_rank_q_reg[2]/D -       -     R     DFFHQX1        1    -     -     0    1527    (-,-) 
#-------------------------------------------------------------------------------------------------



Path 20: MET (8360 ps) Setup Check with Pin core/out_rank_q_reg[3]/CK->D
          Group: clk
     Startpoint: (R) out_ready
          Clock: (R) clk
       Endpoint: (F) core/out_rank_q_reg[3]/D
          Clock: (R) clk

                     Capture       Launch     
        Clock Edge:+   10000            0     
        Drv Adjust:+       0            0     
       Src Latency:+       0            0     
       Net Latency:+       0 (I)        0 (I) 
           Arrival:=   10000            0     
                                              
             Setup:-     108                  
     Required Time:=    9892                  
      Launch Clock:-       0                  
       Input Delay:-    1000                  
         Data Path:-     532                  
             Slack:=    8360                  

Exceptions/Constraints:
  input_delay             1000            in_del   

#-------------------------------------------------------------------------------------------------
#      Timing Point        Flags   Arc   Edge   Cell     Fanout Load Trans Delay Arrival Instance 
#                                                               (fF)  (ps)  (ps)   (ps)  Location 
#-------------------------------------------------------------------------------------------------
  out_ready                -       -     R     (arrival)      1  0.2     0     0    1000    (-,-) 
  core/g6961__2346/Y       -       AN->Y R     NAND2BX1       2  0.6    32    59    1059    (-,-) 
  core/g6871__2346/Y       -       AN->Y R     NOR2BX1        2  0.8    65   103    1162    (-,-) 
  core/g2__5477/Y          -       B->Y  F     NOR2BX1        3  0.8    44    62    1224    (-,-) 
  core/g6860/Y             -       A->Y  R     INVX1          5  1.8    52    54    1277    (-,-) 
  core/g6858__6131/Y       -       B->Y  F     NAND2X1        2  0.7    75    78    1356    (-,-) 
  core/g6852__5122/Y       -       B->Y  R     NAND2X1        1  0.4    38    58    1414    (-,-) 
  core/g6843__6260/Y       -       C0->Y F     OAI211X1       1  0.3   123   118    1532    (-,-) 
  core/out_rank_q_reg[3]/D -       -     F     DFFHQX1        1    -     -     0    1532    (-,-) 
#-------------------------------------------------------------------------------------------------



Path 21: MET (8470 ps) Late External Delay Assertion at pin src_ack_async[1]
          Group: clk
     Startpoint: (R) core/reset_release_q_reg[1]/CK
          Clock: (R) clk
       Endpoint: (R) src_ack_async[1]
          Clock: (R) clk

                     Capture       Launch     
        Clock Edge:+   10000            0     
       Src Latency:+       0            0     
       Net Latency:+       0 (I)        0 (I) 
           Arrival:=   10000            0     
                                              
      Output Delay:-    1000                  
     Required Time:=    9000                  
      Launch Clock:-       0                  
         Data Path:-     530                  
             Slack:=    8470                  

Exceptions/Constraints:
  output_delay             1000            ou_del_14_1   

#-------------------------------------------------------------------------------------------------------
#         Timing Point           Flags   Arc   Edge   Cell     Fanout Load Trans Delay Arrival Instance 
#                                                                     (fF)  (ps)  (ps)   (ps)  Location 
#-------------------------------------------------------------------------------------------------------
  core/reset_release_q_reg[1]/CK -       -     R     (arrival)     71    -     0     0       0    (-,-) 
  core/reset_release_q_reg[1]/Q  (P)     CK->Q R     DFFRHQX1      16  3.2    80   264     264    (-,-) 
  core/drc_bufs5075/Y            -       A->Y  R     BUFX2         15  5.4    72   139     402    (-,-) 
  core/g5026__1617/Y             -       A->Y  R     AND2XL         1  0.0    12   127     530    (-,-) 
  src_ack_async[1]               -       -     R     (port)         -    -     -     0     530    (-,-) 
#-------------------------------------------------------------------------------------------------------

(P) : Instance is preserved



Path 22: MET (8470 ps) Late External Delay Assertion at pin src_ack_async[3]
          Group: clk
     Startpoint: (R) core/reset_release_q_reg[1]/CK
          Clock: (R) clk
       Endpoint: (R) src_ack_async[3]
          Clock: (R) clk

                     Capture       Launch     
        Clock Edge:+   10000            0     
       Src Latency:+       0            0     
       Net Latency:+       0 (I)        0 (I) 
           Arrival:=   10000            0     
                                              
      Output Delay:-    1000                  
     Required Time:=    9000                  
      Launch Clock:-       0                  
         Data Path:-     530                  
             Slack:=    8470                  

Exceptions/Constraints:
  output_delay             1000            ou_del_12_1   

#-------------------------------------------------------------------------------------------------------
#         Timing Point           Flags   Arc   Edge   Cell     Fanout Load Trans Delay Arrival Instance 
#                                                                     (fF)  (ps)  (ps)   (ps)  Location 
#-------------------------------------------------------------------------------------------------------
  core/reset_release_q_reg[1]/CK -       -     R     (arrival)     71    -     0     0       0    (-,-) 
  core/reset_release_q_reg[1]/Q  (P)     CK->Q R     DFFRHQX1      16  3.2    80   264     264    (-,-) 
  core/drc_bufs5075/Y            -       A->Y  R     BUFX2         15  5.4    72   139     402    (-,-) 
  core/g5031__7098/Y             -       A->Y  R     AND2XL         1  0.0    12   127     530    (-,-) 
  src_ack_async[3]               -       -     R     (port)         -    -     -     0     530    (-,-) 
#-------------------------------------------------------------------------------------------------------

(P) : Instance is preserved



Path 23: MET (8551 ps) Late External Delay Assertion at pin out_addr[1]
          Group: clk
     Startpoint: (R) core/out_rank_q_reg[2]/CK
          Clock: (R) clk
       Endpoint: (R) out_addr[1]
          Clock: (R) clk

                     Capture       Launch     
        Clock Edge:+   10000            0     
       Src Latency:+       0            0     
       Net Latency:+       0 (I)        0 (I) 
           Arrival:=   10000            0     
                                              
      Output Delay:-    1000                  
     Required Time:=    9000                  
      Launch Clock:-       0                  
         Data Path:-     449                  
             Slack:=    8551                  

Exceptions/Constraints:
  output_delay             1000            ou_del_18_1   

#--------------------------------------------------------------------------------------------------
#       Timing Point        Flags   Arc   Edge   Cell     Fanout Load Trans Delay Arrival Instance 
#                                                                (fF)  (ps)  (ps)   (ps)  Location 
#--------------------------------------------------------------------------------------------------
  core/out_rank_q_reg[2]/CK -       -     R     (arrival)     71    -     0     0       0    (-,-) 
  core/out_rank_q_reg[2]/Q  -       CK->Q F     DFFHQX1       12  4.0   111   245     245    (-,-) 
  core/g5052__7482/Y        -       A->Y  R     XOR2XL         1  0.0    15   204     449    (-,-) 
  out_addr[1]               -       -     R     (port)         -    -     -     0     449    (-,-) 
#--------------------------------------------------------------------------------------------------



Path 24: MET (8605 ps) Late External Delay Assertion at pin out_valid
          Group: clk
     Startpoint: (R) core/reset_release_q_reg[1]/CK
          Clock: (R) clk
       Endpoint: (R) out_valid
          Clock: (R) clk

                     Capture       Launch     
        Clock Edge:+   10000            0     
       Src Latency:+       0            0     
       Net Latency:+       0 (I)        0 (I) 
           Arrival:=   10000            0     
                                              
      Output Delay:-    1000                  
     Required Time:=    9000                  
      Launch Clock:-       0                  
         Data Path:-     395                  
             Slack:=    8605                  

Exceptions/Constraints:
  output_delay             1000            ou_del_20_1   

#-------------------------------------------------------------------------------------------------------
#         Timing Point           Flags   Arc   Edge   Cell     Fanout Load Trans Delay Arrival Instance 
#                                                                     (fF)  (ps)  (ps)   (ps)  Location 
#-------------------------------------------------------------------------------------------------------
  core/reset_release_q_reg[1]/CK -       -     R     (arrival)     71    -     0     0       0    (-,-) 
  core/reset_release_q_reg[1]/Q  (P)     CK->Q R     DFFRHQX1      16  3.2    80   264     264    (-,-) 
  core/g5034__5115/Y             -       A->Y  R     AND2XL         1  0.0    12   131     395    (-,-) 
  out_valid                      -       -     R     (port)         -    -     -     0     395    (-,-) 
#-------------------------------------------------------------------------------------------------------

(P) : Instance is preserved



Path 25: MET (8605 ps) Late External Delay Assertion at pin src_ack_async[0]
          Group: clk
     Startpoint: (R) core/reset_release_q_reg[1]/CK
          Clock: (R) clk
       Endpoint: (R) src_ack_async[0]
          Clock: (R) clk

                     Capture       Launch     
        Clock Edge:+   10000            0     
       Src Latency:+       0            0     
       Net Latency:+       0 (I)        0 (I) 
           Arrival:=   10000            0     
                                              
      Output Delay:-    1000                  
     Required Time:=    9000                  
      Launch Clock:-       0                  
         Data Path:-     395                  
             Slack:=    8605                  

Exceptions/Constraints:
  output_delay             1000            ou_del_15_1   

#-------------------------------------------------------------------------------------------------------
#         Timing Point           Flags   Arc   Edge   Cell     Fanout Load Trans Delay Arrival Instance 
#                                                                     (fF)  (ps)  (ps)   (ps)  Location 
#-------------------------------------------------------------------------------------------------------
  core/reset_release_q_reg[1]/CK -       -     R     (arrival)     71    -     0     0       0    (-,-) 
  core/reset_release_q_reg[1]/Q  (P)     CK->Q R     DFFRHQX1      16  3.2    80   264     264    (-,-) 
  core/g5018__2398/Y             -       A->Y  R     AND2XL         1  0.0    12   131     395    (-,-) 
  src_ack_async[0]               -       -     R     (port)         -    -     -     0     395    (-,-) 
#-------------------------------------------------------------------------------------------------------

(P) : Instance is preserved



Path 26: MET (8605 ps) Late External Delay Assertion at pin src_ack_async[2]
          Group: clk
     Startpoint: (R) core/reset_release_q_reg[1]/CK
          Clock: (R) clk
       Endpoint: (R) src_ack_async[2]
          Clock: (R) clk

                     Capture       Launch     
        Clock Edge:+   10000            0     
       Src Latency:+       0            0     
       Net Latency:+       0 (I)        0 (I) 
           Arrival:=   10000            0     
                                              
      Output Delay:-    1000                  
     Required Time:=    9000                  
      Launch Clock:-       0                  
         Data Path:-     395                  
             Slack:=    8605                  

Exceptions/Constraints:
  output_delay             1000            ou_del_13_1   

#-------------------------------------------------------------------------------------------------------
#         Timing Point           Flags   Arc   Edge   Cell     Fanout Load Trans Delay Arrival Instance 
#                                                                     (fF)  (ps)  (ps)   (ps)  Location 
#-------------------------------------------------------------------------------------------------------
  core/reset_release_q_reg[1]/CK -       -     R     (arrival)     71    -     0     0       0    (-,-) 
  core/reset_release_q_reg[1]/Q  (P)     CK->Q R     DFFRHQX1      16  3.2    80   264     264    (-,-) 
  core/g5033__1881/Y             -       A->Y  R     AND2XL         1  0.0    12   131     395    (-,-) 
  src_ack_async[2]               -       -     R     (port)         -    -     -     0     395    (-,-) 
#-------------------------------------------------------------------------------------------------------

(P) : Instance is preserved



Path 27: MET (8605 ps) Late External Delay Assertion at pin src_ack_async[4]
          Group: clk
     Startpoint: (R) core/reset_release_q_reg[1]/CK
          Clock: (R) clk
       Endpoint: (R) src_ack_async[4]
          Clock: (R) clk

                     Capture       Launch     
        Clock Edge:+   10000            0     
       Src Latency:+       0            0     
       Net Latency:+       0 (I)        0 (I) 
           Arrival:=   10000            0     
                                              
      Output Delay:-    1000                  
     Required Time:=    9000                  
      Launch Clock:-       0                  
         Data Path:-     395                  
             Slack:=    8605                  

Exceptions/Constraints:
  output_delay             1000            ou_del_11_1   

#-------------------------------------------------------------------------------------------------------
#         Timing Point           Flags   Arc   Edge   Cell     Fanout Load Trans Delay Arrival Instance 
#                                                                     (fF)  (ps)  (ps)   (ps)  Location 
#-------------------------------------------------------------------------------------------------------
  core/reset_release_q_reg[1]/CK -       -     R     (arrival)     71    -     0     0       0    (-,-) 
  core/reset_release_q_reg[1]/Q  (P)     CK->Q R     DFFRHQX1      16  3.2    80   264     264    (-,-) 
  core/g5030__8246/Y             -       A->Y  R     AND2XL         1  0.0    12   131     395    (-,-) 
  src_ack_async[4]               -       -     R     (port)         -    -     -     0     395    (-,-) 
#-------------------------------------------------------------------------------------------------------

(P) : Instance is preserved



Path 28: MET (8605 ps) Late External Delay Assertion at pin src_ack_async[5]
          Group: clk
     Startpoint: (R) core/reset_release_q_reg[1]/CK
          Clock: (R) clk
       Endpoint: (R) src_ack_async[5]
          Clock: (R) clk

                     Capture       Launch     
        Clock Edge:+   10000            0     
       Src Latency:+       0            0     
       Net Latency:+       0 (I)        0 (I) 
           Arrival:=   10000            0     
                                              
      Output Delay:-    1000                  
     Required Time:=    9000                  
      Launch Clock:-       0                  
         Data Path:-     395                  
             Slack:=    8605                  

Exceptions/Constraints:
  output_delay             1000            ou_del_10_1   

#-------------------------------------------------------------------------------------------------------
#         Timing Point           Flags   Arc   Edge   Cell     Fanout Load Trans Delay Arrival Instance 
#                                                                     (fF)  (ps)  (ps)   (ps)  Location 
#-------------------------------------------------------------------------------------------------------
  core/reset_release_q_reg[1]/CK -       -     R     (arrival)     71    -     0     0       0    (-,-) 
  core/reset_release_q_reg[1]/Q  (P)     CK->Q R     DFFRHQX1      16  3.2    80   264     264    (-,-) 
  core/g5027__2802/Y             -       A->Y  R     AND2XL         1  0.0    12   131     395    (-,-) 
  src_ack_async[5]               -       -     R     (port)         -    -     -     0     395    (-,-) 
#-------------------------------------------------------------------------------------------------------

(P) : Instance is preserved



Path 29: MET (8605 ps) Late External Delay Assertion at pin src_ack_async[6]
          Group: clk
     Startpoint: (R) core/reset_release_q_reg[1]/CK
          Clock: (R) clk
       Endpoint: (R) src_ack_async[6]
          Clock: (R) clk

                     Capture       Launch     
        Clock Edge:+   10000            0     
       Src Latency:+       0            0     
       Net Latency:+       0 (I)        0 (I) 
           Arrival:=   10000            0     
                                              
      Output Delay:-    1000                  
     Required Time:=    9000                  
      Launch Clock:-       0                  
         Data Path:-     395                  
             Slack:=    8605                  

Exceptions/Constraints:
  output_delay             1000            ou_del_9_1   

#-------------------------------------------------------------------------------------------------------
#         Timing Point           Flags   Arc   Edge   Cell     Fanout Load Trans Delay Arrival Instance 
#                                                                     (fF)  (ps)  (ps)   (ps)  Location 
#-------------------------------------------------------------------------------------------------------
  core/reset_release_q_reg[1]/CK -       -     R     (arrival)     71    -     0     0       0    (-,-) 
  core/reset_release_q_reg[1]/Q  (P)     CK->Q R     DFFRHQX1      16  3.2    80   264     264    (-,-) 
  core/g5025__3680/Y             -       A->Y  R     AND2XL         1  0.0    12   131     395    (-,-) 
  src_ack_async[6]               -       -     R     (port)         -    -     -     0     395    (-,-) 
#-------------------------------------------------------------------------------------------------------

(P) : Instance is preserved



Path 30: MET (8605 ps) Late External Delay Assertion at pin src_ack_async[7]
          Group: clk
     Startpoint: (R) core/reset_release_q_reg[1]/CK
          Clock: (R) clk
       Endpoint: (R) src_ack_async[7]
          Clock: (R) clk

                     Capture       Launch     
        Clock Edge:+   10000            0     
       Src Latency:+       0            0     
       Net Latency:+       0 (I)        0 (I) 
           Arrival:=   10000            0     
                                              
      Output Delay:-    1000                  
     Required Time:=    9000                  
      Launch Clock:-       0                  
         Data Path:-     395                  
             Slack:=    8605                  

Exceptions/Constraints:
  output_delay             1000            ou_del_8_1   

#-------------------------------------------------------------------------------------------------------
#         Timing Point           Flags   Arc   Edge   Cell     Fanout Load Trans Delay Arrival Instance 
#                                                                     (fF)  (ps)  (ps)   (ps)  Location 
#-------------------------------------------------------------------------------------------------------
  core/reset_release_q_reg[1]/CK -       -     R     (arrival)     71    -     0     0       0    (-,-) 
  core/reset_release_q_reg[1]/Q  (P)     CK->Q R     DFFRHQX1      16  3.2    80   264     264    (-,-) 
  core/g5023__5526/Y             -       A->Y  R     AND2XL         1  0.0    12   131     395    (-,-) 
  src_ack_async[7]               -       -     R     (port)         -    -     -     0     395    (-,-) 
#-------------------------------------------------------------------------------------------------------

(P) : Instance is preserved



Path 31: MET (8605 ps) Late External Delay Assertion at pin src_ack_async[8]
          Group: clk
     Startpoint: (R) core/reset_release_q_reg[1]/CK
          Clock: (R) clk
       Endpoint: (R) src_ack_async[8]
          Clock: (R) clk

                     Capture       Launch     
        Clock Edge:+   10000            0     
       Src Latency:+       0            0     
       Net Latency:+       0 (I)        0 (I) 
           Arrival:=   10000            0     
                                              
      Output Delay:-    1000                  
     Required Time:=    9000                  
      Launch Clock:-       0                  
         Data Path:-     395                  
             Slack:=    8605                  

Exceptions/Constraints:
  output_delay             1000            ou_del_7_1   

#-------------------------------------------------------------------------------------------------------
#         Timing Point           Flags   Arc   Edge   Cell     Fanout Load Trans Delay Arrival Instance 
#                                                                     (fF)  (ps)  (ps)   (ps)  Location 
#-------------------------------------------------------------------------------------------------------
  core/reset_release_q_reg[1]/CK -       -     R     (arrival)     71    -     0     0       0    (-,-) 
  core/reset_release_q_reg[1]/Q  (P)     CK->Q R     DFFRHQX1      16  3.2    80   264     264    (-,-) 
  core/g5021__4319/Y             -       A->Y  R     AND2XL         1  0.0    12   131     395    (-,-) 
  src_ack_async[8]               -       -     R     (port)         -    -     -     0     395    (-,-) 
#-------------------------------------------------------------------------------------------------------

(P) : Instance is preserved



Path 32: MET (8605 ps) Late External Delay Assertion at pin src_ack_async[9]
          Group: clk
     Startpoint: (R) core/reset_release_q_reg[1]/CK
          Clock: (R) clk
       Endpoint: (R) src_ack_async[9]
          Clock: (R) clk

                     Capture       Launch     
        Clock Edge:+   10000            0     
       Src Latency:+       0            0     
       Net Latency:+       0 (I)        0 (I) 
           Arrival:=   10000            0     
                                              
      Output Delay:-    1000                  
     Required Time:=    9000                  
      Launch Clock:-       0                  
         Data Path:-     395                  
             Slack:=    8605                  

Exceptions/Constraints:
  output_delay             1000            ou_del_6_1   

#-------------------------------------------------------------------------------------------------------
#         Timing Point           Flags   Arc   Edge   Cell     Fanout Load Trans Delay Arrival Instance 
#                                                                     (fF)  (ps)  (ps)   (ps)  Location 
#-------------------------------------------------------------------------------------------------------
  core/reset_release_q_reg[1]/CK -       -     R     (arrival)     71    -     0     0       0    (-,-) 
  core/reset_release_q_reg[1]/Q  (P)     CK->Q R     DFFRHQX1      16  3.2    80   264     264    (-,-) 
  core/g5032__6131/Y             -       A->Y  R     AND2XL         1  0.0    12   131     395    (-,-) 
  src_ack_async[9]               -       -     R     (port)         -    -     -     0     395    (-,-) 
#-------------------------------------------------------------------------------------------------------

(P) : Instance is preserved



Path 33: MET (8605 ps) Late External Delay Assertion at pin src_ack_async[10]
          Group: clk
     Startpoint: (R) core/reset_release_q_reg[1]/CK
          Clock: (R) clk
       Endpoint: (R) src_ack_async[10]
          Clock: (R) clk

                     Capture       Launch     
        Clock Edge:+   10000            0     
       Src Latency:+       0            0     
       Net Latency:+       0 (I)        0 (I) 
           Arrival:=   10000            0     
                                              
      Output Delay:-    1000                  
     Required Time:=    9000                  
      Launch Clock:-       0                  
         Data Path:-     395                  
             Slack:=    8605                  

Exceptions/Constraints:
  output_delay             1000            ou_del_5_1   

#-------------------------------------------------------------------------------------------------------
#         Timing Point           Flags   Arc   Edge   Cell     Fanout Load Trans Delay Arrival Instance 
#                                                                     (fF)  (ps)  (ps)   (ps)  Location 
#-------------------------------------------------------------------------------------------------------
  core/reset_release_q_reg[1]/CK -       -     R     (arrival)     71    -     0     0       0    (-,-) 
  core/reset_release_q_reg[1]/Q  (P)     CK->Q R     DFFRHQX1      16  3.2    80   264     264    (-,-) 
  core/g5029__5122/Y             -       A->Y  R     AND2XL         1  0.0    12   131     395    (-,-) 
  src_ack_async[10]              -       -     R     (port)         -    -     -     0     395    (-,-) 
#-------------------------------------------------------------------------------------------------------

(P) : Instance is preserved



Path 34: MET (8605 ps) Late External Delay Assertion at pin src_ack_async[11]
          Group: clk
     Startpoint: (R) core/reset_release_q_reg[1]/CK
          Clock: (R) clk
       Endpoint: (R) src_ack_async[11]
          Clock: (R) clk

                     Capture       Launch     
        Clock Edge:+   10000            0     
       Src Latency:+       0            0     
       Net Latency:+       0 (I)        0 (I) 
           Arrival:=   10000            0     
                                              
      Output Delay:-    1000                  
     Required Time:=    9000                  
      Launch Clock:-       0                  
         Data Path:-     395                  
             Slack:=    8605                  

Exceptions/Constraints:
  output_delay             1000            ou_del_4_1   

#-------------------------------------------------------------------------------------------------------
#         Timing Point           Flags   Arc   Edge   Cell     Fanout Load Trans Delay Arrival Instance 
#                                                                     (fF)  (ps)  (ps)   (ps)  Location 
#-------------------------------------------------------------------------------------------------------
  core/reset_release_q_reg[1]/CK -       -     R     (arrival)     71    -     0     0       0    (-,-) 
  core/reset_release_q_reg[1]/Q  (P)     CK->Q R     DFFRHQX1      16  3.2    80   264     264    (-,-) 
  core/g5024__6783/Y             -       A->Y  R     AND2XL         1  0.0    12   131     395    (-,-) 
  src_ack_async[11]              -       -     R     (port)         -    -     -     0     395    (-,-) 
#-------------------------------------------------------------------------------------------------------

(P) : Instance is preserved



Path 35: MET (8605 ps) Late External Delay Assertion at pin src_ack_async[12]
          Group: clk
     Startpoint: (R) core/reset_release_q_reg[1]/CK
          Clock: (R) clk
       Endpoint: (R) src_ack_async[12]
          Clock: (R) clk

                     Capture       Launch     
        Clock Edge:+   10000            0     
       Src Latency:+       0            0     
       Net Latency:+       0 (I)        0 (I) 
           Arrival:=   10000            0     
                                              
      Output Delay:-    1000                  
     Required Time:=    9000                  
      Launch Clock:-       0                  
         Data Path:-     395                  
             Slack:=    8605                  

Exceptions/Constraints:
  output_delay             1000            ou_del_3_1   

#-------------------------------------------------------------------------------------------------------
#         Timing Point           Flags   Arc   Edge   Cell     Fanout Load Trans Delay Arrival Instance 
#                                                                     (fF)  (ps)  (ps)   (ps)  Location 
#-------------------------------------------------------------------------------------------------------
  core/reset_release_q_reg[1]/CK -       -     R     (arrival)     71    -     0     0       0    (-,-) 
  core/reset_release_q_reg[1]/Q  (P)     CK->Q R     DFFRHQX1      16  3.2    80   264     264    (-,-) 
  core/g5020__6260/Y             -       A->Y  R     AND2XL         1  0.0    12   131     395    (-,-) 
  src_ack_async[12]              -       -     R     (port)         -    -     -     0     395    (-,-) 
#-------------------------------------------------------------------------------------------------------

(P) : Instance is preserved



Path 36: MET (8605 ps) Late External Delay Assertion at pin src_ack_async[13]
          Group: clk
     Startpoint: (R) core/reset_release_q_reg[1]/CK
          Clock: (R) clk
       Endpoint: (R) src_ack_async[13]
          Clock: (R) clk

                     Capture       Launch     
        Clock Edge:+   10000            0     
       Src Latency:+       0            0     
       Net Latency:+       0 (I)        0 (I) 
           Arrival:=   10000            0     
                                              
      Output Delay:-    1000                  
     Required Time:=    9000                  
      Launch Clock:-       0                  
         Data Path:-     395                  
             Slack:=    8605                  

Exceptions/Constraints:
  output_delay             1000            ou_del_2_1   

#-------------------------------------------------------------------------------------------------------
#         Timing Point           Flags   Arc   Edge   Cell     Fanout Load Trans Delay Arrival Instance 
#                                                                     (fF)  (ps)  (ps)   (ps)  Location 
#-------------------------------------------------------------------------------------------------------
  core/reset_release_q_reg[1]/CK -       -     R     (arrival)     71    -     0     0       0    (-,-) 
  core/reset_release_q_reg[1]/Q  (P)     CK->Q R     DFFRHQX1      16  3.2    80   264     264    (-,-) 
  core/g5028__1705/Y             -       A->Y  R     AND2XL         1  0.0    12   131     395    (-,-) 
  src_ack_async[13]              -       -     R     (port)         -    -     -     0     395    (-,-) 
#-------------------------------------------------------------------------------------------------------

(P) : Instance is preserved



Path 37: MET (8605 ps) Late External Delay Assertion at pin src_ack_async[14]
          Group: clk
     Startpoint: (R) core/reset_release_q_reg[1]/CK
          Clock: (R) clk
       Endpoint: (R) src_ack_async[14]
          Clock: (R) clk

                     Capture       Launch     
        Clock Edge:+   10000            0     
       Src Latency:+       0            0     
       Net Latency:+       0 (I)        0 (I) 
           Arrival:=   10000            0     
                                              
      Output Delay:-    1000                  
     Required Time:=    9000                  
      Launch Clock:-       0                  
         Data Path:-     395                  
             Slack:=    8605                  

Exceptions/Constraints:
  output_delay             1000            ou_del_1_1   

#-------------------------------------------------------------------------------------------------------
#         Timing Point           Flags   Arc   Edge   Cell     Fanout Load Trans Delay Arrival Instance 
#                                                                     (fF)  (ps)  (ps)   (ps)  Location 
#-------------------------------------------------------------------------------------------------------
  core/reset_release_q_reg[1]/CK -       -     R     (arrival)     71    -     0     0       0    (-,-) 
  core/reset_release_q_reg[1]/Q  (P)     CK->Q R     DFFRHQX1      16  3.2    80   264     264    (-,-) 
  core/g5019__5107/Y             -       A->Y  R     AND2XL         1  0.0    12   131     395    (-,-) 
  src_ack_async[14]              -       -     R     (port)         -    -     -     0     395    (-,-) 
#-------------------------------------------------------------------------------------------------------

(P) : Instance is preserved



Path 38: MET (8605 ps) Late External Delay Assertion at pin src_ack_async[15]
          Group: clk
     Startpoint: (R) core/reset_release_q_reg[1]/CK
          Clock: (R) clk
       Endpoint: (R) src_ack_async[15]
          Clock: (R) clk

                     Capture       Launch     
        Clock Edge:+   10000            0     
       Src Latency:+       0            0     
       Net Latency:+       0 (I)        0 (I) 
           Arrival:=   10000            0     
                                              
      Output Delay:-    1000                  
     Required Time:=    9000                  
      Launch Clock:-       0                  
         Data Path:-     395                  
             Slack:=    8605                  

Exceptions/Constraints:
  output_delay             1000            ou_del   

#-------------------------------------------------------------------------------------------------------
#         Timing Point           Flags   Arc   Edge   Cell     Fanout Load Trans Delay Arrival Instance 
#                                                                     (fF)  (ps)  (ps)   (ps)  Location 
#-------------------------------------------------------------------------------------------------------
  core/reset_release_q_reg[1]/CK -       -     R     (arrival)     71    -     0     0       0    (-,-) 
  core/reset_release_q_reg[1]/Q  (P)     CK->Q R     DFFRHQX1      16  3.2    80   264     264    (-,-) 
  core/g5022__8428/Y             -       A->Y  R     AND2XL         1  0.0    12   131     395    (-,-) 
  src_ack_async[15]              -       -     R     (port)         -    -     -     0     395    (-,-) 
#-------------------------------------------------------------------------------------------------------

(P) : Instance is preserved



Path 39: MET (8621 ps) Late External Delay Assertion at pin out_addr[0]
          Group: clk
     Startpoint: (R) core/out_rank_q_reg[0]/CK
          Clock: (R) clk
       Endpoint: (R) out_addr[0]
          Clock: (R) clk

                     Capture       Launch     
        Clock Edge:+   10000            0     
       Src Latency:+       0            0     
       Net Latency:+       0 (I)        0 (I) 
           Arrival:=   10000            0     
                                              
      Output Delay:-    1000                  
     Required Time:=    9000                  
      Launch Clock:-       0                  
         Data Path:-     379                  
             Slack:=    8621                  

Exceptions/Constraints:
  output_delay             1000            ou_del_19_1   

#--------------------------------------------------------------------------------------------------
#       Timing Point        Flags   Arc   Edge   Cell     Fanout Load Trans Delay Arrival Instance 
#                                                                (fF)  (ps)  (ps)   (ps)  Location 
#--------------------------------------------------------------------------------------------------
  core/out_rank_q_reg[0]/CK -       -     R     (arrival)     71    -     0     0       0    (-,-) 
  core/out_rank_q_reg[0]/Q  -       CK->Q F     DFFHQX1        4  1.1    39   206     206    (-,-) 
  core/g5053__4733/Y        -       A->Y  R     XOR2XL         1  0.0    15   173     379    (-,-) 
  out_addr[0]               -       -     R     (port)         -    -     -     0     379    (-,-) 
#--------------------------------------------------------------------------------------------------



Path 40: MET (8698 ps) Setup Check with Pin core/out_valid_q_reg/CK->D
          Group: clk
     Startpoint: (F) out_ready
          Clock: (R) clk
       Endpoint: (R) core/out_valid_q_reg/D
          Clock: (R) clk

                     Capture       Launch     
        Clock Edge:+   10000            0     
        Drv Adjust:+       0            0     
       Src Latency:+       0            0     
       Net Latency:+       0 (I)        0 (I) 
           Arrival:=   10000            0     
                                              
             Setup:-     129                  
     Required Time:=    9871                  
      Launch Clock:-       0                  
       Input Delay:-    1000                  
         Data Path:-     173                  
             Slack:=    8698                  

Exceptions/Constraints:
  input_delay             1000            in_del   

#-----------------------------------------------------------------------------------------------
#     Timing Point       Flags   Arc   Edge   Cell     Fanout Load Trans Delay Arrival Instance 
#                                                             (fF)  (ps)  (ps)   (ps)  Location 
#-----------------------------------------------------------------------------------------------
  out_ready              -       -     F     (arrival)      1  0.2     0     0    1000    (-,-) 
  core/g6961__2346/Y     -       AN->Y F     NAND2BX1       2  0.6    68    86    1086    (-,-) 
  core/g6868__9315/Y     -       A0->Y R     AOI21X1        1  0.3    49    87    1173    (-,-) 
  core/out_valid_q_reg/D -       -     R     DFFHQX1        1    -     -     0    1173    (-,-) 
#-----------------------------------------------------------------------------------------------



Path 41: MET (8755 ps) Late External Delay Assertion at pin out_addr[2]
          Group: clk
     Startpoint: (R) core/out_rank_q_reg[2]/CK
          Clock: (R) clk
       Endpoint: (F) out_addr[2]
          Clock: (R) clk

                     Capture       Launch     
        Clock Edge:+   10000            0     
       Src Latency:+       0            0     
       Net Latency:+       0 (I)        0 (I) 
           Arrival:=   10000            0     
                                              
      Output Delay:-    1000                  
     Required Time:=    9000                  
      Launch Clock:-       0                  
         Data Path:-     245                  
             Slack:=    8755                  

Exceptions/Constraints:
  output_delay             1000            ou_del_17_1   

#--------------------------------------------------------------------------------------------------
#       Timing Point        Flags   Arc   Edge   Cell     Fanout Load Trans Delay Arrival Instance 
#                                                                (fF)  (ps)  (ps)   (ps)  Location 
#--------------------------------------------------------------------------------------------------
  core/out_rank_q_reg[2]/CK -       -     R     (arrival)     71    -     0     0       0    (-,-) 
  core/out_rank_q_reg[2]/Q  -       CK->Q F     DFFHQX1       12  4.0   111   245     245    (-,-) 
  out_addr[2]               -       -     F     (port)         -    -     -     0     245    (-,-) 
#--------------------------------------------------------------------------------------------------



Path 42: MET (8767 ps) Late External Delay Assertion at pin out_addr[3]
          Group: clk
     Startpoint: (R) core/out_rank_q_reg[3]/CK
          Clock: (R) clk
       Endpoint: (F) out_addr[3]
          Clock: (R) clk

                     Capture       Launch     
        Clock Edge:+   10000            0     
       Src Latency:+       0            0     
       Net Latency:+       0 (I)        0 (I) 
           Arrival:=   10000            0     
                                              
      Output Delay:-    1000                  
     Required Time:=    9000                  
      Launch Clock:-       0                  
         Data Path:-     233                  
             Slack:=    8767                  

Exceptions/Constraints:
  output_delay             1000            ou_del_16_1   

#--------------------------------------------------------------------------------------------------
#       Timing Point        Flags   Arc   Edge   Cell     Fanout Load Trans Delay Arrival Instance 
#                                                                (fF)  (ps)  (ps)   (ps)  Location 
#--------------------------------------------------------------------------------------------------
  core/out_rank_q_reg[3]/CK -       -     R     (arrival)     71    -     0     0       0    (-,-) 
  core/out_rank_q_reg[3]/Q  -       CK->Q F     DFFHQX1        9  3.1    89   233     233    (-,-) 
  out_addr[3]               -       -     F     (port)         -    -     -     0     233    (-,-) 
#--------------------------------------------------------------------------------------------------



Path 43: MET (9120 ps) Setup Check with Pin core/ack_rank_q_reg[15]/CK->D
          Group: clk
     Startpoint: (R) core/reset_release_q_reg[1]/CK
          Clock: (R) clk
       Endpoint: (R) core/ack_rank_q_reg[15]/D
          Clock: (R) clk

                     Capture       Launch     
        Clock Edge:+   10000            0     
       Src Latency:+       0            0     
       Net Latency:+       0 (I)        0 (I) 
           Arrival:=   10000            0     
                                              
             Setup:-     122                  
     Required Time:=    9878                  
      Launch Clock:-       0                  
         Data Path:-     758                  
             Slack:=    9120                  

#-------------------------------------------------------------------------------------------------------
#         Timing Point           Flags   Arc   Edge   Cell     Fanout Load Trans Delay Arrival Instance 
#                                                                     (fF)  (ps)  (ps)   (ps)  Location 
#-------------------------------------------------------------------------------------------------------
  core/reset_release_q_reg[1]/CK -       -     R     (arrival)     71    -     0     0       0    (-,-) 
  core/reset_release_q_reg[1]/Q  (P)     CK->Q R     DFFRHQX1      16  3.2    80   264     264    (-,-) 
  core/drc_bufs5075/Y            -       A->Y  R     BUFX2         15  5.4    72   139     402    (-,-) 
  core/drc_bufs7008/Y            -       A->Y  F     INVX1          2  0.6    36    61     463    (-,-) 
  core/drc_bufs7007/Y            -       A->Y  R     INVX1          9  3.6    87    70     533    (-,-) 
  core/g6941__8428/Y             -       C0->Y F     OAI211X1       1  0.3   124   143     676    (-,-) 
  core/g6932/Y                   -       A->Y  R     INVX1          1  0.3    34    82     758    (-,-) 
  core/ack_rank_q_reg[15]/D      -       -     R     DFFHQX1        1    -     -     0     758    (-,-) 
#-------------------------------------------------------------------------------------------------------

(P) : Instance is preserved



Path 44: MET (9120 ps) Setup Check with Pin core/ack_rank_q_reg[14]/CK->D
          Group: clk
     Startpoint: (R) core/reset_release_q_reg[1]/CK
          Clock: (R) clk
       Endpoint: (R) core/ack_rank_q_reg[14]/D
          Clock: (R) clk

                     Capture       Launch     
        Clock Edge:+   10000            0     
       Src Latency:+       0            0     
       Net Latency:+       0 (I)        0 (I) 
           Arrival:=   10000            0     
                                              
             Setup:-     122                  
     Required Time:=    9878                  
      Launch Clock:-       0                  
         Data Path:-     758                  
             Slack:=    9120                  

#-------------------------------------------------------------------------------------------------------
#         Timing Point           Flags   Arc   Edge   Cell     Fanout Load Trans Delay Arrival Instance 
#                                                                     (fF)  (ps)  (ps)   (ps)  Location 
#-------------------------------------------------------------------------------------------------------
  core/reset_release_q_reg[1]/CK -       -     R     (arrival)     71    -     0     0       0    (-,-) 
  core/reset_release_q_reg[1]/Q  (P)     CK->Q R     DFFRHQX1      16  3.2    80   264     264    (-,-) 
  core/drc_bufs5075/Y            -       A->Y  R     BUFX2         15  5.4    72   139     402    (-,-) 
  core/drc_bufs7008/Y            -       A->Y  F     INVX1          2  0.6    36    61     463    (-,-) 
  core/drc_bufs7007/Y            -       A->Y  R     INVX1          9  3.6    87    70     533    (-,-) 
  core/g6935__6417/Y             -       C0->Y F     OAI211X1       1  0.3   124   143     676    (-,-) 
  core/g6926/Y                   -       A->Y  R     INVX1          1  0.3    34    82     758    (-,-) 
  core/ack_rank_q_reg[14]/D      -       -     R     DFFHQX1        1    -     -     0     758    (-,-) 
#-------------------------------------------------------------------------------------------------------

(P) : Instance is preserved



Path 45: MET (9120 ps) Setup Check with Pin core/ack_rank_q_reg[9]/CK->D
          Group: clk
     Startpoint: (R) core/reset_release_q_reg[1]/CK
          Clock: (R) clk
       Endpoint: (R) core/ack_rank_q_reg[9]/D
          Clock: (R) clk

                     Capture       Launch     
        Clock Edge:+   10000            0     
       Src Latency:+       0            0     
       Net Latency:+       0 (I)        0 (I) 
           Arrival:=   10000            0     
                                              
             Setup:-     122                  
     Required Time:=    9878                  
      Launch Clock:-       0                  
         Data Path:-     758                  
             Slack:=    9120                  

#-------------------------------------------------------------------------------------------------------
#         Timing Point           Flags   Arc   Edge   Cell     Fanout Load Trans Delay Arrival Instance 
#                                                                     (fF)  (ps)  (ps)   (ps)  Location 
#-------------------------------------------------------------------------------------------------------
  core/reset_release_q_reg[1]/CK -       -     R     (arrival)     71    -     0     0       0    (-,-) 
  core/reset_release_q_reg[1]/Q  (P)     CK->Q R     DFFRHQX1      16  3.2    80   264     264    (-,-) 
  core/drc_bufs5075/Y            -       A->Y  R     BUFX2         15  5.4    72   139     402    (-,-) 
  core/drc_bufs7008/Y            -       A->Y  F     INVX1          2  0.6    36    61     463    (-,-) 
  core/drc_bufs7007/Y            -       A->Y  R     INVX1          9  3.6    87    70     533    (-,-) 
  core/g6916__5115/Y             -       C0->Y F     OAI211X1       1  0.3   124   143     676    (-,-) 
  core/g6909/Y                   -       A->Y  R     INVX1          1  0.3    34    82     758    (-,-) 
  core/ack_rank_q_reg[9]/D       -       -     R     DFFHQX1        1    -     -     0     758    (-,-) 
#-------------------------------------------------------------------------------------------------------

(P) : Instance is preserved



Path 46: MET (9120 ps) Setup Check with Pin core/ack_rank_q_reg[6]/CK->D
          Group: clk
     Startpoint: (R) core/reset_release_q_reg[1]/CK
          Clock: (R) clk
       Endpoint: (R) core/ack_rank_q_reg[6]/D
          Clock: (R) clk

                     Capture       Launch     
        Clock Edge:+   10000            0     
       Src Latency:+       0            0     
       Net Latency:+       0 (I)        0 (I) 
           Arrival:=   10000            0     
                                              
             Setup:-     122                  
     Required Time:=    9878                  
      Launch Clock:-       0                  
         Data Path:-     758                  
             Slack:=    9120                  

#-------------------------------------------------------------------------------------------------------
#         Timing Point           Flags   Arc   Edge   Cell     Fanout Load Trans Delay Arrival Instance 
#                                                                     (fF)  (ps)  (ps)   (ps)  Location 
#-------------------------------------------------------------------------------------------------------
  core/reset_release_q_reg[1]/CK -       -     R     (arrival)     71    -     0     0       0    (-,-) 
  core/reset_release_q_reg[1]/Q  (P)     CK->Q R     DFFRHQX1      16  3.2    80   264     264    (-,-) 
  core/drc_bufs5075/Y            -       A->Y  R     BUFX2         15  5.4    72   139     402    (-,-) 
  core/drc_bufs7008/Y            -       A->Y  F     INVX1          2  0.6    36    61     463    (-,-) 
  core/drc_bufs7007/Y            -       A->Y  R     INVX1          9  3.6    87    70     533    (-,-) 
  core/g6921__9945/Y             -       C0->Y F     OAI211X1       1  0.3   124   143     676    (-,-) 
  core/g6913/Y                   -       A->Y  R     INVX1          1  0.3    34    82     758    (-,-) 
  core/ack_rank_q_reg[6]/D       -       -     R     DFFHQX1        1    -     -     0     758    (-,-) 
#-------------------------------------------------------------------------------------------------------

(P) : Instance is preserved



Path 47: MET (9120 ps) Setup Check with Pin core/ack_rank_q_reg[5]/CK->D
          Group: clk
     Startpoint: (R) core/reset_release_q_reg[1]/CK
          Clock: (R) clk
       Endpoint: (R) core/ack_rank_q_reg[5]/D
          Clock: (R) clk

                     Capture       Launch     
        Clock Edge:+   10000            0     
       Src Latency:+       0            0     
       Net Latency:+       0 (I)        0 (I) 
           Arrival:=   10000            0     
                                              
             Setup:-     122                  
     Required Time:=    9878                  
      Launch Clock:-       0                  
         Data Path:-     758                  
             Slack:=    9120                  

#-------------------------------------------------------------------------------------------------------
#         Timing Point           Flags   Arc   Edge   Cell     Fanout Load Trans Delay Arrival Instance 
#                                                                     (fF)  (ps)  (ps)   (ps)  Location 
#-------------------------------------------------------------------------------------------------------
  core/reset_release_q_reg[1]/CK -       -     R     (arrival)     71    -     0     0       0    (-,-) 
  core/reset_release_q_reg[1]/Q  (P)     CK->Q R     DFFRHQX1      16  3.2    80   264     264    (-,-) 
  core/drc_bufs5075/Y            -       A->Y  R     BUFX2         15  5.4    72   139     402    (-,-) 
  core/drc_bufs7008/Y            -       A->Y  F     INVX1          2  0.6    36    61     463    (-,-) 
  core/drc_bufs7007/Y            -       A->Y  R     INVX1          9  3.6    87    70     533    (-,-) 
  core/g6919__6161/Y             -       C0->Y F     OAI211X1       1  0.3   124   143     676    (-,-) 
  core/g6911/Y                   -       A->Y  R     INVX1          1  0.3    34    82     758    (-,-) 
  core/ack_rank_q_reg[5]/D       -       -     R     DFFHQX1        1    -     -     0     758    (-,-) 
#-------------------------------------------------------------------------------------------------------

(P) : Instance is preserved



Path 48: MET (9120 ps) Setup Check with Pin core/ack_rank_q_reg[4]/CK->D
          Group: clk
     Startpoint: (R) core/reset_release_q_reg[1]/CK
          Clock: (R) clk
       Endpoint: (R) core/ack_rank_q_reg[4]/D
          Clock: (R) clk

                     Capture       Launch     
        Clock Edge:+   10000            0     
       Src Latency:+       0            0     
       Net Latency:+       0 (I)        0 (I) 
           Arrival:=   10000            0     
                                              
             Setup:-     122                  
     Required Time:=    9878                  
      Launch Clock:-       0                  
         Data Path:-     758                  
             Slack:=    9120                  

#-------------------------------------------------------------------------------------------------------
#         Timing Point           Flags   Arc   Edge   Cell     Fanout Load Trans Delay Arrival Instance 
#                                                                     (fF)  (ps)  (ps)   (ps)  Location 
#-------------------------------------------------------------------------------------------------------
  core/reset_release_q_reg[1]/CK -       -     R     (arrival)     71    -     0     0       0    (-,-) 
  core/reset_release_q_reg[1]/Q  (P)     CK->Q R     DFFRHQX1      16  3.2    80   264     264    (-,-) 
  core/drc_bufs5075/Y            -       A->Y  R     BUFX2         15  5.4    72   139     402    (-,-) 
  core/drc_bufs7008/Y            -       A->Y  F     INVX1          2  0.6    36    61     463    (-,-) 
  core/drc_bufs7007/Y            -       A->Y  R     INVX1          9  3.6    87    70     533    (-,-) 
  core/g6934__7410/Y             -       C0->Y F     OAI211X1       1  0.3   124   143     676    (-,-) 
  core/g6925/Y                   -       A->Y  R     INVX1          1  0.3    34    82     758    (-,-) 
  core/ack_rank_q_reg[4]/D       -       -     R     DFFHQX1        1    -     -     0     758    (-,-) 
#-------------------------------------------------------------------------------------------------------

(P) : Instance is preserved



Path 49: MET (9120 ps) Setup Check with Pin core/ack_rank_q_reg[3]/CK->D
          Group: clk
     Startpoint: (R) core/reset_release_q_reg[1]/CK
          Clock: (R) clk
       Endpoint: (R) core/ack_rank_q_reg[3]/D
          Clock: (R) clk

                     Capture       Launch     
        Clock Edge:+   10000            0     
       Src Latency:+       0            0     
       Net Latency:+       0 (I)        0 (I) 
           Arrival:=   10000            0     
                                              
             Setup:-     122                  
     Required Time:=    9878                  
      Launch Clock:-       0                  
         Data Path:-     758                  
             Slack:=    9120                  

#-------------------------------------------------------------------------------------------------------
#         Timing Point           Flags   Arc   Edge   Cell     Fanout Load Trans Delay Arrival Instance 
#                                                                     (fF)  (ps)  (ps)   (ps)  Location 
#-------------------------------------------------------------------------------------------------------
  core/reset_release_q_reg[1]/CK -       -     R     (arrival)     71    -     0     0       0    (-,-) 
  core/reset_release_q_reg[1]/Q  (P)     CK->Q R     DFFRHQX1      16  3.2    80   264     264    (-,-) 
  core/drc_bufs5075/Y            -       A->Y  R     BUFX2         15  5.4    72   139     402    (-,-) 
  core/drc_bufs7008/Y            -       A->Y  F     INVX1          2  0.6    36    61     463    (-,-) 
  core/drc_bufs7007/Y            -       A->Y  R     INVX1          9  3.6    87    70     533    (-,-) 
  core/g6940__4319/Y             -       C0->Y F     OAI211X1       1  0.3   124   143     676    (-,-) 
  core/g6931/Y                   -       A->Y  R     INVX1          1  0.3    34    82     758    (-,-) 
  core/ack_rank_q_reg[3]/D       -       -     R     DFFHQX1        1    -     -     0     758    (-,-) 
#-------------------------------------------------------------------------------------------------------

(P) : Instance is preserved



Path 50: MET (9120 ps) Setup Check with Pin core/ack_rank_q_reg[1]/CK->D
          Group: clk
     Startpoint: (R) core/reset_release_q_reg[1]/CK
          Clock: (R) clk
       Endpoint: (R) core/ack_rank_q_reg[1]/D
          Clock: (R) clk

                     Capture       Launch     
        Clock Edge:+   10000            0     
       Src Latency:+       0            0     
       Net Latency:+       0 (I)        0 (I) 
           Arrival:=   10000            0     
                                              
             Setup:-     122                  
     Required Time:=    9878                  
      Launch Clock:-       0                  
         Data Path:-     758                  
             Slack:=    9120                  

#-------------------------------------------------------------------------------------------------------
#         Timing Point           Flags   Arc   Edge   Cell     Fanout Load Trans Delay Arrival Instance 
#                                                                     (fF)  (ps)  (ps)   (ps)  Location 
#-------------------------------------------------------------------------------------------------------
  core/reset_release_q_reg[1]/CK -       -     R     (arrival)     71    -     0     0       0    (-,-) 
  core/reset_release_q_reg[1]/Q  (P)     CK->Q R     DFFRHQX1      16  3.2    80   264     264    (-,-) 
  core/drc_bufs5075/Y            -       A->Y  R     BUFX2         15  5.4    72   139     402    (-,-) 
  core/drc_bufs7008/Y            -       A->Y  F     INVX1          2  0.6    36    61     463    (-,-) 
  core/drc_bufs7007/Y            -       A->Y  R     INVX1          9  3.6    87    70     533    (-,-) 
  core/g6923__2346/Y             -       C0->Y F     OAI211X1       1  0.3   124   143     676    (-,-) 
  core/g6915/Y                   -       A->Y  R     INVX1          1  0.3    34    82     758    (-,-) 
  core/ack_rank_q_reg[1]/D       -       -     R     DFFHQX1        1    -     -     0     758    (-,-) 
#-------------------------------------------------------------------------------------------------------

(P) : Instance is preserved



Path 51: MET (9259 ps) Setup Check with Pin core/ack_rank_q_reg[13]/CK->D
          Group: clk
     Startpoint: (R) core/reset_release_q_reg[1]/CK
          Clock: (R) clk
       Endpoint: (R) core/ack_rank_q_reg[13]/D
          Clock: (R) clk

                     Capture       Launch     
        Clock Edge:+   10000            0     
       Src Latency:+       0            0     
       Net Latency:+       0 (I)        0 (I) 
           Arrival:=   10000            0     
                                              
             Setup:-     122                  
     Required Time:=    9878                  
      Launch Clock:-       0                  
         Data Path:-     619                  
             Slack:=    9259                  

#-------------------------------------------------------------------------------------------------------
#         Timing Point           Flags   Arc   Edge   Cell     Fanout Load Trans Delay Arrival Instance 
#                                                                     (fF)  (ps)  (ps)   (ps)  Location 
#-------------------------------------------------------------------------------------------------------
  core/reset_release_q_reg[1]/CK -       -     R     (arrival)     71    -     0     0       0    (-,-) 
  core/reset_release_q_reg[1]/Q  (P)     CK->Q R     DFFRHQX1      16  3.2    80   264     264    (-,-) 
  core/drc_bufs5075/Y            -       A->Y  R     BUFX2         15  5.4    72   139     402    (-,-) 
  core/g6939__6260/Y             -       C0->Y F     OAI211X1       1  0.3   124   135     538    (-,-) 
  core/g6930/Y                   -       A->Y  R     INVX1          1  0.3    34    82     619    (-,-) 
  core/ack_rank_q_reg[13]/D      -       -     R     DFFHQX1        1    -     -     0     619    (-,-) 
#-------------------------------------------------------------------------------------------------------

(P) : Instance is preserved



Path 52: MET (9259 ps) Setup Check with Pin core/ack_rank_q_reg[12]/CK->D
          Group: clk
     Startpoint: (R) core/reset_release_q_reg[1]/CK
          Clock: (R) clk
       Endpoint: (R) core/ack_rank_q_reg[12]/D
          Clock: (R) clk

                     Capture       Launch     
        Clock Edge:+   10000            0     
       Src Latency:+       0            0     
       Net Latency:+       0 (I)        0 (I) 
           Arrival:=   10000            0     
                                              
             Setup:-     122                  
     Required Time:=    9878                  
      Launch Clock:-       0                  
         Data Path:-     619                  
             Slack:=    9259                  

#-------------------------------------------------------------------------------------------------------
#         Timing Point           Flags   Arc   Edge   Cell     Fanout Load Trans Delay Arrival Instance 
#                                                                     (fF)  (ps)  (ps)   (ps)  Location 
#-------------------------------------------------------------------------------------------------------
  core/reset_release_q_reg[1]/CK -       -     R     (arrival)     71    -     0     0       0    (-,-) 
  core/reset_release_q_reg[1]/Q  (P)     CK->Q R     DFFRHQX1      16  3.2    80   264     264    (-,-) 
  core/drc_bufs5075/Y            -       A->Y  R     BUFX2         15  5.4    72   139     402    (-,-) 
  core/g6938__5107/Y             -       C0->Y F     OAI211X1       1  0.3   124   135     538    (-,-) 
  core/g6929/Y                   -       A->Y  R     INVX1          1  0.3    34    82     619    (-,-) 
  core/ack_rank_q_reg[12]/D      -       -     R     DFFHQX1        1    -     -     0     619    (-,-) 
#-------------------------------------------------------------------------------------------------------

(P) : Instance is preserved



Path 53: MET (9259 ps) Setup Check with Pin core/ack_rank_q_reg[11]/CK->D
          Group: clk
     Startpoint: (R) core/reset_release_q_reg[1]/CK
          Clock: (R) clk
       Endpoint: (R) core/ack_rank_q_reg[11]/D
          Clock: (R) clk

                     Capture       Launch     
        Clock Edge:+   10000            0     
       Src Latency:+       0            0     
       Net Latency:+       0 (I)        0 (I) 
           Arrival:=   10000            0     
                                              
             Setup:-     122                  
     Required Time:=    9878                  
      Launch Clock:-       0                  
         Data Path:-     619                  
             Slack:=    9259                  

#-------------------------------------------------------------------------------------------------------
#         Timing Point           Flags   Arc   Edge   Cell     Fanout Load Trans Delay Arrival Instance 
#                                                                     (fF)  (ps)  (ps)   (ps)  Location 
#-------------------------------------------------------------------------------------------------------
  core/reset_release_q_reg[1]/CK -       -     R     (arrival)     71    -     0     0       0    (-,-) 
  core/reset_release_q_reg[1]/Q  (P)     CK->Q R     DFFRHQX1      16  3.2    80   264     264    (-,-) 
  core/drc_bufs5075/Y            -       A->Y  R     BUFX2         15  5.4    72   139     402    (-,-) 
  core/g6936__5477/Y             -       C0->Y F     OAI211X1       1  0.3   124   135     538    (-,-) 
  core/g6927/Y                   -       A->Y  R     INVX1          1  0.3    34    82     619    (-,-) 
  core/ack_rank_q_reg[11]/D      -       -     R     DFFHQX1        1    -     -     0     619    (-,-) 
#-------------------------------------------------------------------------------------------------------

(P) : Instance is preserved



Path 54: MET (9259 ps) Setup Check with Pin core/ack_rank_q_reg[10]/CK->D
          Group: clk
     Startpoint: (R) core/reset_release_q_reg[1]/CK
          Clock: (R) clk
       Endpoint: (R) core/ack_rank_q_reg[10]/D
          Clock: (R) clk

                     Capture       Launch     
        Clock Edge:+   10000            0     
       Src Latency:+       0            0     
       Net Latency:+       0 (I)        0 (I) 
           Arrival:=   10000            0     
                                              
             Setup:-     122                  
     Required Time:=    9878                  
      Launch Clock:-       0                  
         Data Path:-     619                  
             Slack:=    9259                  

#-------------------------------------------------------------------------------------------------------
#         Timing Point           Flags   Arc   Edge   Cell     Fanout Load Trans Delay Arrival Instance 
#                                                                     (fF)  (ps)  (ps)   (ps)  Location 
#-------------------------------------------------------------------------------------------------------
  core/reset_release_q_reg[1]/CK -       -     R     (arrival)     71    -     0     0       0    (-,-) 
  core/reset_release_q_reg[1]/Q  (P)     CK->Q R     DFFRHQX1      16  3.2    80   264     264    (-,-) 
  core/drc_bufs5075/Y            -       A->Y  R     BUFX2         15  5.4    72   139     402    (-,-) 
  core/g6942__5526/Y             -       C0->Y F     OAI211X1       1  0.3   124   135     538    (-,-) 
  core/g6933/Y                   -       A->Y  R     INVX1          1  0.3    34    82     619    (-,-) 
  core/ack_rank_q_reg[10]/D      -       -     R     DFFHQX1        1    -     -     0     619    (-,-) 
#-------------------------------------------------------------------------------------------------------

(P) : Instance is preserved



Path 55: MET (9259 ps) Setup Check with Pin core/ack_rank_q_reg[8]/CK->D
          Group: clk
     Startpoint: (R) core/reset_release_q_reg[1]/CK
          Clock: (R) clk
       Endpoint: (R) core/ack_rank_q_reg[8]/D
          Clock: (R) clk

                     Capture       Launch     
        Clock Edge:+   10000            0     
       Src Latency:+       0            0     
       Net Latency:+       0 (I)        0 (I) 
           Arrival:=   10000            0     
                                              
             Setup:-     122                  
     Required Time:=    9878                  
      Launch Clock:-       0                  
         Data Path:-     619                  
             Slack:=    9259                  

#-------------------------------------------------------------------------------------------------------
#         Timing Point           Flags   Arc   Edge   Cell     Fanout Load Trans Delay Arrival Instance 
#                                                                     (fF)  (ps)  (ps)   (ps)  Location 
#-------------------------------------------------------------------------------------------------------
  core/reset_release_q_reg[1]/CK -       -     R     (arrival)     71    -     0     0       0    (-,-) 
  core/reset_release_q_reg[1]/Q  (P)     CK->Q R     DFFRHQX1      16  3.2    80   264     264    (-,-) 
  core/drc_bufs5075/Y            -       A->Y  R     BUFX2         15  5.4    72   139     402    (-,-) 
  core/g6922__2883/Y             -       C0->Y F     OAI211X1       1  0.3   124   135     538    (-,-) 
  core/g6914/Y                   -       A->Y  R     INVX1          1  0.3    34    82     619    (-,-) 
  core/ack_rank_q_reg[8]/D       -       -     R     DFFHQX1        1    -     -     0     619    (-,-) 
#-------------------------------------------------------------------------------------------------------

(P) : Instance is preserved



Path 56: MET (9259 ps) Setup Check with Pin core/ack_rank_q_reg[7]/CK->D
          Group: clk
     Startpoint: (R) core/reset_release_q_reg[1]/CK
          Clock: (R) clk
       Endpoint: (R) core/ack_rank_q_reg[7]/D
          Clock: (R) clk

                     Capture       Launch     
        Clock Edge:+   10000            0     
       Src Latency:+       0            0     
       Net Latency:+       0 (I)        0 (I) 
           Arrival:=   10000            0     
                                              
             Setup:-     122                  
     Required Time:=    9878                  
      Launch Clock:-       0                  
         Data Path:-     619                  
             Slack:=    9259                  

#-------------------------------------------------------------------------------------------------------
#         Timing Point           Flags   Arc   Edge   Cell     Fanout Load Trans Delay Arrival Instance 
#                                                                     (fF)  (ps)  (ps)   (ps)  Location 
#-------------------------------------------------------------------------------------------------------
  core/reset_release_q_reg[1]/CK -       -     R     (arrival)     71    -     0     0       0    (-,-) 
  core/reset_release_q_reg[1]/Q  (P)     CK->Q R     DFFRHQX1      16  3.2    80   264     264    (-,-) 
  core/drc_bufs5075/Y            -       A->Y  R     BUFX2         15  5.4    72   139     402    (-,-) 
  core/g6920__9315/Y             -       C0->Y F     OAI211X1       1  0.3   124   135     538    (-,-) 
  core/g6912/Y                   -       A->Y  R     INVX1          1  0.3    34    82     619    (-,-) 
  core/ack_rank_q_reg[7]/D       -       -     R     DFFHQX1        1    -     -     0     619    (-,-) 
#-------------------------------------------------------------------------------------------------------

(P) : Instance is preserved



Path 57: MET (9259 ps) Setup Check with Pin core/ack_rank_q_reg[2]/CK->D
          Group: clk
     Startpoint: (R) core/reset_release_q_reg[1]/CK
          Clock: (R) clk
       Endpoint: (R) core/ack_rank_q_reg[2]/D
          Clock: (R) clk

                     Capture       Launch     
        Clock Edge:+   10000            0     
       Src Latency:+       0            0     
       Net Latency:+       0 (I)        0 (I) 
           Arrival:=   10000            0     
                                              
             Setup:-     122                  
     Required Time:=    9878                  
      Launch Clock:-       0                  
         Data Path:-     619                  
             Slack:=    9259                  

#-------------------------------------------------------------------------------------------------------
#         Timing Point           Flags   Arc   Edge   Cell     Fanout Load Trans Delay Arrival Instance 
#                                                                     (fF)  (ps)  (ps)   (ps)  Location 
#-------------------------------------------------------------------------------------------------------
  core/reset_release_q_reg[1]/CK -       -     R     (arrival)     71    -     0     0       0    (-,-) 
  core/reset_release_q_reg[1]/Q  (P)     CK->Q R     DFFRHQX1      16  3.2    80   264     264    (-,-) 
  core/drc_bufs5075/Y            -       A->Y  R     BUFX2         15  5.4    72   139     402    (-,-) 
  core/g6937__2398/Y             -       C0->Y F     OAI211X1       1  0.3   124   135     538    (-,-) 
  core/g6928/Y                   -       A->Y  R     INVX1          1  0.3    34    82     619    (-,-) 
  core/ack_rank_q_reg[2]/D       -       -     R     DFFHQX1        1    -     -     0     619    (-,-) 
#-------------------------------------------------------------------------------------------------------

(P) : Instance is preserved



Path 58: MET (9259 ps) Setup Check with Pin core/ack_rank_q_reg[0]/CK->D
          Group: clk
     Startpoint: (R) core/reset_release_q_reg[1]/CK
          Clock: (R) clk
       Endpoint: (R) core/ack_rank_q_reg[0]/D
          Clock: (R) clk

                     Capture       Launch     
        Clock Edge:+   10000            0     
       Src Latency:+       0            0     
       Net Latency:+       0 (I)        0 (I) 
           Arrival:=   10000            0     
                                              
             Setup:-     122                  
     Required Time:=    9878                  
      Launch Clock:-       0                  
         Data Path:-     619                  
             Slack:=    9259                  

#-------------------------------------------------------------------------------------------------------
#         Timing Point           Flags   Arc   Edge   Cell     Fanout Load Trans Delay Arrival Instance 
#                                                                     (fF)  (ps)  (ps)   (ps)  Location 
#-------------------------------------------------------------------------------------------------------
  core/reset_release_q_reg[1]/CK -       -     R     (arrival)     71    -     0     0       0    (-,-) 
  core/reset_release_q_reg[1]/Q  (P)     CK->Q R     DFFRHQX1      16  3.2    80   264     264    (-,-) 
  core/drc_bufs5075/Y            -       A->Y  R     BUFX2         15  5.4    72   139     402    (-,-) 
  core/g6918__4733/Y             -       C0->Y F     OAI211X1       1  0.3   124   135     538    (-,-) 
  core/g6910/Y                   -       A->Y  R     INVX1          1  0.3    34    82     619    (-,-) 
  core/ack_rank_q_reg[0]/D       -       -     R     DFFHQX1        1    -     -     0     619    (-,-) 
#-------------------------------------------------------------------------------------------------------

(P) : Instance is preserved



Path 59: MET (9651 ps) Setup Check with Pin core/reset_release_q_reg[1]/CK->D
          Group: clk
     Startpoint: (R) core/reset_release_q_reg[0]/CK
          Clock: (R) clk
       Endpoint: (R) core/reset_release_q_reg[1]/D
          Clock: (R) clk

                     Capture       Launch     
        Clock Edge:+   10000            0     
       Src Latency:+       0            0     
       Net Latency:+       0 (I)        0 (I) 
           Arrival:=   10000            0     
                                              
             Setup:-     118                  
     Required Time:=    9882                  
      Launch Clock:-       0                  
         Data Path:-     231                  
             Slack:=    9651                  

#-------------------------------------------------------------------------------------------------------
#         Timing Point           Flags   Arc   Edge   Cell     Fanout Load Trans Delay Arrival Instance 
#                                                                     (fF)  (ps)  (ps)   (ps)  Location 
#-------------------------------------------------------------------------------------------------------
  core/reset_release_q_reg[0]/CK -       -     R     (arrival)     71    -     0     0       0    (-,-) 
  core/reset_release_q_reg[0]/Q  (P)     CK->Q R     DFFRHQX1       1  0.3    20   231     231    (-,-) 
  core/reset_release_q_reg[1]/D  (P)     -     R     DFFRHQX1       1    -     -     0     231    (-,-) 
#-------------------------------------------------------------------------------------------------------

(P) : Instance is preserved



Path 60: MET (9721 ps) Setup Check with Pin core/req_sync_q_reg[15]/CK->D
          Group: clk
     Startpoint: (R) core/req_meta_q_reg[15]/CK
          Clock: (R) clk
       Endpoint: (R) core/req_sync_q_reg[15]/D
          Clock: (R) clk

                     Capture       Launch     
        Clock Edge:+   10000            0     
       Src Latency:+       0            0     
       Net Latency:+       0 (I)        0 (I) 
           Arrival:=   10000            0     
                                              
             Setup:-     115                  
     Required Time:=    9885                  
      Launch Clock:-       0                  
         Data Path:-     164                  
             Slack:=    9721                  

#---------------------------------------------------------------------------------------------------
#       Timing Point         Flags   Arc   Edge   Cell     Fanout Load Trans Delay Arrival Instance 
#                                                                 (fF)  (ps)  (ps)   (ps)  Location 
#---------------------------------------------------------------------------------------------------
  core/req_meta_q_reg[15]/CK -       -     R     (arrival)     71    -     0     0       0    (-,-) 
  core/req_meta_q_reg[15]/Q  (P)     CK->Q R     DFFQXL         1  0.3    21   164     164    (-,-) 
  core/req_sync_q_reg[15]/D  (P)     -     R     DFFHQX1        1    -     -     0     164    (-,-) 
#---------------------------------------------------------------------------------------------------

(P) : Instance is preserved



Path 61: MET (9721 ps) Setup Check with Pin core/req_sync_q_reg[14]/CK->D
          Group: clk
     Startpoint: (R) core/req_meta_q_reg[14]/CK
          Clock: (R) clk
       Endpoint: (R) core/req_sync_q_reg[14]/D
          Clock: (R) clk

                     Capture       Launch     
        Clock Edge:+   10000            0     
       Src Latency:+       0            0     
       Net Latency:+       0 (I)        0 (I) 
           Arrival:=   10000            0     
                                              
             Setup:-     115                  
     Required Time:=    9885                  
      Launch Clock:-       0                  
         Data Path:-     164                  
             Slack:=    9721                  

#---------------------------------------------------------------------------------------------------
#       Timing Point         Flags   Arc   Edge   Cell     Fanout Load Trans Delay Arrival Instance 
#                                                                 (fF)  (ps)  (ps)   (ps)  Location 
#---------------------------------------------------------------------------------------------------
  core/req_meta_q_reg[14]/CK -       -     R     (arrival)     71    -     0     0       0    (-,-) 
  core/req_meta_q_reg[14]/Q  (P)     CK->Q R     DFFQXL         1  0.3    21   164     164    (-,-) 
  core/req_sync_q_reg[14]/D  (P)     -     R     DFFHQX1        1    -     -     0     164    (-,-) 
#---------------------------------------------------------------------------------------------------

(P) : Instance is preserved



Path 62: MET (9721 ps) Setup Check with Pin core/req_sync_q_reg[13]/CK->D
          Group: clk
     Startpoint: (R) core/req_meta_q_reg[13]/CK
          Clock: (R) clk
       Endpoint: (R) core/req_sync_q_reg[13]/D
          Clock: (R) clk

                     Capture       Launch     
        Clock Edge:+   10000            0     
       Src Latency:+       0            0     
       Net Latency:+       0 (I)        0 (I) 
           Arrival:=   10000            0     
                                              
             Setup:-     115                  
     Required Time:=    9885                  
      Launch Clock:-       0                  
         Data Path:-     164                  
             Slack:=    9721                  

#---------------------------------------------------------------------------------------------------
#       Timing Point         Flags   Arc   Edge   Cell     Fanout Load Trans Delay Arrival Instance 
#                                                                 (fF)  (ps)  (ps)   (ps)  Location 
#---------------------------------------------------------------------------------------------------
  core/req_meta_q_reg[13]/CK -       -     R     (arrival)     71    -     0     0       0    (-,-) 
  core/req_meta_q_reg[13]/Q  (P)     CK->Q R     DFFQXL         1  0.3    21   164     164    (-,-) 
  core/req_sync_q_reg[13]/D  (P)     -     R     DFFHQX1        1    -     -     0     164    (-,-) 
#---------------------------------------------------------------------------------------------------

(P) : Instance is preserved



Path 63: MET (9721 ps) Setup Check with Pin core/req_sync_q_reg[12]/CK->D
          Group: clk
     Startpoint: (R) core/req_meta_q_reg[12]/CK
          Clock: (R) clk
       Endpoint: (R) core/req_sync_q_reg[12]/D
          Clock: (R) clk

                     Capture       Launch     
        Clock Edge:+   10000            0     
       Src Latency:+       0            0     
       Net Latency:+       0 (I)        0 (I) 
           Arrival:=   10000            0     
                                              
             Setup:-     115                  
     Required Time:=    9885                  
      Launch Clock:-       0                  
         Data Path:-     164                  
             Slack:=    9721                  

#---------------------------------------------------------------------------------------------------
#       Timing Point         Flags   Arc   Edge   Cell     Fanout Load Trans Delay Arrival Instance 
#                                                                 (fF)  (ps)  (ps)   (ps)  Location 
#---------------------------------------------------------------------------------------------------
  core/req_meta_q_reg[12]/CK -       -     R     (arrival)     71    -     0     0       0    (-,-) 
  core/req_meta_q_reg[12]/Q  (P)     CK->Q R     DFFQXL         1  0.3    21   164     164    (-,-) 
  core/req_sync_q_reg[12]/D  (P)     -     R     DFFHQX1        1    -     -     0     164    (-,-) 
#---------------------------------------------------------------------------------------------------

(P) : Instance is preserved



Path 64: MET (9721 ps) Setup Check with Pin core/req_sync_q_reg[11]/CK->D
          Group: clk
     Startpoint: (R) core/req_meta_q_reg[11]/CK
          Clock: (R) clk
       Endpoint: (R) core/req_sync_q_reg[11]/D
          Clock: (R) clk

                     Capture       Launch     
        Clock Edge:+   10000            0     
       Src Latency:+       0            0     
       Net Latency:+       0 (I)        0 (I) 
           Arrival:=   10000            0     
                                              
             Setup:-     115                  
     Required Time:=    9885                  
      Launch Clock:-       0                  
         Data Path:-     164                  
             Slack:=    9721                  

#---------------------------------------------------------------------------------------------------
#       Timing Point         Flags   Arc   Edge   Cell     Fanout Load Trans Delay Arrival Instance 
#                                                                 (fF)  (ps)  (ps)   (ps)  Location 
#---------------------------------------------------------------------------------------------------
  core/req_meta_q_reg[11]/CK -       -     R     (arrival)     71    -     0     0       0    (-,-) 
  core/req_meta_q_reg[11]/Q  (P)     CK->Q R     DFFQXL         1  0.3    21   164     164    (-,-) 
  core/req_sync_q_reg[11]/D  (P)     -     R     DFFHQX1        1    -     -     0     164    (-,-) 
#---------------------------------------------------------------------------------------------------

(P) : Instance is preserved



Path 65: MET (9721 ps) Setup Check with Pin core/req_sync_q_reg[10]/CK->D
          Group: clk
     Startpoint: (R) core/req_meta_q_reg[10]/CK
          Clock: (R) clk
       Endpoint: (R) core/req_sync_q_reg[10]/D
          Clock: (R) clk

                     Capture       Launch     
        Clock Edge:+   10000            0     
       Src Latency:+       0            0     
       Net Latency:+       0 (I)        0 (I) 
           Arrival:=   10000            0     
                                              
             Setup:-     115                  
     Required Time:=    9885                  
      Launch Clock:-       0                  
         Data Path:-     164                  
             Slack:=    9721                  

#---------------------------------------------------------------------------------------------------
#       Timing Point         Flags   Arc   Edge   Cell     Fanout Load Trans Delay Arrival Instance 
#                                                                 (fF)  (ps)  (ps)   (ps)  Location 
#---------------------------------------------------------------------------------------------------
  core/req_meta_q_reg[10]/CK -       -     R     (arrival)     71    -     0     0       0    (-,-) 
  core/req_meta_q_reg[10]/Q  (P)     CK->Q R     DFFQXL         1  0.3    21   164     164    (-,-) 
  core/req_sync_q_reg[10]/D  (P)     -     R     DFFHQX1        1    -     -     0     164    (-,-) 
#---------------------------------------------------------------------------------------------------

(P) : Instance is preserved



Path 66: MET (9721 ps) Setup Check with Pin core/req_sync_q_reg[9]/CK->D
          Group: clk
     Startpoint: (R) core/req_meta_q_reg[9]/CK
          Clock: (R) clk
       Endpoint: (R) core/req_sync_q_reg[9]/D
          Clock: (R) clk

                     Capture       Launch     
        Clock Edge:+   10000            0     
       Src Latency:+       0            0     
       Net Latency:+       0 (I)        0 (I) 
           Arrival:=   10000            0     
                                              
             Setup:-     115                  
     Required Time:=    9885                  
      Launch Clock:-       0                  
         Data Path:-     164                  
             Slack:=    9721                  

#--------------------------------------------------------------------------------------------------
#       Timing Point        Flags   Arc   Edge   Cell     Fanout Load Trans Delay Arrival Instance 
#                                                                (fF)  (ps)  (ps)   (ps)  Location 
#--------------------------------------------------------------------------------------------------
  core/req_meta_q_reg[9]/CK -       -     R     (arrival)     71    -     0     0       0    (-,-) 
  core/req_meta_q_reg[9]/Q  (P)     CK->Q R     DFFQXL         1  0.3    21   164     164    (-,-) 
  core/req_sync_q_reg[9]/D  (P)     -     R     DFFHQX1        1    -     -     0     164    (-,-) 
#--------------------------------------------------------------------------------------------------

(P) : Instance is preserved



Path 67: MET (9721 ps) Setup Check with Pin core/req_sync_q_reg[8]/CK->D
          Group: clk
     Startpoint: (R) core/req_meta_q_reg[8]/CK
          Clock: (R) clk
       Endpoint: (R) core/req_sync_q_reg[8]/D
          Clock: (R) clk

                     Capture       Launch     
        Clock Edge:+   10000            0     
       Src Latency:+       0            0     
       Net Latency:+       0 (I)        0 (I) 
           Arrival:=   10000            0     
                                              
             Setup:-     115                  
     Required Time:=    9885                  
      Launch Clock:-       0                  
         Data Path:-     164                  
             Slack:=    9721                  

#--------------------------------------------------------------------------------------------------
#       Timing Point        Flags   Arc   Edge   Cell     Fanout Load Trans Delay Arrival Instance 
#                                                                (fF)  (ps)  (ps)   (ps)  Location 
#--------------------------------------------------------------------------------------------------
  core/req_meta_q_reg[8]/CK -       -     R     (arrival)     71    -     0     0       0    (-,-) 
  core/req_meta_q_reg[8]/Q  (P)     CK->Q R     DFFQXL         1  0.3    21   164     164    (-,-) 
  core/req_sync_q_reg[8]/D  (P)     -     R     DFFHQX1        1    -     -     0     164    (-,-) 
#--------------------------------------------------------------------------------------------------

(P) : Instance is preserved



Path 68: MET (9721 ps) Setup Check with Pin core/req_sync_q_reg[6]/CK->D
          Group: clk
     Startpoint: (R) core/req_meta_q_reg[6]/CK
          Clock: (R) clk
       Endpoint: (R) core/req_sync_q_reg[6]/D
          Clock: (R) clk

                     Capture       Launch     
        Clock Edge:+   10000            0     
       Src Latency:+       0            0     
       Net Latency:+       0 (I)        0 (I) 
           Arrival:=   10000            0     
                                              
             Setup:-     115                  
     Required Time:=    9885                  
      Launch Clock:-       0                  
         Data Path:-     164                  
             Slack:=    9721                  

#--------------------------------------------------------------------------------------------------
#       Timing Point        Flags   Arc   Edge   Cell     Fanout Load Trans Delay Arrival Instance 
#                                                                (fF)  (ps)  (ps)   (ps)  Location 
#--------------------------------------------------------------------------------------------------
  core/req_meta_q_reg[6]/CK -       -     R     (arrival)     71    -     0     0       0    (-,-) 
  core/req_meta_q_reg[6]/Q  (P)     CK->Q R     DFFQXL         1  0.3    21   164     164    (-,-) 
  core/req_sync_q_reg[6]/D  (P)     -     R     DFFHQX1        1    -     -     0     164    (-,-) 
#--------------------------------------------------------------------------------------------------

(P) : Instance is preserved



Path 69: MET (9721 ps) Setup Check with Pin core/req_sync_q_reg[5]/CK->D
          Group: clk
     Startpoint: (R) core/req_meta_q_reg[5]/CK
          Clock: (R) clk
       Endpoint: (R) core/req_sync_q_reg[5]/D
          Clock: (R) clk

                     Capture       Launch     
        Clock Edge:+   10000            0     
       Src Latency:+       0            0     
       Net Latency:+       0 (I)        0 (I) 
           Arrival:=   10000            0     
                                              
             Setup:-     115                  
     Required Time:=    9885                  
      Launch Clock:-       0                  
         Data Path:-     164                  
             Slack:=    9721                  

#--------------------------------------------------------------------------------------------------
#       Timing Point        Flags   Arc   Edge   Cell     Fanout Load Trans Delay Arrival Instance 
#                                                                (fF)  (ps)  (ps)   (ps)  Location 
#--------------------------------------------------------------------------------------------------
  core/req_meta_q_reg[5]/CK -       -     R     (arrival)     71    -     0     0       0    (-,-) 
  core/req_meta_q_reg[5]/Q  (P)     CK->Q R     DFFQXL         1  0.3    21   164     164    (-,-) 
  core/req_sync_q_reg[5]/D  (P)     -     R     DFFHQX1        1    -     -     0     164    (-,-) 
#--------------------------------------------------------------------------------------------------

(P) : Instance is preserved



Path 70: MET (9721 ps) Setup Check with Pin core/req_sync_q_reg[4]/CK->D
          Group: clk
     Startpoint: (R) core/req_meta_q_reg[4]/CK
          Clock: (R) clk
       Endpoint: (R) core/req_sync_q_reg[4]/D
          Clock: (R) clk

                     Capture       Launch     
        Clock Edge:+   10000            0     
       Src Latency:+       0            0     
       Net Latency:+       0 (I)        0 (I) 
           Arrival:=   10000            0     
                                              
             Setup:-     115                  
     Required Time:=    9885                  
      Launch Clock:-       0                  
         Data Path:-     164                  
             Slack:=    9721                  

#--------------------------------------------------------------------------------------------------
#       Timing Point        Flags   Arc   Edge   Cell     Fanout Load Trans Delay Arrival Instance 
#                                                                (fF)  (ps)  (ps)   (ps)  Location 
#--------------------------------------------------------------------------------------------------
  core/req_meta_q_reg[4]/CK -       -     R     (arrival)     71    -     0     0       0    (-,-) 
  core/req_meta_q_reg[4]/Q  (P)     CK->Q R     DFFQXL         1  0.3    21   164     164    (-,-) 
  core/req_sync_q_reg[4]/D  (P)     -     R     DFFHQX1        1    -     -     0     164    (-,-) 
#--------------------------------------------------------------------------------------------------

(P) : Instance is preserved



Path 71: MET (9721 ps) Setup Check with Pin core/req_sync_q_reg[3]/CK->D
          Group: clk
     Startpoint: (R) core/req_meta_q_reg[3]/CK
          Clock: (R) clk
       Endpoint: (R) core/req_sync_q_reg[3]/D
          Clock: (R) clk

                     Capture       Launch     
        Clock Edge:+   10000            0     
       Src Latency:+       0            0     
       Net Latency:+       0 (I)        0 (I) 
           Arrival:=   10000            0     
                                              
             Setup:-     115                  
     Required Time:=    9885                  
      Launch Clock:-       0                  
         Data Path:-     164                  
             Slack:=    9721                  

#--------------------------------------------------------------------------------------------------
#       Timing Point        Flags   Arc   Edge   Cell     Fanout Load Trans Delay Arrival Instance 
#                                                                (fF)  (ps)  (ps)   (ps)  Location 
#--------------------------------------------------------------------------------------------------
  core/req_meta_q_reg[3]/CK -       -     R     (arrival)     71    -     0     0       0    (-,-) 
  core/req_meta_q_reg[3]/Q  (P)     CK->Q R     DFFQXL         1  0.3    21   164     164    (-,-) 
  core/req_sync_q_reg[3]/D  (P)     -     R     DFFHQX1        1    -     -     0     164    (-,-) 
#--------------------------------------------------------------------------------------------------

(P) : Instance is preserved



Path 72: MET (9721 ps) Setup Check with Pin core/req_sync_q_reg[2]/CK->D
          Group: clk
     Startpoint: (R) core/req_meta_q_reg[2]/CK
          Clock: (R) clk
       Endpoint: (R) core/req_sync_q_reg[2]/D
          Clock: (R) clk

                     Capture       Launch     
        Clock Edge:+   10000            0     
       Src Latency:+       0            0     
       Net Latency:+       0 (I)        0 (I) 
           Arrival:=   10000            0     
                                              
             Setup:-     115                  
     Required Time:=    9885                  
      Launch Clock:-       0                  
         Data Path:-     164                  
             Slack:=    9721                  

#--------------------------------------------------------------------------------------------------
#       Timing Point        Flags   Arc   Edge   Cell     Fanout Load Trans Delay Arrival Instance 
#                                                                (fF)  (ps)  (ps)   (ps)  Location 
#--------------------------------------------------------------------------------------------------
  core/req_meta_q_reg[2]/CK -       -     R     (arrival)     71    -     0     0       0    (-,-) 
  core/req_meta_q_reg[2]/Q  (P)     CK->Q R     DFFQXL         1  0.3    21   164     164    (-,-) 
  core/req_sync_q_reg[2]/D  (P)     -     R     DFFHQX1        1    -     -     0     164    (-,-) 
#--------------------------------------------------------------------------------------------------

(P) : Instance is preserved



Path 73: MET (9721 ps) Setup Check with Pin core/req_sync_q_reg[1]/CK->D
          Group: clk
     Startpoint: (R) core/req_meta_q_reg[1]/CK
          Clock: (R) clk
       Endpoint: (R) core/req_sync_q_reg[1]/D
          Clock: (R) clk

                     Capture       Launch     
        Clock Edge:+   10000            0     
       Src Latency:+       0            0     
       Net Latency:+       0 (I)        0 (I) 
           Arrival:=   10000            0     
                                              
             Setup:-     115                  
     Required Time:=    9885                  
      Launch Clock:-       0                  
         Data Path:-     164                  
             Slack:=    9721                  

#--------------------------------------------------------------------------------------------------
#       Timing Point        Flags   Arc   Edge   Cell     Fanout Load Trans Delay Arrival Instance 
#                                                                (fF)  (ps)  (ps)   (ps)  Location 
#--------------------------------------------------------------------------------------------------
  core/req_meta_q_reg[1]/CK -       -     R     (arrival)     71    -     0     0       0    (-,-) 
  core/req_meta_q_reg[1]/Q  (P)     CK->Q R     DFFQXL         1  0.3    21   164     164    (-,-) 
  core/req_sync_q_reg[1]/D  (P)     -     R     DFFHQX1        1    -     -     0     164    (-,-) 
#--------------------------------------------------------------------------------------------------

(P) : Instance is preserved



Path 74: MET (9721 ps) Setup Check with Pin core/req_sync_q_reg[0]/CK->D
          Group: clk
     Startpoint: (R) core/req_meta_q_reg[0]/CK
          Clock: (R) clk
       Endpoint: (R) core/req_sync_q_reg[0]/D
          Clock: (R) clk

                     Capture       Launch     
        Clock Edge:+   10000            0     
       Src Latency:+       0            0     
       Net Latency:+       0 (I)        0 (I) 
           Arrival:=   10000            0     
                                              
             Setup:-     115                  
     Required Time:=    9885                  
      Launch Clock:-       0                  
         Data Path:-     164                  
             Slack:=    9721                  

#--------------------------------------------------------------------------------------------------
#       Timing Point        Flags   Arc   Edge   Cell     Fanout Load Trans Delay Arrival Instance 
#                                                                (fF)  (ps)  (ps)   (ps)  Location 
#--------------------------------------------------------------------------------------------------
  core/req_meta_q_reg[0]/CK -       -     R     (arrival)     71    -     0     0       0    (-,-) 
  core/req_meta_q_reg[0]/Q  (P)     CK->Q R     DFFQXL         1  0.3    21   164     164    (-,-) 
  core/req_sync_q_reg[0]/D  (P)     -     R     DFFHQX1        1    -     -     0     164    (-,-) 
#--------------------------------------------------------------------------------------------------

(P) : Instance is preserved



Path 75: MET (9721 ps) Setup Check with Pin core/req_sync_q_reg[7]/CK->D
          Group: clk
     Startpoint: (R) core/req_meta_q_reg[7]/CK
          Clock: (R) clk
       Endpoint: (R) core/req_sync_q_reg[7]/D
          Clock: (R) clk

                     Capture       Launch     
        Clock Edge:+   10000            0     
       Src Latency:+       0            0     
       Net Latency:+       0 (I)        0 (I) 
           Arrival:=   10000            0     
                                              
             Setup:-     115                  
     Required Time:=    9885                  
      Launch Clock:-       0                  
         Data Path:-     164                  
             Slack:=    9721                  

#--------------------------------------------------------------------------------------------------
#       Timing Point        Flags   Arc   Edge   Cell     Fanout Load Trans Delay Arrival Instance 
#                                                                (fF)  (ps)  (ps)   (ps)  Location 
#--------------------------------------------------------------------------------------------------
  core/req_meta_q_reg[7]/CK -       -     R     (arrival)     71    -     0     0       0    (-,-) 
  core/req_meta_q_reg[7]/Q  (P)     CK->Q R     DFFQXL         1  0.3    21   164     164    (-,-) 
  core/req_sync_q_reg[7]/D  (P)     -     R     DFFHQX1        1    -     -     0     164    (-,-) 
#--------------------------------------------------------------------------------------------------

(P) : Instance is preserved

Some unconstrained paths have not been displayed.
Use -unconstrained or set the root attribute 'timing_report_unconstrained' to 'true' to see only these unconstrained paths.

