============================================================
  Generated by:           Genus(TM) Synthesis Solution 23.14-s090_1
  Generated on:           Aug 26 2026  05:30:51 pm
  Module:                 aer_pending_gray_rank_reuse_sync_core_reset
  Operating conditions:   PVT_0P9V_125C (balanced_tree)
  Wireload mode:          enclosed
  Area mode:              timing library
============================================================


Path 1: MET (7592 ps) Setup Check with Pin pending_rank_q_reg[5]/CK->D
          Group: clk
     Startpoint: (R) req_sync_q_reg[12]/CK
          Clock: (R) clk
       Endpoint: (R) pending_rank_q_reg[5]/D
          Clock: (R) clk

                     Capture       Launch     
        Clock Edge:+   10000            0     
       Src Latency:+       0            0     
       Net Latency:+       0 (I)        0 (I) 
           Arrival:=   10000            0     
                                              
             Setup:-     122                  
     Required Time:=    9878                  
      Launch Clock:-       0                  
         Data Path:-    2286                  
             Slack:=    7592                  

#------------------------------------------------------------------------------------------------
#      Timing Point       Flags   Arc   Edge   Cell     Fanout Load Trans Delay Arrival Instance 
#                                                              (fF)  (ps)  (ps)   (ps)  Location 
#------------------------------------------------------------------------------------------------
  req_sync_q_reg[12]/CK   -       -     R     (arrival)     52    -     0     0       0    (-,-) 
  req_sync_q_reg[12]/Q    (P)     CK->Q F     DFFQXL         2  0.6    40   193     193    (-,-) 
  g4663__1705/Y           -       AN->Y F     NOR2BX1        1  0.2    27    71     264    (-,-) 
  g4639__6131/Y           -       B->Y  F     OR2X1          3  0.9    39   109     373    (-,-) 
  g4629__8428/Y           -       A->Y  F     OR4X1          3  1.0    60   298     671    (-,-) 
  g5898/Y                 -       A->Y  R     INVX1          3  1.2    42    56     726    (-,-) 
  g5871__6260/Y           -       B1->Y F     OAI22X1        1  0.4    97    86     812    (-,-) 
  g5837__3680/Y           -       B0->Y R     OAI2BB1X1      1  0.4    40    74     887    (-,-) 
  g5812__8428/Y           -       A1->Y F     AOI22X1        1  0.4   103   104     990    (-,-) 
  g5807__5477/Y           -       A1->Y R     OAI22X1        6  2.4   175   160    1151    (-,-) 
  g5806/Y                 -       A->Y  F     INVX1          4  1.6    80   136    1287    (-,-) 
  g5800__2346/Y           -       A1->Y R     AOI22X1        1  0.4    79   107    1394    (-,-) 
  g5791__1881/Y           -       A0->Y F     OAI22X1        2  0.5   103   144    1538    (-,-) 
  g5785__5122/Y           -       C0->Y R     AOI221X1       1  0.4   105   127    1665    (-,-) 
  g5781__1617/Y           -       A2->Y F     OAI32X1        1  0.3   104   139    1804    (-,-) 
  g5777__8428/Y           -       B->Y  R     NOR2X1         5  1.6   105   117    1920    (-,-) 
  g5770__6417/Y           -       AN->Y R     NAND2BX1       4  1.6    72   121    2041    (-,-) 
  g5742__3680/Y           -       A0->Y F     OAI211X1       1  0.3   124   164    2204    (-,-) 
  g5734/Y                 -       A->Y  R     INVX1          1  0.3    34    82    2286    (-,-) 
  pending_rank_q_reg[5]/D -       -     R     DFFHQX1        1    -     -     0    2286    (-,-) 
#------------------------------------------------------------------------------------------------

(P) : Instance is preserved



Path 2: MET (7592 ps) Setup Check with Pin pending_rank_q_reg[3]/CK->D
          Group: clk
     Startpoint: (R) req_sync_q_reg[12]/CK
          Clock: (R) clk
       Endpoint: (R) pending_rank_q_reg[3]/D
          Clock: (R) clk

                     Capture       Launch     
        Clock Edge:+   10000            0     
       Src Latency:+       0            0     
       Net Latency:+       0 (I)        0 (I) 
           Arrival:=   10000            0     
                                              
             Setup:-     122                  
     Required Time:=    9878                  
      Launch Clock:-       0                  
         Data Path:-    2286                  
             Slack:=    7592                  

#------------------------------------------------------------------------------------------------
#      Timing Point       Flags   Arc   Edge   Cell     Fanout Load Trans Delay Arrival Instance 
#                                                              (fF)  (ps)  (ps)   (ps)  Location 
#------------------------------------------------------------------------------------------------
  req_sync_q_reg[12]/CK   -       -     R     (arrival)     52    -     0     0       0    (-,-) 
  req_sync_q_reg[12]/Q    (P)     CK->Q F     DFFQXL         2  0.6    40   193     193    (-,-) 
  g4663__1705/Y           -       AN->Y F     NOR2BX1        1  0.2    27    71     264    (-,-) 
  g4639__6131/Y           -       B->Y  F     OR2X1          3  0.9    39   109     373    (-,-) 
  g4629__8428/Y           -       A->Y  F     OR4X1          3  1.0    60   298     671    (-,-) 
  g5898/Y                 -       A->Y  R     INVX1          3  1.2    42    56     726    (-,-) 
  g5871__6260/Y           -       B1->Y F     OAI22X1        1  0.4    97    86     812    (-,-) 
  g5837__3680/Y           -       B0->Y R     OAI2BB1X1      1  0.4    40    74     887    (-,-) 
  g5812__8428/Y           -       A1->Y F     AOI22X1        1  0.4   103   104     990    (-,-) 
  g5807__5477/Y           -       A1->Y R     OAI22X1        6  2.4   175   160    1151    (-,-) 
  g5806/Y                 -       A->Y  F     INVX1          4  1.6    80   136    1287    (-,-) 
  g5800__2346/Y           -       A1->Y R     AOI22X1        1  0.4    79   107    1394    (-,-) 
  g5791__1881/Y           -       A0->Y F     OAI22X1        2  0.5   103   144    1538    (-,-) 
  g5785__5122/Y           -       C0->Y R     AOI221X1       1  0.4   105   127    1665    (-,-) 
  g5781__1617/Y           -       A2->Y F     OAI32X1        1  0.3   104   139    1804    (-,-) 
  g5777__8428/Y           -       B->Y  R     NOR2X1         5  1.6   105   117    1920    (-,-) 
  g5770__6417/Y           -       AN->Y R     NAND2BX1       4  1.6    72   121    2041    (-,-) 
  g5744__2802/Y           -       A0->Y F     OAI211X1       1  0.3   124   164    2204    (-,-) 
  g5736/Y                 -       A->Y  R     INVX1          1  0.3    34    82    2286    (-,-) 
  pending_rank_q_reg[3]/D -       -     R     DFFHQX1        1    -     -     0    2286    (-,-) 
#------------------------------------------------------------------------------------------------

(P) : Instance is preserved



Path 3: MET (7592 ps) Setup Check with Pin pending_rank_q_reg[1]/CK->D
          Group: clk
     Startpoint: (R) req_sync_q_reg[12]/CK
          Clock: (R) clk
       Endpoint: (R) pending_rank_q_reg[1]/D
          Clock: (R) clk

                     Capture       Launch     
        Clock Edge:+   10000            0     
       Src Latency:+       0            0     
       Net Latency:+       0 (I)        0 (I) 
           Arrival:=   10000            0     
                                              
             Setup:-     122                  
     Required Time:=    9878                  
      Launch Clock:-       0                  
         Data Path:-    2286                  
             Slack:=    7592                  

#------------------------------------------------------------------------------------------------
#      Timing Point       Flags   Arc   Edge   Cell     Fanout Load Trans Delay Arrival Instance 
#                                                              (fF)  (ps)  (ps)   (ps)  Location 
#------------------------------------------------------------------------------------------------
  req_sync_q_reg[12]/CK   -       -     R     (arrival)     52    -     0     0       0    (-,-) 
  req_sync_q_reg[12]/Q    (P)     CK->Q F     DFFQXL         2  0.6    40   193     193    (-,-) 
  g4663__1705/Y           -       AN->Y F     NOR2BX1        1  0.2    27    71     264    (-,-) 
  g4639__6131/Y           -       B->Y  F     OR2X1          3  0.9    39   109     373    (-,-) 
  g4629__8428/Y           -       A->Y  F     OR4X1          3  1.0    60   298     671    (-,-) 
  g5898/Y                 -       A->Y  R     INVX1          3  1.2    42    56     726    (-,-) 
  g5871__6260/Y           -       B1->Y F     OAI22X1        1  0.4    97    86     812    (-,-) 
  g5837__3680/Y           -       B0->Y R     OAI2BB1X1      1  0.4    40    74     887    (-,-) 
  g5812__8428/Y           -       A1->Y F     AOI22X1        1  0.4   103   104     990    (-,-) 
  g5807__5477/Y           -       A1->Y R     OAI22X1        6  2.4   175   160    1151    (-,-) 
  g5806/Y                 -       A->Y  F     INVX1          4  1.6    80   136    1287    (-,-) 
  g5800__2346/Y           -       A1->Y R     AOI22X1        1  0.4    79   107    1394    (-,-) 
  g5791__1881/Y           -       A0->Y F     OAI22X1        2  0.5   103   144    1538    (-,-) 
  g5785__5122/Y           -       C0->Y R     AOI221X1       1  0.4   105   127    1665    (-,-) 
  g5781__1617/Y           -       A2->Y F     OAI32X1        1  0.3   104   139    1804    (-,-) 
  g5777__8428/Y           -       B->Y  R     NOR2X1         5  1.6   105   117    1920    (-,-) 
  g5770__6417/Y           -       AN->Y R     NAND2BX1       4  1.6    72   121    2041    (-,-) 
  g5743__1617/Y           -       A0->Y F     OAI211X1       1  0.3   124   164    2204    (-,-) 
  g5735/Y                 -       A->Y  R     INVX1          1  0.3    34    82    2286    (-,-) 
  pending_rank_q_reg[1]/D -       -     R     DFFHQX1        1    -     -     0    2286    (-,-) 
#------------------------------------------------------------------------------------------------

(P) : Instance is preserved



Path 4: MET (7592 ps) Setup Check with Pin pending_rank_q_reg[7]/CK->D
          Group: clk
     Startpoint: (R) req_sync_q_reg[12]/CK
          Clock: (R) clk
       Endpoint: (R) pending_rank_q_reg[7]/D
          Clock: (R) clk

                     Capture       Launch     
        Clock Edge:+   10000            0     
       Src Latency:+       0            0     
       Net Latency:+       0 (I)        0 (I) 
           Arrival:=   10000            0     
                                              
             Setup:-     122                  
     Required Time:=    9878                  
      Launch Clock:-       0                  
         Data Path:-    2286                  
             Slack:=    7592                  

#------------------------------------------------------------------------------------------------
#      Timing Point       Flags   Arc   Edge   Cell     Fanout Load Trans Delay Arrival Instance 
#                                                              (fF)  (ps)  (ps)   (ps)  Location 
#------------------------------------------------------------------------------------------------
  req_sync_q_reg[12]/CK   -       -     R     (arrival)     52    -     0     0       0    (-,-) 
  req_sync_q_reg[12]/Q    (P)     CK->Q F     DFFQXL         2  0.6    40   193     193    (-,-) 
  g4663__1705/Y           -       AN->Y F     NOR2BX1        1  0.2    27    71     264    (-,-) 
  g4639__6131/Y           -       B->Y  F     OR2X1          3  0.9    39   109     373    (-,-) 
  g4629__8428/Y           -       A->Y  F     OR4X1          3  1.0    60   298     671    (-,-) 
  g5898/Y                 -       A->Y  R     INVX1          3  1.2    42    56     726    (-,-) 
  g5871__6260/Y           -       B1->Y F     OAI22X1        1  0.4    97    86     812    (-,-) 
  g5837__3680/Y           -       B0->Y R     OAI2BB1X1      1  0.4    40    74     887    (-,-) 
  g5812__8428/Y           -       A1->Y F     AOI22X1        1  0.4   103   104     990    (-,-) 
  g5807__5477/Y           -       A1->Y R     OAI22X1        6  2.4   175   160    1151    (-,-) 
  g5806/Y                 -       A->Y  F     INVX1          4  1.6    80   136    1287    (-,-) 
  g5800__2346/Y           -       A1->Y R     AOI22X1        1  0.4    79   107    1394    (-,-) 
  g5791__1881/Y           -       A0->Y F     OAI22X1        2  0.5   103   144    1538    (-,-) 
  g5785__5122/Y           -       C0->Y R     AOI221X1       1  0.4   105   127    1665    (-,-) 
  g5781__1617/Y           -       A2->Y F     OAI32X1        1  0.3   104   139    1804    (-,-) 
  g5777__8428/Y           -       B->Y  R     NOR2X1         5  1.6   105   117    1920    (-,-) 
  g5770__6417/Y           -       AN->Y R     NAND2BX1       4  1.6    72   121    2041    (-,-) 
  g5749__6131/Y           -       A0->Y F     OAI211X1       1  0.3   123   164    2204    (-,-) 
  g5741/Y                 -       A->Y  R     INVX1          1  0.3    34    81    2286    (-,-) 
  pending_rank_q_reg[7]/D -       -     R     DFFHQX1        1    -     -     0    2286    (-,-) 
#------------------------------------------------------------------------------------------------

(P) : Instance is preserved



Path 5: MET (7605 ps) Setup Check with Pin pending_rank_q_reg[15]/CK->D
          Group: clk
     Startpoint: (R) req_sync_q_reg[12]/CK
          Clock: (R) clk
       Endpoint: (R) pending_rank_q_reg[15]/D
          Clock: (R) clk

                     Capture       Launch     
        Clock Edge:+   10000            0     
       Src Latency:+       0            0     
       Net Latency:+       0 (I)        0 (I) 
           Arrival:=   10000            0     
                                              
             Setup:-     122                  
     Required Time:=    9878                  
      Launch Clock:-       0                  
         Data Path:-    2273                  
             Slack:=    7605                  

#-------------------------------------------------------------------------------------------------
#      Timing Point        Flags   Arc   Edge   Cell     Fanout Load Trans Delay Arrival Instance 
#                                                               (fF)  (ps)  (ps)   (ps)  Location 
#-------------------------------------------------------------------------------------------------
  req_sync_q_reg[12]/CK    -       -     R     (arrival)     52    -     0     0       0    (-,-) 
  req_sync_q_reg[12]/Q     (P)     CK->Q F     DFFQXL         2  0.6    40   193     193    (-,-) 
  g4663__1705/Y            -       AN->Y F     NOR2BX1        1  0.2    27    71     264    (-,-) 
  g4639__6131/Y            -       B->Y  F     OR2X1          3  0.9    39   109     373    (-,-) 
  g4629__8428/Y            -       A->Y  F     OR4X1          3  1.0    60   298     671    (-,-) 
  g5898/Y                  -       A->Y  R     INVX1          3  1.2    42    56     726    (-,-) 
  g5871__6260/Y            -       B1->Y F     OAI22X1        1  0.4    97    86     812    (-,-) 
  g5837__3680/Y            -       B0->Y R     OAI2BB1X1      1  0.4    40    74     887    (-,-) 
  g5812__8428/Y            -       A1->Y F     AOI22X1        1  0.4   103   104     990    (-,-) 
  g5807__5477/Y            -       A1->Y R     OAI22X1        6  2.4   175   160    1151    (-,-) 
  g5806/Y                  -       A->Y  F     INVX1          4  1.6    80   136    1287    (-,-) 
  g5800__2346/Y            -       A1->Y R     AOI22X1        1  0.4    79   107    1394    (-,-) 
  g5791__1881/Y            -       A0->Y F     OAI22X1        2  0.5   103   144    1538    (-,-) 
  g5785__5122/Y            -       C0->Y R     AOI221X1       1  0.4   105   127    1665    (-,-) 
  g5781__1617/Y            -       A2->Y F     OAI32X1        1  0.3   104   139    1804    (-,-) 
  g5777__8428/Y            -       B->Y  R     NOR2X1         5  1.6   105   117    1920    (-,-) 
  g5769__7410/Y            -       B->Y  R     OR2X1          4  1.6    46   121    2041    (-,-) 
  g5764__9945/Y            -       A0->Y F     OAI211X1       1  0.3   124   150    2191    (-,-) 
  g5756/Y                  -       A->Y  R     INVX1          1  0.3    34    82    2273    (-,-) 
  pending_rank_q_reg[15]/D -       -     R     DFFHQX1        1    -     -     0    2273    (-,-) 
#-------------------------------------------------------------------------------------------------

(P) : Instance is preserved



Path 6: MET (7605 ps) Setup Check with Pin pending_rank_q_reg[13]/CK->D
          Group: clk
     Startpoint: (R) req_sync_q_reg[12]/CK
          Clock: (R) clk
       Endpoint: (R) pending_rank_q_reg[13]/D
          Clock: (R) clk

                     Capture       Launch     
        Clock Edge:+   10000            0     
       Src Latency:+       0            0     
       Net Latency:+       0 (I)        0 (I) 
           Arrival:=   10000            0     
                                              
             Setup:-     122                  
     Required Time:=    9878                  
      Launch Clock:-       0                  
         Data Path:-    2273                  
             Slack:=    7605                  

#-------------------------------------------------------------------------------------------------
#      Timing Point        Flags   Arc   Edge   Cell     Fanout Load Trans Delay Arrival Instance 
#                                                               (fF)  (ps)  (ps)   (ps)  Location 
#-------------------------------------------------------------------------------------------------
  req_sync_q_reg[12]/CK    -       -     R     (arrival)     52    -     0     0       0    (-,-) 
  req_sync_q_reg[12]/Q     (P)     CK->Q F     DFFQXL         2  0.6    40   193     193    (-,-) 
  g4663__1705/Y            -       AN->Y F     NOR2BX1        1  0.2    27    71     264    (-,-) 
  g4639__6131/Y            -       B->Y  F     OR2X1          3  0.9    39   109     373    (-,-) 
  g4629__8428/Y            -       A->Y  F     OR4X1          3  1.0    60   298     671    (-,-) 
  g5898/Y                  -       A->Y  R     INVX1          3  1.2    42    56     726    (-,-) 
  g5871__6260/Y            -       B1->Y F     OAI22X1        1  0.4    97    86     812    (-,-) 
  g5837__3680/Y            -       B0->Y R     OAI2BB1X1      1  0.4    40    74     887    (-,-) 
  g5812__8428/Y            -       A1->Y F     AOI22X1        1  0.4   103   104     990    (-,-) 
  g5807__5477/Y            -       A1->Y R     OAI22X1        6  2.4   175   160    1151    (-,-) 
  g5806/Y                  -       A->Y  F     INVX1          4  1.6    80   136    1287    (-,-) 
  g5800__2346/Y            -       A1->Y R     AOI22X1        1  0.4    79   107    1394    (-,-) 
  g5791__1881/Y            -       A0->Y F     OAI22X1        2  0.5   103   144    1538    (-,-) 
  g5785__5122/Y            -       C0->Y R     AOI221X1       1  0.4   105   127    1665    (-,-) 
  g5781__1617/Y            -       A2->Y F     OAI32X1        1  0.3   104   139    1804    (-,-) 
  g5777__8428/Y            -       B->Y  R     NOR2X1         5  1.6   105   117    1920    (-,-) 
  g5769__7410/Y            -       B->Y  R     OR2X1          4  1.6    46   121    2041    (-,-) 
  g5763__9315/Y            -       A0->Y F     OAI211X1       1  0.3   124   150    2191    (-,-) 
  g5755/Y                  -       A->Y  R     INVX1          1  0.3    34    82    2273    (-,-) 
  pending_rank_q_reg[13]/D -       -     R     DFFHQX1        1    -     -     0    2273    (-,-) 
#-------------------------------------------------------------------------------------------------

(P) : Instance is preserved



Path 7: MET (7605 ps) Setup Check with Pin pending_rank_q_reg[11]/CK->D
          Group: clk
     Startpoint: (R) req_sync_q_reg[12]/CK
          Clock: (R) clk
       Endpoint: (R) pending_rank_q_reg[11]/D
          Clock: (R) clk

                     Capture       Launch     
        Clock Edge:+   10000            0     
       Src Latency:+       0            0     
       Net Latency:+       0 (I)        0 (I) 
           Arrival:=   10000            0     
                                              
             Setup:-     122                  
     Required Time:=    9878                  
      Launch Clock:-       0                  
         Data Path:-    2273                  
             Slack:=    7605                  

#-------------------------------------------------------------------------------------------------
#      Timing Point        Flags   Arc   Edge   Cell     Fanout Load Trans Delay Arrival Instance 
#                                                               (fF)  (ps)  (ps)   (ps)  Location 
#-------------------------------------------------------------------------------------------------
  req_sync_q_reg[12]/CK    -       -     R     (arrival)     52    -     0     0       0    (-,-) 
  req_sync_q_reg[12]/Q     (P)     CK->Q F     DFFQXL         2  0.6    40   193     193    (-,-) 
  g4663__1705/Y            -       AN->Y F     NOR2BX1        1  0.2    27    71     264    (-,-) 
  g4639__6131/Y            -       B->Y  F     OR2X1          3  0.9    39   109     373    (-,-) 
  g4629__8428/Y            -       A->Y  F     OR4X1          3  1.0    60   298     671    (-,-) 
  g5898/Y                  -       A->Y  R     INVX1          3  1.2    42    56     726    (-,-) 
  g5871__6260/Y            -       B1->Y F     OAI22X1        1  0.4    97    86     812    (-,-) 
  g5837__3680/Y            -       B0->Y R     OAI2BB1X1      1  0.4    40    74     887    (-,-) 
  g5812__8428/Y            -       A1->Y F     AOI22X1        1  0.4   103   104     990    (-,-) 
  g5807__5477/Y            -       A1->Y R     OAI22X1        6  2.4   175   160    1151    (-,-) 
  g5806/Y                  -       A->Y  F     INVX1          4  1.6    80   136    1287    (-,-) 
  g5800__2346/Y            -       A1->Y R     AOI22X1        1  0.4    79   107    1394    (-,-) 
  g5791__1881/Y            -       A0->Y F     OAI22X1        2  0.5   103   144    1538    (-,-) 
  g5785__5122/Y            -       C0->Y R     AOI221X1       1  0.4   105   127    1665    (-,-) 
  g5781__1617/Y            -       A2->Y F     OAI32X1        1  0.3   104   139    1804    (-,-) 
  g5777__8428/Y            -       B->Y  R     NOR2X1         5  1.6   105   117    1920    (-,-) 
  g5769__7410/Y            -       B->Y  R     OR2X1          4  1.6    46   121    2041    (-,-) 
  g5761__4733/Y            -       A0->Y F     OAI211X1       1  0.3   124   150    2191    (-,-) 
  g5753/Y                  -       A->Y  R     INVX1          1  0.3    34    82    2273    (-,-) 
  pending_rank_q_reg[11]/D -       -     R     DFFHQX1        1    -     -     0    2273    (-,-) 
#-------------------------------------------------------------------------------------------------

(P) : Instance is preserved



Path 8: MET (7605 ps) Setup Check with Pin pending_rank_q_reg[9]/CK->D
          Group: clk
     Startpoint: (R) req_sync_q_reg[12]/CK
          Clock: (R) clk
       Endpoint: (R) pending_rank_q_reg[9]/D
          Clock: (R) clk

                     Capture       Launch     
        Clock Edge:+   10000            0     
       Src Latency:+       0            0     
       Net Latency:+       0 (I)        0 (I) 
           Arrival:=   10000            0     
                                              
             Setup:-     122                  
     Required Time:=    9878                  
      Launch Clock:-       0                  
         Data Path:-    2273                  
             Slack:=    7605                  

#------------------------------------------------------------------------------------------------
#      Timing Point       Flags   Arc   Edge   Cell     Fanout Load Trans Delay Arrival Instance 
#                                                              (fF)  (ps)  (ps)   (ps)  Location 
#------------------------------------------------------------------------------------------------
  req_sync_q_reg[12]/CK   -       -     R     (arrival)     52    -     0     0       0    (-,-) 
  req_sync_q_reg[12]/Q    (P)     CK->Q F     DFFQXL         2  0.6    40   193     193    (-,-) 
  g4663__1705/Y           -       AN->Y F     NOR2BX1        1  0.2    27    71     264    (-,-) 
  g4639__6131/Y           -       B->Y  F     OR2X1          3  0.9    39   109     373    (-,-) 
  g4629__8428/Y           -       A->Y  F     OR4X1          3  1.0    60   298     671    (-,-) 
  g5898/Y                 -       A->Y  R     INVX1          3  1.2    42    56     726    (-,-) 
  g5871__6260/Y           -       B1->Y F     OAI22X1        1  0.4    97    86     812    (-,-) 
  g5837__3680/Y           -       B0->Y R     OAI2BB1X1      1  0.4    40    74     887    (-,-) 
  g5812__8428/Y           -       A1->Y F     AOI22X1        1  0.4   103   104     990    (-,-) 
  g5807__5477/Y           -       A1->Y R     OAI22X1        6  2.4   175   160    1151    (-,-) 
  g5806/Y                 -       A->Y  F     INVX1          4  1.6    80   136    1287    (-,-) 
  g5800__2346/Y           -       A1->Y R     AOI22X1        1  0.4    79   107    1394    (-,-) 
  g5791__1881/Y           -       A0->Y F     OAI22X1        2  0.5   103   144    1538    (-,-) 
  g5785__5122/Y           -       C0->Y R     AOI221X1       1  0.4   105   127    1665    (-,-) 
  g5781__1617/Y           -       A2->Y F     OAI32X1        1  0.3   104   139    1804    (-,-) 
  g5777__8428/Y           -       B->Y  R     NOR2X1         5  1.6   105   117    1920    (-,-) 
  g5769__7410/Y           -       B->Y  R     OR2X1          4  1.6    46   121    2041    (-,-) 
  g5759__5115/Y           -       A0->Y F     OAI211X1       1  0.3   124   150    2191    (-,-) 
  g5751/Y                 -       A->Y  R     INVX1          1  0.3    34    82    2273    (-,-) 
  pending_rank_q_reg[9]/D -       -     R     DFFHQX1        1    -     -     0    2273    (-,-) 
#------------------------------------------------------------------------------------------------

(P) : Instance is preserved



Path 9: MET (7688 ps) Setup Check with Pin pending_rank_q_reg[14]/CK->D
          Group: clk
     Startpoint: (R) req_sync_q_reg[12]/CK
          Clock: (R) clk
       Endpoint: (F) pending_rank_q_reg[14]/D
          Clock: (R) clk

                     Capture       Launch     
        Clock Edge:+   10000            0     
       Src Latency:+       0            0     
       Net Latency:+       0 (I)        0 (I) 
           Arrival:=   10000            0     
                                              
             Setup:-      66                  
     Required Time:=    9934                  
      Launch Clock:-       0                  
         Data Path:-    2246                  
             Slack:=    7688                  

#-------------------------------------------------------------------------------------------------
#      Timing Point        Flags   Arc   Edge   Cell     Fanout Load Trans Delay Arrival Instance 
#                                                               (fF)  (ps)  (ps)   (ps)  Location 
#-------------------------------------------------------------------------------------------------
  req_sync_q_reg[12]/CK    -       -     R     (arrival)     52    -     0     0       0    (-,-) 
  req_sync_q_reg[12]/Q     (P)     CK->Q F     DFFQXL         2  0.6    40   193     193    (-,-) 
  g4663__1705/Y            -       AN->Y F     NOR2BX1        1  0.2    27    71     264    (-,-) 
  g4639__6131/Y            -       B->Y  F     OR2X1          3  0.9    39   109     373    (-,-) 
  g4629__8428/Y            -       A->Y  F     OR4X1          3  1.0    60   298     671    (-,-) 
  g5898/Y                  -       A->Y  R     INVX1          3  1.2    42    56     726    (-,-) 
  g5871__6260/Y            -       B1->Y F     OAI22X1        1  0.4    97    86     812    (-,-) 
  g5837__3680/Y            -       B0->Y R     OAI2BB1X1      1  0.4    40    74     887    (-,-) 
  g5812__8428/Y            -       A1->Y F     AOI22X1        1  0.4   103   104     990    (-,-) 
  g5807__5477/Y            -       A1->Y R     OAI22X1        6  2.4   175   160    1151    (-,-) 
  g5806/Y                  -       A->Y  F     INVX1          4  1.6    80   136    1287    (-,-) 
  g5800__2346/Y            -       A1->Y R     AOI22X1        1  0.4    79   107    1394    (-,-) 
  g5791__1881/Y            -       A0->Y F     OAI22X1        2  0.5   103   144    1538    (-,-) 
  g5785__5122/Y            -       C0->Y R     AOI221X1       1  0.4   105   127    1665    (-,-) 
  g5781__1617/Y            -       A2->Y F     OAI32X1        1  0.3   104   139    1804    (-,-) 
  g5777__8428/Y            -       B->Y  R     NOR2X1         5  1.6   105   117    1920    (-,-) 
  g5771__5477/Y            -       B->Y  F     NAND2BX1       4  1.6   128   135    2055    (-,-) 
  g5765__2883/Y            -       A1->Y R     OAI211X1       1  0.4    84   126    2182    (-,-) 
  g5757/Y                  -       A->Y  F     INVX1          1  0.3    31    64    2246    (-,-) 
  pending_rank_q_reg[14]/D -       -     F     DFFHQX1        1    -     -     0    2246    (-,-) 
#-------------------------------------------------------------------------------------------------

(P) : Instance is preserved



Path 10: MET (7688 ps) Setup Check with Pin pending_rank_q_reg[12]/CK->D
          Group: clk
     Startpoint: (R) req_sync_q_reg[12]/CK
          Clock: (R) clk
       Endpoint: (F) pending_rank_q_reg[12]/D
          Clock: (R) clk

                     Capture       Launch     
        Clock Edge:+   10000            0     
       Src Latency:+       0            0     
       Net Latency:+       0 (I)        0 (I) 
           Arrival:=   10000            0     
                                              
             Setup:-      66                  
     Required Time:=    9934                  
      Launch Clock:-       0                  
         Data Path:-    2246                  
             Slack:=    7688                  

#-------------------------------------------------------------------------------------------------
#      Timing Point        Flags   Arc   Edge   Cell     Fanout Load Trans Delay Arrival Instance 
#                                                               (fF)  (ps)  (ps)   (ps)  Location 
#-------------------------------------------------------------------------------------------------
  req_sync_q_reg[12]/CK    -       -     R     (arrival)     52    -     0     0       0    (-,-) 
  req_sync_q_reg[12]/Q     (P)     CK->Q F     DFFQXL         2  0.6    40   193     193    (-,-) 
  g4663__1705/Y            -       AN->Y F     NOR2BX1        1  0.2    27    71     264    (-,-) 
  g4639__6131/Y            -       B->Y  F     OR2X1          3  0.9    39   109     373    (-,-) 
  g4629__8428/Y            -       A->Y  F     OR4X1          3  1.0    60   298     671    (-,-) 
  g5898/Y                  -       A->Y  R     INVX1          3  1.2    42    56     726    (-,-) 
  g5871__6260/Y            -       B1->Y F     OAI22X1        1  0.4    97    86     812    (-,-) 
  g5837__3680/Y            -       B0->Y R     OAI2BB1X1      1  0.4    40    74     887    (-,-) 
  g5812__8428/Y            -       A1->Y F     AOI22X1        1  0.4   103   104     990    (-,-) 
  g5807__5477/Y            -       A1->Y R     OAI22X1        6  2.4   175   160    1151    (-,-) 
  g5806/Y                  -       A->Y  F     INVX1          4  1.6    80   136    1287    (-,-) 
  g5800__2346/Y            -       A1->Y R     AOI22X1        1  0.4    79   107    1394    (-,-) 
  g5791__1881/Y            -       A0->Y F     OAI22X1        2  0.5   103   144    1538    (-,-) 
  g5785__5122/Y            -       C0->Y R     AOI221X1       1  0.4   105   127    1665    (-,-) 
  g5781__1617/Y            -       A2->Y F     OAI32X1        1  0.3   104   139    1804    (-,-) 
  g5777__8428/Y            -       B->Y  R     NOR2X1         5  1.6   105   117    1920    (-,-) 
  g5771__5477/Y            -       B->Y  F     NAND2BX1       4  1.6   128   135    2055    (-,-) 
  g5758__1881/Y            -       A1->Y R     OAI211X1       1  0.4    84   126    2182    (-,-) 
  g5750/Y                  -       A->Y  F     INVX1          1  0.3    31    64    2246    (-,-) 
  pending_rank_q_reg[12]/D -       -     F     DFFHQX1        1    -     -     0    2246    (-,-) 
#-------------------------------------------------------------------------------------------------

(P) : Instance is preserved



Path 11: MET (7688 ps) Setup Check with Pin pending_rank_q_reg[10]/CK->D
          Group: clk
     Startpoint: (R) req_sync_q_reg[12]/CK
          Clock: (R) clk
       Endpoint: (F) pending_rank_q_reg[10]/D
          Clock: (R) clk

                     Capture       Launch     
        Clock Edge:+   10000            0     
       Src Latency:+       0            0     
       Net Latency:+       0 (I)        0 (I) 
           Arrival:=   10000            0     
                                              
             Setup:-      66                  
     Required Time:=    9934                  
      Launch Clock:-       0                  
         Data Path:-    2246                  
             Slack:=    7688                  

#-------------------------------------------------------------------------------------------------
#      Timing Point        Flags   Arc   Edge   Cell     Fanout Load Trans Delay Arrival Instance 
#                                                               (fF)  (ps)  (ps)   (ps)  Location 
#-------------------------------------------------------------------------------------------------
  req_sync_q_reg[12]/CK    -       -     R     (arrival)     52    -     0     0       0    (-,-) 
  req_sync_q_reg[12]/Q     (P)     CK->Q F     DFFQXL         2  0.6    40   193     193    (-,-) 
  g4663__1705/Y            -       AN->Y F     NOR2BX1        1  0.2    27    71     264    (-,-) 
  g4639__6131/Y            -       B->Y  F     OR2X1          3  0.9    39   109     373    (-,-) 
  g4629__8428/Y            -       A->Y  F     OR4X1          3  1.0    60   298     671    (-,-) 
  g5898/Y                  -       A->Y  R     INVX1          3  1.2    42    56     726    (-,-) 
  g5871__6260/Y            -       B1->Y F     OAI22X1        1  0.4    97    86     812    (-,-) 
  g5837__3680/Y            -       B0->Y R     OAI2BB1X1      1  0.4    40    74     887    (-,-) 
  g5812__8428/Y            -       A1->Y F     AOI22X1        1  0.4   103   104     990    (-,-) 
  g5807__5477/Y            -       A1->Y R     OAI22X1        6  2.4   175   160    1151    (-,-) 
  g5806/Y                  -       A->Y  F     INVX1          4  1.6    80   136    1287    (-,-) 
  g5800__2346/Y            -       A1->Y R     AOI22X1        1  0.4    79   107    1394    (-,-) 
  g5791__1881/Y            -       A0->Y F     OAI22X1        2  0.5   103   144    1538    (-,-) 
  g5785__5122/Y            -       C0->Y R     AOI221X1       1  0.4   105   127    1665    (-,-) 
  g5781__1617/Y            -       A2->Y F     OAI32X1        1  0.3   104   139    1804    (-,-) 
  g5777__8428/Y            -       B->Y  R     NOR2X1         5  1.6   105   117    1920    (-,-) 
  g5771__5477/Y            -       B->Y  F     NAND2BX1       4  1.6   128   135    2055    (-,-) 
  g5760__7482/Y            -       A1->Y R     OAI211X1       1  0.4    84   126    2182    (-,-) 
  g5752/Y                  -       A->Y  F     INVX1          1  0.3    31    64    2246    (-,-) 
  pending_rank_q_reg[10]/D -       -     F     DFFHQX1        1    -     -     0    2246    (-,-) 
#-------------------------------------------------------------------------------------------------

(P) : Instance is preserved



Path 12: MET (7688 ps) Setup Check with Pin pending_rank_q_reg[8]/CK->D
          Group: clk
     Startpoint: (R) req_sync_q_reg[12]/CK
          Clock: (R) clk
       Endpoint: (F) pending_rank_q_reg[8]/D
          Clock: (R) clk

                     Capture       Launch     
        Clock Edge:+   10000            0     
       Src Latency:+       0            0     
       Net Latency:+       0 (I)        0 (I) 
           Arrival:=   10000            0     
                                              
             Setup:-      66                  
     Required Time:=    9934                  
      Launch Clock:-       0                  
         Data Path:-    2246                  
             Slack:=    7688                  

#------------------------------------------------------------------------------------------------
#      Timing Point       Flags   Arc   Edge   Cell     Fanout Load Trans Delay Arrival Instance 
#                                                              (fF)  (ps)  (ps)   (ps)  Location 
#------------------------------------------------------------------------------------------------
  req_sync_q_reg[12]/CK   -       -     R     (arrival)     52    -     0     0       0    (-,-) 
  req_sync_q_reg[12]/Q    (P)     CK->Q F     DFFQXL         2  0.6    40   193     193    (-,-) 
  g4663__1705/Y           -       AN->Y F     NOR2BX1        1  0.2    27    71     264    (-,-) 
  g4639__6131/Y           -       B->Y  F     OR2X1          3  0.9    39   109     373    (-,-) 
  g4629__8428/Y           -       A->Y  F     OR4X1          3  1.0    60   298     671    (-,-) 
  g5898/Y                 -       A->Y  R     INVX1          3  1.2    42    56     726    (-,-) 
  g5871__6260/Y           -       B1->Y F     OAI22X1        1  0.4    97    86     812    (-,-) 
  g5837__3680/Y           -       B0->Y R     OAI2BB1X1      1  0.4    40    74     887    (-,-) 
  g5812__8428/Y           -       A1->Y F     AOI22X1        1  0.4   103   104     990    (-,-) 
  g5807__5477/Y           -       A1->Y R     OAI22X1        6  2.4   175   160    1151    (-,-) 
  g5806/Y                 -       A->Y  F     INVX1          4  1.6    80   136    1287    (-,-) 
  g5800__2346/Y           -       A1->Y R     AOI22X1        1  0.4    79   107    1394    (-,-) 
  g5791__1881/Y           -       A0->Y F     OAI22X1        2  0.5   103   144    1538    (-,-) 
  g5785__5122/Y           -       C0->Y R     AOI221X1       1  0.4   105   127    1665    (-,-) 
  g5781__1617/Y           -       A2->Y F     OAI32X1        1  0.3   104   139    1804    (-,-) 
  g5777__8428/Y           -       B->Y  R     NOR2X1         5  1.6   105   117    1920    (-,-) 
  g5771__5477/Y           -       B->Y  F     NAND2BX1       4  1.6   128   135    2055    (-,-) 
  g5762__6161/Y           -       A1->Y R     OAI211X1       1  0.4    84   126    2182    (-,-) 
  g5754/Y                 -       A->Y  F     INVX1          1  0.3    31    64    2246    (-,-) 
  pending_rank_q_reg[8]/D -       -     F     DFFHQX1        1    -     -     0    2246    (-,-) 
#------------------------------------------------------------------------------------------------

(P) : Instance is preserved



Path 13: MET (7689 ps) Setup Check with Pin pending_rank_q_reg[6]/CK->D
          Group: clk
     Startpoint: (R) req_sync_q_reg[12]/CK
          Clock: (R) clk
       Endpoint: (F) pending_rank_q_reg[6]/D
          Clock: (R) clk

                     Capture       Launch     
        Clock Edge:+   10000            0     
       Src Latency:+       0            0     
       Net Latency:+       0 (I)        0 (I) 
           Arrival:=   10000            0     
                                              
             Setup:-      66                  
     Required Time:=    9934                  
      Launch Clock:-       0                  
         Data Path:-    2245                  
             Slack:=    7689                  

#------------------------------------------------------------------------------------------------
#      Timing Point       Flags   Arc   Edge   Cell     Fanout Load Trans Delay Arrival Instance 
#                                                              (fF)  (ps)  (ps)   (ps)  Location 
#------------------------------------------------------------------------------------------------
  req_sync_q_reg[12]/CK   -       -     R     (arrival)     52    -     0     0       0    (-,-) 
  req_sync_q_reg[12]/Q    (P)     CK->Q F     DFFQXL         2  0.6    40   193     193    (-,-) 
  g4663__1705/Y           -       AN->Y F     NOR2BX1        1  0.2    27    71     264    (-,-) 
  g4639__6131/Y           -       B->Y  F     OR2X1          3  0.9    39   109     373    (-,-) 
  g4629__8428/Y           -       A->Y  F     OR4X1          3  1.0    60   298     671    (-,-) 
  g5898/Y                 -       A->Y  R     INVX1          3  1.2    42    56     726    (-,-) 
  g5871__6260/Y           -       B1->Y F     OAI22X1        1  0.4    97    86     812    (-,-) 
  g5837__3680/Y           -       B0->Y R     OAI2BB1X1      1  0.4    40    74     887    (-,-) 
  g5812__8428/Y           -       A1->Y F     AOI22X1        1  0.4   103   104     990    (-,-) 
  g5807__5477/Y           -       A1->Y R     OAI22X1        6  2.4   175   160    1151    (-,-) 
  g5806/Y                 -       A->Y  F     INVX1          4  1.6    80   136    1287    (-,-) 
  g5800__2346/Y           -       A1->Y R     AOI22X1        1  0.4    79   107    1394    (-,-) 
  g5791__1881/Y           -       A0->Y F     OAI22X1        2  0.5   103   144    1538    (-,-) 
  g5785__5122/Y           -       C0->Y R     AOI221X1       1  0.4   105   127    1665    (-,-) 
  g5781__1617/Y           -       A2->Y F     OAI32X1        1  0.3   104   139    1804    (-,-) 
  g5777__8428/Y           -       B->Y  R     NOR2X1         5  1.6   105   117    1920    (-,-) 
  g5768__1666/Y           -       B->Y  F     NAND2X1        4  1.6   127   135    2055    (-,-) 
  g5748__7098/Y           -       A1->Y R     OAI211X1       1  0.4    84   126    2180    (-,-) 
  g5740/Y                 -       A->Y  F     INVX1          1  0.3    31    64    2245    (-,-) 
  pending_rank_q_reg[6]/D -       -     F     DFFHQX1        1    -     -     0    2245    (-,-) 
#------------------------------------------------------------------------------------------------

(P) : Instance is preserved



Path 14: MET (7689 ps) Setup Check with Pin pending_rank_q_reg[4]/CK->D
          Group: clk
     Startpoint: (R) req_sync_q_reg[12]/CK
          Clock: (R) clk
       Endpoint: (F) pending_rank_q_reg[4]/D
          Clock: (R) clk

                     Capture       Launch     
        Clock Edge:+   10000            0     
       Src Latency:+       0            0     
       Net Latency:+       0 (I)        0 (I) 
           Arrival:=   10000            0     
                                              
             Setup:-      66                  
     Required Time:=    9934                  
      Launch Clock:-       0                  
         Data Path:-    2245                  
             Slack:=    7689                  

#------------------------------------------------------------------------------------------------
#      Timing Point       Flags   Arc   Edge   Cell     Fanout Load Trans Delay Arrival Instance 
#                                                              (fF)  (ps)  (ps)   (ps)  Location 
#------------------------------------------------------------------------------------------------
  req_sync_q_reg[12]/CK   -       -     R     (arrival)     52    -     0     0       0    (-,-) 
  req_sync_q_reg[12]/Q    (P)     CK->Q F     DFFQXL         2  0.6    40   193     193    (-,-) 
  g4663__1705/Y           -       AN->Y F     NOR2BX1        1  0.2    27    71     264    (-,-) 
  g4639__6131/Y           -       B->Y  F     OR2X1          3  0.9    39   109     373    (-,-) 
  g4629__8428/Y           -       A->Y  F     OR4X1          3  1.0    60   298     671    (-,-) 
  g5898/Y                 -       A->Y  R     INVX1          3  1.2    42    56     726    (-,-) 
  g5871__6260/Y           -       B1->Y F     OAI22X1        1  0.4    97    86     812    (-,-) 
  g5837__3680/Y           -       B0->Y R     OAI2BB1X1      1  0.4    40    74     887    (-,-) 
  g5812__8428/Y           -       A1->Y F     AOI22X1        1  0.4   103   104     990    (-,-) 
  g5807__5477/Y           -       A1->Y R     OAI22X1        6  2.4   175   160    1151    (-,-) 
  g5806/Y                 -       A->Y  F     INVX1          4  1.6    80   136    1287    (-,-) 
  g5800__2346/Y           -       A1->Y R     AOI22X1        1  0.4    79   107    1394    (-,-) 
  g5791__1881/Y           -       A0->Y F     OAI22X1        2  0.5   103   144    1538    (-,-) 
  g5785__5122/Y           -       C0->Y R     AOI221X1       1  0.4   105   127    1665    (-,-) 
  g5781__1617/Y           -       A2->Y F     OAI32X1        1  0.3   104   139    1804    (-,-) 
  g5777__8428/Y           -       B->Y  R     NOR2X1         5  1.6   105   117    1920    (-,-) 
  g5768__1666/Y           -       B->Y  F     NAND2X1        4  1.6   127   135    2055    (-,-) 
  g5745__1705/Y           -       A1->Y R     OAI211X1       1  0.4    84   126    2180    (-,-) 
  g5737/Y                 -       A->Y  F     INVX1          1  0.3    31    64    2245    (-,-) 
  pending_rank_q_reg[4]/D -       -     F     DFFHQX1        1    -     -     0    2245    (-,-) 
#------------------------------------------------------------------------------------------------

(P) : Instance is preserved



Path 15: MET (7689 ps) Setup Check with Pin pending_rank_q_reg[2]/CK->D
          Group: clk
     Startpoint: (R) req_sync_q_reg[12]/CK
          Clock: (R) clk
       Endpoint: (F) pending_rank_q_reg[2]/D
          Clock: (R) clk

                     Capture       Launch     
        Clock Edge:+   10000            0     
       Src Latency:+       0            0     
       Net Latency:+       0 (I)        0 (I) 
           Arrival:=   10000            0     
                                              
             Setup:-      66                  
     Required Time:=    9934                  
      Launch Clock:-       0                  
         Data Path:-    2245                  
             Slack:=    7689                  

#------------------------------------------------------------------------------------------------
#      Timing Point       Flags   Arc   Edge   Cell     Fanout Load Trans Delay Arrival Instance 
#                                                              (fF)  (ps)  (ps)   (ps)  Location 
#------------------------------------------------------------------------------------------------
  req_sync_q_reg[12]/CK   -       -     R     (arrival)     52    -     0     0       0    (-,-) 
  req_sync_q_reg[12]/Q    (P)     CK->Q F     DFFQXL         2  0.6    40   193     193    (-,-) 
  g4663__1705/Y           -       AN->Y F     NOR2BX1        1  0.2    27    71     264    (-,-) 
  g4639__6131/Y           -       B->Y  F     OR2X1          3  0.9    39   109     373    (-,-) 
  g4629__8428/Y           -       A->Y  F     OR4X1          3  1.0    60   298     671    (-,-) 
  g5898/Y                 -       A->Y  R     INVX1          3  1.2    42    56     726    (-,-) 
  g5871__6260/Y           -       B1->Y F     OAI22X1        1  0.4    97    86     812    (-,-) 
  g5837__3680/Y           -       B0->Y R     OAI2BB1X1      1  0.4    40    74     887    (-,-) 
  g5812__8428/Y           -       A1->Y F     AOI22X1        1  0.4   103   104     990    (-,-) 
  g5807__5477/Y           -       A1->Y R     OAI22X1        6  2.4   175   160    1151    (-,-) 
  g5806/Y                 -       A->Y  F     INVX1          4  1.6    80   136    1287    (-,-) 
  g5800__2346/Y           -       A1->Y R     AOI22X1        1  0.4    79   107    1394    (-,-) 
  g5791__1881/Y           -       A0->Y F     OAI22X1        2  0.5   103   144    1538    (-,-) 
  g5785__5122/Y           -       C0->Y R     AOI221X1       1  0.4   105   127    1665    (-,-) 
  g5781__1617/Y           -       A2->Y F     OAI32X1        1  0.3   104   139    1804    (-,-) 
  g5777__8428/Y           -       B->Y  R     NOR2X1         5  1.6   105   117    1920    (-,-) 
  g5768__1666/Y           -       B->Y  F     NAND2X1        4  1.6   127   135    2055    (-,-) 
  g5746__5122/Y           -       A1->Y R     OAI211X1       1  0.4    84   126    2180    (-,-) 
  g5738/Y                 -       A->Y  F     INVX1          1  0.3    31    64    2245    (-,-) 
  pending_rank_q_reg[2]/D -       -     F     DFFHQX1        1    -     -     0    2245    (-,-) 
#------------------------------------------------------------------------------------------------

(P) : Instance is preserved



Path 16: MET (7689 ps) Setup Check with Pin pending_rank_q_reg[0]/CK->D
          Group: clk
     Startpoint: (R) req_sync_q_reg[12]/CK
          Clock: (R) clk
       Endpoint: (F) pending_rank_q_reg[0]/D
          Clock: (R) clk

                     Capture       Launch     
        Clock Edge:+   10000            0     
       Src Latency:+       0            0     
       Net Latency:+       0 (I)        0 (I) 
           Arrival:=   10000            0     
                                              
             Setup:-      66                  
     Required Time:=    9934                  
      Launch Clock:-       0                  
         Data Path:-    2245                  
             Slack:=    7689                  

#------------------------------------------------------------------------------------------------
#      Timing Point       Flags   Arc   Edge   Cell     Fanout Load Trans Delay Arrival Instance 
#                                                              (fF)  (ps)  (ps)   (ps)  Location 
#------------------------------------------------------------------------------------------------
  req_sync_q_reg[12]/CK   -       -     R     (arrival)     52    -     0     0       0    (-,-) 
  req_sync_q_reg[12]/Q    (P)     CK->Q F     DFFQXL         2  0.6    40   193     193    (-,-) 
  g4663__1705/Y           -       AN->Y F     NOR2BX1        1  0.2    27    71     264    (-,-) 
  g4639__6131/Y           -       B->Y  F     OR2X1          3  0.9    39   109     373    (-,-) 
  g4629__8428/Y           -       A->Y  F     OR4X1          3  1.0    60   298     671    (-,-) 
  g5898/Y                 -       A->Y  R     INVX1          3  1.2    42    56     726    (-,-) 
  g5871__6260/Y           -       B1->Y F     OAI22X1        1  0.4    97    86     812    (-,-) 
  g5837__3680/Y           -       B0->Y R     OAI2BB1X1      1  0.4    40    74     887    (-,-) 
  g5812__8428/Y           -       A1->Y F     AOI22X1        1  0.4   103   104     990    (-,-) 
  g5807__5477/Y           -       A1->Y R     OAI22X1        6  2.4   175   160    1151    (-,-) 
  g5806/Y                 -       A->Y  F     INVX1          4  1.6    80   136    1287    (-,-) 
  g5800__2346/Y           -       A1->Y R     AOI22X1        1  0.4    79   107    1394    (-,-) 
  g5791__1881/Y           -       A0->Y F     OAI22X1        2  0.5   103   144    1538    (-,-) 
  g5785__5122/Y           -       C0->Y R     AOI221X1       1  0.4   105   127    1665    (-,-) 
  g5781__1617/Y           -       A2->Y F     OAI32X1        1  0.3   104   139    1804    (-,-) 
  g5777__8428/Y           -       B->Y  R     NOR2X1         5  1.6   105   117    1920    (-,-) 
  g5768__1666/Y           -       B->Y  F     NAND2X1        4  1.6   127   135    2055    (-,-) 
  g5747__8246/Y           -       A1->Y R     OAI211X1       1  0.4    84   126    2180    (-,-) 
  g5739/Y                 -       A->Y  F     INVX1          1  0.3    31    64    2245    (-,-) 
  pending_rank_q_reg[0]/D -       -     F     DFFHQX1        1    -     -     0    2245    (-,-) 
#------------------------------------------------------------------------------------------------

(P) : Instance is preserved



Path 17: MET (7905 ps) Setup Check with Pin out_rank_q_reg[0]/CK->D
          Group: clk
     Startpoint: (R) req_sync_q_reg[12]/CK
          Clock: (R) clk
       Endpoint: (F) out_rank_q_reg[0]/D
          Clock: (R) clk

                     Capture       Launch     
        Clock Edge:+   10000            0     
       Src Latency:+       0            0     
       Net Latency:+       0 (I)        0 (I) 
           Arrival:=   10000            0     
                                              
             Setup:-      79                  
     Required Time:=    9921                  
      Launch Clock:-       0                  
         Data Path:-    2016                  
             Slack:=    7905                  

#----------------------------------------------------------------------------------------------
#     Timing Point      Flags   Arc   Edge   Cell     Fanout Load Trans Delay Arrival Instance 
#                                                            (fF)  (ps)  (ps)   (ps)  Location 
#----------------------------------------------------------------------------------------------
  req_sync_q_reg[12]/CK -       -     R     (arrival)     52    -     0     0       0    (-,-) 
  req_sync_q_reg[12]/Q  (P)     CK->Q F     DFFQXL         2  0.6    40   193     193    (-,-) 
  g4663__1705/Y         -       AN->Y F     NOR2BX1        1  0.2    27    71     264    (-,-) 
  g4639__6131/Y         -       B->Y  F     OR2X1          3  0.9    39   109     373    (-,-) 
  g4629__8428/Y         -       A->Y  F     OR4X1          3  1.0    60   298     671    (-,-) 
  g5898/Y               -       A->Y  R     INVX1          3  1.2    42    56     726    (-,-) 
  g5871__6260/Y         -       B1->Y F     OAI22X1        1  0.4    97    86     812    (-,-) 
  g5837__3680/Y         -       B0->Y R     OAI2BB1X1      1  0.4    40    74     887    (-,-) 
  g5812__8428/Y         -       A1->Y F     AOI22X1        1  0.4   103   104     990    (-,-) 
  g5807__5477/Y         -       A1->Y R     OAI22X1        6  2.4   175   160    1151    (-,-) 
  g5806/Y               -       A->Y  F     INVX1          4  1.6    80   136    1287    (-,-) 
  g5800__2346/Y         -       A1->Y R     AOI22X1        1  0.4    79   107    1394    (-,-) 
  g5791__1881/Y         -       A0->Y F     OAI22X1        2  0.5   103   144    1538    (-,-) 
  g5785__5122/Y         -       C0->Y R     AOI221X1       1  0.4   105   127    1665    (-,-) 
  g5781__1617/Y         -       A2->Y F     OAI32X1        1  0.3   104   139    1804    (-,-) 
  g5777__8428/Y         -       B->Y  R     NOR2X1         5  1.6   105   117    1920    (-,-) 
  g5767__2346/Y         -       B->Y  F     NAND2X1        1  0.3    60    96    2016    (-,-) 
  out_rank_q_reg[0]/D   -       -     F     DFFHQX1        1    -     -     0    2016    (-,-) 
#----------------------------------------------------------------------------------------------

(P) : Instance is preserved



Path 18: MET (8022 ps) Setup Check with Pin out_rank_q_reg[1]/CK->D
          Group: clk
     Startpoint: (R) req_sync_q_reg[12]/CK
          Clock: (R) clk
       Endpoint: (R) out_rank_q_reg[1]/D
          Clock: (R) clk

                     Capture       Launch     
        Clock Edge:+   10000            0     
       Src Latency:+       0            0     
       Net Latency:+       0 (I)        0 (I) 
           Arrival:=   10000            0     
                                              
             Setup:-     125                  
     Required Time:=    9875                  
      Launch Clock:-       0                  
         Data Path:-    1852                  
             Slack:=    8022                  

#----------------------------------------------------------------------------------------------
#     Timing Point      Flags   Arc   Edge   Cell     Fanout Load Trans Delay Arrival Instance 
#                                                            (fF)  (ps)  (ps)   (ps)  Location 
#----------------------------------------------------------------------------------------------
  req_sync_q_reg[12]/CK -       -     R     (arrival)     52    -     0     0       0    (-,-) 
  req_sync_q_reg[12]/Q  (P)     CK->Q F     DFFQXL         2  0.6    40   193     193    (-,-) 
  g4663__1705/Y         -       AN->Y F     NOR2BX1        1  0.2    27    71     264    (-,-) 
  g4639__6131/Y         -       B->Y  F     OR2X1          3  0.9    39   109     373    (-,-) 
  g4629__8428/Y         -       A->Y  F     OR4X1          3  1.0    60   298     671    (-,-) 
  g5898/Y               -       A->Y  R     INVX1          3  1.2    42    56     726    (-,-) 
  g5871__6260/Y         -       B1->Y F     OAI22X1        1  0.4    97    86     812    (-,-) 
  g5837__3680/Y         -       B0->Y R     OAI2BB1X1      1  0.4    40    74     887    (-,-) 
  g5812__8428/Y         -       A1->Y F     AOI22X1        1  0.4   103   104     990    (-,-) 
  g5807__5477/Y         -       A1->Y R     OAI22X1        6  2.4   175   160    1151    (-,-) 
  g5806/Y               -       A->Y  F     INVX1          4  1.6    80   136    1287    (-,-) 
  g5800__2346/Y         -       A1->Y R     AOI22X1        1  0.4    79   107    1394    (-,-) 
  g5791__1881/Y         -       A0->Y F     OAI22X1        2  0.5   103   144    1538    (-,-) 
  g5784__1705/Y         -       A->Y  F     OR2XL          1  0.4    33   136    1674    (-,-) 
  g5783__2802/Y         -       A1->Y R     AOI21X1        2  0.8    84    73    1746    (-,-) 
  g5782/Y               -       A->Y  F     INVX1          2  0.5    36    67    1814    (-,-) 
  g5780__3680/Y         -       B->Y  R     NAND2XL        1  0.3    42    39    1852    (-,-) 
  out_rank_q_reg[1]/D   -       -     R     DFFHQX1        1    -     -     0    1852    (-,-) 
#----------------------------------------------------------------------------------------------

(P) : Instance is preserved



Path 19: MET (8316 ps) Setup Check with Pin out_rank_q_reg[3]/CK->D
          Group: clk
     Startpoint: (R) req_sync_q_reg[0]/CK
          Clock: (R) clk
       Endpoint: (R) out_rank_q_reg[3]/D
          Clock: (R) clk

                     Capture       Launch     
        Clock Edge:+   10000            0     
       Src Latency:+       0            0     
       Net Latency:+       0 (I)        0 (I) 
           Arrival:=   10000            0     
                                              
             Setup:-     129                  
     Required Time:=    9871                  
      Launch Clock:-       0                  
         Data Path:-    1555                  
             Slack:=    8316                  

#---------------------------------------------------------------------------------------------
#    Timing Point      Flags   Arc   Edge   Cell     Fanout Load Trans Delay Arrival Instance 
#                                                           (fF)  (ps)  (ps)   (ps)  Location 
#---------------------------------------------------------------------------------------------
  req_sync_q_reg[0]/CK -       -     R     (arrival)     52    -     0     0       0    (-,-) 
  req_sync_q_reg[0]/Q  (P)     CK->Q F     DFFQXL         2  0.6    40   193     193    (-,-) 
  g4655__6260/Y        -       AN->Y F     NOR2BX1        1  0.2    27    71     264    (-,-) 
  g4637__8246/Y        -       B->Y  F     OR2X1          3  0.9    39   109     373    (-,-) 
  g4631__6783/Y        -       A->Y  F     OR4X1          4  1.2    64   301     673    (-,-) 
  g5876__6783/Y        -       B->Y  R     NAND2X1        2  0.6    48    54     728    (-,-) 
  g5836__6783/Y        -       C0->Y F     OAI211X1       1  0.4   131   128     856    (-,-) 
  g5811__4319/Y        -       A1->Y R     AOI21X1        1  0.4    51   114     969    (-,-) 
  g5805__6417/Y        -       A1->Y F     OAI22X1        1  0.2    87   101    1070    (-,-) 
  g5802__1666/Y        -       B->Y  F     OR2X1          6  2.1    69   150    1221    (-,-) 
  g5801/Y              -       A->Y  R     INVX1          6  2.4    68    75    1295    (-,-) 
  g5795__4733/Y        -       A1->Y F     AOI22X1        5  1.3   158   146    1442    (-,-) 
  g5790__6131/Y        -       B->Y  R     NAND2XL        1  0.3    48   114    1555    (-,-) 
  out_rank_q_reg[3]/D  -       -     R     DFFHQX1        1    -     -     0    1555    (-,-) 
#---------------------------------------------------------------------------------------------

(P) : Instance is preserved



Path 20: MET (8399 ps) Setup Check with Pin out_rank_q_reg[2]/CK->D
          Group: clk
     Startpoint: (R) req_sync_q_reg[12]/CK
          Clock: (R) clk
       Endpoint: (R) out_rank_q_reg[2]/D
          Clock: (R) clk

                     Capture       Launch     
        Clock Edge:+   10000            0     
       Src Latency:+       0            0     
       Net Latency:+       0 (I)        0 (I) 
           Arrival:=   10000            0     
                                              
             Setup:-     129                  
     Required Time:=    9871                  
      Launch Clock:-       0                  
         Data Path:-    1472                  
             Slack:=    8399                  

#----------------------------------------------------------------------------------------------
#     Timing Point      Flags   Arc   Edge   Cell     Fanout Load Trans Delay Arrival Instance 
#                                                            (fF)  (ps)  (ps)   (ps)  Location 
#----------------------------------------------------------------------------------------------
  req_sync_q_reg[12]/CK -       -     R     (arrival)     52    -     0     0       0    (-,-) 
  req_sync_q_reg[12]/Q  (P)     CK->Q F     DFFQXL         2  0.6    40   193     193    (-,-) 
  g4663__1705/Y         -       AN->Y F     NOR2BX1        1  0.2    27    71     264    (-,-) 
  g4639__6131/Y         -       B->Y  F     OR2X1          3  0.9    39   109     373    (-,-) 
  g4629__8428/Y         -       A->Y  F     OR4X1          3  1.0    60   298     671    (-,-) 
  g5898/Y               -       A->Y  R     INVX1          3  1.2    42    56     726    (-,-) 
  g5871__6260/Y         -       B1->Y F     OAI22X1        1  0.4    97    86     812    (-,-) 
  g5837__3680/Y         -       B0->Y R     OAI2BB1X1      1  0.4    40    74     887    (-,-) 
  g5812__8428/Y         -       A1->Y F     AOI22X1        1  0.4   103   104     990    (-,-) 
  g5807__5477/Y         -       A1->Y R     OAI22X1        6  2.4   175   160    1151    (-,-) 
  g5794__7482/Y         -       A1->Y F     AOI22X1        4  1.3   161   206    1357    (-,-) 
  g5789__7098/Y         -       B->Y  R     NAND2XL        1  0.3    49   116    1472    (-,-) 
  out_rank_q_reg[2]/D   -       -     R     DFFHQX1        1    -     -     0    1472    (-,-) 
#----------------------------------------------------------------------------------------------

(P) : Instance is preserved



Path 21: MET (8481 ps) Late External Delay Assertion at pin src_ack_async[2]
          Group: clk
     Startpoint: (R) reset_release_q_reg[1]/CK
          Clock: (R) clk
       Endpoint: (R) src_ack_async[2]
          Clock: (R) clk

                     Capture       Launch     
        Clock Edge:+   10000            0     
       Src Latency:+       0            0     
       Net Latency:+       0 (I)        0 (I) 
           Arrival:=   10000            0     
                                              
      Output Delay:-    1000                  
     Required Time:=    9000                  
      Launch Clock:-       0                  
         Data Path:-     519                  
             Slack:=    8481                  

Exceptions/Constraints:
  output_delay             1000            ou_del_13_1   

#--------------------------------------------------------------------------------------------------
#       Timing Point        Flags   Arc   Edge   Cell     Fanout Load Trans Delay Arrival Instance 
#                                                                (fF)  (ps)  (ps)   (ps)  Location 
#--------------------------------------------------------------------------------------------------
  reset_release_q_reg[1]/CK -       -     R     (arrival)     52    -     0     0       0    (-,-) 
  reset_release_q_reg[1]/Q  (P)     CK->Q R     DFFRHQX1      15  3.0    76   261     261    (-,-) 
  g4682/Y                   -       A->Y  R     BUFX2         14  4.8    66   133     394    (-,-) 
  g4677__1666/Y             -       A->Y  R     AND2XL         1  0.0    12   124     519    (-,-) 
  src_ack_async[2]          -       -     R     (port)         -    -     -     0     519    (-,-) 
#--------------------------------------------------------------------------------------------------

(P) : Instance is preserved



Path 22: MET (8481 ps) Late External Delay Assertion at pin src_ack_async[12]
          Group: clk
     Startpoint: (R) reset_release_q_reg[1]/CK
          Clock: (R) clk
       Endpoint: (R) src_ack_async[12]
          Clock: (R) clk

                     Capture       Launch     
        Clock Edge:+   10000            0     
       Src Latency:+       0            0     
       Net Latency:+       0 (I)        0 (I) 
           Arrival:=   10000            0     
                                              
      Output Delay:-    1000                  
     Required Time:=    9000                  
      Launch Clock:-       0                  
         Data Path:-     519                  
             Slack:=    8481                  

Exceptions/Constraints:
  output_delay             1000            ou_del_3_1   

#--------------------------------------------------------------------------------------------------
#       Timing Point        Flags   Arc   Edge   Cell     Fanout Load Trans Delay Arrival Instance 
#                                                                (fF)  (ps)  (ps)   (ps)  Location 
#--------------------------------------------------------------------------------------------------
  reset_release_q_reg[1]/CK -       -     R     (arrival)     52    -     0     0       0    (-,-) 
  reset_release_q_reg[1]/Q  (P)     CK->Q R     DFFRHQX1      15  3.0    76   261     261    (-,-) 
  g4682/Y                   -       A->Y  R     BUFX2         14  4.8    66   133     394    (-,-) 
  g4664__5122/Y             -       A->Y  R     AND2XL         1  0.0    12   124     519    (-,-) 
  src_ack_async[12]         -       -     R     (port)         -    -     -     0     519    (-,-) 
#--------------------------------------------------------------------------------------------------

(P) : Instance is preserved



Path 23: MET (8481 ps) Late External Delay Assertion at pin src_ack_async[13]
          Group: clk
     Startpoint: (R) reset_release_q_reg[1]/CK
          Clock: (R) clk
       Endpoint: (R) src_ack_async[13]
          Clock: (R) clk

                     Capture       Launch     
        Clock Edge:+   10000            0     
       Src Latency:+       0            0     
       Net Latency:+       0 (I)        0 (I) 
           Arrival:=   10000            0     
                                              
      Output Delay:-    1000                  
     Required Time:=    9000                  
      Launch Clock:-       0                  
         Data Path:-     519                  
             Slack:=    8481                  

Exceptions/Constraints:
  output_delay             1000            ou_del_2_1   

#--------------------------------------------------------------------------------------------------
#       Timing Point        Flags   Arc   Edge   Cell     Fanout Load Trans Delay Arrival Instance 
#                                                                (fF)  (ps)  (ps)   (ps)  Location 
#--------------------------------------------------------------------------------------------------
  reset_release_q_reg[1]/CK -       -     R     (arrival)     52    -     0     0       0    (-,-) 
  reset_release_q_reg[1]/Q  (P)     CK->Q R     DFFRHQX1      15  3.0    76   261     261    (-,-) 
  g4682/Y                   -       A->Y  R     BUFX2         14  4.8    66   133     394    (-,-) 
  g4665__8246/Y             -       A->Y  R     AND2XL         1  0.0    12   124     519    (-,-) 
  src_ack_async[13]         -       -     R     (port)         -    -     -     0     519    (-,-) 
#--------------------------------------------------------------------------------------------------

(P) : Instance is preserved



Path 24: MET (8578 ps) Late External Delay Assertion at pin out_addr[2]
          Group: clk
     Startpoint: (R) out_rank_q_reg[3]/CK
          Clock: (R) clk
       Endpoint: (R) out_addr[2]
          Clock: (R) clk

                     Capture       Launch     
        Clock Edge:+   10000            0     
       Src Latency:+       0            0     
       Net Latency:+       0 (I)        0 (I) 
           Arrival:=   10000            0     
                                              
      Output Delay:-    1000                  
     Required Time:=    9000                  
      Launch Clock:-       0                  
         Data Path:-     422                  
             Slack:=    8578                  

Exceptions/Constraints:
  output_delay             1000            ou_del_17_1   

#---------------------------------------------------------------------------------------------
#    Timing Point      Flags   Arc   Edge   Cell     Fanout Load Trans Delay Arrival Instance 
#                                                           (fF)  (ps)  (ps)   (ps)  Location 
#---------------------------------------------------------------------------------------------
  out_rank_q_reg[3]/CK -       -     R     (arrival)      4    -     0     0       0    (-,-) 
  out_rank_q_reg[3]/Q  -       CK->Q F     DFFHQX1        6  1.5    49   211     211    (-,-) 
  g4720__8428/Y        -       AN->Y F     NAND2BX1       3  1.1    98   122     333    (-,-) 
  g4693__5107/Y        -       A->Y  R     NAND2X1        5  1.6    64    89     422    (-,-) 
  out_addr[2]          -       -     R     (port)         -    -     -     0     422    (-,-) 
#---------------------------------------------------------------------------------------------



Path 25: MET (8593 ps) Clock Gating Setup Check at cgic pin RC_CG_HIER_INST1/RC_CGIC_INST/E
          Group: cg_enable_group_clk
     Startpoint: (F) out_ready
          Clock: (R) clk
       Endpoint: (F) RC_CG_HIER_INST1/RC_CGIC_INST/E
          Clock: (R) clk

                     Capture       Launch     
        Clock Edge:+   10000            0     
        Drv Adjust:+       0            0     
       Src Latency:+       0            0     
       Net Latency:+       0 (I)        0 (I) 
           Arrival:=   10000            0     
                                              
  Gate Check Setup:-     151                  
     Required Time:=    9849                  
      Launch Clock:-       0                  
       Input Delay:-    1000                  
         Data Path:-     256                  
             Slack:=    8593                  

Exceptions/Constraints:
  input_delay             1000            in_del   

#----------------------------------------------------------------------------------------------------------
#          Timing Point           Flags   Arc   Edge    Cell      Fanout Load Trans Delay Arrival Instance 
#                                                                        (fF)  (ps)  (ps)   (ps)  Location 
#----------------------------------------------------------------------------------------------------------
  out_ready                       -       -     F     (arrival)        1  0.2     0     0    1000    (-,-) 
  g4722__6783/Y                   -       AN->Y F     NAND2BX1         3  0.9    84    94    1094    (-,-) 
  g4625__5107/Y                   -       AN->Y F     NAND3BXL         1  0.2   112   161    1256    (-,-) 
  RC_CG_HIER_INST1/RC_CGIC_INST/E -       -     F     TLATNTSCAX2      1    -     -     0    1256    (-,-) 
#----------------------------------------------------------------------------------------------------------



Path 26: MET (8609 ps) Late External Delay Assertion at pin out_valid
          Group: clk
     Startpoint: (R) reset_release_q_reg[1]/CK
          Clock: (R) clk
       Endpoint: (R) out_valid
          Clock: (R) clk

                     Capture       Launch     
        Clock Edge:+   10000            0     
       Src Latency:+       0            0     
       Net Latency:+       0 (I)        0 (I) 
           Arrival:=   10000            0     
                                              
      Output Delay:-    1000                  
     Required Time:=    9000                  
      Launch Clock:-       0                  
         Data Path:-     391                  
             Slack:=    8609                  

Exceptions/Constraints:
  output_delay             1000            ou_del_20_1   

#--------------------------------------------------------------------------------------------------
#       Timing Point        Flags   Arc   Edge   Cell     Fanout Load Trans Delay Arrival Instance 
#                                                                (fF)  (ps)  (ps)   (ps)  Location 
#--------------------------------------------------------------------------------------------------
  reset_release_q_reg[1]/CK -       -     R     (arrival)     52    -     0     0       0    (-,-) 
  reset_release_q_reg[1]/Q  (P)     CK->Q R     DFFRHQX1      15  3.0    76   261     261    (-,-) 
  g4649__1666/Y             -       A->Y  R     AND2XL         1  0.0    12   129     391    (-,-) 
  out_valid                 -       -     R     (port)         -    -     -     0     391    (-,-) 
#--------------------------------------------------------------------------------------------------

(P) : Instance is preserved



Path 27: MET (8609 ps) Late External Delay Assertion at pin src_ack_async[0]
          Group: clk
     Startpoint: (R) reset_release_q_reg[1]/CK
          Clock: (R) clk
       Endpoint: (R) src_ack_async[0]
          Clock: (R) clk

                     Capture       Launch     
        Clock Edge:+   10000            0     
       Src Latency:+       0            0     
       Net Latency:+       0 (I)        0 (I) 
           Arrival:=   10000            0     
                                              
      Output Delay:-    1000                  
     Required Time:=    9000                  
      Launch Clock:-       0                  
         Data Path:-     391                  
             Slack:=    8609                  

Exceptions/Constraints:
  output_delay             1000            ou_del_15_1   

#--------------------------------------------------------------------------------------------------
#       Timing Point        Flags   Arc   Edge   Cell     Fanout Load Trans Delay Arrival Instance 
#                                                                (fF)  (ps)  (ps)   (ps)  Location 
#--------------------------------------------------------------------------------------------------
  reset_release_q_reg[1]/CK -       -     R     (arrival)     52    -     0     0       0    (-,-) 
  reset_release_q_reg[1]/Q  (P)     CK->Q R     DFFRHQX1      15  3.0    76   261     261    (-,-) 
  g4651__6417/Y             -       A->Y  R     AND2XL         1  0.0    12   129     391    (-,-) 
  src_ack_async[0]          -       -     R     (port)         -    -     -     0     391    (-,-) 
#--------------------------------------------------------------------------------------------------

(P) : Instance is preserved



Path 28: MET (8609 ps) Late External Delay Assertion at pin src_ack_async[1]
          Group: clk
     Startpoint: (R) reset_release_q_reg[1]/CK
          Clock: (R) clk
       Endpoint: (R) src_ack_async[1]
          Clock: (R) clk

                     Capture       Launch     
        Clock Edge:+   10000            0     
       Src Latency:+       0            0     
       Net Latency:+       0 (I)        0 (I) 
           Arrival:=   10000            0     
                                              
      Output Delay:-    1000                  
     Required Time:=    9000                  
      Launch Clock:-       0                  
         Data Path:-     391                  
             Slack:=    8609                  

Exceptions/Constraints:
  output_delay             1000            ou_del_14_1   

#--------------------------------------------------------------------------------------------------
#       Timing Point        Flags   Arc   Edge   Cell     Fanout Load Trans Delay Arrival Instance 
#                                                                (fF)  (ps)  (ps)   (ps)  Location 
#--------------------------------------------------------------------------------------------------
  reset_release_q_reg[1]/CK -       -     R     (arrival)     52    -     0     0       0    (-,-) 
  reset_release_q_reg[1]/Q  (P)     CK->Q R     DFFRHQX1      15  3.0    76   261     261    (-,-) 
  g4679__6417/Y             -       A->Y  R     AND2XL         1  0.0    12   129     391    (-,-) 
  src_ack_async[1]          -       -     R     (port)         -    -     -     0     391    (-,-) 
#--------------------------------------------------------------------------------------------------

(P) : Instance is preserved



Path 29: MET (8609 ps) Late External Delay Assertion at pin src_ack_async[3]
          Group: clk
     Startpoint: (R) reset_release_q_reg[1]/CK
          Clock: (R) clk
       Endpoint: (R) src_ack_async[3]
          Clock: (R) clk

                     Capture       Launch     
        Clock Edge:+   10000            0     
       Src Latency:+       0            0     
       Net Latency:+       0 (I)        0 (I) 
           Arrival:=   10000            0     
                                              
      Output Delay:-    1000                  
     Required Time:=    9000                  
      Launch Clock:-       0                  
         Data Path:-     391                  
             Slack:=    8609                  

Exceptions/Constraints:
  output_delay             1000            ou_del_12_1   

#--------------------------------------------------------------------------------------------------
#       Timing Point        Flags   Arc   Edge   Cell     Fanout Load Trans Delay Arrival Instance 
#                                                                (fF)  (ps)  (ps)   (ps)  Location 
#--------------------------------------------------------------------------------------------------
  reset_release_q_reg[1]/CK -       -     R     (arrival)     52    -     0     0       0    (-,-) 
  reset_release_q_reg[1]/Q  (P)     CK->Q R     DFFRHQX1      15  3.0    76   261     261    (-,-) 
  g4670__7482/Y             -       A->Y  R     AND2XL         1  0.0    12   129     391    (-,-) 
  src_ack_async[3]          -       -     R     (port)         -    -     -     0     391    (-,-) 
#--------------------------------------------------------------------------------------------------

(P) : Instance is preserved



Path 30: MET (8609 ps) Late External Delay Assertion at pin src_ack_async[4]
          Group: clk
     Startpoint: (R) reset_release_q_reg[1]/CK
          Clock: (R) clk
       Endpoint: (R) src_ack_async[4]
          Clock: (R) clk

                     Capture       Launch     
        Clock Edge:+   10000            0     
       Src Latency:+       0            0     
       Net Latency:+       0 (I)        0 (I) 
           Arrival:=   10000            0     
                                              
      Output Delay:-    1000                  
     Required Time:=    9000                  
      Launch Clock:-       0                  
         Data Path:-     391                  
             Slack:=    8609                  

Exceptions/Constraints:
  output_delay             1000            ou_del_11_1   

#--------------------------------------------------------------------------------------------------
#       Timing Point        Flags   Arc   Edge   Cell     Fanout Load Trans Delay Arrival Instance 
#                                                                (fF)  (ps)  (ps)   (ps)  Location 
#--------------------------------------------------------------------------------------------------
  reset_release_q_reg[1]/CK -       -     R     (arrival)     52    -     0     0       0    (-,-) 
  reset_release_q_reg[1]/Q  (P)     CK->Q R     DFFRHQX1      15  3.0    76   261     261    (-,-) 
  g4667__6131/Y             -       A->Y  R     AND2XL         1  0.0    12   129     391    (-,-) 
  src_ack_async[4]          -       -     R     (port)         -    -     -     0     391    (-,-) 
#--------------------------------------------------------------------------------------------------

(P) : Instance is preserved



Path 31: MET (8609 ps) Late External Delay Assertion at pin src_ack_async[5]
          Group: clk
     Startpoint: (R) reset_release_q_reg[1]/CK
          Clock: (R) clk
       Endpoint: (R) src_ack_async[5]
          Clock: (R) clk

                     Capture       Launch     
        Clock Edge:+   10000            0     
       Src Latency:+       0            0     
       Net Latency:+       0 (I)        0 (I) 
           Arrival:=   10000            0     
                                              
      Output Delay:-    1000                  
     Required Time:=    9000                  
      Launch Clock:-       0                  
         Data Path:-     391                  
             Slack:=    8609                  

Exceptions/Constraints:
  output_delay             1000            ou_del_10_1   

#--------------------------------------------------------------------------------------------------
#       Timing Point        Flags   Arc   Edge   Cell     Fanout Load Trans Delay Arrival Instance 
#                                                                (fF)  (ps)  (ps)   (ps)  Location 
#--------------------------------------------------------------------------------------------------
  reset_release_q_reg[1]/CK -       -     R     (arrival)     52    -     0     0       0    (-,-) 
  reset_release_q_reg[1]/Q  (P)     CK->Q R     DFFRHQX1      15  3.0    76   261     261    (-,-) 
  g4662__2802/Y             -       A->Y  R     AND2XL         1  0.0    12   129     391    (-,-) 
  src_ack_async[5]          -       -     R     (port)         -    -     -     0     391    (-,-) 
#--------------------------------------------------------------------------------------------------

(P) : Instance is preserved



Path 32: MET (8609 ps) Late External Delay Assertion at pin src_ack_async[6]
          Group: clk
     Startpoint: (R) reset_release_q_reg[1]/CK
          Clock: (R) clk
       Endpoint: (R) src_ack_async[6]
          Clock: (R) clk

                     Capture       Launch     
        Clock Edge:+   10000            0     
       Src Latency:+       0            0     
       Net Latency:+       0 (I)        0 (I) 
           Arrival:=   10000            0     
                                              
      Output Delay:-    1000                  
     Required Time:=    9000                  
      Launch Clock:-       0                  
         Data Path:-     391                  
             Slack:=    8609                  

Exceptions/Constraints:
  output_delay             1000            ou_del_9_1   

#--------------------------------------------------------------------------------------------------
#       Timing Point        Flags   Arc   Edge   Cell     Fanout Load Trans Delay Arrival Instance 
#                                                                (fF)  (ps)  (ps)   (ps)  Location 
#--------------------------------------------------------------------------------------------------
  reset_release_q_reg[1]/CK -       -     R     (arrival)     52    -     0     0       0    (-,-) 
  reset_release_q_reg[1]/Q  (P)     CK->Q R     DFFRHQX1      15  3.0    76   261     261    (-,-) 
  g4658__5526/Y             -       A->Y  R     AND2XL         1  0.0    12   129     391    (-,-) 
  src_ack_async[6]          -       -     R     (port)         -    -     -     0     391    (-,-) 
#--------------------------------------------------------------------------------------------------

(P) : Instance is preserved



Path 33: MET (8609 ps) Late External Delay Assertion at pin src_ack_async[7]
          Group: clk
     Startpoint: (R) reset_release_q_reg[1]/CK
          Clock: (R) clk
       Endpoint: (R) src_ack_async[7]
          Clock: (R) clk

                     Capture       Launch     
        Clock Edge:+   10000            0     
       Src Latency:+       0            0     
       Net Latency:+       0 (I)        0 (I) 
           Arrival:=   10000            0     
                                              
      Output Delay:-    1000                  
     Required Time:=    9000                  
      Launch Clock:-       0                  
         Data Path:-     391                  
             Slack:=    8609                  

Exceptions/Constraints:
  output_delay             1000            ou_del_8_1   

#--------------------------------------------------------------------------------------------------
#       Timing Point        Flags   Arc   Edge   Cell     Fanout Load Trans Delay Arrival Instance 
#                                                                (fF)  (ps)  (ps)   (ps)  Location 
#--------------------------------------------------------------------------------------------------
  reset_release_q_reg[1]/CK -       -     R     (arrival)     52    -     0     0       0    (-,-) 
  reset_release_q_reg[1]/Q  (P)     CK->Q R     DFFRHQX1      15  3.0    76   261     261    (-,-) 
  g4656__4319/Y             -       A->Y  R     AND2XL         1  0.0    12   129     391    (-,-) 
  src_ack_async[7]          -       -     R     (port)         -    -     -     0     391    (-,-) 
#--------------------------------------------------------------------------------------------------

(P) : Instance is preserved



Path 34: MET (8609 ps) Late External Delay Assertion at pin src_ack_async[8]
          Group: clk
     Startpoint: (R) reset_release_q_reg[1]/CK
          Clock: (R) clk
       Endpoint: (R) src_ack_async[8]
          Clock: (R) clk

                     Capture       Launch     
        Clock Edge:+   10000            0     
       Src Latency:+       0            0     
       Net Latency:+       0 (I)        0 (I) 
           Arrival:=   10000            0     
                                              
      Output Delay:-    1000                  
     Required Time:=    9000                  
      Launch Clock:-       0                  
         Data Path:-     391                  
             Slack:=    8609                  

Exceptions/Constraints:
  output_delay             1000            ou_del_7_1   

#--------------------------------------------------------------------------------------------------
#       Timing Point        Flags   Arc   Edge   Cell     Fanout Load Trans Delay Arrival Instance 
#                                                                (fF)  (ps)  (ps)   (ps)  Location 
#--------------------------------------------------------------------------------------------------
  reset_release_q_reg[1]/CK -       -     R     (arrival)     52    -     0     0       0    (-,-) 
  reset_release_q_reg[1]/Q  (P)     CK->Q R     DFFRHQX1      15  3.0    76   261     261    (-,-) 
  g4650__7410/Y             -       A->Y  R     AND2XL         1  0.0    12   129     391    (-,-) 
  src_ack_async[8]          -       -     R     (port)         -    -     -     0     391    (-,-) 
#--------------------------------------------------------------------------------------------------

(P) : Instance is preserved



Path 35: MET (8609 ps) Late External Delay Assertion at pin src_ack_async[9]
          Group: clk
     Startpoint: (R) reset_release_q_reg[1]/CK
          Clock: (R) clk
       Endpoint: (R) src_ack_async[9]
          Clock: (R) clk

                     Capture       Launch     
        Clock Edge:+   10000            0     
       Src Latency:+       0            0     
       Net Latency:+       0 (I)        0 (I) 
           Arrival:=   10000            0     
                                              
      Output Delay:-    1000                  
     Required Time:=    9000                  
      Launch Clock:-       0                  
         Data Path:-     391                  
             Slack:=    8609                  

Exceptions/Constraints:
  output_delay             1000            ou_del_6_1   

#--------------------------------------------------------------------------------------------------
#       Timing Point        Flags   Arc   Edge   Cell     Fanout Load Trans Delay Arrival Instance 
#                                                                (fF)  (ps)  (ps)   (ps)  Location 
#--------------------------------------------------------------------------------------------------
  reset_release_q_reg[1]/CK -       -     R     (arrival)     52    -     0     0       0    (-,-) 
  reset_release_q_reg[1]/Q  (P)     CK->Q R     DFFRHQX1      15  3.0    76   261     261    (-,-) 
  g4675__2883/Y             -       A->Y  R     AND2XL         1  0.0    12   129     391    (-,-) 
  src_ack_async[9]          -       -     R     (port)         -    -     -     0     391    (-,-) 
#--------------------------------------------------------------------------------------------------

(P) : Instance is preserved



Path 36: MET (8609 ps) Late External Delay Assertion at pin src_ack_async[10]
          Group: clk
     Startpoint: (R) reset_release_q_reg[1]/CK
          Clock: (R) clk
       Endpoint: (R) src_ack_async[10]
          Clock: (R) clk

                     Capture       Launch     
        Clock Edge:+   10000            0     
       Src Latency:+       0            0     
       Net Latency:+       0 (I)        0 (I) 
           Arrival:=   10000            0     
                                              
      Output Delay:-    1000                  
     Required Time:=    9000                  
      Launch Clock:-       0                  
         Data Path:-     391                  
             Slack:=    8609                  

Exceptions/Constraints:
  output_delay             1000            ou_del_5_1   

#--------------------------------------------------------------------------------------------------
#       Timing Point        Flags   Arc   Edge   Cell     Fanout Load Trans Delay Arrival Instance 
#                                                                (fF)  (ps)  (ps)   (ps)  Location 
#--------------------------------------------------------------------------------------------------
  reset_release_q_reg[1]/CK -       -     R     (arrival)     52    -     0     0       0    (-,-) 
  reset_release_q_reg[1]/Q  (P)     CK->Q R     DFFRHQX1      15  3.0    76   261     261    (-,-) 
  g4668__1881/Y             -       A->Y  R     AND2XL         1  0.0    12   129     391    (-,-) 
  src_ack_async[10]         -       -     R     (port)         -    -     -     0     391    (-,-) 
#--------------------------------------------------------------------------------------------------

(P) : Instance is preserved



Path 37: MET (8609 ps) Late External Delay Assertion at pin src_ack_async[11]
          Group: clk
     Startpoint: (R) reset_release_q_reg[1]/CK
          Clock: (R) clk
       Endpoint: (R) src_ack_async[11]
          Clock: (R) clk

                     Capture       Launch     
        Clock Edge:+   10000            0     
       Src Latency:+       0            0     
       Net Latency:+       0 (I)        0 (I) 
           Arrival:=   10000            0     
                                              
      Output Delay:-    1000                  
     Required Time:=    9000                  
      Launch Clock:-       0                  
         Data Path:-     391                  
             Slack:=    8609                  

Exceptions/Constraints:
  output_delay             1000            ou_del_4_1   

#--------------------------------------------------------------------------------------------------
#       Timing Point        Flags   Arc   Edge   Cell     Fanout Load Trans Delay Arrival Instance 
#                                                                (fF)  (ps)  (ps)   (ps)  Location 
#--------------------------------------------------------------------------------------------------
  reset_release_q_reg[1]/CK -       -     R     (arrival)     52    -     0     0       0    (-,-) 
  reset_release_q_reg[1]/Q  (P)     CK->Q R     DFFRHQX1      15  3.0    76   261     261    (-,-) 
  g4660__3680/Y             -       A->Y  R     AND2XL         1  0.0    12   129     391    (-,-) 
  src_ack_async[11]         -       -     R     (port)         -    -     -     0     391    (-,-) 
#--------------------------------------------------------------------------------------------------

(P) : Instance is preserved



Path 38: MET (8609 ps) Late External Delay Assertion at pin src_ack_async[14]
          Group: clk
     Startpoint: (R) reset_release_q_reg[1]/CK
          Clock: (R) clk
       Endpoint: (R) src_ack_async[14]
          Clock: (R) clk

                     Capture       Launch     
        Clock Edge:+   10000            0     
       Src Latency:+       0            0     
       Net Latency:+       0 (I)        0 (I) 
           Arrival:=   10000            0     
                                              
      Output Delay:-    1000                  
     Required Time:=    9000                  
      Launch Clock:-       0                  
         Data Path:-     391                  
             Slack:=    8609                  

Exceptions/Constraints:
  output_delay             1000            ou_del_1_1   

#--------------------------------------------------------------------------------------------------
#       Timing Point        Flags   Arc   Edge   Cell     Fanout Load Trans Delay Arrival Instance 
#                                                                (fF)  (ps)  (ps)   (ps)  Location 
#--------------------------------------------------------------------------------------------------
  reset_release_q_reg[1]/CK -       -     R     (arrival)     52    -     0     0       0    (-,-) 
  reset_release_q_reg[1]/Q  (P)     CK->Q R     DFFRHQX1      15  3.0    76   261     261    (-,-) 
  g4654__5107/Y             -       A->Y  R     AND2XL         1  0.0    12   129     391    (-,-) 
  src_ack_async[14]         -       -     R     (port)         -    -     -     0     391    (-,-) 
#--------------------------------------------------------------------------------------------------

(P) : Instance is preserved



Path 39: MET (8609 ps) Late External Delay Assertion at pin src_ack_async[15]
          Group: clk
     Startpoint: (R) reset_release_q_reg[1]/CK
          Clock: (R) clk
       Endpoint: (R) src_ack_async[15]
          Clock: (R) clk

                     Capture       Launch     
        Clock Edge:+   10000            0     
       Src Latency:+       0            0     
       Net Latency:+       0 (I)        0 (I) 
           Arrival:=   10000            0     
                                              
      Output Delay:-    1000                  
     Required Time:=    9000                  
      Launch Clock:-       0                  
         Data Path:-     391                  
             Slack:=    8609                  

Exceptions/Constraints:
  output_delay             1000            ou_del   

#--------------------------------------------------------------------------------------------------
#       Timing Point        Flags   Arc   Edge   Cell     Fanout Load Trans Delay Arrival Instance 
#                                                                (fF)  (ps)  (ps)   (ps)  Location 
#--------------------------------------------------------------------------------------------------
  reset_release_q_reg[1]/CK -       -     R     (arrival)     52    -     0     0       0    (-,-) 
  reset_release_q_reg[1]/Q  (P)     CK->Q R     DFFRHQX1      15  3.0    76   261     261    (-,-) 
  g4672__6161/Y             -       A->Y  R     AND2XL         1  0.0    12   129     391    (-,-) 
  src_ack_async[15]         -       -     R     (port)         -    -     -     0     391    (-,-) 
#--------------------------------------------------------------------------------------------------

(P) : Instance is preserved



Path 40: MET (8612 ps) Late External Delay Assertion at pin out_addr[1]
          Group: clk
     Startpoint: (R) out_rank_q_reg[1]/CK
          Clock: (R) clk
       Endpoint: (R) out_addr[1]
          Clock: (R) clk

                     Capture       Launch     
        Clock Edge:+   10000            0     
       Src Latency:+       0            0     
       Net Latency:+       0 (I)        0 (I) 
           Arrival:=   10000            0     
                                              
      Output Delay:-    1000                  
     Required Time:=    9000                  
      Launch Clock:-       0                  
         Data Path:-     388                  
             Slack:=    8612                  

Exceptions/Constraints:
  output_delay             1000            ou_del_18_1   

#---------------------------------------------------------------------------------------------
#    Timing Point      Flags   Arc   Edge   Cell     Fanout Load Trans Delay Arrival Instance 
#                                                           (fF)  (ps)  (ps)   (ps)  Location 
#---------------------------------------------------------------------------------------------
  out_rank_q_reg[1]/CK -       -     R     (arrival)      4    -     0     0       0    (-,-) 
  out_rank_q_reg[1]/Q  -       CK->Q F     DFFHQX1        5  1.5    49   211     211    (-,-) 
  g4694__6260/Y        -       A->Y  R     XOR2XL         1  0.0    15   177     388    (-,-) 
  out_addr[1]          -       -     R     (port)         -    -     -     0     388    (-,-) 
#---------------------------------------------------------------------------------------------



Path 41: MET (8631 ps) Late External Delay Assertion at pin out_addr[0]
          Group: clk
     Startpoint: (R) out_rank_q_reg[0]/CK
          Clock: (R) clk
       Endpoint: (R) out_addr[0]
          Clock: (R) clk

                     Capture       Launch     
        Clock Edge:+   10000            0     
       Src Latency:+       0            0     
       Net Latency:+       0 (I)        0 (I) 
           Arrival:=   10000            0     
                                              
      Output Delay:-    1000                  
     Required Time:=    9000                  
      Launch Clock:-       0                  
         Data Path:-     369                  
             Slack:=    8631                  

Exceptions/Constraints:
  output_delay             1000            ou_del_19_1   

#---------------------------------------------------------------------------------------------
#    Timing Point      Flags   Arc   Edge   Cell     Fanout Load Trans Delay Arrival Instance 
#                                                           (fF)  (ps)  (ps)   (ps)  Location 
#---------------------------------------------------------------------------------------------
  out_rank_q_reg[0]/CK -       -     R     (arrival)      4    -     0     0       0    (-,-) 
  out_rank_q_reg[0]/Q  -       CK->Q F     DFFHQX1        3  0.7    30   200     200    (-,-) 
  g4695__4319/Y        -       A->Y  R     XOR2XL         1  0.0    15   168     369    (-,-) 
  out_addr[0]          -       -     R     (port)         -    -     -     0     369    (-,-) 
#---------------------------------------------------------------------------------------------



Path 42: MET (8645 ps) Clock Gating Setup Check at cgic pin RC_CG_HIER_INST0/RC_CGIC_INST/E
          Group: cg_enable_group_clk
     Startpoint: (F) out_ready
          Clock: (R) clk
       Endpoint: (F) RC_CG_HIER_INST0/RC_CGIC_INST/E
          Clock: (R) clk

                     Capture       Launch     
        Clock Edge:+   10000            0     
        Drv Adjust:+       0            0     
       Src Latency:+       0            0     
       Net Latency:+       0 (I)        0 (I) 
           Arrival:=   10000            0     
                                              
  Gate Check Setup:-     124                  
     Required Time:=    9876                  
      Launch Clock:-       0                  
       Input Delay:-    1000                  
         Data Path:-     230                  
             Slack:=    8645                  

Exceptions/Constraints:
  input_delay             1000            in_del   

#----------------------------------------------------------------------------------------------------------
#          Timing Point           Flags   Arc   Edge    Cell      Fanout Load Trans Delay Arrival Instance 
#                                                                        (fF)  (ps)  (ps)   (ps)  Location 
#----------------------------------------------------------------------------------------------------------
  out_ready                       -       -     F     (arrival)        1  0.2     0     0    1000    (-,-) 
  g4722__6783/Y                   -       AN->Y F     NAND2BX1         3  0.9    84    94    1094    (-,-) 
  g2/Y                            -       B->Y  R     NAND2BX1         3  1.2    51    72    1167    (-,-) 
  g4624__2398/Y                   -       B->Y  F     NAND2X1          1  0.2    49    63    1230    (-,-) 
  RC_CG_HIER_INST0/RC_CGIC_INST/E -       -     F     TLATNTSCAX2      1    -     -     0    1230    (-,-) 
#----------------------------------------------------------------------------------------------------------



Path 43: MET (8681 ps) Setup Check with Pin out_valid_q_reg/CK->D
          Group: clk
     Startpoint: (F) out_ready
          Clock: (R) clk
       Endpoint: (R) out_valid_q_reg/D
          Clock: (R) clk

                     Capture       Launch     
        Clock Edge:+   10000            0     
        Drv Adjust:+       0            0     
       Src Latency:+       0            0     
       Net Latency:+       0 (I)        0 (I) 
           Arrival:=   10000            0     
                                              
             Setup:-     129                  
     Required Time:=    9871                  
      Launch Clock:-       0                  
       Input Delay:-    1000                  
         Data Path:-     190                  
             Slack:=    8681                  

Exceptions/Constraints:
  input_delay             1000            in_del   

#------------------------------------------------------------------------------------------
#   Timing Point    Flags   Arc   Edge   Cell     Fanout Load Trans Delay Arrival Instance 
#                                                        (fF)  (ps)  (ps)   (ps)  Location 
#------------------------------------------------------------------------------------------
  out_ready         -       -     F     (arrival)      1  0.2     0     0    1000    (-,-) 
  g4722__6783/Y     -       AN->Y F     NAND2BX1       3  0.9    84    94    1094    (-,-) 
  g5867__6417/Y     -       A0->Y R     AOI21X1        1  0.3    50    95    1190    (-,-) 
  out_valid_q_reg/D -       -     R     DFFHQX1        1    -     -     0    1190    (-,-) 
#------------------------------------------------------------------------------------------



Path 44: MET (8789 ps) Late External Delay Assertion at pin out_addr[3]
          Group: clk
     Startpoint: (R) out_rank_q_reg[3]/CK
          Clock: (R) clk
       Endpoint: (F) out_addr[3]
          Clock: (R) clk

                     Capture       Launch     
        Clock Edge:+   10000            0     
       Src Latency:+       0            0     
       Net Latency:+       0 (I)        0 (I) 
           Arrival:=   10000            0     
                                              
      Output Delay:-    1000                  
     Required Time:=    9000                  
      Launch Clock:-       0                  
         Data Path:-     211                  
             Slack:=    8789                  

Exceptions/Constraints:
  output_delay             1000            ou_del_16_1   

#---------------------------------------------------------------------------------------------
#    Timing Point      Flags   Arc   Edge   Cell     Fanout Load Trans Delay Arrival Instance 
#                                                           (fF)  (ps)  (ps)   (ps)  Location 
#---------------------------------------------------------------------------------------------
  out_rank_q_reg[3]/CK -       -     R     (arrival)      4    -     0     0       0    (-,-) 
  out_rank_q_reg[3]/Q  -       CK->Q F     DFFHQX1        6  1.5    49   211     211    (-,-) 
  out_addr[3]          -       -     F     (port)         -    -     -     0     211    (-,-) 
#---------------------------------------------------------------------------------------------



Path 45: MET (9114 ps) Setup Check with Pin ack_rank_q_reg[14]/CK->D
          Group: clk
     Startpoint: (R) reset_release_q_reg[1]/CK
          Clock: (R) clk
       Endpoint: (R) ack_rank_q_reg[14]/D
          Clock: (R) clk

                     Capture       Launch     
        Clock Edge:+   10000            0     
       Src Latency:+       0            0     
       Net Latency:+       0 (I)        0 (I) 
           Arrival:=   10000            0     
                                              
             Setup:-     122                  
     Required Time:=    9878                  
      Launch Clock:-       0                  
         Data Path:-     764                  
             Slack:=    9114                  

#--------------------------------------------------------------------------------------------------
#       Timing Point        Flags   Arc   Edge   Cell     Fanout Load Trans Delay Arrival Instance 
#                                                                (fF)  (ps)  (ps)   (ps)  Location 
#--------------------------------------------------------------------------------------------------
  reset_release_q_reg[1]/CK -       -     R     (arrival)     52    -     0     0       0    (-,-) 
  reset_release_q_reg[1]/Q  (P)     CK->Q R     DFFRHQX1      15  3.0    76   261     261    (-,-) 
  g4682/Y                   -       A->Y  R     BUFX2         14  4.8    66   133     394    (-,-) 
  drc_bufs5904/Y            -       A->Y  F     INVX1          4  1.2    50    65     460    (-,-) 
  drc_bufs5901/Y            -       A->Y  R     INVX1          9  3.6    89    78     538    (-,-) 
  g5866__7410/Y             -       C0->Y F     OAI211X1       1  0.3   124   144     682    (-,-) 
  g5855/Y                   -       A->Y  R     INVX1          1  0.3    34    82     764    (-,-) 
  ack_rank_q_reg[14]/D      -       -     R     DFFHQX1        1    -     -     0     764    (-,-) 
#--------------------------------------------------------------------------------------------------

(P) : Instance is preserved



Path 46: MET (9114 ps) Setup Check with Pin ack_rank_q_reg[13]/CK->D
          Group: clk
     Startpoint: (R) reset_release_q_reg[1]/CK
          Clock: (R) clk
       Endpoint: (R) ack_rank_q_reg[13]/D
          Clock: (R) clk

                     Capture       Launch     
        Clock Edge:+   10000            0     
       Src Latency:+       0            0     
       Net Latency:+       0 (I)        0 (I) 
           Arrival:=   10000            0     
                                              
             Setup:-     122                  
     Required Time:=    9878                  
      Launch Clock:-       0                  
         Data Path:-     764                  
             Slack:=    9114                  

#--------------------------------------------------------------------------------------------------
#       Timing Point        Flags   Arc   Edge   Cell     Fanout Load Trans Delay Arrival Instance 
#                                                                (fF)  (ps)  (ps)   (ps)  Location 
#--------------------------------------------------------------------------------------------------
  reset_release_q_reg[1]/CK -       -     R     (arrival)     52    -     0     0       0    (-,-) 
  reset_release_q_reg[1]/Q  (P)     CK->Q R     DFFRHQX1      15  3.0    76   261     261    (-,-) 
  g4682/Y                   -       A->Y  R     BUFX2         14  4.8    66   133     394    (-,-) 
  drc_bufs5904/Y            -       A->Y  F     INVX1          4  1.2    50    65     460    (-,-) 
  drc_bufs5902/Y            -       A->Y  R     INVX1         10  3.6    89    78     538    (-,-) 
  g5841__5122/Y             -       C0->Y F     OAI211X1       1  0.3   124   144     682    (-,-) 
  g5831/Y                   -       A->Y  R     INVX1          1  0.3    34    82     764    (-,-) 
  ack_rank_q_reg[13]/D      -       -     R     DFFHQX1        1    -     -     0     764    (-,-) 
#--------------------------------------------------------------------------------------------------

(P) : Instance is preserved



Path 47: MET (9114 ps) Setup Check with Pin ack_rank_q_reg[9]/CK->D
          Group: clk
     Startpoint: (R) reset_release_q_reg[1]/CK
          Clock: (R) clk
       Endpoint: (R) ack_rank_q_reg[9]/D
          Clock: (R) clk

                     Capture       Launch     
        Clock Edge:+   10000            0     
       Src Latency:+       0            0     
       Net Latency:+       0 (I)        0 (I) 
           Arrival:=   10000            0     
                                              
             Setup:-     122                  
     Required Time:=    9878                  
      Launch Clock:-       0                  
         Data Path:-     764                  
             Slack:=    9114                  

#--------------------------------------------------------------------------------------------------
#       Timing Point        Flags   Arc   Edge   Cell     Fanout Load Trans Delay Arrival Instance 
#                                                                (fF)  (ps)  (ps)   (ps)  Location 
#--------------------------------------------------------------------------------------------------
  reset_release_q_reg[1]/CK -       -     R     (arrival)     52    -     0     0       0    (-,-) 
  reset_release_q_reg[1]/Q  (P)     CK->Q R     DFFRHQX1      15  3.0    76   261     261    (-,-) 
  g4682/Y                   -       A->Y  R     BUFX2         14  4.8    66   133     394    (-,-) 
  drc_bufs5904/Y            -       A->Y  F     INVX1          4  1.2    50    65     460    (-,-) 
  drc_bufs5901/Y            -       A->Y  R     INVX1          9  3.6    89    78     538    (-,-) 
  g5864__2346/Y             -       C0->Y F     OAI211X1       1  0.3   124   144     682    (-,-) 
  g5853/Y                   -       A->Y  R     INVX1          1  0.3    34    82     764    (-,-) 
  ack_rank_q_reg[9]/D       -       -     R     DFFHQX1        1    -     -     0     764    (-,-) 
#--------------------------------------------------------------------------------------------------

(P) : Instance is preserved



Path 48: MET (9114 ps) Setup Check with Pin ack_rank_q_reg[8]/CK->D
          Group: clk
     Startpoint: (R) reset_release_q_reg[1]/CK
          Clock: (R) clk
       Endpoint: (R) ack_rank_q_reg[8]/D
          Clock: (R) clk

                     Capture       Launch     
        Clock Edge:+   10000            0     
       Src Latency:+       0            0     
       Net Latency:+       0 (I)        0 (I) 
           Arrival:=   10000            0     
                                              
             Setup:-     122                  
     Required Time:=    9878                  
      Launch Clock:-       0                  
         Data Path:-     764                  
             Slack:=    9114                  

#--------------------------------------------------------------------------------------------------
#       Timing Point        Flags   Arc   Edge   Cell     Fanout Load Trans Delay Arrival Instance 
#                                                                (fF)  (ps)  (ps)   (ps)  Location 
#--------------------------------------------------------------------------------------------------
  reset_release_q_reg[1]/CK -       -     R     (arrival)     52    -     0     0       0    (-,-) 
  reset_release_q_reg[1]/Q  (P)     CK->Q R     DFFRHQX1      15  3.0    76   261     261    (-,-) 
  g4682/Y                   -       A->Y  R     BUFX2         14  4.8    66   133     394    (-,-) 
  drc_bufs5904/Y            -       A->Y  F     INVX1          4  1.2    50    65     460    (-,-) 
  drc_bufs5901/Y            -       A->Y  R     INVX1          9  3.6    89    78     538    (-,-) 
  g5860__6161/Y             -       C0->Y F     OAI211X1       1  0.3   124   144     682    (-,-) 
  g5849/Y                   -       A->Y  R     INVX1          1  0.3    34    82     764    (-,-) 
  ack_rank_q_reg[8]/D       -       -     R     DFFHQX1        1    -     -     0     764    (-,-) 
#--------------------------------------------------------------------------------------------------

(P) : Instance is preserved



Path 49: MET (9114 ps) Setup Check with Pin ack_rank_q_reg[7]/CK->D
          Group: clk
     Startpoint: (R) reset_release_q_reg[1]/CK
          Clock: (R) clk
       Endpoint: (R) ack_rank_q_reg[7]/D
          Clock: (R) clk

                     Capture       Launch     
        Clock Edge:+   10000            0     
       Src Latency:+       0            0     
       Net Latency:+       0 (I)        0 (I) 
           Arrival:=   10000            0     
                                              
             Setup:-     122                  
     Required Time:=    9878                  
      Launch Clock:-       0                  
         Data Path:-     764                  
             Slack:=    9114                  

#--------------------------------------------------------------------------------------------------
#       Timing Point        Flags   Arc   Edge   Cell     Fanout Load Trans Delay Arrival Instance 
#                                                                (fF)  (ps)  (ps)   (ps)  Location 
#--------------------------------------------------------------------------------------------------
  reset_release_q_reg[1]/CK -       -     R     (arrival)     52    -     0     0       0    (-,-) 
  reset_release_q_reg[1]/Q  (P)     CK->Q R     DFFRHQX1      15  3.0    76   261     261    (-,-) 
  g4682/Y                   -       A->Y  R     BUFX2         14  4.8    66   133     394    (-,-) 
  drc_bufs5904/Y            -       A->Y  F     INVX1          4  1.2    50    65     460    (-,-) 
  drc_bufs5902/Y            -       A->Y  R     INVX1         10  3.6    89    78     538    (-,-) 
  g5863__2883/Y             -       C0->Y F     OAI211X1       1  0.3   124   144     682    (-,-) 
  g5852/Y                   -       A->Y  R     INVX1          1  0.3    34    82     764    (-,-) 
  ack_rank_q_reg[7]/D       -       -     R     DFFHQX1        1    -     -     0     764    (-,-) 
#--------------------------------------------------------------------------------------------------

(P) : Instance is preserved



Path 50: MET (9114 ps) Setup Check with Pin ack_rank_q_reg[5]/CK->D
          Group: clk
     Startpoint: (R) reset_release_q_reg[1]/CK
          Clock: (R) clk
       Endpoint: (R) ack_rank_q_reg[5]/D
          Clock: (R) clk

                     Capture       Launch     
        Clock Edge:+   10000            0     
       Src Latency:+       0            0     
       Net Latency:+       0 (I)        0 (I) 
           Arrival:=   10000            0     
                                              
             Setup:-     122                  
     Required Time:=    9878                  
      Launch Clock:-       0                  
         Data Path:-     764                  
             Slack:=    9114                  

#--------------------------------------------------------------------------------------------------
#       Timing Point        Flags   Arc   Edge   Cell     Fanout Load Trans Delay Arrival Instance 
#                                                                (fF)  (ps)  (ps)   (ps)  Location 
#--------------------------------------------------------------------------------------------------
  reset_release_q_reg[1]/CK -       -     R     (arrival)     52    -     0     0       0    (-,-) 
  reset_release_q_reg[1]/Q  (P)     CK->Q R     DFFRHQX1      15  3.0    76   261     261    (-,-) 
  g4682/Y                   -       A->Y  R     BUFX2         14  4.8    66   133     394    (-,-) 
  drc_bufs5904/Y            -       A->Y  F     INVX1          4  1.2    50    65     460    (-,-) 
  drc_bufs5901/Y            -       A->Y  R     INVX1          9  3.6    89    78     538    (-,-) 
  g5859__4733/Y             -       C0->Y F     OAI211X1       1  0.3   124   144     682    (-,-) 
  g5848/Y                   -       A->Y  R     INVX1          1  0.3    34    82     764    (-,-) 
  ack_rank_q_reg[5]/D       -       -     R     DFFHQX1        1    -     -     0     764    (-,-) 
#--------------------------------------------------------------------------------------------------

(P) : Instance is preserved



Path 51: MET (9114 ps) Setup Check with Pin ack_rank_q_reg[2]/CK->D
          Group: clk
     Startpoint: (R) reset_release_q_reg[1]/CK
          Clock: (R) clk
       Endpoint: (R) ack_rank_q_reg[2]/D
          Clock: (R) clk

                     Capture       Launch     
        Clock Edge:+   10000            0     
       Src Latency:+       0            0     
       Net Latency:+       0 (I)        0 (I) 
           Arrival:=   10000            0     
                                              
             Setup:-     122                  
     Required Time:=    9878                  
      Launch Clock:-       0                  
         Data Path:-     764                  
             Slack:=    9114                  

#--------------------------------------------------------------------------------------------------
#       Timing Point        Flags   Arc   Edge   Cell     Fanout Load Trans Delay Arrival Instance 
#                                                                (fF)  (ps)  (ps)   (ps)  Location 
#--------------------------------------------------------------------------------------------------
  reset_release_q_reg[1]/CK -       -     R     (arrival)     52    -     0     0       0    (-,-) 
  reset_release_q_reg[1]/Q  (P)     CK->Q R     DFFRHQX1      15  3.0    76   261     261    (-,-) 
  g4682/Y                   -       A->Y  R     BUFX2         14  4.8    66   133     394    (-,-) 
  drc_bufs5904/Y            -       A->Y  F     INVX1          4  1.2    50    65     460    (-,-) 
  drc_bufs5902/Y            -       A->Y  R     INVX1         10  3.6    89    78     538    (-,-) 
  g5857__5115/Y             -       C0->Y F     OAI211X1       1  0.3   124   144     682    (-,-) 
  g5846/Y                   -       A->Y  R     INVX1          1  0.3    34    82     764    (-,-) 
  ack_rank_q_reg[2]/D       -       -     R     DFFHQX1        1    -     -     0     764    (-,-) 
#--------------------------------------------------------------------------------------------------

(P) : Instance is preserved



Path 52: MET (9114 ps) Setup Check with Pin ack_rank_q_reg[1]/CK->D
          Group: clk
     Startpoint: (R) reset_release_q_reg[1]/CK
          Clock: (R) clk
       Endpoint: (R) ack_rank_q_reg[1]/D
          Clock: (R) clk

                     Capture       Launch     
        Clock Edge:+   10000            0     
       Src Latency:+       0            0     
       Net Latency:+       0 (I)        0 (I) 
           Arrival:=   10000            0     
                                              
             Setup:-     122                  
     Required Time:=    9878                  
      Launch Clock:-       0                  
         Data Path:-     764                  
             Slack:=    9114                  

#--------------------------------------------------------------------------------------------------
#       Timing Point        Flags   Arc   Edge   Cell     Fanout Load Trans Delay Arrival Instance 
#                                                                (fF)  (ps)  (ps)   (ps)  Location 
#--------------------------------------------------------------------------------------------------
  reset_release_q_reg[1]/CK -       -     R     (arrival)     52    -     0     0       0    (-,-) 
  reset_release_q_reg[1]/Q  (P)     CK->Q R     DFFRHQX1      15  3.0    76   261     261    (-,-) 
  g4682/Y                   -       A->Y  R     BUFX2         14  4.8    66   133     394    (-,-) 
  drc_bufs5904/Y            -       A->Y  F     INVX1          4  1.2    50    65     460    (-,-) 
  drc_bufs5902/Y            -       A->Y  R     INVX1         10  3.6    89    78     538    (-,-) 
  g5844__6131/Y             -       C0->Y F     OAI211X1       1  0.3   124   144     682    (-,-) 
  g5834/Y                   -       A->Y  R     INVX1          1  0.3    34    82     764    (-,-) 
  ack_rank_q_reg[1]/D       -       -     R     DFFHQX1        1    -     -     0     764    (-,-) 
#--------------------------------------------------------------------------------------------------

(P) : Instance is preserved



Path 53: MET (9119 ps) Setup Check with Pin ack_rank_q_reg[12]/CK->D
          Group: clk
     Startpoint: (R) reset_release_q_reg[1]/CK
          Clock: (R) clk
       Endpoint: (R) ack_rank_q_reg[12]/D
          Clock: (R) clk

                     Capture       Launch     
        Clock Edge:+   10000            0     
       Src Latency:+       0            0     
       Net Latency:+       0 (I)        0 (I) 
           Arrival:=   10000            0     
                                              
             Setup:-     122                  
     Required Time:=    9878                  
      Launch Clock:-       0                  
         Data Path:-     760                  
             Slack:=    9119                  

#--------------------------------------------------------------------------------------------------
#       Timing Point        Flags   Arc   Edge   Cell     Fanout Load Trans Delay Arrival Instance 
#                                                                (fF)  (ps)  (ps)   (ps)  Location 
#--------------------------------------------------------------------------------------------------
  reset_release_q_reg[1]/CK -       -     R     (arrival)     52    -     0     0       0    (-,-) 
  reset_release_q_reg[1]/Q  (P)     CK->Q R     DFFRHQX1      15  3.0    76   261     261    (-,-) 
  g4682/Y                   -       A->Y  R     BUFX2         14  4.8    66   133     394    (-,-) 
  drc_bufs5904/Y            -       A->Y  F     INVX1          4  1.2    50    65     460    (-,-) 
  drc_bufs5903/Y            -       A->Y  R     INVX1          9  3.4    85    76     535    (-,-) 
  g5840__1705/Y             -       C0->Y F     OAI211X1       1  0.3   124   142     677    (-,-) 
  g5830/Y                   -       A->Y  R     INVX1          1  0.3    34    82     760    (-,-) 
  ack_rank_q_reg[12]/D      -       -     R     DFFHQX1        1    -     -     0     760    (-,-) 
#--------------------------------------------------------------------------------------------------

(P) : Instance is preserved



Path 54: MET (9119 ps) Setup Check with Pin ack_rank_q_reg[11]/CK->D
          Group: clk
     Startpoint: (R) reset_release_q_reg[1]/CK
          Clock: (R) clk
       Endpoint: (R) ack_rank_q_reg[11]/D
          Clock: (R) clk

                     Capture       Launch     
        Clock Edge:+   10000            0     
       Src Latency:+       0            0     
       Net Latency:+       0 (I)        0 (I) 
           Arrival:=   10000            0     
                                              
             Setup:-     122                  
     Required Time:=    9878                  
      Launch Clock:-       0                  
         Data Path:-     760                  
             Slack:=    9119                  

#--------------------------------------------------------------------------------------------------
#       Timing Point        Flags   Arc   Edge   Cell     Fanout Load Trans Delay Arrival Instance 
#                                                                (fF)  (ps)  (ps)   (ps)  Location 
#--------------------------------------------------------------------------------------------------
  reset_release_q_reg[1]/CK -       -     R     (arrival)     52    -     0     0       0    (-,-) 
  reset_release_q_reg[1]/Q  (P)     CK->Q R     DFFRHQX1      15  3.0    76   261     261    (-,-) 
  g4682/Y                   -       A->Y  R     BUFX2         14  4.8    66   133     394    (-,-) 
  drc_bufs5904/Y            -       A->Y  F     INVX1          4  1.2    50    65     460    (-,-) 
  drc_bufs5903/Y            -       A->Y  R     INVX1          9  3.4    85    76     535    (-,-) 
  g5862__9945/Y             -       C0->Y F     OAI211X1       1  0.3   124   142     677    (-,-) 
  g5851/Y                   -       A->Y  R     INVX1          1  0.3    34    82     760    (-,-) 
  ack_rank_q_reg[11]/D      -       -     R     DFFHQX1        1    -     -     0     760    (-,-) 
#--------------------------------------------------------------------------------------------------

(P) : Instance is preserved



Path 55: MET (9119 ps) Setup Check with Pin ack_rank_q_reg[6]/CK->D
          Group: clk
     Startpoint: (R) reset_release_q_reg[1]/CK
          Clock: (R) clk
       Endpoint: (R) ack_rank_q_reg[6]/D
          Clock: (R) clk

                     Capture       Launch     
        Clock Edge:+   10000            0     
       Src Latency:+       0            0     
       Net Latency:+       0 (I)        0 (I) 
           Arrival:=   10000            0     
                                              
             Setup:-     122                  
     Required Time:=    9878                  
      Launch Clock:-       0                  
         Data Path:-     760                  
             Slack:=    9119                  

#--------------------------------------------------------------------------------------------------
#       Timing Point        Flags   Arc   Edge   Cell     Fanout Load Trans Delay Arrival Instance 
#                                                                (fF)  (ps)  (ps)   (ps)  Location 
#--------------------------------------------------------------------------------------------------
  reset_release_q_reg[1]/CK -       -     R     (arrival)     52    -     0     0       0    (-,-) 
  reset_release_q_reg[1]/Q  (P)     CK->Q R     DFFRHQX1      15  3.0    76   261     261    (-,-) 
  g4682/Y                   -       A->Y  R     BUFX2         14  4.8    66   133     394    (-,-) 
  drc_bufs5904/Y            -       A->Y  F     INVX1          4  1.2    50    65     460    (-,-) 
  drc_bufs5903/Y            -       A->Y  R     INVX1          9  3.4    85    76     535    (-,-) 
  g5856__1881/Y             -       C0->Y F     OAI211X1       1  0.3   124   142     677    (-,-) 
  g5845/Y                   -       A->Y  R     INVX1          1  0.3    34    82     760    (-,-) 
  ack_rank_q_reg[6]/D       -       -     R     DFFHQX1        1    -     -     0     760    (-,-) 
#--------------------------------------------------------------------------------------------------

(P) : Instance is preserved



Path 56: MET (9119 ps) Setup Check with Pin ack_rank_q_reg[0]/CK->D
          Group: clk
     Startpoint: (R) reset_release_q_reg[1]/CK
          Clock: (R) clk
       Endpoint: (R) ack_rank_q_reg[0]/D
          Clock: (R) clk

                     Capture       Launch     
        Clock Edge:+   10000            0     
       Src Latency:+       0            0     
       Net Latency:+       0 (I)        0 (I) 
           Arrival:=   10000            0     
                                              
             Setup:-     122                  
     Required Time:=    9878                  
      Launch Clock:-       0                  
         Data Path:-     760                  
             Slack:=    9119                  

#--------------------------------------------------------------------------------------------------
#       Timing Point        Flags   Arc   Edge   Cell     Fanout Load Trans Delay Arrival Instance 
#                                                                (fF)  (ps)  (ps)   (ps)  Location 
#--------------------------------------------------------------------------------------------------
  reset_release_q_reg[1]/CK -       -     R     (arrival)     52    -     0     0       0    (-,-) 
  reset_release_q_reg[1]/Q  (P)     CK->Q R     DFFRHQX1      15  3.0    76   261     261    (-,-) 
  g4682/Y                   -       A->Y  R     BUFX2         14  4.8    66   133     394    (-,-) 
  drc_bufs5904/Y            -       A->Y  F     INVX1          4  1.2    50    65     460    (-,-) 
  drc_bufs5903/Y            -       A->Y  R     INVX1          9  3.4    85    76     535    (-,-) 
  g5843__7098/Y             -       C0->Y F     OAI211X1       1  0.3   124   142     677    (-,-) 
  g5833/Y                   -       A->Y  R     INVX1          1  0.3    34    82     760    (-,-) 
  ack_rank_q_reg[0]/D       -       -     R     DFFHQX1        1    -     -     0     760    (-,-) 
#--------------------------------------------------------------------------------------------------

(P) : Instance is preserved



Path 57: MET (9270 ps) Setup Check with Pin ack_rank_q_reg[15]/CK->D
          Group: clk
     Startpoint: (R) reset_release_q_reg[1]/CK
          Clock: (R) clk
       Endpoint: (R) ack_rank_q_reg[15]/D
          Clock: (R) clk

                     Capture       Launch     
        Clock Edge:+   10000            0     
       Src Latency:+       0            0     
       Net Latency:+       0 (I)        0 (I) 
           Arrival:=   10000            0     
                                              
             Setup:-     122                  
     Required Time:=    9878                  
      Launch Clock:-       0                  
         Data Path:-     608                  
             Slack:=    9270                  

#--------------------------------------------------------------------------------------------------
#       Timing Point        Flags   Arc   Edge   Cell     Fanout Load Trans Delay Arrival Instance 
#                                                                (fF)  (ps)  (ps)   (ps)  Location 
#--------------------------------------------------------------------------------------------------
  reset_release_q_reg[1]/CK -       -     R     (arrival)     52    -     0     0       0    (-,-) 
  reset_release_q_reg[1]/Q  (P)     CK->Q R     DFFRHQX1      15  3.0    76   261     261    (-,-) 
  g4682/Y                   -       A->Y  R     BUFX2         14  4.8    66   133     394    (-,-) 
  g5842__8246/Y             -       C0->Y F     OAI211X1       1  0.3   124   132     527    (-,-) 
  g5832/Y                   -       A->Y  R     INVX1          1  0.3    34    82     608    (-,-) 
  ack_rank_q_reg[15]/D      -       -     R     DFFHQX1        1    -     -     0     608    (-,-) 
#--------------------------------------------------------------------------------------------------

(P) : Instance is preserved



Path 58: MET (9270 ps) Setup Check with Pin ack_rank_q_reg[10]/CK->D
          Group: clk
     Startpoint: (R) reset_release_q_reg[1]/CK
          Clock: (R) clk
       Endpoint: (R) ack_rank_q_reg[10]/D
          Clock: (R) clk

                     Capture       Launch     
        Clock Edge:+   10000            0     
       Src Latency:+       0            0     
       Net Latency:+       0 (I)        0 (I) 
           Arrival:=   10000            0     
                                              
             Setup:-     122                  
     Required Time:=    9878                  
      Launch Clock:-       0                  
         Data Path:-     608                  
             Slack:=    9270                  

#--------------------------------------------------------------------------------------------------
#       Timing Point        Flags   Arc   Edge   Cell     Fanout Load Trans Delay Arrival Instance 
#                                                                (fF)  (ps)  (ps)   (ps)  Location 
#--------------------------------------------------------------------------------------------------
  reset_release_q_reg[1]/CK -       -     R     (arrival)     52    -     0     0       0    (-,-) 
  reset_release_q_reg[1]/Q  (P)     CK->Q R     DFFRHQX1      15  3.0    76   261     261    (-,-) 
  g4682/Y                   -       A->Y  R     BUFX2         14  4.8    66   133     394    (-,-) 
  g5865__1666/Y             -       C0->Y F     OAI211X1       1  0.3   124   132     527    (-,-) 
  g5854/Y                   -       A->Y  R     INVX1          1  0.3    34    82     608    (-,-) 
  ack_rank_q_reg[10]/D      -       -     R     DFFHQX1        1    -     -     0     608    (-,-) 
#--------------------------------------------------------------------------------------------------

(P) : Instance is preserved



Path 59: MET (9270 ps) Setup Check with Pin ack_rank_q_reg[4]/CK->D
          Group: clk
     Startpoint: (R) reset_release_q_reg[1]/CK
          Clock: (R) clk
       Endpoint: (R) ack_rank_q_reg[4]/D
          Clock: (R) clk

                     Capture       Launch     
        Clock Edge:+   10000            0     
       Src Latency:+       0            0     
       Net Latency:+       0 (I)        0 (I) 
           Arrival:=   10000            0     
                                              
             Setup:-     122                  
     Required Time:=    9878                  
      Launch Clock:-       0                  
         Data Path:-     608                  
             Slack:=    9270                  

#--------------------------------------------------------------------------------------------------
#       Timing Point        Flags   Arc   Edge   Cell     Fanout Load Trans Delay Arrival Instance 
#                                                                (fF)  (ps)  (ps)   (ps)  Location 
#--------------------------------------------------------------------------------------------------
  reset_release_q_reg[1]/CK -       -     R     (arrival)     52    -     0     0       0    (-,-) 
  reset_release_q_reg[1]/Q  (P)     CK->Q R     DFFRHQX1      15  3.0    76   261     261    (-,-) 
  g4682/Y                   -       A->Y  R     BUFX2         14  4.8    66   133     394    (-,-) 
  g5861__9315/Y             -       C0->Y F     OAI211X1       1  0.3   124   132     527    (-,-) 
  g5850/Y                   -       A->Y  R     INVX1          1  0.3    34    82     608    (-,-) 
  ack_rank_q_reg[4]/D       -       -     R     DFFHQX1        1    -     -     0     608    (-,-) 
#--------------------------------------------------------------------------------------------------

(P) : Instance is preserved



Path 60: MET (9270 ps) Setup Check with Pin ack_rank_q_reg[3]/CK->D
          Group: clk
     Startpoint: (R) reset_release_q_reg[1]/CK
          Clock: (R) clk
       Endpoint: (R) ack_rank_q_reg[3]/D
          Clock: (R) clk

                     Capture       Launch     
        Clock Edge:+   10000            0     
       Src Latency:+       0            0     
       Net Latency:+       0 (I)        0 (I) 
           Arrival:=   10000            0     
                                              
             Setup:-     122                  
     Required Time:=    9878                  
      Launch Clock:-       0                  
         Data Path:-     608                  
             Slack:=    9270                  

#--------------------------------------------------------------------------------------------------
#       Timing Point        Flags   Arc   Edge   Cell     Fanout Load Trans Delay Arrival Instance 
#                                                                (fF)  (ps)  (ps)   (ps)  Location 
#--------------------------------------------------------------------------------------------------
  reset_release_q_reg[1]/CK -       -     R     (arrival)     52    -     0     0       0    (-,-) 
  reset_release_q_reg[1]/Q  (P)     CK->Q R     DFFRHQX1      15  3.0    76   261     261    (-,-) 
  g4682/Y                   -       A->Y  R     BUFX2         14  4.8    66   133     394    (-,-) 
  g5858__7482/Y             -       C0->Y F     OAI211X1       1  0.3   124   132     527    (-,-) 
  g5847/Y                   -       A->Y  R     INVX1          1  0.3    34    82     608    (-,-) 
  ack_rank_q_reg[3]/D       -       -     R     DFFHQX1        1    -     -     0     608    (-,-) 
#--------------------------------------------------------------------------------------------------

(P) : Instance is preserved



Path 61: MET (9651 ps) Setup Check with Pin reset_release_q_reg[1]/CK->D
          Group: clk
     Startpoint: (R) reset_release_q_reg[0]/CK
          Clock: (R) clk
       Endpoint: (R) reset_release_q_reg[1]/D
          Clock: (R) clk

                     Capture       Launch     
        Clock Edge:+   10000            0     
       Src Latency:+       0            0     
       Net Latency:+       0 (I)        0 (I) 
           Arrival:=   10000            0     
                                              
             Setup:-     118                  
     Required Time:=    9882                  
      Launch Clock:-       0                  
         Data Path:-     231                  
             Slack:=    9651                  

#--------------------------------------------------------------------------------------------------
#       Timing Point        Flags   Arc   Edge   Cell     Fanout Load Trans Delay Arrival Instance 
#                                                                (fF)  (ps)  (ps)   (ps)  Location 
#--------------------------------------------------------------------------------------------------
  reset_release_q_reg[0]/CK -       -     R     (arrival)     52    -     0     0       0    (-,-) 
  reset_release_q_reg[0]/Q  (P)     CK->Q R     DFFRHQX1       1  0.3    20   231     231    (-,-) 
  reset_release_q_reg[1]/D  (P)     -     R     DFFRHQX1       1    -     -     0     231    (-,-) 
#--------------------------------------------------------------------------------------------------

(P) : Instance is preserved



Path 62: MET (9722 ps) Setup Check with Pin req_sync_q_reg[11]/CK->D
          Group: clk
     Startpoint: (R) req_meta_q_reg[11]/CK
          Clock: (R) clk
       Endpoint: (R) req_sync_q_reg[11]/D
          Clock: (R) clk

                     Capture       Launch     
        Clock Edge:+   10000            0     
       Src Latency:+       0            0     
       Net Latency:+       0 (I)        0 (I) 
           Arrival:=   10000            0     
                                              
             Setup:-     116                  
     Required Time:=    9884                  
      Launch Clock:-       0                  
         Data Path:-     162                  
             Slack:=    9722                  

#----------------------------------------------------------------------------------------------
#     Timing Point      Flags   Arc   Edge   Cell     Fanout Load Trans Delay Arrival Instance 
#                                                            (fF)  (ps)  (ps)   (ps)  Location 
#----------------------------------------------------------------------------------------------
  req_meta_q_reg[11]/CK -       -     R     (arrival)     52    -     0     0       0    (-,-) 
  req_meta_q_reg[11]/Q  (P)     CK->Q R     DFFQXL         1  0.2    18   162     162    (-,-) 
  req_sync_q_reg[11]/D  (P)     -     R     DFFQXL         1    -     -     0     162    (-,-) 
#----------------------------------------------------------------------------------------------

(P) : Instance is preserved



Path 63: MET (9722 ps) Setup Check with Pin req_sync_q_reg[3]/CK->D
          Group: clk
     Startpoint: (R) req_meta_q_reg[3]/CK
          Clock: (R) clk
       Endpoint: (R) req_sync_q_reg[3]/D
          Clock: (R) clk

                     Capture       Launch     
        Clock Edge:+   10000            0     
       Src Latency:+       0            0     
       Net Latency:+       0 (I)        0 (I) 
           Arrival:=   10000            0     
                                              
             Setup:-     116                  
     Required Time:=    9884                  
      Launch Clock:-       0                  
         Data Path:-     162                  
             Slack:=    9722                  

#---------------------------------------------------------------------------------------------
#    Timing Point      Flags   Arc   Edge   Cell     Fanout Load Trans Delay Arrival Instance 
#                                                           (fF)  (ps)  (ps)   (ps)  Location 
#---------------------------------------------------------------------------------------------
  req_meta_q_reg[3]/CK -       -     R     (arrival)     52    -     0     0       0    (-,-) 
  req_meta_q_reg[3]/Q  (P)     CK->Q R     DFFQXL         1  0.2    18   162     162    (-,-) 
  req_sync_q_reg[3]/D  (P)     -     R     DFFQXL         1    -     -     0     162    (-,-) 
#---------------------------------------------------------------------------------------------

(P) : Instance is preserved



Path 64: MET (9722 ps) Setup Check with Pin req_sync_q_reg[9]/CK->D
          Group: clk
     Startpoint: (R) req_meta_q_reg[9]/CK
          Clock: (R) clk
       Endpoint: (R) req_sync_q_reg[9]/D
          Clock: (R) clk

                     Capture       Launch     
        Clock Edge:+   10000            0     
       Src Latency:+       0            0     
       Net Latency:+       0 (I)        0 (I) 
           Arrival:=   10000            0     
                                              
             Setup:-     116                  
     Required Time:=    9884                  
      Launch Clock:-       0                  
         Data Path:-     162                  
             Slack:=    9722                  

#---------------------------------------------------------------------------------------------
#    Timing Point      Flags   Arc   Edge   Cell     Fanout Load Trans Delay Arrival Instance 
#                                                           (fF)  (ps)  (ps)   (ps)  Location 
#---------------------------------------------------------------------------------------------
  req_meta_q_reg[9]/CK -       -     R     (arrival)     52    -     0     0       0    (-,-) 
  req_meta_q_reg[9]/Q  (P)     CK->Q R     DFFQXL         1  0.2    18   162     162    (-,-) 
  req_sync_q_reg[9]/D  (P)     -     R     DFFQXL         1    -     -     0     162    (-,-) 
#---------------------------------------------------------------------------------------------

(P) : Instance is preserved



Path 65: MET (9722 ps) Setup Check with Pin req_sync_q_reg[5]/CK->D
          Group: clk
     Startpoint: (R) req_meta_q_reg[5]/CK
          Clock: (R) clk
       Endpoint: (R) req_sync_q_reg[5]/D
          Clock: (R) clk

                     Capture       Launch     
        Clock Edge:+   10000            0     
       Src Latency:+       0            0     
       Net Latency:+       0 (I)        0 (I) 
           Arrival:=   10000            0     
                                              
             Setup:-     116                  
     Required Time:=    9884                  
      Launch Clock:-       0                  
         Data Path:-     162                  
             Slack:=    9722                  

#---------------------------------------------------------------------------------------------
#    Timing Point      Flags   Arc   Edge   Cell     Fanout Load Trans Delay Arrival Instance 
#                                                           (fF)  (ps)  (ps)   (ps)  Location 
#---------------------------------------------------------------------------------------------
  req_meta_q_reg[5]/CK -       -     R     (arrival)     52    -     0     0       0    (-,-) 
  req_meta_q_reg[5]/Q  (P)     CK->Q R     DFFQXL         1  0.2    18   162     162    (-,-) 
  req_sync_q_reg[5]/D  (P)     -     R     DFFQXL         1    -     -     0     162    (-,-) 
#---------------------------------------------------------------------------------------------

(P) : Instance is preserved



Path 66: MET (9722 ps) Setup Check with Pin req_sync_q_reg[7]/CK->D
          Group: clk
     Startpoint: (R) req_meta_q_reg[7]/CK
          Clock: (R) clk
       Endpoint: (R) req_sync_q_reg[7]/D
          Clock: (R) clk

                     Capture       Launch     
        Clock Edge:+   10000            0     
       Src Latency:+       0            0     
       Net Latency:+       0 (I)        0 (I) 
           Arrival:=   10000            0     
                                              
             Setup:-     116                  
     Required Time:=    9884                  
      Launch Clock:-       0                  
         Data Path:-     162                  
             Slack:=    9722                  

#---------------------------------------------------------------------------------------------
#    Timing Point      Flags   Arc   Edge   Cell     Fanout Load Trans Delay Arrival Instance 
#                                                           (fF)  (ps)  (ps)   (ps)  Location 
#---------------------------------------------------------------------------------------------
  req_meta_q_reg[7]/CK -       -     R     (arrival)     52    -     0     0       0    (-,-) 
  req_meta_q_reg[7]/Q  (P)     CK->Q R     DFFQXL         1  0.2    18   162     162    (-,-) 
  req_sync_q_reg[7]/D  (P)     -     R     DFFQXL         1    -     -     0     162    (-,-) 
#---------------------------------------------------------------------------------------------

(P) : Instance is preserved



Path 67: MET (9722 ps) Setup Check with Pin req_sync_q_reg[8]/CK->D
          Group: clk
     Startpoint: (R) req_meta_q_reg[8]/CK
          Clock: (R) clk
       Endpoint: (R) req_sync_q_reg[8]/D
          Clock: (R) clk

                     Capture       Launch     
        Clock Edge:+   10000            0     
       Src Latency:+       0            0     
       Net Latency:+       0 (I)        0 (I) 
           Arrival:=   10000            0     
                                              
             Setup:-     116                  
     Required Time:=    9884                  
      Launch Clock:-       0                  
         Data Path:-     162                  
             Slack:=    9722                  

#---------------------------------------------------------------------------------------------
#    Timing Point      Flags   Arc   Edge   Cell     Fanout Load Trans Delay Arrival Instance 
#                                                           (fF)  (ps)  (ps)   (ps)  Location 
#---------------------------------------------------------------------------------------------
  req_meta_q_reg[8]/CK -       -     R     (arrival)     52    -     0     0       0    (-,-) 
  req_meta_q_reg[8]/Q  (P)     CK->Q R     DFFQXL         1  0.2    18   162     162    (-,-) 
  req_sync_q_reg[8]/D  (P)     -     R     DFFQXL         1    -     -     0     162    (-,-) 
#---------------------------------------------------------------------------------------------

(P) : Instance is preserved



Path 68: MET (9722 ps) Setup Check with Pin req_sync_q_reg[10]/CK->D
          Group: clk
     Startpoint: (R) req_meta_q_reg[10]/CK
          Clock: (R) clk
       Endpoint: (R) req_sync_q_reg[10]/D
          Clock: (R) clk

                     Capture       Launch     
        Clock Edge:+   10000            0     
       Src Latency:+       0            0     
       Net Latency:+       0 (I)        0 (I) 
           Arrival:=   10000            0     
                                              
             Setup:-     116                  
     Required Time:=    9884                  
      Launch Clock:-       0                  
         Data Path:-     162                  
             Slack:=    9722                  

#----------------------------------------------------------------------------------------------
#     Timing Point      Flags   Arc   Edge   Cell     Fanout Load Trans Delay Arrival Instance 
#                                                            (fF)  (ps)  (ps)   (ps)  Location 
#----------------------------------------------------------------------------------------------
  req_meta_q_reg[10]/CK -       -     R     (arrival)     52    -     0     0       0    (-,-) 
  req_meta_q_reg[10]/Q  (P)     CK->Q R     DFFQXL         1  0.2    18   162     162    (-,-) 
  req_sync_q_reg[10]/D  (P)     -     R     DFFQXL         1    -     -     0     162    (-,-) 
#----------------------------------------------------------------------------------------------

(P) : Instance is preserved



Path 69: MET (9722 ps) Setup Check with Pin req_sync_q_reg[4]/CK->D
          Group: clk
     Startpoint: (R) req_meta_q_reg[4]/CK
          Clock: (R) clk
       Endpoint: (R) req_sync_q_reg[4]/D
          Clock: (R) clk

                     Capture       Launch     
        Clock Edge:+   10000            0     
       Src Latency:+       0            0     
       Net Latency:+       0 (I)        0 (I) 
           Arrival:=   10000            0     
                                              
             Setup:-     116                  
     Required Time:=    9884                  
      Launch Clock:-       0                  
         Data Path:-     162                  
             Slack:=    9722                  

#---------------------------------------------------------------------------------------------
#    Timing Point      Flags   Arc   Edge   Cell     Fanout Load Trans Delay Arrival Instance 
#                                                           (fF)  (ps)  (ps)   (ps)  Location 
#---------------------------------------------------------------------------------------------
  req_meta_q_reg[4]/CK -       -     R     (arrival)     52    -     0     0       0    (-,-) 
  req_meta_q_reg[4]/Q  (P)     CK->Q R     DFFQXL         1  0.2    18   162     162    (-,-) 
  req_sync_q_reg[4]/D  (P)     -     R     DFFQXL         1    -     -     0     162    (-,-) 
#---------------------------------------------------------------------------------------------

(P) : Instance is preserved



Path 70: MET (9722 ps) Setup Check with Pin req_sync_q_reg[14]/CK->D
          Group: clk
     Startpoint: (R) req_meta_q_reg[14]/CK
          Clock: (R) clk
       Endpoint: (R) req_sync_q_reg[14]/D
          Clock: (R) clk

                     Capture       Launch     
        Clock Edge:+   10000            0     
       Src Latency:+       0            0     
       Net Latency:+       0 (I)        0 (I) 
           Arrival:=   10000            0     
                                              
             Setup:-     116                  
     Required Time:=    9884                  
      Launch Clock:-       0                  
         Data Path:-     162                  
             Slack:=    9722                  

#----------------------------------------------------------------------------------------------
#     Timing Point      Flags   Arc   Edge   Cell     Fanout Load Trans Delay Arrival Instance 
#                                                            (fF)  (ps)  (ps)   (ps)  Location 
#----------------------------------------------------------------------------------------------
  req_meta_q_reg[14]/CK -       -     R     (arrival)     52    -     0     0       0    (-,-) 
  req_meta_q_reg[14]/Q  (P)     CK->Q R     DFFQXL         1  0.2    18   162     162    (-,-) 
  req_sync_q_reg[14]/D  (P)     -     R     DFFQXL         1    -     -     0     162    (-,-) 
#----------------------------------------------------------------------------------------------

(P) : Instance is preserved



Path 71: MET (9722 ps) Setup Check with Pin req_sync_q_reg[6]/CK->D
          Group: clk
     Startpoint: (R) req_meta_q_reg[6]/CK
          Clock: (R) clk
       Endpoint: (R) req_sync_q_reg[6]/D
          Clock: (R) clk

                     Capture       Launch     
        Clock Edge:+   10000            0     
       Src Latency:+       0            0     
       Net Latency:+       0 (I)        0 (I) 
           Arrival:=   10000            0     
                                              
             Setup:-     116                  
     Required Time:=    9884                  
      Launch Clock:-       0                  
         Data Path:-     162                  
             Slack:=    9722                  

#---------------------------------------------------------------------------------------------
#    Timing Point      Flags   Arc   Edge   Cell     Fanout Load Trans Delay Arrival Instance 
#                                                           (fF)  (ps)  (ps)   (ps)  Location 
#---------------------------------------------------------------------------------------------
  req_meta_q_reg[6]/CK -       -     R     (arrival)     52    -     0     0       0    (-,-) 
  req_meta_q_reg[6]/Q  (P)     CK->Q R     DFFQXL         1  0.2    18   162     162    (-,-) 
  req_sync_q_reg[6]/D  (P)     -     R     DFFQXL         1    -     -     0     162    (-,-) 
#---------------------------------------------------------------------------------------------

(P) : Instance is preserved



Path 72: MET (9722 ps) Setup Check with Pin req_sync_q_reg[1]/CK->D
          Group: clk
     Startpoint: (R) req_meta_q_reg[1]/CK
          Clock: (R) clk
       Endpoint: (R) req_sync_q_reg[1]/D
          Clock: (R) clk

                     Capture       Launch     
        Clock Edge:+   10000            0     
       Src Latency:+       0            0     
       Net Latency:+       0 (I)        0 (I) 
           Arrival:=   10000            0     
                                              
             Setup:-     116                  
     Required Time:=    9884                  
      Launch Clock:-       0                  
         Data Path:-     162                  
             Slack:=    9722                  

#---------------------------------------------------------------------------------------------
#    Timing Point      Flags   Arc   Edge   Cell     Fanout Load Trans Delay Arrival Instance 
#                                                           (fF)  (ps)  (ps)   (ps)  Location 
#---------------------------------------------------------------------------------------------
  req_meta_q_reg[1]/CK -       -     R     (arrival)     52    -     0     0       0    (-,-) 
  req_meta_q_reg[1]/Q  (P)     CK->Q R     DFFQXL         1  0.2    18   162     162    (-,-) 
  req_sync_q_reg[1]/D  (P)     -     R     DFFQXL         1    -     -     0     162    (-,-) 
#---------------------------------------------------------------------------------------------

(P) : Instance is preserved



Path 73: MET (9722 ps) Setup Check with Pin req_sync_q_reg[13]/CK->D
          Group: clk
     Startpoint: (R) req_meta_q_reg[13]/CK
          Clock: (R) clk
       Endpoint: (R) req_sync_q_reg[13]/D
          Clock: (R) clk

                     Capture       Launch     
        Clock Edge:+   10000            0     
       Src Latency:+       0            0     
       Net Latency:+       0 (I)        0 (I) 
           Arrival:=   10000            0     
                                              
             Setup:-     116                  
     Required Time:=    9884                  
      Launch Clock:-       0                  
         Data Path:-     162                  
             Slack:=    9722                  

#----------------------------------------------------------------------------------------------
#     Timing Point      Flags   Arc   Edge   Cell     Fanout Load Trans Delay Arrival Instance 
#                                                            (fF)  (ps)  (ps)   (ps)  Location 
#----------------------------------------------------------------------------------------------
  req_meta_q_reg[13]/CK -       -     R     (arrival)     52    -     0     0       0    (-,-) 
  req_meta_q_reg[13]/Q  (P)     CK->Q R     DFFQXL         1  0.2    18   162     162    (-,-) 
  req_sync_q_reg[13]/D  (P)     -     R     DFFQXL         1    -     -     0     162    (-,-) 
#----------------------------------------------------------------------------------------------

(P) : Instance is preserved



Path 74: MET (9722 ps) Setup Check with Pin req_sync_q_reg[15]/CK->D
          Group: clk
     Startpoint: (R) req_meta_q_reg[15]/CK
          Clock: (R) clk
       Endpoint: (R) req_sync_q_reg[15]/D
          Clock: (R) clk

                     Capture       Launch     
        Clock Edge:+   10000            0     
       Src Latency:+       0            0     
       Net Latency:+       0 (I)        0 (I) 
           Arrival:=   10000            0     
                                              
             Setup:-     116                  
     Required Time:=    9884                  
      Launch Clock:-       0                  
         Data Path:-     162                  
             Slack:=    9722                  

#----------------------------------------------------------------------------------------------
#     Timing Point      Flags   Arc   Edge   Cell     Fanout Load Trans Delay Arrival Instance 
#                                                            (fF)  (ps)  (ps)   (ps)  Location 
#----------------------------------------------------------------------------------------------
  req_meta_q_reg[15]/CK -       -     R     (arrival)     52    -     0     0       0    (-,-) 
  req_meta_q_reg[15]/Q  (P)     CK->Q R     DFFQXL         1  0.2    18   162     162    (-,-) 
  req_sync_q_reg[15]/D  (P)     -     R     DFFQXL         1    -     -     0     162    (-,-) 
#----------------------------------------------------------------------------------------------

(P) : Instance is preserved



Path 75: MET (9722 ps) Setup Check with Pin req_sync_q_reg[0]/CK->D
          Group: clk
     Startpoint: (R) req_meta_q_reg[0]/CK
          Clock: (R) clk
       Endpoint: (R) req_sync_q_reg[0]/D
          Clock: (R) clk

                     Capture       Launch     
        Clock Edge:+   10000            0     
       Src Latency:+       0            0     
       Net Latency:+       0 (I)        0 (I) 
           Arrival:=   10000            0     
                                              
             Setup:-     116                  
     Required Time:=    9884                  
      Launch Clock:-       0                  
         Data Path:-     162                  
             Slack:=    9722                  

#---------------------------------------------------------------------------------------------
#    Timing Point      Flags   Arc   Edge   Cell     Fanout Load Trans Delay Arrival Instance 
#                                                           (fF)  (ps)  (ps)   (ps)  Location 
#---------------------------------------------------------------------------------------------
  req_meta_q_reg[0]/CK -       -     R     (arrival)     52    -     0     0       0    (-,-) 
  req_meta_q_reg[0]/Q  (P)     CK->Q R     DFFQXL         1  0.2    18   162     162    (-,-) 
  req_sync_q_reg[0]/D  (P)     -     R     DFFQXL         1    -     -     0     162    (-,-) 
#---------------------------------------------------------------------------------------------

(P) : Instance is preserved



Path 76: MET (9722 ps) Setup Check with Pin req_sync_q_reg[2]/CK->D
          Group: clk
     Startpoint: (R) req_meta_q_reg[2]/CK
          Clock: (R) clk
       Endpoint: (R) req_sync_q_reg[2]/D
          Clock: (R) clk

                     Capture       Launch     
        Clock Edge:+   10000            0     
       Src Latency:+       0            0     
       Net Latency:+       0 (I)        0 (I) 
           Arrival:=   10000            0     
                                              
             Setup:-     116                  
     Required Time:=    9884                  
      Launch Clock:-       0                  
         Data Path:-     162                  
             Slack:=    9722                  

#---------------------------------------------------------------------------------------------
#    Timing Point      Flags   Arc   Edge   Cell     Fanout Load Trans Delay Arrival Instance 
#                                                           (fF)  (ps)  (ps)   (ps)  Location 
#---------------------------------------------------------------------------------------------
  req_meta_q_reg[2]/CK -       -     R     (arrival)     52    -     0     0       0    (-,-) 
  req_meta_q_reg[2]/Q  (P)     CK->Q R     DFFQXL         1  0.2    18   162     162    (-,-) 
  req_sync_q_reg[2]/D  (P)     -     R     DFFQXL         1    -     -     0     162    (-,-) 
#---------------------------------------------------------------------------------------------

(P) : Instance is preserved



Path 77: MET (9722 ps) Setup Check with Pin req_sync_q_reg[12]/CK->D
          Group: clk
     Startpoint: (R) req_meta_q_reg[12]/CK
          Clock: (R) clk
       Endpoint: (R) req_sync_q_reg[12]/D
          Clock: (R) clk

                     Capture       Launch     
        Clock Edge:+   10000            0     
       Src Latency:+       0            0     
       Net Latency:+       0 (I)        0 (I) 
           Arrival:=   10000            0     
                                              
             Setup:-     116                  
     Required Time:=    9884                  
      Launch Clock:-       0                  
         Data Path:-     162                  
             Slack:=    9722                  

#----------------------------------------------------------------------------------------------
#     Timing Point      Flags   Arc   Edge   Cell     Fanout Load Trans Delay Arrival Instance 
#                                                            (fF)  (ps)  (ps)   (ps)  Location 
#----------------------------------------------------------------------------------------------
  req_meta_q_reg[12]/CK -       -     R     (arrival)     52    -     0     0       0    (-,-) 
  req_meta_q_reg[12]/Q  (P)     CK->Q R     DFFQXL         1  0.2    18   162     162    (-,-) 
  req_sync_q_reg[12]/D  (P)     -     R     DFFQXL         1    -     -     0     162    (-,-) 
#----------------------------------------------------------------------------------------------

(P) : Instance is preserved

Some unconstrained paths have not been displayed.
Use -unconstrained or set the root attribute 'timing_report_unconstrained' to 'true' to see only these unconstrained paths.

