TMPDIR is being set to /tmp/genus_temp_71333_f44dec07-4a1f-462b-b420-d16dba89024c_<REMOTE_HOST>_<REMOTE_USER>_4XQV5z
Cadence Genus(TM) Synthesis Solution.
Copyright 2025 Cadence Design Systems, Inc. All rights reserved worldwide.
Cadence and the Cadence logo are registered trademarks and Genus is a trademark
of Cadence Design Systems, Inc. in the United States and other countries.

[17:30:20.377193] Configured Lic search path (23.02-s006): 5280@<LICENSE_HOST>

Version: 23.14-s090_1, built Wed Feb 26 17:49:50 PST 2025
Options: -batch -files <REMOTE_WORKSPACE>/scripts/aer45_genus_lowpower.tcl 
Date:    Wed Aug 26 17:30:20 2026
Host:    <REMOTE_HOST> (x86_64 w/Linux 3.10.0-1160.81.1.el7.x86_64) (16cores*64cpus*2physical cpus*Intel(R) Xeon(R) Gold 6246R CPU @ 3.40GHz 36608KB) (1055184748KB)
PID:     71333
OS:      CentOS Linux 7 (Core)

Checking out license: Genus_Synthesis
[17:30:20.443379] Periodic Lic check successful
[17:30:20.443417] Feature usage summary:
[17:30:20.443419] Genus_Synthesis



***********************************************************************************************************
***********************************************************************************************************



Finished executable startup (1 second elapsed).

Loading tool scripts...
Finished loading tool scripts (18 seconds elapsed).

#@ Processing -files option
@genus:root: 1> source <REMOTE_WORKSPACE>/scripts/aer45_genus_lowpower.tcl
#@ Begin verbose source <REMOTE_WORKSPACE>/scripts/aer45_genus_lowpower.tcl
@file(aer45_genus_lowpower.tcl) 1: foreach required_env {AER45_RTL AER45_TOP AER45_TAG AER45_OUT AER45_MODE} {
    if {![info exists ::env($required_env)]} {error "$required_env is required"}
}
@file(aer45_genus_lowpower.tcl) 4: set pdk_root "$::env(HOME)/aer_2026/pdk45_digital"
@file(aer45_genus_lowpower.tcl) 5: set basic "$pdk_root/gsclib045/timing/slow_vdd1v0_basicCells.lib"
@file(aer45_genus_lowpower.tcl) 6: set mbff "$pdk_root/gsclib045/timing/slow_vdd1v0_multibitsDFF.lib"
@file(aer45_genus_lowpower.tcl) 7: set rtl $::env(AER45_RTL)
@file(aer45_genus_lowpower.tcl) 8: set top $::env(AER45_TOP)
@file(aer45_genus_lowpower.tcl) 9: set tag $::env(AER45_TAG)
@file(aer45_genus_lowpower.tcl) 10: set out $::env(AER45_OUT)
@file(aer45_genus_lowpower.tcl) 11: set mode $::env(AER45_MODE)
@file(aer45_genus_lowpower.tcl) 12: file mkdir $out
@file(aer45_genus_lowpower.tcl) 13: if {$mode eq "mbff" || $mode eq "both"} {
    read_libs [list $basic $mbff]
    set_db use_multibit_cells true
    set_db multibit_mapping_effort_level high
    set_db multibit_preserve_inferred_instances true
} else {read_libs $basic}

  Message Summary for Library slow_vdd1v0_basicCells.lib:
  *******************************************************
  Missing a function attribute in the output pin definition. [LBR-518]: 1
  *******************************************************
 
Info    : Created nominal operating condition. [LBR-412]
        : Operating condition '_nominal_' was created for the PVT values (1.000000, 0.900000, 125.000000) in library 'slow_vdd1v0_basicCells.lib'.
        : The nominal operating condition is represented, either by the nominal PVT values specified in the library source (via nom_process,nom_voltage and nom_temperature respectively), or by the default PVT values (1.0,1.0,1.0).
Warning : Library cell has no output pins defined. [LBR-9]
        : Library cell 'ANTENNA' must have an output pin.
        : Add the missing output pin(s), then reload the library. Else the library cell will be marked as timing model i.e. unusable. Timing_model means that the cell does not have any defined function. If there is no output pin, Genus will mark library cell as unusable i.e. the attribute 'usable' will be marked to 'false' on the libcell. Therefore, the cell is not used for mapping and it will not be picked up from the library for synthesis. If you query the attribute 'unusable_reason' on the libcell; result will be: 'Library cell has no output pins.'Note: The message LBR-9 is only for the logical pins and not for the power_ground pins. Genus will depend upon the output function defined in the pin group (output pin) of the cell, to use it for mapping. The pg_pin will not have any function defined.
Warning : Library cell has no output pins defined. [LBR-9]
        : Library cell 'ANTENNA' must have an output pin.
Warning : Library cell has no output pins defined. [LBR-9]
        : Library cell 'DECAP10' must have an output pin.
Warning : Library cell has no output pins defined. [LBR-9]
        : Library cell 'DECAP10' must have an output pin.
Warning : Library cell has no output pins defined. [LBR-9]
        : Library cell 'DECAP2' must have an output pin.
Warning : Library cell has no output pins defined. [LBR-9]
        : Library cell 'DECAP2' must have an output pin.
Warning : Library cell has no output pins defined. [LBR-9]
        : Library cell 'DECAP3' must have an output pin.
Warning : Library cell has no output pins defined. [LBR-9]
        : Library cell 'DECAP3' must have an output pin.
Warning : Library cell has no output pins defined. [LBR-9]
        : Library cell 'DECAP4' must have an output pin.
Warning : Library cell has no output pins defined. [LBR-9]
        : Library cell 'DECAP4' must have an output pin.
Warning : Library cell has no output pins defined. [LBR-9]
        : Library cell 'DECAP5' must have an output pin.
Warning : Library cell has no output pins defined. [LBR-9]
        : Library cell 'DECAP5' must have an output pin.
Warning : Library cell has no output pins defined. [LBR-9]
        : Library cell 'DECAP6' must have an output pin.
Warning : Library cell has no output pins defined. [LBR-9]
        : Library cell 'DECAP6' must have an output pin.
Warning : Library cell has no output pins defined. [LBR-9]
        : Library cell 'DECAP7' must have an output pin.
Warning : Library cell has no output pins defined. [LBR-9]
        : Library cell 'DECAP7' must have an output pin.
Warning : Library cell has no output pins defined. [LBR-9]
        : Library cell 'DECAP8' must have an output pin.
Warning : Library cell has no output pins defined. [LBR-9]
        : Library cell 'DECAP8' must have an output pin.
Warning : Library cell has no output pins defined. [LBR-9]
        : Library cell 'DECAP9' must have an output pin.
Warning : Library cell has no output pins defined. [LBR-9]
        : Library cell 'DECAP9' must have an output pin.
@file(aer45_genus_lowpower.tcl) 19: if {$mode eq "icg" || $mode eq "both"} {
    set_db lp_insert_clock_gating true
    set_db lp_clock_gating_infer_enable true
    set_db lp_clock_gating_coverage_effort high
}
  Setting attribute of root '/': 'lp_insert_clock_gating' = true
  Setting attribute of root '/': 'lp_clock_gating_infer_enable' = true
  Setting attribute of root '/': 'lp_clock_gating_coverage_effort' = high
@file(aer45_genus_lowpower.tcl) 24: read_hdl -sv $rtl
    (* ASYNC_REG = "TRUE" *) logic [1:0] reset_release_q;
       |
Warning : Unused attribute. [VLOGPT-506]
        : Attribute 'ASYNC_REG' in file '<REMOTE_WORKSPACE>/rtl/aer_pending_gray_rank_reuse_sync_core_reset.sv' on line 94, column 8.
    (* ASYNC_REG = "TRUE" *) logic [15:0] req_meta_q,req_sync_q;
       |
Warning : Unused attribute. [VLOGPT-506]
        : Attribute 'ASYNC_REG' in file '<REMOTE_WORKSPACE>/rtl/aer_pending_gray_rank_reuse_sync_core_reset.sv' on line 102, column 8.
@file(aer45_genus_lowpower.tcl) 25: elaborate $top
  Library has 324 usable logic and 128 usable sequential lib-cells.
Info    : Elaborating Design. [ELAB-1]
        : Elaborating top-level block 'aer_pending_gray_rank_reuse_sync_core_reset' from file '<REMOTE_WORKSPACE>/rtl/aer_pending_gray_rank_reuse_sync_core_reset.sv'.
Info    : Done Elaborating Design. [ELAB-3]
        : Done elaborating 'aer_pending_gray_rank_reuse_sync_core_reset'.
Checking for source RTL...
Check completed for source RTL.
Running Unified Mux Engine Tricks...
Completed Unified Mux Engine Tricks

Stage: post_elab
-------------------------------------------------------
| Trick             | Accepts | Rejects | Runtime (s) | 
-------------------------------------------------------
| ume_constant_bmux |       0 |       0 |        0.00 | 
| ume_merge         |       0 |       0 |        0.00 | 
| ume_ssm           |       0 |       0 |        0.00 | 
| ume_cse           |       0 |       0 |        0.00 | 
| ume_shrink        |       2 |       0 |        0.00 | 
| ume_sweep         |       1 |       0 |        0.00 | 
| ume_constant_bmux |       0 |       0 |        0.00 | 
| ume_merge         |       0 |       0 |        0.00 | 
| ume_ssm           |       0 |       0 |        0.00 | 
| ume_cse           |       0 |       0 |        0.00 | 
| ume_shrink        |       0 |       0 |        0.00 | 
| ume_sweep         |       0 |       0 |        0.00 | 
-------------------------------------------------------
Starting optimize datapath shifters [v1.0] (stage: post_elab, startdef: aer_pending_gray_rank_reuse_sync_core_reset, recur: true)
Completed optimize datapath shifters (accepts: 0, rejects: 0, runtime: 0.000s)
Starting clip mux common data inputs [v1.0] (stage: post_elab, startdef: aer_pending_gray_rank_reuse_sync_core_reset, recur: true)
Completed clip mux common data inputs (accepts: 0, rejects: 0, runtime: 0.000s)
Starting clip the non-user hierarchies [v2.0] (stage: post_elab, startdef: aer_pending_gray_rank_reuse_sync_core_reset, recur: true)
Completed clip the non-user hierarchies (accepts: 0, rejects: 0, runtime: 0.000s)
Starting basic netlist cleanup [v1.0] (stage: post_elab, startdef: aer_pending_gray_rank_reuse_sync_core_reset, recur: true)
Completed basic netlist cleanup (accepts: 0, rejects: 0, runtime: 0.000s)

Stage: post_elab
--------------------------------------------------------------------
| Transform                      | Accepts | Rejects | Runtime (s) | 
--------------------------------------------------------------------
| hlo_optimize_datapath_shifters |       0 |       0 |        0.00 | 
| hlo_clip_mux_input             |       0 |       0 |        0.00 | 
| hlo_clip                       |       0 |       0 |        0.00 | 
| hlo_cleanup                    |       0 |       0 |        0.00 | 
--------------------------------------------------------------------
UM:   flow.cputime  flow.realtime  timing.setup.tns  timing.setup.wns  snapshot
UM:*                                                                   elaborate
@file(aer45_genus_lowpower.tcl) 26: check_design -unresolved


 	 Check Design Report (c)
	 ------------------- 

  Unresolved References & Empty Modules
  ------------------------------------- 
No unresolved references in design 'aer_pending_gray_rank_reuse_sync_core_reset'

No empty modules in design 'aer_pending_gray_rank_reuse_sync_core_reset'

  Done Checking the design.
@file(aer45_genus_lowpower.tcl) 27: set synchronizer_insts [concat [get_db insts *req_meta_q_reg*] [get_db insts *req_sync_q_reg*] [get_db insts *reset_release_q_reg*]]
@file(aer45_genus_lowpower.tcl) 28: if {[llength $synchronizer_insts]!=34} {error "$tag pre-map synchronizer count mismatch"}
@file(aer45_genus_lowpower.tcl) 29: if {$mode eq "mbff" || $mode eq "both"} {set_db $synchronizer_insts .dont_merge_multibit true}
@file(aer45_genus_lowpower.tcl) 30: set scan_cells [get_db lib_cells *SDFF*]
@file(aer45_genus_lowpower.tcl) 31: if {[llength $scan_cells]>0} {set_db $scan_cells .avoid true}
  Setting attribute of lib_cell 'SDFFHQX1': 'avoid' = true
  Setting attribute of lib_cell 'SDFFHQX2': 'avoid' = true
  Setting attribute of lib_cell 'SDFFHQX4': 'avoid' = true
  Setting attribute of lib_cell 'SDFFHQX8': 'avoid' = true
  Setting attribute of lib_cell 'SDFFNSRX1': 'avoid' = true
  Setting attribute of lib_cell 'SDFFNSRX2': 'avoid' = true
  Setting attribute of lib_cell 'SDFFNSRX4': 'avoid' = true
  Setting attribute of lib_cell 'SDFFNSRXL': 'avoid' = true
  Setting attribute of lib_cell 'SDFFQX1': 'avoid' = true
  Setting attribute of lib_cell 'SDFFQX2': 'avoid' = true
  Setting attribute of lib_cell 'SDFFQX4': 'avoid' = true
  Setting attribute of lib_cell 'SDFFQXL': 'avoid' = true
  Setting attribute of lib_cell 'SDFFRHQX1': 'avoid' = true
  Setting attribute of lib_cell 'SDFFRHQX2': 'avoid' = true
  Setting attribute of lib_cell 'SDFFRHQX4': 'avoid' = true
  Setting attribute of lib_cell 'SDFFRHQX8': 'avoid' = true
  Setting attribute of lib_cell 'SDFFRX1': 'avoid' = true
  Setting attribute of lib_cell 'SDFFRX2': 'avoid' = true
  Setting attribute of lib_cell 'SDFFRX4': 'avoid' = true
  Setting attribute of lib_cell 'SDFFRXL': 'avoid' = true
  Setting attribute of lib_cell 'SDFFSHQX1': 'avoid' = true
  Setting attribute of lib_cell 'SDFFSHQX2': 'avoid' = true
  Setting attribute of lib_cell 'SDFFSHQX4': 'avoid' = true
  Setting attribute of lib_cell 'SDFFSHQX8': 'avoid' = true
  Setting attribute of lib_cell 'SDFFSRHQX1': 'avoid' = true
  Setting attribute of lib_cell 'SDFFSRHQX2': 'avoid' = true
  Setting attribute of lib_cell 'SDFFSRHQX4': 'avoid' = true
  Setting attribute of lib_cell 'SDFFSRHQX8': 'avoid' = true
  Setting attribute of lib_cell 'SDFFSRX1': 'avoid' = true
  Setting attribute of lib_cell 'SDFFSRX2': 'avoid' = true
  Setting attribute of lib_cell 'SDFFSRX4': 'avoid' = true
  Setting attribute of lib_cell 'SDFFSRXL': 'avoid' = true
  Setting attribute of lib_cell 'SDFFSX1': 'avoid' = true
  Setting attribute of lib_cell 'SDFFSX2': 'avoid' = true
  Setting attribute of lib_cell 'SDFFSX4': 'avoid' = true
  Setting attribute of lib_cell 'SDFFSXL': 'avoid' = true
  Setting attribute of lib_cell 'SDFFTRX1': 'avoid' = true
  Setting attribute of lib_cell 'SDFFTRX2': 'avoid' = true
  Setting attribute of lib_cell 'SDFFTRX4': 'avoid' = true
  Setting attribute of lib_cell 'SDFFTRXL': 'avoid' = true
  Setting attribute of lib_cell 'SDFFX1': 'avoid' = true
  Setting attribute of lib_cell 'SDFFX2': 'avoid' = true
  Setting attribute of lib_cell 'SDFFX4': 'avoid' = true
  Setting attribute of lib_cell 'SDFFXL': 'avoid' = true
@file(aer45_genus_lowpower.tcl) 32: create_clock -name clk -period 10.000 [get_ports clk]
  Library has 324 usable logic and 84 usable sequential lib-cells.
@file(aer45_genus_lowpower.tcl) 33: set_false_path -from [get_ports src_req_async*]
@file(aer45_genus_lowpower.tcl) 34: set_input_delay 1.000 -clock clk [get_ports out_ready]
@file(aer45_genus_lowpower.tcl) 35: set_output_delay 1.000 -clock clk [get_ports {src_ack_async* out_addr* out_valid}]
@file(aer45_genus_lowpower.tcl) 36: set_max_transition 0.500 [current_design]
@file(aer45_genus_lowpower.tcl) 37: set_max_fanout 16 [current_design]
@file(aer45_genus_lowpower.tcl) 38: syn_generic
stamp 'PBS_Generic-Start' being created for table 'pbs_debug'

  Total Time (Wall) |  Stage Time (Wall)  |   % (Wall)   |    Date - Time     |  Memory   | Stage
--------------------+---------------------+--------------+--------------------+-----------+----------------------
 00:00:21(00:00:18) |  00:00:00(00:00:00) |   0.0(  0.0) |   17:30:40 (Aug26) |  401.7 MB | PBS_Generic-Start
--------------------+---------------------+--------------+--------------------+-----------+----------------------
Number of threads: 8 * 1   (id: pbs_debug, time_info v1.57)
Info: (*N*) indicates data that was populated from previously saved time_info database
Info: CPU time includes time of parent + longest thread

Stage: pre_early_cg
-----------------------------------------------
| Transform | Accepts | Rejects | Runtime (s) | 
-----------------------------------------------
-----------------------------------------------
Mapping ChipWare ICG instances in aer_pending_gray_rank_reuse_sync_core_reset
Found 0 unmapped ChipWare ICG instances
Mapped 0 of 0 ChipWare ICG instances
EarlyCg insertion, version 4
[Clock Gating] Propagating constants ...
Multi-threaded constant propagation [4|0] ...
  total runtime for constant propagation: 00:00 walltime (min:sec)
[Clock Gating] Propagating constants done. (0 s.)
[Clock Gating] Reordering datapath muxes ...
[Clock Gating] Reordering datapath muxes done. (0 s.)
[Clock Gating] Decloning datapath insts ...
[Clock Gating] Decloning datapath insts done. (0 s.)
[Clock Gating] Removing redundant muxes pre insertion ...
  total runtime for constant propagation: 00:00 walltime (min:sec)
[Clock Gating] Removing redundant muxes pre insertion done. (0 s.)
  Setting attribute of root '/': 'basic_opto_skip_datapath' = true
[Clock Gating] Clock gating design ...
  Inserting clock-gating logic in netlist from 'design:aer_pending_gray_rank_reuse_sync_core_reset'
Inserting clock-gating logic .....
Required integrated clock-gating cells: 
--------------------------------------------------------------------------------------------------------------------------------------------------------------
| Type of CG               | Library domain | Async CG | Available                                                                                           | 
--------------------------------------------------------------------------------------------------------------------------------------------------------------
| latch_posedge_precontrol | _default_      | No       | TLATNTSCAX12 TLATNTSCAX16 TLATNTSCAX2 TLATNTSCAX20 TLATNTSCAX3 TLATNTSCAX4 TLATNTSCAX6 TLATNTSCAX8  | 
--------------------------------------------------------------------------------------------------------------------------------------------------------------
Required integrated clock-gating cells: 
--------------------------------------------------------------------------------------------------------------------------------------------------------------
| Type of CG               | Library domain | Async CG | Available                                                                                           | 
--------------------------------------------------------------------------------------------------------------------------------------------------------------
| latch_posedge_precontrol | _default_      | No       | TLATNTSCAX12 TLATNTSCAX16 TLATNTSCAX2 TLATNTSCAX20 TLATNTSCAX3 TLATNTSCAX4 TLATNTSCAX6 TLATNTSCAX8  | 
--------------------------------------------------------------------------------------------------------------------------------------------------------------
Clock Gating Status
===================
Category                                Number    Percentage
------------------------------------------------------------------
Gated flip-flops                        4		  6%
Ungated flip-flops
  Cannot map to requested logic         0		  0%
  Enable signal is constant             0		  0%
  Excluded from clock-gating            0		  0%
  User preserved                        0		  0%
  Libcell unusable                      0		  0%
  Enable not found                      33		 46%
  Timing exception in enable logic      0		  0%
  Register bank width too small         34		 48%
Total flip-flops                        71		100%
Total CG Modules                        1
[Clock Gating] Clock gating design done. (0 s.)
  Resetting attribute of root '/': 'basic_opto_skip_datapath' = false
[Clock Gating] Dissolving small equality operators ...
[Clock Gating] Dissolving small equality operators done. (0 s.)
      flow.cputime  flow.realtime  timing.setup.tns  timing.setup.wns  snapshot
UM:*                                                                   power_ecg_insertion
PBS_Generic-earlyCG - Elapsed_Time 1, CPU_Time -4.000000000559112e-6
stamp 'PBS_Generic-earlyCG' being created for table 'pbs_debug'

  Total Time (Wall) |  Stage Time (Wall)  |   % (Wall)   |    Date - Time     |  Memory   | Stage
--------------------+---------------------+--------------+--------------------+-----------+----------------------
 00:00:21(00:00:18) |  00:00:00(00:00:00) |  -0.0(  0.0) |   17:30:40 (Aug26) |  401.7 MB | PBS_Generic-Start
--------------------+---------------------+--------------+--------------------+-----------+----------------------
 00:00:20(00:00:19) | -01:59:56(00:00:01) | 100.0(100.0) |   17:30:41 (Aug26) |  401.7 MB | PBS_Generic-earlyCG
--------------------+---------------------+--------------+--------------------+-----------+----------------------
Number of threads: 8 * 1   (id: pbs_debug, time_info v1.57)
Info: (*N*) indicates data that was populated from previously saved time_info database
Info: CPU time includes time of parent + longest thread
##Generic Timing Info: typical gate delay  133.2 ps   std_slew:   15.8 ps   std_load:  0.6 fF  for library domain _default_
Starting mux data reorder optimization [v1.0] (stage: pre_to_gen_setup, startdef: aer_pending_gray_rank_reuse_sync_core_reset, recur: true)
Completed mux data reorder optimization (accepts: 0, rejects: 0, runtime: 0.000s)

Stage: pre_to_gen_setup
-----------------------------------------------------
| Transform       | Accepts | Rejects | Runtime (s) | 
-----------------------------------------------------
| hlo_mux_reorder |       0 |       0 |        0.00 | 
-----------------------------------------------------
Running DP early constant propagation (netlist aer_pending_gray_rank_reuse_sync_core_reset)...
Running DP early redundancy removal
Completed DP early redundancy removal on aer_pending_gray_rank_reuse_sync_core_reset (runtime = 0.0s)
...done running DP early constant propagation (0 seconds CPU time, 0 seconds wall time, netlist aer_pending_gray_rank_reuse_sync_core_reset).
Info    : Synthesizing. [SYNTH-1]
        : Synthesizing 'aer_pending_gray_rank_reuse_sync_core_reset' to generic gates using 'medium' effort.
Running Synthesis Turbo Flow Version 3.
Info    : Partition Based Synthesis execution skipped. [PHYS-752]
        : Design size is less than the partition size '100000' for distributed generic optimization to kick in.
Starting mux data reorder optimization [v1.0] (stage: pre_to_gen_setup, startdef: aer_pending_gray_rank_reuse_sync_core_reset, recur: true)
Completed mux data reorder optimization (accepts: 0, rejects: 0, runtime: 0.001s)

Stage: pre_to_gen_setup
-----------------------------------------------------
| Transform       | Accepts | Rejects | Runtime (s) | 
-----------------------------------------------------
| hlo_mux_reorder |       0 |       0 |        0.00 | 
-----------------------------------------------------
Starting mux data reorder optimization [v1.0] (stage: post_to_gen_setup, startdef: aer_pending_gray_rank_reuse_sync_core_reset, recur: true)
Completed mux data reorder optimization (accepts: 0, rejects: 0, runtime: 0.000s)

Stage: post_to_gen_setup
-----------------------------------------------------
| Transform       | Accepts | Rejects | Runtime (s) | 
-----------------------------------------------------
| hlo_mux_reorder |       0 |       0 |        0.00 | 
-----------------------------------------------------
Running Unified Mux Engine Tricks...
Completed Unified Mux Engine Tricks

Stage: pre_hlo_rtlopt
-----------------------------------------------
| Trick     | Accepts | Rejects | Runtime (s) | 
-----------------------------------------------
| ume_ssm   |       0 |       0 |        0.00 | 
| ume_sweep |       0 |       0 |        0.00 | 
| ume_share |       0 |       0 |        0.00 | 
-----------------------------------------------
Begin SDR optimization CTX_region 
  Setting attribute of root '/': 'hier_sandbox_support_folded' = 1
#Special hiers formed inside aer_gray_rank_ring_selector16 = 0
#Special hiers formed inside aer_pending_gray_rank_reuse_sync_core_reset = 0
No special hier is found 
  Setting attribute of root '/': 'hier_sandbox_support_folded' = 0
End SDR optimization CTX_region 
Begin SDR optimization UME_region 
  Setting attribute of root '/': 'hier_sandbox_support_folded' = 1
#Special hiers formed inside aer_gray_rank_ring_selector16 = 0
#Special hiers formed inside aer_pending_gray_rank_reuse_sync_core_reset = 0
No special hier is found 
  Setting attribute of root '/': 'hier_sandbox_support_folded' = 0
End SDR optimization UME_region 
Starting timing based select reordering [v1.0] (stage: pre_rtlopt, startdef: aer_pending_gray_rank_reuse_sync_core_reset, recur: true)
Completed timing based select reordering (accepts: 0, rejects: 0, runtime: 0.026s)
Starting recase case-box optimization [v1.0] (stage: pre_rtlopt, startdef: aer_pending_gray_rank_reuse_sync_core_reset, recur: true)
Completed recase case-box optimization (accepts: 0, rejects: 0, runtime: 0.002s)
Starting infer macro optimization [v1.0] (stage: pre_rtlopt, startdef: aer_pending_gray_rank_reuse_sync_core_reset, recur: true)
Completed infer macro optimization (accepts: 0, rejects: 34, runtime: 0.001s)
Starting decode mux sandwich optimization [v2.0] (stage: pre_rtlopt, startdef: aer_pending_gray_rank_reuse_sync_core_reset, recur: true)
Completed decode mux sandwich optimization (accepts: 0, rejects: 0, runtime: 0.000s)
Starting decode mux optimization [v1.0] (stage: pre_rtlopt, startdef: aer_pending_gray_rank_reuse_sync_core_reset, recur: true)
Completed decode mux optimization (accepts: 0, rejects: 0, runtime: 0.000s)
Starting chop wide muxes [v1.0] (stage: pre_rtlopt, startdef: aer_pending_gray_rank_reuse_sync_core_reset, recur: true)
Completed chop wide muxes (accepts: 0, rejects: 0, runtime: 0.000s)
Starting common data mux cascade opt [v1.0] (stage: pre_rtlopt, startdef: aer_pending_gray_rank_reuse_sync_core_reset, recur: true)
Completed common data mux cascade opt (accepts: 0, rejects: 0, runtime: 0.000s)
Starting mux input consolidation [v1.0] (stage: pre_rtlopt, startdef: aer_pending_gray_rank_reuse_sync_core_reset, recur: true)
Completed mux input consolidation (accepts: 0, rejects: 0, runtime: 0.001s)
Starting constant-data mux optimization [v1.0] (stage: pre_rtlopt, startdef: aer_pending_gray_rank_reuse_sync_core_reset, recur: true)
Completed constant-data mux optimization (accepts: 0, rejects: 0, runtime: 0.000s)
Starting chain-to-tree inequality transform [v2.0] (stage: pre_rtlopt, startdef: aer_pending_gray_rank_reuse_sync_core_reset, recur: true)
Completed chain-to-tree inequality transform (accepts: 0, rejects: 0, runtime: 0.001s)
Starting reconvergence optimization [v1.0] (stage: pre_rtlopt, startdef: aer_pending_gray_rank_reuse_sync_core_reset, recur: true)
Completed reconvergence optimization (accepts: 0, rejects: 0, runtime: 0.000s)
Starting logic restructure optimization [v1.0] (stage: pre_rtlopt, startdef: aer_pending_gray_rank_reuse_sync_core_reset, recur: true)
Completed logic restructure optimization (accepts: 0, rejects: 0, runtime: 0.001s)
Starting identity transform [v3.0] (stage: pre_rtlopt, startdef: aer_pending_gray_rank_reuse_sync_core_reset, recur: true)
Completed identity transform (accepts: 0, rejects: 0, runtime: 0.000s)
Starting reduce operator chain [v1.0] (stage: pre_rtlopt, startdef: aer_pending_gray_rank_reuse_sync_core_reset, recur: true)
Completed reduce operator chain (accepts: 0, rejects: 0, runtime: 0.000s)
Starting common data mux cascade opt [v1.0] (stage: pre_rtlopt, startdef: aer_pending_gray_rank_reuse_sync_core_reset, recur: true)
Completed common data mux cascade opt (accepts: 0, rejects: 0, runtime: 0.000s)
Starting mux input consolidation [v1.0] (stage: pre_rtlopt, startdef: aer_pending_gray_rank_reuse_sync_core_reset, recur: true)
Completed mux input consolidation (accepts: 0, rejects: 0, runtime: 0.000s)
Starting optimize datapath elements [v1.0] (stage: pre_rtlopt, startdef: aer_pending_gray_rank_reuse_sync_core_reset, recur: true)
Completed optimize datapath elements (accepts: 0, rejects: 0, runtime: 0.000s)
Starting datapath recasting [v1.0] (stage: pre_rtlopt, startdef: aer_pending_gray_rank_reuse_sync_core_reset, recur: true)
Completed datapath recasting (accepts: 0, rejects: 0, runtime: 0.000s)
Starting word-level redundancy removal [v1.0] (stage: pre_rtlopt, startdef: aer_pending_gray_rank_reuse_sync_core_reset, recur: true)
Info    : Setting up the version of high level Redundancy Removal Optimizations. [HLO_RR-1]
        : hlo_rr=1: Enables RRv1, on by default.
Completed word-level redundancy removal (accepts: 0, rejects: 0, runtime: 0.019s)
Starting clip mux common data inputs [v1.0] (stage: pre_rtlopt, startdef: aer_pending_gray_rank_reuse_sync_core_reset, recur: true)
Completed clip mux common data inputs (accepts: 0, rejects: 0, runtime: 0.001s)
Starting clip the non-user hierarchies [v2.0] (stage: pre_rtlopt, startdef: aer_pending_gray_rank_reuse_sync_core_reset, recur: true)
Completed clip the non-user hierarchies (accepts: 0, rejects: 0, runtime: 0.000s)
Starting basic netlist cleanup [v1.0] (stage: pre_rtlopt, startdef: aer_pending_gray_rank_reuse_sync_core_reset, recur: true)
Completed basic netlist cleanup (accepts: 0, rejects: 0, runtime: 0.000s)

Stage: pre_rtlopt
-----------------------------------------------------------------
| Transform                   | Accepts | Rejects | Runtime (s) | 
-----------------------------------------------------------------
| hlo_timing_reorder          |       0 |       0 |        0.03 | 
| hlo_recase_casebox          |       0 |       0 |        0.00 | 
| hlo_infer_macro             |       0 |      34 |        0.00 | 
| hlo_decode_mux_sandwich     |       0 |       0 |        0.00 | 
| hlo_mux_decode              |       0 |       0 |        0.00 | 
| hlo_chop_mux                |       0 |       0 |        0.00 | 
| hlo_mux_cascade_opt         |       0 |       0 |        0.00 | 
| hlo_mux_consolidation       |       0 |       0 |        0.00 | 
| hlo_constant_mux_opt        |       0 |       0 |        0.00 | 
| hlo_inequality_transform    |       0 |       0 |        0.00 | 
| hlo_reconv_opt              |       0 |       0 |        0.00 | 
| hlo_restructure             |       0 |       0 |        0.00 | 
| hlo_identity_transform      |       0 |       0 |        0.00 | 
| hlo_reduce_operator_chain   |       0 |       0 |        0.00 | 
| hlo_mux_cascade_opt         |       0 |       0 |        0.00 | 
| hlo_mux_consolidation       |       0 |       0 |        0.00 | 
| hlo_optimize_datapath       |       0 |       0 |        0.00 | 
| hlo_datapath_recast         |       0 |       0 |        0.00 | 
| hlo_redundancy_removal_word |       0 |       0 |        0.02 | 
| hlo_clip_mux_input          |       0 |       0 |        0.00 | 
| hlo_clip                    |       0 |       0 |        0.00 | 
| hlo_cleanup                 |       0 |       0 |        0.00 | 
-----------------------------------------------------------------
Running Unified Mux Engine Tricks...
Completed Unified Mux Engine Tricks

Stage: post_hlo_rtlopt
----------------------------------------------------------
| Trick                | Accepts | Rejects | Runtime (s) | 
----------------------------------------------------------
| ume_sweep_aggressive |       0 |       0 |        0.00 | 
| ume_runtime          |       0 |       0 |        0.00 | 
----------------------------------------------------------
Number of big hc bmuxes before = 0
Number of non-ctl's : 1
mux_tail_mask_63_14 
SOP DEBUG : Module= aer_gray_rank_ring_selector16, Cluster= ctl_last_lane_63_14, ctl= 1, Non-ctl= 1
Selected impl_type 0 (ctl + 1-hot mux form) for sop cluster ctl_last_lane_63_14.
Info    : Pre-processed datapath logic. [DPOPT-6]
        : Pre-processing optimizations applied to datapath logic in 'aer_pending_gray_rank_reuse_sync_core_reset':
          sop(1) 
Info    : Optimizing datapath logic. [DPOPT-1]
        : Optimizing datapath logic in 'aer_pending_gray_rank_reuse_sync_core_reset'.
Info    : Implementing datapath configurations. [DPOPT-3]
        : Implementing datapath configurations for 'CDN_DP_region_0_0'
CSAGen Prep Share:0 Re-Write:0 Speculation: 0
CDN_DP_region_0_0 level = 0 loads = 0 drivers = 0
CDN_DP_region_0_0_c0 in aer_pending_gray_rank_reuse_sync_core_reset: area: 1029015150 , DP = 14  Decode = 3  Mux = 43  other = 41  sg = slow     
    wns: 0  norm_wns:  -1.0000 
    tns:  0
Combined costing for score 0.00 is 0.00
 skipped
CDN_DP_region_0_0_c1 in aer_pending_gray_rank_reuse_sync_core_reset: area: 976963800 , DP = 1  Decode = 3  Mux = 39  other = 159  sg = fast     
    wns: 0  norm_wns:  -1.0000 
    tns:  0
Combined costing for score 0.00 is 0.00
 is current best
CDN_DP_region_0_0_c2 in aer_pending_gray_rank_reuse_sync_core_reset: area: 976963800 , DP = 1  Decode = 3  Mux = 39  other = 159  sg = very_slow
    wns: 0  norm_wns:  -1.0000 
    tns:  0
Combined costing for score 0.00 is 0.00
 is current best
CDN_DP_region_0_0_c3 in aer_pending_gray_rank_reuse_sync_core_reset: area: 976963800 , DP = 1  Decode = 3  Mux = 39  other = 159  sg = very_fast
    wns: 0  norm_wns:  -1.0000 
    tns:  0
Combined costing for score 0.00 is 0.00
 is current best
CDN_DP_region_0_0_c4 in aer_pending_gray_rank_reuse_sync_core_reset: area: 976963800 , DP = 1  Decode = 3  Mux = 39  other = 159  sg = very_fast
    wns: 0  norm_wns:  -1.0000 
    tns:  0
Combined costing for score 0.00 is 0.00
 is current best
CDN_DP_region_0_0_c5 in aer_pending_gray_rank_reuse_sync_core_reset: area: 976963800 , DP = 1  Decode = 3  Mux = 39  other = 159  sg = very_fast
    wns: 0  norm_wns:  -1.0000 
    tns:  0
Combined costing for score 0.00 is 0.00
 is current best
CDN_DP_region_0_0_c6 in aer_pending_gray_rank_reuse_sync_core_reset: area: 976963800 , DP = 1  Decode = 3  Mux = 39  other = 159  sg = very_fast
    wns: 0  norm_wns:  -1.0000 
    tns:  0
Combined costing for score 0.00 is 0.00
 is current best
CDN_DP_region_0_0_c7 in aer_pending_gray_rank_reuse_sync_core_reset: area: 976963800 , DP = 1  Decode = 3  Mux = 39  other = 159  sg = very_fast
    wns: 0  norm_wns:  -1.0000 
    tns:  0
Combined costing for score 0.00 is 0.00
 is current best
Best config: CDN_DP_region_0_0_c7 in aer_pending_gray_rank_reuse_sync_core_reset: area: 976963800 , DP = 1  Decode = 3  Mux = 39  other = 159  sg = very_fast
    wns: 0  norm_wns:  -1.0000 
    tns:  0
Combined costing for score 0.00 is 0.00
  Smallest config area : 976963800.  Fastest config wns;  0
##>+----------------------------------------------------------------------------------------------------------------------------------------------------------------+
##>Summary table of configs (Best config is CDN_DP_region_0_0_c7)
##>+----------------------------------------------------------------------------------------------------------------------------------------------------------------+
##>                     0                  1                  2                  3                  4                  5                  6                  7            
##>+----------------------------------------------------------------------------------------------------------------------------------------------------------------+
##>           Area       1029015150          976963800          976963800          976963800          976963800          976963800          976963800          976963800  
##>            WNS         +7197.80           +7298.10           +7298.10           +7298.10           +7298.10           +7298.10           +7298.10           +7298.10  
##>            TNS                0                  0                  0                  0                  0                  0                  0                  0  
##>    Num Rewrite                0                  4                  4                  4                  4                  4                  4                  4  
##>     Num Factor                0                  0                  0                  0                  0                  0                  0                  0  
##>      Num Share                0                  0                  0                  0                  0                  0                  0                  0  
##>   Num CmultCse                0                  0                  0                  0                  0                  0                  0                  0  
##>   Num Downsize                0                  0                  0                  0                  0                  0                  0                  0  
##>  Num Speculate                0                  0                  0                  0                  0                  0                  0                  0  
##>     Runtime(s)                0                  0                  0                  0                  0                  0                  0                  0  
+----------------------------------------------------------------------------------------------------------------------------------------------------------------+
##>
##>
##>+-----------------------------------------------------------------------------------------------------------------------------------------------------------------------------------------------------+
##>Optimization Step DEBUG Table for config CDN_DP_region_0_0_c7
##>
##>                          Step                        Area   (  % Chg)         WNS (Change)          TNS (Change)                Power   (  % Chg)        Runtime (s)        Comment                   
##>+-----------------------------------------------------------------------------------------------------------------------------------------------------------------------------------------------------+
##>EquationExtraction              START             1029015150 (       )     7197.80 (        )          0 (        )                    0 (       )              
##> rewrite                        START             1035688400 (  +0.65)     7103.50 (  -94.30)          0 (       0)                    0 (  +0.00)              (a,ar) Expr0_from --> Expr0_to
##>                                  END             1050369550 (  +1.42)     7103.50 (   +0.00)          0 (       0)                    0 (  +0.00)           0  
##>                                  END             1029015150 (  +0.00)     7197.80 (   +0.00)          0 (       0)                    0 (  +0.00)           0  
##>createMaxCarrySave              START             1029015150 (  +0.00)     7197.80 (   +0.00)          0 (       0)                    0 (  +0.00)              
##> datapath_rewrite_one_def       START             1029015150 (  +0.00)     7197.80 (   +0.00)          0 (       0)                    0 (  +0.00)              
##>  rewrite                       START             1029015150 (  +0.00)     7197.80 (   +0.00)          0 (       0)                    0 (  +0.00)              (a,csaa) dissolve_1bit_const_2x1mux_from --> dissolve_1bit_const_2x1mux_to
##>                                  END             1023676550 (  -0.52)     7197.80 (   +0.00)          0 (       0)                    0 (  +0.00)           0  
##>  rewrite                       START             1023676550 (  +0.00)     7197.80 (   +0.00)          0 (       0)                    0 (  +0.00)              (a,csaa) dissolve_1bit_const_2x1mux_from --> dissolve_1bit_const_2x1mux_to
##>                                  END             1018337950 (  -0.52)     7312.50 ( +114.70)          0 (       0)                    0 (  +0.00)           0  
##>  rewrite                       START             1018337950 (  +0.00)     7312.50 (   +0.00)          0 (       0)                    0 (  +0.00)              (a,csaa) dissolve_1bit_const_2x1mux_from --> dissolve_1bit_const_2x1mux_to
##>                                  END             1014334000 (  -0.39)     7312.50 (   +0.00)          0 (       0)                    0 (  +0.00)           0  
##>  rewrite                       START             1014334000 (  +0.00)     7312.50 (   +0.00)          0 (       0)                    0 (  +0.00)              (a,csaa) dissolve_1bit_const_2x1mux_from --> dissolve_1bit_const_2x1mux_to
##>                                  END             1010330050 (  -0.39)     7312.50 (   +0.00)          0 (       0)                    0 (  +0.00)           0  
##>                                  END             1010330050 (  -1.82)     7312.50 ( +114.70)          0 (       0)                    0 (  +0.00)           0  
##> speculate_in_gdef              START             1010330050 (  +0.00)     7312.50 (   +0.00)          0 (       0)                    0 (  +0.00)              
##>  pre_speculate_mux_merge       START             1010330050 (  +0.00)     7312.50 (   +0.00)          0 (       0)                    0 (  +0.00)              
##>                                  END             1010330050 (  +0.00)     7312.50 (   +0.00)          0 (       0)                    0 (  +0.00)           0  
##>                                  END             1010330050 (  +0.00)     7312.50 (   +0.00)          0 (       0)                    0 (  +0.00)           0  
##> csa_opto                       START             1010330050 (  +0.00)     7312.50 (   +0.00)          0 (       0)                    0 (  +0.00)              
##>                                  END             1014334000 (  +0.40)     7312.50 (   +0.00)          0 (       0)                    0 (  +0.00)           0  
##>                                  END             1014334000 (  -1.43)     7312.50 ( +114.70)          0 (       0)                    0 (  +0.00)           0  
##>canonicalize_by_names           START             1014334000 (  +0.00)     7312.50 (   +0.00)          0 (       0)                    0 (  +0.00)              
##>                                  END             1014334000 (  +0.00)     7312.50 (   +0.00)          0 (       0)                    0 (  +0.00)           0  
##>datapath_rewrite_post_csa_one_  START             1014334000 (  +0.00)     7312.50 (   +0.00)          0 (       0)                    0 (  +0.00)              
##>                                  END             1014334000 (  +0.00)     7312.50 (   +0.00)          0 (       0)                    0 (  +0.00)           0  
##>datapath_csa_factoring_one_gde  START             1014334000 (  +0.00)     7312.50 (   +0.00)          0 (       0)                    0 (  +0.00)              
##>                                  END             1014334000 (  +0.00)     7312.50 (   +0.00)          0 (       0)                    0 (  +0.00)           0  
##>dpopt_share_one_def             START             1014334000 (  +0.00)     7312.50 (   +0.00)          0 (       0)                    0 (  +0.00)              
##>                                  END             1014334000 (  +0.00)     7312.50 (   +0.00)          0 (       0)                    0 (  +0.00)           0  
##>datapath_rewrite_post_share     START             1014334000 (  +0.00)     7312.50 (   +0.00)          0 (       0)                    0 (  +0.00)              
##>                                  END             1014334000 (  +0.00)     7312.50 (   +0.00)          0 (       0)                    0 (  +0.00)           0  
##>dp_combine_const_mult_with_com  START             1014334000 (  +0.00)     7312.50 (   +0.00)          0 (       0)                    0 (  +0.00)              
##>                                  END             1014334000 (  +0.00)     7312.50 (   +0.00)          0 (       0)                    0 (  +0.00)           0  
##>speculate_in_gdef               START             1014334000 (  +0.00)     7312.50 (   +0.00)          0 (       0)                    0 (  +0.00)              
##> pre_speculate_mux_merge        START             1014334000 (  +0.00)     7312.50 (   +0.00)          0 (       0)                    0 (  +0.00)              
##>                                  END             1014334000 (  +0.00)     7312.50 (   +0.00)          0 (       0)                    0 (  +0.00)           0  
##>                                  END             1014334000 (  +0.00)     7312.50 (   +0.00)          0 (       0)                    0 (  +0.00)           0  
##>dp_operator_level_decompositio  START             1014334000 (  +0.00)     7312.50 (   +0.00)          0 (       0)                    0 (  +0.00)              
##>                                  END             1014334000 (  +0.00)     7312.50 (   +0.00)          0 (       0)                    0 (  +0.00)           0  
##>selective_flatten_dp_config     START             1014334000 (  +0.00)     7312.50 (   +0.00)          0 (       0)                    0 (  +0.00)              
##>                                  END              982302400 (  -3.16)     7298.10 (  -14.40)          0 (       0)                    0 (  +0.00)           0  
##>createMaxCarrySave              START              982302400 (  +0.00)     7298.10 (   +0.00)          0 (       0)                    0 (  +0.00)              
##> datapath_rewrite_one_def       START              982302400 (  +0.00)     7298.10 (   +0.00)          0 (       0)                    0 (  +0.00)              
##>  fast_cse_elim                 START              982302400 (  +0.00)     7298.10 (   +0.00)          0 (       0)                    0 (  +0.00)              
##>                                  END              982302400 (  +0.00)     7298.10 (   +0.00)          0 (       0)                    0 (  +0.00)           0  
##>  fast_cse_elim                 START              982302400 (  +0.00)     7298.10 (   +0.00)          0 (       0)                    0 (  +0.00)              
##>                                  END              982302400 (  +0.00)     7298.10 (   +0.00)          0 (       0)                    0 (  +0.00)           0  
##>                                  END              982302400 (  +0.00)     7298.10 (   +0.00)          0 (       0)                    0 (  +0.00)           0  
##> speculate_in_gdef              START              982302400 (  +0.00)     7298.10 (   +0.00)          0 (       0)                    0 (  +0.00)              
##>  pre_speculate_mux_merge       START              982302400 (  +0.00)     7298.10 (   +0.00)          0 (       0)                    0 (  +0.00)              
##>                                  END              982302400 (  +0.00)     7298.10 (   +0.00)          0 (       0)                    0 (  +0.00)           0  
##>                                  END              982302400 (  +0.00)     7298.10 (   +0.00)          0 (       0)                    0 (  +0.00)           0  
##> csa_opto                       START              982302400 (  +0.00)     7298.10 (   +0.00)          0 (       0)                    0 (  +0.00)              
##>                                  END              982302400 (  +0.00)     7298.10 (   +0.00)          0 (       0)                    0 (  +0.00)           0  
##>                                  END              982302400 (  +0.00)     7298.10 (   +0.00)          0 (       0)                    0 (  +0.00)           0  
##>context_based_simplify          START              976963800 (  -0.54)     7298.10 (   +0.00)          0 (       0)                    0 (  +0.00)              
##>                                  END              976963800 (  +0.00)     7298.10 (   +0.00)          0 (       0)                    0 (  +0.00)           0  
##>group_csa_final_adder_dp        START              976963800 (  +0.00)     7298.10 (   +0.00)          0 (       0)                    0 (  +0.00)              
##>                                  END              976963800 (  +0.00)     7298.10 (   +0.00)          0 (       0)                    0 (  +0.00)           0  
##>dpopt_flatten_critical_muxes_i  START              976963800 (  +0.00)     7298.10 (   +0.00)          0 (       0)                    0 (  +0.00)              
##>                                  END              976963800 (  +0.00)     7298.10 (   +0.00)          0 (       0)                    0 (  +0.00)           0  
##>speculate_in_gdef               START              976963800 (  +0.00)     7298.10 (   +0.00)          0 (       0)                    0 (  +0.00)              
##> pre_speculate_mux_merge        START              976963800 (  +0.00)     7298.10 (   +0.00)          0 (       0)                    0 (  +0.00)              
##>                                  END              976963800 (  +0.00)     7298.10 (   +0.00)          0 (       0)                    0 (  +0.00)           0  
##>                                  END              976963800 (  +0.00)     7298.10 (   +0.00)          0 (       0)                    0 (  +0.00)           0  
##>create_score                    START              976963800 (  +0.00)     7298.10 (   +0.00)          0 (       0)                    0 (  +0.00)              
##>                                  END              976963800 (  +0.00)     7298.10 (   +0.00)          0 (       0)                    0 (  +0.00)           0  
##>+-----------------------------------------------------------------------------------------------------------------------------------------------------------------------------------------------------+
Committed config: CDN_DP_region_0_0_c7
Info    : Done implementing datapath configurations. [DPOPT-4]
        : Selected 'very_fast' configuration 7 for module 'CDN_DP_region_0_0_c7'.
          Optimizations applied to 'very_fast' configuration:
            rewriting(4), factoring(0), sharing(0), cmultcse(0), downsizing(0), speculation(0)
Info:  Ungrouped 0 dp-cluster instances.  0 cluster instances were left intact, to aid verification.
Info    : Done optimizing datapath logic. [DPOPT-2]
        : Done optimizing datapath logic in 'aer_pending_gray_rank_reuse_sync_core_reset'.
Number of big hc bmuxes after = 0
Starting bit-level redundancy removal [v1.0] (stage: post_rtlopt, startdef: aer_pending_gray_rank_reuse_sync_core_reset, recur: true)
Completed bit-level redundancy removal (accepts: 0, rejects: 0, runtime: 0.020s)
Starting logic reduction [v1.0] (stage: post_rtlopt, startdef: aer_pending_gray_rank_reuse_sync_core_reset, recur: true)
Completed logic reduction (accepts: 0, rejects: 0, runtime: 0.000s)
Starting mux data reorder optimization [v1.0] (stage: post_rtlopt, startdef: aer_pending_gray_rank_reuse_sync_core_reset, recur: true)
Completed mux data reorder optimization (accepts: 0, rejects: 0, runtime: 0.000s)
Starting timing based select reordering [v1.0] (stage: post_rtlopt, startdef: aer_pending_gray_rank_reuse_sync_core_reset, recur: true)
Completed timing based select reordering (accepts: 0, rejects: 0, runtime: 0.020s)

Stage: post_rtlopt
----------------------------------------------------------------
| Transform                  | Accepts | Rejects | Runtime (s) | 
----------------------------------------------------------------
| hlo_redundancy_removal_bit |       0 |       0 |        0.02 | 
| hlo_logic_reduction        |       0 |       0 |        0.00 | 
| hlo_mux_reorder            |       0 |       0 |        0.00 | 
| hlo_timing_reorder         |       0 |       0 |        0.02 | 
----------------------------------------------------------------
Running post blast mux optimization. Please follow up with Cadence support if runtime issues are seen with this optimization.
Starting mux speculation [v1.0] (stage: post_muxopt, startdef: aer_pending_gray_rank_reuse_sync_core_reset, recur: true)
Starting speculation optimization
Completed speculation optimization (accepts:0)
Completed mux speculation (accepts: 0, rejects: 0, runtime: 0.017s)
Starting timing based select reordering [v1.0] (stage: post_muxopt, startdef: aer_pending_gray_rank_reuse_sync_core_reset, recur: true)
Completed timing based select reordering (accepts: 0, rejects: 0, runtime: 0.016s)

Stage: post_muxopt
--------------------------------------------------------
| Transform          | Accepts | Rejects | Runtime (s) | 
--------------------------------------------------------
| hlo_speculation    |       0 |       0 |        0.02 | 
| hlo_timing_reorder |       0 |       0 |        0.02 | 
--------------------------------------------------------
==================================
Stage : to_generic 
==================================
  =================
   Message Summary
  =================
---------------------------------------------------------------------------
|    Id    |  Sev  |Count|                  Message Text                  |
---------------------------------------------------------------------------
|CDFG-372  |Info   |   16|Bitwidth mismatch in assignment.                |
|          |       |     |Review and make sure the mismatch is            |
|          |       |     | intentional. Genus can possibly issue bitwidth |
|          |       |     | mismatch warning for explicit assignments      |
|          |       |     | present in RTL as-well-as for implicit         |
|          |       |     | assignments inferred by the tool. For example, |
|          |       |     | in case of enum declaration without value, the |
|          |       |     | tool will implicitly assign value to the enum  |
|          |       |     | variables. It also issues the warning for any  |
|          |       |     | bitwidth mismatch that appears in this implicit|
|          |       |     | assignment.                                    |
|CDFG-567  |Info   |    1|Instantiating Subdesign.                        |
|CDFG-738  |Info   |    8|Common subexpression eliminated.                |
|CDFG-739  |Info   |    8|Common subexpression kept.                      |
|CDFG-769  |Info   |    1|Identified sum-of-products logic to be optimized|
|          |       |     | during syn_generic.                            |
|CWD-19    |Info   |    9|An implementation was inferred.                 |
|DPOPT-1   |Info   |    1|Optimizing datapath logic.                      |
|DPOPT-2   |Info   |    1|Done optimizing datapath logic.                 |
|DPOPT-3   |Info   |    1|Implementing datapath configurations.           |
|DPOPT-4   |Info   |    1|Done implementing datapath configurations.      |
|DPOPT-6   |Info   |    1|Pre-processed datapath logic.                   |
|ELAB-1    |Info   |    1|Elaborating Design.                             |
|ELAB-2    |Info   |    1|Elaborating Subdesign.                          |
|ELAB-3    |Info   |    1|Done Elaborating Design.                        |
|GLO-51    |Info   |    1|Hierarchical instance automatically ungrouped.  |
|          |       |     |Hierarchical instances can be automatically     |
|          |       |     | ungrouped to allow for better area or timing   |
|          |       |     | optimization. To prevent this ungroup, set the |
|          |       |     | root-level attribute 'auto_ungroup' to 'none'. |
|          |       |     | You can also prevent individual ungroup with   |
|          |       |     | setting the attribute 'ungroup_ok' of instances|
|          |       |     | or modules to 'false'.                         |
|HLO_RR-1  |Info   |    1|Setting up the version of high level Redundancy |
|          |       |     | Removal Optimizations.                         |
|LBR-9     |Warning|   20|Library cell has no output pins defined.        |
|          |       |     |Add the missing output pin(s)                   |
|          |       |     | , then reload the library. Else the library    |
|          |       |     | cell will be marked as timing model i.e.       |
|          |       |     | unusable. Timing_model means that the cell does|
|          |       |     | not have any defined function. If there is no  |
|          |       |     | output pin, Genus will mark library cell as    |
|          |       |     | unusable i.e. the attribute 'usable' will be   |
|          |       |     | marked to 'false' on the libcell. Therefore,   |
|          |       |     | the cell is not used for mapping and it will   |
|          |       |     | not be picked up from the library for          |
|          |       |     | synthesis. If you query the attribute          |
|          |       |     | 'unusable_reason' on the libcell; result will  |
|          |       |     | be: 'Library cell has no output pins.'Note: The|
|          |       |     | message LBR-9 is only for the logical pins and |
|          |       |     | not for the power_ground pins. Genus will      |
|          |       |     | depend upon the output function defined in the |
|          |       |     | pin group (output pin)                         |
|          |       |     | of the cell, to use it for mapping. The pg_pin |
|          |       |     | will not have any function defined.            |
|LBR-41    |Info   |    1|An output library pin lacks a function          |
|          |       |     | attribute.                                     |
|          |       |     |If the remainder of this library cell's semantic|
|          |       |     | checks are successful, it will be considered as|
|          |       |     | a timing-model                                 |
|          |       |     | (because one of its outputs does not have a val|
|          |       |     | id function.                                   |
|LBR-155   |Info   |  264|Mismatch in unateness between 'timing_sense'    |
|          |       |     | attribute and the function.                    |
|          |       |     |The 'timing_sense' attribute will be respected. |
|LBR-161   |Info   |    1|Setting the maximum print count of this message |
|          |       |     | to 10 if information_level is less than 9.     |
|LBR-162   |Info   |  124|Both 'pos_unate' and 'neg_unate' timing_sense   |
|          |       |     | arcs have been processed.                      |
|          |       |     |Setting the 'timing_sense' to non_unate.        |
|LBR-412   |Info   |    1|Created nominal operating condition.            |
|          |       |     |The nominal operating condition is represented, |
|          |       |     | either by the nominal PVT values specified in  |
|          |       |     | the library source                             |
|          |       |     | (via nom_process,nom_voltage and nom_temperatur|
|          |       |     | e respectively)                                |
|          |       |     | , or by the default PVT values (1.0,1.0,1.0).  |
|LBR-518   |Info   |    1|Missing a function attribute in the output pin  |
|          |       |     | definition.                                    |
|PHYS-752  |Info   |    1|Partition Based Synthesis execution skipped.    |
|POPT-12   |Info   |    1|Could not find any user created clock-gating    |
|          |       |     | module.                                        |
|          |       |     |Looking for Integrated clock-gating cell in     |
|          |       |     | library.                                       |
|POPT-96   |Info   |    1|One or more cost groups were automatically      |
|          |       |     | created for clock gate enable paths.           |
|          |       |     |This feature can be disabled by setting the     |
|          |       |     | attribute lp_clock_gating_auto_cost_grouping   |
|          |       |     | false.                                         |
|RTLOPT-40 |Info   |    7|Transformed datapath macro.                     |
|SYNTH-1   |Info   |    1|Synthesizing.                                   |
|TIM-1000  |Info   |    1|Multimode clock gating check is disabled.       |
|VLOGPT-506|Warning|    2|Unused attribute.                               |
---------------------------------------------------------------------------
Mapper: Libraries have:
	domain _default_: 324 combo usable cells and 84 sequential usable cells
Inserting clock-gating logic .....
Required integrated clock-gating cells: 
--------------------------------------------------------------------------------------------------------------------------------------------------------------
| Type of CG               | Library domain | Async CG | Available                                                                                           | 
--------------------------------------------------------------------------------------------------------------------------------------------------------------
| latch_posedge_precontrol | _default_      | No       | TLATNTSCAX12 TLATNTSCAX16 TLATNTSCAX2 TLATNTSCAX20 TLATNTSCAX3 TLATNTSCAX4 TLATNTSCAX6 TLATNTSCAX8  | 
--------------------------------------------------------------------------------------------------------------------------------------------------------------
Clock Gating Status
===================
Category                                Number    Percentage
------------------------------------------------------------------
Gated flip-flops                        21		 30%
Ungated flip-flops
  Cannot map to requested logic         0		  0%
  Enable signal is constant             0		  0%
  Excluded from clock-gating            0		  0%
  User preserved                        0		  0%
  Libcell unusable                      0		  0%
  Enable not found                      33		 46%
  Timing exception in enable logic      0		  0%
  Register bank width too small         17		 24%
Total flip-flops                        71		100%
Total CG Modules                        2
Multi-threaded Virtual Mapping    (8 threads per ST process, 8 of 64 CPUs usable)
==================================
Stage : first_condense 
==================================
  =================
   Message Summary
  =================
---------------------------------------------------------------------------
|  Id   |Sev |Count|                     Message Text                     |
---------------------------------------------------------------------------
|GB-6   |Info|    1|A datapath component has been ungrouped.              |
|POPT-12|Info|    1|Could not find any user created clock-gating module.  |
|       |    |     |Looking for Integrated clock-gating cell in library.  |
|POPT-96|Info|    1|One or more cost groups were automatically created for|
|       |    |     | clock gate enable paths.                             |
|       |    |     |This feature can be disabled by setting the attribute |
|       |    |     | lp_clock_gating_auto_cost_grouping false.            |
---------------------------------------------------------------------------
 
Global mapping target info
==========================
Cost Group 'cg_enable_group_clk' target slack:   266 ps
Target path end-point (Pin: RC_CG_HIER_INST0/RC_CGIC_INST/E (TLATNTSCAX2/E))

Cost Group 'clk' target slack:   266 ps
Target path end-point (Pin: pending_rank_q_reg[12]/d)

<REMOTE_HOME>/.st_launch_<REMOTE_HOST>_71333

State Retention Synthesis Status
================================

Category                        Flops   Percentage
--------------------------------------------------
Total instances                    71        100.0
Excluded from State Retention      71        100.0
    - Will not convert             71        100.0
      - Preserved                   0          0.0
      - Power intent excluded      71        100.0
    - Could not convert             0          0.0
      - Scan type                   0          0.0
      - No suitable cell            0          0.0
State Retention instances           0          0.0
--------------------------------------------------

Warning : Automatic CG test connection in generic has been forced on. [POPT-701]
        : Running automatic CG test connection in generic.
        : This feature has been deprecated. It will fully uniquify the design which may impact runtime. This feature will be removed in the next release.
Info    : Attribute 'lp_clock_gating_test_signal' is not set. [POPT-703]
        : Skipping test connection for clock gates on design aer_pending_gray_rank_reuse_sync_core_reset, as 'lp_clock_gating_test_signal' is not set.
        : Indicate which test signal to use by setting the attribute 'lp_clock_gating_test_signal'.
PBS_Generic_Opt-Post - Elapsed_Time 5, CPU_Time 4.5331839999999985
stamp 'PBS_Generic_Opt-Post' being created for table 'pbs_debug'

  Total Time (Wall) |  Stage Time (Wall)  |   % (Wall)   |    Date - Time     |  Memory   | Stage
--------------------+---------------------+--------------+--------------------+-----------+----------------------
 00:00:21(00:00:18) |  00:00:00(00:00:00) |   0.0(  0.0) |   17:30:40 (Aug26) |  401.7 MB | PBS_Generic-Start
--------------------+---------------------+--------------+--------------------+-----------+----------------------
 00:00:20(00:00:19) | -01:59:56(00:00:01) |  -0.0( 16.7) |   17:30:41 (Aug26) |  401.7 MB | PBS_Generic-earlyCG
--------------------+---------------------+--------------+--------------------+-----------+----------------------
 00:00:26(00:00:24) |  00:00:05(00:00:05) | 100.0( 83.3) |   17:30:46 (Aug26) |  784.5 MB | PBS_Generic_Opt-Post
--------------------+---------------------+--------------+--------------------+-----------+----------------------
Number of threads: 8 * 1   (id: pbs_debug, time_info v1.57)
Info: (*N*) indicates data that was populated from previously saved time_info database
Info: CPU time includes time of parent + longest thread
PBS_Generic-Postgen HBO Optimizations - Elapsed_Time 0, CPU_Time 0.0
stamp 'PBS_Generic-Postgen HBO Optimizations' being created for table 'pbs_debug'

  Total Time (Wall) |  Stage Time (Wall)  |   % (Wall)   |    Date - Time     |  Memory   | Stage
--------------------+---------------------+--------------+--------------------+-----------+----------------------
 00:00:21(00:00:18) |  00:00:00(00:00:00) |   0.0(  0.0) |   17:30:40 (Aug26) |  401.7 MB | PBS_Generic-Start
--------------------+---------------------+--------------+--------------------+-----------+----------------------
 00:00:20(00:00:19) | -01:59:56(00:00:01) |  -0.0( 16.7) |   17:30:41 (Aug26) |  401.7 MB | PBS_Generic-earlyCG
--------------------+---------------------+--------------+--------------------+-----------+----------------------
 00:00:26(00:00:24) |  00:00:05(00:00:05) | 100.0( 83.3) |   17:30:46 (Aug26) |  784.5 MB | PBS_Generic_Opt-Post
--------------------+---------------------+--------------+--------------------+-----------+----------------------
 00:00:26(00:00:24) |  00:00:00(00:00:00) |   0.0(  0.0) |   17:30:46 (Aug26) |  784.5 MB | PBS_Generic-Postgen HBO Optimizations
--------------------+---------------------+--------------+--------------------+-----------+----------------------
Number of threads: 8 * 1   (id: pbs_debug, time_info v1.57)
Info: (*N*) indicates data that was populated from previously saved time_info database
Info: CPU time includes time of parent + longest thread
Starting post syn_generic ultra-effort Boolean optimization
Redundancy removal succeeded.
Done post syn_generic ultra-effort Boolean optimization (0.00 cpu seconds) (0.00 elapsed cpu seconds)
Info    : Done synthesizing. [SYNTH-2]
        : Done synthesizing 'aer_pending_gray_rank_reuse_sync_core_reset' to generic gates.
EarlyCg clean up, version 4
[Clock Gating] Simplifying datapath in light of clock gating ...
[Clock Gating] Simplifying datapath in light of clock gating done. (0 s.)
[Clock Gating] Declone clock gates (post_gen) ...
  Decloning clock-gating logic from design:aer_pending_gray_rank_reuse_sync_core_reset
Clock-Gating declone Status
===========================
Total number of Synthesis inserted clock-gating instances before: 2
Total number of Synthesis inserted clock-gating instances after : 2
Total number of clock-gating instances before: 2
Total number of clock-gating instances after : 2
[Clock Gating] Declone clock gates (post_gen) done. (0 s.)
      flow.cputime  flow.realtime  timing.setup.tns  timing.setup.wns  snapshot
UM:*                                                                   power_ecg_cleanup
PBS_Generic-earlyCG_cleanup - Elapsed_Time 0, CPU_Time 0.0
stamp 'PBS_Generic-earlyCG_cleanup' being created for table 'pbs_debug'

  Total Time (Wall) |  Stage Time (Wall)  |   % (Wall)   |    Date - Time     |  Memory   | Stage
--------------------+---------------------+--------------+--------------------+-----------+----------------------
 00:00:21(00:00:18) |  00:00:00(00:00:00) |   0.0(  0.0) |   17:30:40 (Aug26) |  401.7 MB | PBS_Generic-Start
--------------------+---------------------+--------------+--------------------+-----------+----------------------
 00:00:20(00:00:19) | -01:59:56(00:00:01) |  -0.0( 14.3) |   17:30:41 (Aug26) |  401.7 MB | PBS_Generic-earlyCG
--------------------+---------------------+--------------+--------------------+-----------+----------------------
 00:00:26(00:00:24) |  00:00:05(00:00:05) |  84.7( 71.4) |   17:30:46 (Aug26) |  784.5 MB | PBS_Generic_Opt-Post
--------------------+---------------------+--------------+--------------------+-----------+----------------------
 00:00:26(00:00:24) |  00:00:00(00:00:00) |   0.0(  0.0) |   17:30:46 (Aug26) |  784.5 MB | PBS_Generic-Postgen HBO Optimizations
--------------------+---------------------+--------------+--------------------+-----------+----------------------
 00:00:27(00:00:25) |  00:00:01(00:00:01) |  15.3( 14.3) |   17:30:47 (Aug26) |  784.5 MB | PBS_Generic-earlyCG_cleanup
--------------------+---------------------+--------------+--------------------+-----------+----------------------
Number of threads: 8 * 1   (id: pbs_debug, time_info v1.57)
Info: (*N*) indicates data that was populated from previously saved time_info database
Info: CPU time includes time of parent + longest thread
##>=================== Cadence Confidential (Generic-Logical) ===================
##>=================== Cadence Confidential (Generic-Logical) ===================
      flow.cputime  flow.realtime  timing.setup.tns  timing.setup.wns  snapshot
UM:*                                                                   syn_gen
@file(aer45_genus_lowpower.tcl) 39: syn_map
#----------------------------------------------------------------------------------------
# Root attributes for category: opt
#----------------------------------------------------------------------------------------
# Feature                           | Attribute                    | Value            
#----------------------------------------------------------------------------------------
# Avoid tied inputs                 | avoid_tied_inputs            | false (default)  
# Allow floating outputs            | opt_allow_floating_outputs   | false (default)  
# Power optimization effort         | design_power_effort          | none (default)   
# Do not use qbar sequential pins   | dont_use_qbar_seq_pins       | false (default)  
#----------------------------------------------------------------------------------------

##Generic Timing Info: typical gate delay  133.2 ps   std_slew:   15.8 ps   std_load:  0.6 fF  for library domain _default_
Mapping ChipWare ICG instances in aer_pending_gray_rank_reuse_sync_core_reset
Found 0 unmapped ChipWare ICG instances
Mapped 0 of 0 ChipWare ICG instances
Info    : Mapping. [SYNTH-4]
        : Mapping 'aer_pending_gray_rank_reuse_sync_core_reset' using 'high' effort.
Mapper: Libraries have:
	domain _default_: 324 combo usable cells and 84 sequential usable cells
PBS_TechMap-Start - Elapsed_Time 0, CPU_Time 0.0
stamp 'PBS_TechMap-Start' being created for table 'pbs_debug'

  Total Time (Wall) |  Stage Time (Wall)  |   % (Wall)   |    Date - Time     |  Memory   | Stage
--------------------+---------------------+--------------+--------------------+-----------+----------------------
 00:00:21(00:00:18) |  00:00:00(00:00:00) |   0.0(  0.0) |   17:30:40 (Aug26) |  401.7 MB | PBS_Generic-Start
--------------------+---------------------+--------------+--------------------+-----------+----------------------
 00:00:20(00:00:19) | -01:59:56(00:00:01) |  -0.0( 14.3) |   17:30:41 (Aug26) |  401.7 MB | PBS_Generic-earlyCG
--------------------+---------------------+--------------+--------------------+-----------+----------------------
 00:00:26(00:00:24) |  00:00:05(00:00:05) |  84.7( 71.4) |   17:30:46 (Aug26) |  784.5 MB | PBS_Generic_Opt-Post
--------------------+---------------------+--------------+--------------------+-----------+----------------------
 00:00:26(00:00:24) |  00:00:00(00:00:00) |   0.0(  0.0) |   17:30:46 (Aug26) |  784.5 MB | PBS_Generic-Postgen HBO Optimizations
--------------------+---------------------+--------------+--------------------+-----------+----------------------
 00:00:27(00:00:25) |  00:00:01(00:00:01) |  15.3( 14.3) |   17:30:47 (Aug26) |  784.5 MB | PBS_Generic-earlyCG_cleanup
--------------------+---------------------+--------------+--------------------+-----------+----------------------
 00:00:27(00:00:25) |  00:00:00(00:00:00) |   0.0(  0.0) |   17:30:47 (Aug26) |  784.5 MB | PBS_TechMap-Start
--------------------+---------------------+--------------+--------------------+-----------+----------------------
Number of threads: 8 * 1   (id: pbs_debug, time_info v1.57)
Info: (*N*) indicates data that was populated from previously saved time_info database
Info: CPU time includes time of parent + longest thread
PBS_TechMap-Premap HBO Optimizations - Elapsed_Time 0, CPU_Time 0.0
stamp 'PBS_TechMap-Premap HBO Optimizations' being created for table 'pbs_debug'

  Total Time (Wall) |  Stage Time (Wall)  |   % (Wall)   |    Date - Time     |  Memory   | Stage
--------------------+---------------------+--------------+--------------------+-----------+----------------------
 00:00:21(00:00:18) |  00:00:00(00:00:00) |   0.0(  0.0) |   17:30:40 (Aug26) |  401.7 MB | PBS_Generic-Start
--------------------+---------------------+--------------+--------------------+-----------+----------------------
 00:00:20(00:00:19) | -01:59:56(00:00:01) |  -0.0( 14.3) |   17:30:41 (Aug26) |  401.7 MB | PBS_Generic-earlyCG
--------------------+---------------------+--------------+--------------------+-----------+----------------------
 00:00:26(00:00:24) |  00:00:05(00:00:05) |  84.7( 71.4) |   17:30:46 (Aug26) |  784.5 MB | PBS_Generic_Opt-Post
--------------------+---------------------+--------------+--------------------+-----------+----------------------
 00:00:26(00:00:24) |  00:00:00(00:00:00) |   0.0(  0.0) |   17:30:46 (Aug26) |  784.5 MB | PBS_Generic-Postgen HBO Optimizations
--------------------+---------------------+--------------+--------------------+-----------+----------------------
 00:00:27(00:00:25) |  00:00:01(00:00:01) |  15.3( 14.3) |   17:30:47 (Aug26) |  784.5 MB | PBS_Generic-earlyCG_cleanup
--------------------+---------------------+--------------+--------------------+-----------+----------------------
 00:00:27(00:00:25) |  00:00:00(00:00:00) |   0.0(  0.0) |   17:30:47 (Aug26) |  784.5 MB | PBS_TechMap-Start
--------------------+---------------------+--------------+--------------------+-----------+----------------------
 00:00:27(00:00:25) |  00:00:00(00:00:00) |   0.0(  0.0) |   17:30:47 (Aug26) |  784.5 MB | PBS_TechMap-Premap HBO Optimizations
--------------------+---------------------+--------------+--------------------+-----------+----------------------
Number of threads: 8 * 1   (id: pbs_debug, time_info v1.57)
Info: (*N*) indicates data that was populated from previously saved time_info database
Info: CPU time includes time of parent + longest thread
Info    : Partition Based Synthesis execution skipped. [PHYS-752]
        : Design size is less than the partition size '100000' for distributed mapping optimization to kick in.
Mapper: Libraries have:
	domain _default_: 324 combo usable cells and 84 sequential usable cells
Multi-threaded Virtual Mapping    (8 threads per ST process, 8 of 64 CPUs usable)
 
Global mapping target info
==========================
Cost Group 'cg_enable_group_clk' target slack:   266 ps
Target path end-point (Pin: RC_CG_HIER_INST1/RC_CGIC_INST/E (TLATNTSCAX2/E))

Cost Group 'clk' target slack:   264 ps
Target path end-point (Pin: pending_rank_q_reg[13]/d)

Multi-threaded Technology Mapping (8 threads per ST process, 8 of 64 CPUs usable)
 
Global mapping status
=====================
                                   Group   
                                  Tot Wrst 
                           Total  Weighted 
Operation                   Area   Slacks  
 global_map                  682        0 

             Cost Group            Target    Slack    Diff.  Constr.
--------------------------------------------------------------------
    cg_enable_group_clk               266     8588             10000 
                    clk               264     7592             10000 

 
Global incremental target info
==============================
Cost Group 'cg_enable_group_clk' target slack:   178 ps
Target path end-point (Pin: RC_CG_HIER_INST0/RC_CGIC_INST/E (TLATNTSCAX2/E))

Cost Group 'clk' target slack:   178 ps
Target path end-point (Pin: pending_rank_q_reg[7]/D (DFFHQX1/D))

==================================
Stage : global_incr_map 
==================================
  =================
   Message Summary
  =================
---------------------------------------------------------------------------
|   Id   |  Sev  |Count|                   Message Text                   |
---------------------------------------------------------------------------
|PA-7    |Info   |    4|Resetting power analysis results.                 |
|        |       |     |All computed switching activities are removed.    |
|PHYS-752|Info   |    1|Partition Based Synthesis execution skipped.      |
|POPT-701|Warning|    1|Automatic CG test connection in generic has been  |
|        |       |     | forced on.                                       |
|        |       |     |This feature has been deprecated. It will fully   |
|        |       |     | uniquify the design which may impact runtime.    |
|        |       |     | This feature will be removed in the next release.|
|POPT-703|Info   |    1|Attribute 'lp_clock_gating_test_signal' is not    |
|        |       |     | set.                                             |
|        |       |     |Indicate which test signal to use by setting the  |
|        |       |     | attribute 'lp_clock_gating_test_signal'.         |
|SYNTH-2 |Info   |    1|Done synthesizing.                                |
|SYNTH-4 |Info   |    1|Mapping.                                          |
---------------------------------------------------------------------------
 
Global incremental optimization status
======================================
                                   Group   
                                  Tot Wrst 
                           Total  Weighted 
Operation                   Area   Slacks  
 global_incr                 683        0 

             Cost Group            Target    Slack    Diff.  Constr.
--------------------------------------------------------------------
    cg_enable_group_clk               178     8588             10000 
                    clk               178     7592             10000 

<REMOTE_HOME>/.st_launch_<REMOTE_HOST>_71333

State Retention Synthesis Status
================================

Category                        Flops   Percentage
--------------------------------------------------
Total instances                    71        100.0
Excluded from State Retention      71        100.0
    - Will not convert             71        100.0
      - Preserved                   0          0.0
      - Power intent excluded      71        100.0
    - Could not convert             0          0.0
      - Scan type                   0          0.0
      - No suitable cell            0          0.0
State Retention instances           0          0.0
--------------------------------------------------

INFO: skipping constant propagation
PBS_Techmap-Global Mapping - Elapsed_Time 1, CPU_Time 1.066362999999999
stamp 'PBS_Techmap-Global Mapping' being created for table 'pbs_debug'

  Total Time (Wall) |  Stage Time (Wall)  |   % (Wall)   |    Date - Time     |  Memory   | Stage
--------------------+---------------------+--------------+--------------------+-----------+----------------------
 00:00:21(00:00:18) |  00:00:00(00:00:00) |   0.0(  0.0) |   17:30:40 (Aug26) |  401.7 MB | PBS_Generic-Start
--------------------+---------------------+--------------+--------------------+-----------+----------------------
 00:00:20(00:00:19) | -01:59:56(00:00:01) |  -0.0( 12.5) |   17:30:41 (Aug26) |  401.7 MB | PBS_Generic-earlyCG
--------------------+---------------------+--------------+--------------------+-----------+----------------------
 00:00:26(00:00:24) |  00:00:05(00:00:05) |  72.8( 62.5) |   17:30:46 (Aug26) |  784.5 MB | PBS_Generic_Opt-Post
--------------------+---------------------+--------------+--------------------+-----------+----------------------
 00:00:26(00:00:24) |  00:00:00(00:00:00) |   0.0(  0.0) |   17:30:46 (Aug26) |  784.5 MB | PBS_Generic-Postgen HBO Optimizations
--------------------+---------------------+--------------+--------------------+-----------+----------------------
 00:00:27(00:00:25) |  00:00:01(00:00:01) |  13.2( 12.5) |   17:30:47 (Aug26) |  784.5 MB | PBS_Generic-earlyCG_cleanup
--------------------+---------------------+--------------+--------------------+-----------+----------------------
 00:00:27(00:00:25) |  00:00:00(00:00:00) |   0.0(  0.0) |   17:30:47 (Aug26) |  784.5 MB | PBS_TechMap-Start
--------------------+---------------------+--------------+--------------------+-----------+----------------------
 00:00:27(00:00:25) |  00:00:00(00:00:00) |   0.0(  0.0) |   17:30:47 (Aug26) |  784.5 MB | PBS_TechMap-Premap HBO Optimizations
--------------------+---------------------+--------------+--------------------+-----------+----------------------
 00:00:28(00:00:26) |  00:00:01(00:00:01) |  14.0( 12.5) |   17:30:48 (Aug26) |  784.5 MB | PBS_Techmap-Global Mapping
--------------------+---------------------+--------------+--------------------+-----------+----------------------
Number of threads: 8 * 1   (id: pbs_debug, time_info v1.57)
Info: (*N*) indicates data that was populated from previously saved time_info database
Info: CPU time includes time of parent + longest thread
Info    : Wrote formal verification information. [CFM-5]
        : Wrote 'fv/aer_pending_gray_rank_reuse_sync_core_reset/fv_map.fv.json' for netlist 'fv/aer_pending_gray_rank_reuse_sync_core_reset/fv_map.v.gz'.
Info    : Existing dofile found. Copied as fv/aer_pending_gray_rank_reuse_sync_core_reset/rtl_to_fv_map.do~.
Info    : Forcing flat compare. [CFM-212]
        : The design hierarchies are too small to qualify for hierarchical comparison. Set the attribute wlec_hier_comp_threshold accordingly for hier compare.
Info    : Wrote dofile. [CFM-1]
        : Dofile is 'fv/aer_pending_gray_rank_reuse_sync_core_reset/rtl_to_fv_map.do'.
        : RTL names flow is enabled.
PBS_TechMap-Datapath Postmap Operations - Elapsed_Time 2, CPU_Time 2.0
stamp 'PBS_TechMap-Datapath Postmap Operations' being created for table 'pbs_debug'

  Total Time (Wall) |  Stage Time (Wall)  |   % (Wall)   |    Date - Time     |  Memory   | Stage
--------------------+---------------------+--------------+--------------------+-----------+----------------------
 00:00:21(00:00:18) |  00:00:00(00:00:00) |   0.0(  0.0) |   17:30:40 (Aug26) |  401.7 MB | PBS_Generic-Start
--------------------+---------------------+--------------+--------------------+-----------+----------------------
 00:00:20(00:00:19) | -01:59:56(00:00:01) |  -0.0( 10.0) |   17:30:41 (Aug26) |  401.7 MB | PBS_Generic-earlyCG
--------------------+---------------------+--------------+--------------------+-----------+----------------------
 00:00:26(00:00:24) |  00:00:05(00:00:05) |  57.6( 50.0) |   17:30:46 (Aug26) |  784.5 MB | PBS_Generic_Opt-Post
--------------------+---------------------+--------------+--------------------+-----------+----------------------
 00:00:26(00:00:24) |  00:00:00(00:00:00) |   0.0(  0.0) |   17:30:46 (Aug26) |  784.5 MB | PBS_Generic-Postgen HBO Optimizations
--------------------+---------------------+--------------+--------------------+-----------+----------------------
 00:00:27(00:00:25) |  00:00:01(00:00:01) |  10.4( 10.0) |   17:30:47 (Aug26) |  784.5 MB | PBS_Generic-earlyCG_cleanup
--------------------+---------------------+--------------+--------------------+-----------+----------------------
 00:00:27(00:00:25) |  00:00:00(00:00:00) |   0.0(  0.0) |   17:30:47 (Aug26) |  784.5 MB | PBS_TechMap-Start
--------------------+---------------------+--------------+--------------------+-----------+----------------------
 00:00:27(00:00:25) |  00:00:00(00:00:00) |   0.0(  0.0) |   17:30:47 (Aug26) |  784.5 MB | PBS_TechMap-Premap HBO Optimizations
--------------------+---------------------+--------------+--------------------+-----------+----------------------
 00:00:28(00:00:26) |  00:00:01(00:00:01) |  11.1( 10.0) |   17:30:48 (Aug26) |  784.5 MB | PBS_Techmap-Global Mapping
--------------------+---------------------+--------------+--------------------+-----------+----------------------
 00:00:30(00:00:28) |  00:00:02(00:00:02) |  20.8( 20.0) |   17:30:50 (Aug26) |  784.5 MB | PBS_TechMap-Datapath Postmap Operations
--------------------+---------------------+--------------+--------------------+-----------+----------------------
Number of threads: 8 * 1   (id: pbs_debug, time_info v1.57)
Info: (*N*) indicates data that was populated from previously saved time_info database
Info: CPU time includes time of parent + longest thread
Warning : Automatic CG test connection in generic has been forced on. [POPT-701]
        : Running automatic CG test connection in map.
Info    : Attribute 'lp_clock_gating_test_signal' is not set. [POPT-703]
        : Skipping test connection for clock gates on design aer_pending_gray_rank_reuse_sync_core_reset, as 'lp_clock_gating_test_signal' is not set.
PBS_TechMap-Postmap HBO Optimizations - Elapsed_Time 0, CPU_Time -0.004679999999996909
stamp 'PBS_TechMap-Postmap HBO Optimizations' being created for table 'pbs_debug'

  Total Time (Wall) |  Stage Time (Wall)  |   % (Wall)   |    Date - Time     |  Memory   | Stage
--------------------+---------------------+--------------+--------------------+-----------+----------------------
 00:00:21(00:00:18) |  00:00:00(00:00:00) |   0.0(  0.0) |   17:30:40 (Aug26) |  401.7 MB | PBS_Generic-Start
--------------------+---------------------+--------------+--------------------+-----------+----------------------
 00:00:20(00:00:19) | -01:59:56(00:00:01) |  -0.0( 10.0) |   17:30:41 (Aug26) |  401.7 MB | PBS_Generic-earlyCG
--------------------+---------------------+--------------+--------------------+-----------+----------------------
 00:00:26(00:00:24) |  00:00:05(00:00:05) |  57.7( 50.0) |   17:30:46 (Aug26) |  784.5 MB | PBS_Generic_Opt-Post
--------------------+---------------------+--------------+--------------------+-----------+----------------------
 00:00:26(00:00:24) |  00:00:00(00:00:00) |   0.0(  0.0) |   17:30:46 (Aug26) |  784.5 MB | PBS_Generic-Postgen HBO Optimizations
--------------------+---------------------+--------------+--------------------+-----------+----------------------
 00:00:27(00:00:25) |  00:00:01(00:00:01) |  10.4( 10.0) |   17:30:47 (Aug26) |  784.5 MB | PBS_Generic-earlyCG_cleanup
--------------------+---------------------+--------------+--------------------+-----------+----------------------
 00:00:27(00:00:25) |  00:00:00(00:00:00) |   0.0(  0.0) |   17:30:47 (Aug26) |  784.5 MB | PBS_TechMap-Start
--------------------+---------------------+--------------+--------------------+-----------+----------------------
 00:00:27(00:00:25) |  00:00:00(00:00:00) |   0.0(  0.0) |   17:30:47 (Aug26) |  784.5 MB | PBS_TechMap-Premap HBO Optimizations
--------------------+---------------------+--------------+--------------------+-----------+----------------------
 00:00:28(00:00:26) |  00:00:01(00:00:01) |  11.1( 10.0) |   17:30:48 (Aug26) |  784.5 MB | PBS_Techmap-Global Mapping
--------------------+---------------------+--------------+--------------------+-----------+----------------------
 00:00:30(00:00:28) |  00:00:02(00:00:02) |  20.8( 20.0) |   17:30:50 (Aug26) |  784.5 MB | PBS_TechMap-Datapath Postmap Operations
--------------------+---------------------+--------------+--------------------+-----------+----------------------
 00:00:30(00:00:28) |  00:00:00(00:00:00) |  -0.0(  0.0) |   17:30:50 (Aug26) |  784.5 MB | PBS_TechMap-Postmap HBO Optimizations
--------------------+---------------------+--------------+--------------------+-----------+----------------------
Number of threads: 8 * 1   (id: pbs_debug, time_info v1.57)
Info: (*N*) indicates data that was populated from previously saved time_info database
Info: CPU time includes time of parent + longest thread
 Doing ConstProp on design:aer_pending_gray_rank_reuse_sync_core_reset ... 

Info    : Attribute 'lp_clock_gating_test_signal' is not set. [POPT-703]
        : Skipping test connection for clock gates on design aer_pending_gray_rank_reuse_sync_core_reset, as 'lp_clock_gating_test_signal' is not set.
  Decloning clock-gating logic from design:aer_pending_gray_rank_reuse_sync_core_reset
Clock-Gating declone Status
===========================
Total number of Synthesis inserted clock-gating instances before: 2
Total number of Synthesis inserted clock-gating instances after : 2
Total number of clock-gating instances before: 2
Total number of clock-gating instances after : 2
Time taken by ConstProp Step: 00:00:00
PBS_TechMap-Postmap Clock Gating - Elapsed_Time 0, CPU_Time 0.0
stamp 'PBS_TechMap-Postmap Clock Gating' being created for table 'pbs_debug'

  Total Time (Wall) |  Stage Time (Wall)  |   % (Wall)   |    Date - Time     |  Memory   | Stage
--------------------+---------------------+--------------+--------------------+-----------+----------------------
 00:00:21(00:00:18) |  00:00:00(00:00:00) |   0.0(  0.0) |   17:30:40 (Aug26) |  401.7 MB | PBS_Generic-Start
--------------------+---------------------+--------------+--------------------+-----------+----------------------
 00:00:20(00:00:19) | -01:59:56(00:00:01) |  -0.0( 10.0) |   17:30:41 (Aug26) |  401.7 MB | PBS_Generic-earlyCG
--------------------+---------------------+--------------+--------------------+-----------+----------------------
 00:00:26(00:00:24) |  00:00:05(00:00:05) |  57.7( 50.0) |   17:30:46 (Aug26) |  784.5 MB | PBS_Generic_Opt-Post
--------------------+---------------------+--------------+--------------------+-----------+----------------------
 00:00:26(00:00:24) |  00:00:00(00:00:00) |   0.0(  0.0) |   17:30:46 (Aug26) |  784.5 MB | PBS_Generic-Postgen HBO Optimizations
--------------------+---------------------+--------------+--------------------+-----------+----------------------
 00:00:27(00:00:25) |  00:00:01(00:00:01) |  10.4( 10.0) |   17:30:47 (Aug26) |  784.5 MB | PBS_Generic-earlyCG_cleanup
--------------------+---------------------+--------------+--------------------+-----------+----------------------
 00:00:27(00:00:25) |  00:00:00(00:00:00) |   0.0(  0.0) |   17:30:47 (Aug26) |  784.5 MB | PBS_TechMap-Start
--------------------+---------------------+--------------+--------------------+-----------+----------------------
 00:00:27(00:00:25) |  00:00:00(00:00:00) |   0.0(  0.0) |   17:30:47 (Aug26) |  784.5 MB | PBS_TechMap-Premap HBO Optimizations
--------------------+---------------------+--------------+--------------------+-----------+----------------------
 00:00:28(00:00:26) |  00:00:01(00:00:01) |  11.1( 10.0) |   17:30:48 (Aug26) |  784.5 MB | PBS_Techmap-Global Mapping
--------------------+---------------------+--------------+--------------------+-----------+----------------------
 00:00:30(00:00:28) |  00:00:02(00:00:02) |  20.8( 20.0) |   17:30:50 (Aug26) |  784.5 MB | PBS_TechMap-Datapath Postmap Operations
--------------------+---------------------+--------------+--------------------+-----------+----------------------
 00:00:30(00:00:28) |  00:00:00(00:00:00) |  -0.0(  0.0) |   17:30:50 (Aug26) |  784.5 MB | PBS_TechMap-Postmap HBO Optimizations
--------------------+---------------------+--------------+--------------------+-----------+----------------------
 00:00:30(00:00:28) |  00:00:00(00:00:00) |   0.0(  0.0) |   17:30:50 (Aug26) |  784.5 MB | PBS_TechMap-Postmap Clock Gating
--------------------+---------------------+--------------+--------------------+-----------+----------------------
Number of threads: 8 * 1   (id: pbs_debug, time_info v1.57)
Info: (*N*) indicates data that was populated from previously saved time_info database
Info: CPU time includes time of parent + longest thread
-------------------------------------------------------------------------------
 hi_fo_buf                   683        0         0         0        0        0

           Trick     Calls     Accepts   Attempts    Time(secs) 
-----------------------------------------------------------
       hi_fo_buf         0  (        0 /        0 )  0.00

 
Incremental optimization status
===============================
                                   Group   
                                  Tot Wrst     Total - - - - DRC Totals - - - -
                           Total  Weighted      Neg      Max       Max     Max  
Operation                   Area   Slacks      Slack    Trans      Cap   Fanout 
 init_delay                  683        0         0         0        0        0

           Trick     Calls     Accepts   Attempts    Time(secs) 
-----------------------------------------------------------
       crit_upsz         0  (        0 /        0 )  0.00
    plc_bal_star         0  (        0 /        0 )  0.00
     drc_buftimb         0  (        0 /        0 )  0.00
          plc_st         0  (        0 /        0 )  0.00
    plc_st_fence         0  (        0 /        0 )  0.00
        plc_star         0  (        0 /        0 )  0.00
      plc_laf_st         0  (        0 /        0 )  0.00
 plc_laf_st_fence         0  (        0 /        0 )  0.00
     drc_buftims         0  (        0 /        0 )  0.00
            fopt         0  (        0 /        0 )  0.00
   plc_laf_lo_st         0  (        0 /        0 )  0.00
       plc_lo_st         0  (        0 /        0 )  0.00
        mb_split         0  (        0 /        0 )  0.00

 
Local TNS optimization status
=============================
                                   Group   
                                  Tot Wrst     Total - - - - DRC Totals - - - -
                           Total  Weighted      Neg      Max       Max     Max  
Operation                   Area   Slacks      Slack    Trans      Cap   Fanout 
 init_tns                    683        0         0         0        0        0

           Trick     Calls     Accepts   Attempts    Time(secs) 
-----------------------------------------------------------
    plc_bal_star         0  (        0 /        0 )  0.00
     drc_buftimb         0  (        0 /        0 )  0.00
     drc_buftims         0  (        0 /        0 )  0.00
       crit_upsz         0  (        0 /        0 )  0.00
   plc_laf_lo_st         0  (        0 /        0 )  0.00
       plc_lo_st         0  (        0 /        0 )  0.00
            fopt         0  (        0 /        0 )  0.00
       crit_dnsz         0  (        0 /        0 )  0.00
             dup         0  (        0 /        0 )  0.00
        setup_dn         0  (        0 /        0 )  0.00
        mb_split         0  (        0 /        0 )  0.00

PBS_TechMap-Postmap Cleanup - Elapsed_Time 1, CPU_Time 0.9942290000000007
stamp 'PBS_TechMap-Postmap Cleanup' being created for table 'pbs_debug'

  Total Time (Wall) |  Stage Time (Wall)  |   % (Wall)   |    Date - Time     |  Memory   | Stage
--------------------+---------------------+--------------+--------------------+-----------+----------------------
 00:00:21(00:00:18) |  00:00:00(00:00:00) |   0.0(  0.0) |   17:30:40 (Aug26) |  401.7 MB | PBS_Generic-Start
--------------------+---------------------+--------------+--------------------+-----------+----------------------
 00:00:20(00:00:19) | -01:59:56(00:00:01) |  -0.0(  9.1) |   17:30:41 (Aug26) |  401.7 MB | PBS_Generic-earlyCG
--------------------+---------------------+--------------+--------------------+-----------+----------------------
 00:00:26(00:00:24) |  00:00:05(00:00:05) |  52.3( 45.5) |   17:30:46 (Aug26) |  784.5 MB | PBS_Generic_Opt-Post
--------------------+---------------------+--------------+--------------------+-----------+----------------------
 00:00:26(00:00:24) |  00:00:00(00:00:00) |   0.0(  0.0) |   17:30:46 (Aug26) |  784.5 MB | PBS_Generic-Postgen HBO Optimizations
--------------------+---------------------+--------------+--------------------+-----------+----------------------
 00:00:27(00:00:25) |  00:00:01(00:00:01) |   9.4(  9.1) |   17:30:47 (Aug26) |  784.5 MB | PBS_Generic-earlyCG_cleanup
--------------------+---------------------+--------------+--------------------+-----------+----------------------
 00:00:27(00:00:25) |  00:00:00(00:00:00) |   0.0(  0.0) |   17:30:47 (Aug26) |  784.5 MB | PBS_TechMap-Start
--------------------+---------------------+--------------+--------------------+-----------+----------------------
 00:00:27(00:00:25) |  00:00:00(00:00:00) |   0.0(  0.0) |   17:30:47 (Aug26) |  784.5 MB | PBS_TechMap-Premap HBO Optimizations
--------------------+---------------------+--------------+--------------------+-----------+----------------------
 00:00:28(00:00:26) |  00:00:01(00:00:01) |  10.1(  9.1) |   17:30:48 (Aug26) |  784.5 MB | PBS_Techmap-Global Mapping
--------------------+---------------------+--------------+--------------------+-----------+----------------------
 00:00:30(00:00:28) |  00:00:02(00:00:02) |  18.9( 18.2) |   17:30:50 (Aug26) |  784.5 MB | PBS_TechMap-Datapath Postmap Operations
--------------------+---------------------+--------------+--------------------+-----------+----------------------
 00:00:30(00:00:28) |  00:00:00(00:00:00) |  -0.0(  0.0) |   17:30:50 (Aug26) |  784.5 MB | PBS_TechMap-Postmap HBO Optimizations
--------------------+---------------------+--------------+--------------------+-----------+----------------------
 00:00:30(00:00:28) |  00:00:00(00:00:00) |   0.0(  0.0) |   17:30:50 (Aug26) |  784.5 MB | PBS_TechMap-Postmap Clock Gating
--------------------+---------------------+--------------+--------------------+-----------+----------------------
 00:00:31(00:00:29) |  00:00:00(00:00:01) |   9.4(  9.1) |   17:30:51 (Aug26) |  784.3 MB | PBS_TechMap-Postmap Cleanup
--------------------+---------------------+--------------+--------------------+-----------+----------------------
Number of threads: 8 * 1   (id: pbs_debug, time_info v1.57)
Info: (*N*) indicates data that was populated from previously saved time_info database
Info: CPU time includes time of parent + longest thread
PBS_Techmap-Post_MBCI - Elapsed_Time 0, CPU_Time 0.0
stamp 'PBS_Techmap-Post_MBCI' being created for table 'pbs_debug'

  Total Time (Wall) |  Stage Time (Wall)  |   % (Wall)   |    Date - Time     |  Memory   | Stage
--------------------+---------------------+--------------+--------------------+-----------+----------------------
 00:00:21(00:00:18) |  00:00:00(00:00:00) |   0.0(  0.0) |   17:30:40 (Aug26) |  401.7 MB | PBS_Generic-Start
--------------------+---------------------+--------------+--------------------+-----------+----------------------
 00:00:20(00:00:19) | -01:59:56(00:00:01) |  -0.0(  9.1) |   17:30:41 (Aug26) |  401.7 MB | PBS_Generic-earlyCG
--------------------+---------------------+--------------+--------------------+-----------+----------------------
 00:00:26(00:00:24) |  00:00:05(00:00:05) |  52.3( 45.5) |   17:30:46 (Aug26) |  784.5 MB | PBS_Generic_Opt-Post
--------------------+---------------------+--------------+--------------------+-----------+----------------------
 00:00:26(00:00:24) |  00:00:00(00:00:00) |   0.0(  0.0) |   17:30:46 (Aug26) |  784.5 MB | PBS_Generic-Postgen HBO Optimizations
--------------------+---------------------+--------------+--------------------+-----------+----------------------
 00:00:27(00:00:25) |  00:00:01(00:00:01) |   9.4(  9.1) |   17:30:47 (Aug26) |  784.5 MB | PBS_Generic-earlyCG_cleanup
--------------------+---------------------+--------------+--------------------+-----------+----------------------
 00:00:27(00:00:25) |  00:00:00(00:00:00) |   0.0(  0.0) |   17:30:47 (Aug26) |  784.5 MB | PBS_TechMap-Start
--------------------+---------------------+--------------+--------------------+-----------+----------------------
 00:00:27(00:00:25) |  00:00:00(00:00:00) |   0.0(  0.0) |   17:30:47 (Aug26) |  784.5 MB | PBS_TechMap-Premap HBO Optimizations
--------------------+---------------------+--------------+--------------------+-----------+----------------------
 00:00:28(00:00:26) |  00:00:01(00:00:01) |  10.1(  9.1) |   17:30:48 (Aug26) |  784.5 MB | PBS_Techmap-Global Mapping
--------------------+---------------------+--------------+--------------------+-----------+----------------------
 00:00:30(00:00:28) |  00:00:02(00:00:02) |  18.9( 18.2) |   17:30:50 (Aug26) |  784.5 MB | PBS_TechMap-Datapath Postmap Operations
--------------------+---------------------+--------------+--------------------+-----------+----------------------
 00:00:30(00:00:28) |  00:00:00(00:00:00) |  -0.0(  0.0) |   17:30:50 (Aug26) |  784.5 MB | PBS_TechMap-Postmap HBO Optimizations
--------------------+---------------------+--------------+--------------------+-----------+----------------------
 00:00:30(00:00:28) |  00:00:00(00:00:00) |   0.0(  0.0) |   17:30:50 (Aug26) |  784.5 MB | PBS_TechMap-Postmap Clock Gating
--------------------+---------------------+--------------+--------------------+-----------+----------------------
 00:00:31(00:00:29) |  00:00:00(00:00:01) |   9.4(  9.1) |   17:30:51 (Aug26) |  784.3 MB | PBS_TechMap-Postmap Cleanup
--------------------+---------------------+--------------+--------------------+-----------+----------------------
 00:00:31(00:00:29) |  00:00:00(00:00:00) |   0.0(  0.0) |   17:30:51 (Aug26) |  784.3 MB | PBS_Techmap-Post_MBCI
--------------------+---------------------+--------------+--------------------+-----------+----------------------
Number of threads: 8 * 1   (id: pbs_debug, time_info v1.57)
Info: (*N*) indicates data that was populated from previously saved time_info database
Info: CPU time includes time of parent + longest thread
##>=================== Cadence Confidential (Mapping-Logical) ===================
##>Main Thread Summary:
##>----------------------------------------------------------------------------------------
##>STEP                           Elapsed       WNS       TNS     Insts      Area    Memory
##>----------------------------------------------------------------------------------------
##>M:Initial                            0         -         -       340      1385       784
##>M:Early Clock Gating                 0         -         -         -         -         -
##>M:Pre Cleanup                        0         -         -       340      1385       784
##>M:Setup                              0         -         -         -         -         -
##>M:Launch ST                          0         -         -         -         -         -
##>M:Design Partition                   0         -         -         -         -         -
##>M:Create Partition Netlists          0         -         -         -         -         -
##>M:Init Power                         0         -         -         -         -         -
##>M:Budgeting                          0         -         -         -         -         -
##>M:Derenv-DB                          0         -         -         -         -         -
##>M:Debug Outputs                      0         -         -         -         -         -
##>M:ST loading                         0         -         -         -         -         -
##>M:Distributed                        0         -         -         -         -         -
##>M:Timer                              0         -         -         -         -         -
##>M:Assembly                           0         -         -         -         -         -
##>M:DFT                                0         -         -         -         -         -
##>M:DP Operations                      2         -         -       288       682       784
##>M:Const Prop                         0      7591         0       288       682       784
##>M:Cleanup                            1      7591         0       288       682       784
##>M:MBCI                               0         -         -       288       682       784
##>M:PostGen Opt                        0         -         -         -         -         -
##>M:Const Gate Removal                 0         -         -         -         -         -
##>M:Early Clock Gating Cleanup         0         -         -         -         -         -
##>M:Misc                               1
##>----------------------------------------------------------------------------------------
##>Total Elapsed                        4
##>========================================================================================
Info    : Done mapping. [SYNTH-5]
        : Done mapping 'aer_pending_gray_rank_reuse_sync_core_reset'.
      flow.cputime  flow.realtime  timing.setup.tns  timing.setup.wns  snapshot
UM:*                                                                   syn_map
@file(aer45_genus_lowpower.tcl) 40: set synchronizer_insts [concat [get_db insts *req_meta_q_reg*] [get_db insts *req_sync_q_reg*] [get_db insts *reset_release_q_reg*]]
@file(aer45_genus_lowpower.tcl) 41: if {[llength $synchronizer_insts]!=34} {error "$tag synchronizer count mismatch"}
@file(aer45_genus_lowpower.tcl) 42: set_db $synchronizer_insts .preserve true
  Setting attribute of inst 'req_meta_q_reg[6]': 'preserve' = true
  Setting attribute of inst 'req_meta_q_reg[15]': 'preserve' = true
  Setting attribute of inst 'req_meta_q_reg[0]': 'preserve' = true
  Setting attribute of inst 'req_meta_q_reg[1]': 'preserve' = true
  Setting attribute of inst 'req_meta_q_reg[3]': 'preserve' = true
  Setting attribute of inst 'req_meta_q_reg[5]': 'preserve' = true
  Setting attribute of inst 'req_meta_q_reg[7]': 'preserve' = true
  Setting attribute of inst 'req_meta_q_reg[8]': 'preserve' = true
  Setting attribute of inst 'req_meta_q_reg[9]': 'preserve' = true
  Setting attribute of inst 'req_meta_q_reg[11]': 'preserve' = true
  Setting attribute of inst 'req_meta_q_reg[2]': 'preserve' = true
  Setting attribute of inst 'req_meta_q_reg[10]': 'preserve' = true
  Setting attribute of inst 'req_meta_q_reg[12]': 'preserve' = true
  Setting attribute of inst 'req_meta_q_reg[13]': 'preserve' = true
  Setting attribute of inst 'req_meta_q_reg[14]': 'preserve' = true
  Setting attribute of inst 'req_meta_q_reg[4]': 'preserve' = true
  Setting attribute of inst 'req_sync_q_reg[12]': 'preserve' = true
  Setting attribute of inst 'req_sync_q_reg[2]': 'preserve' = true
  Setting attribute of inst 'req_sync_q_reg[0]': 'preserve' = true
  Setting attribute of inst 'req_sync_q_reg[15]': 'preserve' = true
  Setting attribute of inst 'req_sync_q_reg[13]': 'preserve' = true
  Setting attribute of inst 'req_sync_q_reg[1]': 'preserve' = true
  Setting attribute of inst 'req_sync_q_reg[6]': 'preserve' = true
  Setting attribute of inst 'req_sync_q_reg[14]': 'preserve' = true
  Setting attribute of inst 'req_sync_q_reg[4]': 'preserve' = true
  Setting attribute of inst 'req_sync_q_reg[10]': 'preserve' = true
  Setting attribute of inst 'req_sync_q_reg[8]': 'preserve' = true
  Setting attribute of inst 'req_sync_q_reg[7]': 'preserve' = true
  Setting attribute of inst 'req_sync_q_reg[5]': 'preserve' = true
  Setting attribute of inst 'req_sync_q_reg[9]': 'preserve' = true
  Setting attribute of inst 'req_sync_q_reg[3]': 'preserve' = true
  Setting attribute of inst 'req_sync_q_reg[11]': 'preserve' = true
  Setting attribute of inst 'reset_release_q_reg[1]': 'preserve' = true
  Setting attribute of inst 'reset_release_q_reg[0]': 'preserve' = true
@file(aer45_genus_lowpower.tcl) 43: if {$mode eq "mbff" || $mode eq "both"} {merge_to_multibit_cells}
@file(aer45_genus_lowpower.tcl) 44: syn_opt
Warning : The selected flow setting will be removed in a future release. [SYNTH-33]
        : The use of 'syn_opt' for logical only optimization will be obsolete in a future release.
	Transition to 'syn_opt -logical' or 'syn_opt -spatial'.

        : Contact Cadence support to understand current flows.
Info    : Incrementally optimizing. [SYNTH-7]
        : Incrementally optimizing 'aer_pending_gray_rank_reuse_sync_core_reset' using 'high' effort.
Info    : Attribute 'lp_clock_gating_test_signal' is not set. [POPT-703]
        : Skipping test connection for clock gates on design aer_pending_gray_rank_reuse_sync_core_reset, as 'lp_clock_gating_test_signal' is not set.
  Decloning clock-gating logic from design:aer_pending_gray_rank_reuse_sync_core_reset
Forcing hierarchical CG on for clock_gating declone -hier
Clock-Gating declone Status
===========================
Total number of Synthesis inserted clock-gating instances before: 2
Total number of Synthesis inserted clock-gating instances after : 2
Total number of clock-gating instances before: 2
Total number of clock-gating instances after : 2
 
Incremental optimization status
===============================
                                   Group   
                                  Tot Wrst     Total - - - - DRC Totals - - - -
                           Total  Weighted      Neg      Max       Max     Max  
Operation                   Area   Slacks      Slack    Trans      Cap   Fanout 
 init_iopt                   683        0         0         0        0        0
-------------------------------------------------------------------------------
 const_prop                  683        0         0         0        0        0
-------------------------------------------------------------------------------
 hi_fo_buf                   683        0         0         0        0        0

           Trick     Calls     Accepts   Attempts    Time(secs) 
-----------------------------------------------------------
       hi_fo_buf         0  (        0 /        0 )  0.00

 
Incremental optimization status
===============================
                                   Group   
                                  Tot Wrst     Total - - - - DRC Totals - - - -
                           Total  Weighted      Neg      Max       Max     Max  
Operation                   Area   Slacks      Slack    Trans      Cap   Fanout 
 init_delay                  683        0         0         0        0        0

           Trick     Calls     Accepts   Attempts    Time(secs) 
-----------------------------------------------------------
        crit_msz         0  (        0 /        0 )  0.00
       crit_upsz         0  (        0 /        0 )  0.00
       crit_slew         0  (        0 /        0 )  0.00
        setup_dn         0  (        0 /        0 )  0.00
    plc_bal_star         0  (        0 /        0 )  0.00
     drc_buftimb         0  (        0 /        0 )  0.00
          plc_st         0  (        0 /        0 )  0.00
    plc_st_fence         0  (        0 /        0 )  0.00
        plc_star         0  (        0 /        0 )  0.00
      plc_laf_st         0  (        0 /        0 )  0.00
 plc_laf_st_fence         0  (        0 /        0 )  0.00
     drc_buftims         0  (        0 /        0 )  0.00
   plc_laf_lo_st         0  (        0 /        0 )  0.00
       plc_lo_st         0  (        0 /        0 )  0.00
            fopt         0  (        0 /        0 )  0.00
       crit_swap         0  (        0 /        0 )  0.00
       mux2_swap         0  (        0 /        0 )  0.00
       crit_dnsz         0  (        0 /        0 )  0.00
       load_swap         0  (        0 /        0 )  0.00
            fopt         0  (        0 /        0 )  0.00
        setup_dn         0  (        0 /        0 )  0.00
       load_isol         0  (        0 /        0 )  0.00
       load_isol         0  (        0 /        0 )  0.00
        move_for         0  (        0 /        0 )  0.00
        move_for         0  (        0 /        0 )  0.00
          rem_bi         0  (        0 /        0 )  0.00
         offload         0  (        0 /        0 )  0.00
          rem_bi         0  (        0 /        0 )  0.00
         offload         0  (        0 /        0 )  0.00
           phase         0  (        0 /        0 )  0.00
        in_phase         0  (        0 /        0 )  0.00
       merge_bit         0  (        0 /        0 )  0.00
     merge_idrvr         0  (        0 /        0 )  0.00
     merge_iload         0  (        0 /        0 )  0.00
    merge_idload         0  (        0 /        0 )  0.00
      merge_drvr         0  (        0 /        0 )  0.00
      merge_load         0  (        0 /        0 )  0.00
          decomp         0  (        0 /        0 )  0.00
        p_decomp         0  (        0 /        0 )  0.00
        levelize         0  (        0 /        0 )  0.00
        mb_split         0  (        0 /        0 )  0.00
             dup         0  (        0 /        0 )  0.00
      mux_retime         0  (        0 /        0 )  0.00
         buf2inv         0  (        0 /        0 )  0.00
             exp         0  (        0 /        0 )  0.00
       gate_deco         0  (        0 /        0 )  0.00
       gcomp_tim         0  (        0 /        0 )  0.00
  inv_pair_2_buf         0  (        0 /        0 )  0.00


           Trick     Calls     Accepts   Attempts    Time(secs) 
-----------------------------------------------------------
         crr_220         0  (        0 /        0 )  0.00
        crr_glob         0  (        0 /        0 )  0.00
         crr_200         0  (        0 /        0 )  0.00
        crr_glob         0  (        0 /        0 )  0.00
         crr_300         0  (        0 /        0 )  0.00
        crr_glob         0  (        0 /        0 )  0.00
         crr_400         0  (        0 /        0 )  0.00
        crr_glob         0  (        0 /        0 )  0.00
         crr_111         0  (        0 /        0 )  0.00
        crr_glob         0  (        0 /        0 )  0.00
         crr_210         0  (        0 /        0 )  0.00
        crr_glob         0  (        0 /        0 )  0.00
         crr_110         0  (        0 /        0 )  0.00
        crr_glob         0  (        0 /        0 )  0.00
         crr_101         0  (        0 /        0 )  0.00
        crr_glob         0  (        0 /        0 )  0.00
         crr_201         0  (        0 /        0 )  0.00
        crr_glob         0  (        0 /        0 )  0.00
         crr_211         0  (        0 /        0 )  0.00
        crr_glob         0  (        0 /        0 )  0.00
        crit_msz         0  (        0 /        0 )  0.00
       crit_upsz         0  (        0 /        0 )  0.00
       crit_slew         0  (        0 /        0 )  0.00
        setup_dn         0  (        0 /        0 )  0.00
    plc_bal_star         0  (        0 /        0 )  0.00
     drc_buftimb         0  (        0 /        0 )  0.00
          plc_st         0  (        0 /        0 )  0.00
    plc_st_fence         0  (        0 /        0 )  0.00
        plc_star         0  (        0 /        0 )  0.00
      plc_laf_st         0  (        0 /        0 )  0.00
 plc_laf_st_fence         0  (        0 /        0 )  0.00
     drc_buftims         0  (        0 /        0 )  0.00
       plc_lo_st         0  (        0 /        0 )  0.00
            fopt         0  (        0 /        0 )  0.00
       crit_swap         0  (        0 /        0 )  0.00
       mux2_swap         0  (        0 /        0 )  0.00
       crit_dnsz         0  (        0 /        0 )  0.00
       load_swap         0  (        0 /        0 )  0.00
            fopt         0  (        0 /        0 )  0.00
        setup_dn         0  (        0 /        0 )  0.00
       load_isol         0  (        0 /        0 )  0.00
       load_isol         0  (        0 /        0 )  0.00
        move_for         0  (        0 /        0 )  0.00
        move_for         0  (        0 /        0 )  0.00
          rem_bi         0  (        0 /        0 )  0.00
         offload         0  (        0 /        0 )  0.00
          rem_bi         0  (        0 /        0 )  0.00
         offload         0  (        0 /        0 )  0.00
       merge_bit         0  (        0 /        0 )  0.00
     merge_idrvr         0  (        0 /        0 )  0.00
     merge_iload         0  (        0 /        0 )  0.00
    merge_idload         0  (        0 /        0 )  0.00
      merge_drvr         0  (        0 /        0 )  0.00
      merge_load         0  (        0 /        0 )  0.00
           phase         0  (        0 /        0 )  0.00
          decomp         0  (        0 /        0 )  0.00
        p_decomp         0  (        0 /        0 )  0.00
        levelize         0  (        0 /        0 )  0.00
        mb_split         0  (        0 /        0 )  0.00
        in_phase         0  (        0 /        0 )  0.00
             dup         0  (        0 /        0 )  0.00
      mux_retime         0  (        0 /        0 )  0.00
         buf2inv         0  (        0 /        0 )  0.00
             exp         0  (        0 /        0 )  0.00
       gate_deco         0  (        0 /        0 )  0.00
       gcomp_tim         0  (        0 /        0 )  0.00
  inv_pair_2_buf         0  (        0 /        0 )  0.00
 init_drc                    683        0         0         0        0        0

           Trick     Calls     Accepts   Attempts    Time(secs) 
-----------------------------------------------------------
          plc_st         0  (        0 /        0 )  0.00
        plc_star         0  (        0 /        0 )  0.00
        drc_bufs         0  (        0 /        0 )  0.00
        drc_fopt         0  (        0 /        0 )  0.00
        drc_bufb         0  (        0 /        0 )  0.00
      simple_buf         0  (        0 /        0 )  0.00
             dup         0  (        0 /        0 )  0.00
       crit_dnsz         0  (        0 /        0 )  0.00
       crit_upsz         0  (        0 /        0 )  0.00
       crit_slew         0  (        0 /        0 )  0.00


           Trick     Calls     Accepts   Attempts    Time(secs) 
-----------------------------------------------------------
          plc_st         0  (        0 /        0 )  0.00
        plc_star         0  (        0 /        0 )  0.00
      drc_buf_sp         0  (        0 /        0 )  0.00
        drc_bufs         0  (        0 /        0 )  0.00
        drc_fopt         0  (        0 /        0 )  0.00
        drc_bufb         0  (        0 /        0 )  0.00
      simple_buf         0  (        0 /        0 )  0.00
             dup         0  (        0 /        0 )  0.00
       crit_dnsz         0  (        0 /        0 )  0.00
       crit_upsz         0  (        0 /        0 )  0.00


           Trick     Calls     Accepts   Attempts    Time(secs) 
-----------------------------------------------------------
          plc_st         0  (        0 /        0 )  0.00
        plc_star         0  (        0 /        0 )  0.00
      drc_buf_sp         0  (        0 /        0 )  0.00
        drc_bufs         0  (        0 /        0 )  0.00
        drc_fopt         0  (        0 /        0 )  0.00
        drc_bufb         0  (        0 /        0 )  0.00
             dup         0  (        0 /        0 )  0.00
       crit_dnsz         0  (        0 /        0 )  0.00
       crit_upsz         0  (        0 /        0 )  0.00

 init_tns                    683        0         0         0        0        0

           Trick     Calls     Accepts   Attempts    Time(secs) 
-----------------------------------------------------------
            fopt         0  (        0 /        0 )  0.00
    plc_bal_star         0  (        0 /        0 )  0.00
     drc_buftimb         0  (        0 /        0 )  0.00
     drc_buftims         0  (        0 /        0 )  0.00
        crit_msz         0  (        0 /        0 )  0.00
       crit_upsz         0  (        0 /        0 )  0.00
   plc_laf_lo_st         0  (        0 /        0 )  0.00
       plc_lo_st         0  (        0 /        0 )  0.00
       crit_swap         0  (        0 /        0 )  0.00
       mux2_swap         0  (        0 /        0 )  0.00
       crit_dnsz         0  (        0 /        0 )  0.00
       load_swap         0  (        0 /        0 )  0.00
            fopt         0  (        0 /        0 )  0.00
        setup_dn         0  (        0 /        0 )  0.00
       load_isol         0  (        0 /        0 )  0.00
       load_isol         0  (        0 /        0 )  0.00
        move_for         0  (        0 /        0 )  0.00
        move_for         0  (        0 /        0 )  0.00
          rem_bi         0  (        0 /        0 )  0.00
         offload         0  (        0 /        0 )  0.00
          rem_bi         0  (        0 /        0 )  0.00
         offload         0  (        0 /        0 )  0.00
       merge_bit         0  (        0 /        0 )  0.00
     merge_idrvr         0  (        0 /        0 )  0.00
     merge_iload         0  (        0 /        0 )  0.00
    merge_idload         0  (        0 /        0 )  0.00
      merge_drvr         0  (        0 /        0 )  0.00
      merge_load         0  (        0 /        0 )  0.00
           phase         0  (        0 /        0 )  0.00
          decomp         0  (        0 /        0 )  0.00
        p_decomp         0  (        0 /        0 )  0.00
        levelize         0  (        0 /        0 )  0.00
        mb_split         0  (        0 /        0 )  0.00
             dup         0  (        0 /        0 )  0.00
      mux_retime         0  (        0 /        0 )  0.00
       crr_local         0  (        0 /        0 )  0.00
         buf2inv         0  (        0 /        0 )  0.00

 init_area                   683        0         0         0        0        0
 rem_inv                     681        0         0         0        0        0
 io_phase                    681        0         0         0        0        0

           Trick     Calls     Accepts   Attempts    Time(secs) 
-----------------------------------------------------------
           undup         0  (        0 /        0 )  0.00
         rem_buf         1  (        0 /        0 )  0.00
         rem_inv         5  (        2 /        2 )  0.01
        merge_bi         2  (        0 /        0 )  0.00
      rem_inv_qb        17  (        0 /        0 )  0.02
    seq_res_area         1  (        0 /        0 )  0.14
        io_phase        17  (        1 /        1 )  0.00
       gate_comp         0  (        0 /        0 )  0.01
       gcomp_mog         0  (        0 /        0 )  0.01
       glob_area        20  (        0 /       20 )  0.00
       area_down         0  (        0 /        0 )  0.00
      size_n_buf         0  (        0 /        0 )  0.00
  gate_deco_area         0  (        0 /        0 )  0.00
         rem_buf         1  (        0 /        0 )  0.00
         rem_inv         3  (        0 /        0 )  0.01
        merge_bi         2  (        0 /        0 )  0.00
      rem_inv_qb        17  (        0 /        0 )  0.02

 
Incremental optimization status
===============================
                                   Group   
                                  Tot Wrst     Total - - - - DRC Totals - - - -
                           Total  Weighted      Neg      Max       Max     Max  
Operation                   Area   Slacks      Slack    Trans      Cap   Fanout 
 init_delay                  681        0         0         0        0        0

           Trick     Calls     Accepts   Attempts    Time(secs) 
-----------------------------------------------------------
         crr_220         0  (        0 /        0 )  0.00
        crr_glob         0  (        0 /        0 )  0.00
         crr_200         0  (        0 /        0 )  0.00
        crr_glob         0  (        0 /        0 )  0.00
         crr_300         0  (        0 /        0 )  0.00
        crr_glob         0  (        0 /        0 )  0.00
         crr_400         0  (        0 /        0 )  0.00
        crr_glob         0  (        0 /        0 )  0.00
         crr_111         0  (        0 /        0 )  0.00
        crr_glob         0  (        0 /        0 )  0.00
         crr_210         0  (        0 /        0 )  0.00
        crr_glob         0  (        0 /        0 )  0.00
         crr_110         0  (        0 /        0 )  0.00
        crr_glob         0  (        0 /        0 )  0.00
         crr_101         0  (        0 /        0 )  0.00
        crr_glob         0  (        0 /        0 )  0.00
         crr_201         0  (        0 /        0 )  0.00
        crr_glob         0  (        0 /        0 )  0.00
         crr_211         0  (        0 /        0 )  0.00
        crr_glob         0  (        0 /        0 )  0.00
        crit_msz         0  (        0 /        0 )  0.00
       crit_upsz         0  (        0 /        0 )  0.00
       crit_slew         0  (        0 /        0 )  0.00
        setup_dn         0  (        0 /        0 )  0.00
    plc_bal_star         0  (        0 /        0 )  0.00
     drc_buftimb         0  (        0 /        0 )  0.00
          plc_st         0  (        0 /        0 )  0.00
    plc_st_fence         0  (        0 /        0 )  0.00
        plc_star         0  (        0 /        0 )  0.00
      plc_laf_st         0  (        0 /        0 )  0.00
 plc_laf_st_fence         0  (        0 /        0 )  0.00
     drc_buftims         0  (        0 /        0 )  0.00
       plc_lo_st         0  (        0 /        0 )  0.00
            fopt         0  (        0 /        0 )  0.00
       crit_swap         0  (        0 /        0 )  0.00
       mux2_swap         0  (        0 /        0 )  0.00
       crit_dnsz         0  (        0 /        0 )  0.00
       load_swap         0  (        0 /        0 )  0.00
            fopt         0  (        0 /        0 )  0.00
        setup_dn         0  (        0 /        0 )  0.00
       load_isol         0  (        0 /        0 )  0.00
       load_isol         0  (        0 /        0 )  0.00
        move_for         0  (        0 /        0 )  0.00
        move_for         0  (        0 /        0 )  0.00
          rem_bi         0  (        0 /        0 )  0.00
         offload         0  (        0 /        0 )  0.00
          rem_bi         0  (        0 /        0 )  0.00
         offload         0  (        0 /        0 )  0.00
       merge_bit         0  (        0 /        0 )  0.00
     merge_idrvr         0  (        0 /        0 )  0.00
     merge_iload         0  (        0 /        0 )  0.00
    merge_idload         0  (        0 /        0 )  0.00
      merge_drvr         0  (        0 /        0 )  0.00
      merge_load         0  (        0 /        0 )  0.00
           phase         0  (        0 /        0 )  0.00
          decomp         0  (        0 /        0 )  0.00
        p_decomp         0  (        0 /        0 )  0.00
        levelize         0  (        0 /        0 )  0.00
        mb_split         0  (        0 /        0 )  0.00
        in_phase         0  (        0 /        0 )  0.00
             dup         0  (        0 /        0 )  0.00
      mux_retime         0  (        0 /        0 )  0.00
         buf2inv         0  (        0 /        0 )  0.00
             exp         0  (        0 /        0 )  0.00
       gate_deco         0  (        0 /        0 )  0.00
       gcomp_tim         0  (        0 /        0 )  0.00
  inv_pair_2_buf         0  (        0 /        0 )  0.00
 init_drc                    681        0         0         0        0        0

           Trick     Calls     Accepts   Attempts    Time(secs) 
-----------------------------------------------------------
          plc_st         0  (        0 /        0 )  0.00
        plc_star         0  (        0 /        0 )  0.00
        drc_bufs         0  (        0 /        0 )  0.00
        drc_fopt         0  (        0 /        0 )  0.00
        drc_bufb         0  (        0 /        0 )  0.00
      simple_buf         0  (        0 /        0 )  0.00
             dup         0  (        0 /        0 )  0.00
       crit_dnsz         0  (        0 /        0 )  0.00
       crit_upsz         0  (        0 /        0 )  0.00
       crit_slew         0  (        0 /        0 )  0.00


           Trick     Calls     Accepts   Attempts    Time(secs) 
-----------------------------------------------------------
          plc_st         0  (        0 /        0 )  0.00
        plc_star         0  (        0 /        0 )  0.00
        drc_bufs         0  (        0 /        0 )  0.00
        drc_fopt         0  (        0 /        0 )  0.00
        drc_bufb         0  (        0 /        0 )  0.00
      simple_buf         0  (        0 /        0 )  0.00
             dup         0  (        0 /        0 )  0.00
       crit_dnsz         0  (        0 /        0 )  0.00
       crit_upsz         0  (        0 /        0 )  0.00


           Trick     Calls     Accepts   Attempts    Time(secs) 
-----------------------------------------------------------
          plc_st         0  (        0 /        0 )  0.00
        plc_star         0  (        0 /        0 )  0.00
        drc_bufs         0  (        0 /        0 )  0.00
        drc_fopt         0  (        0 /        0 )  0.00
        drc_bufb         0  (        0 /        0 )  0.00
             dup         0  (        0 /        0 )  0.00
       crit_dnsz         0  (        0 /        0 )  0.00
       crit_upsz         0  (        0 /        0 )  0.00

 init_tns                    681        0         0         0        0        0

           Trick     Calls     Accepts   Attempts    Time(secs) 
-----------------------------------------------------------
            fopt         0  (        0 /        0 )  0.00
    plc_bal_star         0  (        0 /        0 )  0.00
     drc_buftimb         0  (        0 /        0 )  0.00
     drc_buftims         0  (        0 /        0 )  0.00
        crit_msz         0  (        0 /        0 )  0.00
       crit_upsz         0  (        0 /        0 )  0.00
   plc_laf_lo_st         0  (        0 /        0 )  0.00
       plc_lo_st         0  (        0 /        0 )  0.00
       crit_swap         0  (        0 /        0 )  0.00
       mux2_swap         0  (        0 /        0 )  0.00
       crit_dnsz         0  (        0 /        0 )  0.00
       load_swap         0  (        0 /        0 )  0.00
            fopt         0  (        0 /        0 )  0.00
        setup_dn         0  (        0 /        0 )  0.00
       load_isol         0  (        0 /        0 )  0.00
       load_isol         0  (        0 /        0 )  0.00
        move_for         0  (        0 /        0 )  0.00
        move_for         0  (        0 /        0 )  0.00
          rem_bi         0  (        0 /        0 )  0.00
         offload         0  (        0 /        0 )  0.00
          rem_bi         0  (        0 /        0 )  0.00
         offload         0  (        0 /        0 )  0.00
       merge_bit         0  (        0 /        0 )  0.00
     merge_idrvr         0  (        0 /        0 )  0.00
     merge_iload         0  (        0 /        0 )  0.00
    merge_idload         0  (        0 /        0 )  0.00
      merge_drvr         0  (        0 /        0 )  0.00
      merge_load         0  (        0 /        0 )  0.00
           phase         0  (        0 /        0 )  0.00
          decomp         0  (        0 /        0 )  0.00
        p_decomp         0  (        0 /        0 )  0.00
        levelize         0  (        0 /        0 )  0.00
        mb_split         0  (        0 /        0 )  0.00
             dup         0  (        0 /        0 )  0.00
      mux_retime         0  (        0 /        0 )  0.00
       crr_local         0  (        0 /        0 )  0.00
         buf2inv         0  (        0 /        0 )  0.00

 init_area                   681        0         0         0        0        0

           Trick     Calls     Accepts   Attempts    Time(secs) 
-----------------------------------------------------------
           undup         0  (        0 /        0 )  0.00
         rem_buf         1  (        0 /        0 )  0.00
         rem_inv         3  (        0 /        0 )  0.01
        merge_bi         2  (        0 /        0 )  0.00
      rem_inv_qb        17  (        0 /        0 )  0.03
        io_phase        16  (        0 /        0 )  0.00
       gate_comp         0  (        0 /        0 )  0.01
       gcomp_mog         0  (        0 /        0 )  0.01
       glob_area        20  (        0 /       20 )  0.00
       area_down         0  (        0 /        0 )  0.00
      size_n_buf         0  (        0 /        0 )  0.00
  gate_deco_area         0  (        0 /        0 )  0.00

 
Incremental optimization status
===============================
                                   Group   
                                  Tot Wrst     Total - - - - DRC Totals - - - -
                           Total  Weighted      Neg      Max       Max     Max  
Operation                   Area   Slacks      Slack    Trans      Cap   Fanout 
 init_delay                  681        0         0         0        0        0

           Trick     Calls     Accepts   Attempts    Time(secs) 
-----------------------------------------------------------
        crit_msz         0  (        0 /        0 )  0.00
       crit_upsz         0  (        0 /        0 )  0.00
       crit_slew         0  (        0 /        0 )  0.00
        setup_dn         0  (        0 /        0 )  0.00
    plc_bal_star         0  (        0 /        0 )  0.00
     drc_buftimb         0  (        0 /        0 )  0.00
          plc_st         0  (        0 /        0 )  0.00
    plc_st_fence         0  (        0 /        0 )  0.00
        plc_star         0  (        0 /        0 )  0.00
      plc_laf_st         0  (        0 /        0 )  0.00
 plc_laf_st_fence         0  (        0 /        0 )  0.00
     drc_buftims         0  (        0 /        0 )  0.00
   plc_laf_lo_st         0  (        0 /        0 )  0.00
       plc_lo_st         0  (        0 /        0 )  0.00
            fopt         0  (        0 /        0 )  0.00
       crit_swap         0  (        0 /        0 )  0.00
       mux2_swap         0  (        0 /        0 )  0.00
       crit_dnsz         0  (        0 /        0 )  0.00
       load_swap         0  (        0 /        0 )  0.00
            fopt         0  (        0 /        0 )  0.00
        setup_dn         0  (        0 /        0 )  0.00
       load_isol         0  (        0 /        0 )  0.00
       load_isol         0  (        0 /        0 )  0.00
        move_for         0  (        0 /        0 )  0.00
        move_for         0  (        0 /        0 )  0.00
          rem_bi         0  (        0 /        0 )  0.00
         offload         0  (        0 /        0 )  0.00
          rem_bi         0  (        0 /        0 )  0.00
         offload         0  (        0 /        0 )  0.00
           phase         0  (        0 /        0 )  0.00
        in_phase         0  (        0 /        0 )  0.00
       merge_bit         0  (        0 /        0 )  0.00
     merge_idrvr         0  (        0 /        0 )  0.00
     merge_iload         0  (        0 /        0 )  0.00
    merge_idload         0  (        0 /        0 )  0.00
      merge_drvr         0  (        0 /        0 )  0.00
      merge_load         0  (        0 /        0 )  0.00
          decomp         0  (        0 /        0 )  0.00
        p_decomp         0  (        0 /        0 )  0.00
        levelize         0  (        0 /        0 )  0.00
        mb_split         0  (        0 /        0 )  0.00
             dup         0  (        0 /        0 )  0.00
      mux_retime         0  (        0 /        0 )  0.00
         buf2inv         0  (        0 /        0 )  0.00
             exp         0  (        0 /        0 )  0.00
       gate_deco         0  (        0 /        0 )  0.00
       gcomp_tim         0  (        0 /        0 )  0.00
  inv_pair_2_buf         0  (        0 /        0 )  0.00

 init_drc                    681        0         0         0        0        0

           Trick     Calls     Accepts   Attempts    Time(secs) 
-----------------------------------------------------------
          plc_st         0  (        0 /        0 )  0.00
        plc_star         0  (        0 /        0 )  0.00
        drc_bufs         0  (        0 /        0 )  0.00
        drc_fopt         0  (        0 /        0 )  0.00
        drc_bufb         0  (        0 /        0 )  0.00
      simple_buf         0  (        0 /        0 )  0.00
             dup         0  (        0 /        0 )  0.00
       crit_dnsz         0  (        0 /        0 )  0.00
       crit_upsz         0  (        0 /        0 )  0.00
       crit_slew         0  (        0 /        0 )  0.00


           Trick     Calls     Accepts   Attempts    Time(secs) 
-----------------------------------------------------------
          plc_st         0  (        0 /        0 )  0.00
        plc_star         0  (        0 /        0 )  0.00
        drc_bufs         0  (        0 /        0 )  0.00
        drc_fopt         0  (        0 /        0 )  0.00
        drc_bufb         0  (        0 /        0 )  0.00
      simple_buf         0  (        0 /        0 )  0.00
             dup         0  (        0 /        0 )  0.00
       crit_dnsz         0  (        0 /        0 )  0.00
       crit_upsz         0  (        0 /        0 )  0.00


           Trick     Calls     Accepts   Attempts    Time(secs) 
-----------------------------------------------------------
          plc_st         0  (        0 /        0 )  0.00
        plc_star         0  (        0 /        0 )  0.00
        drc_bufs         0  (        0 /        0 )  0.00
        drc_fopt         0  (        0 /        0 )  0.00
        drc_bufb         0  (        0 /        0 )  0.00
             dup         0  (        0 /        0 )  0.00
       crit_dnsz         0  (        0 /        0 )  0.00
       crit_upsz         0  (        0 /        0 )  0.00

==================================
Stage : incr_opt 
==================================
  =================
   Message Summary
  =================
---------------------------------------------------------------------------
|   Id   |  Sev  |Count|                   Message Text                   |
---------------------------------------------------------------------------
|CFM-1   |Info   |    1|Wrote dofile.                                     |
|CFM-5   |Info   |    1|Wrote formal verification information.            |
|CFM-212 |Info   |    1|Forcing flat compare.                             |
|PA-7    |Info   |    4|Resetting power analysis results.                 |
|        |       |     |All computed switching activities are removed.    |
|POPT-96 |Info   |    2|One or more cost groups were automatically created|
|        |       |     | for clock gate enable paths.                     |
|        |       |     |This feature can be disabled by setting the       |
|        |       |     | attribute lp_clock_gating_auto_cost_grouping     |
|        |       |     | false.                                           |
|POPT-701|Warning|    1|Automatic CG test connection in generic has been  |
|        |       |     | forced on.                                       |
|        |       |     |This feature has been deprecated. It will fully   |
|        |       |     | uniquify the design which may impact runtime.    |
|        |       |     | This feature will be removed in the next release.|
|POPT-703|Info   |    3|Attribute 'lp_clock_gating_test_signal' is not    |
|        |       |     | set.                                             |
|        |       |     |Indicate which test signal to use by setting the  |
|        |       |     | attribute 'lp_clock_gating_test_signal'.         |
|SYNTH-5 |Info   |    1|Done mapping.                                     |
|SYNTH-7 |Info   |    1|Incrementally optimizing.                         |
|SYNTH-33|Warning|    1|The selected flow setting will be removed in a    |
|        |       |     | future release.                                  |
|        |       |     |Contact Cadence support to understand current     |
|        |       |     | flows.                                           |
---------------------------------------------------------------------------
Info    : Done incrementally optimizing. [SYNTH-8]
        : Done incrementally optimizing 'aer_pending_gray_rank_reuse_sync_core_reset'.
      flow.cputime  flow.realtime  timing.setup.tns  timing.setup.wns  snapshot
UM:*                                                                   syn_opt
@file(aer45_genus_lowpower.tcl) 45: report_area > [file join $out genus_area.rpt]
@file(aer45_genus_lowpower.tcl) 46: report_gates > [file join $out genus_gates.rpt]
@file(aer45_genus_lowpower.tcl) 47: report_timing -max_paths 100 > [file join $out genus_timing.rpt]
Warning : Violating paths are less than num_paths/max_paths. [CHKTMG-19]
        : Only 77 violating paths found
        : The timing query has number of violating paths less than requested num_paths/max_paths.
@file(aer45_genus_lowpower.tcl) 48: report_power > [file join $out genus_power.rpt]
Warning: Library 'slow_vdd1v0' found in multiple domains.
Info: Use -domain to uniquify.
Info: Selecting library 'slow_vdd1v0' in domain '-1'
Info    : Joules engine is used. [RPT-16]
        : Joules engine is being used for the command report_power.
Info   : ACTP-0001 [ACTPInfo] Activity propagation started for stim#0 netlist
       : aer_pending_gray_rank_reuse_sync_core_reset
Info   : ACTP-0009 [ACTPInfo] Activity Propagation Progress Report :   0%   1%   2%   3%   4%   5%   6%   7%   8%   9%  10%  11%  12%  13%  14%  15%  16%  17%  18%  19%  20%  21%  22%  23%  24%  25%  26%  27%  28%  29%  30%  31%  32%  33%  34%  35%  36%  37%  38%  39%  40%  41%  42%  43%  44%  45%  46%  47%  48%  49%  50%  51%  52%  53%  54%  55%  56%  57%  58%  59%  60%  61%  62%  63%  64%  65%  66%  67%  68%  69%  70%  71%  72%  73%  74%  75%  76%  77%  78%  79%  80%  81%  82%  83%  84%  85%  86%  87%  88%  89%  90%  91%  92%  93%  94%  95%  96%  97%  98%  99% 100%
Info   : ACTP-0001 Activity propagation ended for stim#0
Info   : PWRA-0001 [PwrInfo] compute_power effective options 
       : -mode : vectorless
       : -skip_propagation : 1
       : -frequency_scaling_factor : 1.0
       : -use_clock_freq : stim
       : -stim :/stim#0
       : -fromGenus : 1
Info   : ACTP-0001 Timing initialization started
Info   : ACTP-0001 Timing initialization ended
Info   : PWRA-0002 [PwrInfo] Skipping activity propagation due to -skip_ap
       : option....
Warning: PWRA-0302 [PwrWarn] Frequency scaling is not applicable for vectorless
       : flow. Ignoring frequency scaling.
Warning: PWRA-0304 [PwrWarn] -stim option is not applicable with vectorless mode
       : of power analysis, ignored this option.
Info   : PWRA-0002 Started 'vectorless' power computation.
Info   : PWRA-0009 [PwrInfo] Power Computation Progress Report :   0%   1%   2%   3%   4%   5%   6%   7%   8%   9%  10%  11%  12%  13%  14%  15%  16%  17%  18%  19%  20%  21%  22%  23%  24%  25%  26%  27%  28%  29%  30%  31%  32%  33%  34%  35%  36%  37%  38%  39%  40%  41%  42%  43%  44%  45%  46%  47%  48%  49%  50%  51%  52%  53%  54%  55%  56%  57%  58%  59%  60%  61%  62%  63%  64%  65%  66%  67%  68%  69%  70%  71%  72%  73%  74%  75%  76%  77%  78%  79%  80%  81%  82%  83%  84%  85%  86%  87%  88%  89%  90%  91%  92%  93%  94%  95%  96%  97%  98%  99% 100%
Info   : PWRA-0002 Finished power computation.
Info   : PWRA-0007 [PwrInfo] Completed successfully.
       : Info=6, Warn=2, Error=0, Fatal=0
Output file: <REMOTE_WORKSPACE>/reports/p9grr_icg_vcd/genus_power.rpt
@file(aer45_genus_lowpower.tcl) 49: report_qor > [file join $out genus_qor.rpt]
@file(aer45_genus_lowpower.tcl) 50: catch {report_multibit_inferencing > [file join $out multibit.rpt]}
 No Combinational Instance got merged to multibit 

@file(aer45_genus_lowpower.tcl) 51: catch {report_clock_gating_quality > [file join $out clock_gating.rpt]}
  0/71 (0%) 1787733052145
  1/71 (1%) 1787733052186
  2/71 (2%) 1787733052189
  3/71 (4%) 1787733052192
  4/71 (5%) 1787733052194
  5/71 (7%) 1787733052197
  6/71 (8%) 1787733052200
  7/71 (9%) 1787733052203
  8/71 (11%) 1787733052205
  9/71 (12%) 1787733052208
  10/71 (14%) 1787733052211
  11/71 (15%) 1787733052213
  12/71 (16%) 1787733052216
  13/71 (18%) 1787733052219
  14/71 (19%) 1787733052221
  15/71 (21%) 1787733052224
  16/71 (22%) 1787733052227
  17/71 (23%) 1787733052230
  18/71 (25%) 1787733052232
  19/71 (26%) 1787733052235
  20/71 (28%) 1787733052238
  21/71 (29%) 1787733052240
  22/71 (30%) 1787733052243
  23/71 (32%) 1787733052246
  24/71 (33%) 1787733052248
  25/71 (35%) 1787733052251
  26/71 (36%) 1787733052254
  27/71 (38%) 1787733052256
  28/71 (39%) 1787733052259
  29/71 (40%) 1787733052262
  30/71 (42%) 1787733052264
  31/71 (43%) 1787733052267
  32/71 (45%) 1787733052270
  33/71 (46%) 1787733052272
  34/71 (47%) 1787733052275
  35/71 (49%) 1787733052278
  36/71 (50%) 1787733052281
  37/71 (52%) 1787733052284
  38/71 (53%) 1787733052287
  39/71 (54%) 1787733052290
  40/71 (56%) 1787733052293
  41/71 (57%) 1787733052297
  42/71 (59%) 1787733052300
  43/71 (60%) 1787733052303
  44/71 (61%) 1787733052306
  45/71 (63%) 1787733052309
  46/71 (64%) 1787733052312
  47/71 (66%) 1787733052315
  48/71 (67%) 1787733052318
  49/71 (69%) 1787733052321
  50/71 (70%) 1787733052324
  51/71 (71%) 1787733052336
  52/71 (73%) 1787733052341
  53/71 (74%) 1787733052346
  54/71 (76%) 1787733052351
  55/71 (77%) 1787733052354
  56/71 (78%) 1787733052360
  57/71 (80%) 1787733052366
  58/71 (81%) 1787733052372
  59/71 (83%) 1787733052378
  60/71 (84%) 1787733052383
  61/71 (85%) 1787733052389
  62/71 (87%) 1787733052394
  63/71 (88%) 1787733052400
  64/71 (90%) 1787733052406
  65/71 (91%) 1787733052411
  66/71 (92%) 1787733052417
  67/71 (94%) 1787733052423
  68/71 (95%) 1787733052429
  69/71 (97%) 1787733052434
  70/71 (98%) 1787733052440
  71/71 (100%) 1787733052446

Report clock gating quality written to the defined output file
@file(aer45_genus_lowpower.tcl) 52: if {[info exists ::env(AER45_VCD)] && [info exists ::env(AER45_VCD_SCOPE)]} {
    rtlstim2gate -load
    rtlstim2gate -infer_rules
    read_vcd -static -vcd_scope $::env(AER45_VCD_SCOPE) $::env(AER45_VCD)
    report_power > [file join $out genus_power_vcd.rpt]
    write_saif -computed > [file join $out mapped_activity.saif]
}
Info: Loading mapping information from //aer_pending_gray_rank_reuse_sync_core_reset init Done...
Info: Auto infer: rtlstim2gate -rule ungroup {%s_%s}
Info: Auto infer: rtlstim2gate -rule reg_ext {%s_reg%s}
Info: Auto infer: rtlstim2gate -rule bit_slice {[%s]}
Info: Auto infer: rtlstim2gate -rule array_slice {[%s]}
Info: Auto infer: rtlstim2gate -rule hier_slice {[%s]}
Info: Auto infer: rtlstim2gate -rule generate {%s.%s}
Info: Auto infer: rtlstim2gate -rule record {%s[%s]}
Info    : Joules engine is used. [RPT-16]
        : Joules parser is being used for the command read_vcd.
Info   : STIM-0001 [StimInfo] read_stimulus effective options 
       : -file :
       : <REMOTE_WORKSPACE>/p9_grr_contract.vcd
       : -dut_instance : aer_contract_fairness_tb/dut/u_dut
       : -design_root : design:aer_pending_gray_rank_reuse_sync_core_reset
       : -format : vcd
Info   : STIM-0001 Design top is aer_pending_gray_rank_reuse_sync_core_reset
Info   : STIM-0001 Started reading input stimulus file
       : <REMOTE_WORKSPACE>/p9_grr_contract.vcd
Info   : STIM-0001 Found top instance /aer_contract_fairness_tb/dut/u_dut
Warning: STIM-0541 [StimWarn] Moving annotation of RTL net reset_release_q[1] to
       : net n_167.
Info   : STIM-0002 [StimInfo] Finished design hierarchy parsing.
Info   : STIM-0010 [StimInfo] Total number of frames '1'
Info   : STIM-0002 Started value change section parsing.
Info   : STIM-0001 [StimInfo] Value Change Section Parsing Progress Report :   0%   1%   2%   3%   4%   5%   6%   7%   8%   9%  10%  11%  12%  13%  14%  15%  16%  17%  18%  19%  20%  21%  22%  23%  24%  25%  26%  27%  28%  29%  30%  31%  32%  33%  34%  35%  36%  37%  38%  39%  40%  41%  42%  43%  44%  45%  46%  47%  48%  49%  50%  51%  52%  53%  54%  55%  56%  57%  58%  59%  60%  61%  62%  63%  64%  65%  66%  67%  68%  69%  70%  71%  72%  73%  74%  75%  76%  77%  78%  79%  80%  81%  82%  83%  84%  85%  86%  87%  88%  89%  90%  91%  92%  93%  94%  95%  96%  97%  98%  99% 100%
Info   : STIM-0012 [StimInfo] Simulation start = 0 ps, end = 2800000 ps.
Info   : STIM-0002 Finished processing value changes, started storage.
Info   : STIM-0007 [StimInfo] Stored stimulus information '/stim#1' in SDB.
--------------------------- Annotation Report ---------------------------
Object Type         Asserted  UnAsserted  Unconnected  Total  Asserted% 
                                           + Constant                   
-------------------------------------------------------------------------
Primary Ports                                                           
  Inputs                  19           0            0     19    100.00% 
  Outputs                 21           0            0     21    100.00% 
  I/O                      0           0            0      0        N/A 
Sequential Outputs                                                      
  Memory                   0           0            0      0        N/A 
  Flop                    71           0            0     71    100.00% 
  Latch                    0           0            0      0        N/A 
  Arch ICGC                0           0            0      0        N/A 
  Inferred ICGC            0           2            0      2      0.00% 
  Total ICGC               0           2            0      2      0.00% 
Drivers                                                                 
  Driver nets            110         194            0    304     36.18% 
  RTL Driver nets         90           3            0     93     96.77% 
DFT                                                                     
  Input Ports              0           0            0      0        N/A 
  Flop Outputs             0           0            0      0        N/A 
  Memory Outputs           0           0            0      0        N/A 
-------------------------------------------------------------------------
Info   : STIM-0013 [StimInfo] Completed successfully.
       : Info=10, Warn=1, Error=0, Fatal=0
Info: Removing all stims from SDB
Info    : Joules engine is used. [RPT-16]
        : Joules engine is being used for the command report_power.
Info   : ACTP-0001 Activity propagation started for stim#0 netlist
       : aer_pending_gray_rank_reuse_sync_core_reset
Info   : ACTP-0009 [ACTPInfo] Activity Propagation Progress Report :   0%   1%   2%   3%   4%   5%   6%   7%   8%   9%  10%  11%  12%  13%  14%  15%  16%  17%  18%  19%  20%  21%  22%  23%  24%  25%  26%  27%  28%  29%  30%  31%  32%  33%  34%  35%  36%  37%  38%  39%  40%  41%  42%  43%  44%  45%  46%  47%  48%  49%  50%  51%  52%  53%  54%  55%  56%  57%  58%  59%  60%  61%  62%  63%  64%  65%  66%  67%  68%  69%  70%  71%  72%  73%  74%  75%  76%  77%  78%  79%  80%  81%  82%  83%  84%  85%  86%  87%  88%  89%  90%  91%  92%  93%  94%  95%  96%  97%  98%  99% 100%
Info   : ACTP-0001 Activity propagation ended for stim#0
Info   : PWRA-0001 compute_power effective options 
       : -mode : lp_asserted
       : -skip_propagation : 1
       : -frequency_scaling_factor : 1.0
       : -use_clock_freq : stim
       : -stim :/stim#0
       : -fromGenus : 1
Info   : ACTP-0001 Timing initialization started
Info   : ACTP-0001 Timing initialization ended
Info   : PWRA-0002 Skipping activity propagation due to -skip_ap option....
Info   : PWRA-0002 Started 'average' power computation from attr values.
Info   : PWRA-0009 [PwrInfo] Power Computation Progress Report :   0%   1%   2%   3%   4%   5%   6%   7%   8%   9%  10%  11%  12%  13%  14%  15%  16%  17%  18%  19%  20%  21%  22%  23%  24%  25%  26%  27%  28%  29%  30%  31%  32%  33%  34%  35%  36%  37%  38%  39%  40%  41%  42%  43%  44%  45%  46%  47%  48%  49%  50%  51%  52%  53%  54%  55%  56%  57%  58%  59%  60%  61%  62%  63%  64%  65%  66%  67%  68%  69%  70%  71%  72%  73%  74%  75%  76%  77%  78%  79%  80%  81%  82%  83%  84%  85%  86%  87%  88%  89%  90%  91%  92%  93%  94%  95%  96%  97%  98%  99% 100%
Info   : PWRA-0002 Finished power computation.
Info   : PWRA-0007 Completed successfully.
       : Info=6, Warn=0, Error=0, Fatal=0
Output file: <REMOTE_WORKSPACE>/reports/p9grr_icg_vcd/genus_power_vcd.rpt
@file(aer45_genus_lowpower.tcl) 59: write_hdl > [file join $out ${top}_mapped.v]
@file(aer45_genus_lowpower.tcl) 60: puts "AER45_LOWPOWER_DONE tag=$tag mode=$mode"
AER45_LOWPOWER_DONE tag=p9grr_icg_vcd mode=icg
@file(aer45_genus_lowpower.tcl) 61: exit

Lic Summary:
[17:30:52.047194] Cdslmd servers: snu
[17:30:52.571491] Feature usage summary:
[17:30:52.571496] Genus_Synthesis

Normal exit.
