============================================================
  Generated by:           Genus(TM) Synthesis Solution 23.14-s090_1
  Generated on:           Aug 21 2026  03:10:49 pm
  Module:                 aer_pending_gray_rank_iprra_sync_core_reset
  Operating conditions:   typical (balanced_tree)
  Wireload mode:          enclosed
  Area mode:              timing library
============================================================


Path 1: MET (7479 ps) Setup Check with Pin core/pending_rank_q_reg[15]/CK->D
          Group: clk
     Startpoint: (R) core/out_rank_q_reg[2]/CK
          Clock: (R) clk
       Endpoint: (F) core/pending_rank_q_reg[15]/D
          Clock: (R) clk

                     Capture       Launch     
        Clock Edge:+   10000            0     
       Src Latency:+       0            0     
       Net Latency:+       0 (I)        0 (I) 
           Arrival:=   10000            0     
                                              
             Setup:-     213                  
     Required Time:=    9787                  
      Launch Clock:-       0                  
         Data Path:-    2307                  
             Slack:=    7479                  

#------------------------------------------------------------------------------------------------------
#         Timing Point          Flags   Arc   Edge   Cell     Fanout Load Trans Delay Arrival Instance 
#                                                                    (fF)  (ps)  (ps)   (ps)  Location 
#------------------------------------------------------------------------------------------------------
  core/out_rank_q_reg[2]/CK     -       -     R     (arrival)     71    -     0     0       0    (-,-) 
  core/out_rank_q_reg[2]/Q      -       CK->Q F     DFFHQX1        6 24.7   145   236     236    (-,-) 
  core/g8157__9315/Y            -       AN->Y F     NAND2BX1       5 19.3   129   182     417    (-,-) 
  core/g10637__1666/Y           -       B->Y  R     NOR2BX1        2  7.1   144   118     535    (-,-) 
  core/g10625__6131/Y           -       A->Y  F     NOR2X1         2  6.7    85    46     581    (-,-) 
  core/g10609__5107/Y           -       AN->Y F     NAND2BX1       2  6.5    80   124     705    (-,-) 
  core/g10581__1881/Y           -       B0->Y R     AOI2BB1XL      2  8.0   197   142     847    (-,-) 
  core/g10576__1705/Y           -       A->Y  R     OR2X2          2  7.0    62   101     948    (-,-) 
  core/g10570__5526/Y           -       AN->Y R     NOR2BX1        2  7.0   141   128    1076    (-,-) 
  core/g10568__4319/Y           -       B0->Y F     AOI21X1        3 10.6    93    61    1137    (-,-) 
  core/g10562__5477/Y           -       A->Y  F     OR3XL          5 23.2   182   275    1412    (-,-) 
  core/g10554__9315/Y           -       A->Y  F     OR4X2          2  6.6    71   200    1612    (-,-) 
  core/g10545__8246/Y           -       B0->Y R     OAI21XL        2  7.3   226    93    1705    (-,-) 
  core/g10537__6783/Y           -       AN->Y R     NAND3BX1       1  4.8   120   124    1829    (-,-) 
  core/g10530__5107/Y           -       A->Y  F     NOR3X1         2  8.3   124    56    1885    (-,-) 
  core/g10529/Y                 -       A->Y  R     INVX1          2  7.4    97    80    1965    (-,-) 
  core/g10524__6417/Y           -       A->Y  F     NAND2X1        3 10.3   129    57    2022    (-,-) 
  core/g10517__6161/Y           -       A0->Y R     OAI21XL        4 12.8   320   220    2242    (-,-) 
  core/g10498__3680/Y           -       A0->Y F     AOI21XL        1  2.1    96    65    2307    (-,-) 
  core/pending_rank_q_reg[15]/D -       -     F     DFFHQX1        1    -     -     0    2307    (-,-) 
#------------------------------------------------------------------------------------------------------



Path 2: MET (7479 ps) Setup Check with Pin core/pending_rank_q_reg[13]/CK->D
          Group: clk
     Startpoint: (R) core/out_rank_q_reg[2]/CK
          Clock: (R) clk
       Endpoint: (F) core/pending_rank_q_reg[13]/D
          Clock: (R) clk

                     Capture       Launch     
        Clock Edge:+   10000            0     
       Src Latency:+       0            0     
       Net Latency:+       0 (I)        0 (I) 
           Arrival:=   10000            0     
                                              
             Setup:-     213                  
     Required Time:=    9787                  
      Launch Clock:-       0                  
         Data Path:-    2307                  
             Slack:=    7479                  

#------------------------------------------------------------------------------------------------------
#         Timing Point          Flags   Arc   Edge   Cell     Fanout Load Trans Delay Arrival Instance 
#                                                                    (fF)  (ps)  (ps)   (ps)  Location 
#------------------------------------------------------------------------------------------------------
  core/out_rank_q_reg[2]/CK     -       -     R     (arrival)     71    -     0     0       0    (-,-) 
  core/out_rank_q_reg[2]/Q      -       CK->Q F     DFFHQX1        6 24.7   145   236     236    (-,-) 
  core/g8157__9315/Y            -       AN->Y F     NAND2BX1       5 19.3   129   182     417    (-,-) 
  core/g10637__1666/Y           -       B->Y  R     NOR2BX1        2  7.1   144   118     535    (-,-) 
  core/g10625__6131/Y           -       A->Y  F     NOR2X1         2  6.7    85    46     581    (-,-) 
  core/g10609__5107/Y           -       AN->Y F     NAND2BX1       2  6.5    80   124     705    (-,-) 
  core/g10581__1881/Y           -       B0->Y R     AOI2BB1XL      2  8.0   197   142     847    (-,-) 
  core/g10576__1705/Y           -       A->Y  R     OR2X2          2  7.0    62   101     948    (-,-) 
  core/g10570__5526/Y           -       AN->Y R     NOR2BX1        2  7.0   141   128    1076    (-,-) 
  core/g10568__4319/Y           -       B0->Y F     AOI21X1        3 10.6    93    61    1137    (-,-) 
  core/g10562__5477/Y           -       A->Y  F     OR3XL          5 23.2   182   275    1412    (-,-) 
  core/g10554__9315/Y           -       A->Y  F     OR4X2          2  6.6    71   200    1612    (-,-) 
  core/g10545__8246/Y           -       B0->Y R     OAI21XL        2  7.3   226    93    1705    (-,-) 
  core/g10537__6783/Y           -       AN->Y R     NAND3BX1       1  4.8   120   124    1829    (-,-) 
  core/g10530__5107/Y           -       A->Y  F     NOR3X1         2  8.3   124    56    1885    (-,-) 
  core/g10529/Y                 -       A->Y  R     INVX1          2  7.4    97    80    1965    (-,-) 
  core/g10524__6417/Y           -       A->Y  F     NAND2X1        3 10.3   129    57    2022    (-,-) 
  core/g10517__6161/Y           -       A0->Y R     OAI21XL        4 12.8   320   220    2242    (-,-) 
  core/g10500__2802/Y           -       A0->Y F     AOI21XL        1  2.1    96    65    2307    (-,-) 
  core/pending_rank_q_reg[13]/D -       -     F     DFFHQX1        1    -     -     0    2307    (-,-) 
#------------------------------------------------------------------------------------------------------



Path 3: MET (7479 ps) Setup Check with Pin core/pending_rank_q_reg[11]/CK->D
          Group: clk
     Startpoint: (R) core/out_rank_q_reg[2]/CK
          Clock: (R) clk
       Endpoint: (F) core/pending_rank_q_reg[11]/D
          Clock: (R) clk

                     Capture       Launch     
        Clock Edge:+   10000            0     
       Src Latency:+       0            0     
       Net Latency:+       0 (I)        0 (I) 
           Arrival:=   10000            0     
                                              
             Setup:-     213                  
     Required Time:=    9787                  
      Launch Clock:-       0                  
         Data Path:-    2307                  
             Slack:=    7479                  

#------------------------------------------------------------------------------------------------------
#         Timing Point          Flags   Arc   Edge   Cell     Fanout Load Trans Delay Arrival Instance 
#                                                                    (fF)  (ps)  (ps)   (ps)  Location 
#------------------------------------------------------------------------------------------------------
  core/out_rank_q_reg[2]/CK     -       -     R     (arrival)     71    -     0     0       0    (-,-) 
  core/out_rank_q_reg[2]/Q      -       CK->Q F     DFFHQX1        6 24.7   145   236     236    (-,-) 
  core/g8157__9315/Y            -       AN->Y F     NAND2BX1       5 19.3   129   182     417    (-,-) 
  core/g10637__1666/Y           -       B->Y  R     NOR2BX1        2  7.1   144   118     535    (-,-) 
  core/g10625__6131/Y           -       A->Y  F     NOR2X1         2  6.7    85    46     581    (-,-) 
  core/g10609__5107/Y           -       AN->Y F     NAND2BX1       2  6.5    80   124     705    (-,-) 
  core/g10581__1881/Y           -       B0->Y R     AOI2BB1XL      2  8.0   197   142     847    (-,-) 
  core/g10576__1705/Y           -       A->Y  R     OR2X2          2  7.0    62   101     948    (-,-) 
  core/g10570__5526/Y           -       AN->Y R     NOR2BX1        2  7.0   141   128    1076    (-,-) 
  core/g10568__4319/Y           -       B0->Y F     AOI21X1        3 10.6    93    61    1137    (-,-) 
  core/g10562__5477/Y           -       A->Y  F     OR3XL          5 23.2   182   275    1412    (-,-) 
  core/g10554__9315/Y           -       A->Y  F     OR4X2          2  6.6    71   200    1612    (-,-) 
  core/g10545__8246/Y           -       B0->Y R     OAI21XL        2  7.3   226    93    1705    (-,-) 
  core/g10537__6783/Y           -       AN->Y R     NAND3BX1       1  4.8   120   124    1829    (-,-) 
  core/g10530__5107/Y           -       A->Y  F     NOR3X1         2  8.3   124    56    1885    (-,-) 
  core/g10529/Y                 -       A->Y  R     INVX1          2  7.4    97    80    1965    (-,-) 
  core/g10524__6417/Y           -       A->Y  F     NAND2X1        3 10.3   129    57    2022    (-,-) 
  core/g10517__6161/Y           -       A0->Y R     OAI21XL        4 12.8   320   220    2242    (-,-) 
  core/g10499__1617/Y           -       A0->Y F     AOI21XL        1  2.1    96    65    2307    (-,-) 
  core/pending_rank_q_reg[11]/D -       -     F     DFFHQX1        1    -     -     0    2307    (-,-) 
#------------------------------------------------------------------------------------------------------



Path 4: MET (7479 ps) Setup Check with Pin core/pending_rank_q_reg[9]/CK->D
          Group: clk
     Startpoint: (R) core/out_rank_q_reg[2]/CK
          Clock: (R) clk
       Endpoint: (F) core/pending_rank_q_reg[9]/D
          Clock: (R) clk

                     Capture       Launch     
        Clock Edge:+   10000            0     
       Src Latency:+       0            0     
       Net Latency:+       0 (I)        0 (I) 
           Arrival:=   10000            0     
                                              
             Setup:-     213                  
     Required Time:=    9787                  
      Launch Clock:-       0                  
         Data Path:-    2307                  
             Slack:=    7479                  

#-----------------------------------------------------------------------------------------------------
#        Timing Point          Flags   Arc   Edge   Cell     Fanout Load Trans Delay Arrival Instance 
#                                                                   (fF)  (ps)  (ps)   (ps)  Location 
#-----------------------------------------------------------------------------------------------------
  core/out_rank_q_reg[2]/CK    -       -     R     (arrival)     71    -     0     0       0    (-,-) 
  core/out_rank_q_reg[2]/Q     -       CK->Q F     DFFHQX1        6 24.7   145   236     236    (-,-) 
  core/g8157__9315/Y           -       AN->Y F     NAND2BX1       5 19.3   129   182     417    (-,-) 
  core/g10637__1666/Y          -       B->Y  R     NOR2BX1        2  7.1   144   118     535    (-,-) 
  core/g10625__6131/Y          -       A->Y  F     NOR2X1         2  6.7    85    46     581    (-,-) 
  core/g10609__5107/Y          -       AN->Y F     NAND2BX1       2  6.5    80   124     705    (-,-) 
  core/g10581__1881/Y          -       B0->Y R     AOI2BB1XL      2  8.0   197   142     847    (-,-) 
  core/g10576__1705/Y          -       A->Y  R     OR2X2          2  7.0    62   101     948    (-,-) 
  core/g10570__5526/Y          -       AN->Y R     NOR2BX1        2  7.0   141   128    1076    (-,-) 
  core/g10568__4319/Y          -       B0->Y F     AOI21X1        3 10.6    93    61    1137    (-,-) 
  core/g10562__5477/Y          -       A->Y  F     OR3XL          5 23.2   182   275    1412    (-,-) 
  core/g10554__9315/Y          -       A->Y  F     OR4X2          2  6.6    71   200    1612    (-,-) 
  core/g10545__8246/Y          -       B0->Y R     OAI21XL        2  7.3   226    93    1705    (-,-) 
  core/g10537__6783/Y          -       AN->Y R     NAND3BX1       1  4.8   120   124    1829    (-,-) 
  core/g10530__5107/Y          -       A->Y  F     NOR3X1         2  8.3   124    56    1885    (-,-) 
  core/g10529/Y                -       A->Y  R     INVX1          2  7.4    97    80    1965    (-,-) 
  core/g10524__6417/Y          -       A->Y  F     NAND2X1        3 10.3   129    57    2022    (-,-) 
  core/g10517__6161/Y          -       A0->Y R     OAI21XL        4 12.8   320   220    2242    (-,-) 
  core/g10496__5526/Y          -       A0->Y F     AOI21XL        1  2.1    96    65    2307    (-,-) 
  core/pending_rank_q_reg[9]/D -       -     F     DFFHQX1        1    -     -     0    2307    (-,-) 
#-----------------------------------------------------------------------------------------------------



Path 5: MET (7479 ps) Setup Check with Pin core/pending_rank_q_reg[7]/CK->D
          Group: clk
     Startpoint: (R) core/out_rank_q_reg[2]/CK
          Clock: (R) clk
       Endpoint: (F) core/pending_rank_q_reg[7]/D
          Clock: (R) clk

                     Capture       Launch     
        Clock Edge:+   10000            0     
       Src Latency:+       0            0     
       Net Latency:+       0 (I)        0 (I) 
           Arrival:=   10000            0     
                                              
             Setup:-     213                  
     Required Time:=    9787                  
      Launch Clock:-       0                  
         Data Path:-    2307                  
             Slack:=    7479                  

#-----------------------------------------------------------------------------------------------------
#        Timing Point          Flags   Arc   Edge   Cell     Fanout Load Trans Delay Arrival Instance 
#                                                                   (fF)  (ps)  (ps)   (ps)  Location 
#-----------------------------------------------------------------------------------------------------
  core/out_rank_q_reg[2]/CK    -       -     R     (arrival)     71    -     0     0       0    (-,-) 
  core/out_rank_q_reg[2]/Q     -       CK->Q F     DFFHQX1        6 24.7   145   236     236    (-,-) 
  core/g8157__9315/Y           -       AN->Y F     NAND2BX1       5 19.3   129   182     417    (-,-) 
  core/g10637__1666/Y          -       B->Y  R     NOR2BX1        2  7.1   144   118     535    (-,-) 
  core/g10625__6131/Y          -       A->Y  F     NOR2X1         2  6.7    85    46     581    (-,-) 
  core/g10609__5107/Y          -       AN->Y F     NAND2BX1       2  6.5    80   124     705    (-,-) 
  core/g10581__1881/Y          -       B0->Y R     AOI2BB1XL      2  8.0   197   142     847    (-,-) 
  core/g10576__1705/Y          -       A->Y  R     OR2X2          2  7.0    62   101     948    (-,-) 
  core/g10570__5526/Y          -       AN->Y R     NOR2BX1        2  7.0   141   128    1076    (-,-) 
  core/g10568__4319/Y          -       B0->Y F     AOI21X1        3 10.6    93    61    1137    (-,-) 
  core/g10562__5477/Y          -       A->Y  F     OR3XL          5 23.2   182   275    1412    (-,-) 
  core/g10554__9315/Y          -       A->Y  F     OR4X2          2  6.6    71   200    1612    (-,-) 
  core/g10545__8246/Y          -       B0->Y R     OAI21XL        2  7.3   226    93    1705    (-,-) 
  core/g10537__6783/Y          -       AN->Y R     NAND3BX1       1  4.8   120   124    1829    (-,-) 
  core/g10530__5107/Y          -       A->Y  F     NOR3X1         2  8.3   124    56    1885    (-,-) 
  core/g10529/Y                -       A->Y  R     INVX1          2  7.4    97    80    1965    (-,-) 
  core/g10524__6417/Y          -       A->Y  F     NAND2X1        3 10.3   129    57    2022    (-,-) 
  core/g10518__9315/Y          -       A0->Y R     OAI21XL        4 12.8   320   220    2242    (-,-) 
  core/g10497__6783/Y          -       A0->Y F     AOI21XL        1  2.1    96    65    2307    (-,-) 
  core/pending_rank_q_reg[7]/D -       -     F     DFFHQX1        1    -     -     0    2307    (-,-) 
#-----------------------------------------------------------------------------------------------------



Path 6: MET (7479 ps) Setup Check with Pin core/pending_rank_q_reg[5]/CK->D
          Group: clk
     Startpoint: (R) core/out_rank_q_reg[2]/CK
          Clock: (R) clk
       Endpoint: (F) core/pending_rank_q_reg[5]/D
          Clock: (R) clk

                     Capture       Launch     
        Clock Edge:+   10000            0     
       Src Latency:+       0            0     
       Net Latency:+       0 (I)        0 (I) 
           Arrival:=   10000            0     
                                              
             Setup:-     213                  
     Required Time:=    9787                  
      Launch Clock:-       0                  
         Data Path:-    2307                  
             Slack:=    7479                  

#-----------------------------------------------------------------------------------------------------
#        Timing Point          Flags   Arc   Edge   Cell     Fanout Load Trans Delay Arrival Instance 
#                                                                   (fF)  (ps)  (ps)   (ps)  Location 
#-----------------------------------------------------------------------------------------------------
  core/out_rank_q_reg[2]/CK    -       -     R     (arrival)     71    -     0     0       0    (-,-) 
  core/out_rank_q_reg[2]/Q     -       CK->Q F     DFFHQX1        6 24.7   145   236     236    (-,-) 
  core/g8157__9315/Y           -       AN->Y F     NAND2BX1       5 19.3   129   182     417    (-,-) 
  core/g10637__1666/Y          -       B->Y  R     NOR2BX1        2  7.1   144   118     535    (-,-) 
  core/g10625__6131/Y          -       A->Y  F     NOR2X1         2  6.7    85    46     581    (-,-) 
  core/g10609__5107/Y          -       AN->Y F     NAND2BX1       2  6.5    80   124     705    (-,-) 
  core/g10581__1881/Y          -       B0->Y R     AOI2BB1XL      2  8.0   197   142     847    (-,-) 
  core/g10576__1705/Y          -       A->Y  R     OR2X2          2  7.0    62   101     948    (-,-) 
  core/g10570__5526/Y          -       AN->Y R     NOR2BX1        2  7.0   141   128    1076    (-,-) 
  core/g10568__4319/Y          -       B0->Y F     AOI21X1        3 10.6    93    61    1137    (-,-) 
  core/g10562__5477/Y          -       A->Y  F     OR3XL          5 23.2   182   275    1412    (-,-) 
  core/g10554__9315/Y          -       A->Y  F     OR4X2          2  6.6    71   200    1612    (-,-) 
  core/g10545__8246/Y          -       B0->Y R     OAI21XL        2  7.3   226    93    1705    (-,-) 
  core/g10537__6783/Y          -       AN->Y R     NAND3BX1       1  4.8   120   124    1829    (-,-) 
  core/g10530__5107/Y          -       A->Y  F     NOR3X1         2  8.3   124    56    1885    (-,-) 
  core/g10529/Y                -       A->Y  R     INVX1          2  7.4    97    80    1965    (-,-) 
  core/g10524__6417/Y          -       A->Y  F     NAND2X1        3 10.3   129    57    2022    (-,-) 
  core/g10518__9315/Y          -       A0->Y R     OAI21XL        4 12.8   320   220    2242    (-,-) 
  core/g10492__4319/Y          -       A0->Y F     AOI21XL        1  2.1    96    65    2307    (-,-) 
  core/pending_rank_q_reg[5]/D -       -     F     DFFHQX1        1    -     -     0    2307    (-,-) 
#-----------------------------------------------------------------------------------------------------



Path 7: MET (7479 ps) Setup Check with Pin core/pending_rank_q_reg[3]/CK->D
          Group: clk
     Startpoint: (R) core/out_rank_q_reg[2]/CK
          Clock: (R) clk
       Endpoint: (F) core/pending_rank_q_reg[3]/D
          Clock: (R) clk

                     Capture       Launch     
        Clock Edge:+   10000            0     
       Src Latency:+       0            0     
       Net Latency:+       0 (I)        0 (I) 
           Arrival:=   10000            0     
                                              
             Setup:-     213                  
     Required Time:=    9787                  
      Launch Clock:-       0                  
         Data Path:-    2307                  
             Slack:=    7479                  

#-----------------------------------------------------------------------------------------------------
#        Timing Point          Flags   Arc   Edge   Cell     Fanout Load Trans Delay Arrival Instance 
#                                                                   (fF)  (ps)  (ps)   (ps)  Location 
#-----------------------------------------------------------------------------------------------------
  core/out_rank_q_reg[2]/CK    -       -     R     (arrival)     71    -     0     0       0    (-,-) 
  core/out_rank_q_reg[2]/Q     -       CK->Q F     DFFHQX1        6 24.7   145   236     236    (-,-) 
  core/g8157__9315/Y           -       AN->Y F     NAND2BX1       5 19.3   129   182     417    (-,-) 
  core/g10637__1666/Y          -       B->Y  R     NOR2BX1        2  7.1   144   118     535    (-,-) 
  core/g10625__6131/Y          -       A->Y  F     NOR2X1         2  6.7    85    46     581    (-,-) 
  core/g10609__5107/Y          -       AN->Y F     NAND2BX1       2  6.5    80   124     705    (-,-) 
  core/g10581__1881/Y          -       B0->Y R     AOI2BB1XL      2  8.0   197   142     847    (-,-) 
  core/g10576__1705/Y          -       A->Y  R     OR2X2          2  7.0    62   101     948    (-,-) 
  core/g10570__5526/Y          -       AN->Y R     NOR2BX1        2  7.0   141   128    1076    (-,-) 
  core/g10568__4319/Y          -       B0->Y F     AOI21X1        3 10.6    93    61    1137    (-,-) 
  core/g10562__5477/Y          -       A->Y  F     OR3XL          5 23.2   182   275    1412    (-,-) 
  core/g10554__9315/Y          -       A->Y  F     OR4X2          2  6.6    71   200    1612    (-,-) 
  core/g10545__8246/Y          -       B0->Y R     OAI21XL        2  7.3   226    93    1705    (-,-) 
  core/g10537__6783/Y          -       AN->Y R     NAND3BX1       1  4.8   120   124    1829    (-,-) 
  core/g10530__5107/Y          -       A->Y  F     NOR3X1         2  8.3   124    56    1885    (-,-) 
  core/g10529/Y                -       A->Y  R     INVX1          2  7.4    97    80    1965    (-,-) 
  core/g10524__6417/Y          -       A->Y  F     NAND2X1        3 10.3   129    57    2022    (-,-) 
  core/g10518__9315/Y          -       A0->Y R     OAI21XL        4 12.8   320   220    2242    (-,-) 
  core/g10493__8428/Y          -       A0->Y F     AOI21XL        1  2.1    96    65    2307    (-,-) 
  core/pending_rank_q_reg[3]/D -       -     F     DFFHQX1        1    -     -     0    2307    (-,-) 
#-----------------------------------------------------------------------------------------------------



Path 8: MET (7479 ps) Setup Check with Pin core/pending_rank_q_reg[1]/CK->D
          Group: clk
     Startpoint: (R) core/out_rank_q_reg[2]/CK
          Clock: (R) clk
       Endpoint: (F) core/pending_rank_q_reg[1]/D
          Clock: (R) clk

                     Capture       Launch     
        Clock Edge:+   10000            0     
       Src Latency:+       0            0     
       Net Latency:+       0 (I)        0 (I) 
           Arrival:=   10000            0     
                                              
             Setup:-     213                  
     Required Time:=    9787                  
      Launch Clock:-       0                  
         Data Path:-    2307                  
             Slack:=    7479                  

#-----------------------------------------------------------------------------------------------------
#        Timing Point          Flags   Arc   Edge   Cell     Fanout Load Trans Delay Arrival Instance 
#                                                                   (fF)  (ps)  (ps)   (ps)  Location 
#-----------------------------------------------------------------------------------------------------
  core/out_rank_q_reg[2]/CK    -       -     R     (arrival)     71    -     0     0       0    (-,-) 
  core/out_rank_q_reg[2]/Q     -       CK->Q F     DFFHQX1        6 24.7   145   236     236    (-,-) 
  core/g8157__9315/Y           -       AN->Y F     NAND2BX1       5 19.3   129   182     417    (-,-) 
  core/g10637__1666/Y          -       B->Y  R     NOR2BX1        2  7.1   144   118     535    (-,-) 
  core/g10625__6131/Y          -       A->Y  F     NOR2X1         2  6.7    85    46     581    (-,-) 
  core/g10609__5107/Y          -       AN->Y F     NAND2BX1       2  6.5    80   124     705    (-,-) 
  core/g10581__1881/Y          -       B0->Y R     AOI2BB1XL      2  8.0   197   142     847    (-,-) 
  core/g10576__1705/Y          -       A->Y  R     OR2X2          2  7.0    62   101     948    (-,-) 
  core/g10570__5526/Y          -       AN->Y R     NOR2BX1        2  7.0   141   128    1076    (-,-) 
  core/g10568__4319/Y          -       B0->Y F     AOI21X1        3 10.6    93    61    1137    (-,-) 
  core/g10562__5477/Y          -       A->Y  F     OR3XL          5 23.2   182   275    1412    (-,-) 
  core/g10554__9315/Y          -       A->Y  F     OR4X2          2  6.6    71   200    1612    (-,-) 
  core/g10545__8246/Y          -       B0->Y R     OAI21XL        2  7.3   226    93    1705    (-,-) 
  core/g10537__6783/Y          -       AN->Y R     NAND3BX1       1  4.8   120   124    1829    (-,-) 
  core/g10530__5107/Y          -       A->Y  F     NOR3X1         2  8.3   124    56    1885    (-,-) 
  core/g10529/Y                -       A->Y  R     INVX1          2  7.4    97    80    1965    (-,-) 
  core/g10524__6417/Y          -       A->Y  F     NAND2X1        3 10.3   129    57    2022    (-,-) 
  core/g10518__9315/Y          -       A0->Y R     OAI21XL        4 12.8   320   220    2242    (-,-) 
  core/g10491__6260/Y          -       A0->Y F     AOI21XL        1  2.1    96    65    2307    (-,-) 
  core/pending_rank_q_reg[1]/D -       -     F     DFFHQX1        1    -     -     0    2307    (-,-) 
#-----------------------------------------------------------------------------------------------------



Path 9: MET (7535 ps) Setup Check with Pin core/pending_rank_q_reg[14]/CK->D
          Group: clk
     Startpoint: (R) core/out_rank_q_reg[2]/CK
          Clock: (R) clk
       Endpoint: (F) core/pending_rank_q_reg[14]/D
          Clock: (R) clk

                     Capture       Launch     
        Clock Edge:+   10000            0     
       Src Latency:+       0            0     
       Net Latency:+       0 (I)        0 (I) 
           Arrival:=   10000            0     
                                              
             Setup:-     213                  
     Required Time:=    9787                  
      Launch Clock:-       0                  
         Data Path:-    2252                  
             Slack:=    7535                  

#-------------------------------------------------------------------------------------------------------
#         Timing Point          Flags    Arc   Edge   Cell     Fanout Load Trans Delay Arrival Instance 
#                                                                     (fF)  (ps)  (ps)   (ps)  Location 
#-------------------------------------------------------------------------------------------------------
  core/out_rank_q_reg[2]/CK     -       -      R     (arrival)     71    -     0     0       0    (-,-) 
  core/out_rank_q_reg[2]/Q      -       CK->Q  R     DFFHQX1        6 24.7   219   281     281    (-,-) 
  core/g8157__9315/Y            -       AN->Y  R     NAND2BX1       5 19.3   210   172     452    (-,-) 
  core/g10637__1666/Y           -       B->Y   F     NOR2BX1        2  7.1    82    60     513    (-,-) 
  core/g10629/Y                 -       A->Y   R     INVXL          1  3.1    69    58     570    (-,-) 
  core/g10622__5122/Y           -       B0->Y  F     OAI21XL        2  5.6    81    65     635    (-,-) 
  core/g10581__1881/Y           -       A1N->Y F     AOI2BB1XL      2  8.0    88   188     823    (-,-) 
  core/g10576__1705/Y           -       A->Y   F     OR2X2          2  7.0    52   134     957    (-,-) 
  core/g10570__5526/Y           -       AN->Y  F     NOR2BX1        2  7.0    73   123    1080    (-,-) 
  core/g10568__4319/Y           -       B0->Y  R     AOI21X1        3 10.6   207   138    1218    (-,-) 
  core/g10562__5477/Y           -       A->Y   R     OR3XL          5 23.2   292   232    1450    (-,-) 
  core/g10554__9315/Y           -       A->Y   R     OR4X2          2  6.6    63   120    1571    (-,-) 
  core/g10545__8246/Y           -       B0->Y  F     OAI21XL        2  7.3   112    71    1642    (-,-) 
  core/g10537__6783/Y           -       AN->Y  F     NAND3BX1       1  4.8    78   148    1790    (-,-) 
  core/g10530__5107/Y           -       A->Y   R     NOR3X1         2  8.3   221   135    1925    (-,-) 
  core/g10529/Y                 -       A->Y   F     INVX1          2  7.4    71    44    1969    (-,-) 
  core/g10507__7098/Y           -       A1->Y  R     OAI21XL        4 12.8   320   218    2187    (-,-) 
  core/g10486__7410/Y           -       A0->Y  F     AOI21XL        1  2.1    96    65    2252    (-,-) 
  core/pending_rank_q_reg[14]/D -       -      F     DFFHQX1        1    -     -     0    2252    (-,-) 
#-------------------------------------------------------------------------------------------------------



Path 10: MET (7535 ps) Setup Check with Pin core/pending_rank_q_reg[12]/CK->D
          Group: clk
     Startpoint: (R) core/out_rank_q_reg[2]/CK
          Clock: (R) clk
       Endpoint: (F) core/pending_rank_q_reg[12]/D
          Clock: (R) clk

                     Capture       Launch     
        Clock Edge:+   10000            0     
       Src Latency:+       0            0     
       Net Latency:+       0 (I)        0 (I) 
           Arrival:=   10000            0     
                                              
             Setup:-     213                  
     Required Time:=    9787                  
      Launch Clock:-       0                  
         Data Path:-    2252                  
             Slack:=    7535                  

#-------------------------------------------------------------------------------------------------------
#         Timing Point          Flags    Arc   Edge   Cell     Fanout Load Trans Delay Arrival Instance 
#                                                                     (fF)  (ps)  (ps)   (ps)  Location 
#-------------------------------------------------------------------------------------------------------
  core/out_rank_q_reg[2]/CK     -       -      R     (arrival)     71    -     0     0       0    (-,-) 
  core/out_rank_q_reg[2]/Q      -       CK->Q  R     DFFHQX1        6 24.7   219   281     281    (-,-) 
  core/g8157__9315/Y            -       AN->Y  R     NAND2BX1       5 19.3   210   172     452    (-,-) 
  core/g10637__1666/Y           -       B->Y   F     NOR2BX1        2  7.1    82    60     513    (-,-) 
  core/g10629/Y                 -       A->Y   R     INVXL          1  3.1    69    58     570    (-,-) 
  core/g10622__5122/Y           -       B0->Y  F     OAI21XL        2  5.6    81    65     635    (-,-) 
  core/g10581__1881/Y           -       A1N->Y F     AOI2BB1XL      2  8.0    88   188     823    (-,-) 
  core/g10576__1705/Y           -       A->Y   F     OR2X2          2  7.0    52   134     957    (-,-) 
  core/g10570__5526/Y           -       AN->Y  F     NOR2BX1        2  7.0    73   123    1080    (-,-) 
  core/g10568__4319/Y           -       B0->Y  R     AOI21X1        3 10.6   207   138    1218    (-,-) 
  core/g10562__5477/Y           -       A->Y   R     OR3XL          5 23.2   292   232    1450    (-,-) 
  core/g10554__9315/Y           -       A->Y   R     OR4X2          2  6.6    63   120    1571    (-,-) 
  core/g10545__8246/Y           -       B0->Y  F     OAI21XL        2  7.3   112    71    1642    (-,-) 
  core/g10537__6783/Y           -       AN->Y  F     NAND3BX1       1  4.8    78   148    1790    (-,-) 
  core/g10530__5107/Y           -       A->Y   R     NOR3X1         2  8.3   221   135    1925    (-,-) 
  core/g10529/Y                 -       A->Y   F     INVX1          2  7.4    71    44    1969    (-,-) 
  core/g10507__7098/Y           -       A1->Y  R     OAI21XL        4 12.8   320   218    2187    (-,-) 
  core/g10483__2883/Y           -       A0->Y  F     AOI21XL        1  2.1    96    65    2252    (-,-) 
  core/pending_rank_q_reg[12]/D -       -      F     DFFHQX1        1    -     -     0    2252    (-,-) 
#-------------------------------------------------------------------------------------------------------



Path 11: MET (7535 ps) Setup Check with Pin core/pending_rank_q_reg[10]/CK->D
          Group: clk
     Startpoint: (R) core/out_rank_q_reg[2]/CK
          Clock: (R) clk
       Endpoint: (F) core/pending_rank_q_reg[10]/D
          Clock: (R) clk

                     Capture       Launch     
        Clock Edge:+   10000            0     
       Src Latency:+       0            0     
       Net Latency:+       0 (I)        0 (I) 
           Arrival:=   10000            0     
                                              
             Setup:-     213                  
     Required Time:=    9787                  
      Launch Clock:-       0                  
         Data Path:-    2252                  
             Slack:=    7535                  

#-------------------------------------------------------------------------------------------------------
#         Timing Point          Flags    Arc   Edge   Cell     Fanout Load Trans Delay Arrival Instance 
#                                                                     (fF)  (ps)  (ps)   (ps)  Location 
#-------------------------------------------------------------------------------------------------------
  core/out_rank_q_reg[2]/CK     -       -      R     (arrival)     71    -     0     0       0    (-,-) 
  core/out_rank_q_reg[2]/Q      -       CK->Q  R     DFFHQX1        6 24.7   219   281     281    (-,-) 
  core/g8157__9315/Y            -       AN->Y  R     NAND2BX1       5 19.3   210   172     452    (-,-) 
  core/g10637__1666/Y           -       B->Y   F     NOR2BX1        2  7.1    82    60     513    (-,-) 
  core/g10629/Y                 -       A->Y   R     INVXL          1  3.1    69    58     570    (-,-) 
  core/g10622__5122/Y           -       B0->Y  F     OAI21XL        2  5.6    81    65     635    (-,-) 
  core/g10581__1881/Y           -       A1N->Y F     AOI2BB1XL      2  8.0    88   188     823    (-,-) 
  core/g10576__1705/Y           -       A->Y   F     OR2X2          2  7.0    52   134     957    (-,-) 
  core/g10570__5526/Y           -       AN->Y  F     NOR2BX1        2  7.0    73   123    1080    (-,-) 
  core/g10568__4319/Y           -       B0->Y  R     AOI21X1        3 10.6   207   138    1218    (-,-) 
  core/g10562__5477/Y           -       A->Y   R     OR3XL          5 23.2   292   232    1450    (-,-) 
  core/g10554__9315/Y           -       A->Y   R     OR4X2          2  6.6    63   120    1571    (-,-) 
  core/g10545__8246/Y           -       B0->Y  F     OAI21XL        2  7.3   112    71    1642    (-,-) 
  core/g10537__6783/Y           -       AN->Y  F     NAND3BX1       1  4.8    78   148    1790    (-,-) 
  core/g10530__5107/Y           -       A->Y   R     NOR3X1         2  8.3   221   135    1925    (-,-) 
  core/g10529/Y                 -       A->Y   F     INVX1          2  7.4    71    44    1969    (-,-) 
  core/g10507__7098/Y           -       A1->Y  R     OAI21XL        4 12.8   320   218    2187    (-,-) 
  core/g10485__1666/Y           -       A0->Y  F     AOI21XL        1  2.1    96    65    2252    (-,-) 
  core/pending_rank_q_reg[10]/D -       -      F     DFFHQX1        1    -     -     0    2252    (-,-) 
#-------------------------------------------------------------------------------------------------------



Path 12: MET (7535 ps) Setup Check with Pin core/pending_rank_q_reg[8]/CK->D
          Group: clk
     Startpoint: (R) core/out_rank_q_reg[2]/CK
          Clock: (R) clk
       Endpoint: (F) core/pending_rank_q_reg[8]/D
          Clock: (R) clk

                     Capture       Launch     
        Clock Edge:+   10000            0     
       Src Latency:+       0            0     
       Net Latency:+       0 (I)        0 (I) 
           Arrival:=   10000            0     
                                              
             Setup:-     213                  
     Required Time:=    9787                  
      Launch Clock:-       0                  
         Data Path:-    2252                  
             Slack:=    7535                  

#------------------------------------------------------------------------------------------------------
#        Timing Point          Flags    Arc   Edge   Cell     Fanout Load Trans Delay Arrival Instance 
#                                                                    (fF)  (ps)  (ps)   (ps)  Location 
#------------------------------------------------------------------------------------------------------
  core/out_rank_q_reg[2]/CK    -       -      R     (arrival)     71    -     0     0       0    (-,-) 
  core/out_rank_q_reg[2]/Q     -       CK->Q  R     DFFHQX1        6 24.7   219   281     281    (-,-) 
  core/g8157__9315/Y           -       AN->Y  R     NAND2BX1       5 19.3   210   172     452    (-,-) 
  core/g10637__1666/Y          -       B->Y   F     NOR2BX1        2  7.1    82    60     513    (-,-) 
  core/g10629/Y                -       A->Y   R     INVXL          1  3.1    69    58     570    (-,-) 
  core/g10622__5122/Y          -       B0->Y  F     OAI21XL        2  5.6    81    65     635    (-,-) 
  core/g10581__1881/Y          -       A1N->Y F     AOI2BB1XL      2  8.0    88   188     823    (-,-) 
  core/g10576__1705/Y          -       A->Y   F     OR2X2          2  7.0    52   134     957    (-,-) 
  core/g10570__5526/Y          -       AN->Y  F     NOR2BX1        2  7.0    73   123    1080    (-,-) 
  core/g10568__4319/Y          -       B0->Y  R     AOI21X1        3 10.6   207   138    1218    (-,-) 
  core/g10562__5477/Y          -       A->Y   R     OR3XL          5 23.2   292   232    1450    (-,-) 
  core/g10554__9315/Y          -       A->Y   R     OR4X2          2  6.6    63   120    1571    (-,-) 
  core/g10545__8246/Y          -       B0->Y  F     OAI21XL        2  7.3   112    71    1642    (-,-) 
  core/g10537__6783/Y          -       AN->Y  F     NAND3BX1       1  4.8    78   148    1790    (-,-) 
  core/g10530__5107/Y          -       A->Y   R     NOR3X1         2  8.3   221   135    1925    (-,-) 
  core/g10529/Y                -       A->Y   F     INVX1          2  7.4    71    44    1969    (-,-) 
  core/g10507__7098/Y          -       A1->Y  R     OAI21XL        4 12.8   320   218    2187    (-,-) 
  core/g10484__2346/Y          -       A0->Y  F     AOI21XL        1  2.1    96    65    2252    (-,-) 
  core/pending_rank_q_reg[8]/D -       -      F     DFFHQX1        1    -     -     0    2252    (-,-) 
#------------------------------------------------------------------------------------------------------



Path 13: MET (7613 ps) Setup Check with Pin core/pending_rank_q_reg[0]/CK->D
          Group: clk
     Startpoint: (R) core/out_rank_q_reg[2]/CK
          Clock: (R) clk
       Endpoint: (F) core/pending_rank_q_reg[0]/D
          Clock: (R) clk

                     Capture       Launch     
        Clock Edge:+   10000            0     
       Src Latency:+       0            0     
       Net Latency:+       0 (I)        0 (I) 
           Arrival:=   10000            0     
                                              
             Setup:-     207                  
     Required Time:=    9793                  
      Launch Clock:-       0                  
         Data Path:-    2180                  
             Slack:=    7613                  

#------------------------------------------------------------------------------------------------------
#        Timing Point          Flags    Arc   Edge   Cell     Fanout Load Trans Delay Arrival Instance 
#                                                                    (fF)  (ps)  (ps)   (ps)  Location 
#------------------------------------------------------------------------------------------------------
  core/out_rank_q_reg[2]/CK    -       -      R     (arrival)     71    -     0     0       0    (-,-) 
  core/out_rank_q_reg[2]/Q     -       CK->Q  R     DFFHQX1        6 24.7   219   281     281    (-,-) 
  core/g8157__9315/Y           -       AN->Y  R     NAND2BX1       5 19.3   210   172     452    (-,-) 
  core/g10637__1666/Y          -       B->Y   F     NOR2BX1        2  7.1    82    60     513    (-,-) 
  core/g10629/Y                -       A->Y   R     INVXL          1  3.1    69    58     570    (-,-) 
  core/g10622__5122/Y          -       B0->Y  F     OAI21XL        2  5.6    81    65     635    (-,-) 
  core/g10581__1881/Y          -       A1N->Y F     AOI2BB1XL      2  8.0    88   188     823    (-,-) 
  core/g10576__1705/Y          -       A->Y   F     OR2X2          2  7.0    52   134     957    (-,-) 
  core/g10570__5526/Y          -       AN->Y  F     NOR2BX1        2  7.0    73   123    1080    (-,-) 
  core/g10568__4319/Y          -       B0->Y  R     AOI21X1        3 10.6   207   138    1218    (-,-) 
  core/g10562__5477/Y          -       A->Y   R     OR3XL          5 23.2   292   232    1450    (-,-) 
  core/g10554__9315/Y          -       A->Y   R     OR4X2          2  6.6    63   120    1571    (-,-) 
  core/g10545__8246/Y          -       B0->Y  F     OAI21XL        2  7.3   112    71    1642    (-,-) 
  core/g10534__4319/Y          -       C->Y   R     NOR4BX1        4 15.8   417   308    1950    (-,-) 
  core/g10513__7482/Y          -       A1->Y  F     AOI21X1        2  5.8   120    64    2015    (-,-) 
  core/g10488__5477/Y          -       A1N->Y F     AOI2BB1XL      1  2.1    66   165    2180    (-,-) 
  core/pending_rank_q_reg[0]/D -       -      F     DFFHQX1        1    -     -     0    2180    (-,-) 
#------------------------------------------------------------------------------------------------------



Path 14: MET (7614 ps) Setup Check with Pin core/pending_rank_q_reg[2]/CK->D
          Group: clk
     Startpoint: (R) core/out_rank_q_reg[2]/CK
          Clock: (R) clk
       Endpoint: (F) core/pending_rank_q_reg[2]/D
          Clock: (R) clk

                     Capture       Launch     
        Clock Edge:+   10000            0     
       Src Latency:+       0            0     
       Net Latency:+       0 (I)        0 (I) 
           Arrival:=   10000            0     
                                              
             Setup:-     208                  
     Required Time:=    9792                  
      Launch Clock:-       0                  
         Data Path:-    2178                  
             Slack:=    7614                  

#------------------------------------------------------------------------------------------------------
#        Timing Point          Flags    Arc   Edge   Cell     Fanout Load Trans Delay Arrival Instance 
#                                                                    (fF)  (ps)  (ps)   (ps)  Location 
#------------------------------------------------------------------------------------------------------
  core/out_rank_q_reg[2]/CK    -       -      R     (arrival)     71    -     0     0       0    (-,-) 
  core/out_rank_q_reg[2]/Q     -       CK->Q  R     DFFHQX1        6 24.7   219   281     281    (-,-) 
  core/g8157__9315/Y           -       AN->Y  R     NAND2BX1       5 19.3   210   172     452    (-,-) 
  core/g10637__1666/Y          -       B->Y   F     NOR2BX1        2  7.1    82    60     513    (-,-) 
  core/g10629/Y                -       A->Y   R     INVXL          1  3.1    69    58     570    (-,-) 
  core/g10622__5122/Y          -       B0->Y  F     OAI21XL        2  5.6    81    65     635    (-,-) 
  core/g10581__1881/Y          -       A1N->Y F     AOI2BB1XL      2  8.0    88   188     823    (-,-) 
  core/g10576__1705/Y          -       A->Y   F     OR2X2          2  7.0    52   134     957    (-,-) 
  core/g10570__5526/Y          -       AN->Y  F     NOR2BX1        2  7.0    73   123    1080    (-,-) 
  core/g10568__4319/Y          -       B0->Y  R     AOI21X1        3 10.6   207   138    1218    (-,-) 
  core/g10562__5477/Y          -       A->Y   R     OR3XL          5 23.2   292   232    1450    (-,-) 
  core/g10554__9315/Y          -       A->Y   R     OR4X2          2  6.6    63   120    1571    (-,-) 
  core/g10545__8246/Y          -       B0->Y  F     OAI21XL        2  7.3   112    71    1642    (-,-) 
  core/g10534__4319/Y          -       C->Y   R     NOR4BX1        4 15.8   417   308    1950    (-,-) 
  core/g10520__2883/Y          -       A1->Y  F     AOI21X1        2  5.8   112    64    2015    (-,-) 
  core/g10489__2398/Y          -       A1N->Y F     AOI2BB1XL      1  2.1    71   163    2178    (-,-) 
  core/pending_rank_q_reg[2]/D -       -      F     DFFHQX1        1    -     -     0    2178    (-,-) 
#------------------------------------------------------------------------------------------------------



Path 15: MET (7615 ps) Setup Check with Pin core/pending_rank_q_reg[4]/CK->D
          Group: clk
     Startpoint: (R) core/out_rank_q_reg[2]/CK
          Clock: (R) clk
       Endpoint: (F) core/pending_rank_q_reg[4]/D
          Clock: (R) clk

                     Capture       Launch     
        Clock Edge:+   10000            0     
       Src Latency:+       0            0     
       Net Latency:+       0 (I)        0 (I) 
           Arrival:=   10000            0     
                                              
             Setup:-     208                  
     Required Time:=    9792                  
      Launch Clock:-       0                  
         Data Path:-    2176                  
             Slack:=    7615                  

#------------------------------------------------------------------------------------------------------
#        Timing Point          Flags    Arc   Edge   Cell     Fanout Load Trans Delay Arrival Instance 
#                                                                    (fF)  (ps)  (ps)   (ps)  Location 
#------------------------------------------------------------------------------------------------------
  core/out_rank_q_reg[2]/CK    -       -      R     (arrival)     71    -     0     0       0    (-,-) 
  core/out_rank_q_reg[2]/Q     -       CK->Q  R     DFFHQX1        6 24.7   219   281     281    (-,-) 
  core/g8157__9315/Y           -       AN->Y  R     NAND2BX1       5 19.3   210   172     452    (-,-) 
  core/g10637__1666/Y          -       B->Y   F     NOR2BX1        2  7.1    82    60     513    (-,-) 
  core/g10629/Y                -       A->Y   R     INVXL          1  3.1    69    58     570    (-,-) 
  core/g10622__5122/Y          -       B0->Y  F     OAI21XL        2  5.6    81    65     635    (-,-) 
  core/g10581__1881/Y          -       A1N->Y F     AOI2BB1XL      2  8.0    88   188     823    (-,-) 
  core/g10576__1705/Y          -       A->Y   F     OR2X2          2  7.0    52   134     957    (-,-) 
  core/g10570__5526/Y          -       AN->Y  F     NOR2BX1        2  7.0    73   123    1080    (-,-) 
  core/g10568__4319/Y          -       B0->Y  R     AOI21X1        3 10.6   207   138    1218    (-,-) 
  core/g10562__5477/Y          -       A->Y   R     OR3XL          5 23.2   292   232    1450    (-,-) 
  core/g10554__9315/Y          -       A->Y   R     OR4X2          2  6.6    63   120    1571    (-,-) 
  core/g10545__8246/Y          -       B0->Y  F     OAI21XL        2  7.3   112    71    1642    (-,-) 
  core/g10537__6783/Y          -       AN->Y  F     NAND3BX1       1  4.8    78   148    1790    (-,-) 
  core/g10530__5107/Y          -       A->Y   R     NOR3X1         2  8.3   221   135    1925    (-,-) 
  core/g10506__8246/Y          -       A1->Y  F     AOI31X1        4 10.2   146    88    2012    (-,-) 
  core/g10490__5107/Y          -       A0N->Y F     AOI2BB1XL      1  2.1    70   164    2176    (-,-) 
  core/pending_rank_q_reg[4]/D -       -      F     DFFHQX1        1    -     -     0    2176    (-,-) 
#------------------------------------------------------------------------------------------------------



Path 16: MET (7651 ps) Setup Check with Pin core/out_rank_q_reg[2]/CK->D
          Group: clk
     Startpoint: (R) core/out_rank_q_reg[2]/CK
          Clock: (R) clk
       Endpoint: (F) core/out_rank_q_reg[2]/D
          Clock: (R) clk

                     Capture       Launch     
        Clock Edge:+   10000            0     
       Src Latency:+       0            0     
       Net Latency:+       0 (I)        0 (I) 
           Arrival:=   10000            0     
                                              
             Setup:-     205                  
     Required Time:=    9795                  
      Launch Clock:-       0                  
         Data Path:-    2145                  
             Slack:=    7651                  

#---------------------------------------------------------------------------------------------------
#       Timing Point        Flags    Arc   Edge   Cell     Fanout Load Trans Delay Arrival Instance 
#                                                                 (fF)  (ps)  (ps)   (ps)  Location 
#---------------------------------------------------------------------------------------------------
  core/out_rank_q_reg[2]/CK -       -      R     (arrival)     71    -     0     0       0    (-,-) 
  core/out_rank_q_reg[2]/Q  -       CK->Q  R     DFFHQX1        6 24.7   219   281     281    (-,-) 
  core/g8157__9315/Y        -       AN->Y  R     NAND2BX1       5 19.3   210   172     452    (-,-) 
  core/g10637__1666/Y       -       B->Y   F     NOR2BX1        2  7.1    82    60     513    (-,-) 
  core/g10629/Y             -       A->Y   R     INVXL          1  3.1    69    58     570    (-,-) 
  core/g10622__5122/Y       -       B0->Y  F     OAI21XL        2  5.6    81    65     635    (-,-) 
  core/g10581__1881/Y       -       A1N->Y F     AOI2BB1XL      2  8.0    88   188     823    (-,-) 
  core/g10576__1705/Y       -       A->Y   F     OR2X2          2  7.0    52   134     957    (-,-) 
  core/g10570__5526/Y       -       AN->Y  F     NOR2BX1        2  7.0    73   123    1080    (-,-) 
  core/g10568__4319/Y       -       B0->Y  R     AOI21X1        3 10.6   207   138    1218    (-,-) 
  core/g10562__5477/Y       -       A->Y   R     OR3XL          5 23.2   292   232    1450    (-,-) 
  core/g10554__9315/Y       -       A->Y   R     OR4X2          2  6.6    63   120    1571    (-,-) 
  core/g10545__8246/Y       -       B0->Y  F     OAI21XL        2  7.3   112    71    1642    (-,-) 
  core/g10534__4319/Y       -       C->Y   R     NOR4BX1        4 15.8   417   308    1950    (-,-) 
  core/g10533/Y             -       A->Y   F     INVX1          2  9.2   110    56    2006    (-,-) 
  core/g10522__1666/Y       -       A0->Y  R     AOI22X1        1  4.1   171   108    2114    (-,-) 
  core/g10509__6131/Y       -       A->Y   F     NAND2X1        1  2.1    52    31    2145    (-,-) 
  core/out_rank_q_reg[2]/D  -       -      F     DFFHQX1        1    -     -     0    2145    (-,-) 
#---------------------------------------------------------------------------------------------------



Path 17: MET (7653 ps) Setup Check with Pin core/pending_rank_q_reg[6]/CK->D
          Group: clk
     Startpoint: (R) core/out_rank_q_reg[2]/CK
          Clock: (R) clk
       Endpoint: (F) core/pending_rank_q_reg[6]/D
          Clock: (R) clk

                     Capture       Launch     
        Clock Edge:+   10000            0     
       Src Latency:+       0            0     
       Net Latency:+       0 (I)        0 (I) 
           Arrival:=   10000            0     
                                              
             Setup:-     212                  
     Required Time:=    9788                  
      Launch Clock:-       0                  
         Data Path:-    2135                  
             Slack:=    7653                  

#-----------------------------------------------------------------------------------------------------
#        Timing Point          Flags   Arc   Edge   Cell     Fanout Load Trans Delay Arrival Instance 
#                                                                   (fF)  (ps)  (ps)   (ps)  Location 
#-----------------------------------------------------------------------------------------------------
  core/out_rank_q_reg[2]/CK    -       -     R     (arrival)     71    -     0     0       0    (-,-) 
  core/out_rank_q_reg[2]/Q     -       CK->Q F     DFFHQX1        6 24.7   145   236     236    (-,-) 
  core/g8157__9315/Y           -       AN->Y F     NAND2BX1       5 19.3   129   182     417    (-,-) 
  core/g10637__1666/Y          -       B->Y  R     NOR2BX1        2  7.1   144   118     535    (-,-) 
  core/g10625__6131/Y          -       A->Y  F     NOR2X1         2  6.7    85    46     581    (-,-) 
  core/g10609__5107/Y          -       AN->Y F     NAND2BX1       2  6.5    80   124     705    (-,-) 
  core/g10581__1881/Y          -       B0->Y R     AOI2BB1XL      2  8.0   197   142     847    (-,-) 
  core/g10576__1705/Y          -       A->Y  R     OR2X2          2  7.0    62   101     948    (-,-) 
  core/g10570__5526/Y          -       AN->Y R     NOR2BX1        2  7.0   141   128    1076    (-,-) 
  core/g10568__4319/Y          -       B0->Y F     AOI21X1        3 10.6    93    61    1137    (-,-) 
  core/g10562__5477/Y          -       A->Y  F     OR3XL          5 23.2   182   275    1412    (-,-) 
  core/g10555__9945/Y          -       A->Y  R     NOR4X1         3 12.4   339   206    1618    (-,-) 
  core/g10538__3680/Y          -       B->Y  F     NOR2X1         2  5.4    94    61    1679    (-,-) 
  core/g10534__4319/Y          -       AN->Y F     NOR4BX1        4 15.8   142   167    1846    (-,-) 
  core/g10512__5115/Y          -       A1->Y R     OAI21XL        4 12.8   321   230    2077    (-,-) 
  core/g10487__6417/Y          -       A1->Y F     AOI21XL        1  2.1    91    58    2135    (-,-) 
  core/pending_rank_q_reg[6]/D -       -     F     DFFHQX1        1    -     -     0    2135    (-,-) 
#-----------------------------------------------------------------------------------------------------



Path 18: MET (7679 ps) Setup Check with Pin core/out_rank_q_reg[1]/CK->D
          Group: clk
     Startpoint: (R) core/out_rank_q_reg[2]/CK
          Clock: (R) clk
       Endpoint: (F) core/out_rank_q_reg[1]/D
          Clock: (R) clk

                     Capture       Launch     
        Clock Edge:+   10000            0     
       Src Latency:+       0            0     
       Net Latency:+       0 (I)        0 (I) 
           Arrival:=   10000            0     
                                              
             Setup:-     205                  
     Required Time:=    9795                  
      Launch Clock:-       0                  
         Data Path:-    2116                  
             Slack:=    7679                  

#---------------------------------------------------------------------------------------------------
#       Timing Point        Flags    Arc   Edge   Cell     Fanout Load Trans Delay Arrival Instance 
#                                                                 (fF)  (ps)  (ps)   (ps)  Location 
#---------------------------------------------------------------------------------------------------
  core/out_rank_q_reg[2]/CK -       -      R     (arrival)     71    -     0     0       0    (-,-) 
  core/out_rank_q_reg[2]/Q  -       CK->Q  F     DFFHQX1        6 24.7   145   236     236    (-,-) 
  core/g8157__9315/Y        -       AN->Y  F     NAND2BX1       5 19.3   129   182     417    (-,-) 
  core/g10637__1666/Y       -       B->Y   R     NOR2BX1        2  7.1   144   118     535    (-,-) 
  core/g10625__6131/Y       -       A->Y   F     NOR2X1         2  6.7    85    46     581    (-,-) 
  core/g10609__5107/Y       -       AN->Y  F     NAND2BX1       2  6.5    80   124     705    (-,-) 
  core/g10581__1881/Y       -       B0->Y  R     AOI2BB1XL      2  8.0   197   142     847    (-,-) 
  core/g10576__1705/Y       -       A->Y   R     OR2X2          2  7.0    62   101     948    (-,-) 
  core/g10570__5526/Y       -       AN->Y  R     NOR2BX1        2  7.0   141   128    1076    (-,-) 
  core/g10567__6260/Y       -       A0N->Y R     AOI2BB1XL      2  8.9   211   182    1258    (-,-) 
  core/g10566__5107/Y       -       B0->Y  F     AOI21X1        2  6.6    88    50    1308    (-,-) 
  core/g10558__1666/Y       -       B0->Y  R     OAI21XL        2  8.3   243   104    1412    (-,-) 
  core/g10547__6131/Y       -       A->Y   F     NOR3X1         1  3.9    93    45    1457    (-,-) 
  core/g10542__1705/Y       -       B->Y   R     NOR2X1         2  6.6   137   108    1565    (-,-) 
  core/g10535__8428/Y       -       B0->Y  F     OAI21XL        1  5.0    97    71    1636    (-,-) 
  core/g10528__2398/Y       -       B->Y   R     NOR4BX1        4 16.4   428   284    1921    (-,-) 
  core/g10526/Y             -       A->Y   F     INVX1          2  9.4   112    57    1978    (-,-) 
  core/g10516__4733/Y       -       A0->Y  R     AOI22X1        1  4.1   171   108    2086    (-,-) 
  core/g10501__1705/Y       -       A->Y   F     NAND2X1        1  2.1    54    31    2116    (-,-) 
  core/out_rank_q_reg[1]/D  -       -      F     DFFHQX1        1    -     -     0    2116    (-,-) 
#---------------------------------------------------------------------------------------------------



Path 19: MET (7708 ps) Setup Check with Pin core/out_rank_q_reg[0]/CK->D
          Group: clk
     Startpoint: (R) core/out_rank_q_reg[2]/CK
          Clock: (R) clk
       Endpoint: (F) core/out_rank_q_reg[0]/D
          Clock: (R) clk

                     Capture       Launch     
        Clock Edge:+   10000            0     
       Src Latency:+       0            0     
       Net Latency:+       0 (I)        0 (I) 
           Arrival:=   10000            0     
                                              
             Setup:-     172                  
     Required Time:=    9828                  
      Launch Clock:-       0                  
         Data Path:-    2120                  
             Slack:=    7708                  

#---------------------------------------------------------------------------------------------------
#       Timing Point        Flags    Arc   Edge   Cell     Fanout Load Trans Delay Arrival Instance 
#                                                                 (fF)  (ps)  (ps)   (ps)  Location 
#---------------------------------------------------------------------------------------------------
  core/out_rank_q_reg[2]/CK -       -      R     (arrival)     71    -     0     0       0    (-,-) 
  core/out_rank_q_reg[2]/Q  -       CK->Q  R     DFFHQX1        6 24.7   219   281     281    (-,-) 
  core/g8157__9315/Y        -       AN->Y  R     NAND2BX1       5 19.3   210   172     452    (-,-) 
  core/g10637__1666/Y       -       B->Y   F     NOR2BX1        2  7.1    82    60     513    (-,-) 
  core/g10629/Y             -       A->Y   R     INVXL          1  3.1    69    58     570    (-,-) 
  core/g10622__5122/Y       -       B0->Y  F     OAI21XL        2  5.6    81    65     635    (-,-) 
  core/g10581__1881/Y       -       A1N->Y F     AOI2BB1XL      2  8.0    88   188     823    (-,-) 
  core/g10576__1705/Y       -       A->Y   F     OR2X2          2  7.0    52   134     957    (-,-) 
  core/g10570__5526/Y       -       AN->Y  F     NOR2BX1        2  7.0    73   123    1080    (-,-) 
  core/g10568__4319/Y       -       B0->Y  R     AOI21X1        3 10.6   207   138    1218    (-,-) 
  core/g10562__5477/Y       -       A->Y   R     OR3XL          5 23.2   292   232    1450    (-,-) 
  core/g10554__9315/Y       -       A->Y   R     OR4X2          2  6.6    63   120    1571    (-,-) 
  core/g10545__8246/Y       -       B0->Y  F     OAI21XL        2  7.3   112    71    1642    (-,-) 
  core/g10537__6783/Y       -       AN->Y  F     NAND3BX1       1  4.8    78   148    1790    (-,-) 
  core/g10530__5107/Y       -       A->Y   R     NOR3X1         2  8.3   221   135    1925    (-,-) 
  core/g10529/Y             -       A->Y   F     INVX1          2  7.4    71    44    1969    (-,-) 
  core/g10524__6417/Y       -       A->Y   R     NAND2X1        3 10.3   145    88    2056    (-,-) 
  core/g10510__1881/Y       -       B0->Y  F     OAI211XL       1  2.0   106    63    2120    (-,-) 
  core/out_rank_q_reg[0]/D  -       -      F     DFFX1          1    -     -     0    2120    (-,-) 
#---------------------------------------------------------------------------------------------------



Path 20: MET (7838 ps) Setup Check with Pin core/out_rank_q_reg[3]/CK->D
          Group: clk
     Startpoint: (R) core/out_rank_q_reg[2]/CK
          Clock: (R) clk
       Endpoint: (F) core/out_rank_q_reg[3]/D
          Clock: (R) clk

                     Capture       Launch     
        Clock Edge:+   10000            0     
       Src Latency:+       0            0     
       Net Latency:+       0 (I)        0 (I) 
           Arrival:=   10000            0     
                                              
             Setup:-     172                  
     Required Time:=    9828                  
      Launch Clock:-       0                  
         Data Path:-    1989                  
             Slack:=    7838                  

#---------------------------------------------------------------------------------------------------
#       Timing Point        Flags    Arc   Edge   Cell     Fanout Load Trans Delay Arrival Instance 
#                                                                 (fF)  (ps)  (ps)   (ps)  Location 
#---------------------------------------------------------------------------------------------------
  core/out_rank_q_reg[2]/CK -       -      R     (arrival)     71    -     0     0       0    (-,-) 
  core/out_rank_q_reg[2]/Q  -       CK->Q  R     DFFHQX1        6 24.7   219   281     281    (-,-) 
  core/g8157__9315/Y        -       AN->Y  R     NAND2BX1       5 19.3   210   172     452    (-,-) 
  core/g10637__1666/Y       -       B->Y   F     NOR2BX1        2  7.1    82    60     513    (-,-) 
  core/g10629/Y             -       A->Y   R     INVXL          1  3.1    69    58     570    (-,-) 
  core/g10622__5122/Y       -       B0->Y  F     OAI21XL        2  5.6    81    65     635    (-,-) 
  core/g10581__1881/Y       -       A1N->Y F     AOI2BB1XL      2  8.0    88   188     823    (-,-) 
  core/g10576__1705/Y       -       A->Y   F     OR2X2          2  7.0    52   134     957    (-,-) 
  core/g10570__5526/Y       -       AN->Y  F     NOR2BX1        2  7.0    73   123    1080    (-,-) 
  core/g10568__4319/Y       -       B0->Y  R     AOI21X1        3 10.6   207   138    1218    (-,-) 
  core/g10562__5477/Y       -       A->Y   R     OR3XL          5 23.2   292   232    1450    (-,-) 
  core/g10554__9315/Y       -       A->Y   R     OR4X2          2  6.6    63   120    1571    (-,-) 
  core/g10552/Y             -       A->Y   F     INVX1          1  4.1    36    28    1599    (-,-) 
  core/g10527__5477/Y       -       C->Y   F     OR4X2          3 10.9    81   254    1854    (-,-) 
  core/g10521__2346/Y       -       A->Y   R     NAND2X1        2  6.8   119    74    1928    (-,-) 
  core/g10505__5122/Y       -       B0->Y  F     OAI211XL       1  2.0   106    62    1989    (-,-) 
  core/out_rank_q_reg[3]/D  -       -      F     DFFX1          1    -     -     0    1989    (-,-) 
#---------------------------------------------------------------------------------------------------



Path 21: MET (8226 ps) Late External Delay Assertion at pin src_ack_async[1]
          Group: clk
     Startpoint: (R) core/reset_release_q_reg[1]/CK
          Clock: (R) clk
       Endpoint: (R) src_ack_async[1]
          Clock: (R) clk

                     Capture       Launch     
        Clock Edge:+   10000            0     
       Src Latency:+       0            0     
       Net Latency:+       0 (I)        0 (I) 
           Arrival:=   10000            0     
                                              
      Output Delay:-    1000                  
     Required Time:=    9000                  
      Launch Clock:-       0                  
         Data Path:-     774                  
             Slack:=    8226                  

Exceptions/Constraints:
  output_delay             1000            ou_del_14_1   

#-------------------------------------------------------------------------------------------------------
#         Timing Point           Flags   Arc   Edge   Cell     Fanout Load Trans Delay Arrival Instance 
#                                                                     (fF)  (ps)  (ps)   (ps)  Location 
#-------------------------------------------------------------------------------------------------------
  core/reset_release_q_reg[1]/CK -       -     R     (arrival)     71    -     0     0       0    (-,-) 
  core/reset_release_q_reg[1]/Q  -       CK->Q R     DFFRHQX1      16 54.1   707   562     562    (-,-) 
  core/drc_bufs8163/Y            -       A->Y  R     BUFX3          8 27.1   104   130     692    (-,-) 
  core/g8111__1617/Y             -       B->Y  R     AND2X2         1  0.0    33    82     774    (-,-) 
  src_ack_async[1]               -       -     R     (port)         -    -     -     0     774    (-,-) 
#-------------------------------------------------------------------------------------------------------



Path 22: MET (8226 ps) Late External Delay Assertion at pin src_ack_async[3]
          Group: clk
     Startpoint: (R) core/reset_release_q_reg[1]/CK
          Clock: (R) clk
       Endpoint: (R) src_ack_async[3]
          Clock: (R) clk

                     Capture       Launch     
        Clock Edge:+   10000            0     
       Src Latency:+       0            0     
       Net Latency:+       0 (I)        0 (I) 
           Arrival:=   10000            0     
                                              
      Output Delay:-    1000                  
     Required Time:=    9000                  
      Launch Clock:-       0                  
         Data Path:-     774                  
             Slack:=    8226                  

Exceptions/Constraints:
  output_delay             1000            ou_del_12_1   

#-------------------------------------------------------------------------------------------------------
#         Timing Point           Flags   Arc   Edge   Cell     Fanout Load Trans Delay Arrival Instance 
#                                                                     (fF)  (ps)  (ps)   (ps)  Location 
#-------------------------------------------------------------------------------------------------------
  core/reset_release_q_reg[1]/CK -       -     R     (arrival)     71    -     0     0       0    (-,-) 
  core/reset_release_q_reg[1]/Q  -       CK->Q R     DFFRHQX1      16 54.1   707   562     562    (-,-) 
  core/drc_bufs8163/Y            -       A->Y  R     BUFX3          8 27.1   104   130     692    (-,-) 
  core/g8116__7098/Y             -       B->Y  R     AND2X2         1  0.0    33    82     774    (-,-) 
  src_ack_async[3]               -       -     R     (port)         -    -     -     0     774    (-,-) 
#-------------------------------------------------------------------------------------------------------



Path 23: MET (8326 ps) Setup Check with Pin core/out_valid_q_reg/CK->D
          Group: clk
     Startpoint: (R) out_ready
          Clock: (R) clk
       Endpoint: (R) core/out_valid_q_reg/D
          Clock: (R) clk

                     Capture       Launch     
        Clock Edge:+   10000            0     
        Drv Adjust:+       0            0     
       Src Latency:+       0            0     
       Net Latency:+       0 (I)        0 (I) 
           Arrival:=   10000            0     
                                              
             Setup:-      99                  
     Required Time:=    9901                  
      Launch Clock:-       0                  
       Input Delay:-    1000                  
         Data Path:-     575                  
             Slack:=    8326                  

Exceptions/Constraints:
  input_delay             1000            in_del   

#-----------------------------------------------------------------------------------------------
#     Timing Point       Flags   Arc   Edge   Cell     Fanout Load Trans Delay Arrival Instance 
#                                                             (fF)  (ps)  (ps)   (ps)  Location 
#-----------------------------------------------------------------------------------------------
  out_ready              -       -     R     (arrival)      1  2.2     0     0    1000    (-,-) 
  core/g10671__5107/Y    -       AN->Y R     NAND2BX1       2  6.7   105    91    1091    (-,-) 
  core/g10670/Y          -       A->Y  F     INVX1          1  4.5    44    33    1124    (-,-) 
  core/g10532__6260/Y    -       B0->Y R     AOI31X1        8 32.4   502   303    1427    (-,-) 
  core/g10531/Y          -       A->Y  F     INVX1          3 11.7   133    68    1495    (-,-) 
  core/g10523__7410/Y    -       B->Y  R     NAND2XL        1  2.2    81    80    1575    (-,-) 
  core/out_valid_q_reg/D -       -     R     DFFTRX1        1    -     -     0    1575    (-,-) 
#-----------------------------------------------------------------------------------------------



Path 24: MET (8351 ps) Late External Delay Assertion at pin out_valid
          Group: clk
     Startpoint: (R) core/reset_release_q_reg[1]/CK
          Clock: (R) clk
       Endpoint: (R) out_valid
          Clock: (R) clk

                     Capture       Launch     
        Clock Edge:+   10000            0     
       Src Latency:+       0            0     
       Net Latency:+       0 (I)        0 (I) 
           Arrival:=   10000            0     
                                              
      Output Delay:-    1000                  
     Required Time:=    9000                  
      Launch Clock:-       0                  
         Data Path:-     649                  
             Slack:=    8351                  

Exceptions/Constraints:
  output_delay             1000            ou_del_20_1   

#-------------------------------------------------------------------------------------------------------
#         Timing Point           Flags   Arc   Edge   Cell     Fanout Load Trans Delay Arrival Instance 
#                                                                     (fF)  (ps)  (ps)   (ps)  Location 
#-------------------------------------------------------------------------------------------------------
  core/reset_release_q_reg[1]/CK -       -     R     (arrival)     71    -     0     0       0    (-,-) 
  core/reset_release_q_reg[1]/Q  -       CK->Q R     DFFRHQX1      16 54.1   707   562     562    (-,-) 
  core/g8112__2802/Y             -       B->Y  R     AND2X2         1  0.0    43    87     649    (-,-) 
  out_valid                      -       -     R     (port)         -    -     -     0     649    (-,-) 
#-------------------------------------------------------------------------------------------------------



Path 25: MET (8351 ps) Late External Delay Assertion at pin src_ack_async[0]
          Group: clk
     Startpoint: (R) core/reset_release_q_reg[1]/CK
          Clock: (R) clk
       Endpoint: (R) src_ack_async[0]
          Clock: (R) clk

                     Capture       Launch     
        Clock Edge:+   10000            0     
       Src Latency:+       0            0     
       Net Latency:+       0 (I)        0 (I) 
           Arrival:=   10000            0     
                                              
      Output Delay:-    1000                  
     Required Time:=    9000                  
      Launch Clock:-       0                  
         Data Path:-     649                  
             Slack:=    8351                  

Exceptions/Constraints:
  output_delay             1000            ou_del_15_1   

#-------------------------------------------------------------------------------------------------------
#         Timing Point           Flags   Arc   Edge   Cell     Fanout Load Trans Delay Arrival Instance 
#                                                                     (fF)  (ps)  (ps)   (ps)  Location 
#-------------------------------------------------------------------------------------------------------
  core/reset_release_q_reg[1]/CK -       -     R     (arrival)     71    -     0     0       0    (-,-) 
  core/reset_release_q_reg[1]/Q  -       CK->Q R     DFFRHQX1      16 54.1   707   562     562    (-,-) 
  core/g8103__2398/Y             -       B->Y  R     AND2X2         1  0.0    43    87     649    (-,-) 
  src_ack_async[0]               -       -     R     (port)         -    -     -     0     649    (-,-) 
#-------------------------------------------------------------------------------------------------------



Path 26: MET (8351 ps) Late External Delay Assertion at pin src_ack_async[2]
          Group: clk
     Startpoint: (R) core/reset_release_q_reg[1]/CK
          Clock: (R) clk
       Endpoint: (R) src_ack_async[2]
          Clock: (R) clk

                     Capture       Launch     
        Clock Edge:+   10000            0     
       Src Latency:+       0            0     
       Net Latency:+       0 (I)        0 (I) 
           Arrival:=   10000            0     
                                              
      Output Delay:-    1000                  
     Required Time:=    9000                  
      Launch Clock:-       0                  
         Data Path:-     649                  
             Slack:=    8351                  

Exceptions/Constraints:
  output_delay             1000            ou_del_13_1   

#-------------------------------------------------------------------------------------------------------
#         Timing Point           Flags   Arc   Edge   Cell     Fanout Load Trans Delay Arrival Instance 
#                                                                     (fF)  (ps)  (ps)   (ps)  Location 
#-------------------------------------------------------------------------------------------------------
  core/reset_release_q_reg[1]/CK -       -     R     (arrival)     71    -     0     0       0    (-,-) 
  core/reset_release_q_reg[1]/Q  -       CK->Q R     DFFRHQX1      16 54.1   707   562     562    (-,-) 
  core/g8118__1881/Y             -       B->Y  R     AND2X2         1  0.0    43    87     649    (-,-) 
  src_ack_async[2]               -       -     R     (port)         -    -     -     0     649    (-,-) 
#-------------------------------------------------------------------------------------------------------



Path 27: MET (8351 ps) Late External Delay Assertion at pin src_ack_async[4]
          Group: clk
     Startpoint: (R) core/reset_release_q_reg[1]/CK
          Clock: (R) clk
       Endpoint: (R) src_ack_async[4]
          Clock: (R) clk

                     Capture       Launch     
        Clock Edge:+   10000            0     
       Src Latency:+       0            0     
       Net Latency:+       0 (I)        0 (I) 
           Arrival:=   10000            0     
                                              
      Output Delay:-    1000                  
     Required Time:=    9000                  
      Launch Clock:-       0                  
         Data Path:-     649                  
             Slack:=    8351                  

Exceptions/Constraints:
  output_delay             1000            ou_del_11_1   

#-------------------------------------------------------------------------------------------------------
#         Timing Point           Flags   Arc   Edge   Cell     Fanout Load Trans Delay Arrival Instance 
#                                                                     (fF)  (ps)  (ps)   (ps)  Location 
#-------------------------------------------------------------------------------------------------------
  core/reset_release_q_reg[1]/CK -       -     R     (arrival)     71    -     0     0       0    (-,-) 
  core/reset_release_q_reg[1]/Q  -       CK->Q R     DFFRHQX1      16 54.1   707   562     562    (-,-) 
  core/g8115__8246/Y             -       B->Y  R     AND2X2         1  0.0    43    87     649    (-,-) 
  src_ack_async[4]               -       -     R     (port)         -    -     -     0     649    (-,-) 
#-------------------------------------------------------------------------------------------------------



Path 28: MET (8351 ps) Late External Delay Assertion at pin src_ack_async[5]
          Group: clk
     Startpoint: (R) core/reset_release_q_reg[1]/CK
          Clock: (R) clk
       Endpoint: (R) src_ack_async[5]
          Clock: (R) clk

                     Capture       Launch     
        Clock Edge:+   10000            0     
       Src Latency:+       0            0     
       Net Latency:+       0 (I)        0 (I) 
           Arrival:=   10000            0     
                                              
      Output Delay:-    1000                  
     Required Time:=    9000                  
      Launch Clock:-       0                  
         Data Path:-     649                  
             Slack:=    8351                  

Exceptions/Constraints:
  output_delay             1000            ou_del_10_1   

#-------------------------------------------------------------------------------------------------------
#         Timing Point           Flags   Arc   Edge   Cell     Fanout Load Trans Delay Arrival Instance 
#                                                                     (fF)  (ps)  (ps)   (ps)  Location 
#-------------------------------------------------------------------------------------------------------
  core/reset_release_q_reg[1]/CK -       -     R     (arrival)     71    -     0     0       0    (-,-) 
  core/reset_release_q_reg[1]/Q  -       CK->Q R     DFFRHQX1      16 54.1   707   562     562    (-,-) 
  core/g8119__5115/Y             -       B->Y  R     AND2X2         1  0.0    43    87     649    (-,-) 
  src_ack_async[5]               -       -     R     (port)         -    -     -     0     649    (-,-) 
#-------------------------------------------------------------------------------------------------------



Path 29: MET (8351 ps) Late External Delay Assertion at pin src_ack_async[6]
          Group: clk
     Startpoint: (R) core/reset_release_q_reg[1]/CK
          Clock: (R) clk
       Endpoint: (R) src_ack_async[6]
          Clock: (R) clk

                     Capture       Launch     
        Clock Edge:+   10000            0     
       Src Latency:+       0            0     
       Net Latency:+       0 (I)        0 (I) 
           Arrival:=   10000            0     
                                              
      Output Delay:-    1000                  
     Required Time:=    9000                  
      Launch Clock:-       0                  
         Data Path:-     649                  
             Slack:=    8351                  

Exceptions/Constraints:
  output_delay             1000            ou_del_9_1   

#-------------------------------------------------------------------------------------------------------
#         Timing Point           Flags   Arc   Edge   Cell     Fanout Load Trans Delay Arrival Instance 
#                                                                     (fF)  (ps)  (ps)   (ps)  Location 
#-------------------------------------------------------------------------------------------------------
  core/reset_release_q_reg[1]/CK -       -     R     (arrival)     71    -     0     0       0    (-,-) 
  core/reset_release_q_reg[1]/Q  -       CK->Q R     DFFRHQX1      16 54.1   707   562     562    (-,-) 
  core/g8110__3680/Y             -       B->Y  R     AND2X2         1  0.0    43    87     649    (-,-) 
  src_ack_async[6]               -       -     R     (port)         -    -     -     0     649    (-,-) 
#-------------------------------------------------------------------------------------------------------



Path 30: MET (8351 ps) Late External Delay Assertion at pin src_ack_async[7]
          Group: clk
     Startpoint: (R) core/reset_release_q_reg[1]/CK
          Clock: (R) clk
       Endpoint: (R) src_ack_async[7]
          Clock: (R) clk

                     Capture       Launch     
        Clock Edge:+   10000            0     
       Src Latency:+       0            0     
       Net Latency:+       0 (I)        0 (I) 
           Arrival:=   10000            0     
                                              
      Output Delay:-    1000                  
     Required Time:=    9000                  
      Launch Clock:-       0                  
         Data Path:-     649                  
             Slack:=    8351                  

Exceptions/Constraints:
  output_delay             1000            ou_del_8_1   

#-------------------------------------------------------------------------------------------------------
#         Timing Point           Flags   Arc   Edge   Cell     Fanout Load Trans Delay Arrival Instance 
#                                                                     (fF)  (ps)  (ps)   (ps)  Location 
#-------------------------------------------------------------------------------------------------------
  core/reset_release_q_reg[1]/CK -       -     R     (arrival)     71    -     0     0       0    (-,-) 
  core/reset_release_q_reg[1]/Q  -       CK->Q R     DFFRHQX1      16 54.1   707   562     562    (-,-) 
  core/g8108__5526/Y             -       B->Y  R     AND2X2         1  0.0    43    87     649    (-,-) 
  src_ack_async[7]               -       -     R     (port)         -    -     -     0     649    (-,-) 
#-------------------------------------------------------------------------------------------------------



Path 31: MET (8351 ps) Late External Delay Assertion at pin src_ack_async[8]
          Group: clk
     Startpoint: (R) core/reset_release_q_reg[1]/CK
          Clock: (R) clk
       Endpoint: (R) src_ack_async[8]
          Clock: (R) clk

                     Capture       Launch     
        Clock Edge:+   10000            0     
       Src Latency:+       0            0     
       Net Latency:+       0 (I)        0 (I) 
           Arrival:=   10000            0     
                                              
      Output Delay:-    1000                  
     Required Time:=    9000                  
      Launch Clock:-       0                  
         Data Path:-     649                  
             Slack:=    8351                  

Exceptions/Constraints:
  output_delay             1000            ou_del_7_1   

#-------------------------------------------------------------------------------------------------------
#         Timing Point           Flags   Arc   Edge   Cell     Fanout Load Trans Delay Arrival Instance 
#                                                                     (fF)  (ps)  (ps)   (ps)  Location 
#-------------------------------------------------------------------------------------------------------
  core/reset_release_q_reg[1]/CK -       -     R     (arrival)     71    -     0     0       0    (-,-) 
  core/reset_release_q_reg[1]/Q  -       CK->Q R     DFFRHQX1      16 54.1   707   562     562    (-,-) 
  core/g8106__4319/Y             -       B->Y  R     AND2X2         1  0.0    43    87     649    (-,-) 
  src_ack_async[8]               -       -     R     (port)         -    -     -     0     649    (-,-) 
#-------------------------------------------------------------------------------------------------------



Path 32: MET (8351 ps) Late External Delay Assertion at pin src_ack_async[9]
          Group: clk
     Startpoint: (R) core/reset_release_q_reg[1]/CK
          Clock: (R) clk
       Endpoint: (R) src_ack_async[9]
          Clock: (R) clk

                     Capture       Launch     
        Clock Edge:+   10000            0     
       Src Latency:+       0            0     
       Net Latency:+       0 (I)        0 (I) 
           Arrival:=   10000            0     
                                              
      Output Delay:-    1000                  
     Required Time:=    9000                  
      Launch Clock:-       0                  
         Data Path:-     649                  
             Slack:=    8351                  

Exceptions/Constraints:
  output_delay             1000            ou_del_6_1   

#-------------------------------------------------------------------------------------------------------
#         Timing Point           Flags   Arc   Edge   Cell     Fanout Load Trans Delay Arrival Instance 
#                                                                     (fF)  (ps)  (ps)   (ps)  Location 
#-------------------------------------------------------------------------------------------------------
  core/reset_release_q_reg[1]/CK -       -     R     (arrival)     71    -     0     0       0    (-,-) 
  core/reset_release_q_reg[1]/Q  -       CK->Q R     DFFRHQX1      16 54.1   707   562     562    (-,-) 
  core/g8117__6131/Y             -       B->Y  R     AND2X2         1  0.0    43    87     649    (-,-) 
  src_ack_async[9]               -       -     R     (port)         -    -     -     0     649    (-,-) 
#-------------------------------------------------------------------------------------------------------



Path 33: MET (8351 ps) Late External Delay Assertion at pin src_ack_async[10]
          Group: clk
     Startpoint: (R) core/reset_release_q_reg[1]/CK
          Clock: (R) clk
       Endpoint: (R) src_ack_async[10]
          Clock: (R) clk

                     Capture       Launch     
        Clock Edge:+   10000            0     
       Src Latency:+       0            0     
       Net Latency:+       0 (I)        0 (I) 
           Arrival:=   10000            0     
                                              
      Output Delay:-    1000                  
     Required Time:=    9000                  
      Launch Clock:-       0                  
         Data Path:-     649                  
             Slack:=    8351                  

Exceptions/Constraints:
  output_delay             1000            ou_del_5_1   

#-------------------------------------------------------------------------------------------------------
#         Timing Point           Flags   Arc   Edge   Cell     Fanout Load Trans Delay Arrival Instance 
#                                                                     (fF)  (ps)  (ps)   (ps)  Location 
#-------------------------------------------------------------------------------------------------------
  core/reset_release_q_reg[1]/CK -       -     R     (arrival)     71    -     0     0       0    (-,-) 
  core/reset_release_q_reg[1]/Q  -       CK->Q R     DFFRHQX1      16 54.1   707   562     562    (-,-) 
  core/g8114__5122/Y             -       B->Y  R     AND2X2         1  0.0    43    87     649    (-,-) 
  src_ack_async[10]              -       -     R     (port)         -    -     -     0     649    (-,-) 
#-------------------------------------------------------------------------------------------------------



Path 34: MET (8351 ps) Late External Delay Assertion at pin src_ack_async[11]
          Group: clk
     Startpoint: (R) core/reset_release_q_reg[1]/CK
          Clock: (R) clk
       Endpoint: (R) src_ack_async[11]
          Clock: (R) clk

                     Capture       Launch     
        Clock Edge:+   10000            0     
       Src Latency:+       0            0     
       Net Latency:+       0 (I)        0 (I) 
           Arrival:=   10000            0     
                                              
      Output Delay:-    1000                  
     Required Time:=    9000                  
      Launch Clock:-       0                  
         Data Path:-     649                  
             Slack:=    8351                  

Exceptions/Constraints:
  output_delay             1000            ou_del_4_1   

#-------------------------------------------------------------------------------------------------------
#         Timing Point           Flags   Arc   Edge   Cell     Fanout Load Trans Delay Arrival Instance 
#                                                                     (fF)  (ps)  (ps)   (ps)  Location 
#-------------------------------------------------------------------------------------------------------
  core/reset_release_q_reg[1]/CK -       -     R     (arrival)     71    -     0     0       0    (-,-) 
  core/reset_release_q_reg[1]/Q  -       CK->Q R     DFFRHQX1      16 54.1   707   562     562    (-,-) 
  core/g8109__6783/Y             -       B->Y  R     AND2X2         1  0.0    43    87     649    (-,-) 
  src_ack_async[11]              -       -     R     (port)         -    -     -     0     649    (-,-) 
#-------------------------------------------------------------------------------------------------------



Path 35: MET (8351 ps) Late External Delay Assertion at pin src_ack_async[12]
          Group: clk
     Startpoint: (R) core/reset_release_q_reg[1]/CK
          Clock: (R) clk
       Endpoint: (R) src_ack_async[12]
          Clock: (R) clk

                     Capture       Launch     
        Clock Edge:+   10000            0     
       Src Latency:+       0            0     
       Net Latency:+       0 (I)        0 (I) 
           Arrival:=   10000            0     
                                              
      Output Delay:-    1000                  
     Required Time:=    9000                  
      Launch Clock:-       0                  
         Data Path:-     649                  
             Slack:=    8351                  

Exceptions/Constraints:
  output_delay             1000            ou_del_3_1   

#-------------------------------------------------------------------------------------------------------
#         Timing Point           Flags   Arc   Edge   Cell     Fanout Load Trans Delay Arrival Instance 
#                                                                     (fF)  (ps)  (ps)   (ps)  Location 
#-------------------------------------------------------------------------------------------------------
  core/reset_release_q_reg[1]/CK -       -     R     (arrival)     71    -     0     0       0    (-,-) 
  core/reset_release_q_reg[1]/Q  -       CK->Q R     DFFRHQX1      16 54.1   707   562     562    (-,-) 
  core/g8105__6260/Y             -       B->Y  R     AND2X2         1  0.0    43    87     649    (-,-) 
  src_ack_async[12]              -       -     R     (port)         -    -     -     0     649    (-,-) 
#-------------------------------------------------------------------------------------------------------



Path 36: MET (8351 ps) Late External Delay Assertion at pin src_ack_async[13]
          Group: clk
     Startpoint: (R) core/reset_release_q_reg[1]/CK
          Clock: (R) clk
       Endpoint: (R) src_ack_async[13]
          Clock: (R) clk

                     Capture       Launch     
        Clock Edge:+   10000            0     
       Src Latency:+       0            0     
       Net Latency:+       0 (I)        0 (I) 
           Arrival:=   10000            0     
                                              
      Output Delay:-    1000                  
     Required Time:=    9000                  
      Launch Clock:-       0                  
         Data Path:-     649                  
             Slack:=    8351                  

Exceptions/Constraints:
  output_delay             1000            ou_del_2_1   

#-------------------------------------------------------------------------------------------------------
#         Timing Point           Flags   Arc   Edge   Cell     Fanout Load Trans Delay Arrival Instance 
#                                                                     (fF)  (ps)  (ps)   (ps)  Location 
#-------------------------------------------------------------------------------------------------------
  core/reset_release_q_reg[1]/CK -       -     R     (arrival)     71    -     0     0       0    (-,-) 
  core/reset_release_q_reg[1]/Q  -       CK->Q R     DFFRHQX1      16 54.1   707   562     562    (-,-) 
  core/g8113__1705/Y             -       B->Y  R     AND2X2         1  0.0    43    87     649    (-,-) 
  src_ack_async[13]              -       -     R     (port)         -    -     -     0     649    (-,-) 
#-------------------------------------------------------------------------------------------------------



Path 37: MET (8351 ps) Late External Delay Assertion at pin src_ack_async[14]
          Group: clk
     Startpoint: (R) core/reset_release_q_reg[1]/CK
          Clock: (R) clk
       Endpoint: (R) src_ack_async[14]
          Clock: (R) clk

                     Capture       Launch     
        Clock Edge:+   10000            0     
       Src Latency:+       0            0     
       Net Latency:+       0 (I)        0 (I) 
           Arrival:=   10000            0     
                                              
      Output Delay:-    1000                  
     Required Time:=    9000                  
      Launch Clock:-       0                  
         Data Path:-     649                  
             Slack:=    8351                  

Exceptions/Constraints:
  output_delay             1000            ou_del_1_1   

#-------------------------------------------------------------------------------------------------------
#         Timing Point           Flags   Arc   Edge   Cell     Fanout Load Trans Delay Arrival Instance 
#                                                                     (fF)  (ps)  (ps)   (ps)  Location 
#-------------------------------------------------------------------------------------------------------
  core/reset_release_q_reg[1]/CK -       -     R     (arrival)     71    -     0     0       0    (-,-) 
  core/reset_release_q_reg[1]/Q  -       CK->Q R     DFFRHQX1      16 54.1   707   562     562    (-,-) 
  core/g8104__5107/Y             -       B->Y  R     AND2X2         1  0.0    43    87     649    (-,-) 
  src_ack_async[14]              -       -     R     (port)         -    -     -     0     649    (-,-) 
#-------------------------------------------------------------------------------------------------------



Path 38: MET (8351 ps) Late External Delay Assertion at pin src_ack_async[15]
          Group: clk
     Startpoint: (R) core/reset_release_q_reg[1]/CK
          Clock: (R) clk
       Endpoint: (R) src_ack_async[15]
          Clock: (R) clk

                     Capture       Launch     
        Clock Edge:+   10000            0     
       Src Latency:+       0            0     
       Net Latency:+       0 (I)        0 (I) 
           Arrival:=   10000            0     
                                              
      Output Delay:-    1000                  
     Required Time:=    9000                  
      Launch Clock:-       0                  
         Data Path:-     649                  
             Slack:=    8351                  

Exceptions/Constraints:
  output_delay             1000            ou_del   

#-------------------------------------------------------------------------------------------------------
#         Timing Point           Flags   Arc   Edge   Cell     Fanout Load Trans Delay Arrival Instance 
#                                                                     (fF)  (ps)  (ps)   (ps)  Location 
#-------------------------------------------------------------------------------------------------------
  core/reset_release_q_reg[1]/CK -       -     R     (arrival)     71    -     0     0       0    (-,-) 
  core/reset_release_q_reg[1]/Q  -       CK->Q R     DFFRHQX1      16 54.1   707   562     562    (-,-) 
  core/g8107__8428/Y             -       B->Y  R     AND2X2         1  0.0    43    87     649    (-,-) 
  src_ack_async[15]              -       -     R     (port)         -    -     -     0     649    (-,-) 
#-------------------------------------------------------------------------------------------------------



Path 39: MET (8524 ps) Late External Delay Assertion at pin out_addr[1]
          Group: clk
     Startpoint: (R) core/out_rank_q_reg[2]/CK
          Clock: (R) clk
       Endpoint: (F) out_addr[1]
          Clock: (R) clk

                     Capture       Launch     
        Clock Edge:+   10000            0     
       Src Latency:+       0            0     
       Net Latency:+       0 (I)        0 (I) 
           Arrival:=   10000            0     
                                              
      Output Delay:-    1000                  
     Required Time:=    9000                  
      Launch Clock:-       0                  
         Data Path:-     476                  
             Slack:=    8524                  

Exceptions/Constraints:
  output_delay             1000            ou_del_18_1   

#--------------------------------------------------------------------------------------------------
#       Timing Point        Flags   Arc   Edge   Cell     Fanout Load Trans Delay Arrival Instance 
#                                                                (fF)  (ps)  (ps)   (ps)  Location 
#--------------------------------------------------------------------------------------------------
  core/out_rank_q_reg[2]/CK -       -     R     (arrival)     71    -     0     0       0    (-,-) 
  core/out_rank_q_reg[2]/Q  -       CK->Q R     DFFHQX1        6 24.7   219   281     281    (-,-) 
  core/g8157__9315/Y        -       AN->Y R     NAND2BX1       5 19.3   210   172     452    (-,-) 
  core/g8137__7482/Y        -       A->Y  F     NAND2XL        1  0.0    50    24     476    (-,-) 
  out_addr[1]               -       -     F     (port)         -    -     -     0     476    (-,-) 
#--------------------------------------------------------------------------------------------------



Path 40: MET (8542 ps) Late External Delay Assertion at pin out_addr[0]
          Group: clk
     Startpoint: (R) core/out_rank_q_reg[1]/CK
          Clock: (R) clk
       Endpoint: (R) out_addr[0]
          Clock: (R) clk

                     Capture       Launch     
        Clock Edge:+   10000            0     
       Src Latency:+       0            0     
       Net Latency:+       0 (I)        0 (I) 
           Arrival:=   10000            0     
                                              
      Output Delay:-    1000                  
     Required Time:=    9000                  
      Launch Clock:-       0                  
         Data Path:-     458                  
             Slack:=    8542                  

Exceptions/Constraints:
  output_delay             1000            ou_del_19_1   

#--------------------------------------------------------------------------------------------------
#       Timing Point        Flags   Arc   Edge   Cell     Fanout Load Trans Delay Arrival Instance 
#                                                                (fF)  (ps)  (ps)   (ps)  Location 
#--------------------------------------------------------------------------------------------------
  core/out_rank_q_reg[1]/CK -       -     R     (arrival)     71    -     0     0       0    (-,-) 
  core/out_rank_q_reg[1]/Q  -       CK->Q R     DFFHQX1        6 24.8   219   281     281    (-,-) 
  core/g8139__6161/Y        -       A->Y  R     XOR2X1         1  0.0    37   177     458    (-,-) 
  out_addr[0]               -       -     R     (port)         -    -     -     0     458    (-,-) 
#--------------------------------------------------------------------------------------------------



Path 41: MET (8547 ps) Late External Delay Assertion at pin out_addr[2]
          Group: clk
     Startpoint: (R) core/out_rank_q_reg[2]/CK
          Clock: (R) clk
       Endpoint: (R) out_addr[2]
          Clock: (R) clk

                     Capture       Launch     
        Clock Edge:+   10000            0     
       Src Latency:+       0            0     
       Net Latency:+       0 (I)        0 (I) 
           Arrival:=   10000            0     
                                              
      Output Delay:-    1000                  
     Required Time:=    9000                  
      Launch Clock:-       0                  
         Data Path:-     453                  
             Slack:=    8547                  

Exceptions/Constraints:
  output_delay             1000            ou_del_17_1   

#--------------------------------------------------------------------------------------------------
#       Timing Point        Flags   Arc   Edge   Cell     Fanout Load Trans Delay Arrival Instance 
#                                                                (fF)  (ps)  (ps)   (ps)  Location 
#--------------------------------------------------------------------------------------------------
  core/out_rank_q_reg[2]/CK -       -     R     (arrival)     71    -     0     0       0    (-,-) 
  core/out_rank_q_reg[2]/Q  -       CK->Q R     DFFHQX1        6 24.7   219   281     281    (-,-) 
  core/g8138__4733/Y        -       B->Y  R     XOR2X1         1  0.0    36   172     453    (-,-) 
  out_addr[2]               -       -     R     (port)         -    -     -     0     453    (-,-) 
#--------------------------------------------------------------------------------------------------



Path 42: MET (8723 ps) Late External Delay Assertion at pin out_addr[3]
          Group: clk
     Startpoint: (R) core/out_rank_q_reg[3]/CK
          Clock: (R) clk
       Endpoint: (R) out_addr[3]
          Clock: (R) clk

                     Capture       Launch     
        Clock Edge:+   10000            0     
       Src Latency:+       0            0     
       Net Latency:+       0 (I)        0 (I) 
           Arrival:=   10000            0     
                                              
      Output Delay:-    1000                  
     Required Time:=    9000                  
      Launch Clock:-       0                  
         Data Path:-     277                  
             Slack:=    8723                  

Exceptions/Constraints:
  output_delay             1000            ou_del_16_1   

#--------------------------------------------------------------------------------------------------
#       Timing Point        Flags   Arc   Edge   Cell     Fanout Load Trans Delay Arrival Instance 
#                                                                (fF)  (ps)  (ps)   (ps)  Location 
#--------------------------------------------------------------------------------------------------
  core/out_rank_q_reg[3]/CK -       -     R     (arrival)     71    -     0     0       0    (-,-) 
  core/out_rank_q_reg[3]/Q  -       CK->Q R     DFFX1          5 17.2   164   277     277    (-,-) 
  out_addr[3]               -       -     R     (port)         -    -     -     0     277    (-,-) 
#--------------------------------------------------------------------------------------------------



Path 43: MET (8942 ps) Setup Check with Pin core/out_valid_q_reg/CK->RN
          Group: clk
     Startpoint: (R) core/reset_release_q_reg[1]/CK
          Clock: (R) clk
       Endpoint: (R) core/out_valid_q_reg/RN
          Clock: (R) clk

                     Capture       Launch     
        Clock Edge:+   10000            0     
       Src Latency:+       0            0     
       Net Latency:+       0 (I)        0 (I) 
           Arrival:=   10000            0     
                                              
             Setup:-     101                  
     Required Time:=    9899                  
      Launch Clock:-       0                  
         Data Path:-     957                  
             Slack:=    8942                  

#-------------------------------------------------------------------------------------------------------
#         Timing Point           Flags   Arc   Edge   Cell     Fanout Load Trans Delay Arrival Instance 
#                                                                     (fF)  (ps)  (ps)   (ps)  Location 
#-------------------------------------------------------------------------------------------------------
  core/reset_release_q_reg[1]/CK -       -     R     (arrival)     71    -     0     0       0    (-,-) 
  core/reset_release_q_reg[1]/Q  -       CK->Q R     DFFRHQX1      16 54.1   707   562     562    (-,-) 
  core/drc_bufs8163/Y            -       A->Y  R     BUFX3          8 27.1   104   130     692    (-,-) 
  core/g10704/Y                  -       A->Y  R     BUFX3         12 26.7    95   111     803    (-,-) 
  core/drc_bufs10742/Y           -       A->Y  F     INVX1          1  3.5    39    29     832    (-,-) 
  core/drc_bufs10741/Y           -       A->Y  R     INVX1         10 21.4   200   125     957    (-,-) 
  core/out_valid_q_reg/RN        -       -     R     DFFTRX1       10    -     -     0     957    (-,-) 
#-------------------------------------------------------------------------------------------------------



Path 44: MET (8942 ps) Setup Check with Pin core/ack_rank_q_reg[14]/CK->RN
          Group: clk
     Startpoint: (R) core/reset_release_q_reg[1]/CK
          Clock: (R) clk
       Endpoint: (R) core/ack_rank_q_reg[14]/RN
          Clock: (R) clk

                     Capture       Launch     
        Clock Edge:+   10000            0     
       Src Latency:+       0            0     
       Net Latency:+       0 (I)        0 (I) 
           Arrival:=   10000            0     
                                              
             Setup:-     101                  
     Required Time:=    9899                  
      Launch Clock:-       0                  
         Data Path:-     957                  
             Slack:=    8942                  

#-------------------------------------------------------------------------------------------------------
#         Timing Point           Flags   Arc   Edge   Cell     Fanout Load Trans Delay Arrival Instance 
#                                                                     (fF)  (ps)  (ps)   (ps)  Location 
#-------------------------------------------------------------------------------------------------------
  core/reset_release_q_reg[1]/CK -       -     R     (arrival)     71    -     0     0       0    (-,-) 
  core/reset_release_q_reg[1]/Q  -       CK->Q R     DFFRHQX1      16 54.1   707   562     562    (-,-) 
  core/drc_bufs8163/Y            -       A->Y  R     BUFX3          8 27.1   104   130     692    (-,-) 
  core/g10704/Y                  -       A->Y  R     BUFX3         12 26.7    95   111     803    (-,-) 
  core/drc_bufs10742/Y           -       A->Y  F     INVX1          1  3.5    39    29     832    (-,-) 
  core/drc_bufs10741/Y           -       A->Y  R     INVX1         10 21.4   200   125     957    (-,-) 
  core/ack_rank_q_reg[14]/RN     -       -     R     DFFTRX1       10    -     -     0     957    (-,-) 
#-------------------------------------------------------------------------------------------------------



Path 45: MET (8942 ps) Setup Check with Pin core/ack_rank_q_reg[12]/CK->RN
          Group: clk
     Startpoint: (R) core/reset_release_q_reg[1]/CK
          Clock: (R) clk
       Endpoint: (R) core/ack_rank_q_reg[12]/RN
          Clock: (R) clk

                     Capture       Launch     
        Clock Edge:+   10000            0     
       Src Latency:+       0            0     
       Net Latency:+       0 (I)        0 (I) 
           Arrival:=   10000            0     
                                              
             Setup:-     101                  
     Required Time:=    9899                  
      Launch Clock:-       0                  
         Data Path:-     957                  
             Slack:=    8942                  

#-------------------------------------------------------------------------------------------------------
#         Timing Point           Flags   Arc   Edge   Cell     Fanout Load Trans Delay Arrival Instance 
#                                                                     (fF)  (ps)  (ps)   (ps)  Location 
#-------------------------------------------------------------------------------------------------------
  core/reset_release_q_reg[1]/CK -       -     R     (arrival)     71    -     0     0       0    (-,-) 
  core/reset_release_q_reg[1]/Q  -       CK->Q R     DFFRHQX1      16 54.1   707   562     562    (-,-) 
  core/drc_bufs8163/Y            -       A->Y  R     BUFX3          8 27.1   104   130     692    (-,-) 
  core/g10704/Y                  -       A->Y  R     BUFX3         12 26.7    95   111     803    (-,-) 
  core/drc_bufs10742/Y           -       A->Y  F     INVX1          1  3.5    39    29     832    (-,-) 
  core/drc_bufs10741/Y           -       A->Y  R     INVX1         10 21.4   200   125     957    (-,-) 
  core/ack_rank_q_reg[12]/RN     -       -     R     DFFTRX1       10    -     -     0     957    (-,-) 
#-------------------------------------------------------------------------------------------------------



Path 46: MET (8942 ps) Setup Check with Pin core/ack_rank_q_reg[11]/CK->RN
          Group: clk
     Startpoint: (R) core/reset_release_q_reg[1]/CK
          Clock: (R) clk
       Endpoint: (R) core/ack_rank_q_reg[11]/RN
          Clock: (R) clk

                     Capture       Launch     
        Clock Edge:+   10000            0     
       Src Latency:+       0            0     
       Net Latency:+       0 (I)        0 (I) 
           Arrival:=   10000            0     
                                              
             Setup:-     101                  
     Required Time:=    9899                  
      Launch Clock:-       0                  
         Data Path:-     957                  
             Slack:=    8942                  

#-------------------------------------------------------------------------------------------------------
#         Timing Point           Flags   Arc   Edge   Cell     Fanout Load Trans Delay Arrival Instance 
#                                                                     (fF)  (ps)  (ps)   (ps)  Location 
#-------------------------------------------------------------------------------------------------------
  core/reset_release_q_reg[1]/CK -       -     R     (arrival)     71    -     0     0       0    (-,-) 
  core/reset_release_q_reg[1]/Q  -       CK->Q R     DFFRHQX1      16 54.1   707   562     562    (-,-) 
  core/drc_bufs8163/Y            -       A->Y  R     BUFX3          8 27.1   104   130     692    (-,-) 
  core/g10704/Y                  -       A->Y  R     BUFX3         12 26.7    95   111     803    (-,-) 
  core/drc_bufs10742/Y           -       A->Y  F     INVX1          1  3.5    39    29     832    (-,-) 
  core/drc_bufs10741/Y           -       A->Y  R     INVX1         10 21.4   200   125     957    (-,-) 
  core/ack_rank_q_reg[11]/RN     -       -     R     DFFTRX1       10    -     -     0     957    (-,-) 
#-------------------------------------------------------------------------------------------------------



Path 47: MET (8942 ps) Setup Check with Pin core/ack_rank_q_reg[7]/CK->RN
          Group: clk
     Startpoint: (R) core/reset_release_q_reg[1]/CK
          Clock: (R) clk
       Endpoint: (R) core/ack_rank_q_reg[7]/RN
          Clock: (R) clk

                     Capture       Launch     
        Clock Edge:+   10000            0     
       Src Latency:+       0            0     
       Net Latency:+       0 (I)        0 (I) 
           Arrival:=   10000            0     
                                              
             Setup:-     101                  
     Required Time:=    9899                  
      Launch Clock:-       0                  
         Data Path:-     957                  
             Slack:=    8942                  

#-------------------------------------------------------------------------------------------------------
#         Timing Point           Flags   Arc   Edge   Cell     Fanout Load Trans Delay Arrival Instance 
#                                                                     (fF)  (ps)  (ps)   (ps)  Location 
#-------------------------------------------------------------------------------------------------------
  core/reset_release_q_reg[1]/CK -       -     R     (arrival)     71    -     0     0       0    (-,-) 
  core/reset_release_q_reg[1]/Q  -       CK->Q R     DFFRHQX1      16 54.1   707   562     562    (-,-) 
  core/drc_bufs8163/Y            -       A->Y  R     BUFX3          8 27.1   104   130     692    (-,-) 
  core/g10704/Y                  -       A->Y  R     BUFX3         12 26.7    95   111     803    (-,-) 
  core/drc_bufs10742/Y           -       A->Y  F     INVX1          1  3.5    39    29     832    (-,-) 
  core/drc_bufs10741/Y           -       A->Y  R     INVX1         10 21.4   200   125     957    (-,-) 
  core/ack_rank_q_reg[7]/RN      -       -     R     DFFTRX1       10    -     -     0     957    (-,-) 
#-------------------------------------------------------------------------------------------------------



Path 48: MET (8942 ps) Setup Check with Pin core/ack_rank_q_reg[6]/CK->RN
          Group: clk
     Startpoint: (R) core/reset_release_q_reg[1]/CK
          Clock: (R) clk
       Endpoint: (R) core/ack_rank_q_reg[6]/RN
          Clock: (R) clk

                     Capture       Launch     
        Clock Edge:+   10000            0     
       Src Latency:+       0            0     
       Net Latency:+       0 (I)        0 (I) 
           Arrival:=   10000            0     
                                              
             Setup:-     101                  
     Required Time:=    9899                  
      Launch Clock:-       0                  
         Data Path:-     957                  
             Slack:=    8942                  

#-------------------------------------------------------------------------------------------------------
#         Timing Point           Flags   Arc   Edge   Cell     Fanout Load Trans Delay Arrival Instance 
#                                                                     (fF)  (ps)  (ps)   (ps)  Location 
#-------------------------------------------------------------------------------------------------------
  core/reset_release_q_reg[1]/CK -       -     R     (arrival)     71    -     0     0       0    (-,-) 
  core/reset_release_q_reg[1]/Q  -       CK->Q R     DFFRHQX1      16 54.1   707   562     562    (-,-) 
  core/drc_bufs8163/Y            -       A->Y  R     BUFX3          8 27.1   104   130     692    (-,-) 
  core/g10704/Y                  -       A->Y  R     BUFX3         12 26.7    95   111     803    (-,-) 
  core/drc_bufs10742/Y           -       A->Y  F     INVX1          1  3.5    39    29     832    (-,-) 
  core/drc_bufs10741/Y           -       A->Y  R     INVX1         10 21.4   200   125     957    (-,-) 
  core/ack_rank_q_reg[6]/RN      -       -     R     DFFTRX1       10    -     -     0     957    (-,-) 
#-------------------------------------------------------------------------------------------------------



Path 49: MET (8942 ps) Setup Check with Pin core/ack_rank_q_reg[5]/CK->RN
          Group: clk
     Startpoint: (R) core/reset_release_q_reg[1]/CK
          Clock: (R) clk
       Endpoint: (R) core/ack_rank_q_reg[5]/RN
          Clock: (R) clk

                     Capture       Launch     
        Clock Edge:+   10000            0     
       Src Latency:+       0            0     
       Net Latency:+       0 (I)        0 (I) 
           Arrival:=   10000            0     
                                              
             Setup:-     101                  
     Required Time:=    9899                  
      Launch Clock:-       0                  
         Data Path:-     957                  
             Slack:=    8942                  

#-------------------------------------------------------------------------------------------------------
#         Timing Point           Flags   Arc   Edge   Cell     Fanout Load Trans Delay Arrival Instance 
#                                                                     (fF)  (ps)  (ps)   (ps)  Location 
#-------------------------------------------------------------------------------------------------------
  core/reset_release_q_reg[1]/CK -       -     R     (arrival)     71    -     0     0       0    (-,-) 
  core/reset_release_q_reg[1]/Q  -       CK->Q R     DFFRHQX1      16 54.1   707   562     562    (-,-) 
  core/drc_bufs8163/Y            -       A->Y  R     BUFX3          8 27.1   104   130     692    (-,-) 
  core/g10704/Y                  -       A->Y  R     BUFX3         12 26.7    95   111     803    (-,-) 
  core/drc_bufs10742/Y           -       A->Y  F     INVX1          1  3.5    39    29     832    (-,-) 
  core/drc_bufs10741/Y           -       A->Y  R     INVX1         10 21.4   200   125     957    (-,-) 
  core/ack_rank_q_reg[5]/RN      -       -     R     DFFTRX1       10    -     -     0     957    (-,-) 
#-------------------------------------------------------------------------------------------------------



Path 50: MET (8942 ps) Setup Check with Pin core/ack_rank_q_reg[3]/CK->RN
          Group: clk
     Startpoint: (R) core/reset_release_q_reg[1]/CK
          Clock: (R) clk
       Endpoint: (R) core/ack_rank_q_reg[3]/RN
          Clock: (R) clk

                     Capture       Launch     
        Clock Edge:+   10000            0     
       Src Latency:+       0            0     
       Net Latency:+       0 (I)        0 (I) 
           Arrival:=   10000            0     
                                              
             Setup:-     101                  
     Required Time:=    9899                  
      Launch Clock:-       0                  
         Data Path:-     957                  
             Slack:=    8942                  

#-------------------------------------------------------------------------------------------------------
#         Timing Point           Flags   Arc   Edge   Cell     Fanout Load Trans Delay Arrival Instance 
#                                                                     (fF)  (ps)  (ps)   (ps)  Location 
#-------------------------------------------------------------------------------------------------------
  core/reset_release_q_reg[1]/CK -       -     R     (arrival)     71    -     0     0       0    (-,-) 
  core/reset_release_q_reg[1]/Q  -       CK->Q R     DFFRHQX1      16 54.1   707   562     562    (-,-) 
  core/drc_bufs8163/Y            -       A->Y  R     BUFX3          8 27.1   104   130     692    (-,-) 
  core/g10704/Y                  -       A->Y  R     BUFX3         12 26.7    95   111     803    (-,-) 
  core/drc_bufs10742/Y           -       A->Y  F     INVX1          1  3.5    39    29     832    (-,-) 
  core/drc_bufs10741/Y           -       A->Y  R     INVX1         10 21.4   200   125     957    (-,-) 
  core/ack_rank_q_reg[3]/RN      -       -     R     DFFTRX1       10    -     -     0     957    (-,-) 
#-------------------------------------------------------------------------------------------------------

