============================================================
  Generated by:           Genus(TM) Synthesis Solution 23.14-s090_1
  Generated on:           Aug 20 2026  12:48:47 pm
  Module:                 aer_pending_gray_epoch
  Operating conditions:   typical (balanced_tree)
  Wireload mode:          enclosed
  Area mode:              timing library
============================================================


Path 1: MET (7268 ps) Setup Check with Pin pending_q_reg[14]/CK->D
          Group: clk
     Startpoint: (R) ack_q_reg[5]/CK
          Clock: (R) clk
       Endpoint: (F) pending_q_reg[14]/D
          Clock: (R) clk

                     Capture       Launch     
        Clock Edge:+   10000            0     
       Src Latency:+       0            0     
       Net Latency:+       0 (I)        0 (I) 
           Arrival:=   10000            0     
                                              
             Setup:-     224                  
     Required Time:=    9776                  
      Launch Clock:-       0                  
         Data Path:-    2508                  
             Slack:=    7268                  

#---------------------------------------------------------------------------------------------
#    Timing Point     Flags    Arc   Edge   Cell     Fanout Load Trans Delay Arrival Instance 
#                                                           (fF)  (ps)  (ps)   (ps)  Location 
#---------------------------------------------------------------------------------------------
  ack_q_reg[5]/CK     -       -      R     (arrival)     75    -     0     0       0    (-,-) 
  ack_q_reg[5]/Q      -       CK->Q  R     DFFRHQX1       2  3.5   104   219     219    (-,-) 
  g5677/Y             -       A->Y   F     INVX1          2  7.9    55    43     262    (-,-) 
  g5588__7098/Y       -       A0->Y  R     AOI21X1        3 12.0   224   152     413    (-,-) 
  g5557__6417/Y       -       A->Y   F     NAND2X1        2  8.7    88    57     470    (-,-) 
  g5550__6161/Y       -       B->Y   R     NOR2X1         2  8.1   153   118     588    (-,-) 
  g5543__5122/Y       -       A->Y   F     NAND2X1        2  4.8    60    40     628    (-,-) 
  g5537__3680/Y       -       A1N->Y F     OAI2BB1X1      9 37.5   203   226     854    (-,-) 
  g5536/Y             -       A->Y   R     INVX1          5 21.9   214   171    1025    (-,-) 
  g5533__4319/Y       -       A0->Y  F     AOI22X1        2  7.0   146    59    1084    (-,-) 
  g5526__6417/Y       -       B0->Y  R     OAI2BB2X1      6 24.9   397   266    1350    (-,-) 
  g5524/Y             -       A->Y   F     INVX1          4 17.0   144    98    1448    (-,-) 
  g5514__6131/Y       -       A0->Y  R     AOI22X1        2  7.1   200   136    1584    (-,-) 
  g5497__6260/Y       -       A0N->Y R     AOI2BB2X1      6 20.2   327   194    1778    (-,-) 
  g5495/Y             -       A->Y   F     INVX1          4 15.0   121    82    1860    (-,-) 
  g5492__6417/Y       -       B0->Y  R     OAI21XL        1  4.7   181    89    1949    (-,-) 
  g5487__2346/Y       -       A0->Y  F     AOI21X1        1  4.5   109    58    2007    (-,-) 
  g5485__2883/Y       -       B0->Y  R     AOI21X1        2  7.0   171   122    2128    (-,-) 
  g5483__9945/Y       -       A1N->Y R     OAI2BB2X1      5 20.1   339   200    2328    (-,-) 
  g5481__6161/Y       -       A->Y   R     AND2X2         4 12.8    89   130    2458    (-,-) 
  g5465__4319/Y       -       A0->Y  F     AOI21XL        1  1.9    76    50    2508    (-,-) 
  pending_q_reg[14]/D -       -      F     DFFRHQX1       1    -     -     0    2508    (-,-) 
#---------------------------------------------------------------------------------------------



Path 2: MET (7268 ps) Setup Check with Pin pending_q_reg[12]/CK->D
          Group: clk
     Startpoint: (R) ack_q_reg[5]/CK
          Clock: (R) clk
       Endpoint: (F) pending_q_reg[12]/D
          Clock: (R) clk

                     Capture       Launch     
        Clock Edge:+   10000            0     
       Src Latency:+       0            0     
       Net Latency:+       0 (I)        0 (I) 
           Arrival:=   10000            0     
                                              
             Setup:-     224                  
     Required Time:=    9776                  
      Launch Clock:-       0                  
         Data Path:-    2508                  
             Slack:=    7268                  

#---------------------------------------------------------------------------------------------
#    Timing Point     Flags    Arc   Edge   Cell     Fanout Load Trans Delay Arrival Instance 
#                                                           (fF)  (ps)  (ps)   (ps)  Location 
#---------------------------------------------------------------------------------------------
  ack_q_reg[5]/CK     -       -      R     (arrival)     75    -     0     0       0    (-,-) 
  ack_q_reg[5]/Q      -       CK->Q  R     DFFRHQX1       2  3.5   104   219     219    (-,-) 
  g5677/Y             -       A->Y   F     INVX1          2  7.9    55    43     262    (-,-) 
  g5588__7098/Y       -       A0->Y  R     AOI21X1        3 12.0   224   152     413    (-,-) 
  g5557__6417/Y       -       A->Y   F     NAND2X1        2  8.7    88    57     470    (-,-) 
  g5550__6161/Y       -       B->Y   R     NOR2X1         2  8.1   153   118     588    (-,-) 
  g5543__5122/Y       -       A->Y   F     NAND2X1        2  4.8    60    40     628    (-,-) 
  g5537__3680/Y       -       A1N->Y F     OAI2BB1X1      9 37.5   203   226     854    (-,-) 
  g5536/Y             -       A->Y   R     INVX1          5 21.9   214   171    1025    (-,-) 
  g5533__4319/Y       -       A0->Y  F     AOI22X1        2  7.0   146    59    1084    (-,-) 
  g5526__6417/Y       -       B0->Y  R     OAI2BB2X1      6 24.9   397   266    1350    (-,-) 
  g5524/Y             -       A->Y   F     INVX1          4 17.0   144    98    1448    (-,-) 
  g5514__6131/Y       -       A0->Y  R     AOI22X1        2  7.1   200   136    1584    (-,-) 
  g5497__6260/Y       -       A0N->Y R     AOI2BB2X1      6 20.2   327   194    1778    (-,-) 
  g5495/Y             -       A->Y   F     INVX1          4 15.0   121    82    1860    (-,-) 
  g5492__6417/Y       -       B0->Y  R     OAI21XL        1  4.7   181    89    1949    (-,-) 
  g5487__2346/Y       -       A0->Y  F     AOI21X1        1  4.5   109    58    2007    (-,-) 
  g5485__2883/Y       -       B0->Y  R     AOI21X1        2  7.0   171   122    2128    (-,-) 
  g5483__9945/Y       -       A1N->Y R     OAI2BB2X1      5 20.1   339   200    2328    (-,-) 
  g5479__7482/Y       -       A->Y   R     AND2X2         4 12.8    89   130    2458    (-,-) 
  g5466__5526/Y       -       A0->Y  F     AOI21XL        1  1.9    76    50    2508    (-,-) 
  pending_q_reg[12]/D -       -      F     DFFRHQX1       1    -     -     0    2508    (-,-) 
#---------------------------------------------------------------------------------------------



Path 3: MET (7268 ps) Setup Check with Pin pending_q_reg[6]/CK->D
          Group: clk
     Startpoint: (R) ack_q_reg[5]/CK
          Clock: (R) clk
       Endpoint: (F) pending_q_reg[6]/D
          Clock: (R) clk

                     Capture       Launch     
        Clock Edge:+   10000            0     
       Src Latency:+       0            0     
       Net Latency:+       0 (I)        0 (I) 
           Arrival:=   10000            0     
                                              
             Setup:-     224                  
     Required Time:=    9776                  
      Launch Clock:-       0                  
         Data Path:-    2508                  
             Slack:=    7268                  

#--------------------------------------------------------------------------------------------
#   Timing Point     Flags    Arc   Edge   Cell     Fanout Load Trans Delay Arrival Instance 
#                                                          (fF)  (ps)  (ps)   (ps)  Location 
#--------------------------------------------------------------------------------------------
  ack_q_reg[5]/CK    -       -      R     (arrival)     75    -     0     0       0    (-,-) 
  ack_q_reg[5]/Q     -       CK->Q  R     DFFRHQX1       2  3.5   104   219     219    (-,-) 
  g5677/Y            -       A->Y   F     INVX1          2  7.9    55    43     262    (-,-) 
  g5588__7098/Y      -       A0->Y  R     AOI21X1        3 12.0   224   152     413    (-,-) 
  g5557__6417/Y      -       A->Y   F     NAND2X1        2  8.7    88    57     470    (-,-) 
  g5550__6161/Y      -       B->Y   R     NOR2X1         2  8.1   153   118     588    (-,-) 
  g5543__5122/Y      -       A->Y   F     NAND2X1        2  4.8    60    40     628    (-,-) 
  g5537__3680/Y      -       A1N->Y F     OAI2BB1X1      9 37.5   203   226     854    (-,-) 
  g5536/Y            -       A->Y   R     INVX1          5 21.9   214   171    1025    (-,-) 
  g5533__4319/Y      -       A0->Y  F     AOI22X1        2  7.0   146    59    1084    (-,-) 
  g5526__6417/Y      -       B0->Y  R     OAI2BB2X1      6 24.9   397   266    1350    (-,-) 
  g5524/Y            -       A->Y   F     INVX1          4 17.0   144    98    1448    (-,-) 
  g5514__6131/Y      -       A0->Y  R     AOI22X1        2  7.1   200   136    1584    (-,-) 
  g5497__6260/Y      -       A0N->Y R     AOI2BB2X1      6 20.2   327   194    1778    (-,-) 
  g5495/Y            -       A->Y   F     INVX1          4 15.0   121    82    1860    (-,-) 
  g5492__6417/Y      -       B0->Y  R     OAI21XL        1  4.7   181    89    1949    (-,-) 
  g5487__2346/Y      -       A0->Y  F     AOI21X1        1  4.5   109    58    2007    (-,-) 
  g5485__2883/Y      -       B0->Y  R     AOI21X1        2  7.0   171   122    2128    (-,-) 
  g5483__9945/Y      -       A1N->Y R     OAI2BB2X1      5 20.1   339   200    2328    (-,-) 
  g5481__6161/Y      -       A->Y   R     AND2X2         4 12.8    89   130    2458    (-,-) 
  g5475__8428/Y      -       A0->Y  F     AOI21XL        1  1.9    76    50    2508    (-,-) 
  pending_q_reg[6]/D -       -      F     DFFRHQX1       1    -     -     0    2508    (-,-) 
#--------------------------------------------------------------------------------------------



Path 4: MET (7268 ps) Setup Check with Pin pending_q_reg[4]/CK->D
          Group: clk
     Startpoint: (R) ack_q_reg[5]/CK
          Clock: (R) clk
       Endpoint: (F) pending_q_reg[4]/D
          Clock: (R) clk

                     Capture       Launch     
        Clock Edge:+   10000            0     
       Src Latency:+       0            0     
       Net Latency:+       0 (I)        0 (I) 
           Arrival:=   10000            0     
                                              
             Setup:-     224                  
     Required Time:=    9776                  
      Launch Clock:-       0                  
         Data Path:-    2508                  
             Slack:=    7268                  

#--------------------------------------------------------------------------------------------
#   Timing Point     Flags    Arc   Edge   Cell     Fanout Load Trans Delay Arrival Instance 
#                                                          (fF)  (ps)  (ps)   (ps)  Location 
#--------------------------------------------------------------------------------------------
  ack_q_reg[5]/CK    -       -      R     (arrival)     75    -     0     0       0    (-,-) 
  ack_q_reg[5]/Q     -       CK->Q  R     DFFRHQX1       2  3.5   104   219     219    (-,-) 
  g5677/Y            -       A->Y   F     INVX1          2  7.9    55    43     262    (-,-) 
  g5588__7098/Y      -       A0->Y  R     AOI21X1        3 12.0   224   152     413    (-,-) 
  g5557__6417/Y      -       A->Y   F     NAND2X1        2  8.7    88    57     470    (-,-) 
  g5550__6161/Y      -       B->Y   R     NOR2X1         2  8.1   153   118     588    (-,-) 
  g5543__5122/Y      -       A->Y   F     NAND2X1        2  4.8    60    40     628    (-,-) 
  g5537__3680/Y      -       A1N->Y F     OAI2BB1X1      9 37.5   203   226     854    (-,-) 
  g5536/Y            -       A->Y   R     INVX1          5 21.9   214   171    1025    (-,-) 
  g5533__4319/Y      -       A0->Y  F     AOI22X1        2  7.0   146    59    1084    (-,-) 
  g5526__6417/Y      -       B0->Y  R     OAI2BB2X1      6 24.9   397   266    1350    (-,-) 
  g5524/Y            -       A->Y   F     INVX1          4 17.0   144    98    1448    (-,-) 
  g5514__6131/Y      -       A0->Y  R     AOI22X1        2  7.1   200   136    1584    (-,-) 
  g5497__6260/Y      -       A0N->Y R     AOI2BB2X1      6 20.2   327   194    1778    (-,-) 
  g5495/Y            -       A->Y   F     INVX1          4 15.0   121    82    1860    (-,-) 
  g5492__6417/Y      -       B0->Y  R     OAI21XL        1  4.7   181    89    1949    (-,-) 
  g5487__2346/Y      -       A0->Y  F     AOI21X1        1  4.5   109    58    2007    (-,-) 
  g5485__2883/Y      -       B0->Y  R     AOI21X1        2  7.0   171   122    2128    (-,-) 
  g5483__9945/Y      -       A1N->Y R     OAI2BB2X1      5 20.1   339   200    2328    (-,-) 
  g5479__7482/Y      -       A->Y   R     AND2X2         4 12.8    89   130    2458    (-,-) 
  g5474__1617/Y      -       A0->Y  F     AOI21XL        1  1.9    76    50    2508    (-,-) 
  pending_q_reg[4]/D -       -      F     DFFRHQX1       1    -     -     0    2508    (-,-) 
#--------------------------------------------------------------------------------------------



Path 5: MET (7268 ps) Setup Check with Pin pending_q_reg[10]/CK->D
          Group: clk
     Startpoint: (R) ack_q_reg[5]/CK
          Clock: (R) clk
       Endpoint: (F) pending_q_reg[10]/D
          Clock: (R) clk

                     Capture       Launch     
        Clock Edge:+   10000            0     
       Src Latency:+       0            0     
       Net Latency:+       0 (I)        0 (I) 
           Arrival:=   10000            0     
                                              
             Setup:-     224                  
     Required Time:=    9776                  
      Launch Clock:-       0                  
         Data Path:-    2508                  
             Slack:=    7268                  

#---------------------------------------------------------------------------------------------
#    Timing Point     Flags    Arc   Edge   Cell     Fanout Load Trans Delay Arrival Instance 
#                                                           (fF)  (ps)  (ps)   (ps)  Location 
#---------------------------------------------------------------------------------------------
  ack_q_reg[5]/CK     -       -      R     (arrival)     75    -     0     0       0    (-,-) 
  ack_q_reg[5]/Q      -       CK->Q  R     DFFRHQX1       2  3.5   104   219     219    (-,-) 
  g5677/Y             -       A->Y   F     INVX1          2  7.9    55    43     262    (-,-) 
  g5588__7098/Y       -       A0->Y  R     AOI21X1        3 12.0   224   152     413    (-,-) 
  g5557__6417/Y       -       A->Y   F     NAND2X1        2  8.7    88    57     470    (-,-) 
  g5550__6161/Y       -       B->Y   R     NOR2X1         2  8.1   153   118     588    (-,-) 
  g5543__5122/Y       -       A->Y   F     NAND2X1        2  4.8    60    40     628    (-,-) 
  g5537__3680/Y       -       A1N->Y F     OAI2BB1X1      9 37.5   203   226     854    (-,-) 
  g5536/Y             -       A->Y   R     INVX1          5 21.9   214   171    1025    (-,-) 
  g5533__4319/Y       -       A0->Y  F     AOI22X1        2  7.0   146    59    1084    (-,-) 
  g5526__6417/Y       -       B0->Y  R     OAI2BB2X1      6 24.9   397   266    1350    (-,-) 
  g5524/Y             -       A->Y   F     INVX1          4 17.0   144    98    1448    (-,-) 
  g5514__6131/Y       -       A0->Y  R     AOI22X1        2  7.1   200   136    1584    (-,-) 
  g5497__6260/Y       -       A0N->Y R     AOI2BB2X1      6 20.2   327   194    1778    (-,-) 
  g5495/Y             -       A->Y   F     INVX1          4 15.0   121    82    1860    (-,-) 
  g5492__6417/Y       -       B0->Y  R     OAI21XL        1  4.7   181    89    1949    (-,-) 
  g5487__2346/Y       -       A0->Y  F     AOI21X1        1  4.5   109    58    2007    (-,-) 
  g5485__2883/Y       -       B0->Y  R     AOI21X1        2  7.0   171   122    2128    (-,-) 
  g5483__9945/Y       -       A1N->Y R     OAI2BB2X1      5 20.1   339   200    2328    (-,-) 
  g5481__6161/Y       -       A->Y   R     AND2X2         4 12.8    89   130    2458    (-,-) 
  g5464__2398/Y       -       A0->Y  F     AOI21XL        1  1.9    75    50    2508    (-,-) 
  pending_q_reg[10]/D -       -      F     DFFRHQX1       1    -     -     0    2508    (-,-) 
#---------------------------------------------------------------------------------------------



Path 6: MET (7268 ps) Setup Check with Pin pending_q_reg[8]/CK->D
          Group: clk
     Startpoint: (R) ack_q_reg[5]/CK
          Clock: (R) clk
       Endpoint: (F) pending_q_reg[8]/D
          Clock: (R) clk

                     Capture       Launch     
        Clock Edge:+   10000            0     
       Src Latency:+       0            0     
       Net Latency:+       0 (I)        0 (I) 
           Arrival:=   10000            0     
                                              
             Setup:-     224                  
     Required Time:=    9776                  
      Launch Clock:-       0                  
         Data Path:-    2508                  
             Slack:=    7268                  

#--------------------------------------------------------------------------------------------
#   Timing Point     Flags    Arc   Edge   Cell     Fanout Load Trans Delay Arrival Instance 
#                                                          (fF)  (ps)  (ps)   (ps)  Location 
#--------------------------------------------------------------------------------------------
  ack_q_reg[5]/CK    -       -      R     (arrival)     75    -     0     0       0    (-,-) 
  ack_q_reg[5]/Q     -       CK->Q  R     DFFRHQX1       2  3.5   104   219     219    (-,-) 
  g5677/Y            -       A->Y   F     INVX1          2  7.9    55    43     262    (-,-) 
  g5588__7098/Y      -       A0->Y  R     AOI21X1        3 12.0   224   152     413    (-,-) 
  g5557__6417/Y      -       A->Y   F     NAND2X1        2  8.7    88    57     470    (-,-) 
  g5550__6161/Y      -       B->Y   R     NOR2X1         2  8.1   153   118     588    (-,-) 
  g5543__5122/Y      -       A->Y   F     NAND2X1        2  4.8    60    40     628    (-,-) 
  g5537__3680/Y      -       A1N->Y F     OAI2BB1X1      9 37.5   203   226     854    (-,-) 
  g5536/Y            -       A->Y   R     INVX1          5 21.9   214   171    1025    (-,-) 
  g5533__4319/Y      -       A0->Y  F     AOI22X1        2  7.0   146    59    1084    (-,-) 
  g5526__6417/Y      -       B0->Y  R     OAI2BB2X1      6 24.9   397   266    1350    (-,-) 
  g5524/Y            -       A->Y   F     INVX1          4 17.0   144    98    1448    (-,-) 
  g5514__6131/Y      -       A0->Y  R     AOI22X1        2  7.1   200   136    1584    (-,-) 
  g5497__6260/Y      -       A0N->Y R     AOI2BB2X1      6 20.2   327   194    1778    (-,-) 
  g5495/Y            -       A->Y   F     INVX1          4 15.0   121    82    1860    (-,-) 
  g5492__6417/Y      -       B0->Y  R     OAI21XL        1  4.7   181    89    1949    (-,-) 
  g5487__2346/Y      -       A0->Y  F     AOI21X1        1  4.5   109    58    2007    (-,-) 
  g5485__2883/Y      -       B0->Y  R     AOI21X1        2  7.0   171   122    2128    (-,-) 
  g5483__9945/Y      -       A1N->Y R     OAI2BB2X1      5 20.1   339   200    2328    (-,-) 
  g5479__7482/Y      -       A->Y   R     AND2X2         4 12.8    89   130    2458    (-,-) 
  g5462__1881/Y      -       A0->Y  F     AOI21XL        1  1.9    75    50    2508    (-,-) 
  pending_q_reg[8]/D -       -      F     DFFRHQX1       1    -     -     0    2508    (-,-) 
#--------------------------------------------------------------------------------------------



Path 7: MET (7268 ps) Setup Check with Pin pending_q_reg[2]/CK->D
          Group: clk
     Startpoint: (R) ack_q_reg[5]/CK
          Clock: (R) clk
       Endpoint: (F) pending_q_reg[2]/D
          Clock: (R) clk

                     Capture       Launch     
        Clock Edge:+   10000            0     
       Src Latency:+       0            0     
       Net Latency:+       0 (I)        0 (I) 
           Arrival:=   10000            0     
                                              
             Setup:-     224                  
     Required Time:=    9776                  
      Launch Clock:-       0                  
         Data Path:-    2508                  
             Slack:=    7268                  

#--------------------------------------------------------------------------------------------
#   Timing Point     Flags    Arc   Edge   Cell     Fanout Load Trans Delay Arrival Instance 
#                                                          (fF)  (ps)  (ps)   (ps)  Location 
#--------------------------------------------------------------------------------------------
  ack_q_reg[5]/CK    -       -      R     (arrival)     75    -     0     0       0    (-,-) 
  ack_q_reg[5]/Q     -       CK->Q  R     DFFRHQX1       2  3.5   104   219     219    (-,-) 
  g5677/Y            -       A->Y   F     INVX1          2  7.9    55    43     262    (-,-) 
  g5588__7098/Y      -       A0->Y  R     AOI21X1        3 12.0   224   152     413    (-,-) 
  g5557__6417/Y      -       A->Y   F     NAND2X1        2  8.7    88    57     470    (-,-) 
  g5550__6161/Y      -       B->Y   R     NOR2X1         2  8.1   153   118     588    (-,-) 
  g5543__5122/Y      -       A->Y   F     NAND2X1        2  4.8    60    40     628    (-,-) 
  g5537__3680/Y      -       A1N->Y F     OAI2BB1X1      9 37.5   203   226     854    (-,-) 
  g5536/Y            -       A->Y   R     INVX1          5 21.9   214   171    1025    (-,-) 
  g5533__4319/Y      -       A0->Y  F     AOI22X1        2  7.0   146    59    1084    (-,-) 
  g5526__6417/Y      -       B0->Y  R     OAI2BB2X1      6 24.9   397   266    1350    (-,-) 
  g5524/Y            -       A->Y   F     INVX1          4 17.0   144    98    1448    (-,-) 
  g5514__6131/Y      -       A0->Y  R     AOI22X1        2  7.1   200   136    1584    (-,-) 
  g5497__6260/Y      -       A0N->Y R     AOI2BB2X1      6 20.2   327   194    1778    (-,-) 
  g5495/Y            -       A->Y   F     INVX1          4 15.0   121    82    1860    (-,-) 
  g5492__6417/Y      -       B0->Y  R     OAI21XL        1  4.7   181    89    1949    (-,-) 
  g5487__2346/Y      -       A0->Y  F     AOI21X1        1  4.5   109    58    2007    (-,-) 
  g5485__2883/Y      -       B0->Y  R     AOI21X1        2  7.0   171   122    2128    (-,-) 
  g5483__9945/Y      -       A1N->Y R     OAI2BB2X1      5 20.1   339   200    2328    (-,-) 
  g5481__6161/Y      -       A->Y   R     AND2X2         4 12.8    89   130    2458    (-,-) 
  g5470__2802/Y      -       A0->Y  F     AOI21XL        1  1.9    75    50    2508    (-,-) 
  pending_q_reg[2]/D -       -      F     DFFRHQX1       1    -     -     0    2508    (-,-) 
#--------------------------------------------------------------------------------------------



Path 8: MET (7268 ps) Setup Check with Pin pending_q_reg[0]/CK->D
          Group: clk
     Startpoint: (R) ack_q_reg[5]/CK
          Clock: (R) clk
       Endpoint: (F) pending_q_reg[0]/D
          Clock: (R) clk

                     Capture       Launch     
        Clock Edge:+   10000            0     
       Src Latency:+       0            0     
       Net Latency:+       0 (I)        0 (I) 
           Arrival:=   10000            0     
                                              
             Setup:-     224                  
     Required Time:=    9776                  
      Launch Clock:-       0                  
         Data Path:-    2508                  
             Slack:=    7268                  

#--------------------------------------------------------------------------------------------
#   Timing Point     Flags    Arc   Edge   Cell     Fanout Load Trans Delay Arrival Instance 
#                                                          (fF)  (ps)  (ps)   (ps)  Location 
#--------------------------------------------------------------------------------------------
  ack_q_reg[5]/CK    -       -      R     (arrival)     75    -     0     0       0    (-,-) 
  ack_q_reg[5]/Q     -       CK->Q  R     DFFRHQX1       2  3.5   104   219     219    (-,-) 
  g5677/Y            -       A->Y   F     INVX1          2  7.9    55    43     262    (-,-) 
  g5588__7098/Y      -       A0->Y  R     AOI21X1        3 12.0   224   152     413    (-,-) 
  g5557__6417/Y      -       A->Y   F     NAND2X1        2  8.7    88    57     470    (-,-) 
  g5550__6161/Y      -       B->Y   R     NOR2X1         2  8.1   153   118     588    (-,-) 
  g5543__5122/Y      -       A->Y   F     NAND2X1        2  4.8    60    40     628    (-,-) 
  g5537__3680/Y      -       A1N->Y F     OAI2BB1X1      9 37.5   203   226     854    (-,-) 
  g5536/Y            -       A->Y   R     INVX1          5 21.9   214   171    1025    (-,-) 
  g5533__4319/Y      -       A0->Y  F     AOI22X1        2  7.0   146    59    1084    (-,-) 
  g5526__6417/Y      -       B0->Y  R     OAI2BB2X1      6 24.9   397   266    1350    (-,-) 
  g5524/Y            -       A->Y   F     INVX1          4 17.0   144    98    1448    (-,-) 
  g5514__6131/Y      -       A0->Y  R     AOI22X1        2  7.1   200   136    1584    (-,-) 
  g5497__6260/Y      -       A0N->Y R     AOI2BB2X1      6 20.2   327   194    1778    (-,-) 
  g5495/Y            -       A->Y   F     INVX1          4 15.0   121    82    1860    (-,-) 
  g5492__6417/Y      -       B0->Y  R     OAI21XL        1  4.7   181    89    1949    (-,-) 
  g5487__2346/Y      -       A0->Y  F     AOI21X1        1  4.5   109    58    2007    (-,-) 
  g5485__2883/Y      -       B0->Y  R     AOI21X1        2  7.0   171   122    2128    (-,-) 
  g5483__9945/Y      -       A1N->Y R     OAI2BB2X1      5 20.1   339   200    2328    (-,-) 
  g5479__7482/Y      -       A->Y   R     AND2X2         4 12.8    89   130    2458    (-,-) 
  g5471__1705/Y      -       A0->Y  F     AOI21XL        1  1.9    75    50    2508    (-,-) 
  pending_q_reg[0]/D -       -      F     DFFRHQX1       1    -     -     0    2508    (-,-) 
#--------------------------------------------------------------------------------------------



Path 9: MET (7288 ps) Setup Check with Pin pending_q_reg[15]/CK->D
          Group: clk
     Startpoint: (R) ack_q_reg[5]/CK
          Clock: (R) clk
       Endpoint: (F) pending_q_reg[15]/D
          Clock: (R) clk

                     Capture       Launch     
        Clock Edge:+   10000            0     
       Src Latency:+       0            0     
       Net Latency:+       0 (I)        0 (I) 
           Arrival:=   10000            0     
                                              
             Setup:-     225                  
     Required Time:=    9775                  
      Launch Clock:-       0                  
         Data Path:-    2488                  
             Slack:=    7288                  

#---------------------------------------------------------------------------------------------
#    Timing Point     Flags    Arc   Edge   Cell     Fanout Load Trans Delay Arrival Instance 
#                                                           (fF)  (ps)  (ps)   (ps)  Location 
#---------------------------------------------------------------------------------------------
  ack_q_reg[5]/CK     -       -      R     (arrival)     75    -     0     0       0    (-,-) 
  ack_q_reg[5]/Q      -       CK->Q  R     DFFRHQX1       2  3.5   104   219     219    (-,-) 
  g5677/Y             -       A->Y   F     INVX1          2  7.9    55    43     262    (-,-) 
  g5588__7098/Y       -       A0->Y  R     AOI21X1        3 12.0   224   152     413    (-,-) 
  g5557__6417/Y       -       A->Y   F     NAND2X1        2  8.7    88    57     470    (-,-) 
  g5550__6161/Y       -       B->Y   R     NOR2X1         2  8.1   153   118     588    (-,-) 
  g5543__5122/Y       -       A->Y   F     NAND2X1        2  4.8    60    40     628    (-,-) 
  g5537__3680/Y       -       A1N->Y F     OAI2BB1X1      9 37.5   203   226     854    (-,-) 
  g5536/Y             -       A->Y   R     INVX1          5 21.9   214   171    1025    (-,-) 
  g5533__4319/Y       -       A0->Y  F     AOI22X1        2  7.0   146    59    1084    (-,-) 
  g5526__6417/Y       -       A1N->Y F     OAI2BB2X1      6 24.9   179   214    1298    (-,-) 
  g5524/Y             -       A->Y   R     INVX1          4 17.0   174   140    1439    (-,-) 
  g5514__6131/Y       -       A0->Y  F     AOI22X1        2  7.1   154    58    1496    (-,-) 
  g5497__6260/Y       -       A0N->Y F     AOI2BB2X1      6 20.2   150   241    1738    (-,-) 
  g5495/Y             -       A->Y   R     INVX1          4 15.0   156   123    1860    (-,-) 
  g5492__6417/Y       -       B0->Y  F     OAI21XL        1  4.7    89    71    1931    (-,-) 
  g5487__2346/Y       -       A0->Y  R     AOI21X1        1  4.5   141   106    2038    (-,-) 
  g5485__2883/Y       -       B0->Y  F     AOI21X1        2  7.0   109    50    2088    (-,-) 
  g5483__9945/Y       -       A1N->Y F     OAI2BB2X1      5 20.1   140   190    2278    (-,-) 
  g5482__9315/Y       -       A->Y   R     NOR2X1         4 12.8   211   152    2429    (-,-) 
  g5477__6260/Y       -       A0->Y  F     AOI21XL        1  1.9    78    58    2488    (-,-) 
  pending_q_reg[15]/D -       -      F     DFFRHQX1       1    -     -     0    2488    (-,-) 
#---------------------------------------------------------------------------------------------



Path 10: MET (7288 ps) Setup Check with Pin pending_q_reg[13]/CK->D
          Group: clk
     Startpoint: (R) ack_q_reg[5]/CK
          Clock: (R) clk
       Endpoint: (F) pending_q_reg[13]/D
          Clock: (R) clk

                     Capture       Launch     
        Clock Edge:+   10000            0     
       Src Latency:+       0            0     
       Net Latency:+       0 (I)        0 (I) 
           Arrival:=   10000            0     
                                              
             Setup:-     225                  
     Required Time:=    9775                  
      Launch Clock:-       0                  
         Data Path:-    2488                  
             Slack:=    7288                  

#---------------------------------------------------------------------------------------------
#    Timing Point     Flags    Arc   Edge   Cell     Fanout Load Trans Delay Arrival Instance 
#                                                           (fF)  (ps)  (ps)   (ps)  Location 
#---------------------------------------------------------------------------------------------
  ack_q_reg[5]/CK     -       -      R     (arrival)     75    -     0     0       0    (-,-) 
  ack_q_reg[5]/Q      -       CK->Q  R     DFFRHQX1       2  3.5   104   219     219    (-,-) 
  g5677/Y             -       A->Y   F     INVX1          2  7.9    55    43     262    (-,-) 
  g5588__7098/Y       -       A0->Y  R     AOI21X1        3 12.0   224   152     413    (-,-) 
  g5557__6417/Y       -       A->Y   F     NAND2X1        2  8.7    88    57     470    (-,-) 
  g5550__6161/Y       -       B->Y   R     NOR2X1         2  8.1   153   118     588    (-,-) 
  g5543__5122/Y       -       A->Y   F     NAND2X1        2  4.8    60    40     628    (-,-) 
  g5537__3680/Y       -       A1N->Y F     OAI2BB1X1      9 37.5   203   226     854    (-,-) 
  g5536/Y             -       A->Y   R     INVX1          5 21.9   214   171    1025    (-,-) 
  g5533__4319/Y       -       A0->Y  F     AOI22X1        2  7.0   146    59    1084    (-,-) 
  g5526__6417/Y       -       A1N->Y F     OAI2BB2X1      6 24.9   179   214    1298    (-,-) 
  g5524/Y             -       A->Y   R     INVX1          4 17.0   174   140    1439    (-,-) 
  g5514__6131/Y       -       A0->Y  F     AOI22X1        2  7.1   154    58    1496    (-,-) 
  g5497__6260/Y       -       A0N->Y F     AOI2BB2X1      6 20.2   150   241    1738    (-,-) 
  g5495/Y             -       A->Y   R     INVX1          4 15.0   156   123    1860    (-,-) 
  g5492__6417/Y       -       B0->Y  F     OAI21XL        1  4.7    89    71    1931    (-,-) 
  g5487__2346/Y       -       A0->Y  R     AOI21X1        1  4.5   141   106    2038    (-,-) 
  g5485__2883/Y       -       B0->Y  F     AOI21X1        2  7.0   109    50    2088    (-,-) 
  g5483__9945/Y       -       A1N->Y F     OAI2BB2X1      5 20.1   140   190    2278    (-,-) 
  g5480__4733/Y       -       A->Y   R     NOR2X1         4 12.8   211   152    2429    (-,-) 
  g5467__6783/Y       -       A0->Y  F     AOI21XL        1  1.9    78    58    2488    (-,-) 
  pending_q_reg[13]/D -       -      F     DFFRHQX1       1    -     -     0    2488    (-,-) 
#---------------------------------------------------------------------------------------------



Path 11: MET (7288 ps) Setup Check with Pin pending_q_reg[11]/CK->D
          Group: clk
     Startpoint: (R) ack_q_reg[5]/CK
          Clock: (R) clk
       Endpoint: (F) pending_q_reg[11]/D
          Clock: (R) clk

                     Capture       Launch     
        Clock Edge:+   10000            0     
       Src Latency:+       0            0     
       Net Latency:+       0 (I)        0 (I) 
           Arrival:=   10000            0     
                                              
             Setup:-     225                  
     Required Time:=    9775                  
      Launch Clock:-       0                  
         Data Path:-    2488                  
             Slack:=    7288                  

#---------------------------------------------------------------------------------------------
#    Timing Point     Flags    Arc   Edge   Cell     Fanout Load Trans Delay Arrival Instance 
#                                                           (fF)  (ps)  (ps)   (ps)  Location 
#---------------------------------------------------------------------------------------------
  ack_q_reg[5]/CK     -       -      R     (arrival)     75    -     0     0       0    (-,-) 
  ack_q_reg[5]/Q      -       CK->Q  R     DFFRHQX1       2  3.5   104   219     219    (-,-) 
  g5677/Y             -       A->Y   F     INVX1          2  7.9    55    43     262    (-,-) 
  g5588__7098/Y       -       A0->Y  R     AOI21X1        3 12.0   224   152     413    (-,-) 
  g5557__6417/Y       -       A->Y   F     NAND2X1        2  8.7    88    57     470    (-,-) 
  g5550__6161/Y       -       B->Y   R     NOR2X1         2  8.1   153   118     588    (-,-) 
  g5543__5122/Y       -       A->Y   F     NAND2X1        2  4.8    60    40     628    (-,-) 
  g5537__3680/Y       -       A1N->Y F     OAI2BB1X1      9 37.5   203   226     854    (-,-) 
  g5536/Y             -       A->Y   R     INVX1          5 21.9   214   171    1025    (-,-) 
  g5533__4319/Y       -       A0->Y  F     AOI22X1        2  7.0   146    59    1084    (-,-) 
  g5526__6417/Y       -       A1N->Y F     OAI2BB2X1      6 24.9   179   214    1298    (-,-) 
  g5524/Y             -       A->Y   R     INVX1          4 17.0   174   140    1439    (-,-) 
  g5514__6131/Y       -       A0->Y  F     AOI22X1        2  7.1   154    58    1496    (-,-) 
  g5497__6260/Y       -       A0N->Y F     AOI2BB2X1      6 20.2   150   241    1738    (-,-) 
  g5495/Y             -       A->Y   R     INVX1          4 15.0   156   123    1860    (-,-) 
  g5492__6417/Y       -       B0->Y  F     OAI21XL        1  4.7    89    71    1931    (-,-) 
  g5487__2346/Y       -       A0->Y  R     AOI21X1        1  4.5   141   106    2038    (-,-) 
  g5485__2883/Y       -       B0->Y  F     AOI21X1        2  7.0   109    50    2088    (-,-) 
  g5483__9945/Y       -       A1N->Y F     OAI2BB2X1      5 20.1   140   190    2278    (-,-) 
  g5482__9315/Y       -       A->Y   R     NOR2X1         4 12.8   211   152    2429    (-,-) 
  g5461__8246/Y       -       A0->Y  F     AOI21XL        1  1.9    78    58    2488    (-,-) 
  pending_q_reg[11]/D -       -      F     DFFRHQX1       1    -     -     0    2488    (-,-) 
#---------------------------------------------------------------------------------------------



Path 12: MET (7288 ps) Setup Check with Pin pending_q_reg[9]/CK->D
          Group: clk
     Startpoint: (R) ack_q_reg[5]/CK
          Clock: (R) clk
       Endpoint: (F) pending_q_reg[9]/D
          Clock: (R) clk

                     Capture       Launch     
        Clock Edge:+   10000            0     
       Src Latency:+       0            0     
       Net Latency:+       0 (I)        0 (I) 
           Arrival:=   10000            0     
                                              
             Setup:-     225                  
     Required Time:=    9775                  
      Launch Clock:-       0                  
         Data Path:-    2488                  
             Slack:=    7288                  

#--------------------------------------------------------------------------------------------
#   Timing Point     Flags    Arc   Edge   Cell     Fanout Load Trans Delay Arrival Instance 
#                                                          (fF)  (ps)  (ps)   (ps)  Location 
#--------------------------------------------------------------------------------------------
  ack_q_reg[5]/CK    -       -      R     (arrival)     75    -     0     0       0    (-,-) 
  ack_q_reg[5]/Q     -       CK->Q  R     DFFRHQX1       2  3.5   104   219     219    (-,-) 
  g5677/Y            -       A->Y   F     INVX1          2  7.9    55    43     262    (-,-) 
  g5588__7098/Y      -       A0->Y  R     AOI21X1        3 12.0   224   152     413    (-,-) 
  g5557__6417/Y      -       A->Y   F     NAND2X1        2  8.7    88    57     470    (-,-) 
  g5550__6161/Y      -       B->Y   R     NOR2X1         2  8.1   153   118     588    (-,-) 
  g5543__5122/Y      -       A->Y   F     NAND2X1        2  4.8    60    40     628    (-,-) 
  g5537__3680/Y      -       A1N->Y F     OAI2BB1X1      9 37.5   203   226     854    (-,-) 
  g5536/Y            -       A->Y   R     INVX1          5 21.9   214   171    1025    (-,-) 
  g5533__4319/Y      -       A0->Y  F     AOI22X1        2  7.0   146    59    1084    (-,-) 
  g5526__6417/Y      -       A1N->Y F     OAI2BB2X1      6 24.9   179   214    1298    (-,-) 
  g5524/Y            -       A->Y   R     INVX1          4 17.0   174   140    1439    (-,-) 
  g5514__6131/Y      -       A0->Y  F     AOI22X1        2  7.1   154    58    1496    (-,-) 
  g5497__6260/Y      -       A0N->Y F     AOI2BB2X1      6 20.2   150   241    1738    (-,-) 
  g5495/Y            -       A->Y   R     INVX1          4 15.0   156   123    1860    (-,-) 
  g5492__6417/Y      -       B0->Y  F     OAI21XL        1  4.7    89    71    1931    (-,-) 
  g5487__2346/Y      -       A0->Y  R     AOI21X1        1  4.5   141   106    2038    (-,-) 
  g5485__2883/Y      -       B0->Y  F     AOI21X1        2  7.0   109    50    2088    (-,-) 
  g5483__9945/Y      -       A1N->Y F     OAI2BB2X1      5 20.1   140   190    2278    (-,-) 
  g5480__4733/Y      -       A->Y   R     NOR2X1         4 12.8   211   152    2429    (-,-) 
  g5463__6131/Y      -       A0->Y  F     AOI21XL        1  1.9    78    58    2488    (-,-) 
  pending_q_reg[9]/D -       -      F     DFFRHQX1       1    -     -     0    2488    (-,-) 
#--------------------------------------------------------------------------------------------



Path 13: MET (7288 ps) Setup Check with Pin pending_q_reg[7]/CK->D
          Group: clk
     Startpoint: (R) ack_q_reg[5]/CK
          Clock: (R) clk
       Endpoint: (F) pending_q_reg[7]/D
          Clock: (R) clk

                     Capture       Launch     
        Clock Edge:+   10000            0     
       Src Latency:+       0            0     
       Net Latency:+       0 (I)        0 (I) 
           Arrival:=   10000            0     
                                              
             Setup:-     225                  
     Required Time:=    9775                  
      Launch Clock:-       0                  
         Data Path:-    2488                  
             Slack:=    7288                  

#--------------------------------------------------------------------------------------------
#   Timing Point     Flags    Arc   Edge   Cell     Fanout Load Trans Delay Arrival Instance 
#                                                          (fF)  (ps)  (ps)   (ps)  Location 
#--------------------------------------------------------------------------------------------
  ack_q_reg[5]/CK    -       -      R     (arrival)     75    -     0     0       0    (-,-) 
  ack_q_reg[5]/Q     -       CK->Q  R     DFFRHQX1       2  3.5   104   219     219    (-,-) 
  g5677/Y            -       A->Y   F     INVX1          2  7.9    55    43     262    (-,-) 
  g5588__7098/Y      -       A0->Y  R     AOI21X1        3 12.0   224   152     413    (-,-) 
  g5557__6417/Y      -       A->Y   F     NAND2X1        2  8.7    88    57     470    (-,-) 
  g5550__6161/Y      -       B->Y   R     NOR2X1         2  8.1   153   118     588    (-,-) 
  g5543__5122/Y      -       A->Y   F     NAND2X1        2  4.8    60    40     628    (-,-) 
  g5537__3680/Y      -       A1N->Y F     OAI2BB1X1      9 37.5   203   226     854    (-,-) 
  g5536/Y            -       A->Y   R     INVX1          5 21.9   214   171    1025    (-,-) 
  g5533__4319/Y      -       A0->Y  F     AOI22X1        2  7.0   146    59    1084    (-,-) 
  g5526__6417/Y      -       A1N->Y F     OAI2BB2X1      6 24.9   179   214    1298    (-,-) 
  g5524/Y            -       A->Y   R     INVX1          4 17.0   174   140    1439    (-,-) 
  g5514__6131/Y      -       A0->Y  F     AOI22X1        2  7.1   154    58    1496    (-,-) 
  g5497__6260/Y      -       A0N->Y F     AOI2BB2X1      6 20.2   150   241    1738    (-,-) 
  g5495/Y            -       A->Y   R     INVX1          4 15.0   156   123    1860    (-,-) 
  g5492__6417/Y      -       B0->Y  F     OAI21XL        1  4.7    89    71    1931    (-,-) 
  g5487__2346/Y      -       A0->Y  R     AOI21X1        1  4.5   141   106    2038    (-,-) 
  g5485__2883/Y      -       B0->Y  F     AOI21X1        2  7.0   109    50    2088    (-,-) 
  g5483__9945/Y      -       A1N->Y F     OAI2BB2X1      5 20.1   140   190    2278    (-,-) 
  g5482__9315/Y      -       A->Y   R     NOR2X1         4 12.8   211   152    2429    (-,-) 
  g5476__5107/Y      -       A0->Y  F     AOI21XL        1  1.9    78    58    2488    (-,-) 
  pending_q_reg[7]/D -       -      F     DFFRHQX1       1    -     -     0    2488    (-,-) 
#--------------------------------------------------------------------------------------------



Path 14: MET (7288 ps) Setup Check with Pin pending_q_reg[5]/CK->D
          Group: clk
     Startpoint: (R) ack_q_reg[5]/CK
          Clock: (R) clk
       Endpoint: (F) pending_q_reg[5]/D
          Clock: (R) clk

                     Capture       Launch     
        Clock Edge:+   10000            0     
       Src Latency:+       0            0     
       Net Latency:+       0 (I)        0 (I) 
           Arrival:=   10000            0     
                                              
             Setup:-     225                  
     Required Time:=    9775                  
      Launch Clock:-       0                  
         Data Path:-    2488                  
             Slack:=    7288                  

#--------------------------------------------------------------------------------------------
#   Timing Point     Flags    Arc   Edge   Cell     Fanout Load Trans Delay Arrival Instance 
#                                                          (fF)  (ps)  (ps)   (ps)  Location 
#--------------------------------------------------------------------------------------------
  ack_q_reg[5]/CK    -       -      R     (arrival)     75    -     0     0       0    (-,-) 
  ack_q_reg[5]/Q     -       CK->Q  R     DFFRHQX1       2  3.5   104   219     219    (-,-) 
  g5677/Y            -       A->Y   F     INVX1          2  7.9    55    43     262    (-,-) 
  g5588__7098/Y      -       A0->Y  R     AOI21X1        3 12.0   224   152     413    (-,-) 
  g5557__6417/Y      -       A->Y   F     NAND2X1        2  8.7    88    57     470    (-,-) 
  g5550__6161/Y      -       B->Y   R     NOR2X1         2  8.1   153   118     588    (-,-) 
  g5543__5122/Y      -       A->Y   F     NAND2X1        2  4.8    60    40     628    (-,-) 
  g5537__3680/Y      -       A1N->Y F     OAI2BB1X1      9 37.5   203   226     854    (-,-) 
  g5536/Y            -       A->Y   R     INVX1          5 21.9   214   171    1025    (-,-) 
  g5533__4319/Y      -       A0->Y  F     AOI22X1        2  7.0   146    59    1084    (-,-) 
  g5526__6417/Y      -       A1N->Y F     OAI2BB2X1      6 24.9   179   214    1298    (-,-) 
  g5524/Y            -       A->Y   R     INVX1          4 17.0   174   140    1439    (-,-) 
  g5514__6131/Y      -       A0->Y  F     AOI22X1        2  7.1   154    58    1496    (-,-) 
  g5497__6260/Y      -       A0N->Y F     AOI2BB2X1      6 20.2   150   241    1738    (-,-) 
  g5495/Y            -       A->Y   R     INVX1          4 15.0   156   123    1860    (-,-) 
  g5492__6417/Y      -       B0->Y  F     OAI21XL        1  4.7    89    71    1931    (-,-) 
  g5487__2346/Y      -       A0->Y  R     AOI21X1        1  4.5   141   106    2038    (-,-) 
  g5485__2883/Y      -       B0->Y  F     AOI21X1        2  7.0   109    50    2088    (-,-) 
  g5483__9945/Y      -       A1N->Y F     OAI2BB2X1      5 20.1   140   190    2278    (-,-) 
  g5480__4733/Y      -       A->Y   R     NOR2X1         4 12.8   211   152    2429    (-,-) 
  g5469__3680/Y      -       A0->Y  F     AOI21XL        1  1.9    78    58    2488    (-,-) 
  pending_q_reg[5]/D -       -      F     DFFRHQX1       1    -     -     0    2488    (-,-) 
#--------------------------------------------------------------------------------------------



Path 15: MET (7288 ps) Setup Check with Pin pending_q_reg[3]/CK->D
          Group: clk
     Startpoint: (R) ack_q_reg[5]/CK
          Clock: (R) clk
       Endpoint: (F) pending_q_reg[3]/D
          Clock: (R) clk

                     Capture       Launch     
        Clock Edge:+   10000            0     
       Src Latency:+       0            0     
       Net Latency:+       0 (I)        0 (I) 
           Arrival:=   10000            0     
                                              
             Setup:-     225                  
     Required Time:=    9775                  
      Launch Clock:-       0                  
         Data Path:-    2488                  
             Slack:=    7288                  

#--------------------------------------------------------------------------------------------
#   Timing Point     Flags    Arc   Edge   Cell     Fanout Load Trans Delay Arrival Instance 
#                                                          (fF)  (ps)  (ps)   (ps)  Location 
#--------------------------------------------------------------------------------------------
  ack_q_reg[5]/CK    -       -      R     (arrival)     75    -     0     0       0    (-,-) 
  ack_q_reg[5]/Q     -       CK->Q  R     DFFRHQX1       2  3.5   104   219     219    (-,-) 
  g5677/Y            -       A->Y   F     INVX1          2  7.9    55    43     262    (-,-) 
  g5588__7098/Y      -       A0->Y  R     AOI21X1        3 12.0   224   152     413    (-,-) 
  g5557__6417/Y      -       A->Y   F     NAND2X1        2  8.7    88    57     470    (-,-) 
  g5550__6161/Y      -       B->Y   R     NOR2X1         2  8.1   153   118     588    (-,-) 
  g5543__5122/Y      -       A->Y   F     NAND2X1        2  4.8    60    40     628    (-,-) 
  g5537__3680/Y      -       A1N->Y F     OAI2BB1X1      9 37.5   203   226     854    (-,-) 
  g5536/Y            -       A->Y   R     INVX1          5 21.9   214   171    1025    (-,-) 
  g5533__4319/Y      -       A0->Y  F     AOI22X1        2  7.0   146    59    1084    (-,-) 
  g5526__6417/Y      -       A1N->Y F     OAI2BB2X1      6 24.9   179   214    1298    (-,-) 
  g5524/Y            -       A->Y   R     INVX1          4 17.0   174   140    1439    (-,-) 
  g5514__6131/Y      -       A0->Y  F     AOI22X1        2  7.1   154    58    1496    (-,-) 
  g5497__6260/Y      -       A0N->Y F     AOI2BB2X1      6 20.2   150   241    1738    (-,-) 
  g5495/Y            -       A->Y   R     INVX1          4 15.0   156   123    1860    (-,-) 
  g5492__6417/Y      -       B0->Y  F     OAI21XL        1  4.7    89    71    1931    (-,-) 
  g5487__2346/Y      -       A0->Y  R     AOI21X1        1  4.5   141   106    2038    (-,-) 
  g5485__2883/Y      -       B0->Y  F     AOI21X1        2  7.0   109    50    2088    (-,-) 
  g5483__9945/Y      -       A1N->Y F     OAI2BB2X1      5 20.1   140   190    2278    (-,-) 
  g5482__9315/Y      -       A->Y   R     NOR2X1         4 12.8   211   152    2429    (-,-) 
  g5472__5122/Y      -       A0->Y  F     AOI21XL        1  1.9    78    58    2488    (-,-) 
  pending_q_reg[3]/D -       -      F     DFFRHQX1       1    -     -     0    2488    (-,-) 
#--------------------------------------------------------------------------------------------



Path 16: MET (7288 ps) Setup Check with Pin pending_q_reg[1]/CK->D
          Group: clk
     Startpoint: (R) ack_q_reg[5]/CK
          Clock: (R) clk
       Endpoint: (F) pending_q_reg[1]/D
          Clock: (R) clk

                     Capture       Launch     
        Clock Edge:+   10000            0     
       Src Latency:+       0            0     
       Net Latency:+       0 (I)        0 (I) 
           Arrival:=   10000            0     
                                              
             Setup:-     225                  
     Required Time:=    9775                  
      Launch Clock:-       0                  
         Data Path:-    2488                  
             Slack:=    7288                  

#--------------------------------------------------------------------------------------------
#   Timing Point     Flags    Arc   Edge   Cell     Fanout Load Trans Delay Arrival Instance 
#                                                          (fF)  (ps)  (ps)   (ps)  Location 
#--------------------------------------------------------------------------------------------
  ack_q_reg[5]/CK    -       -      R     (arrival)     75    -     0     0       0    (-,-) 
  ack_q_reg[5]/Q     -       CK->Q  R     DFFRHQX1       2  3.5   104   219     219    (-,-) 
  g5677/Y            -       A->Y   F     INVX1          2  7.9    55    43     262    (-,-) 
  g5588__7098/Y      -       A0->Y  R     AOI21X1        3 12.0   224   152     413    (-,-) 
  g5557__6417/Y      -       A->Y   F     NAND2X1        2  8.7    88    57     470    (-,-) 
  g5550__6161/Y      -       B->Y   R     NOR2X1         2  8.1   153   118     588    (-,-) 
  g5543__5122/Y      -       A->Y   F     NAND2X1        2  4.8    60    40     628    (-,-) 
  g5537__3680/Y      -       A1N->Y F     OAI2BB1X1      9 37.5   203   226     854    (-,-) 
  g5536/Y            -       A->Y   R     INVX1          5 21.9   214   171    1025    (-,-) 
  g5533__4319/Y      -       A0->Y  F     AOI22X1        2  7.0   146    59    1084    (-,-) 
  g5526__6417/Y      -       A1N->Y F     OAI2BB2X1      6 24.9   179   214    1298    (-,-) 
  g5524/Y            -       A->Y   R     INVX1          4 17.0   174   140    1439    (-,-) 
  g5514__6131/Y      -       A0->Y  F     AOI22X1        2  7.1   154    58    1496    (-,-) 
  g5497__6260/Y      -       A0N->Y F     AOI2BB2X1      6 20.2   150   241    1738    (-,-) 
  g5495/Y            -       A->Y   R     INVX1          4 15.0   156   123    1860    (-,-) 
  g5492__6417/Y      -       B0->Y  F     OAI21XL        1  4.7    89    71    1931    (-,-) 
  g5487__2346/Y      -       A0->Y  R     AOI21X1        1  4.5   141   106    2038    (-,-) 
  g5485__2883/Y      -       B0->Y  F     AOI21X1        2  7.0   109    50    2088    (-,-) 
  g5483__9945/Y      -       A1N->Y F     OAI2BB2X1      5 20.1   140   190    2278    (-,-) 
  g5480__4733/Y      -       A->Y   R     NOR2X1         4 12.8   211   152    2429    (-,-) 
  g5473__7098/Y      -       A0->Y  F     AOI21XL        1  1.9    78    58    2488    (-,-) 
  pending_q_reg[1]/D -       -      F     DFFRHQX1       1    -     -     0    2488    (-,-) 
#--------------------------------------------------------------------------------------------



Path 17: MET (7405 ps) Setup Check with Pin out_addr_q_reg[0]/CK->D
          Group: clk
     Startpoint: (R) ack_q_reg[5]/CK
          Clock: (R) clk
       Endpoint: (F) out_addr_q_reg[0]/D
          Clock: (R) clk

                     Capture       Launch     
        Clock Edge:+   10000            0     
       Src Latency:+       0            0     
       Net Latency:+       0 (I)        0 (I) 
           Arrival:=   10000            0     
                                              
             Setup:-     233                  
     Required Time:=    9767                  
      Launch Clock:-       0                  
         Data Path:-    2362                  
             Slack:=    7405                  

#---------------------------------------------------------------------------------------------
#    Timing Point     Flags    Arc   Edge   Cell     Fanout Load Trans Delay Arrival Instance 
#                                                           (fF)  (ps)  (ps)   (ps)  Location 
#---------------------------------------------------------------------------------------------
  ack_q_reg[5]/CK     -       -      R     (arrival)     75    -     0     0       0    (-,-) 
  ack_q_reg[5]/Q      -       CK->Q  R     DFFRHQX1       2  3.5   104   219     219    (-,-) 
  g5677/Y             -       A->Y   F     INVX1          2  7.9    55    43     262    (-,-) 
  g5588__7098/Y       -       A0->Y  R     AOI21X1        3 12.0   224   152     413    (-,-) 
  g5557__6417/Y       -       A->Y   F     NAND2X1        2  8.7    88    57     470    (-,-) 
  g5550__6161/Y       -       B->Y   R     NOR2X1         2  8.1   153   118     588    (-,-) 
  g5543__5122/Y       -       A->Y   F     NAND2X1        2  4.8    60    40     628    (-,-) 
  g5537__3680/Y       -       A1N->Y F     OAI2BB1X1      9 37.5   203   226     854    (-,-) 
  g5536/Y             -       A->Y   R     INVX1          5 21.9   214   171    1025    (-,-) 
  g5533__4319/Y       -       A0->Y  F     AOI22X1        2  7.0   146    59    1084    (-,-) 
  g5526__6417/Y       -       B0->Y  R     OAI2BB2X1      6 24.9   397   266    1350    (-,-) 
  g5524/Y             -       A->Y   F     INVX1          4 17.0   144    98    1448    (-,-) 
  g5514__6131/Y       -       A0->Y  R     AOI22X1        2  7.1   200   136    1584    (-,-) 
  g5497__6260/Y       -       A0N->Y R     AOI2BB2X1      6 20.2   327   194    1778    (-,-) 
  g5495/Y             -       A->Y   F     INVX1          4 15.0   121    82    1860    (-,-) 
  g5492__6417/Y       -       B0->Y  R     OAI21XL        1  4.7   181    89    1949    (-,-) 
  g5487__2346/Y       -       A0->Y  F     AOI21X1        1  4.5   109    58    2007    (-,-) 
  g5485__2883/Y       -       B0->Y  R     AOI21X1        2  7.0   171   122    2128    (-,-) 
  g5483__9945/Y       -       A1N->Y R     OAI2BB2X1      5 20.1   339   200    2328    (-,-) 
  g5478__5115/Y       -       B0->Y  F     OAI2BB2X1      1  1.9   122    34    2362    (-,-) 
  out_addr_q_reg[0]/D -       -      F     DFFRHQX1       1    -     -     0    2362    (-,-) 
#---------------------------------------------------------------------------------------------



Path 18: MET (7867 ps) Setup Check with Pin out_addr_q_reg[1]/CK->D
          Group: clk
     Startpoint: (R) ack_q_reg[5]/CK
          Clock: (R) clk
       Endpoint: (F) out_addr_q_reg[1]/D
          Clock: (R) clk

                     Capture       Launch     
        Clock Edge:+   10000            0     
       Src Latency:+       0            0     
       Net Latency:+       0 (I)        0 (I) 
           Arrival:=   10000            0     
                                              
             Setup:-     233                  
     Required Time:=    9767                  
      Launch Clock:-       0                  
         Data Path:-    1900                  
             Slack:=    7867                  

#---------------------------------------------------------------------------------------------
#    Timing Point     Flags    Arc   Edge   Cell     Fanout Load Trans Delay Arrival Instance 
#                                                           (fF)  (ps)  (ps)   (ps)  Location 
#---------------------------------------------------------------------------------------------
  ack_q_reg[5]/CK     -       -      R     (arrival)     75    -     0     0       0    (-,-) 
  ack_q_reg[5]/Q      -       CK->Q  R     DFFRHQX1       2  3.5   104   219     219    (-,-) 
  g5677/Y             -       A->Y   F     INVX1          2  7.9    55    43     262    (-,-) 
  g5588__7098/Y       -       A0->Y  R     AOI21X1        3 12.0   224   152     413    (-,-) 
  g5557__6417/Y       -       A->Y   F     NAND2X1        2  8.7    88    57     470    (-,-) 
  g5550__6161/Y       -       B->Y   R     NOR2X1         2  8.1   153   118     588    (-,-) 
  g5543__5122/Y       -       A->Y   F     NAND2X1        2  4.8    60    40     628    (-,-) 
  g5537__3680/Y       -       A1N->Y F     OAI2BB1X1      9 37.5   203   226     854    (-,-) 
  g5536/Y             -       A->Y   R     INVX1          5 21.9   214   171    1025    (-,-) 
  g5533__4319/Y       -       A0->Y  F     AOI22X1        2  7.0   146    59    1084    (-,-) 
  g5526__6417/Y       -       A1N->Y F     OAI2BB2X1      6 24.9   179   214    1298    (-,-) 
  g5524/Y             -       A->Y   R     INVX1          4 17.0   174   140    1439    (-,-) 
  g5514__6131/Y       -       A0->Y  F     AOI22X1        2  7.1   154    58    1496    (-,-) 
  g5497__6260/Y       -       A0N->Y F     AOI2BB2X1      6 20.2   150   241    1738    (-,-) 
  g5495/Y             -       A->Y   R     INVX1          4 15.0   156   123    1860    (-,-) 
  g5490__7410/Y       -       B0->Y  F     OAI2BB2X1      1  1.9   122    40    1900    (-,-) 
  out_addr_q_reg[1]/D -       -      F     DFFRHQX1       1    -     -     0    1900    (-,-) 
#---------------------------------------------------------------------------------------------



Path 19: MET (8039 ps) Setup Check with Pin epoch_bin_q_reg[2]/CK->D
          Group: clk
     Startpoint: (R) out_ready
          Clock: (R) clk
       Endpoint: (F) epoch_bin_q_reg[2]/D
          Clock: (R) clk

                     Capture       Launch     
        Clock Edge:+   10000            0     
        Drv Adjust:+       0            0     
       Src Latency:+       0            0     
       Net Latency:+       0 (I)        0 (I) 
           Arrival:=   10000            0     
                                              
             Setup:-     223                  
     Required Time:=    9777                  
      Launch Clock:-       0                  
       Input Delay:-    1000                  
         Data Path:-     738                  
             Slack:=    8039                  

Exceptions/Constraints:
  input_delay             1000            in_del   

#---------------------------------------------------------------------------------------------
#    Timing Point      Flags   Arc   Edge   Cell     Fanout Load Trans Delay Arrival Instance 
#                                                           (fF)  (ps)  (ps)   (ps)  Location 
#---------------------------------------------------------------------------------------------
  out_ready            -       -     R     (arrival)      1  2.2     0     0    1000    (-,-) 
  g5663__1617/Y        -       AN->Y R     NAND2BX1       4 13.9   163   125    1125    (-,-) 
  g5539__1617/Y        -       B0->Y F     OAI21XL       10 32.7   275   197    1322    (-,-) 
  g5538/Y              -       A->Y  R     INVX1          2  5.8    99   101    1423    (-,-) 
  g5534__5526/Y        -       A->Y  R     AND2X2         3 10.8    78   108    1531    (-,-) 
  g5525__5477/Y        -       A->Y  F     NAND2X1        3 10.7   104    56    1587    (-,-) 
  g5501__7410/Y        -       A->Y  R     NOR2X1         3  8.7   161   116    1703    (-,-) 
  g5496__2883/Y        -       B0->Y F     AOI21XL        1  1.9    66    35    1738    (-,-) 
  epoch_bin_q_reg[2]/D -       -     F     DFFRHQX1       1    -     -     0    1738    (-,-) 
#---------------------------------------------------------------------------------------------



Path 20: MET (8096 ps) Setup Check with Pin epoch_bin_q_reg[1]/CK->D
          Group: clk
     Startpoint: (R) out_ready
          Clock: (R) clk
       Endpoint: (F) epoch_bin_q_reg[1]/D
          Clock: (R) clk

                     Capture       Launch     
        Clock Edge:+   10000            0     
        Drv Adjust:+       0            0     
       Src Latency:+       0            0     
       Net Latency:+       0 (I)        0 (I) 
           Arrival:=   10000            0     
                                              
             Setup:-     218                  
     Required Time:=    9782                  
      Launch Clock:-       0                  
       Input Delay:-    1000                  
         Data Path:-     686                  
             Slack:=    8096                  

Exceptions/Constraints:
  input_delay             1000            in_del   

#---------------------------------------------------------------------------------------------
#    Timing Point      Flags   Arc   Edge   Cell     Fanout Load Trans Delay Arrival Instance 
#                                                           (fF)  (ps)  (ps)   (ps)  Location 
#---------------------------------------------------------------------------------------------
  out_ready            -       -     R     (arrival)      1  2.2     0     0    1000    (-,-) 
  g5663__1617/Y        -       AN->Y R     NAND2BX1       4 13.9   163   125    1125    (-,-) 
  g5539__1617/Y        -       B0->Y F     OAI21XL       10 32.7   275   197    1322    (-,-) 
  g5538/Y              -       A->Y  R     INVX1          2  5.8    99   101    1423    (-,-) 
  g5534__5526/Y        -       A->Y  R     AND2X2         3 10.8    78   108    1531    (-,-) 
  g5525__5477/Y        -       A->Y  F     NAND2X1        3 10.7   104    56    1587    (-,-) 
  g5519__1666/Y        -       B0->Y R     OAI21XL        1  2.7   149    73    1660    (-,-) 
  g5509/Y              -       A->Y  F     INVXL          1  1.9    44    26    1686    (-,-) 
  epoch_bin_q_reg[1]/D -       -     F     DFFRHQX1       1    -     -     0    1686    (-,-) 
#---------------------------------------------------------------------------------------------



Path 21: MET (8129 ps) Setup Check with Pin epoch_bin_q_reg[3]/CK->K
          Group: clk
     Startpoint: (R) out_ready
          Clock: (R) clk
       Endpoint: (R) epoch_bin_q_reg[3]/K
          Clock: (R) clk

                     Capture       Launch     
        Clock Edge:+   10000            0     
        Drv Adjust:+       0            0     
       Src Latency:+       0            0     
       Net Latency:+       0 (I)        0 (I) 
           Arrival:=   10000            0     
                                              
             Setup:-     168                  
     Required Time:=    9832                  
      Launch Clock:-       0                  
       Input Delay:-    1000                  
         Data Path:-     703                  
             Slack:=    8129                  

Exceptions/Constraints:
  input_delay             1000            in_del   

#---------------------------------------------------------------------------------------------
#    Timing Point      Flags   Arc   Edge   Cell     Fanout Load Trans Delay Arrival Instance 
#                                                           (fF)  (ps)  (ps)   (ps)  Location 
#---------------------------------------------------------------------------------------------
  out_ready            -       -     R     (arrival)      1  2.2     0     0    1000    (-,-) 
  g5663__1617/Y        -       AN->Y R     NAND2BX1       4 13.9   163   125    1125    (-,-) 
  g5539__1617/Y        -       B0->Y F     OAI21XL       10 32.7   275   197    1322    (-,-) 
  g5538/Y              -       A->Y  R     INVX1          2  5.8    99   101    1423    (-,-) 
  g5534__5526/Y        -       A->Y  R     AND2X2         3 10.8    78   108    1531    (-,-) 
  g5525__5477/Y        -       A->Y  F     NAND2X1        3 10.7   104    56    1587    (-,-) 
  g5501__7410/Y        -       A->Y  R     NOR2X1         3  8.7   161   116    1703    (-,-) 
  epoch_bin_q_reg[3]/K -       -     R     JKFFRXL        3    -     -     0    1703    (-,-) 
#---------------------------------------------------------------------------------------------



Path 22: MET (8174 ps) Setup Check with Pin epoch_bin_q_reg[3]/CK->J
          Group: clk
     Startpoint: (R) out_ready
          Clock: (R) clk
       Endpoint: (R) epoch_bin_q_reg[3]/J
          Clock: (R) clk

                     Capture       Launch     
        Clock Edge:+   10000            0     
        Drv Adjust:+       0            0     
       Src Latency:+       0            0     
       Net Latency:+       0 (I)        0 (I) 
           Arrival:=   10000            0     
                                              
             Setup:-     123                  
     Required Time:=    9877                  
      Launch Clock:-       0                  
       Input Delay:-    1000                  
         Data Path:-     703                  
             Slack:=    8174                  

Exceptions/Constraints:
  input_delay             1000            in_del   

#---------------------------------------------------------------------------------------------
#    Timing Point      Flags   Arc   Edge   Cell     Fanout Load Trans Delay Arrival Instance 
#                                                           (fF)  (ps)  (ps)   (ps)  Location 
#---------------------------------------------------------------------------------------------
  out_ready            -       -     R     (arrival)      1  2.2     0     0    1000    (-,-) 
  g5663__1617/Y        -       AN->Y R     NAND2BX1       4 13.9   163   125    1125    (-,-) 
  g5539__1617/Y        -       B0->Y F     OAI21XL       10 32.7   275   197    1322    (-,-) 
  g5538/Y              -       A->Y  R     INVX1          2  5.8    99   101    1423    (-,-) 
  g5534__5526/Y        -       A->Y  R     AND2X2         3 10.8    78   108    1531    (-,-) 
  g5525__5477/Y        -       A->Y  F     NAND2X1        3 10.7   104    56    1587    (-,-) 
  g5501__7410/Y        -       A->Y  R     NOR2X1         3  8.7   161   116    1703    (-,-) 
  epoch_bin_q_reg[3]/J -       -     R     JKFFRXL        3    -     -     0    1703    (-,-) 
#---------------------------------------------------------------------------------------------



Path 23: MET (8211 ps) Setup Check with Pin epoch_bin_q_reg[0]/CK->D
          Group: clk
     Startpoint: (F) out_ready
          Clock: (R) clk
       Endpoint: (F) epoch_bin_q_reg[0]/D
          Clock: (R) clk

                     Capture       Launch     
        Clock Edge:+   10000            0     
        Drv Adjust:+       0            0     
       Src Latency:+       0            0     
       Net Latency:+       0 (I)        0 (I) 
           Arrival:=   10000            0     
                                              
             Setup:-     221                  
     Required Time:=    9779                  
      Launch Clock:-       0                  
       Input Delay:-    1000                  
         Data Path:-     568                  
             Slack:=    8211                  

Exceptions/Constraints:
  input_delay             1000            in_del   

#----------------------------------------------------------------------------------------------
#    Timing Point      Flags    Arc   Edge   Cell     Fanout Load Trans Delay Arrival Instance 
#                                                            (fF)  (ps)  (ps)   (ps)  Location 
#----------------------------------------------------------------------------------------------
  out_ready            -       -      F     (arrival)      1  2.2     0     0    1000    (-,-) 
  g5663__1617/Y        -       AN->Y  F     NAND2BX1       4 13.9    95   125    1125    (-,-) 
  g5539__1617/Y        -       B0->Y  R     OAI21XL       10 32.7   657   259    1384    (-,-) 
  g5538/Y              -       A->Y   F     INVX1          2  5.8   121    28    1412    (-,-) 
  g5528__2398/Y        -       A0N->Y F     AOI2BB1XL      1  1.9    56   156    1568    (-,-) 
  epoch_bin_q_reg[0]/D -       -      F     DFFRHQX1       1    -     -     0    1568    (-,-) 
#----------------------------------------------------------------------------------------------



Path 24: MET (8273 ps) Setup Check with Pin out_addr_q_reg[2]/CK->D
          Group: clk
     Startpoint: (R) out_ready
          Clock: (R) clk
       Endpoint: (F) out_addr_q_reg[2]/D
          Clock: (R) clk

                     Capture       Launch     
        Clock Edge:+   10000            0     
        Drv Adjust:+       0            0     
       Src Latency:+       0            0     
       Net Latency:+       0 (I)        0 (I) 
           Arrival:=   10000            0     
                                              
             Setup:-     233                  
     Required Time:=    9767                  
      Launch Clock:-       0                  
       Input Delay:-    1000                  
         Data Path:-     494                  
             Slack:=    8273                  

Exceptions/Constraints:
  input_delay             1000            in_del   

#---------------------------------------------------------------------------------------------
#    Timing Point     Flags    Arc   Edge   Cell     Fanout Load Trans Delay Arrival Instance 
#                                                           (fF)  (ps)  (ps)   (ps)  Location 
#---------------------------------------------------------------------------------------------
  out_ready           -       -      R     (arrival)      1  2.2     0     0    1000    (-,-) 
  g5663__1617/Y       -       AN->Y  R     NAND2BX1       4 13.9   163   125    1125    (-,-) 
  g5539__1617/Y       -       B0->Y  F     OAI21XL       10 32.7   275   197    1322    (-,-) 
  g5513__5115/Y       -       A1N->Y F     OAI2BB2X1      1  1.9   122   172    1494    (-,-) 
  out_addr_q_reg[2]/D -       -      F     DFFRHQX1       1    -     -     0    1494    (-,-) 
#---------------------------------------------------------------------------------------------



Path 25: MET (8281 ps) Setup Check with Pin out_addr_q_reg[3]/CK->D
          Group: clk
     Startpoint: (R) out_ready
          Clock: (R) clk
       Endpoint: (F) out_addr_q_reg[3]/D
          Clock: (R) clk

                     Capture       Launch     
        Clock Edge:+   10000            0     
        Drv Adjust:+       0            0     
       Src Latency:+       0            0     
       Net Latency:+       0 (I)        0 (I) 
           Arrival:=   10000            0     
                                              
             Setup:-     233                  
     Required Time:=    9767                  
      Launch Clock:-       0                  
       Input Delay:-    1000                  
         Data Path:-     487                  
             Slack:=    8281                  

Exceptions/Constraints:
  input_delay             1000            in_del   

#---------------------------------------------------------------------------------------------
#    Timing Point     Flags    Arc   Edge   Cell     Fanout Load Trans Delay Arrival Instance 
#                                                           (fF)  (ps)  (ps)   (ps)  Location 
#---------------------------------------------------------------------------------------------
  out_ready           -       -      R     (arrival)      1  2.2     0     0    1000    (-,-) 
  g5663__1617/Y       -       AN->Y  R     NAND2BX1       4 13.9   163   125    1125    (-,-) 
  g5539__1617/Y       -       B0->Y  F     OAI21XL       10 32.7   275   197    1322    (-,-) 
  g5532__8428/Y       -       A1N->Y F     OAI2BB2XL      1  1.9   118   164    1487    (-,-) 
  out_addr_q_reg[3]/D -       -      F     DFFRHQX1       1    -     -     0    1487    (-,-) 
#---------------------------------------------------------------------------------------------



Path 26: MET (8371 ps) Setup Check with Pin out_valid_q_reg/CK->D
          Group: clk
     Startpoint: (F) out_ready
          Clock: (R) clk
       Endpoint: (F) out_valid_q_reg/D
          Clock: (R) clk

                     Capture       Launch     
        Clock Edge:+   10000            0     
        Drv Adjust:+       0            0     
       Src Latency:+       0            0     
       Net Latency:+       0 (I)        0 (I) 
           Arrival:=   10000            0     
                                              
             Setup:-     232                  
     Required Time:=    9768                  
      Launch Clock:-       0                  
       Input Delay:-    1000                  
         Data Path:-     397                  
             Slack:=    8371                  

Exceptions/Constraints:
  input_delay             1000            in_del   

#------------------------------------------------------------------------------------------
#   Timing Point    Flags   Arc   Edge   Cell     Fanout Load Trans Delay Arrival Instance 
#                                                        (fF)  (ps)  (ps)   (ps)  Location 
#------------------------------------------------------------------------------------------
  out_ready         -       -     F     (arrival)      1  2.2     0     0    1000    (-,-) 
  g5663__1617/Y     -       AN->Y F     NAND2BX1       4 13.9    95   125    1125    (-,-) 
  g5539__1617/Y     -       B0->Y R     OAI21XL       10 32.7   657   259    1384    (-,-) 
  g5535__6783/Y     -       B->Y  F     NAND2XL        1  1.9   114    13    1397    (-,-) 
  out_valid_q_reg/D -       -     F     DFFRHQX1       1    -     -     0    1397    (-,-) 
#------------------------------------------------------------------------------------------



Path 27: MET (8778 ps) Late External Delay Assertion at pin out_valid
          Group: clk
     Startpoint: (R) out_valid_q_reg/CK
          Clock: (R) clk
       Endpoint: (R) out_valid
          Clock: (R) clk

                     Capture       Launch     
        Clock Edge:+   10000            0     
       Src Latency:+       0            0     
       Net Latency:+       0 (I)        0 (I) 
           Arrival:=   10000            0     
                                              
      Output Delay:-    1000                  
     Required Time:=    9000                  
      Launch Clock:-       0                  
         Data Path:-     222                  
             Slack:=    8778                  

Exceptions/Constraints:
  output_delay             1000            ou_del_20_1   

#-------------------------------------------------------------------------------------------
#   Timing Point     Flags   Arc   Edge   Cell     Fanout Load Trans Delay Arrival Instance 
#                                                         (fF)  (ps)  (ps)   (ps)  Location 
#-------------------------------------------------------------------------------------------
  out_valid_q_reg/CK -       -     R     (arrival)     75    -     0     0       0    (-,-) 
  out_valid_q_reg/Q  -       CK->Q R     DFFRHQX1       2  4.0   110   222     222    (-,-) 
  out_valid          -       -     R     (port)         -    -     -     0     222    (-,-) 
#-------------------------------------------------------------------------------------------



Path 28: MET (8781 ps) Late External Delay Assertion at pin src_ack_async[0]
          Group: clk
     Startpoint: (R) ack_q_reg[0]/CK
          Clock: (R) clk
       Endpoint: (R) src_ack_async[0]
          Clock: (R) clk

                     Capture       Launch     
        Clock Edge:+   10000            0     
       Src Latency:+       0            0     
       Net Latency:+       0 (I)        0 (I) 
           Arrival:=   10000            0     
                                              
      Output Delay:-    1000                  
     Required Time:=    9000                  
      Launch Clock:-       0                  
         Data Path:-     219                  
             Slack:=    8781                  

Exceptions/Constraints:
  output_delay             1000            ou_del_15_1   

#-----------------------------------------------------------------------------------------
#  Timing Point    Flags   Arc   Edge   Cell     Fanout Load Trans Delay Arrival Instance 
#                                                       (fF)  (ps)  (ps)   (ps)  Location 
#-----------------------------------------------------------------------------------------
  ack_q_reg[0]/CK  -       -     R     (arrival)     75    -     0     0       0    (-,-) 
  ack_q_reg[0]/Q   -       CK->Q R     DFFRHQX1       2  3.5   104   219     219    (-,-) 
  src_ack_async[0] -       -     R     (port)         -    -     -     0     219    (-,-) 
#-----------------------------------------------------------------------------------------



Path 29: MET (8781 ps) Late External Delay Assertion at pin src_ack_async[1]
          Group: clk
     Startpoint: (R) ack_q_reg[1]/CK
          Clock: (R) clk
       Endpoint: (R) src_ack_async[1]
          Clock: (R) clk

                     Capture       Launch     
        Clock Edge:+   10000            0     
       Src Latency:+       0            0     
       Net Latency:+       0 (I)        0 (I) 
           Arrival:=   10000            0     
                                              
      Output Delay:-    1000                  
     Required Time:=    9000                  
      Launch Clock:-       0                  
         Data Path:-     219                  
             Slack:=    8781                  

Exceptions/Constraints:
  output_delay             1000            ou_del_14_1   

#-----------------------------------------------------------------------------------------
#  Timing Point    Flags   Arc   Edge   Cell     Fanout Load Trans Delay Arrival Instance 
#                                                       (fF)  (ps)  (ps)   (ps)  Location 
#-----------------------------------------------------------------------------------------
  ack_q_reg[1]/CK  -       -     R     (arrival)     75    -     0     0       0    (-,-) 
  ack_q_reg[1]/Q   -       CK->Q R     DFFRHQX1       2  3.5   104   219     219    (-,-) 
  src_ack_async[1] -       -     R     (port)         -    -     -     0     219    (-,-) 
#-----------------------------------------------------------------------------------------



Path 30: MET (8781 ps) Late External Delay Assertion at pin src_ack_async[2]
          Group: clk
     Startpoint: (R) ack_q_reg[2]/CK
          Clock: (R) clk
       Endpoint: (R) src_ack_async[2]
          Clock: (R) clk

                     Capture       Launch     
        Clock Edge:+   10000            0     
       Src Latency:+       0            0     
       Net Latency:+       0 (I)        0 (I) 
           Arrival:=   10000            0     
                                              
      Output Delay:-    1000                  
     Required Time:=    9000                  
      Launch Clock:-       0                  
         Data Path:-     219                  
             Slack:=    8781                  

Exceptions/Constraints:
  output_delay             1000            ou_del_13_1   

#-----------------------------------------------------------------------------------------
#  Timing Point    Flags   Arc   Edge   Cell     Fanout Load Trans Delay Arrival Instance 
#                                                       (fF)  (ps)  (ps)   (ps)  Location 
#-----------------------------------------------------------------------------------------
  ack_q_reg[2]/CK  -       -     R     (arrival)     75    -     0     0       0    (-,-) 
  ack_q_reg[2]/Q   -       CK->Q R     DFFRHQX1       2  3.5   104   219     219    (-,-) 
  src_ack_async[2] -       -     R     (port)         -    -     -     0     219    (-,-) 
#-----------------------------------------------------------------------------------------



Path 31: MET (8781 ps) Late External Delay Assertion at pin src_ack_async[3]
          Group: clk
     Startpoint: (R) ack_q_reg[3]/CK
          Clock: (R) clk
       Endpoint: (R) src_ack_async[3]
          Clock: (R) clk

                     Capture       Launch     
        Clock Edge:+   10000            0     
       Src Latency:+       0            0     
       Net Latency:+       0 (I)        0 (I) 
           Arrival:=   10000            0     
                                              
      Output Delay:-    1000                  
     Required Time:=    9000                  
      Launch Clock:-       0                  
         Data Path:-     219                  
             Slack:=    8781                  

Exceptions/Constraints:
  output_delay             1000            ou_del_12_1   

#-----------------------------------------------------------------------------------------
#  Timing Point    Flags   Arc   Edge   Cell     Fanout Load Trans Delay Arrival Instance 
#                                                       (fF)  (ps)  (ps)   (ps)  Location 
#-----------------------------------------------------------------------------------------
  ack_q_reg[3]/CK  -       -     R     (arrival)     75    -     0     0       0    (-,-) 
  ack_q_reg[3]/Q   -       CK->Q R     DFFRHQX1       2  3.5   104   219     219    (-,-) 
  src_ack_async[3] -       -     R     (port)         -    -     -     0     219    (-,-) 
#-----------------------------------------------------------------------------------------



Path 32: MET (8781 ps) Late External Delay Assertion at pin src_ack_async[4]
          Group: clk
     Startpoint: (R) ack_q_reg[4]/CK
          Clock: (R) clk
       Endpoint: (R) src_ack_async[4]
          Clock: (R) clk

                     Capture       Launch     
        Clock Edge:+   10000            0     
       Src Latency:+       0            0     
       Net Latency:+       0 (I)        0 (I) 
           Arrival:=   10000            0     
                                              
      Output Delay:-    1000                  
     Required Time:=    9000                  
      Launch Clock:-       0                  
         Data Path:-     219                  
             Slack:=    8781                  

Exceptions/Constraints:
  output_delay             1000            ou_del_11_1   

#-----------------------------------------------------------------------------------------
#  Timing Point    Flags   Arc   Edge   Cell     Fanout Load Trans Delay Arrival Instance 
#                                                       (fF)  (ps)  (ps)   (ps)  Location 
#-----------------------------------------------------------------------------------------
  ack_q_reg[4]/CK  -       -     R     (arrival)     75    -     0     0       0    (-,-) 
  ack_q_reg[4]/Q   -       CK->Q R     DFFRHQX1       2  3.5   104   219     219    (-,-) 
  src_ack_async[4] -       -     R     (port)         -    -     -     0     219    (-,-) 
#-----------------------------------------------------------------------------------------



Path 33: MET (8781 ps) Late External Delay Assertion at pin src_ack_async[5]
          Group: clk
     Startpoint: (R) ack_q_reg[5]/CK
          Clock: (R) clk
       Endpoint: (R) src_ack_async[5]
          Clock: (R) clk

                     Capture       Launch     
        Clock Edge:+   10000            0     
       Src Latency:+       0            0     
       Net Latency:+       0 (I)        0 (I) 
           Arrival:=   10000            0     
                                              
      Output Delay:-    1000                  
     Required Time:=    9000                  
      Launch Clock:-       0                  
         Data Path:-     219                  
             Slack:=    8781                  

Exceptions/Constraints:
  output_delay             1000            ou_del_10_1   

#-----------------------------------------------------------------------------------------
#  Timing Point    Flags   Arc   Edge   Cell     Fanout Load Trans Delay Arrival Instance 
#                                                       (fF)  (ps)  (ps)   (ps)  Location 
#-----------------------------------------------------------------------------------------
  ack_q_reg[5]/CK  -       -     R     (arrival)     75    -     0     0       0    (-,-) 
  ack_q_reg[5]/Q   -       CK->Q R     DFFRHQX1       2  3.5   104   219     219    (-,-) 
  src_ack_async[5] -       -     R     (port)         -    -     -     0     219    (-,-) 
#-----------------------------------------------------------------------------------------



Path 34: MET (8781 ps) Late External Delay Assertion at pin src_ack_async[6]
          Group: clk
     Startpoint: (R) ack_q_reg[6]/CK
          Clock: (R) clk
       Endpoint: (R) src_ack_async[6]
          Clock: (R) clk

                     Capture       Launch     
        Clock Edge:+   10000            0     
       Src Latency:+       0            0     
       Net Latency:+       0 (I)        0 (I) 
           Arrival:=   10000            0     
                                              
      Output Delay:-    1000                  
     Required Time:=    9000                  
      Launch Clock:-       0                  
         Data Path:-     219                  
             Slack:=    8781                  

Exceptions/Constraints:
  output_delay             1000            ou_del_9_1   

#-----------------------------------------------------------------------------------------
#  Timing Point    Flags   Arc   Edge   Cell     Fanout Load Trans Delay Arrival Instance 
#                                                       (fF)  (ps)  (ps)   (ps)  Location 
#-----------------------------------------------------------------------------------------
  ack_q_reg[6]/CK  -       -     R     (arrival)     75    -     0     0       0    (-,-) 
  ack_q_reg[6]/Q   -       CK->Q R     DFFRHQX1       2  3.5   104   219     219    (-,-) 
  src_ack_async[6] -       -     R     (port)         -    -     -     0     219    (-,-) 
#-----------------------------------------------------------------------------------------



Path 35: MET (8781 ps) Late External Delay Assertion at pin src_ack_async[7]
          Group: clk
     Startpoint: (R) ack_q_reg[7]/CK
          Clock: (R) clk
       Endpoint: (R) src_ack_async[7]
          Clock: (R) clk

                     Capture       Launch     
        Clock Edge:+   10000            0     
       Src Latency:+       0            0     
       Net Latency:+       0 (I)        0 (I) 
           Arrival:=   10000            0     
                                              
      Output Delay:-    1000                  
     Required Time:=    9000                  
      Launch Clock:-       0                  
         Data Path:-     219                  
             Slack:=    8781                  

Exceptions/Constraints:
  output_delay             1000            ou_del_8_1   

#-----------------------------------------------------------------------------------------
#  Timing Point    Flags   Arc   Edge   Cell     Fanout Load Trans Delay Arrival Instance 
#                                                       (fF)  (ps)  (ps)   (ps)  Location 
#-----------------------------------------------------------------------------------------
  ack_q_reg[7]/CK  -       -     R     (arrival)     75    -     0     0       0    (-,-) 
  ack_q_reg[7]/Q   -       CK->Q R     DFFRHQX1       2  3.5   104   219     219    (-,-) 
  src_ack_async[7] -       -     R     (port)         -    -     -     0     219    (-,-) 
#-----------------------------------------------------------------------------------------



Path 36: MET (8781 ps) Late External Delay Assertion at pin src_ack_async[8]
          Group: clk
     Startpoint: (R) ack_q_reg[8]/CK
          Clock: (R) clk
       Endpoint: (R) src_ack_async[8]
          Clock: (R) clk

                     Capture       Launch     
        Clock Edge:+   10000            0     
       Src Latency:+       0            0     
       Net Latency:+       0 (I)        0 (I) 
           Arrival:=   10000            0     
                                              
      Output Delay:-    1000                  
     Required Time:=    9000                  
      Launch Clock:-       0                  
         Data Path:-     219                  
             Slack:=    8781                  

Exceptions/Constraints:
  output_delay             1000            ou_del_7_1   

#-----------------------------------------------------------------------------------------
#  Timing Point    Flags   Arc   Edge   Cell     Fanout Load Trans Delay Arrival Instance 
#                                                       (fF)  (ps)  (ps)   (ps)  Location 
#-----------------------------------------------------------------------------------------
  ack_q_reg[8]/CK  -       -     R     (arrival)     75    -     0     0       0    (-,-) 
  ack_q_reg[8]/Q   -       CK->Q R     DFFRHQX1       2  3.5   104   219     219    (-,-) 
  src_ack_async[8] -       -     R     (port)         -    -     -     0     219    (-,-) 
#-----------------------------------------------------------------------------------------



Path 37: MET (8781 ps) Late External Delay Assertion at pin src_ack_async[9]
          Group: clk
     Startpoint: (R) ack_q_reg[9]/CK
          Clock: (R) clk
       Endpoint: (R) src_ack_async[9]
          Clock: (R) clk

                     Capture       Launch     
        Clock Edge:+   10000            0     
       Src Latency:+       0            0     
       Net Latency:+       0 (I)        0 (I) 
           Arrival:=   10000            0     
                                              
      Output Delay:-    1000                  
     Required Time:=    9000                  
      Launch Clock:-       0                  
         Data Path:-     219                  
             Slack:=    8781                  

Exceptions/Constraints:
  output_delay             1000            ou_del_6_1   

#-----------------------------------------------------------------------------------------
#  Timing Point    Flags   Arc   Edge   Cell     Fanout Load Trans Delay Arrival Instance 
#                                                       (fF)  (ps)  (ps)   (ps)  Location 
#-----------------------------------------------------------------------------------------
  ack_q_reg[9]/CK  -       -     R     (arrival)     75    -     0     0       0    (-,-) 
  ack_q_reg[9]/Q   -       CK->Q R     DFFRHQX1       2  3.5   104   219     219    (-,-) 
  src_ack_async[9] -       -     R     (port)         -    -     -     0     219    (-,-) 
#-----------------------------------------------------------------------------------------



Path 38: MET (8781 ps) Late External Delay Assertion at pin src_ack_async[10]
          Group: clk
     Startpoint: (R) ack_q_reg[10]/CK
          Clock: (R) clk
       Endpoint: (R) src_ack_async[10]
          Clock: (R) clk

                     Capture       Launch     
        Clock Edge:+   10000            0     
       Src Latency:+       0            0     
       Net Latency:+       0 (I)        0 (I) 
           Arrival:=   10000            0     
                                              
      Output Delay:-    1000                  
     Required Time:=    9000                  
      Launch Clock:-       0                  
         Data Path:-     219                  
             Slack:=    8781                  

Exceptions/Constraints:
  output_delay             1000            ou_del_5_1   

#------------------------------------------------------------------------------------------
#   Timing Point    Flags   Arc   Edge   Cell     Fanout Load Trans Delay Arrival Instance 
#                                                        (fF)  (ps)  (ps)   (ps)  Location 
#------------------------------------------------------------------------------------------
  ack_q_reg[10]/CK  -       -     R     (arrival)     75    -     0     0       0    (-,-) 
  ack_q_reg[10]/Q   -       CK->Q R     DFFRHQX1       2  3.5   104   219     219    (-,-) 
  src_ack_async[10] -       -     R     (port)         -    -     -     0     219    (-,-) 
#------------------------------------------------------------------------------------------



Path 39: MET (8781 ps) Late External Delay Assertion at pin src_ack_async[11]
          Group: clk
     Startpoint: (R) ack_q_reg[11]/CK
          Clock: (R) clk
       Endpoint: (R) src_ack_async[11]
          Clock: (R) clk

                     Capture       Launch     
        Clock Edge:+   10000            0     
       Src Latency:+       0            0     
       Net Latency:+       0 (I)        0 (I) 
           Arrival:=   10000            0     
                                              
      Output Delay:-    1000                  
     Required Time:=    9000                  
      Launch Clock:-       0                  
         Data Path:-     219                  
             Slack:=    8781                  

Exceptions/Constraints:
  output_delay             1000            ou_del_4_1   

#------------------------------------------------------------------------------------------
#   Timing Point    Flags   Arc   Edge   Cell     Fanout Load Trans Delay Arrival Instance 
#                                                        (fF)  (ps)  (ps)   (ps)  Location 
#------------------------------------------------------------------------------------------
  ack_q_reg[11]/CK  -       -     R     (arrival)     75    -     0     0       0    (-,-) 
  ack_q_reg[11]/Q   -       CK->Q R     DFFRHQX1       2  3.5   104   219     219    (-,-) 
  src_ack_async[11] -       -     R     (port)         -    -     -     0     219    (-,-) 
#------------------------------------------------------------------------------------------



Path 40: MET (8781 ps) Late External Delay Assertion at pin src_ack_async[12]
          Group: clk
     Startpoint: (R) ack_q_reg[12]/CK
          Clock: (R) clk
       Endpoint: (R) src_ack_async[12]
          Clock: (R) clk

                     Capture       Launch     
        Clock Edge:+   10000            0     
       Src Latency:+       0            0     
       Net Latency:+       0 (I)        0 (I) 
           Arrival:=   10000            0     
                                              
      Output Delay:-    1000                  
     Required Time:=    9000                  
      Launch Clock:-       0                  
         Data Path:-     219                  
             Slack:=    8781                  

Exceptions/Constraints:
  output_delay             1000            ou_del_3_1   

#------------------------------------------------------------------------------------------
#   Timing Point    Flags   Arc   Edge   Cell     Fanout Load Trans Delay Arrival Instance 
#                                                        (fF)  (ps)  (ps)   (ps)  Location 
#------------------------------------------------------------------------------------------
  ack_q_reg[12]/CK  -       -     R     (arrival)     75    -     0     0       0    (-,-) 
  ack_q_reg[12]/Q   -       CK->Q R     DFFRHQX1       2  3.5   104   219     219    (-,-) 
  src_ack_async[12] -       -     R     (port)         -    -     -     0     219    (-,-) 
#------------------------------------------------------------------------------------------



Path 41: MET (8781 ps) Late External Delay Assertion at pin src_ack_async[13]
          Group: clk
     Startpoint: (R) ack_q_reg[13]/CK
          Clock: (R) clk
       Endpoint: (R) src_ack_async[13]
          Clock: (R) clk

                     Capture       Launch     
        Clock Edge:+   10000            0     
       Src Latency:+       0            0     
       Net Latency:+       0 (I)        0 (I) 
           Arrival:=   10000            0     
                                              
      Output Delay:-    1000                  
     Required Time:=    9000                  
      Launch Clock:-       0                  
         Data Path:-     219                  
             Slack:=    8781                  

Exceptions/Constraints:
  output_delay             1000            ou_del_2_1   

#------------------------------------------------------------------------------------------
#   Timing Point    Flags   Arc   Edge   Cell     Fanout Load Trans Delay Arrival Instance 
#                                                        (fF)  (ps)  (ps)   (ps)  Location 
#------------------------------------------------------------------------------------------
  ack_q_reg[13]/CK  -       -     R     (arrival)     75    -     0     0       0    (-,-) 
  ack_q_reg[13]/Q   -       CK->Q R     DFFRHQX1       2  3.5   104   219     219    (-,-) 
  src_ack_async[13] -       -     R     (port)         -    -     -     0     219    (-,-) 
#------------------------------------------------------------------------------------------



Path 42: MET (8781 ps) Late External Delay Assertion at pin src_ack_async[14]
          Group: clk
     Startpoint: (R) ack_q_reg[14]/CK
          Clock: (R) clk
       Endpoint: (R) src_ack_async[14]
          Clock: (R) clk

                     Capture       Launch     
        Clock Edge:+   10000            0     
       Src Latency:+       0            0     
       Net Latency:+       0 (I)        0 (I) 
           Arrival:=   10000            0     
                                              
      Output Delay:-    1000                  
     Required Time:=    9000                  
      Launch Clock:-       0                  
         Data Path:-     219                  
             Slack:=    8781                  

Exceptions/Constraints:
  output_delay             1000            ou_del_1_1   

#------------------------------------------------------------------------------------------
#   Timing Point    Flags   Arc   Edge   Cell     Fanout Load Trans Delay Arrival Instance 
#                                                        (fF)  (ps)  (ps)   (ps)  Location 
#------------------------------------------------------------------------------------------
  ack_q_reg[14]/CK  -       -     R     (arrival)     75    -     0     0       0    (-,-) 
  ack_q_reg[14]/Q   -       CK->Q R     DFFRHQX1       2  3.5   104   219     219    (-,-) 
  src_ack_async[14] -       -     R     (port)         -    -     -     0     219    (-,-) 
#------------------------------------------------------------------------------------------



Path 43: MET (8781 ps) Late External Delay Assertion at pin src_ack_async[15]
          Group: clk
     Startpoint: (R) ack_q_reg[15]/CK
          Clock: (R) clk
       Endpoint: (R) src_ack_async[15]
          Clock: (R) clk

                     Capture       Launch     
        Clock Edge:+   10000            0     
       Src Latency:+       0            0     
       Net Latency:+       0 (I)        0 (I) 
           Arrival:=   10000            0     
                                              
      Output Delay:-    1000                  
     Required Time:=    9000                  
      Launch Clock:-       0                  
         Data Path:-     219                  
             Slack:=    8781                  

Exceptions/Constraints:
  output_delay             1000            ou_del   

#------------------------------------------------------------------------------------------
#   Timing Point    Flags   Arc   Edge   Cell     Fanout Load Trans Delay Arrival Instance 
#                                                        (fF)  (ps)  (ps)   (ps)  Location 
#------------------------------------------------------------------------------------------
  ack_q_reg[15]/CK  -       -     R     (arrival)     75    -     0     0       0    (-,-) 
  ack_q_reg[15]/Q   -       CK->Q R     DFFRHQX1       2  3.5   104   219     219    (-,-) 
  src_ack_async[15] -       -     R     (port)         -    -     -     0     219    (-,-) 
#------------------------------------------------------------------------------------------



Path 44: MET (8792 ps) Late External Delay Assertion at pin out_addr[3]
          Group: clk
     Startpoint: (R) out_addr_q_reg[3]/CK
          Clock: (R) clk
       Endpoint: (R) out_addr[3]
          Clock: (R) clk

                     Capture       Launch     
        Clock Edge:+   10000            0     
       Src Latency:+       0            0     
       Net Latency:+       0 (I)        0 (I) 
           Arrival:=   10000            0     
                                              
      Output Delay:-    1000                  
     Required Time:=    9000                  
      Launch Clock:-       0                  
         Data Path:-     208                  
             Slack:=    8792                  

Exceptions/Constraints:
  output_delay             1000            ou_del_16_1   

#---------------------------------------------------------------------------------------------
#    Timing Point      Flags   Arc   Edge   Cell     Fanout Load Trans Delay Arrival Instance 
#                                                           (fF)  (ps)  (ps)   (ps)  Location 
#---------------------------------------------------------------------------------------------
  out_addr_q_reg[3]/CK -       -     R     (arrival)     75    -     0     0       0    (-,-) 
  out_addr_q_reg[3]/Q  -       CK->Q R     DFFRHQX1       2  2.0    87   208     208    (-,-) 
  out_addr[3]          -       -     R     (port)         -    -     -     0     208    (-,-) 
#---------------------------------------------------------------------------------------------



Path 45: MET (8792 ps) Late External Delay Assertion at pin out_addr[0]
          Group: clk
     Startpoint: (R) out_addr_q_reg[0]/CK
          Clock: (R) clk
       Endpoint: (R) out_addr[0]
          Clock: (R) clk

                     Capture       Launch     
        Clock Edge:+   10000            0     
       Src Latency:+       0            0     
       Net Latency:+       0 (I)        0 (I) 
           Arrival:=   10000            0     
                                              
      Output Delay:-    1000                  
     Required Time:=    9000                  
      Launch Clock:-       0                  
         Data Path:-     208                  
             Slack:=    8792                  

Exceptions/Constraints:
  output_delay             1000            ou_del_19_1   

#---------------------------------------------------------------------------------------------
#    Timing Point      Flags   Arc   Edge   Cell     Fanout Load Trans Delay Arrival Instance 
#                                                           (fF)  (ps)  (ps)   (ps)  Location 
#---------------------------------------------------------------------------------------------
  out_addr_q_reg[0]/CK -       -     R     (arrival)     75    -     0     0       0    (-,-) 
  out_addr_q_reg[0]/Q  -       CK->Q R     DFFRHQX1       2  1.9    85   208     208    (-,-) 
  out_addr[0]          -       -     R     (port)         -    -     -     0     208    (-,-) 
#---------------------------------------------------------------------------------------------



Path 46: MET (8792 ps) Late External Delay Assertion at pin out_addr[1]
          Group: clk
     Startpoint: (R) out_addr_q_reg[1]/CK
          Clock: (R) clk
       Endpoint: (R) out_addr[1]
          Clock: (R) clk

                     Capture       Launch     
        Clock Edge:+   10000            0     
       Src Latency:+       0            0     
       Net Latency:+       0 (I)        0 (I) 
           Arrival:=   10000            0     
                                              
      Output Delay:-    1000                  
     Required Time:=    9000                  
      Launch Clock:-       0                  
         Data Path:-     208                  
             Slack:=    8792                  

Exceptions/Constraints:
  output_delay             1000            ou_del_18_1   

#---------------------------------------------------------------------------------------------
#    Timing Point      Flags   Arc   Edge   Cell     Fanout Load Trans Delay Arrival Instance 
#                                                           (fF)  (ps)  (ps)   (ps)  Location 
#---------------------------------------------------------------------------------------------
  out_addr_q_reg[1]/CK -       -     R     (arrival)     75    -     0     0       0    (-,-) 
  out_addr_q_reg[1]/Q  -       CK->Q R     DFFRHQX1       2  1.9    85   208     208    (-,-) 
  out_addr[1]          -       -     R     (port)         -    -     -     0     208    (-,-) 
#---------------------------------------------------------------------------------------------



Path 47: MET (8792 ps) Late External Delay Assertion at pin out_addr[2]
          Group: clk
     Startpoint: (R) out_addr_q_reg[2]/CK
          Clock: (R) clk
       Endpoint: (R) out_addr[2]
          Clock: (R) clk

                     Capture       Launch     
        Clock Edge:+   10000            0     
       Src Latency:+       0            0     
       Net Latency:+       0 (I)        0 (I) 
           Arrival:=   10000            0     
                                              
      Output Delay:-    1000                  
     Required Time:=    9000                  
      Launch Clock:-       0                  
         Data Path:-     208                  
             Slack:=    8792                  

Exceptions/Constraints:
  output_delay             1000            ou_del_17_1   

#---------------------------------------------------------------------------------------------
#    Timing Point      Flags   Arc   Edge   Cell     Fanout Load Trans Delay Arrival Instance 
#                                                           (fF)  (ps)  (ps)   (ps)  Location 
#---------------------------------------------------------------------------------------------
  out_addr_q_reg[2]/CK -       -     R     (arrival)     75    -     0     0       0    (-,-) 
  out_addr_q_reg[2]/Q  -       CK->Q R     DFFRHQX1       2  1.9    85   208     208    (-,-) 
  out_addr[2]          -       -     R     (port)         -    -     -     0     208    (-,-) 
#---------------------------------------------------------------------------------------------



Path 48: MET (9477 ps) Setup Check with Pin ack_q_reg[0]/CK->D
          Group: clk
     Startpoint: (R) pending_q_reg[0]/CK
          Clock: (R) clk
       Endpoint: (F) ack_q_reg[0]/D
          Clock: (R) clk

                     Capture       Launch     
        Clock Edge:+   10000            0     
       Src Latency:+       0            0     
       Net Latency:+       0 (I)        0 (I) 
           Arrival:=   10000            0     
                                              
             Setup:-     223                  
     Required Time:=    9777                  
      Launch Clock:-       0                  
         Data Path:-     301                  
             Slack:=    9477                  

#--------------------------------------------------------------------------------------------
#    Timing Point     Flags   Arc   Edge   Cell     Fanout Load Trans Delay Arrival Instance 
#                                                          (fF)  (ps)  (ps)   (ps)  Location 
#--------------------------------------------------------------------------------------------
  pending_q_reg[0]/CK -       -     R     (arrival)     75    -     0     0       0    (-,-) 
  pending_q_reg[0]/Q  -       CK->Q R     DFFRHQX1       2  7.7   154   247     247    (-,-) 
  g5594__6161/Y       -       A1->Y F     AOI21XL        1  1.9    66    53     301    (-,-) 
  ack_q_reg[0]/D      -       -     F     DFFRHQX1       1    -     -     0     301    (-,-) 
#--------------------------------------------------------------------------------------------



Path 49: MET (9477 ps) Setup Check with Pin ack_q_reg[14]/CK->D
          Group: clk
     Startpoint: (R) pending_q_reg[14]/CK
          Clock: (R) clk
       Endpoint: (F) ack_q_reg[14]/D
          Clock: (R) clk

                     Capture       Launch     
        Clock Edge:+   10000            0     
       Src Latency:+       0            0     
       Net Latency:+       0 (I)        0 (I) 
           Arrival:=   10000            0     
                                              
             Setup:-     223                  
     Required Time:=    9777                  
      Launch Clock:-       0                  
         Data Path:-     301                  
             Slack:=    9477                  

#---------------------------------------------------------------------------------------------
#    Timing Point      Flags   Arc   Edge   Cell     Fanout Load Trans Delay Arrival Instance 
#                                                           (fF)  (ps)  (ps)   (ps)  Location 
#---------------------------------------------------------------------------------------------
  pending_q_reg[14]/CK -       -     R     (arrival)     75    -     0     0       0    (-,-) 
  pending_q_reg[14]/Q  -       CK->Q R     DFFRHQX1       2  7.7   154   247     247    (-,-) 
  g5606__4319/Y        -       A1->Y F     AOI21XL        1  1.9    66    53     301    (-,-) 
  ack_q_reg[14]/D      -       -     F     DFFRHQX1       1    -     -     0     301    (-,-) 
#---------------------------------------------------------------------------------------------



Path 50: MET (9477 ps) Setup Check with Pin ack_q_reg[5]/CK->D
          Group: clk
     Startpoint: (R) pending_q_reg[5]/CK
          Clock: (R) clk
       Endpoint: (F) ack_q_reg[5]/D
          Clock: (R) clk

                     Capture       Launch     
        Clock Edge:+   10000            0     
       Src Latency:+       0            0     
       Net Latency:+       0 (I)        0 (I) 
           Arrival:=   10000            0     
                                              
             Setup:-     223                  
     Required Time:=    9777                  
      Launch Clock:-       0                  
         Data Path:-     301                  
             Slack:=    9477                  

#--------------------------------------------------------------------------------------------
#    Timing Point     Flags   Arc   Edge   Cell     Fanout Load Trans Delay Arrival Instance 
#                                                          (fF)  (ps)  (ps)   (ps)  Location 
#--------------------------------------------------------------------------------------------
  pending_q_reg[5]/CK -       -     R     (arrival)     75    -     0     0       0    (-,-) 
  pending_q_reg[5]/Q  -       CK->Q R     DFFRHQX1       2  7.7   154   247     247    (-,-) 
  g5596__9945/Y       -       A1->Y F     AOI21XL        1  1.9    66    53     301    (-,-) 
  ack_q_reg[5]/D      -       -     F     DFFRHQX1       1    -     -     0     301    (-,-) 
#--------------------------------------------------------------------------------------------

