============================================================
  Generated by:           Genus(TM) Synthesis Solution 23.14-s090_1
  Generated on:           Aug 26 2026  02:54:11 pm
  Module:                 aer64_pending_iprra_rr
  Operating conditions:   PVT_0P9V_125C (balanced_tree)
  Wireload mode:          enclosed
  Area mode:              timing library
============================================================


Path 1: MET (5524 ps) Setup Check with Pin core/out_rank_q_reg[3]/CK->D
          Group: clk
     Startpoint: (R) core/req_sync_q_reg[4]/CK
          Clock: (R) clk
       Endpoint: (R) core/out_rank_q_reg[3]/D
          Clock: (R) clk

                     Capture       Launch     
        Clock Edge:+   10000            0     
       Src Latency:+       0            0     
       Net Latency:+       0 (I)        0 (I) 
           Arrival:=   10000            0     
                                              
             Setup:-     142                  
     Required Time:=    9858                  
      Launch Clock:-       0                  
         Data Path:-    4334                  
             Slack:=    5524                  

#--------------------------------------------------------------------------------------------------
#       Timing Point        Flags   Arc   Edge   Cell     Fanout Load Trans Delay Arrival Instance 
#                                                                (fF)  (ps)  (ps)   (ps)  Location 
#--------------------------------------------------------------------------------------------------
  core/req_sync_q_reg[4]/CK -       -     R     (arrival)    265    -     0     0       0    (-,-) 
  core/req_sync_q_reg[4]/Q  (P)     CK->Q F     DFFHQX1        2  0.8    32   202     202    (-,-) 
  core/g43116__3680/Y       -       A0->Y R     AOI21X1        4  1.2    86    91     292    (-,-) 
  core/g42743__7482/Y       -       B->Y  R     AND4XL         1  0.2    28   322     615    (-,-) 
  core/g42662__7410/Y       -       D->Y  R     AND4XL         1  0.2    28   247     862    (-,-) 
  core/g42589__9945/Y       -       D->Y  R     AND4XL         1  0.2    28   247    1108    (-,-) 
  core/g42574__6783/Y       -       D->Y  R     AND4XL         1  0.2    28   247    1355    (-,-) 
  core/g42541__1705/Y       -       D->Y  F     NAND4XL        1  0.3   198   146    1501    (-,-) 
  core/g42501__5122/Y       -       B->Y  R     NOR2BX1        1  0.2    55   132    1633    (-,-) 
  core/g42463__5122/Y       -       D->Y  R     AND4XL         1  0.2    28   258    1892    (-,-) 
  core/g42447__7410/Y       -       D->Y  F     NAND4XL        1  0.3   199   146    2037    (-,-) 
  core/g42445__2346/Y       -       B->Y  R     NOR2BX1        1  0.2    55   132    2170    (-,-) 
  core/g42433__6131/Y       -       D->Y  F     NAND4XL        1  0.2   179   147    2317    (-,-) 
  core/g42426__3680/Y       -       AN->Y F     NAND4BX1       1  0.3   161   266    2583    (-,-) 
  core/g42424__5526/Y       -       B->Y  R     NOR2BX1        1  0.2    51   112    2695    (-,-) 
  core/g42420__6260/Y       -       D->Y  F     NAND4XL        1  0.2   179   145    2840    (-,-) 
  core/g42408__6161/Y       -       AN->Y F     NAND4BX1       1  0.3   162   266    3106    (-,-) 
  core/g42393__6783/Y       -       B->Y  R     NOR2BX1        1  0.2    51   112    3218    (-,-) 
  core/g42296__7410/Y       -       D->Y  F     NAND4XL        1  0.3   198   157    3375    (-,-) 
  core/g43328__2398/Y       -       D->Y  R     NOR4BX1        1  0.2   107   153    3528    (-,-) 
  core/g42262__1666/Y       -       D->Y  F     NAND4XL        1  0.3   198   183    3712    (-,-) 
  core/g42261__2346/Y       -       D->Y  R     NOR4X1         1  0.4   125   164    3875    (-,-) 
  core/g42260__2883/Y       -       D->Y  F     NAND4BX1       2  0.5   183   181    4056    (-,-) 
  core/g42259__9945/Y       -       B->Y  R     NAND2X1        6  2.2    88   141    4196    (-,-) 
  core/g42255__7482/Y       -       B->Y  F     NAND2X1        1  0.3    58    87    4284    (-,-) 
  core/g42249__5122/Y       -       C0->Y R     OAI211X1       1  0.3    76    50    4334    (-,-) 
  core/out_rank_q_reg[3]/D  -       -     R     DFFHQX1        1    -     -     0    4334    (-,-) 
#--------------------------------------------------------------------------------------------------

(P) : Instance is preserved



Path 2: MET (5524 ps) Setup Check with Pin core/out_rank_q_reg[4]/CK->D
          Group: clk
     Startpoint: (R) core/req_sync_q_reg[4]/CK
          Clock: (R) clk
       Endpoint: (R) core/out_rank_q_reg[4]/D
          Clock: (R) clk

                     Capture       Launch     
        Clock Edge:+   10000            0     
       Src Latency:+       0            0     
       Net Latency:+       0 (I)        0 (I) 
           Arrival:=   10000            0     
                                              
             Setup:-     128                  
     Required Time:=    9872                  
      Launch Clock:-       0                  
         Data Path:-    4348                  
             Slack:=    5524                  

#---------------------------------------------------------------------------------------------------
#       Timing Point        Flags    Arc   Edge   Cell     Fanout Load Trans Delay Arrival Instance 
#                                                                 (fF)  (ps)  (ps)   (ps)  Location 
#---------------------------------------------------------------------------------------------------
  core/req_sync_q_reg[4]/CK -       -      R     (arrival)    265    -     0     0       0    (-,-) 
  core/req_sync_q_reg[4]/Q  (P)     CK->Q  F     DFFHQX1        2  0.8    32   202     202    (-,-) 
  core/g43116__3680/Y       -       A0->Y  R     AOI21X1        4  1.2    86    91     292    (-,-) 
  core/g42743__7482/Y       -       B->Y   R     AND4XL         1  0.2    28   322     615    (-,-) 
  core/g42662__7410/Y       -       D->Y   R     AND4XL         1  0.2    28   247     862    (-,-) 
  core/g42589__9945/Y       -       D->Y   R     AND4XL         1  0.2    28   247    1108    (-,-) 
  core/g42574__6783/Y       -       D->Y   R     AND4XL         1  0.2    28   247    1355    (-,-) 
  core/g42541__1705/Y       -       D->Y   F     NAND4XL        1  0.3   198   146    1501    (-,-) 
  core/g42501__5122/Y       -       B->Y   R     NOR2BX1        1  0.2    55   132    1633    (-,-) 
  core/g42463__5122/Y       -       D->Y   R     AND4XL         1  0.2    28   258    1892    (-,-) 
  core/g42447__7410/Y       -       D->Y   F     NAND4XL        1  0.3   199   146    2037    (-,-) 
  core/g42445__2346/Y       -       B->Y   R     NOR2BX1        1  0.2    55   132    2170    (-,-) 
  core/g42433__6131/Y       -       D->Y   F     NAND4XL        1  0.2   179   147    2317    (-,-) 
  core/g42426__3680/Y       -       AN->Y  F     NAND4BX1       1  0.3   161   266    2583    (-,-) 
  core/g42424__5526/Y       -       B->Y   R     NOR2BX1        1  0.2    51   112    2695    (-,-) 
  core/g42420__6260/Y       -       D->Y   F     NAND4XL        1  0.2   179   145    2840    (-,-) 
  core/g42408__6161/Y       -       AN->Y  F     NAND4BX1       1  0.3   162   266    3106    (-,-) 
  core/g42393__6783/Y       -       B->Y   R     NOR2BX1        1  0.2    51   112    3218    (-,-) 
  core/g42296__7410/Y       -       D->Y   F     NAND4XL        1  0.3   198   157    3375    (-,-) 
  core/g43328__2398/Y       -       D->Y   R     NOR4BX1        1  0.2   107   153    3528    (-,-) 
  core/g42262__1666/Y       -       D->Y   F     NAND4XL        1  0.3   198   183    3712    (-,-) 
  core/g42261__2346/Y       -       D->Y   R     NOR4X1         1  0.4   125   164    3875    (-,-) 
  core/g42260__2883/Y       -       D->Y   F     NAND4BX1       2  0.5   183   181    4056    (-,-) 
  core/g42259__9945/Y       -       B->Y   R     NAND2X1        6  2.2    88   141    4196    (-,-) 
  core/g42246__2802/Y       -       A1N->Y R     OAI2BB1X1      1  0.3    47   151    4348    (-,-) 
  core/out_rank_q_reg[4]/D  -       -      R     DFFHQX1        1    -     -     0    4348    (-,-) 
#---------------------------------------------------------------------------------------------------

(P) : Instance is preserved



Path 3: MET (5524 ps) Setup Check with Pin core/out_rank_q_reg[5]/CK->D
          Group: clk
     Startpoint: (R) core/req_sync_q_reg[4]/CK
          Clock: (R) clk
       Endpoint: (R) core/out_rank_q_reg[5]/D
          Clock: (R) clk

                     Capture       Launch     
        Clock Edge:+   10000            0     
       Src Latency:+       0            0     
       Net Latency:+       0 (I)        0 (I) 
           Arrival:=   10000            0     
                                              
             Setup:-     142                  
     Required Time:=    9858                  
      Launch Clock:-       0                  
         Data Path:-    4334                  
             Slack:=    5524                  

#--------------------------------------------------------------------------------------------------
#       Timing Point        Flags   Arc   Edge   Cell     Fanout Load Trans Delay Arrival Instance 
#                                                                (fF)  (ps)  (ps)   (ps)  Location 
#--------------------------------------------------------------------------------------------------
  core/req_sync_q_reg[4]/CK -       -     R     (arrival)    265    -     0     0       0    (-,-) 
  core/req_sync_q_reg[4]/Q  (P)     CK->Q F     DFFHQX1        2  0.8    32   202     202    (-,-) 
  core/g43116__3680/Y       -       A0->Y R     AOI21X1        4  1.2    86    91     292    (-,-) 
  core/g42743__7482/Y       -       B->Y  R     AND4XL         1  0.2    28   322     615    (-,-) 
  core/g42662__7410/Y       -       D->Y  R     AND4XL         1  0.2    28   247     862    (-,-) 
  core/g42589__9945/Y       -       D->Y  R     AND4XL         1  0.2    28   247    1108    (-,-) 
  core/g42574__6783/Y       -       D->Y  R     AND4XL         1  0.2    28   247    1355    (-,-) 
  core/g42541__1705/Y       -       D->Y  F     NAND4XL        1  0.3   198   146    1501    (-,-) 
  core/g42501__5122/Y       -       B->Y  R     NOR2BX1        1  0.2    55   132    1633    (-,-) 
  core/g42463__5122/Y       -       D->Y  R     AND4XL         1  0.2    28   258    1892    (-,-) 
  core/g42447__7410/Y       -       D->Y  F     NAND4XL        1  0.3   199   146    2037    (-,-) 
  core/g42445__2346/Y       -       B->Y  R     NOR2BX1        1  0.2    55   132    2170    (-,-) 
  core/g42433__6131/Y       -       D->Y  F     NAND4XL        1  0.2   179   147    2317    (-,-) 
  core/g42426__3680/Y       -       AN->Y F     NAND4BX1       1  0.3   161   266    2583    (-,-) 
  core/g42424__5526/Y       -       B->Y  R     NOR2BX1        1  0.2    51   112    2695    (-,-) 
  core/g42420__6260/Y       -       D->Y  F     NAND4XL        1  0.2   179   145    2840    (-,-) 
  core/g42408__6161/Y       -       AN->Y F     NAND4BX1       1  0.3   162   266    3106    (-,-) 
  core/g42393__6783/Y       -       B->Y  R     NOR2BX1        1  0.2    51   112    3218    (-,-) 
  core/g42296__7410/Y       -       D->Y  F     NAND4XL        1  0.3   198   157    3375    (-,-) 
  core/g43328__2398/Y       -       D->Y  R     NOR4BX1        1  0.2   107   153    3528    (-,-) 
  core/g42262__1666/Y       -       D->Y  F     NAND4XL        1  0.3   198   183    3712    (-,-) 
  core/g42261__2346/Y       -       D->Y  R     NOR4X1         1  0.4   125   164    3875    (-,-) 
  core/g42260__2883/Y       -       D->Y  F     NAND4BX1       2  0.5   183   181    4056    (-,-) 
  core/g42259__9945/Y       -       B->Y  R     NAND2X1        6  2.2    88   141    4196    (-,-) 
  core/g42256__4733/Y       -       B->Y  F     NAND2X1        1  0.3    58    87    4284    (-,-) 
  core/g42252__6131/Y       -       C0->Y R     OAI211X1       1  0.3    75    50    4334    (-,-) 
  core/out_rank_q_reg[5]/D  -       -     R     DFFHQX1        1    -     -     0    4334    (-,-) 
#--------------------------------------------------------------------------------------------------

(P) : Instance is preserved



Path 4: MET (5525 ps) Setup Check with Pin core/out_rank_q_reg[2]/CK->D
          Group: clk
     Startpoint: (R) core/req_sync_q_reg[4]/CK
          Clock: (R) clk
       Endpoint: (R) core/out_rank_q_reg[2]/D
          Clock: (R) clk

                     Capture       Launch     
        Clock Edge:+   10000            0     
       Src Latency:+       0            0     
       Net Latency:+       0 (I)        0 (I) 
           Arrival:=   10000            0     
                                              
             Setup:-     141                  
     Required Time:=    9859                  
      Launch Clock:-       0                  
         Data Path:-    4334                  
             Slack:=    5525                  

#--------------------------------------------------------------------------------------------------
#       Timing Point        Flags   Arc   Edge   Cell     Fanout Load Trans Delay Arrival Instance 
#                                                                (fF)  (ps)  (ps)   (ps)  Location 
#--------------------------------------------------------------------------------------------------
  core/req_sync_q_reg[4]/CK -       -     R     (arrival)    265    -     0     0       0    (-,-) 
  core/req_sync_q_reg[4]/Q  (P)     CK->Q F     DFFHQX1        2  0.8    32   202     202    (-,-) 
  core/g43116__3680/Y       -       A0->Y R     AOI21X1        4  1.2    86    91     292    (-,-) 
  core/g42743__7482/Y       -       B->Y  R     AND4XL         1  0.2    28   322     615    (-,-) 
  core/g42662__7410/Y       -       D->Y  R     AND4XL         1  0.2    28   247     862    (-,-) 
  core/g42589__9945/Y       -       D->Y  R     AND4XL         1  0.2    28   247    1108    (-,-) 
  core/g42574__6783/Y       -       D->Y  R     AND4XL         1  0.2    28   247    1355    (-,-) 
  core/g42541__1705/Y       -       D->Y  F     NAND4XL        1  0.3   198   146    1501    (-,-) 
  core/g42501__5122/Y       -       B->Y  R     NOR2BX1        1  0.2    55   132    1633    (-,-) 
  core/g42463__5122/Y       -       D->Y  R     AND4XL         1  0.2    28   258    1892    (-,-) 
  core/g42447__7410/Y       -       D->Y  F     NAND4XL        1  0.3   199   146    2037    (-,-) 
  core/g42445__2346/Y       -       B->Y  R     NOR2BX1        1  0.2    55   132    2170    (-,-) 
  core/g42433__6131/Y       -       D->Y  F     NAND4XL        1  0.2   179   147    2317    (-,-) 
  core/g42426__3680/Y       -       AN->Y F     NAND4BX1       1  0.3   161   266    2583    (-,-) 
  core/g42424__5526/Y       -       B->Y  R     NOR2BX1        1  0.2    51   112    2695    (-,-) 
  core/g42420__6260/Y       -       D->Y  F     NAND4XL        1  0.2   179   145    2840    (-,-) 
  core/g42408__6161/Y       -       AN->Y F     NAND4BX1       1  0.3   162   266    3106    (-,-) 
  core/g42393__6783/Y       -       B->Y  R     NOR2BX1        1  0.2    51   112    3218    (-,-) 
  core/g42296__7410/Y       -       D->Y  F     NAND4XL        1  0.3   198   157    3375    (-,-) 
  core/g43328__2398/Y       -       D->Y  R     NOR4BX1        1  0.2   107   153    3528    (-,-) 
  core/g42262__1666/Y       -       D->Y  F     NAND4XL        1  0.3   198   183    3712    (-,-) 
  core/g42261__2346/Y       -       D->Y  R     NOR4X1         1  0.4   125   164    3875    (-,-) 
  core/g42260__2883/Y       -       D->Y  F     NAND4BX1       2  0.5   183   181    4056    (-,-) 
  core/g42259__9945/Y       -       B->Y  R     NAND2X1        6  2.2    88   141    4196    (-,-) 
  core/g42254__5115/Y       -       B->Y  F     NAND2X1        1  0.3    58    87    4284    (-,-) 
  core/g42247__1705/Y       -       C0->Y R     OAI211X1       1  0.3    72    50    4334    (-,-) 
  core/out_rank_q_reg[2]/D  -       -     R     DFFHQX1        1    -     -     0    4334    (-,-) 
#--------------------------------------------------------------------------------------------------

(P) : Instance is preserved



Path 5: MET (5525 ps) Setup Check with Pin core/out_rank_q_reg[1]/CK->D
          Group: clk
     Startpoint: (R) core/req_sync_q_reg[4]/CK
          Clock: (R) clk
       Endpoint: (R) core/out_rank_q_reg[1]/D
          Clock: (R) clk

                     Capture       Launch     
        Clock Edge:+   10000            0     
       Src Latency:+       0            0     
       Net Latency:+       0 (I)        0 (I) 
           Arrival:=   10000            0     
                                              
             Setup:-     141                  
     Required Time:=    9859                  
      Launch Clock:-       0                  
         Data Path:-    4334                  
             Slack:=    5525                  

#--------------------------------------------------------------------------------------------------
#       Timing Point        Flags   Arc   Edge   Cell     Fanout Load Trans Delay Arrival Instance 
#                                                                (fF)  (ps)  (ps)   (ps)  Location 
#--------------------------------------------------------------------------------------------------
  core/req_sync_q_reg[4]/CK -       -     R     (arrival)    265    -     0     0       0    (-,-) 
  core/req_sync_q_reg[4]/Q  (P)     CK->Q F     DFFHQX1        2  0.8    32   202     202    (-,-) 
  core/g43116__3680/Y       -       A0->Y R     AOI21X1        4  1.2    86    91     292    (-,-) 
  core/g42743__7482/Y       -       B->Y  R     AND4XL         1  0.2    28   322     615    (-,-) 
  core/g42662__7410/Y       -       D->Y  R     AND4XL         1  0.2    28   247     862    (-,-) 
  core/g42589__9945/Y       -       D->Y  R     AND4XL         1  0.2    28   247    1108    (-,-) 
  core/g42574__6783/Y       -       D->Y  R     AND4XL         1  0.2    28   247    1355    (-,-) 
  core/g42541__1705/Y       -       D->Y  F     NAND4XL        1  0.3   198   146    1501    (-,-) 
  core/g42501__5122/Y       -       B->Y  R     NOR2BX1        1  0.2    55   132    1633    (-,-) 
  core/g42463__5122/Y       -       D->Y  R     AND4XL         1  0.2    28   258    1892    (-,-) 
  core/g42447__7410/Y       -       D->Y  F     NAND4XL        1  0.3   199   146    2037    (-,-) 
  core/g42445__2346/Y       -       B->Y  R     NOR2BX1        1  0.2    55   132    2170    (-,-) 
  core/g42433__6131/Y       -       D->Y  F     NAND4XL        1  0.2   179   147    2317    (-,-) 
  core/g42426__3680/Y       -       AN->Y F     NAND4BX1       1  0.3   161   266    2583    (-,-) 
  core/g42424__5526/Y       -       B->Y  R     NOR2BX1        1  0.2    51   112    2695    (-,-) 
  core/g42420__6260/Y       -       D->Y  F     NAND4XL        1  0.2   179   145    2840    (-,-) 
  core/g42408__6161/Y       -       AN->Y F     NAND4BX1       1  0.3   162   266    3106    (-,-) 
  core/g42393__6783/Y       -       B->Y  R     NOR2BX1        1  0.2    51   112    3218    (-,-) 
  core/g42296__7410/Y       -       D->Y  F     NAND4XL        1  0.3   198   157    3375    (-,-) 
  core/g43328__2398/Y       -       D->Y  R     NOR4BX1        1  0.2   107   153    3528    (-,-) 
  core/g42262__1666/Y       -       D->Y  F     NAND4XL        1  0.3   198   183    3712    (-,-) 
  core/g42261__2346/Y       -       D->Y  R     NOR4X1         1  0.4   125   164    3875    (-,-) 
  core/g42260__2883/Y       -       D->Y  F     NAND4BX1       2  0.5   183   181    4056    (-,-) 
  core/g42259__9945/Y       -       B->Y  R     NAND2X1        6  2.2    88   141    4196    (-,-) 
  core/g42253__1881/Y       -       B->Y  F     NAND2X1        1  0.3    58    87    4284    (-,-) 
  core/g42250__8246/Y       -       C0->Y R     OAI211X1       1  0.3    72    50    4334    (-,-) 
  core/out_rank_q_reg[1]/D  -       -     R     DFFHQX1        1    -     -     0    4334    (-,-) 
#--------------------------------------------------------------------------------------------------

(P) : Instance is preserved



Path 6: MET (5525 ps) Setup Check with Pin core/out_rank_q_reg[0]/CK->D
          Group: clk
     Startpoint: (R) core/req_sync_q_reg[4]/CK
          Clock: (R) clk
       Endpoint: (R) core/out_rank_q_reg[0]/D
          Clock: (R) clk

                     Capture       Launch     
        Clock Edge:+   10000            0     
       Src Latency:+       0            0     
       Net Latency:+       0 (I)        0 (I) 
           Arrival:=   10000            0     
                                              
             Setup:-     141                  
     Required Time:=    9859                  
      Launch Clock:-       0                  
         Data Path:-    4334                  
             Slack:=    5525                  

#--------------------------------------------------------------------------------------------------
#       Timing Point        Flags   Arc   Edge   Cell     Fanout Load Trans Delay Arrival Instance 
#                                                                (fF)  (ps)  (ps)   (ps)  Location 
#--------------------------------------------------------------------------------------------------
  core/req_sync_q_reg[4]/CK -       -     R     (arrival)    265    -     0     0       0    (-,-) 
  core/req_sync_q_reg[4]/Q  (P)     CK->Q F     DFFHQX1        2  0.8    32   202     202    (-,-) 
  core/g43116__3680/Y       -       A0->Y R     AOI21X1        4  1.2    86    91     292    (-,-) 
  core/g42743__7482/Y       -       B->Y  R     AND4XL         1  0.2    28   322     615    (-,-) 
  core/g42662__7410/Y       -       D->Y  R     AND4XL         1  0.2    28   247     862    (-,-) 
  core/g42589__9945/Y       -       D->Y  R     AND4XL         1  0.2    28   247    1108    (-,-) 
  core/g42574__6783/Y       -       D->Y  R     AND4XL         1  0.2    28   247    1355    (-,-) 
  core/g42541__1705/Y       -       D->Y  F     NAND4XL        1  0.3   198   146    1501    (-,-) 
  core/g42501__5122/Y       -       B->Y  R     NOR2BX1        1  0.2    55   132    1633    (-,-) 
  core/g42463__5122/Y       -       D->Y  R     AND4XL         1  0.2    28   258    1892    (-,-) 
  core/g42447__7410/Y       -       D->Y  F     NAND4XL        1  0.3   199   146    2037    (-,-) 
  core/g42445__2346/Y       -       B->Y  R     NOR2BX1        1  0.2    55   132    2170    (-,-) 
  core/g42433__6131/Y       -       D->Y  F     NAND4XL        1  0.2   179   147    2317    (-,-) 
  core/g42426__3680/Y       -       AN->Y F     NAND4BX1       1  0.3   161   266    2583    (-,-) 
  core/g42424__5526/Y       -       B->Y  R     NOR2BX1        1  0.2    51   112    2695    (-,-) 
  core/g42420__6260/Y       -       D->Y  F     NAND4XL        1  0.2   179   145    2840    (-,-) 
  core/g42408__6161/Y       -       AN->Y F     NAND4BX1       1  0.3   162   266    3106    (-,-) 
  core/g42393__6783/Y       -       B->Y  R     NOR2BX1        1  0.2    51   112    3218    (-,-) 
  core/g42296__7410/Y       -       D->Y  F     NAND4XL        1  0.3   198   157    3375    (-,-) 
  core/g43328__2398/Y       -       D->Y  R     NOR4BX1        1  0.2   107   153    3528    (-,-) 
  core/g42262__1666/Y       -       D->Y  F     NAND4XL        1  0.3   198   183    3712    (-,-) 
  core/g42261__2346/Y       -       D->Y  R     NOR4X1         1  0.4   125   164    3875    (-,-) 
  core/g42260__2883/Y       -       D->Y  F     NAND4BX1       2  0.5   183   181    4056    (-,-) 
  core/g42259__9945/Y       -       B->Y  R     NAND2X1        6  2.2    88   141    4196    (-,-) 
  core/g42257__6161/Y       -       B->Y  F     NAND2X1        1  0.3    58    87    4284    (-,-) 
  core/g42251__7098/Y       -       C0->Y R     OAI211X1       1  0.3    72    50    4334    (-,-) 
  core/out_rank_q_reg[0]/D  -       -     R     DFFHQX1        1    -     -     0    4334    (-,-) 
#--------------------------------------------------------------------------------------------------

(P) : Instance is preserved



Path 7: MET (5690 ps) Setup Check with Pin core/out_valid_q_reg/CK->D
          Group: clk
     Startpoint: (R) core/req_sync_q_reg[4]/CK
          Clock: (R) clk
       Endpoint: (F) core/out_valid_q_reg/D
          Clock: (R) clk

                     Capture       Launch     
        Clock Edge:+   10000            0     
       Src Latency:+       0            0     
       Net Latency:+       0 (I)        0 (I) 
           Arrival:=   10000            0     
                                              
             Setup:-      64                  
     Required Time:=    9936                  
      Launch Clock:-       0                  
         Data Path:-    4245                  
             Slack:=    5690                  

#--------------------------------------------------------------------------------------------------
#       Timing Point        Flags   Arc   Edge   Cell     Fanout Load Trans Delay Arrival Instance 
#                                                                (fF)  (ps)  (ps)   (ps)  Location 
#--------------------------------------------------------------------------------------------------
  core/req_sync_q_reg[4]/CK -       -     R     (arrival)    265    -     0     0       0    (-,-) 
  core/req_sync_q_reg[4]/Q  (P)     CK->Q F     DFFHQX1        2  0.8    32   202     202    (-,-) 
  core/g43116__3680/Y       -       A0->Y R     AOI21X1        4  1.2    86    91     292    (-,-) 
  core/g42743__7482/Y       -       B->Y  R     AND4XL         1  0.2    28   322     615    (-,-) 
  core/g42662__7410/Y       -       D->Y  R     AND4XL         1  0.2    28   247     862    (-,-) 
  core/g42589__9945/Y       -       D->Y  R     AND4XL         1  0.2    28   247    1108    (-,-) 
  core/g42574__6783/Y       -       D->Y  R     AND4XL         1  0.2    28   247    1355    (-,-) 
  core/g42541__1705/Y       -       D->Y  F     NAND4XL        1  0.3   198   146    1501    (-,-) 
  core/g42501__5122/Y       -       B->Y  R     NOR2BX1        1  0.2    55   132    1633    (-,-) 
  core/g42463__5122/Y       -       D->Y  R     AND4XL         1  0.2    28   258    1892    (-,-) 
  core/g42447__7410/Y       -       D->Y  F     NAND4XL        1  0.3   199   146    2037    (-,-) 
  core/g42445__2346/Y       -       B->Y  R     NOR2BX1        1  0.2    55   132    2170    (-,-) 
  core/g42433__6131/Y       -       D->Y  F     NAND4XL        1  0.2   179   147    2317    (-,-) 
  core/g42426__3680/Y       -       AN->Y F     NAND4BX1       1  0.3   161   266    2583    (-,-) 
  core/g42424__5526/Y       -       B->Y  R     NOR2BX1        1  0.2    51   112    2695    (-,-) 
  core/g42420__6260/Y       -       D->Y  F     NAND4XL        1  0.2   179   145    2840    (-,-) 
  core/g42408__6161/Y       -       AN->Y F     NAND4BX1       1  0.3   162   266    3106    (-,-) 
  core/g42393__6783/Y       -       B->Y  R     NOR2BX1        1  0.2    51   112    3218    (-,-) 
  core/g42296__7410/Y       -       D->Y  F     NAND4XL        1  0.3   198   157    3375    (-,-) 
  core/g43328__2398/Y       -       D->Y  R     NOR4BX1        1  0.2   107   153    3528    (-,-) 
  core/g42262__1666/Y       -       D->Y  F     NAND4XL        1  0.3   198   183    3712    (-,-) 
  core/g42261__2346/Y       -       D->Y  R     NOR4X1         1  0.4   125   164    3875    (-,-) 
  core/g42260__2883/Y       -       D->Y  F     NAND4BX1       2  0.5   183   181    4056    (-,-) 
  core/g42258__9315/Y       -       A1->Y F     OA21X1         1  0.3    27   190    4245    (-,-) 
  core/out_valid_q_reg/D    -       -     F     DFFHQX1        1    -     -     0    4245    (-,-) 
#--------------------------------------------------------------------------------------------------

(P) : Instance is preserved



Path 8: MET (6266 ps) Setup Check with Pin core/pending_q_reg[17]/CK->D
          Group: clk
     Startpoint: (R) core/out_rank_q_reg[1]/CK
          Clock: (R) clk
       Endpoint: (F) core/pending_q_reg[17]/D
          Clock: (R) clk

                     Capture       Launch     
        Clock Edge:+   10000            0     
       Src Latency:+       0            0     
       Net Latency:+       0 (I)        0 (I) 
           Arrival:=   10000            0     
                                              
             Setup:-      92                  
     Required Time:=    9908                  
      Launch Clock:-       0                  
         Data Path:-    3642                  
             Slack:=    6266                  

#---------------------------------------------------------------------------------------------------
#       Timing Point        Flags    Arc   Edge   Cell     Fanout Load Trans Delay Arrival Instance 
#                                                                 (fF)  (ps)  (ps)   (ps)  Location 
#---------------------------------------------------------------------------------------------------
  core/out_rank_q_reg[1]/CK -       -      R     (arrival)    265    -     0     0       0    (-,-) 
  core/out_rank_q_reg[1]/Q  -       CK->Q  F     DFFHQX1        8  2.6    76   226     226    (-,-) 
  core/g43225/Y             -       A->Y   R     INVX1          3  1.2    45    65     291    (-,-) 
  core/g43130__9945/Y       -       A->Y   F     NOR2X1         4  1.1    54    61     352    (-,-) 
  core/g43094/Y             -       A->Y   R     INVX1          4  1.6    49    57     409    (-,-) 
  core/g42947__1881/Y       -       A->Y   F     NOR2X1         2  0.5    39    56     465    (-,-) 
  core/g42870__4733/Y       -       B0->Y  R     AOI21X1        3  1.0    81    75     539    (-,-) 
  core/g42754__2398/Y       -       C0->Y  F     OAI211X1       2  0.6   148   154     693    (-,-) 
  core/g2/Y                 -       D->Y   R     NOR4BBX1       3  1.0   177   172     865    (-,-) 
  core/g42682__6131/Y       -       C0->Y  F     OAI211X1       1  0.3   128   188    1053    (-,-) 
  core/g42650__7098/Y       -       C->Y   R     NOR3X1         3  1.2   137   146    1199    (-,-) 
  core/g42588__9315/Y       -       D->Y   F     NAND4X1        2  0.8   215   205    1404    (-,-) 
  core/g42573__5526/Y       -       A1->Y  R     AOI21X1        3  1.2    90   178    1582    (-,-) 
  core/g42572/Y             -       A->Y   F     INVX1          1  0.3    32    68    1649    (-,-) 
  core/g42569__6260/Y       -       C0->Y  R     OAI211X1       4  1.4   120    48    1698    (-,-) 
  core/g42565/Y             -       A->Y   F     INVX1          4  1.1    58    97    1794    (-,-) 
  core/g42542__5122/Y       -       C->Y   R     NAND3BXL       2  0.6    49    61    1855    (-,-) 
  core/g42480__2883/Y       -       A->Y   F     NAND4XL        1  0.3   198   212    2067    (-,-) 
  core/g42455__8428/Y       -       D->Y   R     NOR4X1         1  0.2   107   153    2220    (-,-) 
  core/g42441__6161/Y       -       B->Y   F     NAND4XL        1  0.2   179   221    2442    (-,-) 
  core/g42430__5122/Y       -       D->Y   F     OR4X1          1  0.2    40   270    2712    (-,-) 
  core/g42425__6783/Y       -       D->Y   F     OR4X1          1  0.2    40   214    2926    (-,-) 
  core/g42422__4319/Y       -       D->Y   F     OR4X1          2  0.7    52   221    3147    (-,-) 
  core/g42421/Y             -       A->Y   R     INVX1          4  1.2    41    51    3198    (-,-) 
  core/g42414__1666/Y       -       A1N->Y R     OAI2BB1X1      2  0.4    42   130    3328    (-,-) 
  core/g42404__5115/Y       -       AN->Y  R     NOR2BX1        8  2.4   145   149    3477    (-,-) 
  core/g42356__7410/Y       -       A0->Y  F     AOI21XL        1  0.3    89   165    3642    (-,-) 
  core/pending_q_reg[17]/D  -       -      F     DFFHQX1        1    -     -     0    3642    (-,-) 
#---------------------------------------------------------------------------------------------------



Path 9: MET (6266 ps) Setup Check with Pin core/pending_q_reg[57]/CK->D
          Group: clk
     Startpoint: (R) core/out_rank_q_reg[1]/CK
          Clock: (R) clk
       Endpoint: (F) core/pending_q_reg[57]/D
          Clock: (R) clk

                     Capture       Launch     
        Clock Edge:+   10000            0     
       Src Latency:+       0            0     
       Net Latency:+       0 (I)        0 (I) 
           Arrival:=   10000            0     
                                              
             Setup:-      92                  
     Required Time:=    9908                  
      Launch Clock:-       0                  
         Data Path:-    3642                  
             Slack:=    6266                  

#---------------------------------------------------------------------------------------------------
#       Timing Point        Flags    Arc   Edge   Cell     Fanout Load Trans Delay Arrival Instance 
#                                                                 (fF)  (ps)  (ps)   (ps)  Location 
#---------------------------------------------------------------------------------------------------
  core/out_rank_q_reg[1]/CK -       -      R     (arrival)    265    -     0     0       0    (-,-) 
  core/out_rank_q_reg[1]/Q  -       CK->Q  F     DFFHQX1        8  2.6    76   226     226    (-,-) 
  core/g43225/Y             -       A->Y   R     INVX1          3  1.2    45    65     291    (-,-) 
  core/g43130__9945/Y       -       A->Y   F     NOR2X1         4  1.1    54    61     352    (-,-) 
  core/g43094/Y             -       A->Y   R     INVX1          4  1.6    49    57     409    (-,-) 
  core/g42947__1881/Y       -       A->Y   F     NOR2X1         2  0.5    39    56     465    (-,-) 
  core/g42870__4733/Y       -       B0->Y  R     AOI21X1        3  1.0    81    75     539    (-,-) 
  core/g42754__2398/Y       -       C0->Y  F     OAI211X1       2  0.6   148   154     693    (-,-) 
  core/g2/Y                 -       D->Y   R     NOR4BBX1       3  1.0   177   172     865    (-,-) 
  core/g42682__6131/Y       -       C0->Y  F     OAI211X1       1  0.3   128   188    1053    (-,-) 
  core/g42650__7098/Y       -       C->Y   R     NOR3X1         3  1.2   137   146    1199    (-,-) 
  core/g42588__9315/Y       -       D->Y   F     NAND4X1        2  0.8   215   205    1404    (-,-) 
  core/g42573__5526/Y       -       A1->Y  R     AOI21X1        3  1.2    90   178    1582    (-,-) 
  core/g42572/Y             -       A->Y   F     INVX1          1  0.3    32    68    1649    (-,-) 
  core/g42569__6260/Y       -       C0->Y  R     OAI211X1       4  1.4   120    48    1698    (-,-) 
  core/g42565/Y             -       A->Y   F     INVX1          4  1.1    58    97    1794    (-,-) 
  core/g42542__5122/Y       -       C->Y   R     NAND3BXL       2  0.6    49    61    1855    (-,-) 
  core/g42480__2883/Y       -       A->Y   F     NAND4XL        1  0.3   198   212    2067    (-,-) 
  core/g42455__8428/Y       -       D->Y   R     NOR4X1         1  0.2   107   153    2220    (-,-) 
  core/g42441__6161/Y       -       B->Y   F     NAND4XL        1  0.2   179   221    2442    (-,-) 
  core/g42430__5122/Y       -       D->Y   F     OR4X1          1  0.2    40   270    2712    (-,-) 
  core/g42425__6783/Y       -       D->Y   F     OR4X1          1  0.2    40   214    2926    (-,-) 
  core/g42422__4319/Y       -       D->Y   F     OR4X1          2  0.7    52   221    3147    (-,-) 
  core/g42421/Y             -       A->Y   R     INVX1          4  1.2    41    51    3198    (-,-) 
  core/g42414__1666/Y       -       A1N->Y R     OAI2BB1X1      2  0.4    42   130    3328    (-,-) 
  core/g42404__5115/Y       -       AN->Y  R     NOR2BX1        8  2.4   145   149    3477    (-,-) 
  core/g42386__5477/Y       -       A0->Y  F     AOI21XL        1  0.3    89   165    3642    (-,-) 
  core/pending_q_reg[57]/D  -       -      F     DFFHQX1        1    -     -     0    3642    (-,-) 
#---------------------------------------------------------------------------------------------------



Path 10: MET (6266 ps) Setup Check with Pin core/pending_q_reg[49]/CK->D
          Group: clk
     Startpoint: (R) core/out_rank_q_reg[1]/CK
          Clock: (R) clk
       Endpoint: (F) core/pending_q_reg[49]/D
          Clock: (R) clk

                     Capture       Launch     
        Clock Edge:+   10000            0     
       Src Latency:+       0            0     
       Net Latency:+       0 (I)        0 (I) 
           Arrival:=   10000            0     
                                              
             Setup:-      92                  
     Required Time:=    9908                  
      Launch Clock:-       0                  
         Data Path:-    3642                  
             Slack:=    6266                  

#---------------------------------------------------------------------------------------------------
#       Timing Point        Flags    Arc   Edge   Cell     Fanout Load Trans Delay Arrival Instance 
#                                                                 (fF)  (ps)  (ps)   (ps)  Location 
#---------------------------------------------------------------------------------------------------
  core/out_rank_q_reg[1]/CK -       -      R     (arrival)    265    -     0     0       0    (-,-) 
  core/out_rank_q_reg[1]/Q  -       CK->Q  F     DFFHQX1        8  2.6    76   226     226    (-,-) 
  core/g43225/Y             -       A->Y   R     INVX1          3  1.2    45    65     291    (-,-) 
  core/g43130__9945/Y       -       A->Y   F     NOR2X1         4  1.1    54    61     352    (-,-) 
  core/g43094/Y             -       A->Y   R     INVX1          4  1.6    49    57     409    (-,-) 
  core/g42947__1881/Y       -       A->Y   F     NOR2X1         2  0.5    39    56     465    (-,-) 
  core/g42870__4733/Y       -       B0->Y  R     AOI21X1        3  1.0    81    75     539    (-,-) 
  core/g42754__2398/Y       -       C0->Y  F     OAI211X1       2  0.6   148   154     693    (-,-) 
  core/g2/Y                 -       D->Y   R     NOR4BBX1       3  1.0   177   172     865    (-,-) 
  core/g42682__6131/Y       -       C0->Y  F     OAI211X1       1  0.3   128   188    1053    (-,-) 
  core/g42650__7098/Y       -       C->Y   R     NOR3X1         3  1.2   137   146    1199    (-,-) 
  core/g42588__9315/Y       -       D->Y   F     NAND4X1        2  0.8   215   205    1404    (-,-) 
  core/g42573__5526/Y       -       A1->Y  R     AOI21X1        3  1.2    90   178    1582    (-,-) 
  core/g42572/Y             -       A->Y   F     INVX1          1  0.3    32    68    1649    (-,-) 
  core/g42569__6260/Y       -       C0->Y  R     OAI211X1       4  1.4   120    48    1698    (-,-) 
  core/g42565/Y             -       A->Y   F     INVX1          4  1.1    58    97    1794    (-,-) 
  core/g42542__5122/Y       -       C->Y   R     NAND3BXL       2  0.6    49    61    1855    (-,-) 
  core/g42480__2883/Y       -       A->Y   F     NAND4XL        1  0.3   198   212    2067    (-,-) 
  core/g42455__8428/Y       -       D->Y   R     NOR4X1         1  0.2   107   153    2220    (-,-) 
  core/g42441__6161/Y       -       B->Y   F     NAND4XL        1  0.2   179   221    2442    (-,-) 
  core/g42430__5122/Y       -       D->Y   F     OR4X1          1  0.2    40   270    2712    (-,-) 
  core/g42425__6783/Y       -       D->Y   F     OR4X1          1  0.2    40   214    2926    (-,-) 
  core/g42422__4319/Y       -       D->Y   F     OR4X1          2  0.7    52   221    3147    (-,-) 
  core/g42421/Y             -       A->Y   R     INVX1          4  1.2    41    51    3198    (-,-) 
  core/g42414__1666/Y       -       A1N->Y R     OAI2BB1X1      2  0.4    42   130    3328    (-,-) 
  core/g42404__5115/Y       -       AN->Y  R     NOR2BX1        8  2.4   145   149    3477    (-,-) 
  core/g42379__9315/Y       -       A0->Y  F     AOI21XL        1  0.3    89   165    3642    (-,-) 
  core/pending_q_reg[49]/D  -       -      F     DFFHQX1        1    -     -     0    3642    (-,-) 
#---------------------------------------------------------------------------------------------------



Path 11: MET (6266 ps) Setup Check with Pin core/pending_q_reg[25]/CK->D
          Group: clk
     Startpoint: (R) core/out_rank_q_reg[1]/CK
          Clock: (R) clk
       Endpoint: (F) core/pending_q_reg[25]/D
          Clock: (R) clk

                     Capture       Launch     
        Clock Edge:+   10000            0     
       Src Latency:+       0            0     
       Net Latency:+       0 (I)        0 (I) 
           Arrival:=   10000            0     
                                              
             Setup:-      92                  
     Required Time:=    9908                  
      Launch Clock:-       0                  
         Data Path:-    3642                  
             Slack:=    6266                  

#---------------------------------------------------------------------------------------------------
#       Timing Point        Flags    Arc   Edge   Cell     Fanout Load Trans Delay Arrival Instance 
#                                                                 (fF)  (ps)  (ps)   (ps)  Location 
#---------------------------------------------------------------------------------------------------
  core/out_rank_q_reg[1]/CK -       -      R     (arrival)    265    -     0     0       0    (-,-) 
  core/out_rank_q_reg[1]/Q  -       CK->Q  F     DFFHQX1        8  2.6    76   226     226    (-,-) 
  core/g43225/Y             -       A->Y   R     INVX1          3  1.2    45    65     291    (-,-) 
  core/g43130__9945/Y       -       A->Y   F     NOR2X1         4  1.1    54    61     352    (-,-) 
  core/g43094/Y             -       A->Y   R     INVX1          4  1.6    49    57     409    (-,-) 
  core/g42947__1881/Y       -       A->Y   F     NOR2X1         2  0.5    39    56     465    (-,-) 
  core/g42870__4733/Y       -       B0->Y  R     AOI21X1        3  1.0    81    75     539    (-,-) 
  core/g42754__2398/Y       -       C0->Y  F     OAI211X1       2  0.6   148   154     693    (-,-) 
  core/g2/Y                 -       D->Y   R     NOR4BBX1       3  1.0   177   172     865    (-,-) 
  core/g42682__6131/Y       -       C0->Y  F     OAI211X1       1  0.3   128   188    1053    (-,-) 
  core/g42650__7098/Y       -       C->Y   R     NOR3X1         3  1.2   137   146    1199    (-,-) 
  core/g42588__9315/Y       -       D->Y   F     NAND4X1        2  0.8   215   205    1404    (-,-) 
  core/g42573__5526/Y       -       A1->Y  R     AOI21X1        3  1.2    90   178    1582    (-,-) 
  core/g42572/Y             -       A->Y   F     INVX1          1  0.3    32    68    1649    (-,-) 
  core/g42569__6260/Y       -       C0->Y  R     OAI211X1       4  1.4   120    48    1698    (-,-) 
  core/g42565/Y             -       A->Y   F     INVX1          4  1.1    58    97    1794    (-,-) 
  core/g42542__5122/Y       -       C->Y   R     NAND3BXL       2  0.6    49    61    1855    (-,-) 
  core/g42480__2883/Y       -       A->Y   F     NAND4XL        1  0.3   198   212    2067    (-,-) 
  core/g42455__8428/Y       -       D->Y   R     NOR4X1         1  0.2   107   153    2220    (-,-) 
  core/g42441__6161/Y       -       B->Y   F     NAND4XL        1  0.2   179   221    2442    (-,-) 
  core/g42430__5122/Y       -       D->Y   F     OR4X1          1  0.2    40   270    2712    (-,-) 
  core/g42425__6783/Y       -       D->Y   F     OR4X1          1  0.2    40   214    2926    (-,-) 
  core/g42422__4319/Y       -       D->Y   F     OR4X1          2  0.7    52   221    3147    (-,-) 
  core/g42421/Y             -       A->Y   R     INVX1          4  1.2    41    51    3198    (-,-) 
  core/g42414__1666/Y       -       A1N->Y R     OAI2BB1X1      2  0.4    42   130    3328    (-,-) 
  core/g42404__5115/Y       -       AN->Y  R     NOR2BX1        8  2.4   145   149    3477    (-,-) 
  core/g42359__2398/Y       -       A0->Y  F     AOI21XL        1  0.3    89   165    3642    (-,-) 
  core/pending_q_reg[25]/D  -       -      F     DFFHQX1        1    -     -     0    3642    (-,-) 
#---------------------------------------------------------------------------------------------------



Path 12: MET (6282 ps) Setup Check with Pin core/pending_q_reg[13]/CK->D
          Group: clk
     Startpoint: (R) core/out_rank_q_reg[1]/CK
          Clock: (R) clk
       Endpoint: (F) core/pending_q_reg[13]/D
          Clock: (R) clk

                     Capture       Launch     
        Clock Edge:+   10000            0     
       Src Latency:+       0            0     
       Net Latency:+       0 (I)        0 (I) 
           Arrival:=   10000            0     
                                              
             Setup:-      64                  
     Required Time:=    9936                  
      Launch Clock:-       0                  
         Data Path:-    3654                  
             Slack:=    6282                  

#--------------------------------------------------------------------------------------------------
#       Timing Point        Flags   Arc   Edge   Cell     Fanout Load Trans Delay Arrival Instance 
#                                                                (fF)  (ps)  (ps)   (ps)  Location 
#--------------------------------------------------------------------------------------------------
  core/out_rank_q_reg[1]/CK -       -     R     (arrival)    265    -     0     0       0    (-,-) 
  core/out_rank_q_reg[1]/Q  -       CK->Q F     DFFHQX1        8  2.6    76   226     226    (-,-) 
  core/g43225/Y             -       A->Y  R     INVX1          3  1.2    45    65     291    (-,-) 
  core/g43130__9945/Y       -       A->Y  F     NOR2X1         4  1.1    54    61     352    (-,-) 
  core/g43094/Y             -       A->Y  R     INVX1          4  1.6    49    57     409    (-,-) 
  core/g42947__1881/Y       -       A->Y  F     NOR2X1         2  0.5    39    56     465    (-,-) 
  core/g42870__4733/Y       -       B0->Y R     AOI21X1        3  1.0    81    75     539    (-,-) 
  core/g42754__2398/Y       -       C0->Y F     OAI211X1       2  0.6   148   154     693    (-,-) 
  core/g2/Y                 -       D->Y  R     NOR4BBX1       3  1.0   177   172     865    (-,-) 
  core/g42682__6131/Y       -       C0->Y F     OAI211X1       1  0.3   128   188    1053    (-,-) 
  core/g42650__7098/Y       -       C->Y  R     NOR3X1         3  1.2   137   146    1199    (-,-) 
  core/g42588__9315/Y       -       D->Y  F     NAND4X1        2  0.8   215   205    1404    (-,-) 
  core/g42573__5526/Y       -       A1->Y R     AOI21X1        3  1.2    90   178    1582    (-,-) 
  core/g42572/Y             -       A->Y  F     INVX1          1  0.3    32    68    1649    (-,-) 
  core/g42569__6260/Y       -       C0->Y R     OAI211X1       4  1.4   120    48    1698    (-,-) 
  core/g42565/Y             -       A->Y  F     INVX1          4  1.1    58    97    1794    (-,-) 
  core/g42542__5122/Y       -       C->Y  R     NAND3BXL       2  0.6    49    61    1855    (-,-) 
  core/g42480__2883/Y       -       A->Y  F     NAND4XL        1  0.3   198   212    2067    (-,-) 
  core/g42455__8428/Y       -       D->Y  R     NOR4X1         1  0.2   107   153    2220    (-,-) 
  core/g42441__6161/Y       -       B->Y  F     NAND4XL        1  0.2   179   221    2442    (-,-) 
  core/g42430__5122/Y       -       D->Y  F     OR4X1          1  0.2    40   270    2712    (-,-) 
  core/g42425__6783/Y       -       D->Y  F     OR4X1          1  0.2    40   214    2926    (-,-) 
  core/g42422__4319/Y       -       D->Y  F     OR4X1          2  0.7    52   221    3147    (-,-) 
  core/g42421/Y             -       A->Y  R     INVX1          4  1.2    41    51    3198    (-,-) 
  core/g42417__5477/Y       -       A1->Y F     AOI21X1        2  0.6    84    89    3287    (-,-) 
  core/g42412__2346/Y       -       B->Y  R     NOR2X1         8  2.6   146   131    3418    (-,-) 
  core/g42407/Y             -       A->Y  F     INVX1          1  0.2    40   100    3518    (-,-) 
  core/g42351__9315/Y       -       A0->Y F     OA21X1         1  0.3    26   136    3654    (-,-) 
  core/pending_q_reg[13]/D  -       -     F     DFFHQX1        1    -     -     0    3654    (-,-) 
#--------------------------------------------------------------------------------------------------



Path 13: MET (6287 ps) Setup Check with Pin core/pending_q_reg[16]/CK->D
          Group: clk
     Startpoint: (R) core/out_rank_q_reg[1]/CK
          Clock: (R) clk
       Endpoint: (F) core/pending_q_reg[16]/D
          Clock: (R) clk

                     Capture       Launch     
        Clock Edge:+   10000            0     
       Src Latency:+       0            0     
       Net Latency:+       0 (I)        0 (I) 
           Arrival:=   10000            0     
                                              
             Setup:-      88                  
     Required Time:=    9912                  
      Launch Clock:-       0                  
         Data Path:-    3624                  
             Slack:=    6287                  

#---------------------------------------------------------------------------------------------------
#       Timing Point        Flags    Arc   Edge   Cell     Fanout Load Trans Delay Arrival Instance 
#                                                                 (fF)  (ps)  (ps)   (ps)  Location 
#---------------------------------------------------------------------------------------------------
  core/out_rank_q_reg[1]/CK -       -      R     (arrival)    265    -     0     0       0    (-,-) 
  core/out_rank_q_reg[1]/Q  -       CK->Q  F     DFFHQX1        8  2.6    76   226     226    (-,-) 
  core/g43225/Y             -       A->Y   R     INVX1          3  1.2    45    65     291    (-,-) 
  core/g43130__9945/Y       -       A->Y   F     NOR2X1         4  1.1    54    61     352    (-,-) 
  core/g43094/Y             -       A->Y   R     INVX1          4  1.6    49    57     409    (-,-) 
  core/g42947__1881/Y       -       A->Y   F     NOR2X1         2  0.5    39    56     465    (-,-) 
  core/g42870__4733/Y       -       B0->Y  R     AOI21X1        3  1.0    81    75     539    (-,-) 
  core/g42754__2398/Y       -       C0->Y  F     OAI211X1       2  0.6   148   154     693    (-,-) 
  core/g2/Y                 -       D->Y   R     NOR4BBX1       3  1.0   177   172     865    (-,-) 
  core/g42682__6131/Y       -       C0->Y  F     OAI211X1       1  0.3   128   188    1053    (-,-) 
  core/g42650__7098/Y       -       C->Y   R     NOR3X1         3  1.2   137   146    1199    (-,-) 
  core/g42588__9315/Y       -       D->Y   F     NAND4X1        2  0.8   215   205    1404    (-,-) 
  core/g42573__5526/Y       -       A1->Y  R     AOI21X1        3  1.2    90   178    1582    (-,-) 
  core/g42572/Y             -       A->Y   F     INVX1          1  0.3    32    68    1649    (-,-) 
  core/g42569__6260/Y       -       C0->Y  R     OAI211X1       4  1.4   120    48    1698    (-,-) 
  core/g42565/Y             -       A->Y   F     INVX1          4  1.1    58    97    1794    (-,-) 
  core/g42542__5122/Y       -       C->Y   R     NAND3BXL       2  0.6    49    61    1855    (-,-) 
  core/g42480__2883/Y       -       A->Y   F     NAND4XL        1  0.3   198   212    2067    (-,-) 
  core/g42455__8428/Y       -       D->Y   R     NOR4X1         1  0.2   107   153    2220    (-,-) 
  core/g42441__6161/Y       -       B->Y   F     NAND4XL        1  0.2   179   221    2442    (-,-) 
  core/g42430__5122/Y       -       D->Y   F     OR4X1          1  0.2    40   270    2712    (-,-) 
  core/g42425__6783/Y       -       D->Y   F     OR4X1          1  0.2    40   214    2926    (-,-) 
  core/g42422__4319/Y       -       D->Y   F     OR4X1          2  0.7    52   221    3147    (-,-) 
  core/g42421/Y             -       A->Y   R     INVX1          4  1.2    41    51    3198    (-,-) 
  core/g42414__1666/Y       -       A1N->Y R     OAI2BB1X1      2  0.4    42   130    3328    (-,-) 
  core/g42404__5115/Y       -       AN->Y  R     NOR2BX1        8  2.4   145   149    3477    (-,-) 
  core/g42354__2346/Y       -       A0->Y  F     AOI21X1        1  0.3    81   148    3624    (-,-) 
  core/pending_q_reg[16]/D  -       -      F     DFFHQX1        1    -     -     0    3624    (-,-) 
#---------------------------------------------------------------------------------------------------



Path 14: MET (6291 ps) Setup Check with Pin core/pending_q_reg[48]/CK->D
          Group: clk
     Startpoint: (R) core/out_rank_q_reg[1]/CK
          Clock: (R) clk
       Endpoint: (F) core/pending_q_reg[48]/D
          Clock: (R) clk

                     Capture       Launch     
        Clock Edge:+   10000            0     
       Src Latency:+       0            0     
       Net Latency:+       0 (I)        0 (I) 
           Arrival:=   10000            0     
                                              
             Setup:-      85                  
     Required Time:=    9915                  
      Launch Clock:-       0                  
         Data Path:-    3624                  
             Slack:=    6291                  

#---------------------------------------------------------------------------------------------------
#       Timing Point        Flags    Arc   Edge   Cell     Fanout Load Trans Delay Arrival Instance 
#                                                                 (fF)  (ps)  (ps)   (ps)  Location 
#---------------------------------------------------------------------------------------------------
  core/out_rank_q_reg[1]/CK -       -      R     (arrival)    265    -     0     0       0    (-,-) 
  core/out_rank_q_reg[1]/Q  -       CK->Q  F     DFFHQX1        8  2.6    76   226     226    (-,-) 
  core/g43225/Y             -       A->Y   R     INVX1          3  1.2    45    65     291    (-,-) 
  core/g43130__9945/Y       -       A->Y   F     NOR2X1         4  1.1    54    61     352    (-,-) 
  core/g43094/Y             -       A->Y   R     INVX1          4  1.6    49    57     409    (-,-) 
  core/g42947__1881/Y       -       A->Y   F     NOR2X1         2  0.5    39    56     465    (-,-) 
  core/g42870__4733/Y       -       B0->Y  R     AOI21X1        3  1.0    81    75     539    (-,-) 
  core/g42754__2398/Y       -       C0->Y  F     OAI211X1       2  0.6   148   154     693    (-,-) 
  core/g2/Y                 -       D->Y   R     NOR4BBX1       3  1.0   177   172     865    (-,-) 
  core/g42682__6131/Y       -       C0->Y  F     OAI211X1       1  0.3   128   188    1053    (-,-) 
  core/g42650__7098/Y       -       C->Y   R     NOR3X1         3  1.2   137   146    1199    (-,-) 
  core/g42588__9315/Y       -       D->Y   F     NAND4X1        2  0.8   215   205    1404    (-,-) 
  core/g42573__5526/Y       -       A1->Y  R     AOI21X1        3  1.2    90   178    1582    (-,-) 
  core/g42572/Y             -       A->Y   F     INVX1          1  0.3    32    68    1649    (-,-) 
  core/g42569__6260/Y       -       C0->Y  R     OAI211X1       4  1.4   120    48    1698    (-,-) 
  core/g42565/Y             -       A->Y   F     INVX1          4  1.1    58    97    1794    (-,-) 
  core/g42542__5122/Y       -       C->Y   R     NAND3BXL       2  0.6    49    61    1855    (-,-) 
  core/g42480__2883/Y       -       A->Y   F     NAND4XL        1  0.3   198   212    2067    (-,-) 
  core/g42455__8428/Y       -       D->Y   R     NOR4X1         1  0.2   107   153    2220    (-,-) 
  core/g42441__6161/Y       -       B->Y   F     NAND4XL        1  0.2   179   221    2442    (-,-) 
  core/g42430__5122/Y       -       D->Y   F     OR4X1          1  0.2    40   270    2712    (-,-) 
  core/g42425__6783/Y       -       D->Y   F     OR4X1          1  0.2    40   214    2926    (-,-) 
  core/g42422__4319/Y       -       D->Y   F     OR4X1          2  0.7    52   221    3147    (-,-) 
  core/g42421/Y             -       A->Y   R     INVX1          4  1.2    41    51    3198    (-,-) 
  core/g42414__1666/Y       -       A1N->Y R     OAI2BB1X1      2  0.4    42   130    3328    (-,-) 
  core/g42404__5115/Y       -       AN->Y  R     NOR2BX1        8  2.4   145   149    3477    (-,-) 
  core/g42380__9945/Y       -       A0->Y  F     AOI21X1        1  0.3    73   148    3624    (-,-) 
  core/pending_q_reg[48]/D  -       -      F     DFFHQX1        1    -     -     0    3624    (-,-) 
#---------------------------------------------------------------------------------------------------



Path 15: MET (6291 ps) Setup Check with Pin core/pending_q_reg[24]/CK->D
          Group: clk
     Startpoint: (R) core/out_rank_q_reg[1]/CK
          Clock: (R) clk
       Endpoint: (F) core/pending_q_reg[24]/D
          Clock: (R) clk

                     Capture       Launch     
        Clock Edge:+   10000            0     
       Src Latency:+       0            0     
       Net Latency:+       0 (I)        0 (I) 
           Arrival:=   10000            0     
                                              
             Setup:-      85                  
     Required Time:=    9915                  
      Launch Clock:-       0                  
         Data Path:-    3624                  
             Slack:=    6291                  

#---------------------------------------------------------------------------------------------------
#       Timing Point        Flags    Arc   Edge   Cell     Fanout Load Trans Delay Arrival Instance 
#                                                                 (fF)  (ps)  (ps)   (ps)  Location 
#---------------------------------------------------------------------------------------------------
  core/out_rank_q_reg[1]/CK -       -      R     (arrival)    265    -     0     0       0    (-,-) 
  core/out_rank_q_reg[1]/Q  -       CK->Q  F     DFFHQX1        8  2.6    76   226     226    (-,-) 
  core/g43225/Y             -       A->Y   R     INVX1          3  1.2    45    65     291    (-,-) 
  core/g43130__9945/Y       -       A->Y   F     NOR2X1         4  1.1    54    61     352    (-,-) 
  core/g43094/Y             -       A->Y   R     INVX1          4  1.6    49    57     409    (-,-) 
  core/g42947__1881/Y       -       A->Y   F     NOR2X1         2  0.5    39    56     465    (-,-) 
  core/g42870__4733/Y       -       B0->Y  R     AOI21X1        3  1.0    81    75     539    (-,-) 
  core/g42754__2398/Y       -       C0->Y  F     OAI211X1       2  0.6   148   154     693    (-,-) 
  core/g2/Y                 -       D->Y   R     NOR4BBX1       3  1.0   177   172     865    (-,-) 
  core/g42682__6131/Y       -       C0->Y  F     OAI211X1       1  0.3   128   188    1053    (-,-) 
  core/g42650__7098/Y       -       C->Y   R     NOR3X1         3  1.2   137   146    1199    (-,-) 
  core/g42588__9315/Y       -       D->Y   F     NAND4X1        2  0.8   215   205    1404    (-,-) 
  core/g42573__5526/Y       -       A1->Y  R     AOI21X1        3  1.2    90   178    1582    (-,-) 
  core/g42572/Y             -       A->Y   F     INVX1          1  0.3    32    68    1649    (-,-) 
  core/g42569__6260/Y       -       C0->Y  R     OAI211X1       4  1.4   120    48    1698    (-,-) 
  core/g42565/Y             -       A->Y   F     INVX1          4  1.1    58    97    1794    (-,-) 
  core/g42542__5122/Y       -       C->Y   R     NAND3BXL       2  0.6    49    61    1855    (-,-) 
  core/g42480__2883/Y       -       A->Y   F     NAND4XL        1  0.3   198   212    2067    (-,-) 
  core/g42455__8428/Y       -       D->Y   R     NOR4X1         1  0.2   107   153    2220    (-,-) 
  core/g42441__6161/Y       -       B->Y   F     NAND4XL        1  0.2   179   221    2442    (-,-) 
  core/g42430__5122/Y       -       D->Y   F     OR4X1          1  0.2    40   270    2712    (-,-) 
  core/g42425__6783/Y       -       D->Y   F     OR4X1          1  0.2    40   214    2926    (-,-) 
  core/g42422__4319/Y       -       D->Y   F     OR4X1          2  0.7    52   221    3147    (-,-) 
  core/g42421/Y             -       A->Y   R     INVX1          4  1.2    41    51    3198    (-,-) 
  core/g42414__1666/Y       -       A1N->Y R     OAI2BB1X1      2  0.4    42   130    3328    (-,-) 
  core/g42404__5115/Y       -       AN->Y  R     NOR2BX1        8  2.4   145   149    3477    (-,-) 
  core/g42357__6417/Y       -       A0->Y  F     AOI21X1        1  0.3    73   148    3624    (-,-) 
  core/pending_q_reg[24]/D  -       -      F     DFFHQX1        1    -     -     0    3624    (-,-) 
#---------------------------------------------------------------------------------------------------



Path 16: MET (6291 ps) Setup Check with Pin core/pending_q_reg[56]/CK->D
          Group: clk
     Startpoint: (R) core/out_rank_q_reg[1]/CK
          Clock: (R) clk
       Endpoint: (F) core/pending_q_reg[56]/D
          Clock: (R) clk

                     Capture       Launch     
        Clock Edge:+   10000            0     
       Src Latency:+       0            0     
       Net Latency:+       0 (I)        0 (I) 
           Arrival:=   10000            0     
                                              
             Setup:-      85                  
     Required Time:=    9915                  
      Launch Clock:-       0                  
         Data Path:-    3624                  
             Slack:=    6291                  

#---------------------------------------------------------------------------------------------------
#       Timing Point        Flags    Arc   Edge   Cell     Fanout Load Trans Delay Arrival Instance 
#                                                                 (fF)  (ps)  (ps)   (ps)  Location 
#---------------------------------------------------------------------------------------------------
  core/out_rank_q_reg[1]/CK -       -      R     (arrival)    265    -     0     0       0    (-,-) 
  core/out_rank_q_reg[1]/Q  -       CK->Q  F     DFFHQX1        8  2.6    76   226     226    (-,-) 
  core/g43225/Y             -       A->Y   R     INVX1          3  1.2    45    65     291    (-,-) 
  core/g43130__9945/Y       -       A->Y   F     NOR2X1         4  1.1    54    61     352    (-,-) 
  core/g43094/Y             -       A->Y   R     INVX1          4  1.6    49    57     409    (-,-) 
  core/g42947__1881/Y       -       A->Y   F     NOR2X1         2  0.5    39    56     465    (-,-) 
  core/g42870__4733/Y       -       B0->Y  R     AOI21X1        3  1.0    81    75     539    (-,-) 
  core/g42754__2398/Y       -       C0->Y  F     OAI211X1       2  0.6   148   154     693    (-,-) 
  core/g2/Y                 -       D->Y   R     NOR4BBX1       3  1.0   177   172     865    (-,-) 
  core/g42682__6131/Y       -       C0->Y  F     OAI211X1       1  0.3   128   188    1053    (-,-) 
  core/g42650__7098/Y       -       C->Y   R     NOR3X1         3  1.2   137   146    1199    (-,-) 
  core/g42588__9315/Y       -       D->Y   F     NAND4X1        2  0.8   215   205    1404    (-,-) 
  core/g42573__5526/Y       -       A1->Y  R     AOI21X1        3  1.2    90   178    1582    (-,-) 
  core/g42572/Y             -       A->Y   F     INVX1          1  0.3    32    68    1649    (-,-) 
  core/g42569__6260/Y       -       C0->Y  R     OAI211X1       4  1.4   120    48    1698    (-,-) 
  core/g42565/Y             -       A->Y   F     INVX1          4  1.1    58    97    1794    (-,-) 
  core/g42542__5122/Y       -       C->Y   R     NAND3BXL       2  0.6    49    61    1855    (-,-) 
  core/g42480__2883/Y       -       A->Y   F     NAND4XL        1  0.3   198   212    2067    (-,-) 
  core/g42455__8428/Y       -       D->Y   R     NOR4X1         1  0.2   107   153    2220    (-,-) 
  core/g42441__6161/Y       -       B->Y   F     NAND4XL        1  0.2   179   221    2442    (-,-) 
  core/g42430__5122/Y       -       D->Y   F     OR4X1          1  0.2    40   270    2712    (-,-) 
  core/g42425__6783/Y       -       D->Y   F     OR4X1          1  0.2    40   214    2926    (-,-) 
  core/g42422__4319/Y       -       D->Y   F     OR4X1          2  0.7    52   221    3147    (-,-) 
  core/g42421/Y             -       A->Y   R     INVX1          4  1.2    41    51    3198    (-,-) 
  core/g42414__1666/Y       -       A1N->Y R     OAI2BB1X1      2  0.4    42   130    3328    (-,-) 
  core/g42404__5115/Y       -       AN->Y  R     NOR2BX1        8  2.4   145   149    3477    (-,-) 
  core/g42385__6417/Y       -       A0->Y  F     AOI21X1        1  0.3    73   148    3624    (-,-) 
  core/pending_q_reg[56]/D  -       -      F     DFFHQX1        1    -     -     0    3624    (-,-) 
#---------------------------------------------------------------------------------------------------



Path 17: MET (6312 ps) Setup Check with Pin core/pending_q_reg[1]/CK->D
          Group: clk
     Startpoint: (R) core/out_rank_q_reg[1]/CK
          Clock: (R) clk
       Endpoint: (F) core/pending_q_reg[1]/D
          Clock: (R) clk

                     Capture       Launch     
        Clock Edge:+   10000            0     
       Src Latency:+       0            0     
       Net Latency:+       0 (I)        0 (I) 
           Arrival:=   10000            0     
                                              
             Setup:-      92                  
     Required Time:=    9908                  
      Launch Clock:-       0                  
         Data Path:-    3596                  
             Slack:=    6312                  

#---------------------------------------------------------------------------------------------------
#       Timing Point        Flags    Arc   Edge   Cell     Fanout Load Trans Delay Arrival Instance 
#                                                                 (fF)  (ps)  (ps)   (ps)  Location 
#---------------------------------------------------------------------------------------------------
  core/out_rank_q_reg[1]/CK -       -      R     (arrival)    265    -     0     0       0    (-,-) 
  core/out_rank_q_reg[1]/Q  -       CK->Q  F     DFFHQX1        8  2.6    76   226     226    (-,-) 
  core/g43225/Y             -       A->Y   R     INVX1          3  1.2    45    65     291    (-,-) 
  core/g43130__9945/Y       -       A->Y   F     NOR2X1         4  1.1    54    61     352    (-,-) 
  core/g43094/Y             -       A->Y   R     INVX1          4  1.6    49    57     409    (-,-) 
  core/g42947__1881/Y       -       A->Y   F     NOR2X1         2  0.5    39    56     465    (-,-) 
  core/g42870__4733/Y       -       B0->Y  R     AOI21X1        3  1.0    81    75     539    (-,-) 
  core/g42754__2398/Y       -       C0->Y  F     OAI211X1       2  0.6   148   154     693    (-,-) 
  core/g2/Y                 -       D->Y   R     NOR4BBX1       3  1.0   177   172     865    (-,-) 
  core/g42682__6131/Y       -       C0->Y  F     OAI211X1       1  0.3   128   188    1053    (-,-) 
  core/g42650__7098/Y       -       C->Y   R     NOR3X1         3  1.2   137   146    1199    (-,-) 
  core/g42588__9315/Y       -       D->Y   F     NAND4X1        2  0.8   215   205    1404    (-,-) 
  core/g42573__5526/Y       -       A1->Y  R     AOI21X1        3  1.2    90   178    1582    (-,-) 
  core/g42572/Y             -       A->Y   F     INVX1          1  0.3    32    68    1649    (-,-) 
  core/g42569__6260/Y       -       C0->Y  R     OAI211X1       4  1.4   120    48    1698    (-,-) 
  core/g42565/Y             -       A->Y   F     INVX1          4  1.1    58    97    1794    (-,-) 
  core/g42542__5122/Y       -       C->Y   R     NAND3BXL       2  0.6    49    61    1855    (-,-) 
  core/g42480__2883/Y       -       A->Y   F     NAND4XL        1  0.3   198   212    2067    (-,-) 
  core/g42455__8428/Y       -       D->Y   R     NOR4X1         1  0.2   107   153    2220    (-,-) 
  core/g42441__6161/Y       -       B->Y   F     NAND4XL        1  0.2   179   221    2442    (-,-) 
  core/g42430__5122/Y       -       D->Y   F     OR4X1          1  0.2    40   270    2712    (-,-) 
  core/g42425__6783/Y       -       D->Y   F     OR4X1          1  0.2    40   214    2926    (-,-) 
  core/g42422__4319/Y       -       D->Y   F     OR4X1          2  0.7    52   221    3147    (-,-) 
  core/g42421/Y             -       A->Y   R     INVX1          4  1.2    41    51    3198    (-,-) 
  core/g42414__1666/Y       -       A1N->Y R     OAI2BB1X1      2  0.4    42   130    3328    (-,-) 
  core/g42405__7482/Y       -       A->Y   R     AND2X1         8  2.4    65   150    3478    (-,-) 
  core/g42329__6417/Y       -       A0->Y  F     AOI21XL        1  0.3    89   118    3596    (-,-) 
  core/pending_q_reg[1]/D   -       -      F     DFFHQX1        1    -     -     0    3596    (-,-) 
#---------------------------------------------------------------------------------------------------



Path 18: MET (6313 ps) Setup Check with Pin core/pending_q_reg[33]/CK->D
          Group: clk
     Startpoint: (R) core/out_rank_q_reg[1]/CK
          Clock: (R) clk
       Endpoint: (F) core/pending_q_reg[33]/D
          Clock: (R) clk

                     Capture       Launch     
        Clock Edge:+   10000            0     
       Src Latency:+       0            0     
       Net Latency:+       0 (I)        0 (I) 
           Arrival:=   10000            0     
                                              
             Setup:-      91                  
     Required Time:=    9909                  
      Launch Clock:-       0                  
         Data Path:-    3596                  
             Slack:=    6313                  

#---------------------------------------------------------------------------------------------------
#       Timing Point        Flags    Arc   Edge   Cell     Fanout Load Trans Delay Arrival Instance 
#                                                                 (fF)  (ps)  (ps)   (ps)  Location 
#---------------------------------------------------------------------------------------------------
  core/out_rank_q_reg[1]/CK -       -      R     (arrival)    265    -     0     0       0    (-,-) 
  core/out_rank_q_reg[1]/Q  -       CK->Q  F     DFFHQX1        8  2.6    76   226     226    (-,-) 
  core/g43225/Y             -       A->Y   R     INVX1          3  1.2    45    65     291    (-,-) 
  core/g43130__9945/Y       -       A->Y   F     NOR2X1         4  1.1    54    61     352    (-,-) 
  core/g43094/Y             -       A->Y   R     INVX1          4  1.6    49    57     409    (-,-) 
  core/g42947__1881/Y       -       A->Y   F     NOR2X1         2  0.5    39    56     465    (-,-) 
  core/g42870__4733/Y       -       B0->Y  R     AOI21X1        3  1.0    81    75     539    (-,-) 
  core/g42754__2398/Y       -       C0->Y  F     OAI211X1       2  0.6   148   154     693    (-,-) 
  core/g2/Y                 -       D->Y   R     NOR4BBX1       3  1.0   177   172     865    (-,-) 
  core/g42682__6131/Y       -       C0->Y  F     OAI211X1       1  0.3   128   188    1053    (-,-) 
  core/g42650__7098/Y       -       C->Y   R     NOR3X1         3  1.2   137   146    1199    (-,-) 
  core/g42588__9315/Y       -       D->Y   F     NAND4X1        2  0.8   215   205    1404    (-,-) 
  core/g42573__5526/Y       -       A1->Y  R     AOI21X1        3  1.2    90   178    1582    (-,-) 
  core/g42572/Y             -       A->Y   F     INVX1          1  0.3    32    68    1649    (-,-) 
  core/g42569__6260/Y       -       C0->Y  R     OAI211X1       4  1.4   120    48    1698    (-,-) 
  core/g42565/Y             -       A->Y   F     INVX1          4  1.1    58    97    1794    (-,-) 
  core/g42542__5122/Y       -       C->Y   R     NAND3BXL       2  0.6    49    61    1855    (-,-) 
  core/g42480__2883/Y       -       A->Y   F     NAND4XL        1  0.3   198   212    2067    (-,-) 
  core/g42455__8428/Y       -       D->Y   R     NOR4X1         1  0.2   107   153    2220    (-,-) 
  core/g42441__6161/Y       -       B->Y   F     NAND4XL        1  0.2   179   221    2442    (-,-) 
  core/g42430__5122/Y       -       D->Y   F     OR4X1          1  0.2    40   270    2712    (-,-) 
  core/g42425__6783/Y       -       D->Y   F     OR4X1          1  0.2    40   214    2926    (-,-) 
  core/g42422__4319/Y       -       D->Y   F     OR4X1          2  0.7    52   221    3147    (-,-) 
  core/g42421/Y             -       A->Y   R     INVX1          4  1.2    41    51    3198    (-,-) 
  core/g42414__1666/Y       -       A1N->Y R     OAI2BB1X1      2  0.4    42   130    3328    (-,-) 
  core/g42405__7482/Y       -       A->Y   R     AND2X1         8  2.4    65   150    3478    (-,-) 
  core/g42367__1617/Y       -       A0->Y  F     AOI21XL        1  0.3    87   118    3596    (-,-) 
  core/pending_q_reg[33]/D  -       -      F     DFFHQX1        1    -     -     0    3596    (-,-) 
#---------------------------------------------------------------------------------------------------



Path 19: MET (6313 ps) Setup Check with Pin core/pending_q_reg[9]/CK->D
          Group: clk
     Startpoint: (R) core/out_rank_q_reg[1]/CK
          Clock: (R) clk
       Endpoint: (F) core/pending_q_reg[9]/D
          Clock: (R) clk

                     Capture       Launch     
        Clock Edge:+   10000            0     
       Src Latency:+       0            0     
       Net Latency:+       0 (I)        0 (I) 
           Arrival:=   10000            0     
                                              
             Setup:-      91                  
     Required Time:=    9909                  
      Launch Clock:-       0                  
         Data Path:-    3596                  
             Slack:=    6313                  

#---------------------------------------------------------------------------------------------------
#       Timing Point        Flags    Arc   Edge   Cell     Fanout Load Trans Delay Arrival Instance 
#                                                                 (fF)  (ps)  (ps)   (ps)  Location 
#---------------------------------------------------------------------------------------------------
  core/out_rank_q_reg[1]/CK -       -      R     (arrival)    265    -     0     0       0    (-,-) 
  core/out_rank_q_reg[1]/Q  -       CK->Q  F     DFFHQX1        8  2.6    76   226     226    (-,-) 
  core/g43225/Y             -       A->Y   R     INVX1          3  1.2    45    65     291    (-,-) 
  core/g43130__9945/Y       -       A->Y   F     NOR2X1         4  1.1    54    61     352    (-,-) 
  core/g43094/Y             -       A->Y   R     INVX1          4  1.6    49    57     409    (-,-) 
  core/g42947__1881/Y       -       A->Y   F     NOR2X1         2  0.5    39    56     465    (-,-) 
  core/g42870__4733/Y       -       B0->Y  R     AOI21X1        3  1.0    81    75     539    (-,-) 
  core/g42754__2398/Y       -       C0->Y  F     OAI211X1       2  0.6   148   154     693    (-,-) 
  core/g2/Y                 -       D->Y   R     NOR4BBX1       3  1.0   177   172     865    (-,-) 
  core/g42682__6131/Y       -       C0->Y  F     OAI211X1       1  0.3   128   188    1053    (-,-) 
  core/g42650__7098/Y       -       C->Y   R     NOR3X1         3  1.2   137   146    1199    (-,-) 
  core/g42588__9315/Y       -       D->Y   F     NAND4X1        2  0.8   215   205    1404    (-,-) 
  core/g42573__5526/Y       -       A1->Y  R     AOI21X1        3  1.2    90   178    1582    (-,-) 
  core/g42572/Y             -       A->Y   F     INVX1          1  0.3    32    68    1649    (-,-) 
  core/g42569__6260/Y       -       C0->Y  R     OAI211X1       4  1.4   120    48    1698    (-,-) 
  core/g42565/Y             -       A->Y   F     INVX1          4  1.1    58    97    1794    (-,-) 
  core/g42542__5122/Y       -       C->Y   R     NAND3BXL       2  0.6    49    61    1855    (-,-) 
  core/g42480__2883/Y       -       A->Y   F     NAND4XL        1  0.3   198   212    2067    (-,-) 
  core/g42455__8428/Y       -       D->Y   R     NOR4X1         1  0.2   107   153    2220    (-,-) 
  core/g42441__6161/Y       -       B->Y   F     NAND4XL        1  0.2   179   221    2442    (-,-) 
  core/g42430__5122/Y       -       D->Y   F     OR4X1          1  0.2    40   270    2712    (-,-) 
  core/g42425__6783/Y       -       D->Y   F     OR4X1          1  0.2    40   214    2926    (-,-) 
  core/g42422__4319/Y       -       D->Y   F     OR4X1          2  0.7    52   221    3147    (-,-) 
  core/g42421/Y             -       A->Y   R     INVX1          4  1.2    41    51    3198    (-,-) 
  core/g42414__1666/Y       -       A1N->Y R     OAI2BB1X1      2  0.4    42   130    3328    (-,-) 
  core/g42405__7482/Y       -       A->Y   R     AND2X1         8  2.4    65   150    3478    (-,-) 
  core/g42348__7482/Y       -       A0->Y  F     AOI21XL        1  0.3    87   118    3596    (-,-) 
  core/pending_q_reg[9]/D   -       -      F     DFFHQX1        1    -     -     0    3596    (-,-) 
#---------------------------------------------------------------------------------------------------



Path 20: MET (6313 ps) Setup Check with Pin core/pending_q_reg[41]/CK->D
          Group: clk
     Startpoint: (R) core/out_rank_q_reg[1]/CK
          Clock: (R) clk
       Endpoint: (F) core/pending_q_reg[41]/D
          Clock: (R) clk

                     Capture       Launch     
        Clock Edge:+   10000            0     
       Src Latency:+       0            0     
       Net Latency:+       0 (I)        0 (I) 
           Arrival:=   10000            0     
                                              
             Setup:-      91                  
     Required Time:=    9909                  
      Launch Clock:-       0                  
         Data Path:-    3596                  
             Slack:=    6313                  

#---------------------------------------------------------------------------------------------------
#       Timing Point        Flags    Arc   Edge   Cell     Fanout Load Trans Delay Arrival Instance 
#                                                                 (fF)  (ps)  (ps)   (ps)  Location 
#---------------------------------------------------------------------------------------------------
  core/out_rank_q_reg[1]/CK -       -      R     (arrival)    265    -     0     0       0    (-,-) 
  core/out_rank_q_reg[1]/Q  -       CK->Q  F     DFFHQX1        8  2.6    76   226     226    (-,-) 
  core/g43225/Y             -       A->Y   R     INVX1          3  1.2    45    65     291    (-,-) 
  core/g43130__9945/Y       -       A->Y   F     NOR2X1         4  1.1    54    61     352    (-,-) 
  core/g43094/Y             -       A->Y   R     INVX1          4  1.6    49    57     409    (-,-) 
  core/g42947__1881/Y       -       A->Y   F     NOR2X1         2  0.5    39    56     465    (-,-) 
  core/g42870__4733/Y       -       B0->Y  R     AOI21X1        3  1.0    81    75     539    (-,-) 
  core/g42754__2398/Y       -       C0->Y  F     OAI211X1       2  0.6   148   154     693    (-,-) 
  core/g2/Y                 -       D->Y   R     NOR4BBX1       3  1.0   177   172     865    (-,-) 
  core/g42682__6131/Y       -       C0->Y  F     OAI211X1       1  0.3   128   188    1053    (-,-) 
  core/g42650__7098/Y       -       C->Y   R     NOR3X1         3  1.2   137   146    1199    (-,-) 
  core/g42588__9315/Y       -       D->Y   F     NAND4X1        2  0.8   215   205    1404    (-,-) 
  core/g42573__5526/Y       -       A1->Y  R     AOI21X1        3  1.2    90   178    1582    (-,-) 
  core/g42572/Y             -       A->Y   F     INVX1          1  0.3    32    68    1649    (-,-) 
  core/g42569__6260/Y       -       C0->Y  R     OAI211X1       4  1.4   120    48    1698    (-,-) 
  core/g42565/Y             -       A->Y   F     INVX1          4  1.1    58    97    1794    (-,-) 
  core/g42542__5122/Y       -       C->Y   R     NAND3BXL       2  0.6    49    61    1855    (-,-) 
  core/g42480__2883/Y       -       A->Y   F     NAND4XL        1  0.3   198   212    2067    (-,-) 
  core/g42455__8428/Y       -       D->Y   R     NOR4X1         1  0.2   107   153    2220    (-,-) 
  core/g42441__6161/Y       -       B->Y   F     NAND4XL        1  0.2   179   221    2442    (-,-) 
  core/g42430__5122/Y       -       D->Y   F     OR4X1          1  0.2    40   270    2712    (-,-) 
  core/g42425__6783/Y       -       D->Y   F     OR4X1          1  0.2    40   214    2926    (-,-) 
  core/g42422__4319/Y       -       D->Y   F     OR4X1          2  0.7    52   221    3147    (-,-) 
  core/g42421/Y             -       A->Y   R     INVX1          4  1.2    41    51    3198    (-,-) 
  core/g42414__1666/Y       -       A1N->Y R     OAI2BB1X1      2  0.4    42   130    3328    (-,-) 
  core/g42405__7482/Y       -       A->Y   R     AND2X1         8  2.4    65   150    3478    (-,-) 
  core/g42373__6131/Y       -       A0->Y  F     AOI21XL        1  0.3    87   118    3596    (-,-) 
  core/pending_q_reg[41]/D  -       -      F     DFFHQX1        1    -     -     0    3596    (-,-) 
#---------------------------------------------------------------------------------------------------



Path 21: MET (6324 ps) Setup Check with Pin core/pending_q_reg[5]/CK->D
          Group: clk
     Startpoint: (R) core/out_rank_q_reg[1]/CK
          Clock: (R) clk
       Endpoint: (F) core/pending_q_reg[5]/D
          Clock: (R) clk

                     Capture       Launch     
        Clock Edge:+   10000            0     
       Src Latency:+       0            0     
       Net Latency:+       0 (I)        0 (I) 
           Arrival:=   10000            0     
                                              
             Setup:-      92                  
     Required Time:=    9908                  
      Launch Clock:-       0                  
         Data Path:-    3584                  
             Slack:=    6324                  

#--------------------------------------------------------------------------------------------------
#       Timing Point        Flags   Arc   Edge   Cell     Fanout Load Trans Delay Arrival Instance 
#                                                                (fF)  (ps)  (ps)   (ps)  Location 
#--------------------------------------------------------------------------------------------------
  core/out_rank_q_reg[1]/CK -       -     R     (arrival)    265    -     0     0       0    (-,-) 
  core/out_rank_q_reg[1]/Q  -       CK->Q F     DFFHQX1        8  2.6    76   226     226    (-,-) 
  core/g43225/Y             -       A->Y  R     INVX1          3  1.2    45    65     291    (-,-) 
  core/g43130__9945/Y       -       A->Y  F     NOR2X1         4  1.1    54    61     352    (-,-) 
  core/g43094/Y             -       A->Y  R     INVX1          4  1.6    49    57     409    (-,-) 
  core/g42947__1881/Y       -       A->Y  F     NOR2X1         2  0.5    39    56     465    (-,-) 
  core/g42870__4733/Y       -       B0->Y R     AOI21X1        3  1.0    81    75     539    (-,-) 
  core/g42754__2398/Y       -       C0->Y F     OAI211X1       2  0.6   148   154     693    (-,-) 
  core/g2/Y                 -       D->Y  R     NOR4BBX1       3  1.0   177   172     865    (-,-) 
  core/g42682__6131/Y       -       C0->Y F     OAI211X1       1  0.3   128   188    1053    (-,-) 
  core/g42650__7098/Y       -       C->Y  R     NOR3X1         3  1.2   137   146    1199    (-,-) 
  core/g42588__9315/Y       -       D->Y  F     NAND4X1        2  0.8   215   205    1404    (-,-) 
  core/g42573__5526/Y       -       A1->Y R     AOI21X1        3  1.2    90   178    1582    (-,-) 
  core/g42572/Y             -       A->Y  F     INVX1          1  0.3    32    68    1649    (-,-) 
  core/g42569__6260/Y       -       C0->Y R     OAI211X1       4  1.4   120    48    1698    (-,-) 
  core/g42565/Y             -       A->Y  F     INVX1          4  1.1    58    97    1794    (-,-) 
  core/g42542__5122/Y       -       C->Y  R     NAND3BXL       2  0.6    49    61    1855    (-,-) 
  core/g42480__2883/Y       -       A->Y  F     NAND4XL        1  0.3   198   212    2067    (-,-) 
  core/g42455__8428/Y       -       D->Y  R     NOR4X1         1  0.2   107   153    2220    (-,-) 
  core/g42441__6161/Y       -       B->Y  F     NAND4XL        1  0.2   179   221    2442    (-,-) 
  core/g42430__5122/Y       -       D->Y  F     OR4X1          1  0.2    40   270    2712    (-,-) 
  core/g42425__6783/Y       -       D->Y  F     OR4X1          1  0.2    40   214    2926    (-,-) 
  core/g42422__4319/Y       -       D->Y  F     OR4X1          2  0.7    52   221    3147    (-,-) 
  core/g42421/Y             -       A->Y  R     INVX1          4  1.2    41    51    3198    (-,-) 
  core/g42417__5477/Y       -       A1->Y F     AOI21X1        2  0.6    84    89    3287    (-,-) 
  core/g42412__2346/Y       -       B->Y  R     NOR2X1         8  2.6   146   131    3418    (-,-) 
  core/g42332__5107/Y       -       A0->Y F     AOI21XL        1  0.3    89   166    3584    (-,-) 
  core/pending_q_reg[5]/D   -       -     F     DFFHQX1        1    -     -     0    3584    (-,-) 
#--------------------------------------------------------------------------------------------------



Path 22: MET (6324 ps) Setup Check with Pin core/pending_q_reg[45]/CK->D
          Group: clk
     Startpoint: (R) core/out_rank_q_reg[1]/CK
          Clock: (R) clk
       Endpoint: (F) core/pending_q_reg[45]/D
          Clock: (R) clk

                     Capture       Launch     
        Clock Edge:+   10000            0     
       Src Latency:+       0            0     
       Net Latency:+       0 (I)        0 (I) 
           Arrival:=   10000            0     
                                              
             Setup:-      92                  
     Required Time:=    9908                  
      Launch Clock:-       0                  
         Data Path:-    3584                  
             Slack:=    6324                  

#--------------------------------------------------------------------------------------------------
#       Timing Point        Flags   Arc   Edge   Cell     Fanout Load Trans Delay Arrival Instance 
#                                                                (fF)  (ps)  (ps)   (ps)  Location 
#--------------------------------------------------------------------------------------------------
  core/out_rank_q_reg[1]/CK -       -     R     (arrival)    265    -     0     0       0    (-,-) 
  core/out_rank_q_reg[1]/Q  -       CK->Q F     DFFHQX1        8  2.6    76   226     226    (-,-) 
  core/g43225/Y             -       A->Y  R     INVX1          3  1.2    45    65     291    (-,-) 
  core/g43130__9945/Y       -       A->Y  F     NOR2X1         4  1.1    54    61     352    (-,-) 
  core/g43094/Y             -       A->Y  R     INVX1          4  1.6    49    57     409    (-,-) 
  core/g42947__1881/Y       -       A->Y  F     NOR2X1         2  0.5    39    56     465    (-,-) 
  core/g42870__4733/Y       -       B0->Y R     AOI21X1        3  1.0    81    75     539    (-,-) 
  core/g42754__2398/Y       -       C0->Y F     OAI211X1       2  0.6   148   154     693    (-,-) 
  core/g2/Y                 -       D->Y  R     NOR4BBX1       3  1.0   177   172     865    (-,-) 
  core/g42682__6131/Y       -       C0->Y F     OAI211X1       1  0.3   128   188    1053    (-,-) 
  core/g42650__7098/Y       -       C->Y  R     NOR3X1         3  1.2   137   146    1199    (-,-) 
  core/g42588__9315/Y       -       D->Y  F     NAND4X1        2  0.8   215   205    1404    (-,-) 
  core/g42573__5526/Y       -       A1->Y R     AOI21X1        3  1.2    90   178    1582    (-,-) 
  core/g42572/Y             -       A->Y  F     INVX1          1  0.3    32    68    1649    (-,-) 
  core/g42569__6260/Y       -       C0->Y R     OAI211X1       4  1.4   120    48    1698    (-,-) 
  core/g42565/Y             -       A->Y  F     INVX1          4  1.1    58    97    1794    (-,-) 
  core/g42542__5122/Y       -       C->Y  R     NAND3BXL       2  0.6    49    61    1855    (-,-) 
  core/g42480__2883/Y       -       A->Y  F     NAND4XL        1  0.3   198   212    2067    (-,-) 
  core/g42455__8428/Y       -       D->Y  R     NOR4X1         1  0.2   107   153    2220    (-,-) 
  core/g42441__6161/Y       -       B->Y  F     NAND4XL        1  0.2   179   221    2442    (-,-) 
  core/g42430__5122/Y       -       D->Y  F     OR4X1          1  0.2    40   270    2712    (-,-) 
  core/g42425__6783/Y       -       D->Y  F     OR4X1          1  0.2    40   214    2926    (-,-) 
  core/g42422__4319/Y       -       D->Y  F     OR4X1          2  0.7    52   221    3147    (-,-) 
  core/g42421/Y             -       A->Y  R     INVX1          4  1.2    41    51    3198    (-,-) 
  core/g42417__5477/Y       -       A1->Y F     AOI21X1        2  0.6    84    89    3287    (-,-) 
  core/g42412__2346/Y       -       B->Y  R     NOR2X1         8  2.6   146   131    3418    (-,-) 
  core/g42358__5477/Y       -       A0->Y F     AOI21XL        1  0.3    89   166    3584    (-,-) 
  core/pending_q_reg[45]/D  -       -     F     DFFHQX1        1    -     -     0    3584    (-,-) 
#--------------------------------------------------------------------------------------------------



Path 23: MET (6324 ps) Setup Check with Pin core/pending_q_reg[37]/CK->D
          Group: clk
     Startpoint: (R) core/out_rank_q_reg[1]/CK
          Clock: (R) clk
       Endpoint: (F) core/pending_q_reg[37]/D
          Clock: (R) clk

                     Capture       Launch     
        Clock Edge:+   10000            0     
       Src Latency:+       0            0     
       Net Latency:+       0 (I)        0 (I) 
           Arrival:=   10000            0     
                                              
             Setup:-      92                  
     Required Time:=    9908                  
      Launch Clock:-       0                  
         Data Path:-    3584                  
             Slack:=    6324                  

#--------------------------------------------------------------------------------------------------
#       Timing Point        Flags   Arc   Edge   Cell     Fanout Load Trans Delay Arrival Instance 
#                                                                (fF)  (ps)  (ps)   (ps)  Location 
#--------------------------------------------------------------------------------------------------
  core/out_rank_q_reg[1]/CK -       -     R     (arrival)    265    -     0     0       0    (-,-) 
  core/out_rank_q_reg[1]/Q  -       CK->Q F     DFFHQX1        8  2.6    76   226     226    (-,-) 
  core/g43225/Y             -       A->Y  R     INVX1          3  1.2    45    65     291    (-,-) 
  core/g43130__9945/Y       -       A->Y  F     NOR2X1         4  1.1    54    61     352    (-,-) 
  core/g43094/Y             -       A->Y  R     INVX1          4  1.6    49    57     409    (-,-) 
  core/g42947__1881/Y       -       A->Y  F     NOR2X1         2  0.5    39    56     465    (-,-) 
  core/g42870__4733/Y       -       B0->Y R     AOI21X1        3  1.0    81    75     539    (-,-) 
  core/g42754__2398/Y       -       C0->Y F     OAI211X1       2  0.6   148   154     693    (-,-) 
  core/g2/Y                 -       D->Y  R     NOR4BBX1       3  1.0   177   172     865    (-,-) 
  core/g42682__6131/Y       -       C0->Y F     OAI211X1       1  0.3   128   188    1053    (-,-) 
  core/g42650__7098/Y       -       C->Y  R     NOR3X1         3  1.2   137   146    1199    (-,-) 
  core/g42588__9315/Y       -       D->Y  F     NAND4X1        2  0.8   215   205    1404    (-,-) 
  core/g42573__5526/Y       -       A1->Y R     AOI21X1        3  1.2    90   178    1582    (-,-) 
  core/g42572/Y             -       A->Y  F     INVX1          1  0.3    32    68    1649    (-,-) 
  core/g42569__6260/Y       -       C0->Y R     OAI211X1       4  1.4   120    48    1698    (-,-) 
  core/g42565/Y             -       A->Y  F     INVX1          4  1.1    58    97    1794    (-,-) 
  core/g42542__5122/Y       -       C->Y  R     NAND3BXL       2  0.6    49    61    1855    (-,-) 
  core/g42480__2883/Y       -       A->Y  F     NAND4XL        1  0.3   198   212    2067    (-,-) 
  core/g42455__8428/Y       -       D->Y  R     NOR4X1         1  0.2   107   153    2220    (-,-) 
  core/g42441__6161/Y       -       B->Y  F     NAND4XL        1  0.2   179   221    2442    (-,-) 
  core/g42430__5122/Y       -       D->Y  F     OR4X1          1  0.2    40   270    2712    (-,-) 
  core/g42425__6783/Y       -       D->Y  F     OR4X1          1  0.2    40   214    2926    (-,-) 
  core/g42422__4319/Y       -       D->Y  F     OR4X1          2  0.7    52   221    3147    (-,-) 
  core/g42421/Y             -       A->Y  R     INVX1          4  1.2    41    51    3198    (-,-) 
  core/g42417__5477/Y       -       A1->Y F     AOI21X1        2  0.6    84    89    3287    (-,-) 
  core/g42412__2346/Y       -       B->Y  R     NOR2X1         8  2.6   146   131    3418    (-,-) 
  core/g42370__5122/Y       -       A0->Y F     AOI21XL        1  0.3    89   166    3584    (-,-) 
  core/pending_q_reg[37]/D  -       -     F     DFFHQX1        1    -     -     0    3584    (-,-) 
#--------------------------------------------------------------------------------------------------



Path 24: MET (6331 ps) Setup Check with Pin core/pending_q_reg[0]/CK->D
          Group: clk
     Startpoint: (R) core/out_rank_q_reg[1]/CK
          Clock: (R) clk
       Endpoint: (F) core/pending_q_reg[0]/D
          Clock: (R) clk

                     Capture       Launch     
        Clock Edge:+   10000            0     
       Src Latency:+       0            0     
       Net Latency:+       0 (I)        0 (I) 
           Arrival:=   10000            0     
                                              
             Setup:-      88                  
     Required Time:=    9912                  
      Launch Clock:-       0                  
         Data Path:-    3581                  
             Slack:=    6331                  

#---------------------------------------------------------------------------------------------------
#       Timing Point        Flags    Arc   Edge   Cell     Fanout Load Trans Delay Arrival Instance 
#                                                                 (fF)  (ps)  (ps)   (ps)  Location 
#---------------------------------------------------------------------------------------------------
  core/out_rank_q_reg[1]/CK -       -      R     (arrival)    265    -     0     0       0    (-,-) 
  core/out_rank_q_reg[1]/Q  -       CK->Q  F     DFFHQX1        8  2.6    76   226     226    (-,-) 
  core/g43225/Y             -       A->Y   R     INVX1          3  1.2    45    65     291    (-,-) 
  core/g43130__9945/Y       -       A->Y   F     NOR2X1         4  1.1    54    61     352    (-,-) 
  core/g43094/Y             -       A->Y   R     INVX1          4  1.6    49    57     409    (-,-) 
  core/g42947__1881/Y       -       A->Y   F     NOR2X1         2  0.5    39    56     465    (-,-) 
  core/g42870__4733/Y       -       B0->Y  R     AOI21X1        3  1.0    81    75     539    (-,-) 
  core/g42754__2398/Y       -       C0->Y  F     OAI211X1       2  0.6   148   154     693    (-,-) 
  core/g2/Y                 -       D->Y   R     NOR4BBX1       3  1.0   177   172     865    (-,-) 
  core/g42682__6131/Y       -       C0->Y  F     OAI211X1       1  0.3   128   188    1053    (-,-) 
  core/g42650__7098/Y       -       C->Y   R     NOR3X1         3  1.2   137   146    1199    (-,-) 
  core/g42588__9315/Y       -       D->Y   F     NAND4X1        2  0.8   215   205    1404    (-,-) 
  core/g42573__5526/Y       -       A1->Y  R     AOI21X1        3  1.2    90   178    1582    (-,-) 
  core/g42572/Y             -       A->Y   F     INVX1          1  0.3    32    68    1649    (-,-) 
  core/g42569__6260/Y       -       C0->Y  R     OAI211X1       4  1.4   120    48    1698    (-,-) 
  core/g42565/Y             -       A->Y   F     INVX1          4  1.1    58    97    1794    (-,-) 
  core/g42542__5122/Y       -       C->Y   R     NAND3BXL       2  0.6    49    61    1855    (-,-) 
  core/g42480__2883/Y       -       A->Y   F     NAND4XL        1  0.3   198   212    2067    (-,-) 
  core/g42455__8428/Y       -       D->Y   R     NOR4X1         1  0.2   107   153    2220    (-,-) 
  core/g42441__6161/Y       -       B->Y   F     NAND4XL        1  0.2   179   221    2442    (-,-) 
  core/g42430__5122/Y       -       D->Y   F     OR4X1          1  0.2    40   270    2712    (-,-) 
  core/g42425__6783/Y       -       D->Y   F     OR4X1          1  0.2    40   214    2926    (-,-) 
  core/g42422__4319/Y       -       D->Y   F     OR4X1          2  0.7    52   221    3147    (-,-) 
  core/g42421/Y             -       A->Y   R     INVX1          4  1.2    41    51    3198    (-,-) 
  core/g42414__1666/Y       -       A1N->Y R     OAI2BB1X1      2  0.4    42   130    3328    (-,-) 
  core/g42405__7482/Y       -       A->Y   R     AND2X1         8  2.4    65   150    3478    (-,-) 
  core/g42344__7098/Y       -       A0->Y  F     AOI21X1        1  0.3    81   102    3581    (-,-) 
  core/pending_q_reg[0]/D   -       -      F     DFFHQX1        1    -     -     0    3581    (-,-) 
#---------------------------------------------------------------------------------------------------



Path 25: MET (6334 ps) Setup Check with Pin core/pending_q_reg[21]/CK->D
          Group: clk
     Startpoint: (R) core/out_rank_q_reg[1]/CK
          Clock: (R) clk
       Endpoint: (F) core/pending_q_reg[21]/D
          Clock: (R) clk

                     Capture       Launch     
        Clock Edge:+   10000            0     
       Src Latency:+       0            0     
       Net Latency:+       0 (I)        0 (I) 
           Arrival:=   10000            0     
                                              
             Setup:-      92                  
     Required Time:=    9908                  
      Launch Clock:-       0                  
         Data Path:-    3574                  
             Slack:=    6334                  

#--------------------------------------------------------------------------------------------------
#       Timing Point        Flags   Arc   Edge   Cell     Fanout Load Trans Delay Arrival Instance 
#                                                                (fF)  (ps)  (ps)   (ps)  Location 
#--------------------------------------------------------------------------------------------------
  core/out_rank_q_reg[1]/CK -       -     R     (arrival)    265    -     0     0       0    (-,-) 
  core/out_rank_q_reg[1]/Q  -       CK->Q F     DFFHQX1        8  2.6    76   226     226    (-,-) 
  core/g43225/Y             -       A->Y  R     INVX1          3  1.2    45    65     291    (-,-) 
  core/g43130__9945/Y       -       A->Y  F     NOR2X1         4  1.1    54    61     352    (-,-) 
  core/g43094/Y             -       A->Y  R     INVX1          4  1.6    49    57     409    (-,-) 
  core/g42947__1881/Y       -       A->Y  F     NOR2X1         2  0.5    39    56     465    (-,-) 
  core/g42870__4733/Y       -       B0->Y R     AOI21X1        3  1.0    81    75     539    (-,-) 
  core/g42754__2398/Y       -       C0->Y F     OAI211X1       2  0.6   148   154     693    (-,-) 
  core/g2/Y                 -       D->Y  R     NOR4BBX1       3  1.0   177   172     865    (-,-) 
  core/g42682__6131/Y       -       C0->Y F     OAI211X1       1  0.3   128   188    1053    (-,-) 
  core/g42650__7098/Y       -       C->Y  R     NOR3X1         3  1.2   137   146    1199    (-,-) 
  core/g42588__9315/Y       -       D->Y  F     NAND4X1        2  0.8   215   205    1404    (-,-) 
  core/g42573__5526/Y       -       A1->Y R     AOI21X1        3  1.2    90   178    1582    (-,-) 
  core/g42572/Y             -       A->Y  F     INVX1          1  0.3    32    68    1649    (-,-) 
  core/g42569__6260/Y       -       C0->Y R     OAI211X1       4  1.4   120    48    1698    (-,-) 
  core/g42565/Y             -       A->Y  F     INVX1          4  1.1    58    97    1794    (-,-) 
  core/g42542__5122/Y       -       C->Y  R     NAND3BXL       2  0.6    49    61    1855    (-,-) 
  core/g42480__2883/Y       -       A->Y  F     NAND4XL        1  0.3   198   212    2067    (-,-) 
  core/g42455__8428/Y       -       D->Y  R     NOR4X1         1  0.2   107   153    2220    (-,-) 
  core/g42441__6161/Y       -       B->Y  F     NAND4XL        1  0.2   179   221    2442    (-,-) 
  core/g42430__5122/Y       -       D->Y  F     OR4X1          1  0.2    40   270    2712    (-,-) 
  core/g42425__6783/Y       -       D->Y  F     OR4X1          1  0.2    40   214    2926    (-,-) 
  core/g42422__4319/Y       -       D->Y  F     OR4X1          2  0.7    52   221    3147    (-,-) 
  core/g42421/Y             -       A->Y  R     INVX1          4  1.2    41    51    3198    (-,-) 
  core/g42417__5477/Y       -       A1->Y F     AOI21X1        2  0.6    84    89    3287    (-,-) 
  core/g42410__9945/Y       -       B->Y  R     NOR2X1         8  2.4   138   126    3413    (-,-) 
  core/g42338__3680/Y       -       A0->Y F     AOI21XL        1  0.3    89   161    3574    (-,-) 
  core/pending_q_reg[21]/D  -       -     F     DFFHQX1        1    -     -     0    3574    (-,-) 
#--------------------------------------------------------------------------------------------------



Path 26: MET (6334 ps) Setup Check with Pin core/pending_q_reg[61]/CK->D
          Group: clk
     Startpoint: (R) core/out_rank_q_reg[1]/CK
          Clock: (R) clk
       Endpoint: (F) core/pending_q_reg[61]/D
          Clock: (R) clk

                     Capture       Launch     
        Clock Edge:+   10000            0     
       Src Latency:+       0            0     
       Net Latency:+       0 (I)        0 (I) 
           Arrival:=   10000            0     
                                              
             Setup:-      92                  
     Required Time:=    9908                  
      Launch Clock:-       0                  
         Data Path:-    3574                  
             Slack:=    6334                  

#--------------------------------------------------------------------------------------------------
#       Timing Point        Flags   Arc   Edge   Cell     Fanout Load Trans Delay Arrival Instance 
#                                                                (fF)  (ps)  (ps)   (ps)  Location 
#--------------------------------------------------------------------------------------------------
  core/out_rank_q_reg[1]/CK -       -     R     (arrival)    265    -     0     0       0    (-,-) 
  core/out_rank_q_reg[1]/Q  -       CK->Q F     DFFHQX1        8  2.6    76   226     226    (-,-) 
  core/g43225/Y             -       A->Y  R     INVX1          3  1.2    45    65     291    (-,-) 
  core/g43130__9945/Y       -       A->Y  F     NOR2X1         4  1.1    54    61     352    (-,-) 
  core/g43094/Y             -       A->Y  R     INVX1          4  1.6    49    57     409    (-,-) 
  core/g42947__1881/Y       -       A->Y  F     NOR2X1         2  0.5    39    56     465    (-,-) 
  core/g42870__4733/Y       -       B0->Y R     AOI21X1        3  1.0    81    75     539    (-,-) 
  core/g42754__2398/Y       -       C0->Y F     OAI211X1       2  0.6   148   154     693    (-,-) 
  core/g2/Y                 -       D->Y  R     NOR4BBX1       3  1.0   177   172     865    (-,-) 
  core/g42682__6131/Y       -       C0->Y F     OAI211X1       1  0.3   128   188    1053    (-,-) 
  core/g42650__7098/Y       -       C->Y  R     NOR3X1         3  1.2   137   146    1199    (-,-) 
  core/g42588__9315/Y       -       D->Y  F     NAND4X1        2  0.8   215   205    1404    (-,-) 
  core/g42573__5526/Y       -       A1->Y R     AOI21X1        3  1.2    90   178    1582    (-,-) 
  core/g42572/Y             -       A->Y  F     INVX1          1  0.3    32    68    1649    (-,-) 
  core/g42569__6260/Y       -       C0->Y R     OAI211X1       4  1.4   120    48    1698    (-,-) 
  core/g42565/Y             -       A->Y  F     INVX1          4  1.1    58    97    1794    (-,-) 
  core/g42542__5122/Y       -       C->Y  R     NAND3BXL       2  0.6    49    61    1855    (-,-) 
  core/g42480__2883/Y       -       A->Y  F     NAND4XL        1  0.3   198   212    2067    (-,-) 
  core/g42455__8428/Y       -       D->Y  R     NOR4X1         1  0.2   107   153    2220    (-,-) 
  core/g42441__6161/Y       -       B->Y  F     NAND4XL        1  0.2   179   221    2442    (-,-) 
  core/g42430__5122/Y       -       D->Y  F     OR4X1          1  0.2    40   270    2712    (-,-) 
  core/g42425__6783/Y       -       D->Y  F     OR4X1          1  0.2    40   214    2926    (-,-) 
  core/g42422__4319/Y       -       D->Y  F     OR4X1          2  0.7    52   221    3147    (-,-) 
  core/g42421/Y             -       A->Y  R     INVX1          4  1.2    41    51    3198    (-,-) 
  core/g42417__5477/Y       -       A1->Y F     AOI21X1        2  0.6    84    89    3287    (-,-) 
  core/g42410__9945/Y       -       B->Y  R     NOR2X1         8  2.4   138   126    3413    (-,-) 
  core/g42343__8246/Y       -       A0->Y F     AOI21XL        1  0.3    89   161    3574    (-,-) 
  core/pending_q_reg[61]/D  -       -     F     DFFHQX1        1    -     -     0    3574    (-,-) 
#--------------------------------------------------------------------------------------------------



Path 27: MET (6334 ps) Setup Check with Pin core/pending_q_reg[53]/CK->D
          Group: clk
     Startpoint: (R) core/out_rank_q_reg[1]/CK
          Clock: (R) clk
       Endpoint: (F) core/pending_q_reg[53]/D
          Clock: (R) clk

                     Capture       Launch     
        Clock Edge:+   10000            0     
       Src Latency:+       0            0     
       Net Latency:+       0 (I)        0 (I) 
           Arrival:=   10000            0     
                                              
             Setup:-      92                  
     Required Time:=    9908                  
      Launch Clock:-       0                  
         Data Path:-    3574                  
             Slack:=    6334                  

#--------------------------------------------------------------------------------------------------
#       Timing Point        Flags   Arc   Edge   Cell     Fanout Load Trans Delay Arrival Instance 
#                                                                (fF)  (ps)  (ps)   (ps)  Location 
#--------------------------------------------------------------------------------------------------
  core/out_rank_q_reg[1]/CK -       -     R     (arrival)    265    -     0     0       0    (-,-) 
  core/out_rank_q_reg[1]/Q  -       CK->Q F     DFFHQX1        8  2.6    76   226     226    (-,-) 
  core/g43225/Y             -       A->Y  R     INVX1          3  1.2    45    65     291    (-,-) 
  core/g43130__9945/Y       -       A->Y  F     NOR2X1         4  1.1    54    61     352    (-,-) 
  core/g43094/Y             -       A->Y  R     INVX1          4  1.6    49    57     409    (-,-) 
  core/g42947__1881/Y       -       A->Y  F     NOR2X1         2  0.5    39    56     465    (-,-) 
  core/g42870__4733/Y       -       B0->Y R     AOI21X1        3  1.0    81    75     539    (-,-) 
  core/g42754__2398/Y       -       C0->Y F     OAI211X1       2  0.6   148   154     693    (-,-) 
  core/g2/Y                 -       D->Y  R     NOR4BBX1       3  1.0   177   172     865    (-,-) 
  core/g42682__6131/Y       -       C0->Y F     OAI211X1       1  0.3   128   188    1053    (-,-) 
  core/g42650__7098/Y       -       C->Y  R     NOR3X1         3  1.2   137   146    1199    (-,-) 
  core/g42588__9315/Y       -       D->Y  F     NAND4X1        2  0.8   215   205    1404    (-,-) 
  core/g42573__5526/Y       -       A1->Y R     AOI21X1        3  1.2    90   178    1582    (-,-) 
  core/g42572/Y             -       A->Y  F     INVX1          1  0.3    32    68    1649    (-,-) 
  core/g42569__6260/Y       -       C0->Y R     OAI211X1       4  1.4   120    48    1698    (-,-) 
  core/g42565/Y             -       A->Y  F     INVX1          4  1.1    58    97    1794    (-,-) 
  core/g42542__5122/Y       -       C->Y  R     NAND3BXL       2  0.6    49    61    1855    (-,-) 
  core/g42480__2883/Y       -       A->Y  F     NAND4XL        1  0.3   198   212    2067    (-,-) 
  core/g42455__8428/Y       -       D->Y  R     NOR4X1         1  0.2   107   153    2220    (-,-) 
  core/g42441__6161/Y       -       B->Y  F     NAND4XL        1  0.2   179   221    2442    (-,-) 
  core/g42430__5122/Y       -       D->Y  F     OR4X1          1  0.2    40   270    2712    (-,-) 
  core/g42425__6783/Y       -       D->Y  F     OR4X1          1  0.2    40   214    2926    (-,-) 
  core/g42422__4319/Y       -       D->Y  F     OR4X1          2  0.7    52   221    3147    (-,-) 
  core/g42421/Y             -       A->Y  R     INVX1          4  1.2    41    51    3198    (-,-) 
  core/g42417__5477/Y       -       A1->Y F     AOI21X1        2  0.6    84    89    3287    (-,-) 
  core/g42410__9945/Y       -       B->Y  R     NOR2X1         8  2.4   138   126    3413    (-,-) 
  core/g42346__1881/Y       -       A0->Y F     AOI21XL        1  0.3    89   161    3574    (-,-) 
  core/pending_q_reg[53]/D  -       -     F     DFFHQX1        1    -     -     0    3574    (-,-) 
#--------------------------------------------------------------------------------------------------



Path 28: MET (6334 ps) Setup Check with Pin core/pending_q_reg[29]/CK->D
          Group: clk
     Startpoint: (R) core/out_rank_q_reg[1]/CK
          Clock: (R) clk
       Endpoint: (F) core/pending_q_reg[29]/D
          Clock: (R) clk

                     Capture       Launch     
        Clock Edge:+   10000            0     
       Src Latency:+       0            0     
       Net Latency:+       0 (I)        0 (I) 
           Arrival:=   10000            0     
                                              
             Setup:-      92                  
     Required Time:=    9908                  
      Launch Clock:-       0                  
         Data Path:-    3574                  
             Slack:=    6334                  

#--------------------------------------------------------------------------------------------------
#       Timing Point        Flags   Arc   Edge   Cell     Fanout Load Trans Delay Arrival Instance 
#                                                                (fF)  (ps)  (ps)   (ps)  Location 
#--------------------------------------------------------------------------------------------------
  core/out_rank_q_reg[1]/CK -       -     R     (arrival)    265    -     0     0       0    (-,-) 
  core/out_rank_q_reg[1]/Q  -       CK->Q F     DFFHQX1        8  2.6    76   226     226    (-,-) 
  core/g43225/Y             -       A->Y  R     INVX1          3  1.2    45    65     291    (-,-) 
  core/g43130__9945/Y       -       A->Y  F     NOR2X1         4  1.1    54    61     352    (-,-) 
  core/g43094/Y             -       A->Y  R     INVX1          4  1.6    49    57     409    (-,-) 
  core/g42947__1881/Y       -       A->Y  F     NOR2X1         2  0.5    39    56     465    (-,-) 
  core/g42870__4733/Y       -       B0->Y R     AOI21X1        3  1.0    81    75     539    (-,-) 
  core/g42754__2398/Y       -       C0->Y F     OAI211X1       2  0.6   148   154     693    (-,-) 
  core/g2/Y                 -       D->Y  R     NOR4BBX1       3  1.0   177   172     865    (-,-) 
  core/g42682__6131/Y       -       C0->Y F     OAI211X1       1  0.3   128   188    1053    (-,-) 
  core/g42650__7098/Y       -       C->Y  R     NOR3X1         3  1.2   137   146    1199    (-,-) 
  core/g42588__9315/Y       -       D->Y  F     NAND4X1        2  0.8   215   205    1404    (-,-) 
  core/g42573__5526/Y       -       A1->Y R     AOI21X1        3  1.2    90   178    1582    (-,-) 
  core/g42572/Y             -       A->Y  F     INVX1          1  0.3    32    68    1649    (-,-) 
  core/g42569__6260/Y       -       C0->Y R     OAI211X1       4  1.4   120    48    1698    (-,-) 
  core/g42565/Y             -       A->Y  F     INVX1          4  1.1    58    97    1794    (-,-) 
  core/g42542__5122/Y       -       C->Y  R     NAND3BXL       2  0.6    49    61    1855    (-,-) 
  core/g42480__2883/Y       -       A->Y  F     NAND4XL        1  0.3   198   212    2067    (-,-) 
  core/g42455__8428/Y       -       D->Y  R     NOR4X1         1  0.2   107   153    2220    (-,-) 
  core/g42441__6161/Y       -       B->Y  F     NAND4XL        1  0.2   179   221    2442    (-,-) 
  core/g42430__5122/Y       -       D->Y  F     OR4X1          1  0.2    40   270    2712    (-,-) 
  core/g42425__6783/Y       -       D->Y  F     OR4X1          1  0.2    40   214    2926    (-,-) 
  core/g42422__4319/Y       -       D->Y  F     OR4X1          2  0.7    52   221    3147    (-,-) 
  core/g42421/Y             -       A->Y  R     INVX1          4  1.2    41    51    3198    (-,-) 
  core/g42417__5477/Y       -       A1->Y F     AOI21X1        2  0.6    84    89    3287    (-,-) 
  core/g42410__9945/Y       -       B->Y  R     NOR2X1         8  2.4   138   126    3413    (-,-) 
  core/g42363__8428/Y       -       A0->Y F     AOI21XL        1  0.3    89   161    3574    (-,-) 
  core/pending_q_reg[29]/D  -       -     F     DFFHQX1        1    -     -     0    3574    (-,-) 
#--------------------------------------------------------------------------------------------------



Path 29: MET (6334 ps) Setup Check with Pin core/pending_q_reg[32]/CK->D
          Group: clk
     Startpoint: (R) core/out_rank_q_reg[1]/CK
          Clock: (R) clk
       Endpoint: (F) core/pending_q_reg[32]/D
          Clock: (R) clk

                     Capture       Launch     
        Clock Edge:+   10000            0     
       Src Latency:+       0            0     
       Net Latency:+       0 (I)        0 (I) 
           Arrival:=   10000            0     
                                              
             Setup:-      85                  
     Required Time:=    9915                  
      Launch Clock:-       0                  
         Data Path:-    3581                  
             Slack:=    6334                  

#---------------------------------------------------------------------------------------------------
#       Timing Point        Flags    Arc   Edge   Cell     Fanout Load Trans Delay Arrival Instance 
#                                                                 (fF)  (ps)  (ps)   (ps)  Location 
#---------------------------------------------------------------------------------------------------
  core/out_rank_q_reg[1]/CK -       -      R     (arrival)    265    -     0     0       0    (-,-) 
  core/out_rank_q_reg[1]/Q  -       CK->Q  F     DFFHQX1        8  2.6    76   226     226    (-,-) 
  core/g43225/Y             -       A->Y   R     INVX1          3  1.2    45    65     291    (-,-) 
  core/g43130__9945/Y       -       A->Y   F     NOR2X1         4  1.1    54    61     352    (-,-) 
  core/g43094/Y             -       A->Y   R     INVX1          4  1.6    49    57     409    (-,-) 
  core/g42947__1881/Y       -       A->Y   F     NOR2X1         2  0.5    39    56     465    (-,-) 
  core/g42870__4733/Y       -       B0->Y  R     AOI21X1        3  1.0    81    75     539    (-,-) 
  core/g42754__2398/Y       -       C0->Y  F     OAI211X1       2  0.6   148   154     693    (-,-) 
  core/g2/Y                 -       D->Y   R     NOR4BBX1       3  1.0   177   172     865    (-,-) 
  core/g42682__6131/Y       -       C0->Y  F     OAI211X1       1  0.3   128   188    1053    (-,-) 
  core/g42650__7098/Y       -       C->Y   R     NOR3X1         3  1.2   137   146    1199    (-,-) 
  core/g42588__9315/Y       -       D->Y   F     NAND4X1        2  0.8   215   205    1404    (-,-) 
  core/g42573__5526/Y       -       A1->Y  R     AOI21X1        3  1.2    90   178    1582    (-,-) 
  core/g42572/Y             -       A->Y   F     INVX1          1  0.3    32    68    1649    (-,-) 
  core/g42569__6260/Y       -       C0->Y  R     OAI211X1       4  1.4   120    48    1698    (-,-) 
  core/g42565/Y             -       A->Y   F     INVX1          4  1.1    58    97    1794    (-,-) 
  core/g42542__5122/Y       -       C->Y   R     NAND3BXL       2  0.6    49    61    1855    (-,-) 
  core/g42480__2883/Y       -       A->Y   F     NAND4XL        1  0.3   198   212    2067    (-,-) 
  core/g42455__8428/Y       -       D->Y   R     NOR4X1         1  0.2   107   153    2220    (-,-) 
  core/g42441__6161/Y       -       B->Y   F     NAND4XL        1  0.2   179   221    2442    (-,-) 
  core/g42430__5122/Y       -       D->Y   F     OR4X1          1  0.2    40   270    2712    (-,-) 
  core/g42425__6783/Y       -       D->Y   F     OR4X1          1  0.2    40   214    2926    (-,-) 
  core/g42422__4319/Y       -       D->Y   F     OR4X1          2  0.7    52   221    3147    (-,-) 
  core/g42421/Y             -       A->Y   R     INVX1          4  1.2    41    51    3198    (-,-) 
  core/g42414__1666/Y       -       A1N->Y R     OAI2BB1X1      2  0.4    42   130    3328    (-,-) 
  core/g42405__7482/Y       -       A->Y   R     AND2X1         8  2.4    65   150    3478    (-,-) 
  core/g42366__3680/Y       -       A0->Y  F     AOI21X1        1  0.3    73   102    3581    (-,-) 
  core/pending_q_reg[32]/D  -       -      F     DFFHQX1        1    -     -     0    3581    (-,-) 
#---------------------------------------------------------------------------------------------------



Path 30: MET (6334 ps) Setup Check with Pin core/pending_q_reg[8]/CK->D
          Group: clk
     Startpoint: (R) core/out_rank_q_reg[1]/CK
          Clock: (R) clk
       Endpoint: (F) core/pending_q_reg[8]/D
          Clock: (R) clk

                     Capture       Launch     
        Clock Edge:+   10000            0     
       Src Latency:+       0            0     
       Net Latency:+       0 (I)        0 (I) 
           Arrival:=   10000            0     
                                              
             Setup:-      85                  
     Required Time:=    9915                  
      Launch Clock:-       0                  
         Data Path:-    3581                  
             Slack:=    6334                  

#---------------------------------------------------------------------------------------------------
#       Timing Point        Flags    Arc   Edge   Cell     Fanout Load Trans Delay Arrival Instance 
#                                                                 (fF)  (ps)  (ps)   (ps)  Location 
#---------------------------------------------------------------------------------------------------
  core/out_rank_q_reg[1]/CK -       -      R     (arrival)    265    -     0     0       0    (-,-) 
  core/out_rank_q_reg[1]/Q  -       CK->Q  F     DFFHQX1        8  2.6    76   226     226    (-,-) 
  core/g43225/Y             -       A->Y   R     INVX1          3  1.2    45    65     291    (-,-) 
  core/g43130__9945/Y       -       A->Y   F     NOR2X1         4  1.1    54    61     352    (-,-) 
  core/g43094/Y             -       A->Y   R     INVX1          4  1.6    49    57     409    (-,-) 
  core/g42947__1881/Y       -       A->Y   F     NOR2X1         2  0.5    39    56     465    (-,-) 
  core/g42870__4733/Y       -       B0->Y  R     AOI21X1        3  1.0    81    75     539    (-,-) 
  core/g42754__2398/Y       -       C0->Y  F     OAI211X1       2  0.6   148   154     693    (-,-) 
  core/g2/Y                 -       D->Y   R     NOR4BBX1       3  1.0   177   172     865    (-,-) 
  core/g42682__6131/Y       -       C0->Y  F     OAI211X1       1  0.3   128   188    1053    (-,-) 
  core/g42650__7098/Y       -       C->Y   R     NOR3X1         3  1.2   137   146    1199    (-,-) 
  core/g42588__9315/Y       -       D->Y   F     NAND4X1        2  0.8   215   205    1404    (-,-) 
  core/g42573__5526/Y       -       A1->Y  R     AOI21X1        3  1.2    90   178    1582    (-,-) 
  core/g42572/Y             -       A->Y   F     INVX1          1  0.3    32    68    1649    (-,-) 
  core/g42569__6260/Y       -       C0->Y  R     OAI211X1       4  1.4   120    48    1698    (-,-) 
  core/g42565/Y             -       A->Y   F     INVX1          4  1.1    58    97    1794    (-,-) 
  core/g42542__5122/Y       -       C->Y   R     NAND3BXL       2  0.6    49    61    1855    (-,-) 
  core/g42480__2883/Y       -       A->Y   F     NAND4XL        1  0.3   198   212    2067    (-,-) 
  core/g42455__8428/Y       -       D->Y   R     NOR4X1         1  0.2   107   153    2220    (-,-) 
  core/g42441__6161/Y       -       B->Y   F     NAND4XL        1  0.2   179   221    2442    (-,-) 
  core/g42430__5122/Y       -       D->Y   F     OR4X1          1  0.2    40   270    2712    (-,-) 
  core/g42425__6783/Y       -       D->Y   F     OR4X1          1  0.2    40   214    2926    (-,-) 
  core/g42422__4319/Y       -       D->Y   F     OR4X1          2  0.7    52   221    3147    (-,-) 
  core/g42421/Y             -       A->Y   R     INVX1          4  1.2    41    51    3198    (-,-) 
  core/g42414__1666/Y       -       A1N->Y R     OAI2BB1X1      2  0.4    42   130    3328    (-,-) 
  core/g42405__7482/Y       -       A->Y   R     AND2X1         8  2.4    65   150    3478    (-,-) 
  core/g42347__5115/Y       -       A0->Y  F     AOI21X1        1  0.3    73   102    3581    (-,-) 
  core/pending_q_reg[8]/D   -       -      F     DFFHQX1        1    -     -     0    3581    (-,-) 
#---------------------------------------------------------------------------------------------------



Path 31: MET (6334 ps) Setup Check with Pin core/pending_q_reg[40]/CK->D
          Group: clk
     Startpoint: (R) core/out_rank_q_reg[1]/CK
          Clock: (R) clk
       Endpoint: (F) core/pending_q_reg[40]/D
          Clock: (R) clk

                     Capture       Launch     
        Clock Edge:+   10000            0     
       Src Latency:+       0            0     
       Net Latency:+       0 (I)        0 (I) 
           Arrival:=   10000            0     
                                              
             Setup:-      85                  
     Required Time:=    9915                  
      Launch Clock:-       0                  
         Data Path:-    3581                  
             Slack:=    6334                  

#---------------------------------------------------------------------------------------------------
#       Timing Point        Flags    Arc   Edge   Cell     Fanout Load Trans Delay Arrival Instance 
#                                                                 (fF)  (ps)  (ps)   (ps)  Location 
#---------------------------------------------------------------------------------------------------
  core/out_rank_q_reg[1]/CK -       -      R     (arrival)    265    -     0     0       0    (-,-) 
  core/out_rank_q_reg[1]/Q  -       CK->Q  F     DFFHQX1        8  2.6    76   226     226    (-,-) 
  core/g43225/Y             -       A->Y   R     INVX1          3  1.2    45    65     291    (-,-) 
  core/g43130__9945/Y       -       A->Y   F     NOR2X1         4  1.1    54    61     352    (-,-) 
  core/g43094/Y             -       A->Y   R     INVX1          4  1.6    49    57     409    (-,-) 
  core/g42947__1881/Y       -       A->Y   F     NOR2X1         2  0.5    39    56     465    (-,-) 
  core/g42870__4733/Y       -       B0->Y  R     AOI21X1        3  1.0    81    75     539    (-,-) 
  core/g42754__2398/Y       -       C0->Y  F     OAI211X1       2  0.6   148   154     693    (-,-) 
  core/g2/Y                 -       D->Y   R     NOR4BBX1       3  1.0   177   172     865    (-,-) 
  core/g42682__6131/Y       -       C0->Y  F     OAI211X1       1  0.3   128   188    1053    (-,-) 
  core/g42650__7098/Y       -       C->Y   R     NOR3X1         3  1.2   137   146    1199    (-,-) 
  core/g42588__9315/Y       -       D->Y   F     NAND4X1        2  0.8   215   205    1404    (-,-) 
  core/g42573__5526/Y       -       A1->Y  R     AOI21X1        3  1.2    90   178    1582    (-,-) 
  core/g42572/Y             -       A->Y   F     INVX1          1  0.3    32    68    1649    (-,-) 
  core/g42569__6260/Y       -       C0->Y  R     OAI211X1       4  1.4   120    48    1698    (-,-) 
  core/g42565/Y             -       A->Y   F     INVX1          4  1.1    58    97    1794    (-,-) 
  core/g42542__5122/Y       -       C->Y   R     NAND3BXL       2  0.6    49    61    1855    (-,-) 
  core/g42480__2883/Y       -       A->Y   F     NAND4XL        1  0.3   198   212    2067    (-,-) 
  core/g42455__8428/Y       -       D->Y   R     NOR4X1         1  0.2   107   153    2220    (-,-) 
  core/g42441__6161/Y       -       B->Y   F     NAND4XL        1  0.2   179   221    2442    (-,-) 
  core/g42430__5122/Y       -       D->Y   F     OR4X1          1  0.2    40   270    2712    (-,-) 
  core/g42425__6783/Y       -       D->Y   F     OR4X1          1  0.2    40   214    2926    (-,-) 
  core/g42422__4319/Y       -       D->Y   F     OR4X1          2  0.7    52   221    3147    (-,-) 
  core/g42421/Y             -       A->Y   R     INVX1          4  1.2    41    51    3198    (-,-) 
  core/g42414__1666/Y       -       A1N->Y R     OAI2BB1X1      2  0.4    42   130    3328    (-,-) 
  core/g42405__7482/Y       -       A->Y   R     AND2X1         8  2.4    65   150    3478    (-,-) 
  core/g42372__7098/Y       -       A0->Y  F     AOI21X1        1  0.3    73   102    3581    (-,-) 
  core/pending_q_reg[40]/D  -       -      F     DFFHQX1        1    -     -     0    3581    (-,-) 
#---------------------------------------------------------------------------------------------------



Path 32: MET (6344 ps) Setup Check with Pin core/pending_q_reg[55]/CK->D
          Group: clk
     Startpoint: (R) core/out_rank_q_reg[1]/CK
          Clock: (R) clk
       Endpoint: (R) core/pending_q_reg[55]/D
          Clock: (R) clk

                     Capture       Launch     
        Clock Edge:+   10000            0     
       Src Latency:+       0            0     
       Net Latency:+       0 (I)        0 (I) 
           Arrival:=   10000            0     
                                              
             Setup:-     136                  
     Required Time:=    9864                  
      Launch Clock:-       0                  
         Data Path:-    3520                  
             Slack:=    6344                  

#--------------------------------------------------------------------------------------------------
#       Timing Point        Flags   Arc   Edge   Cell     Fanout Load Trans Delay Arrival Instance 
#                                                                (fF)  (ps)  (ps)   (ps)  Location 
#--------------------------------------------------------------------------------------------------
  core/out_rank_q_reg[1]/CK -       -     R     (arrival)    265    -     0     0       0    (-,-) 
  core/out_rank_q_reg[1]/Q  -       CK->Q F     DFFHQX1        8  2.6    76   226     226    (-,-) 
  core/g43225/Y             -       A->Y  R     INVX1          3  1.2    45    65     291    (-,-) 
  core/g43130__9945/Y       -       A->Y  F     NOR2X1         4  1.1    54    61     352    (-,-) 
  core/g43094/Y             -       A->Y  R     INVX1          4  1.6    49    57     409    (-,-) 
  core/g42947__1881/Y       -       A->Y  F     NOR2X1         2  0.5    39    56     465    (-,-) 
  core/g42870__4733/Y       -       B0->Y R     AOI21X1        3  1.0    81    75     539    (-,-) 
  core/g42754__2398/Y       -       C0->Y F     OAI211X1       2  0.6   148   154     693    (-,-) 
  core/g2/Y                 -       D->Y  R     NOR4BBX1       3  1.0   177   172     865    (-,-) 
  core/g42682__6131/Y       -       C0->Y F     OAI211X1       1  0.3   128   188    1053    (-,-) 
  core/g42650__7098/Y       -       C->Y  R     NOR3X1         3  1.2   137   146    1199    (-,-) 
  core/g42588__9315/Y       -       D->Y  F     NAND4X1        2  0.8   215   205    1404    (-,-) 
  core/g42573__5526/Y       -       A1->Y R     AOI21X1        3  1.2    90   178    1582    (-,-) 
  core/g42572/Y             -       A->Y  F     INVX1          1  0.3    32    68    1649    (-,-) 
  core/g42569__6260/Y       -       C0->Y R     OAI211X1       4  1.4   120    48    1698    (-,-) 
  core/g42565/Y             -       A->Y  F     INVX1          4  1.1    58    97    1794    (-,-) 
  core/g42542__5122/Y       -       C->Y  R     NAND3BXL       2  0.6    49    61    1855    (-,-) 
  core/g42480__2883/Y       -       A->Y  F     NAND4XL        1  0.3   198   212    2067    (-,-) 
  core/g42455__8428/Y       -       D->Y  R     NOR4X1         1  0.2   107   153    2220    (-,-) 
  core/g42441__6161/Y       -       B->Y  F     NAND4XL        1  0.2   179   221    2442    (-,-) 
  core/g42430__5122/Y       -       D->Y  F     OR4X1          1  0.2    40   270    2712    (-,-) 
  core/g42425__6783/Y       -       D->Y  F     OR4X1          1  0.2    40   214    2926    (-,-) 
  core/g42422__4319/Y       -       D->Y  F     OR4X1          2  0.7    52   221    3147    (-,-) 
  core/g42421/Y             -       A->Y  R     INVX1          4  1.2    41    51    3198    (-,-) 
  core/g42418__2398/Y       -       A1->Y R     OA21X1         2  0.8    35   146    3344    (-,-) 
  core/g42409__9315/Y       -       B->Y  F     NOR2X1         8  2.4   100    65    3409    (-,-) 
  core/g42387__2398/Y       -       A0->Y R     AOI21XL        1  0.3    63   111    3520    (-,-) 
  core/pending_q_reg[55]/D  -       -     R     DFFHQX1        1    -     -     0    3520    (-,-) 
#--------------------------------------------------------------------------------------------------



Path 33: MET (6344 ps) Setup Check with Pin core/pending_q_reg[63]/CK->D
          Group: clk
     Startpoint: (R) core/out_rank_q_reg[1]/CK
          Clock: (R) clk
       Endpoint: (R) core/pending_q_reg[63]/D
          Clock: (R) clk

                     Capture       Launch     
        Clock Edge:+   10000            0     
       Src Latency:+       0            0     
       Net Latency:+       0 (I)        0 (I) 
           Arrival:=   10000            0     
                                              
             Setup:-     136                  
     Required Time:=    9864                  
      Launch Clock:-       0                  
         Data Path:-    3520                  
             Slack:=    6344                  

#--------------------------------------------------------------------------------------------------
#       Timing Point        Flags   Arc   Edge   Cell     Fanout Load Trans Delay Arrival Instance 
#                                                                (fF)  (ps)  (ps)   (ps)  Location 
#--------------------------------------------------------------------------------------------------
  core/out_rank_q_reg[1]/CK -       -     R     (arrival)    265    -     0     0       0    (-,-) 
  core/out_rank_q_reg[1]/Q  -       CK->Q F     DFFHQX1        8  2.6    76   226     226    (-,-) 
  core/g43225/Y             -       A->Y  R     INVX1          3  1.2    45    65     291    (-,-) 
  core/g43130__9945/Y       -       A->Y  F     NOR2X1         4  1.1    54    61     352    (-,-) 
  core/g43094/Y             -       A->Y  R     INVX1          4  1.6    49    57     409    (-,-) 
  core/g42947__1881/Y       -       A->Y  F     NOR2X1         2  0.5    39    56     465    (-,-) 
  core/g42870__4733/Y       -       B0->Y R     AOI21X1        3  1.0    81    75     539    (-,-) 
  core/g42754__2398/Y       -       C0->Y F     OAI211X1       2  0.6   148   154     693    (-,-) 
  core/g2/Y                 -       D->Y  R     NOR4BBX1       3  1.0   177   172     865    (-,-) 
  core/g42682__6131/Y       -       C0->Y F     OAI211X1       1  0.3   128   188    1053    (-,-) 
  core/g42650__7098/Y       -       C->Y  R     NOR3X1         3  1.2   137   146    1199    (-,-) 
  core/g42588__9315/Y       -       D->Y  F     NAND4X1        2  0.8   215   205    1404    (-,-) 
  core/g42573__5526/Y       -       A1->Y R     AOI21X1        3  1.2    90   178    1582    (-,-) 
  core/g42572/Y             -       A->Y  F     INVX1          1  0.3    32    68    1649    (-,-) 
  core/g42569__6260/Y       -       C0->Y R     OAI211X1       4  1.4   120    48    1698    (-,-) 
  core/g42565/Y             -       A->Y  F     INVX1          4  1.1    58    97    1794    (-,-) 
  core/g42542__5122/Y       -       C->Y  R     NAND3BXL       2  0.6    49    61    1855    (-,-) 
  core/g42480__2883/Y       -       A->Y  F     NAND4XL        1  0.3   198   212    2067    (-,-) 
  core/g42455__8428/Y       -       D->Y  R     NOR4X1         1  0.2   107   153    2220    (-,-) 
  core/g42441__6161/Y       -       B->Y  F     NAND4XL        1  0.2   179   221    2442    (-,-) 
  core/g42430__5122/Y       -       D->Y  F     OR4X1          1  0.2    40   270    2712    (-,-) 
  core/g42425__6783/Y       -       D->Y  F     OR4X1          1  0.2    40   214    2926    (-,-) 
  core/g42422__4319/Y       -       D->Y  F     OR4X1          2  0.7    52   221    3147    (-,-) 
  core/g42421/Y             -       A->Y  R     INVX1          4  1.2    41    51    3198    (-,-) 
  core/g42418__2398/Y       -       A1->Y R     OA21X1         2  0.8    35   146    3344    (-,-) 
  core/g42409__9315/Y       -       B->Y  F     NOR2X1         8  2.4   100    65    3409    (-,-) 
  core/g42392__5526/Y       -       A0->Y R     AOI21XL        1  0.3    62   111    3520    (-,-) 
  core/pending_q_reg[63]/D  -       -     R     DFFHQX1        1    -     -     0    3520    (-,-) 
#--------------------------------------------------------------------------------------------------



Path 34: MET (6344 ps) Setup Check with Pin core/pending_q_reg[31]/CK->D
          Group: clk
     Startpoint: (R) core/out_rank_q_reg[1]/CK
          Clock: (R) clk
       Endpoint: (R) core/pending_q_reg[31]/D
          Clock: (R) clk

                     Capture       Launch     
        Clock Edge:+   10000            0     
       Src Latency:+       0            0     
       Net Latency:+       0 (I)        0 (I) 
           Arrival:=   10000            0     
                                              
             Setup:-     136                  
     Required Time:=    9864                  
      Launch Clock:-       0                  
         Data Path:-    3520                  
             Slack:=    6344                  

#--------------------------------------------------------------------------------------------------
#       Timing Point        Flags   Arc   Edge   Cell     Fanout Load Trans Delay Arrival Instance 
#                                                                (fF)  (ps)  (ps)   (ps)  Location 
#--------------------------------------------------------------------------------------------------
  core/out_rank_q_reg[1]/CK -       -     R     (arrival)    265    -     0     0       0    (-,-) 
  core/out_rank_q_reg[1]/Q  -       CK->Q F     DFFHQX1        8  2.6    76   226     226    (-,-) 
  core/g43225/Y             -       A->Y  R     INVX1          3  1.2    45    65     291    (-,-) 
  core/g43130__9945/Y       -       A->Y  F     NOR2X1         4  1.1    54    61     352    (-,-) 
  core/g43094/Y             -       A->Y  R     INVX1          4  1.6    49    57     409    (-,-) 
  core/g42947__1881/Y       -       A->Y  F     NOR2X1         2  0.5    39    56     465    (-,-) 
  core/g42870__4733/Y       -       B0->Y R     AOI21X1        3  1.0    81    75     539    (-,-) 
  core/g42754__2398/Y       -       C0->Y F     OAI211X1       2  0.6   148   154     693    (-,-) 
  core/g2/Y                 -       D->Y  R     NOR4BBX1       3  1.0   177   172     865    (-,-) 
  core/g42682__6131/Y       -       C0->Y F     OAI211X1       1  0.3   128   188    1053    (-,-) 
  core/g42650__7098/Y       -       C->Y  R     NOR3X1         3  1.2   137   146    1199    (-,-) 
  core/g42588__9315/Y       -       D->Y  F     NAND4X1        2  0.8   215   205    1404    (-,-) 
  core/g42573__5526/Y       -       A1->Y R     AOI21X1        3  1.2    90   178    1582    (-,-) 
  core/g42572/Y             -       A->Y  F     INVX1          1  0.3    32    68    1649    (-,-) 
  core/g42569__6260/Y       -       C0->Y R     OAI211X1       4  1.4   120    48    1698    (-,-) 
  core/g42565/Y             -       A->Y  F     INVX1          4  1.1    58    97    1794    (-,-) 
  core/g42542__5122/Y       -       C->Y  R     NAND3BXL       2  0.6    49    61    1855    (-,-) 
  core/g42480__2883/Y       -       A->Y  F     NAND4XL        1  0.3   198   212    2067    (-,-) 
  core/g42455__8428/Y       -       D->Y  R     NOR4X1         1  0.2   107   153    2220    (-,-) 
  core/g42441__6161/Y       -       B->Y  F     NAND4XL        1  0.2   179   221    2442    (-,-) 
  core/g42430__5122/Y       -       D->Y  F     OR4X1          1  0.2    40   270    2712    (-,-) 
  core/g42425__6783/Y       -       D->Y  F     OR4X1          1  0.2    40   214    2926    (-,-) 
  core/g42422__4319/Y       -       D->Y  F     OR4X1          2  0.7    52   221    3147    (-,-) 
  core/g42421/Y             -       A->Y  R     INVX1          4  1.2    41    51    3198    (-,-) 
  core/g42418__2398/Y       -       A1->Y R     OA21X1         2  0.8    35   146    3344    (-,-) 
  core/g42409__9315/Y       -       B->Y  F     NOR2X1         8  2.4   100    65    3409    (-,-) 
  core/g42364__5526/Y       -       A0->Y R     AOI21XL        1  0.3    62   111    3520    (-,-) 
  core/pending_q_reg[31]/D  -       -     R     DFFHQX1        1    -     -     0    3520    (-,-) 
#--------------------------------------------------------------------------------------------------



Path 35: MET (6345 ps) Setup Check with Pin core/pending_q_reg[4]/CK->D
          Group: clk
     Startpoint: (R) core/out_rank_q_reg[1]/CK
          Clock: (R) clk
       Endpoint: (F) core/pending_q_reg[4]/D
          Clock: (R) clk

                     Capture       Launch     
        Clock Edge:+   10000            0     
       Src Latency:+       0            0     
       Net Latency:+       0 (I)        0 (I) 
           Arrival:=   10000            0     
                                              
             Setup:-      88                  
     Required Time:=    9912                  
      Launch Clock:-       0                  
         Data Path:-    3566                  
             Slack:=    6345                  

#--------------------------------------------------------------------------------------------------
#       Timing Point        Flags   Arc   Edge   Cell     Fanout Load Trans Delay Arrival Instance 
#                                                                (fF)  (ps)  (ps)   (ps)  Location 
#--------------------------------------------------------------------------------------------------
  core/out_rank_q_reg[1]/CK -       -     R     (arrival)    265    -     0     0       0    (-,-) 
  core/out_rank_q_reg[1]/Q  -       CK->Q F     DFFHQX1        8  2.6    76   226     226    (-,-) 
  core/g43225/Y             -       A->Y  R     INVX1          3  1.2    45    65     291    (-,-) 
  core/g43130__9945/Y       -       A->Y  F     NOR2X1         4  1.1    54    61     352    (-,-) 
  core/g43094/Y             -       A->Y  R     INVX1          4  1.6    49    57     409    (-,-) 
  core/g42947__1881/Y       -       A->Y  F     NOR2X1         2  0.5    39    56     465    (-,-) 
  core/g42870__4733/Y       -       B0->Y R     AOI21X1        3  1.0    81    75     539    (-,-) 
  core/g42754__2398/Y       -       C0->Y F     OAI211X1       2  0.6   148   154     693    (-,-) 
  core/g2/Y                 -       D->Y  R     NOR4BBX1       3  1.0   177   172     865    (-,-) 
  core/g42682__6131/Y       -       C0->Y F     OAI211X1       1  0.3   128   188    1053    (-,-) 
  core/g42650__7098/Y       -       C->Y  R     NOR3X1         3  1.2   137   146    1199    (-,-) 
  core/g42588__9315/Y       -       D->Y  F     NAND4X1        2  0.8   215   205    1404    (-,-) 
  core/g42573__5526/Y       -       A1->Y R     AOI21X1        3  1.2    90   178    1582    (-,-) 
  core/g42572/Y             -       A->Y  F     INVX1          1  0.3    32    68    1649    (-,-) 
  core/g42569__6260/Y       -       C0->Y R     OAI211X1       4  1.4   120    48    1698    (-,-) 
  core/g42565/Y             -       A->Y  F     INVX1          4  1.1    58    97    1794    (-,-) 
  core/g42542__5122/Y       -       C->Y  R     NAND3BXL       2  0.6    49    61    1855    (-,-) 
  core/g42480__2883/Y       -       A->Y  F     NAND4XL        1  0.3   198   212    2067    (-,-) 
  core/g42455__8428/Y       -       D->Y  R     NOR4X1         1  0.2   107   153    2220    (-,-) 
  core/g42441__6161/Y       -       B->Y  F     NAND4XL        1  0.2   179   221    2442    (-,-) 
  core/g42430__5122/Y       -       D->Y  F     OR4X1          1  0.2    40   270    2712    (-,-) 
  core/g42425__6783/Y       -       D->Y  F     OR4X1          1  0.2    40   214    2926    (-,-) 
  core/g42422__4319/Y       -       D->Y  F     OR4X1          2  0.7    52   221    3147    (-,-) 
  core/g42421/Y             -       A->Y  R     INVX1          4  1.2    41    51    3198    (-,-) 
  core/g42417__5477/Y       -       A1->Y F     AOI21X1        2  0.6    84    89    3287    (-,-) 
  core/g42412__2346/Y       -       B->Y  R     NOR2X1         8  2.6   146   131    3418    (-,-) 
  core/g42331__2398/Y       -       A0->Y F     AOI21X1        1  0.3    81   148    3566    (-,-) 
  core/pending_q_reg[4]/D   -       -     F     DFFHQX1        1    -     -     0    3566    (-,-) 
#--------------------------------------------------------------------------------------------------



Path 36: MET (6346 ps) Setup Check with Pin core/pending_q_reg[23]/CK->D
          Group: clk
     Startpoint: (R) core/out_rank_q_reg[1]/CK
          Clock: (R) clk
       Endpoint: (R) core/pending_q_reg[23]/D
          Clock: (R) clk

                     Capture       Launch     
        Clock Edge:+   10000            0     
       Src Latency:+       0            0     
       Net Latency:+       0 (I)        0 (I) 
           Arrival:=   10000            0     
                                              
             Setup:-     134                  
     Required Time:=    9866                  
      Launch Clock:-       0                  
         Data Path:-    3520                  
             Slack:=    6346                  

#--------------------------------------------------------------------------------------------------
#       Timing Point        Flags   Arc   Edge   Cell     Fanout Load Trans Delay Arrival Instance 
#                                                                (fF)  (ps)  (ps)   (ps)  Location 
#--------------------------------------------------------------------------------------------------
  core/out_rank_q_reg[1]/CK -       -     R     (arrival)    265    -     0     0       0    (-,-) 
  core/out_rank_q_reg[1]/Q  -       CK->Q F     DFFHQX1        8  2.6    76   226     226    (-,-) 
  core/g43225/Y             -       A->Y  R     INVX1          3  1.2    45    65     291    (-,-) 
  core/g43130__9945/Y       -       A->Y  F     NOR2X1         4  1.1    54    61     352    (-,-) 
  core/g43094/Y             -       A->Y  R     INVX1          4  1.6    49    57     409    (-,-) 
  core/g42947__1881/Y       -       A->Y  F     NOR2X1         2  0.5    39    56     465    (-,-) 
  core/g42870__4733/Y       -       B0->Y R     AOI21X1        3  1.0    81    75     539    (-,-) 
  core/g42754__2398/Y       -       C0->Y F     OAI211X1       2  0.6   148   154     693    (-,-) 
  core/g2/Y                 -       D->Y  R     NOR4BBX1       3  1.0   177   172     865    (-,-) 
  core/g42682__6131/Y       -       C0->Y F     OAI211X1       1  0.3   128   188    1053    (-,-) 
  core/g42650__7098/Y       -       C->Y  R     NOR3X1         3  1.2   137   146    1199    (-,-) 
  core/g42588__9315/Y       -       D->Y  F     NAND4X1        2  0.8   215   205    1404    (-,-) 
  core/g42573__5526/Y       -       A1->Y R     AOI21X1        3  1.2    90   178    1582    (-,-) 
  core/g42572/Y             -       A->Y  F     INVX1          1  0.3    32    68    1649    (-,-) 
  core/g42569__6260/Y       -       C0->Y R     OAI211X1       4  1.4   120    48    1698    (-,-) 
  core/g42565/Y             -       A->Y  F     INVX1          4  1.1    58    97    1794    (-,-) 
  core/g42542__5122/Y       -       C->Y  R     NAND3BXL       2  0.6    49    61    1855    (-,-) 
  core/g42480__2883/Y       -       A->Y  F     NAND4XL        1  0.3   198   212    2067    (-,-) 
  core/g42455__8428/Y       -       D->Y  R     NOR4X1         1  0.2   107   153    2220    (-,-) 
  core/g42441__6161/Y       -       B->Y  F     NAND4XL        1  0.2   179   221    2442    (-,-) 
  core/g42430__5122/Y       -       D->Y  F     OR4X1          1  0.2    40   270    2712    (-,-) 
  core/g42425__6783/Y       -       D->Y  F     OR4X1          1  0.2    40   214    2926    (-,-) 
  core/g42422__4319/Y       -       D->Y  F     OR4X1          2  0.7    52   221    3147    (-,-) 
  core/g42421/Y             -       A->Y  R     INVX1          4  1.2    41    51    3198    (-,-) 
  core/g42418__2398/Y       -       A1->Y R     OA21X1         2  0.8    35   146    3344    (-,-) 
  core/g42409__9315/Y       -       B->Y  F     NOR2X1         8  2.4   100    65    3409    (-,-) 
  core/g42340__2802/Y       -       A0->Y R     AOI21XL        1  0.3    60   111    3520    (-,-) 
  core/pending_q_reg[23]/D  -       -     R     DFFHQX1        1    -     -     0    3520    (-,-) 
#--------------------------------------------------------------------------------------------------



Path 37: MET (6349 ps) Setup Check with Pin core/pending_q_reg[36]/CK->D
          Group: clk
     Startpoint: (R) core/out_rank_q_reg[1]/CK
          Clock: (R) clk
       Endpoint: (F) core/pending_q_reg[36]/D
          Clock: (R) clk

                     Capture       Launch     
        Clock Edge:+   10000            0     
       Src Latency:+       0            0     
       Net Latency:+       0 (I)        0 (I) 
           Arrival:=   10000            0     
                                              
             Setup:-      85                  
     Required Time:=    9915                  
      Launch Clock:-       0                  
         Data Path:-    3566                  
             Slack:=    6349                  

#--------------------------------------------------------------------------------------------------
#       Timing Point        Flags   Arc   Edge   Cell     Fanout Load Trans Delay Arrival Instance 
#                                                                (fF)  (ps)  (ps)   (ps)  Location 
#--------------------------------------------------------------------------------------------------
  core/out_rank_q_reg[1]/CK -       -     R     (arrival)    265    -     0     0       0    (-,-) 
  core/out_rank_q_reg[1]/Q  -       CK->Q F     DFFHQX1        8  2.6    76   226     226    (-,-) 
  core/g43225/Y             -       A->Y  R     INVX1          3  1.2    45    65     291    (-,-) 
  core/g43130__9945/Y       -       A->Y  F     NOR2X1         4  1.1    54    61     352    (-,-) 
  core/g43094/Y             -       A->Y  R     INVX1          4  1.6    49    57     409    (-,-) 
  core/g42947__1881/Y       -       A->Y  F     NOR2X1         2  0.5    39    56     465    (-,-) 
  core/g42870__4733/Y       -       B0->Y R     AOI21X1        3  1.0    81    75     539    (-,-) 
  core/g42754__2398/Y       -       C0->Y F     OAI211X1       2  0.6   148   154     693    (-,-) 
  core/g2/Y                 -       D->Y  R     NOR4BBX1       3  1.0   177   172     865    (-,-) 
  core/g42682__6131/Y       -       C0->Y F     OAI211X1       1  0.3   128   188    1053    (-,-) 
  core/g42650__7098/Y       -       C->Y  R     NOR3X1         3  1.2   137   146    1199    (-,-) 
  core/g42588__9315/Y       -       D->Y  F     NAND4X1        2  0.8   215   205    1404    (-,-) 
  core/g42573__5526/Y       -       A1->Y R     AOI21X1        3  1.2    90   178    1582    (-,-) 
  core/g42572/Y             -       A->Y  F     INVX1          1  0.3    32    68    1649    (-,-) 
  core/g42569__6260/Y       -       C0->Y R     OAI211X1       4  1.4   120    48    1698    (-,-) 
  core/g42565/Y             -       A->Y  F     INVX1          4  1.1    58    97    1794    (-,-) 
  core/g42542__5122/Y       -       C->Y  R     NAND3BXL       2  0.6    49    61    1855    (-,-) 
  core/g42480__2883/Y       -       A->Y  F     NAND4XL        1  0.3   198   212    2067    (-,-) 
  core/g42455__8428/Y       -       D->Y  R     NOR4X1         1  0.2   107   153    2220    (-,-) 
  core/g42441__6161/Y       -       B->Y  F     NAND4XL        1  0.2   179   221    2442    (-,-) 
  core/g42430__5122/Y       -       D->Y  F     OR4X1          1  0.2    40   270    2712    (-,-) 
  core/g42425__6783/Y       -       D->Y  F     OR4X1          1  0.2    40   214    2926    (-,-) 
  core/g42422__4319/Y       -       D->Y  F     OR4X1          2  0.7    52   221    3147    (-,-) 
  core/g42421/Y             -       A->Y  R     INVX1          4  1.2    41    51    3198    (-,-) 
  core/g42417__5477/Y       -       A1->Y F     AOI21X1        2  0.6    84    89    3287    (-,-) 
  core/g42412__2346/Y       -       B->Y  R     NOR2X1         8  2.6   146   131    3418    (-,-) 
  core/g42341__1705/Y       -       A0->Y F     AOI21X1        1  0.3    73   148    3566    (-,-) 
  core/pending_q_reg[36]/D  -       -     F     DFFHQX1        1    -     -     0    3566    (-,-) 
#--------------------------------------------------------------------------------------------------



Path 38: MET (6349 ps) Setup Check with Pin core/pending_q_reg[12]/CK->D
          Group: clk
     Startpoint: (R) core/out_rank_q_reg[1]/CK
          Clock: (R) clk
       Endpoint: (F) core/pending_q_reg[12]/D
          Clock: (R) clk

                     Capture       Launch     
        Clock Edge:+   10000            0     
       Src Latency:+       0            0     
       Net Latency:+       0 (I)        0 (I) 
           Arrival:=   10000            0     
                                              
             Setup:-      85                  
     Required Time:=    9915                  
      Launch Clock:-       0                  
         Data Path:-    3566                  
             Slack:=    6349                  

#--------------------------------------------------------------------------------------------------
#       Timing Point        Flags   Arc   Edge   Cell     Fanout Load Trans Delay Arrival Instance 
#                                                                (fF)  (ps)  (ps)   (ps)  Location 
#--------------------------------------------------------------------------------------------------
  core/out_rank_q_reg[1]/CK -       -     R     (arrival)    265    -     0     0       0    (-,-) 
  core/out_rank_q_reg[1]/Q  -       CK->Q F     DFFHQX1        8  2.6    76   226     226    (-,-) 
  core/g43225/Y             -       A->Y  R     INVX1          3  1.2    45    65     291    (-,-) 
  core/g43130__9945/Y       -       A->Y  F     NOR2X1         4  1.1    54    61     352    (-,-) 
  core/g43094/Y             -       A->Y  R     INVX1          4  1.6    49    57     409    (-,-) 
  core/g42947__1881/Y       -       A->Y  F     NOR2X1         2  0.5    39    56     465    (-,-) 
  core/g42870__4733/Y       -       B0->Y R     AOI21X1        3  1.0    81    75     539    (-,-) 
  core/g42754__2398/Y       -       C0->Y F     OAI211X1       2  0.6   148   154     693    (-,-) 
  core/g2/Y                 -       D->Y  R     NOR4BBX1       3  1.0   177   172     865    (-,-) 
  core/g42682__6131/Y       -       C0->Y F     OAI211X1       1  0.3   128   188    1053    (-,-) 
  core/g42650__7098/Y       -       C->Y  R     NOR3X1         3  1.2   137   146    1199    (-,-) 
  core/g42588__9315/Y       -       D->Y  F     NAND4X1        2  0.8   215   205    1404    (-,-) 
  core/g42573__5526/Y       -       A1->Y R     AOI21X1        3  1.2    90   178    1582    (-,-) 
  core/g42572/Y             -       A->Y  F     INVX1          1  0.3    32    68    1649    (-,-) 
  core/g42569__6260/Y       -       C0->Y R     OAI211X1       4  1.4   120    48    1698    (-,-) 
  core/g42565/Y             -       A->Y  F     INVX1          4  1.1    58    97    1794    (-,-) 
  core/g42542__5122/Y       -       C->Y  R     NAND3BXL       2  0.6    49    61    1855    (-,-) 
  core/g42480__2883/Y       -       A->Y  F     NAND4XL        1  0.3   198   212    2067    (-,-) 
  core/g42455__8428/Y       -       D->Y  R     NOR4X1         1  0.2   107   153    2220    (-,-) 
  core/g42441__6161/Y       -       B->Y  F     NAND4XL        1  0.2   179   221    2442    (-,-) 
  core/g42430__5122/Y       -       D->Y  F     OR4X1          1  0.2    40   270    2712    (-,-) 
  core/g42425__6783/Y       -       D->Y  F     OR4X1          1  0.2    40   214    2926    (-,-) 
  core/g42422__4319/Y       -       D->Y  F     OR4X1          2  0.7    52   221    3147    (-,-) 
  core/g42421/Y             -       A->Y  R     INVX1          4  1.2    41    51    3198    (-,-) 
  core/g42417__5477/Y       -       A1->Y F     AOI21X1        2  0.6    84    89    3287    (-,-) 
  core/g42412__2346/Y       -       B->Y  R     NOR2X1         8  2.6   146   131    3418    (-,-) 
  core/g42335__8428/Y       -       A0->Y F     AOI21X1        1  0.3    73   148    3566    (-,-) 
  core/pending_q_reg[12]/D  -       -     F     DFFHQX1        1    -     -     0    3566    (-,-) 
#--------------------------------------------------------------------------------------------------



Path 39: MET (6349 ps) Setup Check with Pin core/pending_q_reg[44]/CK->D
          Group: clk
     Startpoint: (R) core/out_rank_q_reg[1]/CK
          Clock: (R) clk
       Endpoint: (F) core/pending_q_reg[44]/D
          Clock: (R) clk

                     Capture       Launch     
        Clock Edge:+   10000            0     
       Src Latency:+       0            0     
       Net Latency:+       0 (I)        0 (I) 
           Arrival:=   10000            0     
                                              
             Setup:-      85                  
     Required Time:=    9915                  
      Launch Clock:-       0                  
         Data Path:-    3566                  
             Slack:=    6349                  

#--------------------------------------------------------------------------------------------------
#       Timing Point        Flags   Arc   Edge   Cell     Fanout Load Trans Delay Arrival Instance 
#                                                                (fF)  (ps)  (ps)   (ps)  Location 
#--------------------------------------------------------------------------------------------------
  core/out_rank_q_reg[1]/CK -       -     R     (arrival)    265    -     0     0       0    (-,-) 
  core/out_rank_q_reg[1]/Q  -       CK->Q F     DFFHQX1        8  2.6    76   226     226    (-,-) 
  core/g43225/Y             -       A->Y  R     INVX1          3  1.2    45    65     291    (-,-) 
  core/g43130__9945/Y       -       A->Y  F     NOR2X1         4  1.1    54    61     352    (-,-) 
  core/g43094/Y             -       A->Y  R     INVX1          4  1.6    49    57     409    (-,-) 
  core/g42947__1881/Y       -       A->Y  F     NOR2X1         2  0.5    39    56     465    (-,-) 
  core/g42870__4733/Y       -       B0->Y R     AOI21X1        3  1.0    81    75     539    (-,-) 
  core/g42754__2398/Y       -       C0->Y F     OAI211X1       2  0.6   148   154     693    (-,-) 
  core/g2/Y                 -       D->Y  R     NOR4BBX1       3  1.0   177   172     865    (-,-) 
  core/g42682__6131/Y       -       C0->Y F     OAI211X1       1  0.3   128   188    1053    (-,-) 
  core/g42650__7098/Y       -       C->Y  R     NOR3X1         3  1.2   137   146    1199    (-,-) 
  core/g42588__9315/Y       -       D->Y  F     NAND4X1        2  0.8   215   205    1404    (-,-) 
  core/g42573__5526/Y       -       A1->Y R     AOI21X1        3  1.2    90   178    1582    (-,-) 
  core/g42572/Y             -       A->Y  F     INVX1          1  0.3    32    68    1649    (-,-) 
  core/g42569__6260/Y       -       C0->Y R     OAI211X1       4  1.4   120    48    1698    (-,-) 
  core/g42565/Y             -       A->Y  F     INVX1          4  1.1    58    97    1794    (-,-) 
  core/g42542__5122/Y       -       C->Y  R     NAND3BXL       2  0.6    49    61    1855    (-,-) 
  core/g42480__2883/Y       -       A->Y  F     NAND4XL        1  0.3   198   212    2067    (-,-) 
  core/g42455__8428/Y       -       D->Y  R     NOR4X1         1  0.2   107   153    2220    (-,-) 
  core/g42441__6161/Y       -       B->Y  F     NAND4XL        1  0.2   179   221    2442    (-,-) 
  core/g42430__5122/Y       -       D->Y  F     OR4X1          1  0.2    40   270    2712    (-,-) 
  core/g42425__6783/Y       -       D->Y  F     OR4X1          1  0.2    40   214    2926    (-,-) 
  core/g42422__4319/Y       -       D->Y  F     OR4X1          2  0.7    52   221    3147    (-,-) 
  core/g42421/Y             -       A->Y  R     INVX1          4  1.2    41    51    3198    (-,-) 
  core/g42417__5477/Y       -       A1->Y F     AOI21X1        2  0.6    84    89    3287    (-,-) 
  core/g42412__2346/Y       -       B->Y  R     NOR2X1         8  2.6   146   131    3418    (-,-) 
  core/g42376__7482/Y       -       A0->Y F     AOI21X1        1  0.3    73   148    3566    (-,-) 
  core/pending_q_reg[44]/D  -       -     F     DFFHQX1        1    -     -     0    3566    (-,-) 
#--------------------------------------------------------------------------------------------------



Path 40: MET (6352 ps) Setup Check with Pin core/pending_q_reg[47]/CK->D
          Group: clk
     Startpoint: (R) core/out_rank_q_reg[1]/CK
          Clock: (R) clk
       Endpoint: (R) core/pending_q_reg[47]/D
          Clock: (R) clk

                     Capture       Launch     
        Clock Edge:+   10000            0     
       Src Latency:+       0            0     
       Net Latency:+       0 (I)        0 (I) 
           Arrival:=   10000            0     
                                              
             Setup:-     136                  
     Required Time:=    9864                  
      Launch Clock:-       0                  
         Data Path:-    3512                  
             Slack:=    6352                  

#--------------------------------------------------------------------------------------------------
#       Timing Point        Flags   Arc   Edge   Cell     Fanout Load Trans Delay Arrival Instance 
#                                                                (fF)  (ps)  (ps)   (ps)  Location 
#--------------------------------------------------------------------------------------------------
  core/out_rank_q_reg[1]/CK -       -     R     (arrival)    265    -     0     0       0    (-,-) 
  core/out_rank_q_reg[1]/Q  -       CK->Q F     DFFHQX1        8  2.6    76   226     226    (-,-) 
  core/g43225/Y             -       A->Y  R     INVX1          3  1.2    45    65     291    (-,-) 
  core/g43130__9945/Y       -       A->Y  F     NOR2X1         4  1.1    54    61     352    (-,-) 
  core/g43094/Y             -       A->Y  R     INVX1          4  1.6    49    57     409    (-,-) 
  core/g42947__1881/Y       -       A->Y  F     NOR2X1         2  0.5    39    56     465    (-,-) 
  core/g42870__4733/Y       -       B0->Y R     AOI21X1        3  1.0    81    75     539    (-,-) 
  core/g42754__2398/Y       -       C0->Y F     OAI211X1       2  0.6   148   154     693    (-,-) 
  core/g2/Y                 -       D->Y  R     NOR4BBX1       3  1.0   177   172     865    (-,-) 
  core/g42682__6131/Y       -       C0->Y F     OAI211X1       1  0.3   128   188    1053    (-,-) 
  core/g42650__7098/Y       -       C->Y  R     NOR3X1         3  1.2   137   146    1199    (-,-) 
  core/g42588__9315/Y       -       D->Y  F     NAND4X1        2  0.8   215   205    1404    (-,-) 
  core/g42573__5526/Y       -       A1->Y R     AOI21X1        3  1.2    90   178    1582    (-,-) 
  core/g42572/Y             -       A->Y  F     INVX1          1  0.3    32    68    1649    (-,-) 
  core/g42569__6260/Y       -       C0->Y R     OAI211X1       4  1.4   120    48    1698    (-,-) 
  core/g42565/Y             -       A->Y  F     INVX1          4  1.1    58    97    1794    (-,-) 
  core/g42542__5122/Y       -       C->Y  R     NAND3BXL       2  0.6    49    61    1855    (-,-) 
  core/g42480__2883/Y       -       A->Y  F     NAND4XL        1  0.3   198   212    2067    (-,-) 
  core/g42455__8428/Y       -       D->Y  R     NOR4X1         1  0.2   107   153    2220    (-,-) 
  core/g42441__6161/Y       -       B->Y  F     NAND4XL        1  0.2   179   221    2442    (-,-) 
  core/g42430__5122/Y       -       D->Y  F     OR4X1          1  0.2    40   270    2712    (-,-) 
  core/g42425__6783/Y       -       D->Y  F     OR4X1          1  0.2    40   214    2926    (-,-) 
  core/g42422__4319/Y       -       D->Y  F     OR4X1          2  0.7    52   221    3147    (-,-) 
  core/g42421/Y             -       A->Y  R     INVX1          4  1.2    41    51    3198    (-,-) 
  core/g42418__2398/Y       -       A1->Y R     OA21X1         2  0.8    35   146    3344    (-,-) 
  core/g42411__2883/Y       -       B->Y  F     NOR2X1         8  2.4    86    65    3409    (-,-) 
  core/g42378__6161/Y       -       A0->Y R     AOI21XL        1  0.3    63   103    3512    (-,-) 
  core/pending_q_reg[47]/D  -       -     R     DFFHQX1        1    -     -     0    3512    (-,-) 
#--------------------------------------------------------------------------------------------------



Path 41: MET (6352 ps) Setup Check with Pin core/pending_q_reg[39]/CK->D
          Group: clk
     Startpoint: (R) core/out_rank_q_reg[1]/CK
          Clock: (R) clk
       Endpoint: (R) core/pending_q_reg[39]/D
          Clock: (R) clk

                     Capture       Launch     
        Clock Edge:+   10000            0     
       Src Latency:+       0            0     
       Net Latency:+       0 (I)        0 (I) 
           Arrival:=   10000            0     
                                              
             Setup:-     136                  
     Required Time:=    9864                  
      Launch Clock:-       0                  
         Data Path:-    3512                  
             Slack:=    6352                  

#--------------------------------------------------------------------------------------------------
#       Timing Point        Flags   Arc   Edge   Cell     Fanout Load Trans Delay Arrival Instance 
#                                                                (fF)  (ps)  (ps)   (ps)  Location 
#--------------------------------------------------------------------------------------------------
  core/out_rank_q_reg[1]/CK -       -     R     (arrival)    265    -     0     0       0    (-,-) 
  core/out_rank_q_reg[1]/Q  -       CK->Q F     DFFHQX1        8  2.6    76   226     226    (-,-) 
  core/g43225/Y             -       A->Y  R     INVX1          3  1.2    45    65     291    (-,-) 
  core/g43130__9945/Y       -       A->Y  F     NOR2X1         4  1.1    54    61     352    (-,-) 
  core/g43094/Y             -       A->Y  R     INVX1          4  1.6    49    57     409    (-,-) 
  core/g42947__1881/Y       -       A->Y  F     NOR2X1         2  0.5    39    56     465    (-,-) 
  core/g42870__4733/Y       -       B0->Y R     AOI21X1        3  1.0    81    75     539    (-,-) 
  core/g42754__2398/Y       -       C0->Y F     OAI211X1       2  0.6   148   154     693    (-,-) 
  core/g2/Y                 -       D->Y  R     NOR4BBX1       3  1.0   177   172     865    (-,-) 
  core/g42682__6131/Y       -       C0->Y F     OAI211X1       1  0.3   128   188    1053    (-,-) 
  core/g42650__7098/Y       -       C->Y  R     NOR3X1         3  1.2   137   146    1199    (-,-) 
  core/g42588__9315/Y       -       D->Y  F     NAND4X1        2  0.8   215   205    1404    (-,-) 
  core/g42573__5526/Y       -       A1->Y R     AOI21X1        3  1.2    90   178    1582    (-,-) 
  core/g42572/Y             -       A->Y  F     INVX1          1  0.3    32    68    1649    (-,-) 
  core/g42569__6260/Y       -       C0->Y R     OAI211X1       4  1.4   120    48    1698    (-,-) 
  core/g42565/Y             -       A->Y  F     INVX1          4  1.1    58    97    1794    (-,-) 
  core/g42542__5122/Y       -       C->Y  R     NAND3BXL       2  0.6    49    61    1855    (-,-) 
  core/g42480__2883/Y       -       A->Y  F     NAND4XL        1  0.3   198   212    2067    (-,-) 
  core/g42455__8428/Y       -       D->Y  R     NOR4X1         1  0.2   107   153    2220    (-,-) 
  core/g42441__6161/Y       -       B->Y  F     NAND4XL        1  0.2   179   221    2442    (-,-) 
  core/g42430__5122/Y       -       D->Y  F     OR4X1          1  0.2    40   270    2712    (-,-) 
  core/g42425__6783/Y       -       D->Y  F     OR4X1          1  0.2    40   214    2926    (-,-) 
  core/g42422__4319/Y       -       D->Y  F     OR4X1          2  0.7    52   221    3147    (-,-) 
  core/g42421/Y             -       A->Y  R     INVX1          4  1.2    41    51    3198    (-,-) 
  core/g42418__2398/Y       -       A1->Y R     OA21X1         2  0.8    35   146    3344    (-,-) 
  core/g42411__2883/Y       -       B->Y  F     NOR2X1         8  2.4    86    65    3409    (-,-) 
  core/g42371__8246/Y       -       A0->Y R     AOI21XL        1  0.3    62   103    3512    (-,-) 
  core/pending_q_reg[39]/D  -       -     R     DFFHQX1        1    -     -     0    3512    (-,-) 
#--------------------------------------------------------------------------------------------------



Path 42: MET (6352 ps) Setup Check with Pin core/pending_q_reg[15]/CK->D
          Group: clk
     Startpoint: (R) core/out_rank_q_reg[1]/CK
          Clock: (R) clk
       Endpoint: (R) core/pending_q_reg[15]/D
          Clock: (R) clk

                     Capture       Launch     
        Clock Edge:+   10000            0     
       Src Latency:+       0            0     
       Net Latency:+       0 (I)        0 (I) 
           Arrival:=   10000            0     
                                              
             Setup:-     136                  
     Required Time:=    9864                  
      Launch Clock:-       0                  
         Data Path:-    3512                  
             Slack:=    6352                  

#--------------------------------------------------------------------------------------------------
#       Timing Point        Flags   Arc   Edge   Cell     Fanout Load Trans Delay Arrival Instance 
#                                                                (fF)  (ps)  (ps)   (ps)  Location 
#--------------------------------------------------------------------------------------------------
  core/out_rank_q_reg[1]/CK -       -     R     (arrival)    265    -     0     0       0    (-,-) 
  core/out_rank_q_reg[1]/Q  -       CK->Q F     DFFHQX1        8  2.6    76   226     226    (-,-) 
  core/g43225/Y             -       A->Y  R     INVX1          3  1.2    45    65     291    (-,-) 
  core/g43130__9945/Y       -       A->Y  F     NOR2X1         4  1.1    54    61     352    (-,-) 
  core/g43094/Y             -       A->Y  R     INVX1          4  1.6    49    57     409    (-,-) 
  core/g42947__1881/Y       -       A->Y  F     NOR2X1         2  0.5    39    56     465    (-,-) 
  core/g42870__4733/Y       -       B0->Y R     AOI21X1        3  1.0    81    75     539    (-,-) 
  core/g42754__2398/Y       -       C0->Y F     OAI211X1       2  0.6   148   154     693    (-,-) 
  core/g2/Y                 -       D->Y  R     NOR4BBX1       3  1.0   177   172     865    (-,-) 
  core/g42682__6131/Y       -       C0->Y F     OAI211X1       1  0.3   128   188    1053    (-,-) 
  core/g42650__7098/Y       -       C->Y  R     NOR3X1         3  1.2   137   146    1199    (-,-) 
  core/g42588__9315/Y       -       D->Y  F     NAND4X1        2  0.8   215   205    1404    (-,-) 
  core/g42573__5526/Y       -       A1->Y R     AOI21X1        3  1.2    90   178    1582    (-,-) 
  core/g42572/Y             -       A->Y  F     INVX1          1  0.3    32    68    1649    (-,-) 
  core/g42569__6260/Y       -       C0->Y R     OAI211X1       4  1.4   120    48    1698    (-,-) 
  core/g42565/Y             -       A->Y  F     INVX1          4  1.1    58    97    1794    (-,-) 
  core/g42542__5122/Y       -       C->Y  R     NAND3BXL       2  0.6    49    61    1855    (-,-) 
  core/g42480__2883/Y       -       A->Y  F     NAND4XL        1  0.3   198   212    2067    (-,-) 
  core/g42455__8428/Y       -       D->Y  R     NOR4X1         1  0.2   107   153    2220    (-,-) 
  core/g42441__6161/Y       -       B->Y  F     NAND4XL        1  0.2   179   221    2442    (-,-) 
  core/g42430__5122/Y       -       D->Y  F     OR4X1          1  0.2    40   270    2712    (-,-) 
  core/g42425__6783/Y       -       D->Y  F     OR4X1          1  0.2    40   214    2926    (-,-) 
  core/g42422__4319/Y       -       D->Y  F     OR4X1          2  0.7    52   221    3147    (-,-) 
  core/g42421/Y             -       A->Y  R     INVX1          4  1.2    41    51    3198    (-,-) 
  core/g42418__2398/Y       -       A1->Y R     OA21X1         2  0.8    35   146    3344    (-,-) 
  core/g42411__2883/Y       -       B->Y  F     NOR2X1         8  2.4    86    65    3409    (-,-) 
  core/g42352__9945/Y       -       A0->Y R     AOI21XL        1  0.3    62   103    3512    (-,-) 
  core/pending_q_reg[15]/D  -       -     R     DFFHQX1        1    -     -     0    3512    (-,-) 
#--------------------------------------------------------------------------------------------------



Path 43: MET (6352 ps) Setup Check with Pin core/pending_q_reg[7]/CK->D
          Group: clk
     Startpoint: (R) core/out_rank_q_reg[1]/CK
          Clock: (R) clk
       Endpoint: (R) core/pending_q_reg[7]/D
          Clock: (R) clk

                     Capture       Launch     
        Clock Edge:+   10000            0     
       Src Latency:+       0            0     
       Net Latency:+       0 (I)        0 (I) 
           Arrival:=   10000            0     
                                              
             Setup:-     135                  
     Required Time:=    9865                  
      Launch Clock:-       0                  
         Data Path:-    3512                  
             Slack:=    6352                  

#--------------------------------------------------------------------------------------------------
#       Timing Point        Flags   Arc   Edge   Cell     Fanout Load Trans Delay Arrival Instance 
#                                                                (fF)  (ps)  (ps)   (ps)  Location 
#--------------------------------------------------------------------------------------------------
  core/out_rank_q_reg[1]/CK -       -     R     (arrival)    265    -     0     0       0    (-,-) 
  core/out_rank_q_reg[1]/Q  -       CK->Q F     DFFHQX1        8  2.6    76   226     226    (-,-) 
  core/g43225/Y             -       A->Y  R     INVX1          3  1.2    45    65     291    (-,-) 
  core/g43130__9945/Y       -       A->Y  F     NOR2X1         4  1.1    54    61     352    (-,-) 
  core/g43094/Y             -       A->Y  R     INVX1          4  1.6    49    57     409    (-,-) 
  core/g42947__1881/Y       -       A->Y  F     NOR2X1         2  0.5    39    56     465    (-,-) 
  core/g42870__4733/Y       -       B0->Y R     AOI21X1        3  1.0    81    75     539    (-,-) 
  core/g42754__2398/Y       -       C0->Y F     OAI211X1       2  0.6   148   154     693    (-,-) 
  core/g2/Y                 -       D->Y  R     NOR4BBX1       3  1.0   177   172     865    (-,-) 
  core/g42682__6131/Y       -       C0->Y F     OAI211X1       1  0.3   128   188    1053    (-,-) 
  core/g42650__7098/Y       -       C->Y  R     NOR3X1         3  1.2   137   146    1199    (-,-) 
  core/g42588__9315/Y       -       D->Y  F     NAND4X1        2  0.8   215   205    1404    (-,-) 
  core/g42573__5526/Y       -       A1->Y R     AOI21X1        3  1.2    90   178    1582    (-,-) 
  core/g42572/Y             -       A->Y  F     INVX1          1  0.3    32    68    1649    (-,-) 
  core/g42569__6260/Y       -       C0->Y R     OAI211X1       4  1.4   120    48    1698    (-,-) 
  core/g42565/Y             -       A->Y  F     INVX1          4  1.1    58    97    1794    (-,-) 
  core/g42542__5122/Y       -       C->Y  R     NAND3BXL       2  0.6    49    61    1855    (-,-) 
  core/g42480__2883/Y       -       A->Y  F     NAND4XL        1  0.3   198   212    2067    (-,-) 
  core/g42455__8428/Y       -       D->Y  R     NOR4X1         1  0.2   107   153    2220    (-,-) 
  core/g42441__6161/Y       -       B->Y  F     NAND4XL        1  0.2   179   221    2442    (-,-) 
  core/g42430__5122/Y       -       D->Y  F     OR4X1          1  0.2    40   270    2712    (-,-) 
  core/g42425__6783/Y       -       D->Y  F     OR4X1          1  0.2    40   214    2926    (-,-) 
  core/g42422__4319/Y       -       D->Y  F     OR4X1          2  0.7    52   221    3147    (-,-) 
  core/g42421/Y             -       A->Y  R     INVX1          4  1.2    41    51    3198    (-,-) 
  core/g42418__2398/Y       -       A1->Y R     OA21X1         2  0.8    35   146    3344    (-,-) 
  core/g42411__2883/Y       -       B->Y  F     NOR2X1         8  2.4    86    65    3409    (-,-) 
  core/g42334__4319/Y       -       A0->Y R     AOI21XL        1  0.3    62   103    3512    (-,-) 
  core/pending_q_reg[7]/D   -       -     R     DFFHQX1        1    -     -     0    3512    (-,-) 
#--------------------------------------------------------------------------------------------------



Path 44: MET (6354 ps) Setup Check with Pin core/pending_q_reg[62]/CK->D
          Group: clk
     Startpoint: (R) core/out_rank_q_reg[1]/CK
          Clock: (R) clk
       Endpoint: (R) core/pending_q_reg[62]/D
          Clock: (R) clk

                     Capture       Launch     
        Clock Edge:+   10000            0     
       Src Latency:+       0            0     
       Net Latency:+       0 (I)        0 (I) 
           Arrival:=   10000            0     
                                              
             Setup:-     133                  
     Required Time:=    9867                  
      Launch Clock:-       0                  
         Data Path:-    3513                  
             Slack:=    6354                  

#--------------------------------------------------------------------------------------------------
#       Timing Point        Flags   Arc   Edge   Cell     Fanout Load Trans Delay Arrival Instance 
#                                                                (fF)  (ps)  (ps)   (ps)  Location 
#--------------------------------------------------------------------------------------------------
  core/out_rank_q_reg[1]/CK -       -     R     (arrival)    265    -     0     0       0    (-,-) 
  core/out_rank_q_reg[1]/Q  -       CK->Q F     DFFHQX1        8  2.6    76   226     226    (-,-) 
  core/g43225/Y             -       A->Y  R     INVX1          3  1.2    45    65     291    (-,-) 
  core/g43130__9945/Y       -       A->Y  F     NOR2X1         4  1.1    54    61     352    (-,-) 
  core/g43094/Y             -       A->Y  R     INVX1          4  1.6    49    57     409    (-,-) 
  core/g42947__1881/Y       -       A->Y  F     NOR2X1         2  0.5    39    56     465    (-,-) 
  core/g42870__4733/Y       -       B0->Y R     AOI21X1        3  1.0    81    75     539    (-,-) 
  core/g42754__2398/Y       -       C0->Y F     OAI211X1       2  0.6   148   154     693    (-,-) 
  core/g2/Y                 -       D->Y  R     NOR4BBX1       3  1.0   177   172     865    (-,-) 
  core/g42682__6131/Y       -       C0->Y F     OAI211X1       1  0.3   128   188    1053    (-,-) 
  core/g42650__7098/Y       -       C->Y  R     NOR3X1         3  1.2   137   146    1199    (-,-) 
  core/g42588__9315/Y       -       D->Y  F     NAND4X1        2  0.8   215   205    1404    (-,-) 
  core/g42573__5526/Y       -       A1->Y R     AOI21X1        3  1.2    90   178    1582    (-,-) 
  core/g42572/Y             -       A->Y  F     INVX1          1  0.3    32    68    1649    (-,-) 
  core/g42569__6260/Y       -       C0->Y R     OAI211X1       4  1.4   120    48    1698    (-,-) 
  core/g42565/Y             -       A->Y  F     INVX1          4  1.1    58    97    1794    (-,-) 
  core/g42542__5122/Y       -       C->Y  R     NAND3BXL       2  0.6    49    61    1855    (-,-) 
  core/g42480__2883/Y       -       A->Y  F     NAND4XL        1  0.3   198   212    2067    (-,-) 
  core/g42455__8428/Y       -       D->Y  R     NOR4X1         1  0.2   107   153    2220    (-,-) 
  core/g42441__6161/Y       -       B->Y  F     NAND4XL        1  0.2   179   221    2442    (-,-) 
  core/g42430__5122/Y       -       D->Y  F     OR4X1          1  0.2    40   270    2712    (-,-) 
  core/g42425__6783/Y       -       D->Y  F     OR4X1          1  0.2    40   214    2926    (-,-) 
  core/g42422__4319/Y       -       D->Y  F     OR4X1          2  0.7    52   221    3147    (-,-) 
  core/g42421/Y             -       A->Y  R     INVX1          4  1.2    41    51    3198    (-,-) 
  core/g42418__2398/Y       -       A1->Y R     OA21X1         2  0.8    35   146    3344    (-,-) 
  core/g42409__9315/Y       -       B->Y  F     NOR2X1         8  2.4   100    65    3409    (-,-) 
  core/g42391__8428/Y       -       A0->Y R     AOI21X1        1  0.3    58   104    3513    (-,-) 
  core/pending_q_reg[62]/D  -       -     R     DFFHQX1        1    -     -     0    3513    (-,-) 
#--------------------------------------------------------------------------------------------------



Path 45: MET (6354 ps) Setup Check with Pin core/pending_q_reg[22]/CK->D
          Group: clk
     Startpoint: (R) core/out_rank_q_reg[1]/CK
          Clock: (R) clk
       Endpoint: (R) core/pending_q_reg[22]/D
          Clock: (R) clk

                     Capture       Launch     
        Clock Edge:+   10000            0     
       Src Latency:+       0            0     
       Net Latency:+       0 (I)        0 (I) 
           Arrival:=   10000            0     
                                              
             Setup:-     133                  
     Required Time:=    9867                  
      Launch Clock:-       0                  
         Data Path:-    3513                  
             Slack:=    6354                  

#--------------------------------------------------------------------------------------------------
#       Timing Point        Flags   Arc   Edge   Cell     Fanout Load Trans Delay Arrival Instance 
#                                                                (fF)  (ps)  (ps)   (ps)  Location 
#--------------------------------------------------------------------------------------------------
  core/out_rank_q_reg[1]/CK -       -     R     (arrival)    265    -     0     0       0    (-,-) 
  core/out_rank_q_reg[1]/Q  -       CK->Q F     DFFHQX1        8  2.6    76   226     226    (-,-) 
  core/g43225/Y             -       A->Y  R     INVX1          3  1.2    45    65     291    (-,-) 
  core/g43130__9945/Y       -       A->Y  F     NOR2X1         4  1.1    54    61     352    (-,-) 
  core/g43094/Y             -       A->Y  R     INVX1          4  1.6    49    57     409    (-,-) 
  core/g42947__1881/Y       -       A->Y  F     NOR2X1         2  0.5    39    56     465    (-,-) 
  core/g42870__4733/Y       -       B0->Y R     AOI21X1        3  1.0    81    75     539    (-,-) 
  core/g42754__2398/Y       -       C0->Y F     OAI211X1       2  0.6   148   154     693    (-,-) 
  core/g2/Y                 -       D->Y  R     NOR4BBX1       3  1.0   177   172     865    (-,-) 
  core/g42682__6131/Y       -       C0->Y F     OAI211X1       1  0.3   128   188    1053    (-,-) 
  core/g42650__7098/Y       -       C->Y  R     NOR3X1         3  1.2   137   146    1199    (-,-) 
  core/g42588__9315/Y       -       D->Y  F     NAND4X1        2  0.8   215   205    1404    (-,-) 
  core/g42573__5526/Y       -       A1->Y R     AOI21X1        3  1.2    90   178    1582    (-,-) 
  core/g42572/Y             -       A->Y  F     INVX1          1  0.3    32    68    1649    (-,-) 
  core/g42569__6260/Y       -       C0->Y R     OAI211X1       4  1.4   120    48    1698    (-,-) 
  core/g42565/Y             -       A->Y  F     INVX1          4  1.1    58    97    1794    (-,-) 
  core/g42542__5122/Y       -       C->Y  R     NAND3BXL       2  0.6    49    61    1855    (-,-) 
  core/g42480__2883/Y       -       A->Y  F     NAND4XL        1  0.3   198   212    2067    (-,-) 
  core/g42455__8428/Y       -       D->Y  R     NOR4X1         1  0.2   107   153    2220    (-,-) 
  core/g42441__6161/Y       -       B->Y  F     NAND4XL        1  0.2   179   221    2442    (-,-) 
  core/g42430__5122/Y       -       D->Y  F     OR4X1          1  0.2    40   270    2712    (-,-) 
  core/g42425__6783/Y       -       D->Y  F     OR4X1          1  0.2    40   214    2926    (-,-) 
  core/g42422__4319/Y       -       D->Y  F     OR4X1          2  0.7    52   221    3147    (-,-) 
  core/g42421/Y             -       A->Y  R     INVX1          4  1.2    41    51    3198    (-,-) 
  core/g42418__2398/Y       -       A1->Y R     OA21X1         2  0.8    35   146    3344    (-,-) 
  core/g42409__9315/Y       -       B->Y  F     NOR2X1         8  2.4   100    65    3409    (-,-) 
  core/g42339__1617/Y       -       A0->Y R     AOI21X1        1  0.3    57   104    3513    (-,-) 
  core/pending_q_reg[22]/D  -       -     R     DFFHQX1        1    -     -     0    3513    (-,-) 
#--------------------------------------------------------------------------------------------------



Path 46: MET (6355 ps) Setup Check with Pin core/pending_q_reg[54]/CK->D
          Group: clk
     Startpoint: (R) core/out_rank_q_reg[1]/CK
          Clock: (R) clk
       Endpoint: (R) core/pending_q_reg[54]/D
          Clock: (R) clk

                     Capture       Launch     
        Clock Edge:+   10000            0     
       Src Latency:+       0            0     
       Net Latency:+       0 (I)        0 (I) 
           Arrival:=   10000            0     
                                              
             Setup:-     132                  
     Required Time:=    9868                  
      Launch Clock:-       0                  
         Data Path:-    3513                  
             Slack:=    6355                  

#--------------------------------------------------------------------------------------------------
#       Timing Point        Flags   Arc   Edge   Cell     Fanout Load Trans Delay Arrival Instance 
#                                                                (fF)  (ps)  (ps)   (ps)  Location 
#--------------------------------------------------------------------------------------------------
  core/out_rank_q_reg[1]/CK -       -     R     (arrival)    265    -     0     0       0    (-,-) 
  core/out_rank_q_reg[1]/Q  -       CK->Q F     DFFHQX1        8  2.6    76   226     226    (-,-) 
  core/g43225/Y             -       A->Y  R     INVX1          3  1.2    45    65     291    (-,-) 
  core/g43130__9945/Y       -       A->Y  F     NOR2X1         4  1.1    54    61     352    (-,-) 
  core/g43094/Y             -       A->Y  R     INVX1          4  1.6    49    57     409    (-,-) 
  core/g42947__1881/Y       -       A->Y  F     NOR2X1         2  0.5    39    56     465    (-,-) 
  core/g42870__4733/Y       -       B0->Y R     AOI21X1        3  1.0    81    75     539    (-,-) 
  core/g42754__2398/Y       -       C0->Y F     OAI211X1       2  0.6   148   154     693    (-,-) 
  core/g2/Y                 -       D->Y  R     NOR4BBX1       3  1.0   177   172     865    (-,-) 
  core/g42682__6131/Y       -       C0->Y F     OAI211X1       1  0.3   128   188    1053    (-,-) 
  core/g42650__7098/Y       -       C->Y  R     NOR3X1         3  1.2   137   146    1199    (-,-) 
  core/g42588__9315/Y       -       D->Y  F     NAND4X1        2  0.8   215   205    1404    (-,-) 
  core/g42573__5526/Y       -       A1->Y R     AOI21X1        3  1.2    90   178    1582    (-,-) 
  core/g42572/Y             -       A->Y  F     INVX1          1  0.3    32    68    1649    (-,-) 
  core/g42569__6260/Y       -       C0->Y R     OAI211X1       4  1.4   120    48    1698    (-,-) 
  core/g42565/Y             -       A->Y  F     INVX1          4  1.1    58    97    1794    (-,-) 
  core/g42542__5122/Y       -       C->Y  R     NAND3BXL       2  0.6    49    61    1855    (-,-) 
  core/g42480__2883/Y       -       A->Y  F     NAND4XL        1  0.3   198   212    2067    (-,-) 
  core/g42455__8428/Y       -       D->Y  R     NOR4X1         1  0.2   107   153    2220    (-,-) 
  core/g42441__6161/Y       -       B->Y  F     NAND4XL        1  0.2   179   221    2442    (-,-) 
  core/g42430__5122/Y       -       D->Y  F     OR4X1          1  0.2    40   270    2712    (-,-) 
  core/g42425__6783/Y       -       D->Y  F     OR4X1          1  0.2    40   214    2926    (-,-) 
  core/g42422__4319/Y       -       D->Y  F     OR4X1          2  0.7    52   221    3147    (-,-) 
  core/g42421/Y             -       A->Y  R     INVX1          4  1.2    41    51    3198    (-,-) 
  core/g42418__2398/Y       -       A1->Y R     OA21X1         2  0.8    35   146    3344    (-,-) 
  core/g42409__9315/Y       -       B->Y  F     NOR2X1         8  2.4   100    65    3409    (-,-) 
  core/g42384__7410/Y       -       A0->Y R     AOI21X1        1  0.3    56   104    3513    (-,-) 
  core/pending_q_reg[54]/D  -       -     R     DFFHQX1        1    -     -     0    3513    (-,-) 
#--------------------------------------------------------------------------------------------------



Path 47: MET (6355 ps) Setup Check with Pin core/pending_q_reg[20]/CK->D
          Group: clk
     Startpoint: (R) core/out_rank_q_reg[1]/CK
          Clock: (R) clk
       Endpoint: (F) core/pending_q_reg[20]/D
          Clock: (R) clk

                     Capture       Launch     
        Clock Edge:+   10000            0     
       Src Latency:+       0            0     
       Net Latency:+       0 (I)        0 (I) 
           Arrival:=   10000            0     
                                              
             Setup:-      88                  
     Required Time:=    9912                  
      Launch Clock:-       0                  
         Data Path:-    3557                  
             Slack:=    6355                  

#--------------------------------------------------------------------------------------------------
#       Timing Point        Flags   Arc   Edge   Cell     Fanout Load Trans Delay Arrival Instance 
#                                                                (fF)  (ps)  (ps)   (ps)  Location 
#--------------------------------------------------------------------------------------------------
  core/out_rank_q_reg[1]/CK -       -     R     (arrival)    265    -     0     0       0    (-,-) 
  core/out_rank_q_reg[1]/Q  -       CK->Q F     DFFHQX1        8  2.6    76   226     226    (-,-) 
  core/g43225/Y             -       A->Y  R     INVX1          3  1.2    45    65     291    (-,-) 
  core/g43130__9945/Y       -       A->Y  F     NOR2X1         4  1.1    54    61     352    (-,-) 
  core/g43094/Y             -       A->Y  R     INVX1          4  1.6    49    57     409    (-,-) 
  core/g42947__1881/Y       -       A->Y  F     NOR2X1         2  0.5    39    56     465    (-,-) 
  core/g42870__4733/Y       -       B0->Y R     AOI21X1        3  1.0    81    75     539    (-,-) 
  core/g42754__2398/Y       -       C0->Y F     OAI211X1       2  0.6   148   154     693    (-,-) 
  core/g2/Y                 -       D->Y  R     NOR4BBX1       3  1.0   177   172     865    (-,-) 
  core/g42682__6131/Y       -       C0->Y F     OAI211X1       1  0.3   128   188    1053    (-,-) 
  core/g42650__7098/Y       -       C->Y  R     NOR3X1         3  1.2   137   146    1199    (-,-) 
  core/g42588__9315/Y       -       D->Y  F     NAND4X1        2  0.8   215   205    1404    (-,-) 
  core/g42573__5526/Y       -       A1->Y R     AOI21X1        3  1.2    90   178    1582    (-,-) 
  core/g42572/Y             -       A->Y  F     INVX1          1  0.3    32    68    1649    (-,-) 
  core/g42569__6260/Y       -       C0->Y R     OAI211X1       4  1.4   120    48    1698    (-,-) 
  core/g42565/Y             -       A->Y  F     INVX1          4  1.1    58    97    1794    (-,-) 
  core/g42542__5122/Y       -       C->Y  R     NAND3BXL       2  0.6    49    61    1855    (-,-) 
  core/g42480__2883/Y       -       A->Y  F     NAND4XL        1  0.3   198   212    2067    (-,-) 
  core/g42455__8428/Y       -       D->Y  R     NOR4X1         1  0.2   107   153    2220    (-,-) 
  core/g42441__6161/Y       -       B->Y  F     NAND4XL        1  0.2   179   221    2442    (-,-) 
  core/g42430__5122/Y       -       D->Y  F     OR4X1          1  0.2    40   270    2712    (-,-) 
  core/g42425__6783/Y       -       D->Y  F     OR4X1          1  0.2    40   214    2926    (-,-) 
  core/g42422__4319/Y       -       D->Y  F     OR4X1          2  0.7    52   221    3147    (-,-) 
  core/g42421/Y             -       A->Y  R     INVX1          4  1.2    41    51    3198    (-,-) 
  core/g42417__5477/Y       -       A1->Y F     AOI21X1        2  0.6    84    89    3287    (-,-) 
  core/g42410__9945/Y       -       B->Y  R     NOR2X1         8  2.4   138   126    3413    (-,-) 
  core/g42337__6783/Y       -       A0->Y F     AOI21X1        1  0.3    81   144    3557    (-,-) 
  core/pending_q_reg[20]/D  -       -     F     DFFHQX1        1    -     -     0    3557    (-,-) 
#--------------------------------------------------------------------------------------------------



Path 48: MET (6356 ps) Setup Check with Pin core/pending_q_reg[30]/CK->D
          Group: clk
     Startpoint: (R) core/out_rank_q_reg[1]/CK
          Clock: (R) clk
       Endpoint: (R) core/pending_q_reg[30]/D
          Clock: (R) clk

                     Capture       Launch     
        Clock Edge:+   10000            0     
       Src Latency:+       0            0     
       Net Latency:+       0 (I)        0 (I) 
           Arrival:=   10000            0     
                                              
             Setup:-     132                  
     Required Time:=    9868                  
      Launch Clock:-       0                  
         Data Path:-    3513                  
             Slack:=    6356                  

#--------------------------------------------------------------------------------------------------
#       Timing Point        Flags   Arc   Edge   Cell     Fanout Load Trans Delay Arrival Instance 
#                                                                (fF)  (ps)  (ps)   (ps)  Location 
#--------------------------------------------------------------------------------------------------
  core/out_rank_q_reg[1]/CK -       -     R     (arrival)    265    -     0     0       0    (-,-) 
  core/out_rank_q_reg[1]/Q  -       CK->Q F     DFFHQX1        8  2.6    76   226     226    (-,-) 
  core/g43225/Y             -       A->Y  R     INVX1          3  1.2    45    65     291    (-,-) 
  core/g43130__9945/Y       -       A->Y  F     NOR2X1         4  1.1    54    61     352    (-,-) 
  core/g43094/Y             -       A->Y  R     INVX1          4  1.6    49    57     409    (-,-) 
  core/g42947__1881/Y       -       A->Y  F     NOR2X1         2  0.5    39    56     465    (-,-) 
  core/g42870__4733/Y       -       B0->Y R     AOI21X1        3  1.0    81    75     539    (-,-) 
  core/g42754__2398/Y       -       C0->Y F     OAI211X1       2  0.6   148   154     693    (-,-) 
  core/g2/Y                 -       D->Y  R     NOR4BBX1       3  1.0   177   172     865    (-,-) 
  core/g42682__6131/Y       -       C0->Y F     OAI211X1       1  0.3   128   188    1053    (-,-) 
  core/g42650__7098/Y       -       C->Y  R     NOR3X1         3  1.2   137   146    1199    (-,-) 
  core/g42588__9315/Y       -       D->Y  F     NAND4X1        2  0.8   215   205    1404    (-,-) 
  core/g42573__5526/Y       -       A1->Y R     AOI21X1        3  1.2    90   178    1582    (-,-) 
  core/g42572/Y             -       A->Y  F     INVX1          1  0.3    32    68    1649    (-,-) 
  core/g42569__6260/Y       -       C0->Y R     OAI211X1       4  1.4   120    48    1698    (-,-) 
  core/g42565/Y             -       A->Y  F     INVX1          4  1.1    58    97    1794    (-,-) 
  core/g42542__5122/Y       -       C->Y  R     NAND3BXL       2  0.6    49    61    1855    (-,-) 
  core/g42480__2883/Y       -       A->Y  F     NAND4XL        1  0.3   198   212    2067    (-,-) 
  core/g42455__8428/Y       -       D->Y  R     NOR4X1         1  0.2   107   153    2220    (-,-) 
  core/g42441__6161/Y       -       B->Y  F     NAND4XL        1  0.2   179   221    2442    (-,-) 
  core/g42430__5122/Y       -       D->Y  F     OR4X1          1  0.2    40   270    2712    (-,-) 
  core/g42425__6783/Y       -       D->Y  F     OR4X1          1  0.2    40   214    2926    (-,-) 
  core/g42422__4319/Y       -       D->Y  F     OR4X1          2  0.7    52   221    3147    (-,-) 
  core/g42421/Y             -       A->Y  R     INVX1          4  1.2    41    51    3198    (-,-) 
  core/g42418__2398/Y       -       A1->Y R     OA21X1         2  0.8    35   146    3344    (-,-) 
  core/g42409__9315/Y       -       B->Y  F     NOR2X1         8  2.4   100    65    3409    (-,-) 
  core/g42365__6783/Y       -       A0->Y R     AOI21X1        1  0.3    54   104    3513    (-,-) 
  core/pending_q_reg[30]/D  -       -     R     DFFHQX1        1    -     -     0    3513    (-,-) 
#--------------------------------------------------------------------------------------------------



Path 49: MET (6358 ps) Setup Check with Pin core/pending_q_reg[52]/CK->D
          Group: clk
     Startpoint: (R) core/out_rank_q_reg[1]/CK
          Clock: (R) clk
       Endpoint: (F) core/pending_q_reg[52]/D
          Clock: (R) clk

                     Capture       Launch     
        Clock Edge:+   10000            0     
       Src Latency:+       0            0     
       Net Latency:+       0 (I)        0 (I) 
           Arrival:=   10000            0     
                                              
             Setup:-      85                  
     Required Time:=    9915                  
      Launch Clock:-       0                  
         Data Path:-    3557                  
             Slack:=    6358                  

#--------------------------------------------------------------------------------------------------
#       Timing Point        Flags   Arc   Edge   Cell     Fanout Load Trans Delay Arrival Instance 
#                                                                (fF)  (ps)  (ps)   (ps)  Location 
#--------------------------------------------------------------------------------------------------
  core/out_rank_q_reg[1]/CK -       -     R     (arrival)    265    -     0     0       0    (-,-) 
  core/out_rank_q_reg[1]/Q  -       CK->Q F     DFFHQX1        8  2.6    76   226     226    (-,-) 
  core/g43225/Y             -       A->Y  R     INVX1          3  1.2    45    65     291    (-,-) 
  core/g43130__9945/Y       -       A->Y  F     NOR2X1         4  1.1    54    61     352    (-,-) 
  core/g43094/Y             -       A->Y  R     INVX1          4  1.6    49    57     409    (-,-) 
  core/g42947__1881/Y       -       A->Y  F     NOR2X1         2  0.5    39    56     465    (-,-) 
  core/g42870__4733/Y       -       B0->Y R     AOI21X1        3  1.0    81    75     539    (-,-) 
  core/g42754__2398/Y       -       C0->Y F     OAI211X1       2  0.6   148   154     693    (-,-) 
  core/g2/Y                 -       D->Y  R     NOR4BBX1       3  1.0   177   172     865    (-,-) 
  core/g42682__6131/Y       -       C0->Y F     OAI211X1       1  0.3   128   188    1053    (-,-) 
  core/g42650__7098/Y       -       C->Y  R     NOR3X1         3  1.2   137   146    1199    (-,-) 
  core/g42588__9315/Y       -       D->Y  F     NAND4X1        2  0.8   215   205    1404    (-,-) 
  core/g42573__5526/Y       -       A1->Y R     AOI21X1        3  1.2    90   178    1582    (-,-) 
  core/g42572/Y             -       A->Y  F     INVX1          1  0.3    32    68    1649    (-,-) 
  core/g42569__6260/Y       -       C0->Y R     OAI211X1       4  1.4   120    48    1698    (-,-) 
  core/g42565/Y             -       A->Y  F     INVX1          4  1.1    58    97    1794    (-,-) 
  core/g42542__5122/Y       -       C->Y  R     NAND3BXL       2  0.6    49    61    1855    (-,-) 
  core/g42480__2883/Y       -       A->Y  F     NAND4XL        1  0.3   198   212    2067    (-,-) 
  core/g42455__8428/Y       -       D->Y  R     NOR4X1         1  0.2   107   153    2220    (-,-) 
  core/g42441__6161/Y       -       B->Y  F     NAND4XL        1  0.2   179   221    2442    (-,-) 
  core/g42430__5122/Y       -       D->Y  F     OR4X1          1  0.2    40   270    2712    (-,-) 
  core/g42425__6783/Y       -       D->Y  F     OR4X1          1  0.2    40   214    2926    (-,-) 
  core/g42422__4319/Y       -       D->Y  F     OR4X1          2  0.7    52   221    3147    (-,-) 
  core/g42421/Y             -       A->Y  R     INVX1          4  1.2    41    51    3198    (-,-) 
  core/g42417__5477/Y       -       A1->Y F     AOI21X1        2  0.6    84    89    3287    (-,-) 
  core/g42410__9945/Y       -       B->Y  R     NOR2X1         8  2.4   138   126    3413    (-,-) 
  core/g42383__1666/Y       -       A0->Y F     AOI21X1        1  0.3    73   144    3557    (-,-) 
  core/pending_q_reg[52]/D  -       -     F     DFFHQX1        1    -     -     0    3557    (-,-) 
#--------------------------------------------------------------------------------------------------



Path 50: MET (6358 ps) Setup Check with Pin core/pending_q_reg[28]/CK->D
          Group: clk
     Startpoint: (R) core/out_rank_q_reg[1]/CK
          Clock: (R) clk
       Endpoint: (F) core/pending_q_reg[28]/D
          Clock: (R) clk

                     Capture       Launch     
        Clock Edge:+   10000            0     
       Src Latency:+       0            0     
       Net Latency:+       0 (I)        0 (I) 
           Arrival:=   10000            0     
                                              
             Setup:-      85                  
     Required Time:=    9915                  
      Launch Clock:-       0                  
         Data Path:-    3557                  
             Slack:=    6358                  

#--------------------------------------------------------------------------------------------------
#       Timing Point        Flags   Arc   Edge   Cell     Fanout Load Trans Delay Arrival Instance 
#                                                                (fF)  (ps)  (ps)   (ps)  Location 
#--------------------------------------------------------------------------------------------------
  core/out_rank_q_reg[1]/CK -       -     R     (arrival)    265    -     0     0       0    (-,-) 
  core/out_rank_q_reg[1]/Q  -       CK->Q F     DFFHQX1        8  2.6    76   226     226    (-,-) 
  core/g43225/Y             -       A->Y  R     INVX1          3  1.2    45    65     291    (-,-) 
  core/g43130__9945/Y       -       A->Y  F     NOR2X1         4  1.1    54    61     352    (-,-) 
  core/g43094/Y             -       A->Y  R     INVX1          4  1.6    49    57     409    (-,-) 
  core/g42947__1881/Y       -       A->Y  F     NOR2X1         2  0.5    39    56     465    (-,-) 
  core/g42870__4733/Y       -       B0->Y R     AOI21X1        3  1.0    81    75     539    (-,-) 
  core/g42754__2398/Y       -       C0->Y F     OAI211X1       2  0.6   148   154     693    (-,-) 
  core/g2/Y                 -       D->Y  R     NOR4BBX1       3  1.0   177   172     865    (-,-) 
  core/g42682__6131/Y       -       C0->Y F     OAI211X1       1  0.3   128   188    1053    (-,-) 
  core/g42650__7098/Y       -       C->Y  R     NOR3X1         3  1.2   137   146    1199    (-,-) 
  core/g42588__9315/Y       -       D->Y  F     NAND4X1        2  0.8   215   205    1404    (-,-) 
  core/g42573__5526/Y       -       A1->Y R     AOI21X1        3  1.2    90   178    1582    (-,-) 
  core/g42572/Y             -       A->Y  F     INVX1          1  0.3    32    68    1649    (-,-) 
  core/g42569__6260/Y       -       C0->Y R     OAI211X1       4  1.4   120    48    1698    (-,-) 
  core/g42565/Y             -       A->Y  F     INVX1          4  1.1    58    97    1794    (-,-) 
  core/g42542__5122/Y       -       C->Y  R     NAND3BXL       2  0.6    49    61    1855    (-,-) 
  core/g42480__2883/Y       -       A->Y  F     NAND4XL        1  0.3   198   212    2067    (-,-) 
  core/g42455__8428/Y       -       D->Y  R     NOR4X1         1  0.2   107   153    2220    (-,-) 
  core/g42441__6161/Y       -       B->Y  F     NAND4XL        1  0.2   179   221    2442    (-,-) 
  core/g42430__5122/Y       -       D->Y  F     OR4X1          1  0.2    40   270    2712    (-,-) 
  core/g42425__6783/Y       -       D->Y  F     OR4X1          1  0.2    40   214    2926    (-,-) 
  core/g42422__4319/Y       -       D->Y  F     OR4X1          2  0.7    52   221    3147    (-,-) 
  core/g42421/Y             -       A->Y  R     INVX1          4  1.2    41    51    3198    (-,-) 
  core/g42417__5477/Y       -       A1->Y F     AOI21X1        2  0.6    84    89    3287    (-,-) 
  core/g42410__9945/Y       -       B->Y  R     NOR2X1         8  2.4   138   126    3413    (-,-) 
  core/g42362__4319/Y       -       A0->Y F     AOI21X1        1  0.3    73   144    3557    (-,-) 
  core/pending_q_reg[28]/D  -       -     F     DFFHQX1        1    -     -     0    3557    (-,-) 
#--------------------------------------------------------------------------------------------------



Path 51: MET (6359 ps) Setup Check with Pin core/pending_q_reg[60]/CK->D
          Group: clk
     Startpoint: (R) core/out_rank_q_reg[1]/CK
          Clock: (R) clk
       Endpoint: (F) core/pending_q_reg[60]/D
          Clock: (R) clk

                     Capture       Launch     
        Clock Edge:+   10000            0     
       Src Latency:+       0            0     
       Net Latency:+       0 (I)        0 (I) 
           Arrival:=   10000            0     
                                              
             Setup:-      85                  
     Required Time:=    9915                  
      Launch Clock:-       0                  
         Data Path:-    3557                  
             Slack:=    6359                  

#--------------------------------------------------------------------------------------------------
#       Timing Point        Flags   Arc   Edge   Cell     Fanout Load Trans Delay Arrival Instance 
#                                                                (fF)  (ps)  (ps)   (ps)  Location 
#--------------------------------------------------------------------------------------------------
  core/out_rank_q_reg[1]/CK -       -     R     (arrival)    265    -     0     0       0    (-,-) 
  core/out_rank_q_reg[1]/Q  -       CK->Q F     DFFHQX1        8  2.6    76   226     226    (-,-) 
  core/g43225/Y             -       A->Y  R     INVX1          3  1.2    45    65     291    (-,-) 
  core/g43130__9945/Y       -       A->Y  F     NOR2X1         4  1.1    54    61     352    (-,-) 
  core/g43094/Y             -       A->Y  R     INVX1          4  1.6    49    57     409    (-,-) 
  core/g42947__1881/Y       -       A->Y  F     NOR2X1         2  0.5    39    56     465    (-,-) 
  core/g42870__4733/Y       -       B0->Y R     AOI21X1        3  1.0    81    75     539    (-,-) 
  core/g42754__2398/Y       -       C0->Y F     OAI211X1       2  0.6   148   154     693    (-,-) 
  core/g2/Y                 -       D->Y  R     NOR4BBX1       3  1.0   177   172     865    (-,-) 
  core/g42682__6131/Y       -       C0->Y F     OAI211X1       1  0.3   128   188    1053    (-,-) 
  core/g42650__7098/Y       -       C->Y  R     NOR3X1         3  1.2   137   146    1199    (-,-) 
  core/g42588__9315/Y       -       D->Y  F     NAND4X1        2  0.8   215   205    1404    (-,-) 
  core/g42573__5526/Y       -       A1->Y R     AOI21X1        3  1.2    90   178    1582    (-,-) 
  core/g42572/Y             -       A->Y  F     INVX1          1  0.3    32    68    1649    (-,-) 
  core/g42569__6260/Y       -       C0->Y R     OAI211X1       4  1.4   120    48    1698    (-,-) 
  core/g42565/Y             -       A->Y  F     INVX1          4  1.1    58    97    1794    (-,-) 
  core/g42542__5122/Y       -       C->Y  R     NAND3BXL       2  0.6    49    61    1855    (-,-) 
  core/g42480__2883/Y       -       A->Y  F     NAND4XL        1  0.3   198   212    2067    (-,-) 
  core/g42455__8428/Y       -       D->Y  R     NOR4X1         1  0.2   107   153    2220    (-,-) 
  core/g42441__6161/Y       -       B->Y  F     NAND4XL        1  0.2   179   221    2442    (-,-) 
  core/g42430__5122/Y       -       D->Y  F     OR4X1          1  0.2    40   270    2712    (-,-) 
  core/g42425__6783/Y       -       D->Y  F     OR4X1          1  0.2    40   214    2926    (-,-) 
  core/g42422__4319/Y       -       D->Y  F     OR4X1          2  0.7    52   221    3147    (-,-) 
  core/g42421/Y             -       A->Y  R     INVX1          4  1.2    41    51    3198    (-,-) 
  core/g42417__5477/Y       -       A1->Y F     AOI21X1        2  0.6    84    89    3287    (-,-) 
  core/g42410__9945/Y       -       B->Y  R     NOR2X1         8  2.4   138   126    3413    (-,-) 
  core/g42390__4319/Y       -       A0->Y F     AOI21X1        1  0.3    73   144    3557    (-,-) 
  core/pending_q_reg[60]/D  -       -     F     DFFHQX1        1    -     -     0    3557    (-,-) 
#--------------------------------------------------------------------------------------------------



Path 52: MET (6362 ps) Setup Check with Pin core/pending_q_reg[38]/CK->D
          Group: clk
     Startpoint: (R) core/out_rank_q_reg[1]/CK
          Clock: (R) clk
       Endpoint: (R) core/pending_q_reg[38]/D
          Clock: (R) clk

                     Capture       Launch     
        Clock Edge:+   10000            0     
       Src Latency:+       0            0     
       Net Latency:+       0 (I)        0 (I) 
           Arrival:=   10000            0     
                                              
             Setup:-     133                  
     Required Time:=    9867                  
      Launch Clock:-       0                  
         Data Path:-    3505                  
             Slack:=    6362                  

#--------------------------------------------------------------------------------------------------
#       Timing Point        Flags   Arc   Edge   Cell     Fanout Load Trans Delay Arrival Instance 
#                                                                (fF)  (ps)  (ps)   (ps)  Location 
#--------------------------------------------------------------------------------------------------
  core/out_rank_q_reg[1]/CK -       -     R     (arrival)    265    -     0     0       0    (-,-) 
  core/out_rank_q_reg[1]/Q  -       CK->Q F     DFFHQX1        8  2.6    76   226     226    (-,-) 
  core/g43225/Y             -       A->Y  R     INVX1          3  1.2    45    65     291    (-,-) 
  core/g43130__9945/Y       -       A->Y  F     NOR2X1         4  1.1    54    61     352    (-,-) 
  core/g43094/Y             -       A->Y  R     INVX1          4  1.6    49    57     409    (-,-) 
  core/g42947__1881/Y       -       A->Y  F     NOR2X1         2  0.5    39    56     465    (-,-) 
  core/g42870__4733/Y       -       B0->Y R     AOI21X1        3  1.0    81    75     539    (-,-) 
  core/g42754__2398/Y       -       C0->Y F     OAI211X1       2  0.6   148   154     693    (-,-) 
  core/g2/Y                 -       D->Y  R     NOR4BBX1       3  1.0   177   172     865    (-,-) 
  core/g42682__6131/Y       -       C0->Y F     OAI211X1       1  0.3   128   188    1053    (-,-) 
  core/g42650__7098/Y       -       C->Y  R     NOR3X1         3  1.2   137   146    1199    (-,-) 
  core/g42588__9315/Y       -       D->Y  F     NAND4X1        2  0.8   215   205    1404    (-,-) 
  core/g42573__5526/Y       -       A1->Y R     AOI21X1        3  1.2    90   178    1582    (-,-) 
  core/g42572/Y             -       A->Y  F     INVX1          1  0.3    32    68    1649    (-,-) 
  core/g42569__6260/Y       -       C0->Y R     OAI211X1       4  1.4   120    48    1698    (-,-) 
  core/g42565/Y             -       A->Y  F     INVX1          4  1.1    58    97    1794    (-,-) 
  core/g42542__5122/Y       -       C->Y  R     NAND3BXL       2  0.6    49    61    1855    (-,-) 
  core/g42480__2883/Y       -       A->Y  F     NAND4XL        1  0.3   198   212    2067    (-,-) 
  core/g42455__8428/Y       -       D->Y  R     NOR4X1         1  0.2   107   153    2220    (-,-) 
  core/g42441__6161/Y       -       B->Y  F     NAND4XL        1  0.2   179   221    2442    (-,-) 
  core/g42430__5122/Y       -       D->Y  F     OR4X1          1  0.2    40   270    2712    (-,-) 
  core/g42425__6783/Y       -       D->Y  F     OR4X1          1  0.2    40   214    2926    (-,-) 
  core/g42422__4319/Y       -       D->Y  F     OR4X1          2  0.7    52   221    3147    (-,-) 
  core/g42421/Y             -       A->Y  R     INVX1          4  1.2    41    51    3198    (-,-) 
  core/g42418__2398/Y       -       A1->Y R     OA21X1         2  0.8    35   146    3344    (-,-) 
  core/g42411__2883/Y       -       B->Y  F     NOR2X1         8  2.4    86    65    3409    (-,-) 
  core/g42342__5122/Y       -       A0->Y R     AOI21X1        1  0.3    57    96    3505    (-,-) 
  core/pending_q_reg[38]/D  -       -     R     DFFHQX1        1    -     -     0    3505    (-,-) 
#--------------------------------------------------------------------------------------------------



Path 53: MET (6362 ps) Setup Check with Pin core/pending_q_reg[14]/CK->D
          Group: clk
     Startpoint: (R) core/out_rank_q_reg[1]/CK
          Clock: (R) clk
       Endpoint: (R) core/pending_q_reg[14]/D
          Clock: (R) clk

                     Capture       Launch     
        Clock Edge:+   10000            0     
       Src Latency:+       0            0     
       Net Latency:+       0 (I)        0 (I) 
           Arrival:=   10000            0     
                                              
             Setup:-     132                  
     Required Time:=    9868                  
      Launch Clock:-       0                  
         Data Path:-    3505                  
             Slack:=    6362                  

#--------------------------------------------------------------------------------------------------
#       Timing Point        Flags   Arc   Edge   Cell     Fanout Load Trans Delay Arrival Instance 
#                                                                (fF)  (ps)  (ps)   (ps)  Location 
#--------------------------------------------------------------------------------------------------
  core/out_rank_q_reg[1]/CK -       -     R     (arrival)    265    -     0     0       0    (-,-) 
  core/out_rank_q_reg[1]/Q  -       CK->Q F     DFFHQX1        8  2.6    76   226     226    (-,-) 
  core/g43225/Y             -       A->Y  R     INVX1          3  1.2    45    65     291    (-,-) 
  core/g43130__9945/Y       -       A->Y  F     NOR2X1         4  1.1    54    61     352    (-,-) 
  core/g43094/Y             -       A->Y  R     INVX1          4  1.6    49    57     409    (-,-) 
  core/g42947__1881/Y       -       A->Y  F     NOR2X1         2  0.5    39    56     465    (-,-) 
  core/g42870__4733/Y       -       B0->Y R     AOI21X1        3  1.0    81    75     539    (-,-) 
  core/g42754__2398/Y       -       C0->Y F     OAI211X1       2  0.6   148   154     693    (-,-) 
  core/g2/Y                 -       D->Y  R     NOR4BBX1       3  1.0   177   172     865    (-,-) 
  core/g42682__6131/Y       -       C0->Y F     OAI211X1       1  0.3   128   188    1053    (-,-) 
  core/g42650__7098/Y       -       C->Y  R     NOR3X1         3  1.2   137   146    1199    (-,-) 
  core/g42588__9315/Y       -       D->Y  F     NAND4X1        2  0.8   215   205    1404    (-,-) 
  core/g42573__5526/Y       -       A1->Y R     AOI21X1        3  1.2    90   178    1582    (-,-) 
  core/g42572/Y             -       A->Y  F     INVX1          1  0.3    32    68    1649    (-,-) 
  core/g42569__6260/Y       -       C0->Y R     OAI211X1       4  1.4   120    48    1698    (-,-) 
  core/g42565/Y             -       A->Y  F     INVX1          4  1.1    58    97    1794    (-,-) 
  core/g42542__5122/Y       -       C->Y  R     NAND3BXL       2  0.6    49    61    1855    (-,-) 
  core/g42480__2883/Y       -       A->Y  F     NAND4XL        1  0.3   198   212    2067    (-,-) 
  core/g42455__8428/Y       -       D->Y  R     NOR4X1         1  0.2   107   153    2220    (-,-) 
  core/g42441__6161/Y       -       B->Y  F     NAND4XL        1  0.2   179   221    2442    (-,-) 
  core/g42430__5122/Y       -       D->Y  F     OR4X1          1  0.2    40   270    2712    (-,-) 
  core/g42425__6783/Y       -       D->Y  F     OR4X1          1  0.2    40   214    2926    (-,-) 
  core/g42422__4319/Y       -       D->Y  F     OR4X1          2  0.7    52   221    3147    (-,-) 
  core/g42421/Y             -       A->Y  R     INVX1          4  1.2    41    51    3198    (-,-) 
  core/g42418__2398/Y       -       A1->Y R     OA21X1         2  0.8    35   146    3344    (-,-) 
  core/g42411__2883/Y       -       B->Y  F     NOR2X1         8  2.4    86    65    3409    (-,-) 
  core/g42336__5526/Y       -       A0->Y R     AOI21X1        1  0.3    56    96    3505    (-,-) 
  core/pending_q_reg[14]/D  -       -     R     DFFHQX1        1    -     -     0    3505    (-,-) 
#--------------------------------------------------------------------------------------------------



Path 54: MET (6362 ps) Setup Check with Pin core/pending_q_reg[46]/CK->D
          Group: clk
     Startpoint: (R) core/out_rank_q_reg[1]/CK
          Clock: (R) clk
       Endpoint: (R) core/pending_q_reg[46]/D
          Clock: (R) clk

                     Capture       Launch     
        Clock Edge:+   10000            0     
       Src Latency:+       0            0     
       Net Latency:+       0 (I)        0 (I) 
           Arrival:=   10000            0     
                                              
             Setup:-     132                  
     Required Time:=    9868                  
      Launch Clock:-       0                  
         Data Path:-    3505                  
             Slack:=    6362                  

#--------------------------------------------------------------------------------------------------
#       Timing Point        Flags   Arc   Edge   Cell     Fanout Load Trans Delay Arrival Instance 
#                                                                (fF)  (ps)  (ps)   (ps)  Location 
#--------------------------------------------------------------------------------------------------
  core/out_rank_q_reg[1]/CK -       -     R     (arrival)    265    -     0     0       0    (-,-) 
  core/out_rank_q_reg[1]/Q  -       CK->Q F     DFFHQX1        8  2.6    76   226     226    (-,-) 
  core/g43225/Y             -       A->Y  R     INVX1          3  1.2    45    65     291    (-,-) 
  core/g43130__9945/Y       -       A->Y  F     NOR2X1         4  1.1    54    61     352    (-,-) 
  core/g43094/Y             -       A->Y  R     INVX1          4  1.6    49    57     409    (-,-) 
  core/g42947__1881/Y       -       A->Y  F     NOR2X1         2  0.5    39    56     465    (-,-) 
  core/g42870__4733/Y       -       B0->Y R     AOI21X1        3  1.0    81    75     539    (-,-) 
  core/g42754__2398/Y       -       C0->Y F     OAI211X1       2  0.6   148   154     693    (-,-) 
  core/g2/Y                 -       D->Y  R     NOR4BBX1       3  1.0   177   172     865    (-,-) 
  core/g42682__6131/Y       -       C0->Y F     OAI211X1       1  0.3   128   188    1053    (-,-) 
  core/g42650__7098/Y       -       C->Y  R     NOR3X1         3  1.2   137   146    1199    (-,-) 
  core/g42588__9315/Y       -       D->Y  F     NAND4X1        2  0.8   215   205    1404    (-,-) 
  core/g42573__5526/Y       -       A1->Y R     AOI21X1        3  1.2    90   178    1582    (-,-) 
  core/g42572/Y             -       A->Y  F     INVX1          1  0.3    32    68    1649    (-,-) 
  core/g42569__6260/Y       -       C0->Y R     OAI211X1       4  1.4   120    48    1698    (-,-) 
  core/g42565/Y             -       A->Y  F     INVX1          4  1.1    58    97    1794    (-,-) 
  core/g42542__5122/Y       -       C->Y  R     NAND3BXL       2  0.6    49    61    1855    (-,-) 
  core/g42480__2883/Y       -       A->Y  F     NAND4XL        1  0.3   198   212    2067    (-,-) 
  core/g42455__8428/Y       -       D->Y  R     NOR4X1         1  0.2   107   153    2220    (-,-) 
  core/g42441__6161/Y       -       B->Y  F     NAND4XL        1  0.2   179   221    2442    (-,-) 
  core/g42430__5122/Y       -       D->Y  F     OR4X1          1  0.2    40   270    2712    (-,-) 
  core/g42425__6783/Y       -       D->Y  F     OR4X1          1  0.2    40   214    2926    (-,-) 
  core/g42422__4319/Y       -       D->Y  F     OR4X1          2  0.7    52   221    3147    (-,-) 
  core/g42421/Y             -       A->Y  R     INVX1          4  1.2    41    51    3198    (-,-) 
  core/g42418__2398/Y       -       A1->Y R     OA21X1         2  0.8    35   146    3344    (-,-) 
  core/g42411__2883/Y       -       B->Y  F     NOR2X1         8  2.4    86    65    3409    (-,-) 
  core/g42361__6260/Y       -       A0->Y R     AOI21X1        1  0.3    56    96    3505    (-,-) 
  core/pending_q_reg[46]/D  -       -     R     DFFHQX1        1    -     -     0    3505    (-,-) 
#--------------------------------------------------------------------------------------------------



Path 55: MET (6362 ps) Setup Check with Pin core/pending_q_reg[6]/CK->D
          Group: clk
     Startpoint: (R) core/out_rank_q_reg[1]/CK
          Clock: (R) clk
       Endpoint: (R) core/pending_q_reg[6]/D
          Clock: (R) clk

                     Capture       Launch     
        Clock Edge:+   10000            0     
       Src Latency:+       0            0     
       Net Latency:+       0 (I)        0 (I) 
           Arrival:=   10000            0     
                                              
             Setup:-     132                  
     Required Time:=    9868                  
      Launch Clock:-       0                  
         Data Path:-    3505                  
             Slack:=    6362                  

#--------------------------------------------------------------------------------------------------
#       Timing Point        Flags   Arc   Edge   Cell     Fanout Load Trans Delay Arrival Instance 
#                                                                (fF)  (ps)  (ps)   (ps)  Location 
#--------------------------------------------------------------------------------------------------
  core/out_rank_q_reg[1]/CK -       -     R     (arrival)    265    -     0     0       0    (-,-) 
  core/out_rank_q_reg[1]/Q  -       CK->Q F     DFFHQX1        8  2.6    76   226     226    (-,-) 
  core/g43225/Y             -       A->Y  R     INVX1          3  1.2    45    65     291    (-,-) 
  core/g43130__9945/Y       -       A->Y  F     NOR2X1         4  1.1    54    61     352    (-,-) 
  core/g43094/Y             -       A->Y  R     INVX1          4  1.6    49    57     409    (-,-) 
  core/g42947__1881/Y       -       A->Y  F     NOR2X1         2  0.5    39    56     465    (-,-) 
  core/g42870__4733/Y       -       B0->Y R     AOI21X1        3  1.0    81    75     539    (-,-) 
  core/g42754__2398/Y       -       C0->Y F     OAI211X1       2  0.6   148   154     693    (-,-) 
  core/g2/Y                 -       D->Y  R     NOR4BBX1       3  1.0   177   172     865    (-,-) 
  core/g42682__6131/Y       -       C0->Y F     OAI211X1       1  0.3   128   188    1053    (-,-) 
  core/g42650__7098/Y       -       C->Y  R     NOR3X1         3  1.2   137   146    1199    (-,-) 
  core/g42588__9315/Y       -       D->Y  F     NAND4X1        2  0.8   215   205    1404    (-,-) 
  core/g42573__5526/Y       -       A1->Y R     AOI21X1        3  1.2    90   178    1582    (-,-) 
  core/g42572/Y             -       A->Y  F     INVX1          1  0.3    32    68    1649    (-,-) 
  core/g42569__6260/Y       -       C0->Y R     OAI211X1       4  1.4   120    48    1698    (-,-) 
  core/g42565/Y             -       A->Y  F     INVX1          4  1.1    58    97    1794    (-,-) 
  core/g42542__5122/Y       -       C->Y  R     NAND3BXL       2  0.6    49    61    1855    (-,-) 
  core/g42480__2883/Y       -       A->Y  F     NAND4XL        1  0.3   198   212    2067    (-,-) 
  core/g42455__8428/Y       -       D->Y  R     NOR4X1         1  0.2   107   153    2220    (-,-) 
  core/g42441__6161/Y       -       B->Y  F     NAND4XL        1  0.2   179   221    2442    (-,-) 
  core/g42430__5122/Y       -       D->Y  F     OR4X1          1  0.2    40   270    2712    (-,-) 
  core/g42425__6783/Y       -       D->Y  F     OR4X1          1  0.2    40   214    2926    (-,-) 
  core/g42422__4319/Y       -       D->Y  F     OR4X1          2  0.7    52   221    3147    (-,-) 
  core/g42421/Y             -       A->Y  R     INVX1          4  1.2    41    51    3198    (-,-) 
  core/g42418__2398/Y       -       A1->Y R     OA21X1         2  0.8    35   146    3344    (-,-) 
  core/g42411__2883/Y       -       B->Y  F     NOR2X1         8  2.4    86    65    3409    (-,-) 
  core/g42333__6260/Y       -       A0->Y R     AOI21X1        1  0.3    56    96    3505    (-,-) 
  core/pending_q_reg[6]/D   -       -     R     DFFHQX1        1    -     -     0    3505    (-,-) 
#--------------------------------------------------------------------------------------------------



Path 56: MET (6435 ps) Setup Check with Pin core/pending_q_reg[51]/CK->D
          Group: clk
     Startpoint: (R) core/out_rank_q_reg[1]/CK
          Clock: (R) clk
       Endpoint: (R) core/pending_q_reg[51]/D
          Clock: (R) clk

                     Capture       Launch     
        Clock Edge:+   10000            0     
       Src Latency:+       0            0     
       Net Latency:+       0 (I)        0 (I) 
           Arrival:=   10000            0     
                                              
             Setup:-     136                  
     Required Time:=    9864                  
      Launch Clock:-       0                  
         Data Path:-    3429                  
             Slack:=    6435                  

#--------------------------------------------------------------------------------------------------
#       Timing Point        Flags   Arc   Edge   Cell     Fanout Load Trans Delay Arrival Instance 
#                                                                (fF)  (ps)  (ps)   (ps)  Location 
#--------------------------------------------------------------------------------------------------
  core/out_rank_q_reg[1]/CK -       -     R     (arrival)    265    -     0     0       0    (-,-) 
  core/out_rank_q_reg[1]/Q  -       CK->Q F     DFFHQX1        8  2.6    76   226     226    (-,-) 
  core/g43225/Y             -       A->Y  R     INVX1          3  1.2    45    65     291    (-,-) 
  core/g43130__9945/Y       -       A->Y  F     NOR2X1         4  1.1    54    61     352    (-,-) 
  core/g43094/Y             -       A->Y  R     INVX1          4  1.6    49    57     409    (-,-) 
  core/g42947__1881/Y       -       A->Y  F     NOR2X1         2  0.5    39    56     465    (-,-) 
  core/g42870__4733/Y       -       B0->Y R     AOI21X1        3  1.0    81    75     539    (-,-) 
  core/g42754__2398/Y       -       C0->Y F     OAI211X1       2  0.6   148   154     693    (-,-) 
  core/g2/Y                 -       D->Y  R     NOR4BBX1       3  1.0   177   172     865    (-,-) 
  core/g42682__6131/Y       -       C0->Y F     OAI211X1       1  0.3   128   188    1053    (-,-) 
  core/g42650__7098/Y       -       C->Y  R     NOR3X1         3  1.2   137   146    1199    (-,-) 
  core/g42588__9315/Y       -       D->Y  F     NAND4X1        2  0.8   215   205    1404    (-,-) 
  core/g42573__5526/Y       -       A1->Y R     AOI21X1        3  1.2    90   178    1582    (-,-) 
  core/g42572/Y             -       A->Y  F     INVX1          1  0.3    32    68    1649    (-,-) 
  core/g42569__6260/Y       -       C0->Y R     OAI211X1       4  1.4   120    48    1698    (-,-) 
  core/g42565/Y             -       A->Y  F     INVX1          4  1.1    58    97    1794    (-,-) 
  core/g42542__5122/Y       -       C->Y  R     NAND3BXL       2  0.6    49    61    1855    (-,-) 
  core/g42480__2883/Y       -       A->Y  F     NAND4XL        1  0.3   198   212    2067    (-,-) 
  core/g42455__8428/Y       -       D->Y  R     NOR4X1         1  0.2   107   153    2220    (-,-) 
  core/g42441__6161/Y       -       B->Y  F     NAND4XL        1  0.2   179   221    2442    (-,-) 
  core/g42430__5122/Y       -       D->Y  F     OR4X1          1  0.2    40   270    2712    (-,-) 
  core/g42425__6783/Y       -       D->Y  F     OR4X1          1  0.2    40   214    2926    (-,-) 
  core/g42422__4319/Y       -       D->Y  F     OR4X1          2  0.7    52   221    3147    (-,-) 
  core/g42416__6417/Y       -       A1->Y R     AOI21X1        2  0.8    74    83    3229    (-,-) 
  core/g42403__1881/Y       -       B->Y  F     NOR2X1         8  2.4   100    89    3318    (-,-) 
  core/g42382__2346/Y       -       A0->Y R     AOI21XL        1  0.3    63   111    3429    (-,-) 
  core/pending_q_reg[51]/D  -       -     R     DFFHQX1        1    -     -     0    3429    (-,-) 
#--------------------------------------------------------------------------------------------------



Path 57: MET (6435 ps) Setup Check with Pin core/pending_q_reg[19]/CK->D
          Group: clk
     Startpoint: (R) core/out_rank_q_reg[1]/CK
          Clock: (R) clk
       Endpoint: (R) core/pending_q_reg[19]/D
          Clock: (R) clk

                     Capture       Launch     
        Clock Edge:+   10000            0     
       Src Latency:+       0            0     
       Net Latency:+       0 (I)        0 (I) 
           Arrival:=   10000            0     
                                              
             Setup:-     136                  
     Required Time:=    9864                  
      Launch Clock:-       0                  
         Data Path:-    3429                  
             Slack:=    6435                  

#--------------------------------------------------------------------------------------------------
#       Timing Point        Flags   Arc   Edge   Cell     Fanout Load Trans Delay Arrival Instance 
#                                                                (fF)  (ps)  (ps)   (ps)  Location 
#--------------------------------------------------------------------------------------------------
  core/out_rank_q_reg[1]/CK -       -     R     (arrival)    265    -     0     0       0    (-,-) 
  core/out_rank_q_reg[1]/Q  -       CK->Q F     DFFHQX1        8  2.6    76   226     226    (-,-) 
  core/g43225/Y             -       A->Y  R     INVX1          3  1.2    45    65     291    (-,-) 
  core/g43130__9945/Y       -       A->Y  F     NOR2X1         4  1.1    54    61     352    (-,-) 
  core/g43094/Y             -       A->Y  R     INVX1          4  1.6    49    57     409    (-,-) 
  core/g42947__1881/Y       -       A->Y  F     NOR2X1         2  0.5    39    56     465    (-,-) 
  core/g42870__4733/Y       -       B0->Y R     AOI21X1        3  1.0    81    75     539    (-,-) 
  core/g42754__2398/Y       -       C0->Y F     OAI211X1       2  0.6   148   154     693    (-,-) 
  core/g2/Y                 -       D->Y  R     NOR4BBX1       3  1.0   177   172     865    (-,-) 
  core/g42682__6131/Y       -       C0->Y F     OAI211X1       1  0.3   128   188    1053    (-,-) 
  core/g42650__7098/Y       -       C->Y  R     NOR3X1         3  1.2   137   146    1199    (-,-) 
  core/g42588__9315/Y       -       D->Y  F     NAND4X1        2  0.8   215   205    1404    (-,-) 
  core/g42573__5526/Y       -       A1->Y R     AOI21X1        3  1.2    90   178    1582    (-,-) 
  core/g42572/Y             -       A->Y  F     INVX1          1  0.3    32    68    1649    (-,-) 
  core/g42569__6260/Y       -       C0->Y R     OAI211X1       4  1.4   120    48    1698    (-,-) 
  core/g42565/Y             -       A->Y  F     INVX1          4  1.1    58    97    1794    (-,-) 
  core/g42542__5122/Y       -       C->Y  R     NAND3BXL       2  0.6    49    61    1855    (-,-) 
  core/g42480__2883/Y       -       A->Y  F     NAND4XL        1  0.3   198   212    2067    (-,-) 
  core/g42455__8428/Y       -       D->Y  R     NOR4X1         1  0.2   107   153    2220    (-,-) 
  core/g42441__6161/Y       -       B->Y  F     NAND4XL        1  0.2   179   221    2442    (-,-) 
  core/g42430__5122/Y       -       D->Y  F     OR4X1          1  0.2    40   270    2712    (-,-) 
  core/g42425__6783/Y       -       D->Y  F     OR4X1          1  0.2    40   214    2926    (-,-) 
  core/g42422__4319/Y       -       D->Y  F     OR4X1          2  0.7    52   221    3147    (-,-) 
  core/g42416__6417/Y       -       A1->Y R     AOI21X1        2  0.8    74    83    3229    (-,-) 
  core/g42403__1881/Y       -       B->Y  F     NOR2X1         8  2.4   100    89    3318    (-,-) 
  core/g42355__1666/Y       -       A0->Y R     AOI21XL        1  0.3    63   111    3429    (-,-) 
  core/pending_q_reg[19]/D  -       -     R     DFFHQX1        1    -     -     0    3429    (-,-) 
#--------------------------------------------------------------------------------------------------



Path 58: MET (6435 ps) Setup Check with Pin core/pending_q_reg[59]/CK->D
          Group: clk
     Startpoint: (R) core/out_rank_q_reg[1]/CK
          Clock: (R) clk
       Endpoint: (R) core/pending_q_reg[59]/D
          Clock: (R) clk

                     Capture       Launch     
        Clock Edge:+   10000            0     
       Src Latency:+       0            0     
       Net Latency:+       0 (I)        0 (I) 
           Arrival:=   10000            0     
                                              
             Setup:-     136                  
     Required Time:=    9864                  
      Launch Clock:-       0                  
         Data Path:-    3429                  
             Slack:=    6435                  

#--------------------------------------------------------------------------------------------------
#       Timing Point        Flags   Arc   Edge   Cell     Fanout Load Trans Delay Arrival Instance 
#                                                                (fF)  (ps)  (ps)   (ps)  Location 
#--------------------------------------------------------------------------------------------------
  core/out_rank_q_reg[1]/CK -       -     R     (arrival)    265    -     0     0       0    (-,-) 
  core/out_rank_q_reg[1]/Q  -       CK->Q F     DFFHQX1        8  2.6    76   226     226    (-,-) 
  core/g43225/Y             -       A->Y  R     INVX1          3  1.2    45    65     291    (-,-) 
  core/g43130__9945/Y       -       A->Y  F     NOR2X1         4  1.1    54    61     352    (-,-) 
  core/g43094/Y             -       A->Y  R     INVX1          4  1.6    49    57     409    (-,-) 
  core/g42947__1881/Y       -       A->Y  F     NOR2X1         2  0.5    39    56     465    (-,-) 
  core/g42870__4733/Y       -       B0->Y R     AOI21X1        3  1.0    81    75     539    (-,-) 
  core/g42754__2398/Y       -       C0->Y F     OAI211X1       2  0.6   148   154     693    (-,-) 
  core/g2/Y                 -       D->Y  R     NOR4BBX1       3  1.0   177   172     865    (-,-) 
  core/g42682__6131/Y       -       C0->Y F     OAI211X1       1  0.3   128   188    1053    (-,-) 
  core/g42650__7098/Y       -       C->Y  R     NOR3X1         3  1.2   137   146    1199    (-,-) 
  core/g42588__9315/Y       -       D->Y  F     NAND4X1        2  0.8   215   205    1404    (-,-) 
  core/g42573__5526/Y       -       A1->Y R     AOI21X1        3  1.2    90   178    1582    (-,-) 
  core/g42572/Y             -       A->Y  F     INVX1          1  0.3    32    68    1649    (-,-) 
  core/g42569__6260/Y       -       C0->Y R     OAI211X1       4  1.4   120    48    1698    (-,-) 
  core/g42565/Y             -       A->Y  F     INVX1          4  1.1    58    97    1794    (-,-) 
  core/g42542__5122/Y       -       C->Y  R     NAND3BXL       2  0.6    49    61    1855    (-,-) 
  core/g42480__2883/Y       -       A->Y  F     NAND4XL        1  0.3   198   212    2067    (-,-) 
  core/g42455__8428/Y       -       D->Y  R     NOR4X1         1  0.2   107   153    2220    (-,-) 
  core/g42441__6161/Y       -       B->Y  F     NAND4XL        1  0.2   179   221    2442    (-,-) 
  core/g42430__5122/Y       -       D->Y  F     OR4X1          1  0.2    40   270    2712    (-,-) 
  core/g42425__6783/Y       -       D->Y  F     OR4X1          1  0.2    40   214    2926    (-,-) 
  core/g42422__4319/Y       -       D->Y  F     OR4X1          2  0.7    52   221    3147    (-,-) 
  core/g42416__6417/Y       -       A1->Y R     AOI21X1        2  0.8    74    83    3229    (-,-) 
  core/g42403__1881/Y       -       B->Y  F     NOR2X1         8  2.4   100    89    3318    (-,-) 
  core/g42389__6260/Y       -       A0->Y R     AOI21XL        1  0.3    63   111    3429    (-,-) 
  core/pending_q_reg[59]/D  -       -     R     DFFHQX1        1    -     -     0    3429    (-,-) 
#--------------------------------------------------------------------------------------------------



Path 59: MET (6435 ps) Setup Check with Pin core/pending_q_reg[27]/CK->D
          Group: clk
     Startpoint: (R) core/out_rank_q_reg[1]/CK
          Clock: (R) clk
       Endpoint: (R) core/pending_q_reg[27]/D
          Clock: (R) clk

                     Capture       Launch     
        Clock Edge:+   10000            0     
       Src Latency:+       0            0     
       Net Latency:+       0 (I)        0 (I) 
           Arrival:=   10000            0     
                                              
             Setup:-     136                  
     Required Time:=    9864                  
      Launch Clock:-       0                  
         Data Path:-    3429                  
             Slack:=    6435                  

#--------------------------------------------------------------------------------------------------
#       Timing Point        Flags   Arc   Edge   Cell     Fanout Load Trans Delay Arrival Instance 
#                                                                (fF)  (ps)  (ps)   (ps)  Location 
#--------------------------------------------------------------------------------------------------
  core/out_rank_q_reg[1]/CK -       -     R     (arrival)    265    -     0     0       0    (-,-) 
  core/out_rank_q_reg[1]/Q  -       CK->Q F     DFFHQX1        8  2.6    76   226     226    (-,-) 
  core/g43225/Y             -       A->Y  R     INVX1          3  1.2    45    65     291    (-,-) 
  core/g43130__9945/Y       -       A->Y  F     NOR2X1         4  1.1    54    61     352    (-,-) 
  core/g43094/Y             -       A->Y  R     INVX1          4  1.6    49    57     409    (-,-) 
  core/g42947__1881/Y       -       A->Y  F     NOR2X1         2  0.5    39    56     465    (-,-) 
  core/g42870__4733/Y       -       B0->Y R     AOI21X1        3  1.0    81    75     539    (-,-) 
  core/g42754__2398/Y       -       C0->Y F     OAI211X1       2  0.6   148   154     693    (-,-) 
  core/g2/Y                 -       D->Y  R     NOR4BBX1       3  1.0   177   172     865    (-,-) 
  core/g42682__6131/Y       -       C0->Y F     OAI211X1       1  0.3   128   188    1053    (-,-) 
  core/g42650__7098/Y       -       C->Y  R     NOR3X1         3  1.2   137   146    1199    (-,-) 
  core/g42588__9315/Y       -       D->Y  F     NAND4X1        2  0.8   215   205    1404    (-,-) 
  core/g42573__5526/Y       -       A1->Y R     AOI21X1        3  1.2    90   178    1582    (-,-) 
  core/g42572/Y             -       A->Y  F     INVX1          1  0.3    32    68    1649    (-,-) 
  core/g42569__6260/Y       -       C0->Y R     OAI211X1       4  1.4   120    48    1698    (-,-) 
  core/g42565/Y             -       A->Y  F     INVX1          4  1.1    58    97    1794    (-,-) 
  core/g42542__5122/Y       -       C->Y  R     NAND3BXL       2  0.6    49    61    1855    (-,-) 
  core/g42480__2883/Y       -       A->Y  F     NAND4XL        1  0.3   198   212    2067    (-,-) 
  core/g42455__8428/Y       -       D->Y  R     NOR4X1         1  0.2   107   153    2220    (-,-) 
  core/g42441__6161/Y       -       B->Y  F     NAND4XL        1  0.2   179   221    2442    (-,-) 
  core/g42430__5122/Y       -       D->Y  F     OR4X1          1  0.2    40   270    2712    (-,-) 
  core/g42425__6783/Y       -       D->Y  F     OR4X1          1  0.2    40   214    2926    (-,-) 
  core/g42422__4319/Y       -       D->Y  F     OR4X1          2  0.7    52   221    3147    (-,-) 
  core/g42416__6417/Y       -       A1->Y R     AOI21X1        2  0.8    74    83    3229    (-,-) 
  core/g42403__1881/Y       -       B->Y  F     NOR2X1         8  2.4   100    89    3318    (-,-) 
  core/g42377__4733/Y       -       A0->Y R     AOI21XL        1  0.3    62   111    3429    (-,-) 
  core/pending_q_reg[27]/D  -       -     R     DFFHQX1        1    -     -     0    3429    (-,-) 
#--------------------------------------------------------------------------------------------------



Path 60: MET (6443 ps) Setup Check with Pin core/pending_q_reg[43]/CK->D
          Group: clk
     Startpoint: (R) core/out_rank_q_reg[1]/CK
          Clock: (R) clk
       Endpoint: (R) core/pending_q_reg[43]/D
          Clock: (R) clk

                     Capture       Launch     
        Clock Edge:+   10000            0     
       Src Latency:+       0            0     
       Net Latency:+       0 (I)        0 (I) 
           Arrival:=   10000            0     
                                              
             Setup:-     136                  
     Required Time:=    9864                  
      Launch Clock:-       0                  
         Data Path:-    3421                  
             Slack:=    6443                  

#--------------------------------------------------------------------------------------------------
#       Timing Point        Flags   Arc   Edge   Cell     Fanout Load Trans Delay Arrival Instance 
#                                                                (fF)  (ps)  (ps)   (ps)  Location 
#--------------------------------------------------------------------------------------------------
  core/out_rank_q_reg[1]/CK -       -     R     (arrival)    265    -     0     0       0    (-,-) 
  core/out_rank_q_reg[1]/Q  -       CK->Q F     DFFHQX1        8  2.6    76   226     226    (-,-) 
  core/g43225/Y             -       A->Y  R     INVX1          3  1.2    45    65     291    (-,-) 
  core/g43130__9945/Y       -       A->Y  F     NOR2X1         4  1.1    54    61     352    (-,-) 
  core/g43094/Y             -       A->Y  R     INVX1          4  1.6    49    57     409    (-,-) 
  core/g42947__1881/Y       -       A->Y  F     NOR2X1         2  0.5    39    56     465    (-,-) 
  core/g42870__4733/Y       -       B0->Y R     AOI21X1        3  1.0    81    75     539    (-,-) 
  core/g42754__2398/Y       -       C0->Y F     OAI211X1       2  0.6   148   154     693    (-,-) 
  core/g2/Y                 -       D->Y  R     NOR4BBX1       3  1.0   177   172     865    (-,-) 
  core/g42682__6131/Y       -       C0->Y F     OAI211X1       1  0.3   128   188    1053    (-,-) 
  core/g42650__7098/Y       -       C->Y  R     NOR3X1         3  1.2   137   146    1199    (-,-) 
  core/g42588__9315/Y       -       D->Y  F     NAND4X1        2  0.8   215   205    1404    (-,-) 
  core/g42573__5526/Y       -       A1->Y R     AOI21X1        3  1.2    90   178    1582    (-,-) 
  core/g42572/Y             -       A->Y  F     INVX1          1  0.3    32    68    1649    (-,-) 
  core/g42569__6260/Y       -       C0->Y R     OAI211X1       4  1.4   120    48    1698    (-,-) 
  core/g42565/Y             -       A->Y  F     INVX1          4  1.1    58    97    1794    (-,-) 
  core/g42542__5122/Y       -       C->Y  R     NAND3BXL       2  0.6    49    61    1855    (-,-) 
  core/g42480__2883/Y       -       A->Y  F     NAND4XL        1  0.3   198   212    2067    (-,-) 
  core/g42455__8428/Y       -       D->Y  R     NOR4X1         1  0.2   107   153    2220    (-,-) 
  core/g42441__6161/Y       -       B->Y  F     NAND4XL        1  0.2   179   221    2442    (-,-) 
  core/g42430__5122/Y       -       D->Y  F     OR4X1          1  0.2    40   270    2712    (-,-) 
  core/g42425__6783/Y       -       D->Y  F     OR4X1          1  0.2    40   214    2926    (-,-) 
  core/g42422__4319/Y       -       D->Y  F     OR4X1          2  0.7    52   221    3147    (-,-) 
  core/g42416__6417/Y       -       A1->Y R     AOI21X1        2  0.8    74    83    3229    (-,-) 
  core/g42406__4733/Y       -       B->Y  F     NOR2X1         8  2.4    86    89    3318    (-,-) 
  core/g42375__5115/Y       -       A0->Y R     AOI21XL        1  0.3    62   103    3421    (-,-) 
  core/pending_q_reg[43]/D  -       -     R     DFFHQX1        1    -     -     0    3421    (-,-) 
#--------------------------------------------------------------------------------------------------



Path 61: MET (6443 ps) Setup Check with Pin core/pending_q_reg[35]/CK->D
          Group: clk
     Startpoint: (R) core/out_rank_q_reg[1]/CK
          Clock: (R) clk
       Endpoint: (R) core/pending_q_reg[35]/D
          Clock: (R) clk

                     Capture       Launch     
        Clock Edge:+   10000            0     
       Src Latency:+       0            0     
       Net Latency:+       0 (I)        0 (I) 
           Arrival:=   10000            0     
                                              
             Setup:-     136                  
     Required Time:=    9864                  
      Launch Clock:-       0                  
         Data Path:-    3421                  
             Slack:=    6443                  

#--------------------------------------------------------------------------------------------------
#       Timing Point        Flags   Arc   Edge   Cell     Fanout Load Trans Delay Arrival Instance 
#                                                                (fF)  (ps)  (ps)   (ps)  Location 
#--------------------------------------------------------------------------------------------------
  core/out_rank_q_reg[1]/CK -       -     R     (arrival)    265    -     0     0       0    (-,-) 
  core/out_rank_q_reg[1]/Q  -       CK->Q F     DFFHQX1        8  2.6    76   226     226    (-,-) 
  core/g43225/Y             -       A->Y  R     INVX1          3  1.2    45    65     291    (-,-) 
  core/g43130__9945/Y       -       A->Y  F     NOR2X1         4  1.1    54    61     352    (-,-) 
  core/g43094/Y             -       A->Y  R     INVX1          4  1.6    49    57     409    (-,-) 
  core/g42947__1881/Y       -       A->Y  F     NOR2X1         2  0.5    39    56     465    (-,-) 
  core/g42870__4733/Y       -       B0->Y R     AOI21X1        3  1.0    81    75     539    (-,-) 
  core/g42754__2398/Y       -       C0->Y F     OAI211X1       2  0.6   148   154     693    (-,-) 
  core/g2/Y                 -       D->Y  R     NOR4BBX1       3  1.0   177   172     865    (-,-) 
  core/g42682__6131/Y       -       C0->Y F     OAI211X1       1  0.3   128   188    1053    (-,-) 
  core/g42650__7098/Y       -       C->Y  R     NOR3X1         3  1.2   137   146    1199    (-,-) 
  core/g42588__9315/Y       -       D->Y  F     NAND4X1        2  0.8   215   205    1404    (-,-) 
  core/g42573__5526/Y       -       A1->Y R     AOI21X1        3  1.2    90   178    1582    (-,-) 
  core/g42572/Y             -       A->Y  F     INVX1          1  0.3    32    68    1649    (-,-) 
  core/g42569__6260/Y       -       C0->Y R     OAI211X1       4  1.4   120    48    1698    (-,-) 
  core/g42565/Y             -       A->Y  F     INVX1          4  1.1    58    97    1794    (-,-) 
  core/g42542__5122/Y       -       C->Y  R     NAND3BXL       2  0.6    49    61    1855    (-,-) 
  core/g42480__2883/Y       -       A->Y  F     NAND4XL        1  0.3   198   212    2067    (-,-) 
  core/g42455__8428/Y       -       D->Y  R     NOR4X1         1  0.2   107   153    2220    (-,-) 
  core/g42441__6161/Y       -       B->Y  F     NAND4XL        1  0.2   179   221    2442    (-,-) 
  core/g42430__5122/Y       -       D->Y  F     OR4X1          1  0.2    40   270    2712    (-,-) 
  core/g42425__6783/Y       -       D->Y  F     OR4X1          1  0.2    40   214    2926    (-,-) 
  core/g42422__4319/Y       -       D->Y  F     OR4X1          2  0.7    52   221    3147    (-,-) 
  core/g42416__6417/Y       -       A1->Y R     AOI21X1        2  0.8    74    83    3229    (-,-) 
  core/g42406__4733/Y       -       B->Y  F     NOR2X1         8  2.4    86    89    3318    (-,-) 
  core/g42369__1705/Y       -       A0->Y R     AOI21XL        1  0.3    62   103    3421    (-,-) 
  core/pending_q_reg[35]/D  -       -     R     DFFHQX1        1    -     -     0    3421    (-,-) 
#--------------------------------------------------------------------------------------------------



Path 62: MET (6443 ps) Setup Check with Pin core/pending_q_reg[11]/CK->D
          Group: clk
     Startpoint: (R) core/out_rank_q_reg[1]/CK
          Clock: (R) clk
       Endpoint: (R) core/pending_q_reg[11]/D
          Clock: (R) clk

                     Capture       Launch     
        Clock Edge:+   10000            0     
       Src Latency:+       0            0     
       Net Latency:+       0 (I)        0 (I) 
           Arrival:=   10000            0     
                                              
             Setup:-     136                  
     Required Time:=    9864                  
      Launch Clock:-       0                  
         Data Path:-    3421                  
             Slack:=    6443                  

#--------------------------------------------------------------------------------------------------
#       Timing Point        Flags   Arc   Edge   Cell     Fanout Load Trans Delay Arrival Instance 
#                                                                (fF)  (ps)  (ps)   (ps)  Location 
#--------------------------------------------------------------------------------------------------
  core/out_rank_q_reg[1]/CK -       -     R     (arrival)    265    -     0     0       0    (-,-) 
  core/out_rank_q_reg[1]/Q  -       CK->Q F     DFFHQX1        8  2.6    76   226     226    (-,-) 
  core/g43225/Y             -       A->Y  R     INVX1          3  1.2    45    65     291    (-,-) 
  core/g43130__9945/Y       -       A->Y  F     NOR2X1         4  1.1    54    61     352    (-,-) 
  core/g43094/Y             -       A->Y  R     INVX1          4  1.6    49    57     409    (-,-) 
  core/g42947__1881/Y       -       A->Y  F     NOR2X1         2  0.5    39    56     465    (-,-) 
  core/g42870__4733/Y       -       B0->Y R     AOI21X1        3  1.0    81    75     539    (-,-) 
  core/g42754__2398/Y       -       C0->Y F     OAI211X1       2  0.6   148   154     693    (-,-) 
  core/g2/Y                 -       D->Y  R     NOR4BBX1       3  1.0   177   172     865    (-,-) 
  core/g42682__6131/Y       -       C0->Y F     OAI211X1       1  0.3   128   188    1053    (-,-) 
  core/g42650__7098/Y       -       C->Y  R     NOR3X1         3  1.2   137   146    1199    (-,-) 
  core/g42588__9315/Y       -       D->Y  F     NAND4X1        2  0.8   215   205    1404    (-,-) 
  core/g42573__5526/Y       -       A1->Y R     AOI21X1        3  1.2    90   178    1582    (-,-) 
  core/g42572/Y             -       A->Y  F     INVX1          1  0.3    32    68    1649    (-,-) 
  core/g42569__6260/Y       -       C0->Y R     OAI211X1       4  1.4   120    48    1698    (-,-) 
  core/g42565/Y             -       A->Y  F     INVX1          4  1.1    58    97    1794    (-,-) 
  core/g42542__5122/Y       -       C->Y  R     NAND3BXL       2  0.6    49    61    1855    (-,-) 
  core/g42480__2883/Y       -       A->Y  F     NAND4XL        1  0.3   198   212    2067    (-,-) 
  core/g42455__8428/Y       -       D->Y  R     NOR4X1         1  0.2   107   153    2220    (-,-) 
  core/g42441__6161/Y       -       B->Y  F     NAND4XL        1  0.2   179   221    2442    (-,-) 
  core/g42430__5122/Y       -       D->Y  F     OR4X1          1  0.2    40   270    2712    (-,-) 
  core/g42425__6783/Y       -       D->Y  F     OR4X1          1  0.2    40   214    2926    (-,-) 
  core/g42422__4319/Y       -       D->Y  F     OR4X1          2  0.7    52   221    3147    (-,-) 
  core/g42416__6417/Y       -       A1->Y R     AOI21X1        2  0.8    74    83    3229    (-,-) 
  core/g42406__4733/Y       -       B->Y  F     NOR2X1         8  2.4    86    89    3318    (-,-) 
  core/g42349__4733/Y       -       A0->Y R     AOI21XL        1  0.3    62   103    3421    (-,-) 
  core/pending_q_reg[11]/D  -       -     R     DFFHQX1        1    -     -     0    3421    (-,-) 
#--------------------------------------------------------------------------------------------------



Path 63: MET (6443 ps) Setup Check with Pin core/pending_q_reg[3]/CK->D
          Group: clk
     Startpoint: (R) core/out_rank_q_reg[1]/CK
          Clock: (R) clk
       Endpoint: (R) core/pending_q_reg[3]/D
          Clock: (R) clk

                     Capture       Launch     
        Clock Edge:+   10000            0     
       Src Latency:+       0            0     
       Net Latency:+       0 (I)        0 (I) 
           Arrival:=   10000            0     
                                              
             Setup:-     136                  
     Required Time:=    9864                  
      Launch Clock:-       0                  
         Data Path:-    3421                  
             Slack:=    6443                  

#--------------------------------------------------------------------------------------------------
#       Timing Point        Flags   Arc   Edge   Cell     Fanout Load Trans Delay Arrival Instance 
#                                                                (fF)  (ps)  (ps)   (ps)  Location 
#--------------------------------------------------------------------------------------------------
  core/out_rank_q_reg[1]/CK -       -     R     (arrival)    265    -     0     0       0    (-,-) 
  core/out_rank_q_reg[1]/Q  -       CK->Q F     DFFHQX1        8  2.6    76   226     226    (-,-) 
  core/g43225/Y             -       A->Y  R     INVX1          3  1.2    45    65     291    (-,-) 
  core/g43130__9945/Y       -       A->Y  F     NOR2X1         4  1.1    54    61     352    (-,-) 
  core/g43094/Y             -       A->Y  R     INVX1          4  1.6    49    57     409    (-,-) 
  core/g42947__1881/Y       -       A->Y  F     NOR2X1         2  0.5    39    56     465    (-,-) 
  core/g42870__4733/Y       -       B0->Y R     AOI21X1        3  1.0    81    75     539    (-,-) 
  core/g42754__2398/Y       -       C0->Y F     OAI211X1       2  0.6   148   154     693    (-,-) 
  core/g2/Y                 -       D->Y  R     NOR4BBX1       3  1.0   177   172     865    (-,-) 
  core/g42682__6131/Y       -       C0->Y F     OAI211X1       1  0.3   128   188    1053    (-,-) 
  core/g42650__7098/Y       -       C->Y  R     NOR3X1         3  1.2   137   146    1199    (-,-) 
  core/g42588__9315/Y       -       D->Y  F     NAND4X1        2  0.8   215   205    1404    (-,-) 
  core/g42573__5526/Y       -       A1->Y R     AOI21X1        3  1.2    90   178    1582    (-,-) 
  core/g42572/Y             -       A->Y  F     INVX1          1  0.3    32    68    1649    (-,-) 
  core/g42569__6260/Y       -       C0->Y R     OAI211X1       4  1.4   120    48    1698    (-,-) 
  core/g42565/Y             -       A->Y  F     INVX1          4  1.1    58    97    1794    (-,-) 
  core/g42542__5122/Y       -       C->Y  R     NAND3BXL       2  0.6    49    61    1855    (-,-) 
  core/g42480__2883/Y       -       A->Y  F     NAND4XL        1  0.3   198   212    2067    (-,-) 
  core/g42455__8428/Y       -       D->Y  R     NOR4X1         1  0.2   107   153    2220    (-,-) 
  core/g42441__6161/Y       -       B->Y  F     NAND4XL        1  0.2   179   221    2442    (-,-) 
  core/g42430__5122/Y       -       D->Y  F     OR4X1          1  0.2    40   270    2712    (-,-) 
  core/g42425__6783/Y       -       D->Y  F     OR4X1          1  0.2    40   214    2926    (-,-) 
  core/g42422__4319/Y       -       D->Y  F     OR4X1          2  0.7    52   221    3147    (-,-) 
  core/g42416__6417/Y       -       A1->Y R     AOI21X1        2  0.8    74    83    3229    (-,-) 
  core/g42406__4733/Y       -       B->Y  F     NOR2X1         8  2.4    86    89    3318    (-,-) 
  core/g42330__5477/Y       -       A0->Y R     AOI21XL        1  0.3    62   103    3421    (-,-) 
  core/pending_q_reg[3]/D   -       -     R     DFFHQX1        1    -     -     0    3421    (-,-) 
#--------------------------------------------------------------------------------------------------



Path 64: MET (6446 ps) Setup Check with Pin core/pending_q_reg[58]/CK->D
          Group: clk
     Startpoint: (R) core/out_rank_q_reg[1]/CK
          Clock: (R) clk
       Endpoint: (R) core/pending_q_reg[58]/D
          Clock: (R) clk

                     Capture       Launch     
        Clock Edge:+   10000            0     
       Src Latency:+       0            0     
       Net Latency:+       0 (I)        0 (I) 
           Arrival:=   10000            0     
                                              
             Setup:-     133                  
     Required Time:=    9867                  
      Launch Clock:-       0                  
         Data Path:-    3422                  
             Slack:=    6446                  

#--------------------------------------------------------------------------------------------------
#       Timing Point        Flags   Arc   Edge   Cell     Fanout Load Trans Delay Arrival Instance 
#                                                                (fF)  (ps)  (ps)   (ps)  Location 
#--------------------------------------------------------------------------------------------------
  core/out_rank_q_reg[1]/CK -       -     R     (arrival)    265    -     0     0       0    (-,-) 
  core/out_rank_q_reg[1]/Q  -       CK->Q F     DFFHQX1        8  2.6    76   226     226    (-,-) 
  core/g43225/Y             -       A->Y  R     INVX1          3  1.2    45    65     291    (-,-) 
  core/g43130__9945/Y       -       A->Y  F     NOR2X1         4  1.1    54    61     352    (-,-) 
  core/g43094/Y             -       A->Y  R     INVX1          4  1.6    49    57     409    (-,-) 
  core/g42947__1881/Y       -       A->Y  F     NOR2X1         2  0.5    39    56     465    (-,-) 
  core/g42870__4733/Y       -       B0->Y R     AOI21X1        3  1.0    81    75     539    (-,-) 
  core/g42754__2398/Y       -       C0->Y F     OAI211X1       2  0.6   148   154     693    (-,-) 
  core/g2/Y                 -       D->Y  R     NOR4BBX1       3  1.0   177   172     865    (-,-) 
  core/g42682__6131/Y       -       C0->Y F     OAI211X1       1  0.3   128   188    1053    (-,-) 
  core/g42650__7098/Y       -       C->Y  R     NOR3X1         3  1.2   137   146    1199    (-,-) 
  core/g42588__9315/Y       -       D->Y  F     NAND4X1        2  0.8   215   205    1404    (-,-) 
  core/g42573__5526/Y       -       A1->Y R     AOI21X1        3  1.2    90   178    1582    (-,-) 
  core/g42572/Y             -       A->Y  F     INVX1          1  0.3    32    68    1649    (-,-) 
  core/g42569__6260/Y       -       C0->Y R     OAI211X1       4  1.4   120    48    1698    (-,-) 
  core/g42565/Y             -       A->Y  F     INVX1          4  1.1    58    97    1794    (-,-) 
  core/g42542__5122/Y       -       C->Y  R     NAND3BXL       2  0.6    49    61    1855    (-,-) 
  core/g42480__2883/Y       -       A->Y  F     NAND4XL        1  0.3   198   212    2067    (-,-) 
  core/g42455__8428/Y       -       D->Y  R     NOR4X1         1  0.2   107   153    2220    (-,-) 
  core/g42441__6161/Y       -       B->Y  F     NAND4XL        1  0.2   179   221    2442    (-,-) 
  core/g42430__5122/Y       -       D->Y  F     OR4X1          1  0.2    40   270    2712    (-,-) 
  core/g42425__6783/Y       -       D->Y  F     OR4X1          1  0.2    40   214    2926    (-,-) 
  core/g42422__4319/Y       -       D->Y  F     OR4X1          2  0.7    52   221    3147    (-,-) 
  core/g42416__6417/Y       -       A1->Y R     AOI21X1        2  0.8    74    83    3229    (-,-) 
  core/g42403__1881/Y       -       B->Y  F     NOR2X1         8  2.4   100    89    3318    (-,-) 
  core/g42388__5107/Y       -       A0->Y R     AOI21X1        1  0.3    57   104    3422    (-,-) 
  core/pending_q_reg[58]/D  -       -     R     DFFHQX1        1    -     -     0    3422    (-,-) 
#--------------------------------------------------------------------------------------------------



Path 65: MET (6446 ps) Setup Check with Pin core/pending_q_reg[18]/CK->D
          Group: clk
     Startpoint: (R) core/out_rank_q_reg[1]/CK
          Clock: (R) clk
       Endpoint: (R) core/pending_q_reg[18]/D
          Clock: (R) clk

                     Capture       Launch     
        Clock Edge:+   10000            0     
       Src Latency:+       0            0     
       Net Latency:+       0 (I)        0 (I) 
           Arrival:=   10000            0     
                                              
             Setup:-     133                  
     Required Time:=    9867                  
      Launch Clock:-       0                  
         Data Path:-    3422                  
             Slack:=    6446                  

#--------------------------------------------------------------------------------------------------
#       Timing Point        Flags   Arc   Edge   Cell     Fanout Load Trans Delay Arrival Instance 
#                                                                (fF)  (ps)  (ps)   (ps)  Location 
#--------------------------------------------------------------------------------------------------
  core/out_rank_q_reg[1]/CK -       -     R     (arrival)    265    -     0     0       0    (-,-) 
  core/out_rank_q_reg[1]/Q  -       CK->Q F     DFFHQX1        8  2.6    76   226     226    (-,-) 
  core/g43225/Y             -       A->Y  R     INVX1          3  1.2    45    65     291    (-,-) 
  core/g43130__9945/Y       -       A->Y  F     NOR2X1         4  1.1    54    61     352    (-,-) 
  core/g43094/Y             -       A->Y  R     INVX1          4  1.6    49    57     409    (-,-) 
  core/g42947__1881/Y       -       A->Y  F     NOR2X1         2  0.5    39    56     465    (-,-) 
  core/g42870__4733/Y       -       B0->Y R     AOI21X1        3  1.0    81    75     539    (-,-) 
  core/g42754__2398/Y       -       C0->Y F     OAI211X1       2  0.6   148   154     693    (-,-) 
  core/g2/Y                 -       D->Y  R     NOR4BBX1       3  1.0   177   172     865    (-,-) 
  core/g42682__6131/Y       -       C0->Y F     OAI211X1       1  0.3   128   188    1053    (-,-) 
  core/g42650__7098/Y       -       C->Y  R     NOR3X1         3  1.2   137   146    1199    (-,-) 
  core/g42588__9315/Y       -       D->Y  F     NAND4X1        2  0.8   215   205    1404    (-,-) 
  core/g42573__5526/Y       -       A1->Y R     AOI21X1        3  1.2    90   178    1582    (-,-) 
  core/g42572/Y             -       A->Y  F     INVX1          1  0.3    32    68    1649    (-,-) 
  core/g42569__6260/Y       -       C0->Y R     OAI211X1       4  1.4   120    48    1698    (-,-) 
  core/g42565/Y             -       A->Y  F     INVX1          4  1.1    58    97    1794    (-,-) 
  core/g42542__5122/Y       -       C->Y  R     NAND3BXL       2  0.6    49    61    1855    (-,-) 
  core/g42480__2883/Y       -       A->Y  F     NAND4XL        1  0.3   198   212    2067    (-,-) 
  core/g42455__8428/Y       -       D->Y  R     NOR4X1         1  0.2   107   153    2220    (-,-) 
  core/g42441__6161/Y       -       B->Y  F     NAND4XL        1  0.2   179   221    2442    (-,-) 
  core/g42430__5122/Y       -       D->Y  F     OR4X1          1  0.2    40   270    2712    (-,-) 
  core/g42425__6783/Y       -       D->Y  F     OR4X1          1  0.2    40   214    2926    (-,-) 
  core/g42422__4319/Y       -       D->Y  F     OR4X1          2  0.7    52   221    3147    (-,-) 
  core/g42416__6417/Y       -       A1->Y R     AOI21X1        2  0.8    74    83    3229    (-,-) 
  core/g42403__1881/Y       -       B->Y  F     NOR2X1         8  2.4   100    89    3318    (-,-) 
  core/g42353__2883/Y       -       A0->Y R     AOI21X1        1  0.3    57   104    3422    (-,-) 
  core/pending_q_reg[18]/D  -       -     R     DFFHQX1        1    -     -     0    3422    (-,-) 
#--------------------------------------------------------------------------------------------------



Path 66: MET (6446 ps) Setup Check with Pin core/pending_q_reg[50]/CK->D
          Group: clk
     Startpoint: (R) core/out_rank_q_reg[1]/CK
          Clock: (R) clk
       Endpoint: (R) core/pending_q_reg[50]/D
          Clock: (R) clk

                     Capture       Launch     
        Clock Edge:+   10000            0     
       Src Latency:+       0            0     
       Net Latency:+       0 (I)        0 (I) 
           Arrival:=   10000            0     
                                              
             Setup:-     132                  
     Required Time:=    9868                  
      Launch Clock:-       0                  
         Data Path:-    3422                  
             Slack:=    6446                  

#--------------------------------------------------------------------------------------------------
#       Timing Point        Flags   Arc   Edge   Cell     Fanout Load Trans Delay Arrival Instance 
#                                                                (fF)  (ps)  (ps)   (ps)  Location 
#--------------------------------------------------------------------------------------------------
  core/out_rank_q_reg[1]/CK -       -     R     (arrival)    265    -     0     0       0    (-,-) 
  core/out_rank_q_reg[1]/Q  -       CK->Q F     DFFHQX1        8  2.6    76   226     226    (-,-) 
  core/g43225/Y             -       A->Y  R     INVX1          3  1.2    45    65     291    (-,-) 
  core/g43130__9945/Y       -       A->Y  F     NOR2X1         4  1.1    54    61     352    (-,-) 
  core/g43094/Y             -       A->Y  R     INVX1          4  1.6    49    57     409    (-,-) 
  core/g42947__1881/Y       -       A->Y  F     NOR2X1         2  0.5    39    56     465    (-,-) 
  core/g42870__4733/Y       -       B0->Y R     AOI21X1        3  1.0    81    75     539    (-,-) 
  core/g42754__2398/Y       -       C0->Y F     OAI211X1       2  0.6   148   154     693    (-,-) 
  core/g2/Y                 -       D->Y  R     NOR4BBX1       3  1.0   177   172     865    (-,-) 
  core/g42682__6131/Y       -       C0->Y F     OAI211X1       1  0.3   128   188    1053    (-,-) 
  core/g42650__7098/Y       -       C->Y  R     NOR3X1         3  1.2   137   146    1199    (-,-) 
  core/g42588__9315/Y       -       D->Y  F     NAND4X1        2  0.8   215   205    1404    (-,-) 
  core/g42573__5526/Y       -       A1->Y R     AOI21X1        3  1.2    90   178    1582    (-,-) 
  core/g42572/Y             -       A->Y  F     INVX1          1  0.3    32    68    1649    (-,-) 
  core/g42569__6260/Y       -       C0->Y R     OAI211X1       4  1.4   120    48    1698    (-,-) 
  core/g42565/Y             -       A->Y  F     INVX1          4  1.1    58    97    1794    (-,-) 
  core/g42542__5122/Y       -       C->Y  R     NAND3BXL       2  0.6    49    61    1855    (-,-) 
  core/g42480__2883/Y       -       A->Y  F     NAND4XL        1  0.3   198   212    2067    (-,-) 
  core/g42455__8428/Y       -       D->Y  R     NOR4X1         1  0.2   107   153    2220    (-,-) 
  core/g42441__6161/Y       -       B->Y  F     NAND4XL        1  0.2   179   221    2442    (-,-) 
  core/g42430__5122/Y       -       D->Y  F     OR4X1          1  0.2    40   270    2712    (-,-) 
  core/g42425__6783/Y       -       D->Y  F     OR4X1          1  0.2    40   214    2926    (-,-) 
  core/g42422__4319/Y       -       D->Y  F     OR4X1          2  0.7    52   221    3147    (-,-) 
  core/g42416__6417/Y       -       A1->Y R     AOI21X1        2  0.8    74    83    3229    (-,-) 
  core/g42403__1881/Y       -       B->Y  F     NOR2X1         8  2.4   100    89    3318    (-,-) 
  core/g42381__2883/Y       -       A0->Y R     AOI21X1        1  0.3    56   104    3422    (-,-) 
  core/pending_q_reg[50]/D  -       -     R     DFFHQX1        1    -     -     0    3422    (-,-) 
#--------------------------------------------------------------------------------------------------



Path 67: MET (6446 ps) Setup Check with Pin core/pending_q_reg[26]/CK->D
          Group: clk
     Startpoint: (R) core/out_rank_q_reg[1]/CK
          Clock: (R) clk
       Endpoint: (R) core/pending_q_reg[26]/D
          Clock: (R) clk

                     Capture       Launch     
        Clock Edge:+   10000            0     
       Src Latency:+       0            0     
       Net Latency:+       0 (I)        0 (I) 
           Arrival:=   10000            0     
                                              
             Setup:-     132                  
     Required Time:=    9868                  
      Launch Clock:-       0                  
         Data Path:-    3422                  
             Slack:=    6446                  

#--------------------------------------------------------------------------------------------------
#       Timing Point        Flags   Arc   Edge   Cell     Fanout Load Trans Delay Arrival Instance 
#                                                                (fF)  (ps)  (ps)   (ps)  Location 
#--------------------------------------------------------------------------------------------------
  core/out_rank_q_reg[1]/CK -       -     R     (arrival)    265    -     0     0       0    (-,-) 
  core/out_rank_q_reg[1]/Q  -       CK->Q F     DFFHQX1        8  2.6    76   226     226    (-,-) 
  core/g43225/Y             -       A->Y  R     INVX1          3  1.2    45    65     291    (-,-) 
  core/g43130__9945/Y       -       A->Y  F     NOR2X1         4  1.1    54    61     352    (-,-) 
  core/g43094/Y             -       A->Y  R     INVX1          4  1.6    49    57     409    (-,-) 
  core/g42947__1881/Y       -       A->Y  F     NOR2X1         2  0.5    39    56     465    (-,-) 
  core/g42870__4733/Y       -       B0->Y R     AOI21X1        3  1.0    81    75     539    (-,-) 
  core/g42754__2398/Y       -       C0->Y F     OAI211X1       2  0.6   148   154     693    (-,-) 
  core/g2/Y                 -       D->Y  R     NOR4BBX1       3  1.0   177   172     865    (-,-) 
  core/g42682__6131/Y       -       C0->Y F     OAI211X1       1  0.3   128   188    1053    (-,-) 
  core/g42650__7098/Y       -       C->Y  R     NOR3X1         3  1.2   137   146    1199    (-,-) 
  core/g42588__9315/Y       -       D->Y  F     NAND4X1        2  0.8   215   205    1404    (-,-) 
  core/g42573__5526/Y       -       A1->Y R     AOI21X1        3  1.2    90   178    1582    (-,-) 
  core/g42572/Y             -       A->Y  F     INVX1          1  0.3    32    68    1649    (-,-) 
  core/g42569__6260/Y       -       C0->Y R     OAI211X1       4  1.4   120    48    1698    (-,-) 
  core/g42565/Y             -       A->Y  F     INVX1          4  1.1    58    97    1794    (-,-) 
  core/g42542__5122/Y       -       C->Y  R     NAND3BXL       2  0.6    49    61    1855    (-,-) 
  core/g42480__2883/Y       -       A->Y  F     NAND4XL        1  0.3   198   212    2067    (-,-) 
  core/g42455__8428/Y       -       D->Y  R     NOR4X1         1  0.2   107   153    2220    (-,-) 
  core/g42441__6161/Y       -       B->Y  F     NAND4XL        1  0.2   179   221    2442    (-,-) 
  core/g42430__5122/Y       -       D->Y  F     OR4X1          1  0.2    40   270    2712    (-,-) 
  core/g42425__6783/Y       -       D->Y  F     OR4X1          1  0.2    40   214    2926    (-,-) 
  core/g42422__4319/Y       -       D->Y  F     OR4X1          2  0.7    52   221    3147    (-,-) 
  core/g42416__6417/Y       -       A1->Y R     AOI21X1        2  0.8    74    83    3229    (-,-) 
  core/g42403__1881/Y       -       B->Y  F     NOR2X1         8  2.4   100    89    3318    (-,-) 
  core/g42360__5107/Y       -       A0->Y R     AOI21X1        1  0.3    56   104    3422    (-,-) 
  core/pending_q_reg[26]/D  -       -     R     DFFHQX1        1    -     -     0    3422    (-,-) 
#--------------------------------------------------------------------------------------------------



Path 68: MET (6453 ps) Setup Check with Pin core/pending_q_reg[42]/CK->D
          Group: clk
     Startpoint: (R) core/out_rank_q_reg[1]/CK
          Clock: (R) clk
       Endpoint: (R) core/pending_q_reg[42]/D
          Clock: (R) clk

                     Capture       Launch     
        Clock Edge:+   10000            0     
       Src Latency:+       0            0     
       Net Latency:+       0 (I)        0 (I) 
           Arrival:=   10000            0     
                                              
             Setup:-     133                  
     Required Time:=    9867                  
      Launch Clock:-       0                  
         Data Path:-    3414                  
             Slack:=    6453                  

#--------------------------------------------------------------------------------------------------
#       Timing Point        Flags   Arc   Edge   Cell     Fanout Load Trans Delay Arrival Instance 
#                                                                (fF)  (ps)  (ps)   (ps)  Location 
#--------------------------------------------------------------------------------------------------
  core/out_rank_q_reg[1]/CK -       -     R     (arrival)    265    -     0     0       0    (-,-) 
  core/out_rank_q_reg[1]/Q  -       CK->Q F     DFFHQX1        8  2.6    76   226     226    (-,-) 
  core/g43225/Y             -       A->Y  R     INVX1          3  1.2    45    65     291    (-,-) 
  core/g43130__9945/Y       -       A->Y  F     NOR2X1         4  1.1    54    61     352    (-,-) 
  core/g43094/Y             -       A->Y  R     INVX1          4  1.6    49    57     409    (-,-) 
  core/g42947__1881/Y       -       A->Y  F     NOR2X1         2  0.5    39    56     465    (-,-) 
  core/g42870__4733/Y       -       B0->Y R     AOI21X1        3  1.0    81    75     539    (-,-) 
  core/g42754__2398/Y       -       C0->Y F     OAI211X1       2  0.6   148   154     693    (-,-) 
  core/g2/Y                 -       D->Y  R     NOR4BBX1       3  1.0   177   172     865    (-,-) 
  core/g42682__6131/Y       -       C0->Y F     OAI211X1       1  0.3   128   188    1053    (-,-) 
  core/g42650__7098/Y       -       C->Y  R     NOR3X1         3  1.2   137   146    1199    (-,-) 
  core/g42588__9315/Y       -       D->Y  F     NAND4X1        2  0.8   215   205    1404    (-,-) 
  core/g42573__5526/Y       -       A1->Y R     AOI21X1        3  1.2    90   178    1582    (-,-) 
  core/g42572/Y             -       A->Y  F     INVX1          1  0.3    32    68    1649    (-,-) 
  core/g42569__6260/Y       -       C0->Y R     OAI211X1       4  1.4   120    48    1698    (-,-) 
  core/g42565/Y             -       A->Y  F     INVX1          4  1.1    58    97    1794    (-,-) 
  core/g42542__5122/Y       -       C->Y  R     NAND3BXL       2  0.6    49    61    1855    (-,-) 
  core/g42480__2883/Y       -       A->Y  F     NAND4XL        1  0.3   198   212    2067    (-,-) 
  core/g42455__8428/Y       -       D->Y  R     NOR4X1         1  0.2   107   153    2220    (-,-) 
  core/g42441__6161/Y       -       B->Y  F     NAND4XL        1  0.2   179   221    2442    (-,-) 
  core/g42430__5122/Y       -       D->Y  F     OR4X1          1  0.2    40   270    2712    (-,-) 
  core/g42425__6783/Y       -       D->Y  F     OR4X1          1  0.2    40   214    2926    (-,-) 
  core/g42422__4319/Y       -       D->Y  F     OR4X1          2  0.7    52   221    3147    (-,-) 
  core/g42416__6417/Y       -       A1->Y R     AOI21X1        2  0.8    74    83    3229    (-,-) 
  core/g42406__4733/Y       -       B->Y  F     NOR2X1         8  2.4    86    89    3318    (-,-) 
  core/g42374__1881/Y       -       A0->Y R     AOI21X1        1  0.3    57    96    3414    (-,-) 
  core/pending_q_reg[42]/D  -       -     R     DFFHQX1        1    -     -     0    3414    (-,-) 
#--------------------------------------------------------------------------------------------------



Path 69: MET (6453 ps) Setup Check with Pin core/pending_q_reg[10]/CK->D
          Group: clk
     Startpoint: (R) core/out_rank_q_reg[1]/CK
          Clock: (R) clk
       Endpoint: (R) core/pending_q_reg[10]/D
          Clock: (R) clk

                     Capture       Launch     
        Clock Edge:+   10000            0     
       Src Latency:+       0            0     
       Net Latency:+       0 (I)        0 (I) 
           Arrival:=   10000            0     
                                              
             Setup:-     132                  
     Required Time:=    9868                  
      Launch Clock:-       0                  
         Data Path:-    3414                  
             Slack:=    6453                  

#--------------------------------------------------------------------------------------------------
#       Timing Point        Flags   Arc   Edge   Cell     Fanout Load Trans Delay Arrival Instance 
#                                                                (fF)  (ps)  (ps)   (ps)  Location 
#--------------------------------------------------------------------------------------------------
  core/out_rank_q_reg[1]/CK -       -     R     (arrival)    265    -     0     0       0    (-,-) 
  core/out_rank_q_reg[1]/Q  -       CK->Q F     DFFHQX1        8  2.6    76   226     226    (-,-) 
  core/g43225/Y             -       A->Y  R     INVX1          3  1.2    45    65     291    (-,-) 
  core/g43130__9945/Y       -       A->Y  F     NOR2X1         4  1.1    54    61     352    (-,-) 
  core/g43094/Y             -       A->Y  R     INVX1          4  1.6    49    57     409    (-,-) 
  core/g42947__1881/Y       -       A->Y  F     NOR2X1         2  0.5    39    56     465    (-,-) 
  core/g42870__4733/Y       -       B0->Y R     AOI21X1        3  1.0    81    75     539    (-,-) 
  core/g42754__2398/Y       -       C0->Y F     OAI211X1       2  0.6   148   154     693    (-,-) 
  core/g2/Y                 -       D->Y  R     NOR4BBX1       3  1.0   177   172     865    (-,-) 
  core/g42682__6131/Y       -       C0->Y F     OAI211X1       1  0.3   128   188    1053    (-,-) 
  core/g42650__7098/Y       -       C->Y  R     NOR3X1         3  1.2   137   146    1199    (-,-) 
  core/g42588__9315/Y       -       D->Y  F     NAND4X1        2  0.8   215   205    1404    (-,-) 
  core/g42573__5526/Y       -       A1->Y R     AOI21X1        3  1.2    90   178    1582    (-,-) 
  core/g42572/Y             -       A->Y  F     INVX1          1  0.3    32    68    1649    (-,-) 
  core/g42569__6260/Y       -       C0->Y R     OAI211X1       4  1.4   120    48    1698    (-,-) 
  core/g42565/Y             -       A->Y  F     INVX1          4  1.1    58    97    1794    (-,-) 
  core/g42542__5122/Y       -       C->Y  R     NAND3BXL       2  0.6    49    61    1855    (-,-) 
  core/g42480__2883/Y       -       A->Y  F     NAND4XL        1  0.3   198   212    2067    (-,-) 
  core/g42455__8428/Y       -       D->Y  R     NOR4X1         1  0.2   107   153    2220    (-,-) 
  core/g42441__6161/Y       -       B->Y  F     NAND4XL        1  0.2   179   221    2442    (-,-) 
  core/g42430__5122/Y       -       D->Y  F     OR4X1          1  0.2    40   270    2712    (-,-) 
  core/g42425__6783/Y       -       D->Y  F     OR4X1          1  0.2    40   214    2926    (-,-) 
  core/g42422__4319/Y       -       D->Y  F     OR4X1          2  0.7    52   221    3147    (-,-) 
  core/g42416__6417/Y       -       A1->Y R     AOI21X1        2  0.8    74    83    3229    (-,-) 
  core/g42406__4733/Y       -       B->Y  F     NOR2X1         8  2.4    86    89    3318    (-,-) 
  core/g42350__6161/Y       -       A0->Y R     AOI21X1        1  0.3    56    96    3414    (-,-) 
  core/pending_q_reg[10]/D  -       -     R     DFFHQX1        1    -     -     0    3414    (-,-) 
#--------------------------------------------------------------------------------------------------



Path 70: MET (6454 ps) Setup Check with Pin core/pending_q_reg[34]/CK->D
          Group: clk
     Startpoint: (R) core/out_rank_q_reg[1]/CK
          Clock: (R) clk
       Endpoint: (R) core/pending_q_reg[34]/D
          Clock: (R) clk

                     Capture       Launch     
        Clock Edge:+   10000            0     
       Src Latency:+       0            0     
       Net Latency:+       0 (I)        0 (I) 
           Arrival:=   10000            0     
                                              
             Setup:-     132                  
     Required Time:=    9868                  
      Launch Clock:-       0                  
         Data Path:-    3414                  
             Slack:=    6454                  

#--------------------------------------------------------------------------------------------------
#       Timing Point        Flags   Arc   Edge   Cell     Fanout Load Trans Delay Arrival Instance 
#                                                                (fF)  (ps)  (ps)   (ps)  Location 
#--------------------------------------------------------------------------------------------------
  core/out_rank_q_reg[1]/CK -       -     R     (arrival)    265    -     0     0       0    (-,-) 
  core/out_rank_q_reg[1]/Q  -       CK->Q F     DFFHQX1        8  2.6    76   226     226    (-,-) 
  core/g43225/Y             -       A->Y  R     INVX1          3  1.2    45    65     291    (-,-) 
  core/g43130__9945/Y       -       A->Y  F     NOR2X1         4  1.1    54    61     352    (-,-) 
  core/g43094/Y             -       A->Y  R     INVX1          4  1.6    49    57     409    (-,-) 
  core/g42947__1881/Y       -       A->Y  F     NOR2X1         2  0.5    39    56     465    (-,-) 
  core/g42870__4733/Y       -       B0->Y R     AOI21X1        3  1.0    81    75     539    (-,-) 
  core/g42754__2398/Y       -       C0->Y F     OAI211X1       2  0.6   148   154     693    (-,-) 
  core/g2/Y                 -       D->Y  R     NOR4BBX1       3  1.0   177   172     865    (-,-) 
  core/g42682__6131/Y       -       C0->Y F     OAI211X1       1  0.3   128   188    1053    (-,-) 
  core/g42650__7098/Y       -       C->Y  R     NOR3X1         3  1.2   137   146    1199    (-,-) 
  core/g42588__9315/Y       -       D->Y  F     NAND4X1        2  0.8   215   205    1404    (-,-) 
  core/g42573__5526/Y       -       A1->Y R     AOI21X1        3  1.2    90   178    1582    (-,-) 
  core/g42572/Y             -       A->Y  F     INVX1          1  0.3    32    68    1649    (-,-) 
  core/g42569__6260/Y       -       C0->Y R     OAI211X1       4  1.4   120    48    1698    (-,-) 
  core/g42565/Y             -       A->Y  F     INVX1          4  1.1    58    97    1794    (-,-) 
  core/g42542__5122/Y       -       C->Y  R     NAND3BXL       2  0.6    49    61    1855    (-,-) 
  core/g42480__2883/Y       -       A->Y  F     NAND4XL        1  0.3   198   212    2067    (-,-) 
  core/g42455__8428/Y       -       D->Y  R     NOR4X1         1  0.2   107   153    2220    (-,-) 
  core/g42441__6161/Y       -       B->Y  F     NAND4XL        1  0.2   179   221    2442    (-,-) 
  core/g42430__5122/Y       -       D->Y  F     OR4X1          1  0.2    40   270    2712    (-,-) 
  core/g42425__6783/Y       -       D->Y  F     OR4X1          1  0.2    40   214    2926    (-,-) 
  core/g42422__4319/Y       -       D->Y  F     OR4X1          2  0.7    52   221    3147    (-,-) 
  core/g42416__6417/Y       -       A1->Y R     AOI21X1        2  0.8    74    83    3229    (-,-) 
  core/g42406__4733/Y       -       B->Y  F     NOR2X1         8  2.4    86    89    3318    (-,-) 
  core/g42368__2802/Y       -       A0->Y R     AOI21X1        1  0.3    54    96    3414    (-,-) 
  core/pending_q_reg[34]/D  -       -     R     DFFHQX1        1    -     -     0    3414    (-,-) 
#--------------------------------------------------------------------------------------------------



Path 71: MET (6454 ps) Setup Check with Pin core/pending_q_reg[2]/CK->D
          Group: clk
     Startpoint: (R) core/out_rank_q_reg[1]/CK
          Clock: (R) clk
       Endpoint: (R) core/pending_q_reg[2]/D
          Clock: (R) clk

                     Capture       Launch     
        Clock Edge:+   10000            0     
       Src Latency:+       0            0     
       Net Latency:+       0 (I)        0 (I) 
           Arrival:=   10000            0     
                                              
             Setup:-     132                  
     Required Time:=    9868                  
      Launch Clock:-       0                  
         Data Path:-    3414                  
             Slack:=    6454                  

#--------------------------------------------------------------------------------------------------
#       Timing Point        Flags   Arc   Edge   Cell     Fanout Load Trans Delay Arrival Instance 
#                                                                (fF)  (ps)  (ps)   (ps)  Location 
#--------------------------------------------------------------------------------------------------
  core/out_rank_q_reg[1]/CK -       -     R     (arrival)    265    -     0     0       0    (-,-) 
  core/out_rank_q_reg[1]/Q  -       CK->Q F     DFFHQX1        8  2.6    76   226     226    (-,-) 
  core/g43225/Y             -       A->Y  R     INVX1          3  1.2    45    65     291    (-,-) 
  core/g43130__9945/Y       -       A->Y  F     NOR2X1         4  1.1    54    61     352    (-,-) 
  core/g43094/Y             -       A->Y  R     INVX1          4  1.6    49    57     409    (-,-) 
  core/g42947__1881/Y       -       A->Y  F     NOR2X1         2  0.5    39    56     465    (-,-) 
  core/g42870__4733/Y       -       B0->Y R     AOI21X1        3  1.0    81    75     539    (-,-) 
  core/g42754__2398/Y       -       C0->Y F     OAI211X1       2  0.6   148   154     693    (-,-) 
  core/g2/Y                 -       D->Y  R     NOR4BBX1       3  1.0   177   172     865    (-,-) 
  core/g42682__6131/Y       -       C0->Y F     OAI211X1       1  0.3   128   188    1053    (-,-) 
  core/g42650__7098/Y       -       C->Y  R     NOR3X1         3  1.2   137   146    1199    (-,-) 
  core/g42588__9315/Y       -       D->Y  F     NAND4X1        2  0.8   215   205    1404    (-,-) 
  core/g42573__5526/Y       -       A1->Y R     AOI21X1        3  1.2    90   178    1582    (-,-) 
  core/g42572/Y             -       A->Y  F     INVX1          1  0.3    32    68    1649    (-,-) 
  core/g42569__6260/Y       -       C0->Y R     OAI211X1       4  1.4   120    48    1698    (-,-) 
  core/g42565/Y             -       A->Y  F     INVX1          4  1.1    58    97    1794    (-,-) 
  core/g42542__5122/Y       -       C->Y  R     NAND3BXL       2  0.6    49    61    1855    (-,-) 
  core/g42480__2883/Y       -       A->Y  F     NAND4XL        1  0.3   198   212    2067    (-,-) 
  core/g42455__8428/Y       -       D->Y  R     NOR4X1         1  0.2   107   153    2220    (-,-) 
  core/g42441__6161/Y       -       B->Y  F     NAND4XL        1  0.2   179   221    2442    (-,-) 
  core/g42430__5122/Y       -       D->Y  F     OR4X1          1  0.2    40   270    2712    (-,-) 
  core/g42425__6783/Y       -       D->Y  F     OR4X1          1  0.2    40   214    2926    (-,-) 
  core/g42422__4319/Y       -       D->Y  F     OR4X1          2  0.7    52   221    3147    (-,-) 
  core/g42416__6417/Y       -       A1->Y R     AOI21X1        2  0.8    74    83    3229    (-,-) 
  core/g42406__4733/Y       -       B->Y  F     NOR2X1         8  2.4    86    89    3318    (-,-) 
  core/g42345__6131/Y       -       A0->Y R     AOI21X1        1  0.3    54    96    3414    (-,-) 
  core/pending_q_reg[2]/D   -       -     R     DFFHQX1        1    -     -     0    3414    (-,-) 
#--------------------------------------------------------------------------------------------------



Path 72: MET (8508 ps) Late External Delay Assertion at pin out_valid
          Group: clk
     Startpoint: (R) core/reset_release_q_reg[1]/CK
          Clock: (R) clk
       Endpoint: (R) out_valid
          Clock: (R) clk

                     Capture       Launch     
        Clock Edge:+   10000            0     
       Src Latency:+       0            0     
       Net Latency:+       0 (I)        0 (I) 
           Arrival:=   10000            0     
                                              
      Output Delay:-    1000                  
     Required Time:=    9000                  
      Launch Clock:-       0                  
         Data Path:-     492                  
             Slack:=    8508                  

Exceptions/Constraints:
  output_delay             1000            ou_del_70_1   

#-------------------------------------------------------------------------------------------------------
#         Timing Point           Flags   Arc   Edge   Cell     Fanout Load Trans Delay Arrival Instance 
#                                                                     (fF)  (ps)  (ps)   (ps)  Location 
#-------------------------------------------------------------------------------------------------------
  core/reset_release_q_reg[1]/CK -       -     R     (arrival)    265    -     0     0       0    (-,-) 
  core/reset_release_q_reg[1]/Q  (P)     CK->Q R     DFFRX1         5  2.0    61   286     286    (-,-) 
  core/drc_bufs29331/Y           -       A->Y  F     INVX1         16  4.8   138   111     397    (-,-) 
  core/g29138__3680/Y            -       B->Y  R     NOR2BX1        1  0.0    40    95     492    (-,-) 
  out_valid                      -       -     R     (port)         -    -     -     0     492    (-,-) 
#-------------------------------------------------------------------------------------------------------

(P) : Instance is preserved



Path 73: MET (8508 ps) Late External Delay Assertion at pin src_ack_async[0]
          Group: clk
     Startpoint: (R) core/reset_release_q_reg[1]/CK
          Clock: (R) clk
       Endpoint: (R) src_ack_async[0]
          Clock: (R) clk

                     Capture       Launch     
        Clock Edge:+   10000            0     
       Src Latency:+       0            0     
       Net Latency:+       0 (I)        0 (I) 
           Arrival:=   10000            0     
                                              
      Output Delay:-    1000                  
     Required Time:=    9000                  
      Launch Clock:-       0                  
         Data Path:-     492                  
             Slack:=    8508                  

Exceptions/Constraints:
  output_delay             1000            ou_del_63_1   

#-------------------------------------------------------------------------------------------------------
#         Timing Point           Flags   Arc   Edge   Cell     Fanout Load Trans Delay Arrival Instance 
#                                                                     (fF)  (ps)  (ps)   (ps)  Location 
#-------------------------------------------------------------------------------------------------------
  core/reset_release_q_reg[1]/CK -       -     R     (arrival)    265    -     0     0       0    (-,-) 
  core/reset_release_q_reg[1]/Q  (P)     CK->Q R     DFFRX1         5  2.0    61   286     286    (-,-) 
  core/drc_bufs29329/Y           -       A->Y  F     INVX1         16  4.8   138   111     397    (-,-) 
  core/g29137__6783/Y            -       B->Y  R     NOR2BX1        1  0.0    40    95     492    (-,-) 
  src_ack_async[0]               -       -     R     (port)         -    -     -     0     492    (-,-) 
#-------------------------------------------------------------------------------------------------------

(P) : Instance is preserved



Path 74: MET (8508 ps) Late External Delay Assertion at pin src_ack_async[1]
          Group: clk
     Startpoint: (R) core/reset_release_q_reg[1]/CK
          Clock: (R) clk
       Endpoint: (R) src_ack_async[1]
          Clock: (R) clk

                     Capture       Launch     
        Clock Edge:+   10000            0     
       Src Latency:+       0            0     
       Net Latency:+       0 (I)        0 (I) 
           Arrival:=   10000            0     
                                              
      Output Delay:-    1000                  
     Required Time:=    9000                  
      Launch Clock:-       0                  
         Data Path:-     492                  
             Slack:=    8508                  

Exceptions/Constraints:
  output_delay             1000            ou_del_62_1   

#-------------------------------------------------------------------------------------------------------
#         Timing Point           Flags   Arc   Edge   Cell     Fanout Load Trans Delay Arrival Instance 
#                                                                     (fF)  (ps)  (ps)   (ps)  Location 
#-------------------------------------------------------------------------------------------------------
  core/reset_release_q_reg[1]/CK -       -     R     (arrival)    265    -     0     0       0    (-,-) 
  core/reset_release_q_reg[1]/Q  (P)     CK->Q R     DFFRX1         5  2.0    61   286     286    (-,-) 
  core/drc_bufs29329/Y           -       A->Y  F     INVX1         16  4.8   138   111     397    (-,-) 
  core/g29195__1617/Y            -       B->Y  R     NOR2BX1        1  0.0    40    95     492    (-,-) 
  src_ack_async[1]               -       -     R     (port)         -    -     -     0     492    (-,-) 
#-------------------------------------------------------------------------------------------------------

(P) : Instance is preserved



Path 75: MET (8508 ps) Late External Delay Assertion at pin src_ack_async[3]
          Group: clk
     Startpoint: (R) core/reset_release_q_reg[1]/CK
          Clock: (R) clk
       Endpoint: (R) src_ack_async[3]
          Clock: (R) clk

                     Capture       Launch     
        Clock Edge:+   10000            0     
       Src Latency:+       0            0     
       Net Latency:+       0 (I)        0 (I) 
           Arrival:=   10000            0     
                                              
      Output Delay:-    1000                  
     Required Time:=    9000                  
      Launch Clock:-       0                  
         Data Path:-     492                  
             Slack:=    8508                  

Exceptions/Constraints:
  output_delay             1000            ou_del_60_1   

#-------------------------------------------------------------------------------------------------------
#         Timing Point           Flags   Arc   Edge   Cell     Fanout Load Trans Delay Arrival Instance 
#                                                                     (fF)  (ps)  (ps)   (ps)  Location 
#-------------------------------------------------------------------------------------------------------
  core/reset_release_q_reg[1]/CK -       -     R     (arrival)    265    -     0     0       0    (-,-) 
  core/reset_release_q_reg[1]/Q  (P)     CK->Q R     DFFRX1         5  2.0    61   286     286    (-,-) 
  core/drc_bufs29329/Y           -       A->Y  F     INVX1         16  4.8   138   111     397    (-,-) 
  core/g29192__5526/Y            -       B->Y  R     NOR2BX1        1  0.0    40    95     492    (-,-) 
  src_ack_async[3]               -       -     R     (port)         -    -     -     0     492    (-,-) 
#-------------------------------------------------------------------------------------------------------

(P) : Instance is preserved



Path 76: MET (8508 ps) Late External Delay Assertion at pin src_ack_async[5]
          Group: clk
     Startpoint: (R) core/reset_release_q_reg[1]/CK
          Clock: (R) clk
       Endpoint: (R) src_ack_async[5]
          Clock: (R) clk

                     Capture       Launch     
        Clock Edge:+   10000            0     
       Src Latency:+       0            0     
       Net Latency:+       0 (I)        0 (I) 
           Arrival:=   10000            0     
                                              
      Output Delay:-    1000                  
     Required Time:=    9000                  
      Launch Clock:-       0                  
         Data Path:-     492                  
             Slack:=    8508                  

Exceptions/Constraints:
  output_delay             1000            ou_del_58_1   

#-------------------------------------------------------------------------------------------------------
#         Timing Point           Flags   Arc   Edge   Cell     Fanout Load Trans Delay Arrival Instance 
#                                                                     (fF)  (ps)  (ps)   (ps)  Location 
#-------------------------------------------------------------------------------------------------------
  core/reset_release_q_reg[1]/CK -       -     R     (arrival)    265    -     0     0       0    (-,-) 
  core/reset_release_q_reg[1]/Q  (P)     CK->Q R     DFFRX1         5  2.0    61   286     286    (-,-) 
  core/drc_bufs29329/Y           -       A->Y  F     INVX1         16  4.8   138   111     397    (-,-) 
  core/g29188__5107/Y            -       B->Y  R     NOR2BX1        1  0.0    40    95     492    (-,-) 
  src_ack_async[5]               -       -     R     (port)         -    -     -     0     492    (-,-) 
#-------------------------------------------------------------------------------------------------------

(P) : Instance is preserved



Path 77: MET (8508 ps) Late External Delay Assertion at pin src_ack_async[6]
          Group: clk
     Startpoint: (R) core/reset_release_q_reg[1]/CK
          Clock: (R) clk
       Endpoint: (R) src_ack_async[6]
          Clock: (R) clk

                     Capture       Launch     
        Clock Edge:+   10000            0     
       Src Latency:+       0            0     
       Net Latency:+       0 (I)        0 (I) 
           Arrival:=   10000            0     
                                              
      Output Delay:-    1000                  
     Required Time:=    9000                  
      Launch Clock:-       0                  
         Data Path:-     492                  
             Slack:=    8508                  

Exceptions/Constraints:
  output_delay             1000            ou_del_57_1   

#-------------------------------------------------------------------------------------------------------
#         Timing Point           Flags   Arc   Edge   Cell     Fanout Load Trans Delay Arrival Instance 
#                                                                     (fF)  (ps)  (ps)   (ps)  Location 
#-------------------------------------------------------------------------------------------------------
  core/reset_release_q_reg[1]/CK -       -     R     (arrival)    265    -     0     0       0    (-,-) 
  core/reset_release_q_reg[1]/Q  (P)     CK->Q R     DFFRX1         5  2.0    61   286     286    (-,-) 
  core/drc_bufs29331/Y           -       A->Y  F     INVX1         16  4.8   138   111     397    (-,-) 
  core/g29187__2398/Y            -       B->Y  R     NOR2BX1        1  0.0    40    95     492    (-,-) 
  src_ack_async[6]               -       -     R     (port)         -    -     -     0     492    (-,-) 
#-------------------------------------------------------------------------------------------------------

(P) : Instance is preserved



Path 78: MET (8508 ps) Late External Delay Assertion at pin src_ack_async[7]
          Group: clk
     Startpoint: (R) core/reset_release_q_reg[1]/CK
          Clock: (R) clk
       Endpoint: (R) src_ack_async[7]
          Clock: (R) clk

                     Capture       Launch     
        Clock Edge:+   10000            0     
       Src Latency:+       0            0     
       Net Latency:+       0 (I)        0 (I) 
           Arrival:=   10000            0     
                                              
      Output Delay:-    1000                  
     Required Time:=    9000                  
      Launch Clock:-       0                  
         Data Path:-     492                  
             Slack:=    8508                  

Exceptions/Constraints:
  output_delay             1000            ou_del_56_1   

#-------------------------------------------------------------------------------------------------------
#         Timing Point           Flags   Arc   Edge   Cell     Fanout Load Trans Delay Arrival Instance 
#                                                                     (fF)  (ps)  (ps)   (ps)  Location 
#-------------------------------------------------------------------------------------------------------
  core/reset_release_q_reg[1]/CK -       -     R     (arrival)    265    -     0     0       0    (-,-) 
  core/reset_release_q_reg[1]/Q  (P)     CK->Q R     DFFRX1         5  2.0    61   286     286    (-,-) 
  core/drc_bufs29331/Y           -       A->Y  F     INVX1         16  4.8   138   111     397    (-,-) 
  core/g29185__6417/Y            -       B->Y  R     NOR2BX1        1  0.0    40    95     492    (-,-) 
  src_ack_async[7]               -       -     R     (port)         -    -     -     0     492    (-,-) 
#-------------------------------------------------------------------------------------------------------

(P) : Instance is preserved



Path 79: MET (8508 ps) Late External Delay Assertion at pin src_ack_async[8]
          Group: clk
     Startpoint: (R) core/reset_release_q_reg[1]/CK
          Clock: (R) clk
       Endpoint: (R) src_ack_async[8]
          Clock: (R) clk

                     Capture       Launch     
        Clock Edge:+   10000            0     
       Src Latency:+       0            0     
       Net Latency:+       0 (I)        0 (I) 
           Arrival:=   10000            0     
                                              
      Output Delay:-    1000                  
     Required Time:=    9000                  
      Launch Clock:-       0                  
         Data Path:-     492                  
             Slack:=    8508                  

Exceptions/Constraints:
  output_delay             1000            ou_del_55_1   

#-------------------------------------------------------------------------------------------------------
#         Timing Point           Flags   Arc   Edge   Cell     Fanout Load Trans Delay Arrival Instance 
#                                                                     (fF)  (ps)  (ps)   (ps)  Location 
#-------------------------------------------------------------------------------------------------------
  core/reset_release_q_reg[1]/CK -       -     R     (arrival)    265    -     0     0       0    (-,-) 
  core/reset_release_q_reg[1]/Q  (P)     CK->Q R     DFFRX1         5  2.0    61   286     286    (-,-) 
  core/drc_bufs29331/Y           -       A->Y  F     INVX1         16  4.8   138   111     397    (-,-) 
  core/g29184__7410/Y            -       B->Y  R     NOR2BX1        1  0.0    40    95     492    (-,-) 
  src_ack_async[8]               -       -     R     (port)         -    -     -     0     492    (-,-) 
#-------------------------------------------------------------------------------------------------------

(P) : Instance is preserved



Path 80: MET (8508 ps) Late External Delay Assertion at pin src_ack_async[9]
          Group: clk
     Startpoint: (R) core/reset_release_q_reg[1]/CK
          Clock: (R) clk
       Endpoint: (R) src_ack_async[9]
          Clock: (R) clk

                     Capture       Launch     
        Clock Edge:+   10000            0     
       Src Latency:+       0            0     
       Net Latency:+       0 (I)        0 (I) 
           Arrival:=   10000            0     
                                              
      Output Delay:-    1000                  
     Required Time:=    9000                  
      Launch Clock:-       0                  
         Data Path:-     492                  
             Slack:=    8508                  

Exceptions/Constraints:
  output_delay             1000            ou_del_54_1   

#-------------------------------------------------------------------------------------------------------
#         Timing Point           Flags   Arc   Edge   Cell     Fanout Load Trans Delay Arrival Instance 
#                                                                     (fF)  (ps)  (ps)   (ps)  Location 
#-------------------------------------------------------------------------------------------------------
  core/reset_release_q_reg[1]/CK -       -     R     (arrival)    265    -     0     0       0    (-,-) 
  core/reset_release_q_reg[1]/Q  (P)     CK->Q R     DFFRX1         5  2.0    61   286     286    (-,-) 
  core/drc_bufs29330/Y           -       A->Y  F     INVX1         16  4.8   138   111     397    (-,-) 
  core/g29180__9945/Y            -       B->Y  R     NOR2BX1        1  0.0    40    95     492    (-,-) 
  src_ack_async[9]               -       -     R     (port)         -    -     -     0     492    (-,-) 
#-------------------------------------------------------------------------------------------------------

(P) : Instance is preserved



Path 81: MET (8508 ps) Late External Delay Assertion at pin src_ack_async[10]
          Group: clk
     Startpoint: (R) core/reset_release_q_reg[1]/CK
          Clock: (R) clk
       Endpoint: (R) src_ack_async[10]
          Clock: (R) clk

                     Capture       Launch     
        Clock Edge:+   10000            0     
       Src Latency:+       0            0     
       Net Latency:+       0 (I)        0 (I) 
           Arrival:=   10000            0     
                                              
      Output Delay:-    1000                  
     Required Time:=    9000                  
      Launch Clock:-       0                  
         Data Path:-     492                  
             Slack:=    8508                  

Exceptions/Constraints:
  output_delay             1000            ou_del_53_1   

#-------------------------------------------------------------------------------------------------------
#         Timing Point           Flags   Arc   Edge   Cell     Fanout Load Trans Delay Arrival Instance 
#                                                                     (fF)  (ps)  (ps)   (ps)  Location 
#-------------------------------------------------------------------------------------------------------
  core/reset_release_q_reg[1]/CK -       -     R     (arrival)    265    -     0     0       0    (-,-) 
  core/reset_release_q_reg[1]/Q  (P)     CK->Q R     DFFRX1         5  2.0    61   286     286    (-,-) 
  core/drc_bufs29331/Y           -       A->Y  F     INVX1         16  4.8   138   111     397    (-,-) 
  core/g29163__8428/Y            -       B->Y  R     NOR2BX1        1  0.0    40    95     492    (-,-) 
  src_ack_async[10]              -       -     R     (port)         -    -     -     0     492    (-,-) 
#-------------------------------------------------------------------------------------------------------

(P) : Instance is preserved



Path 82: MET (8508 ps) Late External Delay Assertion at pin src_ack_async[11]
          Group: clk
     Startpoint: (R) core/reset_release_q_reg[1]/CK
          Clock: (R) clk
       Endpoint: (R) src_ack_async[11]
          Clock: (R) clk

                     Capture       Launch     
        Clock Edge:+   10000            0     
       Src Latency:+       0            0     
       Net Latency:+       0 (I)        0 (I) 
           Arrival:=   10000            0     
                                              
      Output Delay:-    1000                  
     Required Time:=    9000                  
      Launch Clock:-       0                  
         Data Path:-     492                  
             Slack:=    8508                  

Exceptions/Constraints:
  output_delay             1000            ou_del_52_1   

#-------------------------------------------------------------------------------------------------------
#         Timing Point           Flags   Arc   Edge   Cell     Fanout Load Trans Delay Arrival Instance 
#                                                                     (fF)  (ps)  (ps)   (ps)  Location 
#-------------------------------------------------------------------------------------------------------
  core/reset_release_q_reg[1]/CK -       -     R     (arrival)    265    -     0     0       0    (-,-) 
  core/reset_release_q_reg[1]/Q  (P)     CK->Q R     DFFRX1         5  2.0    61   286     286    (-,-) 
  core/drc_bufs29330/Y           -       A->Y  F     INVX1         16  4.8   138   111     397    (-,-) 
  core/g29177__4733/Y            -       B->Y  R     NOR2BX1        1  0.0    40    95     492    (-,-) 
  src_ack_async[11]              -       -     R     (port)         -    -     -     0     492    (-,-) 
#-------------------------------------------------------------------------------------------------------

(P) : Instance is preserved



Path 83: MET (8508 ps) Late External Delay Assertion at pin src_ack_async[12]
          Group: clk
     Startpoint: (R) core/reset_release_q_reg[1]/CK
          Clock: (R) clk
       Endpoint: (R) src_ack_async[12]
          Clock: (R) clk

                     Capture       Launch     
        Clock Edge:+   10000            0     
       Src Latency:+       0            0     
       Net Latency:+       0 (I)        0 (I) 
           Arrival:=   10000            0     
                                              
      Output Delay:-    1000                  
     Required Time:=    9000                  
      Launch Clock:-       0                  
         Data Path:-     492                  
             Slack:=    8508                  

Exceptions/Constraints:
  output_delay             1000            ou_del_51_1   

#-------------------------------------------------------------------------------------------------------
#         Timing Point           Flags   Arc   Edge   Cell     Fanout Load Trans Delay Arrival Instance 
#                                                                     (fF)  (ps)  (ps)   (ps)  Location 
#-------------------------------------------------------------------------------------------------------
  core/reset_release_q_reg[1]/CK -       -     R     (arrival)    265    -     0     0       0    (-,-) 
  core/reset_release_q_reg[1]/Q  (P)     CK->Q R     DFFRX1         5  2.0    61   286     286    (-,-) 
  core/drc_bufs29331/Y           -       A->Y  F     INVX1         16  4.8   138   111     397    (-,-) 
  core/g29176__7482/Y            -       B->Y  R     NOR2BX1        1  0.0    40    95     492    (-,-) 
  src_ack_async[12]              -       -     R     (port)         -    -     -     0     492    (-,-) 
#-------------------------------------------------------------------------------------------------------

(P) : Instance is preserved



Path 84: MET (8508 ps) Late External Delay Assertion at pin src_ack_async[15]
          Group: clk
     Startpoint: (R) core/reset_release_q_reg[1]/CK
          Clock: (R) clk
       Endpoint: (R) src_ack_async[15]
          Clock: (R) clk

                     Capture       Launch     
        Clock Edge:+   10000            0     
       Src Latency:+       0            0     
       Net Latency:+       0 (I)        0 (I) 
           Arrival:=   10000            0     
                                              
      Output Delay:-    1000                  
     Required Time:=    9000                  
      Launch Clock:-       0                  
         Data Path:-     492                  
             Slack:=    8508                  

Exceptions/Constraints:
  output_delay             1000            ou_del_48_1   

#-------------------------------------------------------------------------------------------------------
#         Timing Point           Flags   Arc   Edge   Cell     Fanout Load Trans Delay Arrival Instance 
#                                                                     (fF)  (ps)  (ps)   (ps)  Location 
#-------------------------------------------------------------------------------------------------------
  core/reset_release_q_reg[1]/CK -       -     R     (arrival)    265    -     0     0       0    (-,-) 
  core/reset_release_q_reg[1]/Q  (P)     CK->Q R     DFFRX1         5  2.0    61   286     286    (-,-) 
  core/drc_bufs29330/Y           -       A->Y  F     INVX1         16  4.8   138   111     397    (-,-) 
  core/g29170__5122/Y            -       B->Y  R     NOR2BX1        1  0.0    40    95     492    (-,-) 
  src_ack_async[15]              -       -     R     (port)         -    -     -     0     492    (-,-) 
#-------------------------------------------------------------------------------------------------------

(P) : Instance is preserved



Path 85: MET (8508 ps) Late External Delay Assertion at pin src_ack_async[16]
          Group: clk
     Startpoint: (R) core/reset_release_q_reg[1]/CK
          Clock: (R) clk
       Endpoint: (R) src_ack_async[16]
          Clock: (R) clk

                     Capture       Launch     
        Clock Edge:+   10000            0     
       Src Latency:+       0            0     
       Net Latency:+       0 (I)        0 (I) 
           Arrival:=   10000            0     
                                              
      Output Delay:-    1000                  
     Required Time:=    9000                  
      Launch Clock:-       0                  
         Data Path:-     492                  
             Slack:=    8508                  

Exceptions/Constraints:
  output_delay             1000            ou_del_47_1   

#-------------------------------------------------------------------------------------------------------
#         Timing Point           Flags   Arc   Edge   Cell     Fanout Load Trans Delay Arrival Instance 
#                                                                     (fF)  (ps)  (ps)   (ps)  Location 
#-------------------------------------------------------------------------------------------------------
  core/reset_release_q_reg[1]/CK -       -     R     (arrival)    265    -     0     0       0    (-,-) 
  core/reset_release_q_reg[1]/Q  (P)     CK->Q R     DFFRX1         5  2.0    61   286     286    (-,-) 
  core/drc_bufs29330/Y           -       A->Y  F     INVX1         16  4.8   138   111     397    (-,-) 
  core/g29169__1705/Y            -       B->Y  R     NOR2BX1        1  0.0    40    95     492    (-,-) 
  src_ack_async[16]              -       -     R     (port)         -    -     -     0     492    (-,-) 
#-------------------------------------------------------------------------------------------------------

(P) : Instance is preserved



Path 86: MET (8508 ps) Late External Delay Assertion at pin src_ack_async[17]
          Group: clk
     Startpoint: (R) core/reset_release_q_reg[1]/CK
          Clock: (R) clk
       Endpoint: (R) src_ack_async[17]
          Clock: (R) clk

                     Capture       Launch     
        Clock Edge:+   10000            0     
       Src Latency:+       0            0     
       Net Latency:+       0 (I)        0 (I) 
           Arrival:=   10000            0     
                                              
      Output Delay:-    1000                  
     Required Time:=    9000                  
      Launch Clock:-       0                  
         Data Path:-     492                  
             Slack:=    8508                  

Exceptions/Constraints:
  output_delay             1000            ou_del_46_1   

#-------------------------------------------------------------------------------------------------------
#         Timing Point           Flags   Arc   Edge   Cell     Fanout Load Trans Delay Arrival Instance 
#                                                                     (fF)  (ps)  (ps)   (ps)  Location 
#-------------------------------------------------------------------------------------------------------
  core/reset_release_q_reg[1]/CK -       -     R     (arrival)    265    -     0     0       0    (-,-) 
  core/reset_release_q_reg[1]/Q  (P)     CK->Q R     DFFRX1         5  2.0    61   286     286    (-,-) 
  core/drc_bufs29329/Y           -       A->Y  F     INVX1         16  4.8   138   111     397    (-,-) 
  core/g29164__5526/Y            -       B->Y  R     NOR2BX1        1  0.0    40    95     492    (-,-) 
  src_ack_async[17]              -       -     R     (port)         -    -     -     0     492    (-,-) 
#-------------------------------------------------------------------------------------------------------

(P) : Instance is preserved



Path 87: MET (8508 ps) Late External Delay Assertion at pin src_ack_async[18]
          Group: clk
     Startpoint: (R) core/reset_release_q_reg[1]/CK
          Clock: (R) clk
       Endpoint: (R) src_ack_async[18]
          Clock: (R) clk

                     Capture       Launch     
        Clock Edge:+   10000            0     
       Src Latency:+       0            0     
       Net Latency:+       0 (I)        0 (I) 
           Arrival:=   10000            0     
                                              
      Output Delay:-    1000                  
     Required Time:=    9000                  
      Launch Clock:-       0                  
         Data Path:-     492                  
             Slack:=    8508                  

Exceptions/Constraints:
  output_delay             1000            ou_del_45_1   

#-------------------------------------------------------------------------------------------------------
#         Timing Point           Flags   Arc   Edge   Cell     Fanout Load Trans Delay Arrival Instance 
#                                                                     (fF)  (ps)  (ps)   (ps)  Location 
#-------------------------------------------------------------------------------------------------------
  core/reset_release_q_reg[1]/CK -       -     R     (arrival)    265    -     0     0       0    (-,-) 
  core/reset_release_q_reg[1]/Q  (P)     CK->Q R     DFFRX1         5  2.0    61   286     286    (-,-) 
  core/drc_bufs29330/Y           -       A->Y  F     INVX1         16  4.8   138   111     397    (-,-) 
  core/g29179__9315/Y            -       B->Y  R     NOR2BX1        1  0.0    40    95     492    (-,-) 
  src_ack_async[18]              -       -     R     (port)         -    -     -     0     492    (-,-) 
#-------------------------------------------------------------------------------------------------------

(P) : Instance is preserved



Path 88: MET (8508 ps) Late External Delay Assertion at pin src_ack_async[19]
          Group: clk
     Startpoint: (R) core/reset_release_q_reg[1]/CK
          Clock: (R) clk
       Endpoint: (R) src_ack_async[19]
          Clock: (R) clk

                     Capture       Launch     
        Clock Edge:+   10000            0     
       Src Latency:+       0            0     
       Net Latency:+       0 (I)        0 (I) 
           Arrival:=   10000            0     
                                              
      Output Delay:-    1000                  
     Required Time:=    9000                  
      Launch Clock:-       0                  
         Data Path:-     492                  
             Slack:=    8508                  

Exceptions/Constraints:
  output_delay             1000            ou_del_44_1   

#-------------------------------------------------------------------------------------------------------
#         Timing Point           Flags   Arc   Edge   Cell     Fanout Load Trans Delay Arrival Instance 
#                                                                     (fF)  (ps)  (ps)   (ps)  Location 
#-------------------------------------------------------------------------------------------------------
  core/reset_release_q_reg[1]/CK -       -     R     (arrival)    265    -     0     0       0    (-,-) 
  core/reset_release_q_reg[1]/Q  (P)     CK->Q R     DFFRX1         5  2.0    61   286     286    (-,-) 
  core/drc_bufs29330/Y           -       A->Y  F     INVX1         16  4.8   138   111     397    (-,-) 
  core/g29161__6260/Y            -       B->Y  R     NOR2BX1        1  0.0    40    95     492    (-,-) 
  src_ack_async[19]              -       -     R     (port)         -    -     -     0     492    (-,-) 
#-------------------------------------------------------------------------------------------------------

(P) : Instance is preserved



Path 89: MET (8508 ps) Late External Delay Assertion at pin src_ack_async[21]
          Group: clk
     Startpoint: (R) core/reset_release_q_reg[1]/CK
          Clock: (R) clk
       Endpoint: (R) src_ack_async[21]
          Clock: (R) clk

                     Capture       Launch     
        Clock Edge:+   10000            0     
       Src Latency:+       0            0     
       Net Latency:+       0 (I)        0 (I) 
           Arrival:=   10000            0     
                                              
      Output Delay:-    1000                  
     Required Time:=    9000                  
      Launch Clock:-       0                  
         Data Path:-     492                  
             Slack:=    8508                  

Exceptions/Constraints:
  output_delay             1000            ou_del_42_1   

#-------------------------------------------------------------------------------------------------------
#         Timing Point           Flags   Arc   Edge   Cell     Fanout Load Trans Delay Arrival Instance 
#                                                                     (fF)  (ps)  (ps)   (ps)  Location 
#-------------------------------------------------------------------------------------------------------
  core/reset_release_q_reg[1]/CK -       -     R     (arrival)    265    -     0     0       0    (-,-) 
  core/reset_release_q_reg[1]/Q  (P)     CK->Q R     DFFRX1         5  2.0    61   286     286    (-,-) 
  core/drc_bufs29331/Y           -       A->Y  F     INVX1         16  4.8   138   111     397    (-,-) 
  core/g29157__6417/Y            -       B->Y  R     NOR2BX1        1  0.0    40    95     492    (-,-) 
  src_ack_async[21]              -       -     R     (port)         -    -     -     0     492    (-,-) 
#-------------------------------------------------------------------------------------------------------

(P) : Instance is preserved



Path 90: MET (8508 ps) Late External Delay Assertion at pin src_ack_async[22]
          Group: clk
     Startpoint: (R) core/reset_release_q_reg[1]/CK
          Clock: (R) clk
       Endpoint: (R) src_ack_async[22]
          Clock: (R) clk

                     Capture       Launch     
        Clock Edge:+   10000            0     
       Src Latency:+       0            0     
       Net Latency:+       0 (I)        0 (I) 
           Arrival:=   10000            0     
                                              
      Output Delay:-    1000                  
     Required Time:=    9000                  
      Launch Clock:-       0                  
         Data Path:-     492                  
             Slack:=    8508                  

Exceptions/Constraints:
  output_delay             1000            ou_del_41_1   

#-------------------------------------------------------------------------------------------------------
#         Timing Point           Flags   Arc   Edge   Cell     Fanout Load Trans Delay Arrival Instance 
#                                                                     (fF)  (ps)  (ps)   (ps)  Location 
#-------------------------------------------------------------------------------------------------------
  core/reset_release_q_reg[1]/CK -       -     R     (arrival)    265    -     0     0       0    (-,-) 
  core/reset_release_q_reg[1]/Q  (P)     CK->Q R     DFFRX1         5  2.0    61   286     286    (-,-) 
  core/drc_bufs29329/Y           -       A->Y  F     INVX1         16  4.8   138   111     397    (-,-) 
  core/g29156__7410/Y            -       B->Y  R     NOR2BX1        1  0.0    40    95     492    (-,-) 
  src_ack_async[22]              -       -     R     (port)         -    -     -     0     492    (-,-) 
#-------------------------------------------------------------------------------------------------------

(P) : Instance is preserved



Path 91: MET (8508 ps) Late External Delay Assertion at pin src_ack_async[25]
          Group: clk
     Startpoint: (R) core/reset_release_q_reg[1]/CK
          Clock: (R) clk
       Endpoint: (R) src_ack_async[25]
          Clock: (R) clk

                     Capture       Launch     
        Clock Edge:+   10000            0     
       Src Latency:+       0            0     
       Net Latency:+       0 (I)        0 (I) 
           Arrival:=   10000            0     
                                              
      Output Delay:-    1000                  
     Required Time:=    9000                  
      Launch Clock:-       0                  
         Data Path:-     492                  
             Slack:=    8508                  

Exceptions/Constraints:
  output_delay             1000            ou_del_38_1   

#-------------------------------------------------------------------------------------------------------
#         Timing Point           Flags   Arc   Edge   Cell     Fanout Load Trans Delay Arrival Instance 
#                                                                     (fF)  (ps)  (ps)   (ps)  Location 
#-------------------------------------------------------------------------------------------------------
  core/reset_release_q_reg[1]/CK -       -     R     (arrival)    265    -     0     0       0    (-,-) 
  core/reset_release_q_reg[1]/Q  (P)     CK->Q R     DFFRX1         5  2.0    61   286     286    (-,-) 
  core/drc_bufs29331/Y           -       A->Y  F     INVX1         16  4.8   138   111     397    (-,-) 
  core/g29149__4733/Y            -       B->Y  R     NOR2BX1        1  0.0    40    95     492    (-,-) 
  src_ack_async[25]              -       -     R     (port)         -    -     -     0     492    (-,-) 
#-------------------------------------------------------------------------------------------------------

(P) : Instance is preserved



Path 92: MET (8508 ps) Late External Delay Assertion at pin src_ack_async[26]
          Group: clk
     Startpoint: (R) core/reset_release_q_reg[1]/CK
          Clock: (R) clk
       Endpoint: (R) src_ack_async[26]
          Clock: (R) clk

                     Capture       Launch     
        Clock Edge:+   10000            0     
       Src Latency:+       0            0     
       Net Latency:+       0 (I)        0 (I) 
           Arrival:=   10000            0     
                                              
      Output Delay:-    1000                  
     Required Time:=    9000                  
      Launch Clock:-       0                  
         Data Path:-     492                  
             Slack:=    8508                  

Exceptions/Constraints:
  output_delay             1000            ou_del_37_1   

#-------------------------------------------------------------------------------------------------------
#         Timing Point           Flags   Arc   Edge   Cell     Fanout Load Trans Delay Arrival Instance 
#                                                                     (fF)  (ps)  (ps)   (ps)  Location 
#-------------------------------------------------------------------------------------------------------
  core/reset_release_q_reg[1]/CK -       -     R     (arrival)    265    -     0     0       0    (-,-) 
  core/reset_release_q_reg[1]/Q  (P)     CK->Q R     DFFRX1         5  2.0    61   286     286    (-,-) 
  core/drc_bufs29329/Y           -       A->Y  F     INVX1         16  4.8   138   111     397    (-,-) 
  core/g29148__7482/Y            -       B->Y  R     NOR2BX1        1  0.0    40    95     492    (-,-) 
  src_ack_async[26]              -       -     R     (port)         -    -     -     0     492    (-,-) 
#-------------------------------------------------------------------------------------------------------

(P) : Instance is preserved



Path 93: MET (8508 ps) Late External Delay Assertion at pin src_ack_async[28]
          Group: clk
     Startpoint: (R) core/reset_release_q_reg[1]/CK
          Clock: (R) clk
       Endpoint: (R) src_ack_async[28]
          Clock: (R) clk

                     Capture       Launch     
        Clock Edge:+   10000            0     
       Src Latency:+       0            0     
       Net Latency:+       0 (I)        0 (I) 
           Arrival:=   10000            0     
                                              
      Output Delay:-    1000                  
     Required Time:=    9000                  
      Launch Clock:-       0                  
         Data Path:-     492                  
             Slack:=    8508                  

Exceptions/Constraints:
  output_delay             1000            ou_del_35_1   

#-------------------------------------------------------------------------------------------------------
#         Timing Point           Flags   Arc   Edge   Cell     Fanout Load Trans Delay Arrival Instance 
#                                                                     (fF)  (ps)  (ps)   (ps)  Location 
#-------------------------------------------------------------------------------------------------------
  core/reset_release_q_reg[1]/CK -       -     R     (arrival)    265    -     0     0       0    (-,-) 
  core/reset_release_q_reg[1]/Q  (P)     CK->Q R     DFFRX1         5  2.0    61   286     286    (-,-) 
  core/drc_bufs29331/Y           -       A->Y  F     INVX1         16  4.8   138   111     397    (-,-) 
  core/g29145__6131/Y            -       B->Y  R     NOR2BX1        1  0.0    40    95     492    (-,-) 
  src_ack_async[28]              -       -     R     (port)         -    -     -     0     492    (-,-) 
#-------------------------------------------------------------------------------------------------------

(P) : Instance is preserved



Path 94: MET (8508 ps) Late External Delay Assertion at pin src_ack_async[30]
          Group: clk
     Startpoint: (R) core/reset_release_q_reg[1]/CK
          Clock: (R) clk
       Endpoint: (R) src_ack_async[30]
          Clock: (R) clk

                     Capture       Launch     
        Clock Edge:+   10000            0     
       Src Latency:+       0            0     
       Net Latency:+       0 (I)        0 (I) 
           Arrival:=   10000            0     
                                              
      Output Delay:-    1000                  
     Required Time:=    9000                  
      Launch Clock:-       0                  
         Data Path:-     492                  
             Slack:=    8508                  

Exceptions/Constraints:
  output_delay             1000            ou_del_33_1   

#-------------------------------------------------------------------------------------------------------
#         Timing Point           Flags   Arc   Edge   Cell     Fanout Load Trans Delay Arrival Instance 
#                                                                     (fF)  (ps)  (ps)   (ps)  Location 
#-------------------------------------------------------------------------------------------------------
  core/reset_release_q_reg[1]/CK -       -     R     (arrival)    265    -     0     0       0    (-,-) 
  core/reset_release_q_reg[1]/Q  (P)     CK->Q R     DFFRX1         5  2.0    61   286     286    (-,-) 
  core/drc_bufs29330/Y           -       A->Y  F     INVX1         16  4.8   138   111     397    (-,-) 
  core/g29141__1705/Y            -       B->Y  R     NOR2BX1        1  0.0    40    95     492    (-,-) 
  src_ack_async[30]              -       -     R     (port)         -    -     -     0     492    (-,-) 
#-------------------------------------------------------------------------------------------------------

(P) : Instance is preserved



Path 95: MET (8508 ps) Late External Delay Assertion at pin src_ack_async[31]
          Group: clk
     Startpoint: (R) core/reset_release_q_reg[1]/CK
          Clock: (R) clk
       Endpoint: (R) src_ack_async[31]
          Clock: (R) clk

                     Capture       Launch     
        Clock Edge:+   10000            0     
       Src Latency:+       0            0     
       Net Latency:+       0 (I)        0 (I) 
           Arrival:=   10000            0     
                                              
      Output Delay:-    1000                  
     Required Time:=    9000                  
      Launch Clock:-       0                  
         Data Path:-     492                  
             Slack:=    8508                  

Exceptions/Constraints:
  output_delay             1000            ou_del_32_1   

#-------------------------------------------------------------------------------------------------------
#         Timing Point           Flags   Arc   Edge   Cell     Fanout Load Trans Delay Arrival Instance 
#                                                                     (fF)  (ps)  (ps)   (ps)  Location 
#-------------------------------------------------------------------------------------------------------
  core/reset_release_q_reg[1]/CK -       -     R     (arrival)    265    -     0     0       0    (-,-) 
  core/reset_release_q_reg[1]/Q  (P)     CK->Q R     DFFRX1         5  2.0    61   286     286    (-,-) 
  core/drc_bufs29329/Y           -       A->Y  F     INVX1         16  4.8   138   111     397    (-,-) 
  core/g29139__1617/Y            -       B->Y  R     NOR2BX1        1  0.0    40    95     492    (-,-) 
  src_ack_async[31]              -       -     R     (port)         -    -     -     0     492    (-,-) 
#-------------------------------------------------------------------------------------------------------

(P) : Instance is preserved



Path 96: MET (8508 ps) Late External Delay Assertion at pin src_ack_async[32]
          Group: clk
     Startpoint: (R) core/reset_release_q_reg[1]/CK
          Clock: (R) clk
       Endpoint: (R) src_ack_async[32]
          Clock: (R) clk

                     Capture       Launch     
        Clock Edge:+   10000            0     
       Src Latency:+       0            0     
       Net Latency:+       0 (I)        0 (I) 
           Arrival:=   10000            0     
                                              
      Output Delay:-    1000                  
     Required Time:=    9000                  
      Launch Clock:-       0                  
         Data Path:-     492                  
             Slack:=    8508                  

Exceptions/Constraints:
  output_delay             1000            ou_del_31_1   

#-------------------------------------------------------------------------------------------------------
#         Timing Point           Flags   Arc   Edge   Cell     Fanout Load Trans Delay Arrival Instance 
#                                                                     (fF)  (ps)  (ps)   (ps)  Location 
#-------------------------------------------------------------------------------------------------------
  core/reset_release_q_reg[1]/CK -       -     R     (arrival)    265    -     0     0       0    (-,-) 
  core/reset_release_q_reg[1]/Q  (P)     CK->Q R     DFFRX1         5  2.0    61   286     286    (-,-) 
  core/drc_bufs29329/Y           -       A->Y  F     INVX1         16  4.8   138   111     397    (-,-) 
  core/g29136__5526/Y            -       B->Y  R     NOR2BX1        1  0.0    40    95     492    (-,-) 
  src_ack_async[32]              -       -     R     (port)         -    -     -     0     492    (-,-) 
#-------------------------------------------------------------------------------------------------------

(P) : Instance is preserved



Path 97: MET (8508 ps) Late External Delay Assertion at pin src_ack_async[33]
          Group: clk
     Startpoint: (R) core/reset_release_q_reg[1]/CK
          Clock: (R) clk
       Endpoint: (R) src_ack_async[33]
          Clock: (R) clk

                     Capture       Launch     
        Clock Edge:+   10000            0     
       Src Latency:+       0            0     
       Net Latency:+       0 (I)        0 (I) 
           Arrival:=   10000            0     
                                              
      Output Delay:-    1000                  
     Required Time:=    9000                  
      Launch Clock:-       0                  
         Data Path:-     492                  
             Slack:=    8508                  

Exceptions/Constraints:
  output_delay             1000            ou_del_30_1   

#-------------------------------------------------------------------------------------------------------
#         Timing Point           Flags   Arc   Edge   Cell     Fanout Load Trans Delay Arrival Instance 
#                                                                     (fF)  (ps)  (ps)   (ps)  Location 
#-------------------------------------------------------------------------------------------------------
  core/reset_release_q_reg[1]/CK -       -     R     (arrival)    265    -     0     0       0    (-,-) 
  core/reset_release_q_reg[1]/Q  (P)     CK->Q R     DFFRX1         5  2.0    61   286     286    (-,-) 
  core/drc_bufs29331/Y           -       A->Y  F     INVX1         16  4.8   138   111     397    (-,-) 
  core/g29193__6783/Y            -       B->Y  R     NOR2BX1        1  0.0    40    95     492    (-,-) 
  src_ack_async[33]              -       -     R     (port)         -    -     -     0     492    (-,-) 
#-------------------------------------------------------------------------------------------------------

(P) : Instance is preserved



Path 98: MET (8508 ps) Late External Delay Assertion at pin src_ack_async[34]
          Group: clk
     Startpoint: (R) core/reset_release_q_reg[1]/CK
          Clock: (R) clk
       Endpoint: (R) src_ack_async[34]
          Clock: (R) clk

                     Capture       Launch     
        Clock Edge:+   10000            0     
       Src Latency:+       0            0     
       Net Latency:+       0 (I)        0 (I) 
           Arrival:=   10000            0     
                                              
      Output Delay:-    1000                  
     Required Time:=    9000                  
      Launch Clock:-       0                  
         Data Path:-     492                  
             Slack:=    8508                  

Exceptions/Constraints:
  output_delay             1000            ou_del_29_1   

#-------------------------------------------------------------------------------------------------------
#         Timing Point           Flags   Arc   Edge   Cell     Fanout Load Trans Delay Arrival Instance 
#                                                                     (fF)  (ps)  (ps)   (ps)  Location 
#-------------------------------------------------------------------------------------------------------
  core/reset_release_q_reg[1]/CK -       -     R     (arrival)    265    -     0     0       0    (-,-) 
  core/reset_release_q_reg[1]/Q  (P)     CK->Q R     DFFRX1         5  2.0    61   286     286    (-,-) 
  core/drc_bufs29331/Y           -       A->Y  F     INVX1         16  4.8   138   111     397    (-,-) 
  core/g29190__4319/Y            -       B->Y  R     NOR2BX1        1  0.0    40    95     492    (-,-) 
  src_ack_async[34]              -       -     R     (port)         -    -     -     0     492    (-,-) 
#-------------------------------------------------------------------------------------------------------

(P) : Instance is preserved



Path 99: MET (8508 ps) Late External Delay Assertion at pin src_ack_async[35]
          Group: clk
     Startpoint: (R) core/reset_release_q_reg[1]/CK
          Clock: (R) clk
       Endpoint: (R) src_ack_async[35]
          Clock: (R) clk

                     Capture       Launch     
        Clock Edge:+   10000            0     
       Src Latency:+       0            0     
       Net Latency:+       0 (I)        0 (I) 
           Arrival:=   10000            0     
                                              
      Output Delay:-    1000                  
     Required Time:=    9000                  
      Launch Clock:-       0                  
         Data Path:-     492                  
             Slack:=    8508                  

Exceptions/Constraints:
  output_delay             1000            ou_del_28_1   

#-------------------------------------------------------------------------------------------------------
#         Timing Point           Flags   Arc   Edge   Cell     Fanout Load Trans Delay Arrival Instance 
#                                                                     (fF)  (ps)  (ps)   (ps)  Location 
#-------------------------------------------------------------------------------------------------------
  core/reset_release_q_reg[1]/CK -       -     R     (arrival)    265    -     0     0       0    (-,-) 
  core/reset_release_q_reg[1]/Q  (P)     CK->Q R     DFFRX1         5  2.0    61   286     286    (-,-) 
  core/drc_bufs29330/Y           -       A->Y  F     INVX1         16  4.8   138   111     397    (-,-) 
  core/g29186__5477/Y            -       B->Y  R     NOR2BX1        1  0.0    40    95     492    (-,-) 
  src_ack_async[35]              -       -     R     (port)         -    -     -     0     492    (-,-) 
#-------------------------------------------------------------------------------------------------------

(P) : Instance is preserved



Path 100: MET (8508 ps) Late External Delay Assertion at pin src_ack_async[36]
          Group: clk
     Startpoint: (R) core/reset_release_q_reg[1]/CK
          Clock: (R) clk
       Endpoint: (R) src_ack_async[36]
          Clock: (R) clk

                     Capture       Launch     
        Clock Edge:+   10000            0     
       Src Latency:+       0            0     
       Net Latency:+       0 (I)        0 (I) 
           Arrival:=   10000            0     
                                              
      Output Delay:-    1000                  
     Required Time:=    9000                  
      Launch Clock:-       0                  
         Data Path:-     492                  
             Slack:=    8508                  

Exceptions/Constraints:
  output_delay             1000            ou_del_27_1   

#-------------------------------------------------------------------------------------------------------
#         Timing Point           Flags   Arc   Edge   Cell     Fanout Load Trans Delay Arrival Instance 
#                                                                     (fF)  (ps)  (ps)   (ps)  Location 
#-------------------------------------------------------------------------------------------------------
  core/reset_release_q_reg[1]/CK -       -     R     (arrival)    265    -     0     0       0    (-,-) 
  core/reset_release_q_reg[1]/Q  (P)     CK->Q R     DFFRX1         5  2.0    61   286     286    (-,-) 
  core/drc_bufs29329/Y           -       A->Y  F     INVX1         16  4.8   138   111     397    (-,-) 
  core/g29183__1666/Y            -       B->Y  R     NOR2BX1        1  0.0    40    95     492    (-,-) 
  src_ack_async[36]              -       -     R     (port)         -    -     -     0     492    (-,-) 
#-------------------------------------------------------------------------------------------------------

(P) : Instance is preserved

