TMPDIR is being set to /tmp/genus_temp_152347_ec572a2d-2542-4713-8b19-5e69ffdb5b21_<REMOTE_HOST>_<REMOTE_USER>_0DczSG
Cadence Genus(TM) Synthesis Solution.
Copyright 2025 Cadence Design Systems, Inc. All rights reserved worldwide.
Cadence and the Cadence logo are registered trademarks and Genus is a trademark
of Cadence Design Systems, Inc. in the United States and other countries.

[14:53:21.377217] Configured Lic search path (23.02-s006): 5280@<LICENSE_HOST>

Version: 23.14-s090_1, built Wed Feb 26 17:49:50 PST 2025
Options: -batch -files <REMOTE_WORKSPACE>/scripts/aer45_genus_sweep.tcl 
Date:    Wed Aug 26 14:53:21 2026
Host:    <REMOTE_HOST> (x86_64 w/Linux 3.10.0-1160.81.1.el7.x86_64) (16cores*64cpus*2physical cpus*Intel(R) Xeon(R) Gold 6246R CPU @ 3.40GHz 36608KB) (1055184748KB)
PID:     152347
OS:      CentOS Linux 7 (Core)

Checking out license: Genus_Synthesis
[14:53:21.124114] Periodic Lic check successful
[14:53:21.648419] Feature usage summary:
[14:53:21.648419] Genus_Synthesis



***********************************************************************************************************
***********************************************************************************************************



Finished executable startup (0 seconds elapsed).

Loading tool scripts...
Finished loading tool scripts (15 seconds elapsed).

#@ Processing -files option
@genus:root: 1> source <REMOTE_WORKSPACE>/scripts/aer45_genus_sweep.tcl
#@ Begin verbose source <REMOTE_WORKSPACE>/scripts/aer45_genus_sweep.tcl
@file(aer45_genus_sweep.tcl) 1: foreach required_env {AER45_RTL AER45_TOP AER45_TAG AER45_OUT AER45_SYNC_FF} {
    if {![info exists ::env($required_env)]} {error "$required_env is required"}
}
@file(aer45_genus_sweep.tcl) 4: set pdk_root "$::env(HOME)/aer_2026/pdk45_digital"
@file(aer45_genus_sweep.tcl) 5: set slow_lib "$pdk_root/gsclib045/timing/slow_vdd1v0_basicCells.lib"
@file(aer45_genus_sweep.tcl) 6: set rtl_file $::env(AER45_RTL)
@file(aer45_genus_sweep.tcl) 7: set top $::env(AER45_TOP)
@file(aer45_genus_sweep.tcl) 8: set tag $::env(AER45_TAG)
@file(aer45_genus_sweep.tcl) 9: set out_dir $::env(AER45_OUT)
@file(aer45_genus_sweep.tcl) 10: set expected_sync $::env(AER45_SYNC_FF)
@file(aer45_genus_sweep.tcl) 11: foreach required_file [list $slow_lib $rtl_file] {
    if {![file exists $required_file]} {error "AER45 input missing: $required_file"}
}
@file(aer45_genus_sweep.tcl) 14: file mkdir $out_dir
@file(aer45_genus_sweep.tcl) 15: set_db init_hdl_search_path [list [file dirname $rtl_file]]
  Setting attribute of root '/': 'init_hdl_search_path' = <REMOTE_WORKSPACE>/rtl
@file(aer45_genus_sweep.tcl) 16: read_libs $slow_lib

  Message Summary for Library slow_vdd1v0_basicCells.lib:
  *******************************************************
  Missing a function attribute in the output pin definition. [LBR-518]: 1
  *******************************************************
 
Info    : Created nominal operating condition. [LBR-412]
        : Operating condition '_nominal_' was created for the PVT values (1.000000, 0.900000, 125.000000) in library 'slow_vdd1v0_basicCells.lib'.
        : The nominal operating condition is represented, either by the nominal PVT values specified in the library source (via nom_process,nom_voltage and nom_temperature respectively), or by the default PVT values (1.0,1.0,1.0).
Warning : Library cell has no output pins defined. [LBR-9]
        : Library cell 'ANTENNA' must have an output pin.
        : Add the missing output pin(s), then reload the library. Else the library cell will be marked as timing model i.e. unusable. Timing_model means that the cell does not have any defined function. If there is no output pin, Genus will mark library cell as unusable i.e. the attribute 'usable' will be marked to 'false' on the libcell. Therefore, the cell is not used for mapping and it will not be picked up from the library for synthesis. If you query the attribute 'unusable_reason' on the libcell; result will be: 'Library cell has no output pins.'Note: The message LBR-9 is only for the logical pins and not for the power_ground pins. Genus will depend upon the output function defined in the pin group (output pin) of the cell, to use it for mapping. The pg_pin will not have any function defined.
Warning : Library cell has no output pins defined. [LBR-9]
        : Library cell 'ANTENNA' must have an output pin.
Warning : Library cell has no output pins defined. [LBR-9]
        : Library cell 'DECAP10' must have an output pin.
Warning : Library cell has no output pins defined. [LBR-9]
        : Library cell 'DECAP10' must have an output pin.
Warning : Library cell has no output pins defined. [LBR-9]
        : Library cell 'DECAP2' must have an output pin.
Warning : Library cell has no output pins defined. [LBR-9]
        : Library cell 'DECAP2' must have an output pin.
Warning : Library cell has no output pins defined. [LBR-9]
        : Library cell 'DECAP3' must have an output pin.
Warning : Library cell has no output pins defined. [LBR-9]
        : Library cell 'DECAP3' must have an output pin.
Warning : Library cell has no output pins defined. [LBR-9]
        : Library cell 'DECAP4' must have an output pin.
Warning : Library cell has no output pins defined. [LBR-9]
        : Library cell 'DECAP4' must have an output pin.
Warning : Library cell has no output pins defined. [LBR-9]
        : Library cell 'DECAP5' must have an output pin.
Warning : Library cell has no output pins defined. [LBR-9]
        : Library cell 'DECAP5' must have an output pin.
Warning : Library cell has no output pins defined. [LBR-9]
        : Library cell 'DECAP6' must have an output pin.
Warning : Library cell has no output pins defined. [LBR-9]
        : Library cell 'DECAP6' must have an output pin.
Warning : Library cell has no output pins defined. [LBR-9]
        : Library cell 'DECAP7' must have an output pin.
Warning : Library cell has no output pins defined. [LBR-9]
        : Library cell 'DECAP7' must have an output pin.
Warning : Library cell has no output pins defined. [LBR-9]
        : Library cell 'DECAP8' must have an output pin.
Warning : Library cell has no output pins defined. [LBR-9]
        : Library cell 'DECAP8' must have an output pin.
Warning : Library cell has no output pins defined. [LBR-9]
        : Library cell 'DECAP9' must have an output pin.
Warning : Library cell has no output pins defined. [LBR-9]
        : Library cell 'DECAP9' must have an output pin.
@file(aer45_genus_sweep.tcl) 17: read_hdl -sv $rtl_file
    (* ASYNC_REG = "TRUE" *) logic [1:0] reset_release_q;
       |
Warning : Unused attribute. [VLOGPT-506]
        : Attribute 'ASYNC_REG' in file '<REMOTE_WORKSPACE>/rtl/aer64_pending_rr_candidates.sv' on line 186, column 8.
    (* ASYNC_REG = "TRUE" *) logic [63:0] req_meta_q,req_sync_q;
       |
Warning : Unused attribute. [VLOGPT-506]
        : Attribute 'ASYNC_REG' in file '<REMOTE_WORKSPACE>/rtl/aer64_pending_rr_candidates.sv' on line 187, column 8.
@file(aer45_genus_sweep.tcl) 18: elaborate $top
  Library has 324 usable logic and 128 usable sequential lib-cells.
Info    : Elaborating Design. [ELAB-1]
        : Elaborating top-level block 'aer64_pending_iprra_rr' from file '<REMOTE_WORKSPACE>/rtl/aer64_pending_rr_candidates.sv'.
Info    : Done Elaborating Design. [ELAB-3]
        : Done elaborating 'aer64_pending_iprra_rr'.
Checking for source RTL...
Check completed for source RTL.
Running Unified Mux Engine Tricks...
Completed Unified Mux Engine Tricks

Stage: post_elab
-------------------------------------------------------
| Trick             | Accepts | Rejects | Runtime (s) | 
-------------------------------------------------------
| ume_constant_bmux |       0 |       0 |        0.00 | 
| ume_merge         |       0 |       0 |        0.00 | 
| ume_ssm           |       0 |       0 |        0.00 | 
| ume_cse           |       0 |       0 |        0.00 | 
| ume_shrink        |       0 |       0 |        0.00 | 
| ume_sweep         |       0 |       0 |        0.00 | 
-------------------------------------------------------
Starting optimize datapath shifters [v1.0] (stage: post_elab, startdef: aer64_pending_iprra_rr, recur: true)
Completed optimize datapath shifters (accepts: 0, rejects: 0, runtime: 0.000s)
Starting clip mux common data inputs [v1.0] (stage: post_elab, startdef: aer64_pending_iprra_rr, recur: true)
Completed clip mux common data inputs (accepts: 0, rejects: 0, runtime: 0.000s)
Starting clip the non-user hierarchies [v2.0] (stage: post_elab, startdef: aer64_pending_iprra_rr, recur: true)
Completed clip the non-user hierarchies (accepts: 0, rejects: 0, runtime: 0.000s)
Starting basic netlist cleanup [v1.0] (stage: post_elab, startdef: aer64_pending_iprra_rr, recur: true)
Completed basic netlist cleanup (accepts: 0, rejects: 0, runtime: 0.000s)

Stage: post_elab
--------------------------------------------------------------------
| Transform                      | Accepts | Rejects | Runtime (s) | 
--------------------------------------------------------------------
| hlo_optimize_datapath_shifters |       0 |       0 |        0.00 | 
| hlo_clip_mux_input             |       0 |       0 |        0.00 | 
| hlo_clip                       |       0 |       0 |        0.00 | 
| hlo_cleanup                    |       0 |       0 |        0.00 | 
--------------------------------------------------------------------
UM:   flow.cputime  flow.realtime  timing.setup.tns  timing.setup.wns  snapshot
UM:*                                                                   elaborate
@file(aer45_genus_sweep.tcl) 19: check_design -unresolved


 	 Check Design Report (c)
	 ------------------- 

  Unresolved References & Empty Modules
  ------------------------------------- 
No unresolved references in design 'aer64_pending_iprra_rr'

No empty modules in design 'aer64_pending_iprra_rr'

  Done Checking the design.
@file(aer45_genus_sweep.tcl) 20: set scan_cells [get_db lib_cells *SDFF*]
@file(aer45_genus_sweep.tcl) 21: if {[llength $scan_cells]>0} {set_db $scan_cells .avoid true}
  Setting attribute of lib_cell 'SDFFHQX1': 'avoid' = true
  Setting attribute of lib_cell 'SDFFHQX2': 'avoid' = true
  Setting attribute of lib_cell 'SDFFHQX4': 'avoid' = true
  Setting attribute of lib_cell 'SDFFHQX8': 'avoid' = true
  Setting attribute of lib_cell 'SDFFNSRX1': 'avoid' = true
  Setting attribute of lib_cell 'SDFFNSRX2': 'avoid' = true
  Setting attribute of lib_cell 'SDFFNSRX4': 'avoid' = true
  Setting attribute of lib_cell 'SDFFNSRXL': 'avoid' = true
  Setting attribute of lib_cell 'SDFFQX1': 'avoid' = true
  Setting attribute of lib_cell 'SDFFQX2': 'avoid' = true
  Setting attribute of lib_cell 'SDFFQX4': 'avoid' = true
  Setting attribute of lib_cell 'SDFFQXL': 'avoid' = true
  Setting attribute of lib_cell 'SDFFRHQX1': 'avoid' = true
  Setting attribute of lib_cell 'SDFFRHQX2': 'avoid' = true
  Setting attribute of lib_cell 'SDFFRHQX4': 'avoid' = true
  Setting attribute of lib_cell 'SDFFRHQX8': 'avoid' = true
  Setting attribute of lib_cell 'SDFFRX1': 'avoid' = true
  Setting attribute of lib_cell 'SDFFRX2': 'avoid' = true
  Setting attribute of lib_cell 'SDFFRX4': 'avoid' = true
  Setting attribute of lib_cell 'SDFFRXL': 'avoid' = true
  Setting attribute of lib_cell 'SDFFSHQX1': 'avoid' = true
  Setting attribute of lib_cell 'SDFFSHQX2': 'avoid' = true
  Setting attribute of lib_cell 'SDFFSHQX4': 'avoid' = true
  Setting attribute of lib_cell 'SDFFSHQX8': 'avoid' = true
  Setting attribute of lib_cell 'SDFFSRHQX1': 'avoid' = true
  Setting attribute of lib_cell 'SDFFSRHQX2': 'avoid' = true
  Setting attribute of lib_cell 'SDFFSRHQX4': 'avoid' = true
  Setting attribute of lib_cell 'SDFFSRHQX8': 'avoid' = true
  Setting attribute of lib_cell 'SDFFSRX1': 'avoid' = true
  Setting attribute of lib_cell 'SDFFSRX2': 'avoid' = true
  Setting attribute of lib_cell 'SDFFSRX4': 'avoid' = true
  Setting attribute of lib_cell 'SDFFSRXL': 'avoid' = true
  Setting attribute of lib_cell 'SDFFSX1': 'avoid' = true
  Setting attribute of lib_cell 'SDFFSX2': 'avoid' = true
  Setting attribute of lib_cell 'SDFFSX4': 'avoid' = true
  Setting attribute of lib_cell 'SDFFSXL': 'avoid' = true
  Setting attribute of lib_cell 'SDFFTRX1': 'avoid' = true
  Setting attribute of lib_cell 'SDFFTRX2': 'avoid' = true
  Setting attribute of lib_cell 'SDFFTRX4': 'avoid' = true
  Setting attribute of lib_cell 'SDFFTRXL': 'avoid' = true
  Setting attribute of lib_cell 'SDFFX1': 'avoid' = true
  Setting attribute of lib_cell 'SDFFX2': 'avoid' = true
  Setting attribute of lib_cell 'SDFFX4': 'avoid' = true
  Setting attribute of lib_cell 'SDFFXL': 'avoid' = true
@file(aer45_genus_sweep.tcl) 22: create_clock -name clk -period 10.000 [get_ports clk]
  Library has 324 usable logic and 84 usable sequential lib-cells.
@file(aer45_genus_sweep.tcl) 23: set_false_path -from [get_ports src_req_async*]
@file(aer45_genus_sweep.tcl) 24: set_input_delay 1.000 -clock clk [get_ports out_ready]
@file(aer45_genus_sweep.tcl) 25: set_output_delay 1.000 -clock clk [get_ports {src_ack_async* out_addr* out_valid}]
@file(aer45_genus_sweep.tcl) 26: set_max_transition 0.500 [current_design]
@file(aer45_genus_sweep.tcl) 27: set_max_fanout 16 [current_design]
@file(aer45_genus_sweep.tcl) 28: syn_generic
stamp 'PBS_Generic-Start' being created for table 'pbs_debug'

  Total Time (Wall) |  Stage Time (Wall)  |   % (Wall)   |    Date - Time     |  Memory   | Stage
--------------------+---------------------+--------------+--------------------+-----------+----------------------
 00:00:19(00:00:17) |  00:00:00(00:00:00) |   0.0(  0.0) |   14:53:39 (Aug26) |  402.7 MB | PBS_Generic-Start
--------------------+---------------------+--------------+--------------------+-----------+----------------------
Number of threads: 8 * 1   (id: pbs_debug, time_info v1.57)
Info: (*N*) indicates data that was populated from previously saved time_info database
Info: CPU time includes time of parent + longest thread

Stage: pre_early_cg
-----------------------------------------------
| Transform | Accepts | Rejects | Runtime (s) | 
-----------------------------------------------
-----------------------------------------------
Mapping ChipWare ICG instances in aer64_pending_iprra_rr
Found 0 unmapped ChipWare ICG instances
Mapped 0 of 0 ChipWare ICG instances
##Generic Timing Info: typical gate delay  133.2 ps   std_slew:   15.8 ps   std_load:  0.6 fF  for library domain _default_
Starting mux data reorder optimization [v1.0] (stage: pre_to_gen_setup, startdef: aer64_pending_iprra_rr, recur: true)
Completed mux data reorder optimization (accepts: 0, rejects: 0, runtime: 0.000s)

Stage: pre_to_gen_setup
-----------------------------------------------------
| Transform       | Accepts | Rejects | Runtime (s) | 
-----------------------------------------------------
| hlo_mux_reorder |       0 |       0 |        0.00 | 
-----------------------------------------------------
Running DP early constant propagation (netlist aer64_pending_iprra_rr)...
Running DP early redundancy removal
Completed DP early redundancy removal on aer64_pending_iprra_rr (runtime = 0.1s)
Multi-threaded constant propagation [4|0] ...
...done running DP early constant propagation (0 seconds CPU time, 1 seconds wall time, netlist aer64_pending_iprra_rr).
Info    : Synthesizing. [SYNTH-1]
        : Synthesizing 'aer64_pending_iprra_rr' to generic gates using 'medium' effort.
Running Synthesis Turbo Flow Version 3.
Info    : Partition Based Synthesis execution skipped. [PHYS-752]
        : Design size is less than the partition size '100000' for distributed generic optimization to kick in.
Starting mux data reorder optimization [v1.0] (stage: pre_to_gen_setup, startdef: aer64_pending_iprra_rr, recur: true)
Completed mux data reorder optimization (accepts: 0, rejects: 0, runtime: 0.002s)

Stage: pre_to_gen_setup
-----------------------------------------------------
| Transform       | Accepts | Rejects | Runtime (s) | 
-----------------------------------------------------
| hlo_mux_reorder |       0 |       0 |        0.00 | 
-----------------------------------------------------
Starting mux data reorder optimization [v1.0] (stage: post_to_gen_setup, startdef: aer64_pending_iprra_rr, recur: true)
Completed mux data reorder optimization (accepts: 0, rejects: 0, runtime: 0.000s)

Stage: post_to_gen_setup
-----------------------------------------------------
| Transform       | Accepts | Rejects | Runtime (s) | 
-----------------------------------------------------
| hlo_mux_reorder |       0 |       0 |        0.00 | 
-----------------------------------------------------
Running Unified Mux Engine Tricks...
Completed Unified Mux Engine Tricks

Stage: pre_hlo_rtlopt
-----------------------------------------------
| Trick     | Accepts | Rejects | Runtime (s) | 
-----------------------------------------------
| ume_ssm   |       0 |       0 |        0.00 | 
| ume_sweep |       0 |       0 |        0.00 | 
| ume_share |       0 |       0 |        0.00 | 
-----------------------------------------------
Begin SDR optimization CTX_region 
  Setting attribute of root '/': 'hier_sandbox_support_folded' = 1
#Special hiers formed inside aer64_iprra_ring_selector = 0
#Special hiers formed inside aer64_pending_iprra_rr = 0
#Special hiers formed inside aer64_pending_rr_core_SELECTOR_STYLE1 = 0
No special hier is found 
  Setting attribute of root '/': 'hier_sandbox_support_folded' = 0
End SDR optimization CTX_region 
Begin SDR optimization UME_region 
  Setting attribute of root '/': 'hier_sandbox_support_folded' = 1
#Special hiers formed inside aer64_iprra_ring_selector = 0
#Special hiers formed inside aer64_pending_iprra_rr = 0
#Special hiers formed inside aer64_pending_rr_core_SELECTOR_STYLE1 = 0
No special hier is found 
  Setting attribute of root '/': 'hier_sandbox_support_folded' = 0
End SDR optimization UME_region 
Starting timing based select reordering [v1.0] (stage: pre_rtlopt, startdef: aer64_pending_iprra_rr, recur: true)
Completed timing based select reordering (accepts: 0, rejects: 0, runtime: 0.107s)
Starting recase case-box optimization [v1.0] (stage: pre_rtlopt, startdef: aer64_pending_iprra_rr, recur: true)
Completed recase case-box optimization (accepts: 0, rejects: 0, runtime: 0.009s)
Starting infer macro optimization [v1.0] (stage: pre_rtlopt, startdef: aer64_pending_iprra_rr, recur: true)
Completed infer macro optimization (accepts: 0, rejects: 66, runtime: 0.004s)
Starting decode mux sandwich optimization [v2.0] (stage: pre_rtlopt, startdef: aer64_pending_iprra_rr, recur: true)
Completed decode mux sandwich optimization (accepts: 0, rejects: 0, runtime: 0.000s)
Starting decode mux optimization [v1.0] (stage: pre_rtlopt, startdef: aer64_pending_iprra_rr, recur: true)
Completed decode mux optimization (accepts: 0, rejects: 0, runtime: 0.000s)
Starting chop wide muxes [v1.0] (stage: pre_rtlopt, startdef: aer64_pending_iprra_rr, recur: true)
Completed chop wide muxes (accepts: 0, rejects: 0, runtime: 0.000s)
Starting common data mux cascade opt [v1.0] (stage: pre_rtlopt, startdef: aer64_pending_iprra_rr, recur: true)
Completed common data mux cascade opt (accepts: 0, rejects: 0, runtime: 0.001s)
Starting mux input consolidation [v1.0] (stage: pre_rtlopt, startdef: aer64_pending_iprra_rr, recur: true)
Completed mux input consolidation (accepts: 0, rejects: 0, runtime: 0.000s)
Starting constant-data mux optimization [v1.0] (stage: pre_rtlopt, startdef: aer64_pending_iprra_rr, recur: true)
Completed constant-data mux optimization (accepts: 0, rejects: 0, runtime: 0.000s)
Starting chain-to-tree inequality transform [v2.0] (stage: pre_rtlopt, startdef: aer64_pending_iprra_rr, recur: true)
Completed chain-to-tree inequality transform (accepts: 0, rejects: 0, runtime: 0.012s)
Starting reconvergence optimization [v1.0] (stage: pre_rtlopt, startdef: aer64_pending_iprra_rr, recur: true)
Completed reconvergence optimization (accepts: 0, rejects: 0, runtime: 0.000s)
Starting logic restructure optimization [v1.0] (stage: pre_rtlopt, startdef: aer64_pending_iprra_rr, recur: true)
Completed logic restructure optimization (accepts: 0, rejects: 0, runtime: 0.003s)
Starting identity transform [v3.0] (stage: pre_rtlopt, startdef: aer64_pending_iprra_rr, recur: true)
Completed identity transform (accepts: 0, rejects: 0, runtime: 0.003s)
Starting reduce operator chain [v1.0] (stage: pre_rtlopt, startdef: aer64_pending_iprra_rr, recur: true)
Completed reduce operator chain (accepts: 0, rejects: 0, runtime: 0.000s)
Starting common data mux cascade opt [v1.0] (stage: pre_rtlopt, startdef: aer64_pending_iprra_rr, recur: true)
Completed common data mux cascade opt (accepts: 0, rejects: 0, runtime: 0.000s)
Starting mux input consolidation [v1.0] (stage: pre_rtlopt, startdef: aer64_pending_iprra_rr, recur: true)
Completed mux input consolidation (accepts: 0, rejects: 0, runtime: 0.001s)
Starting optimize datapath elements [v1.0] (stage: pre_rtlopt, startdef: aer64_pending_iprra_rr, recur: true)
Completed optimize datapath elements (accepts: 0, rejects: 0, runtime: 0.000s)
Starting datapath recasting [v1.0] (stage: pre_rtlopt, startdef: aer64_pending_iprra_rr, recur: true)
Completed datapath recasting (accepts: 0, rejects: 0, runtime: 0.000s)
Starting word-level redundancy removal [v1.0] (stage: pre_rtlopt, startdef: aer64_pending_iprra_rr, recur: true)
Info    : Setting up the version of high level Redundancy Removal Optimizations. [HLO_RR-1]
        : hlo_rr=1: Enables RRv1, on by default.
Completed word-level redundancy removal (accepts: 0, rejects: 0, runtime: 0.053s)
Starting clip mux common data inputs [v1.0] (stage: pre_rtlopt, startdef: aer64_pending_iprra_rr, recur: true)
Completed clip mux common data inputs (accepts: 0, rejects: 0, runtime: 0.001s)
Starting clip the non-user hierarchies [v2.0] (stage: pre_rtlopt, startdef: aer64_pending_iprra_rr, recur: true)
Completed clip the non-user hierarchies (accepts: 0, rejects: 0, runtime: 0.000s)
Starting basic netlist cleanup [v1.0] (stage: pre_rtlopt, startdef: aer64_pending_iprra_rr, recur: true)
Completed basic netlist cleanup (accepts: 0, rejects: 0, runtime: 0.000s)

Stage: pre_rtlopt
-----------------------------------------------------------------
| Transform                   | Accepts | Rejects | Runtime (s) | 
-----------------------------------------------------------------
| hlo_timing_reorder          |       0 |       0 |        0.11 | 
| hlo_recase_casebox          |       0 |       0 |        0.01 | 
| hlo_infer_macro             |       0 |      66 |        0.00 | 
| hlo_decode_mux_sandwich     |       0 |       0 |        0.00 | 
| hlo_mux_decode              |       0 |       0 |        0.00 | 
| hlo_chop_mux                |       0 |       0 |        0.00 | 
| hlo_mux_cascade_opt         |       0 |       0 |        0.00 | 
| hlo_mux_consolidation       |       0 |       0 |        0.00 | 
| hlo_constant_mux_opt        |       0 |       0 |        0.00 | 
| hlo_inequality_transform    |       0 |       0 |        0.01 | 
| hlo_reconv_opt              |       0 |       0 |        0.00 | 
| hlo_restructure             |       0 |       0 |        0.00 | 
| hlo_identity_transform      |       0 |       0 |        0.00 | 
| hlo_reduce_operator_chain   |       0 |       0 |        0.00 | 
| hlo_mux_cascade_opt         |       0 |       0 |        0.00 | 
| hlo_mux_consolidation       |       0 |       0 |        0.00 | 
| hlo_optimize_datapath       |       0 |       0 |        0.00 | 
| hlo_datapath_recast         |       0 |       0 |        0.00 | 
| hlo_redundancy_removal_word |       0 |       0 |        0.05 | 
| hlo_clip_mux_input          |       0 |       0 |        0.00 | 
| hlo_clip                    |       0 |       0 |        0.00 | 
| hlo_cleanup                 |       0 |       0 |        0.00 | 
-----------------------------------------------------------------
Running Unified Mux Engine Tricks...
Completed Unified Mux Engine Tricks

Stage: post_hlo_rtlopt
----------------------------------------------------------
| Trick                | Accepts | Rejects | Runtime (s) | 
----------------------------------------------------------
| ume_sweep_aggressive |       0 |       0 |        0.00 | 
| ume_runtime          |       0 |       0 |        0.00 | 
----------------------------------------------------------
Number of big hc bmuxes before = 0
Number of non-ctl's : 1
mux_132_9 
SOP DEBUG : Module= aer64_iprra_ring_selector, Cluster= ctl_95_34, ctl= 1, Non-ctl= 1
Selected impl_type 0 (ctl + 1-hot mux form) for sop cluster ctl_95_34.
Number of non-ctl's : 1
mux_132_399 
SOP DEBUG : Module= aer64_iprra_ring_selector, Cluster= ctl_95_398, ctl= 1, Non-ctl= 1
Selected impl_type 0 (ctl + 1-hot mux form) for sop cluster ctl_95_398.
Number of non-ctl's : 1
mux_132_401 
SOP DEBUG : Module= aer64_iprra_ring_selector, Cluster= ctl_95_400, ctl= 1, Non-ctl= 1
Selected impl_type 0 (ctl + 1-hot mux form) for sop cluster ctl_95_400.
Number of non-ctl's : 1
mux_132_403 
SOP DEBUG : Module= aer64_iprra_ring_selector, Cluster= ctl_95_402, ctl= 1, Non-ctl= 1
Selected impl_type 0 (ctl + 1-hot mux form) for sop cluster ctl_95_402.
Number of non-ctl's : 1
mux_132_405 
SOP DEBUG : Module= aer64_iprra_ring_selector, Cluster= ctl_95_404, ctl= 1, Non-ctl= 1
Selected impl_type 0 (ctl + 1-hot mux form) for sop cluster ctl_95_404.
Number of non-ctl's : 1
mux_132_407 
SOP DEBUG : Module= aer64_iprra_ring_selector, Cluster= ctl_95_406, ctl= 1, Non-ctl= 1
Selected impl_type 0 (ctl + 1-hot mux form) for sop cluster ctl_95_406.
Number of non-ctl's : 1
mux_132_409 
SOP DEBUG : Module= aer64_iprra_ring_selector, Cluster= ctl_95_408, ctl= 1, Non-ctl= 1
Selected impl_type 0 (ctl + 1-hot mux form) for sop cluster ctl_95_408.
Number of non-ctl's : 1
mux_132_411 
SOP DEBUG : Module= aer64_iprra_ring_selector, Cluster= ctl_95_410, ctl= 1, Non-ctl= 1
Selected impl_type 0 (ctl + 1-hot mux form) for sop cluster ctl_95_410.
Number of non-ctl's : 1
mux_132_413 
SOP DEBUG : Module= aer64_iprra_ring_selector, Cluster= ctl_95_412, ctl= 1, Non-ctl= 1
Selected impl_type 0 (ctl + 1-hot mux form) for sop cluster ctl_95_412.
Number of non-ctl's : 1
mux_132_415 
SOP DEBUG : Module= aer64_iprra_ring_selector, Cluster= ctl_95_414, ctl= 1, Non-ctl= 1
Selected impl_type 0 (ctl + 1-hot mux form) for sop cluster ctl_95_414.
Number of non-ctl's : 1
mux_132_417 
SOP DEBUG : Module= aer64_iprra_ring_selector, Cluster= ctl_95_416, ctl= 1, Non-ctl= 1
Selected impl_type 0 (ctl + 1-hot mux form) for sop cluster ctl_95_416.
Number of non-ctl's : 1
mux_132_419 
SOP DEBUG : Module= aer64_iprra_ring_selector, Cluster= ctl_95_418, ctl= 1, Non-ctl= 1
Selected impl_type 0 (ctl + 1-hot mux form) for sop cluster ctl_95_418.
Number of non-ctl's : 1
mux_132_421 
SOP DEBUG : Module= aer64_iprra_ring_selector, Cluster= ctl_95_420, ctl= 1, Non-ctl= 1
Selected impl_type 0 (ctl + 1-hot mux form) for sop cluster ctl_95_420.
Number of non-ctl's : 1
mux_132_423 
SOP DEBUG : Module= aer64_iprra_ring_selector, Cluster= ctl_95_422, ctl= 1, Non-ctl= 1
Selected impl_type 0 (ctl + 1-hot mux form) for sop cluster ctl_95_422.
Number of non-ctl's : 1
mux_132_425 
SOP DEBUG : Module= aer64_iprra_ring_selector, Cluster= ctl_95_424, ctl= 1, Non-ctl= 1
Selected impl_type 0 (ctl + 1-hot mux form) for sop cluster ctl_95_424.
Number of non-ctl's : 1
mux_132_427 
SOP DEBUG : Module= aer64_iprra_ring_selector, Cluster= ctl_95_426, ctl= 1, Non-ctl= 1
Selected impl_type 0 (ctl + 1-hot mux form) for sop cluster ctl_95_426.
Number of non-ctl's : 1
mux_132_429 
SOP DEBUG : Module= aer64_iprra_ring_selector, Cluster= ctl_95_428, ctl= 1, Non-ctl= 1
Selected impl_type 0 (ctl + 1-hot mux form) for sop cluster ctl_95_428.
Number of non-ctl's : 1
mux_132_431 
SOP DEBUG : Module= aer64_iprra_ring_selector, Cluster= ctl_95_430, ctl= 1, Non-ctl= 1
Selected impl_type 0 (ctl + 1-hot mux form) for sop cluster ctl_95_430.
Number of non-ctl's : 1
mux_132_433 
SOP DEBUG : Module= aer64_iprra_ring_selector, Cluster= ctl_95_432, ctl= 1, Non-ctl= 1
Selected impl_type 0 (ctl + 1-hot mux form) for sop cluster ctl_95_432.
Number of non-ctl's : 1
mux_132_435 
SOP DEBUG : Module= aer64_iprra_ring_selector, Cluster= ctl_95_434, ctl= 1, Non-ctl= 1
Selected impl_type 0 (ctl + 1-hot mux form) for sop cluster ctl_95_434.
Number of non-ctl's : 1
mux_132_437 
SOP DEBUG : Module= aer64_iprra_ring_selector, Cluster= ctl_95_436, ctl= 1, Non-ctl= 1
Selected impl_type 0 (ctl + 1-hot mux form) for sop cluster ctl_95_436.
Number of non-ctl's : 1
mux_132_439 
SOP DEBUG : Module= aer64_iprra_ring_selector, Cluster= ctl_95_438, ctl= 1, Non-ctl= 1
Selected impl_type 0 (ctl + 1-hot mux form) for sop cluster ctl_95_438.
Number of non-ctl's : 1
mux_132_441 
SOP DEBUG : Module= aer64_iprra_ring_selector, Cluster= ctl_95_440, ctl= 1, Non-ctl= 1
Selected impl_type 0 (ctl + 1-hot mux form) for sop cluster ctl_95_440.
Number of non-ctl's : 1
mux_132_443 
SOP DEBUG : Module= aer64_iprra_ring_selector, Cluster= ctl_95_442, ctl= 1, Non-ctl= 1
Selected impl_type 0 (ctl + 1-hot mux form) for sop cluster ctl_95_442.
Number of non-ctl's : 1
mux_132_445 
SOP DEBUG : Module= aer64_iprra_ring_selector, Cluster= ctl_95_444, ctl= 1, Non-ctl= 1
Selected impl_type 0 (ctl + 1-hot mux form) for sop cluster ctl_95_444.
Number of non-ctl's : 1
mux_132_447 
SOP DEBUG : Module= aer64_iprra_ring_selector, Cluster= ctl_95_446, ctl= 1, Non-ctl= 1
Selected impl_type 0 (ctl + 1-hot mux form) for sop cluster ctl_95_446.
Number of non-ctl's : 1
mux_132_449 
SOP DEBUG : Module= aer64_iprra_ring_selector, Cluster= ctl_95_448, ctl= 1, Non-ctl= 1
Selected impl_type 0 (ctl + 1-hot mux form) for sop cluster ctl_95_448.
Number of non-ctl's : 1
mux_132_451 
SOP DEBUG : Module= aer64_iprra_ring_selector, Cluster= ctl_95_450, ctl= 1, Non-ctl= 1
Selected impl_type 0 (ctl + 1-hot mux form) for sop cluster ctl_95_450.
Number of non-ctl's : 1
mux_132_453 
SOP DEBUG : Module= aer64_iprra_ring_selector, Cluster= ctl_95_452, ctl= 1, Non-ctl= 1
Selected impl_type 0 (ctl + 1-hot mux form) for sop cluster ctl_95_452.
Number of non-ctl's : 1
mux_132_455 
SOP DEBUG : Module= aer64_iprra_ring_selector, Cluster= ctl_95_454, ctl= 1, Non-ctl= 1
Selected impl_type 0 (ctl + 1-hot mux form) for sop cluster ctl_95_454.
Number of non-ctl's : 1
mux_132_457 
SOP DEBUG : Module= aer64_iprra_ring_selector, Cluster= ctl_95_456, ctl= 1, Non-ctl= 1
Selected impl_type 0 (ctl + 1-hot mux form) for sop cluster ctl_95_456.
Number of non-ctl's : 1
mux_132_459 
SOP DEBUG : Module= aer64_iprra_ring_selector, Cluster= ctl_95_458, ctl= 1, Non-ctl= 1
Selected impl_type 0 (ctl + 1-hot mux form) for sop cluster ctl_95_458.
Number of non-ctl's : 1
mux_132_461 
SOP DEBUG : Module= aer64_iprra_ring_selector, Cluster= ctl_95_460, ctl= 1, Non-ctl= 1
Selected impl_type 0 (ctl + 1-hot mux form) for sop cluster ctl_95_460.
Number of non-ctl's : 1
mux_132_463 
SOP DEBUG : Module= aer64_iprra_ring_selector, Cluster= ctl_95_462, ctl= 1, Non-ctl= 1
Selected impl_type 0 (ctl + 1-hot mux form) for sop cluster ctl_95_462.
Number of non-ctl's : 1
mux_132_465 
SOP DEBUG : Module= aer64_iprra_ring_selector, Cluster= ctl_95_464, ctl= 1, Non-ctl= 1
Selected impl_type 0 (ctl + 1-hot mux form) for sop cluster ctl_95_464.
Number of non-ctl's : 1
mux_132_467 
SOP DEBUG : Module= aer64_iprra_ring_selector, Cluster= ctl_95_466, ctl= 1, Non-ctl= 1
Selected impl_type 0 (ctl + 1-hot mux form) for sop cluster ctl_95_466.
Number of non-ctl's : 1
mux_132_469 
SOP DEBUG : Module= aer64_iprra_ring_selector, Cluster= ctl_95_468, ctl= 1, Non-ctl= 1
Selected impl_type 0 (ctl + 1-hot mux form) for sop cluster ctl_95_468.
Number of non-ctl's : 1
mux_132_471 
SOP DEBUG : Module= aer64_iprra_ring_selector, Cluster= ctl_95_470, ctl= 1, Non-ctl= 1
Selected impl_type 0 (ctl + 1-hot mux form) for sop cluster ctl_95_470.
Number of non-ctl's : 1
mux_132_473 
SOP DEBUG : Module= aer64_iprra_ring_selector, Cluster= ctl_95_472, ctl= 1, Non-ctl= 1
Selected impl_type 0 (ctl + 1-hot mux form) for sop cluster ctl_95_472.
Number of non-ctl's : 1
mux_132_475 
SOP DEBUG : Module= aer64_iprra_ring_selector, Cluster= ctl_95_474, ctl= 1, Non-ctl= 1
Selected impl_type 0 (ctl + 1-hot mux form) for sop cluster ctl_95_474.
Number of non-ctl's : 1
mux_132_477 
SOP DEBUG : Module= aer64_iprra_ring_selector, Cluster= ctl_95_476, ctl= 1, Non-ctl= 1
Selected impl_type 0 (ctl + 1-hot mux form) for sop cluster ctl_95_476.
Number of non-ctl's : 1
mux_132_479 
SOP DEBUG : Module= aer64_iprra_ring_selector, Cluster= ctl_95_478, ctl= 1, Non-ctl= 1
Selected impl_type 0 (ctl + 1-hot mux form) for sop cluster ctl_95_478.
Number of non-ctl's : 1
mux_132_481 
SOP DEBUG : Module= aer64_iprra_ring_selector, Cluster= ctl_95_480, ctl= 1, Non-ctl= 1
Selected impl_type 0 (ctl + 1-hot mux form) for sop cluster ctl_95_480.
Number of non-ctl's : 1
mux_132_483 
SOP DEBUG : Module= aer64_iprra_ring_selector, Cluster= ctl_95_482, ctl= 1, Non-ctl= 1
Selected impl_type 0 (ctl + 1-hot mux form) for sop cluster ctl_95_482.
Number of non-ctl's : 1
mux_132_485 
SOP DEBUG : Module= aer64_iprra_ring_selector, Cluster= ctl_95_484, ctl= 1, Non-ctl= 1
Selected impl_type 0 (ctl + 1-hot mux form) for sop cluster ctl_95_484.
Number of non-ctl's : 1
mux_132_487 
SOP DEBUG : Module= aer64_iprra_ring_selector, Cluster= ctl_95_486, ctl= 1, Non-ctl= 1
Selected impl_type 0 (ctl + 1-hot mux form) for sop cluster ctl_95_486.
Number of non-ctl's : 1
mux_132_489 
SOP DEBUG : Module= aer64_iprra_ring_selector, Cluster= ctl_95_488, ctl= 1, Non-ctl= 1
Selected impl_type 0 (ctl + 1-hot mux form) for sop cluster ctl_95_488.
Number of non-ctl's : 1
mux_132_491 
SOP DEBUG : Module= aer64_iprra_ring_selector, Cluster= ctl_95_490, ctl= 1, Non-ctl= 1
Selected impl_type 0 (ctl + 1-hot mux form) for sop cluster ctl_95_490.
Number of non-ctl's : 1
mux_132_493 
SOP DEBUG : Module= aer64_iprra_ring_selector, Cluster= ctl_95_492, ctl= 1, Non-ctl= 1
Selected impl_type 0 (ctl + 1-hot mux form) for sop cluster ctl_95_492.
Number of non-ctl's : 1
mux_132_495 
SOP DEBUG : Module= aer64_iprra_ring_selector, Cluster= ctl_95_494, ctl= 1, Non-ctl= 1
Selected impl_type 0 (ctl + 1-hot mux form) for sop cluster ctl_95_494.
Number of non-ctl's : 1
mux_132_497 
SOP DEBUG : Module= aer64_iprra_ring_selector, Cluster= ctl_95_496, ctl= 1, Non-ctl= 1
Selected impl_type 0 (ctl + 1-hot mux form) for sop cluster ctl_95_496.
Number of non-ctl's : 1
mux_132_499 
SOP DEBUG : Module= aer64_iprra_ring_selector, Cluster= ctl_95_498, ctl= 1, Non-ctl= 1
Selected impl_type 0 (ctl + 1-hot mux form) for sop cluster ctl_95_498.
Number of non-ctl's : 1
mux_132_501 
SOP DEBUG : Module= aer64_iprra_ring_selector, Cluster= ctl_95_500, ctl= 1, Non-ctl= 1
Selected impl_type 0 (ctl + 1-hot mux form) for sop cluster ctl_95_500.
Number of non-ctl's : 1
mux_132_503 
SOP DEBUG : Module= aer64_iprra_ring_selector, Cluster= ctl_95_502, ctl= 1, Non-ctl= 1
Selected impl_type 0 (ctl + 1-hot mux form) for sop cluster ctl_95_502.
Number of non-ctl's : 1
mux_132_505 
SOP DEBUG : Module= aer64_iprra_ring_selector, Cluster= ctl_95_504, ctl= 1, Non-ctl= 1
Selected impl_type 0 (ctl + 1-hot mux form) for sop cluster ctl_95_504.
Number of non-ctl's : 1
mux_132_507 
SOP DEBUG : Module= aer64_iprra_ring_selector, Cluster= ctl_95_506, ctl= 1, Non-ctl= 1
Selected impl_type 0 (ctl + 1-hot mux form) for sop cluster ctl_95_506.
Number of non-ctl's : 1
mux_132_509 
SOP DEBUG : Module= aer64_iprra_ring_selector, Cluster= ctl_95_508, ctl= 1, Non-ctl= 1
Selected impl_type 0 (ctl + 1-hot mux form) for sop cluster ctl_95_508.
Number of non-ctl's : 1
mux_132_511 
SOP DEBUG : Module= aer64_iprra_ring_selector, Cluster= ctl_95_510, ctl= 1, Non-ctl= 1
Selected impl_type 0 (ctl + 1-hot mux form) for sop cluster ctl_95_510.
Number of non-ctl's : 1
mux_132_513 
SOP DEBUG : Module= aer64_iprra_ring_selector, Cluster= ctl_95_512, ctl= 1, Non-ctl= 1
Selected impl_type 0 (ctl + 1-hot mux form) for sop cluster ctl_95_512.
Number of non-ctl's : 1
mux_132_515 
SOP DEBUG : Module= aer64_iprra_ring_selector, Cluster= ctl_95_514, ctl= 1, Non-ctl= 1
Selected impl_type 0 (ctl + 1-hot mux form) for sop cluster ctl_95_514.
Number of non-ctl's : 1
mux_132_517 
SOP DEBUG : Module= aer64_iprra_ring_selector, Cluster= ctl_95_516, ctl= 1, Non-ctl= 1
Selected impl_type 0 (ctl + 1-hot mux form) for sop cluster ctl_95_516.
Number of non-ctl's : 1
mux_132_519 
SOP DEBUG : Module= aer64_iprra_ring_selector, Cluster= ctl_95_518, ctl= 1, Non-ctl= 1
Selected impl_type 0 (ctl + 1-hot mux form) for sop cluster ctl_95_518.
Number of non-ctl's : 1
mux_132_521 
SOP DEBUG : Module= aer64_iprra_ring_selector, Cluster= ctl_95_520, ctl= 1, Non-ctl= 1
Selected impl_type 0 (ctl + 1-hot mux form) for sop cluster ctl_95_520.
Number of non-ctl's : 1
mux_132_523 
SOP DEBUG : Module= aer64_iprra_ring_selector, Cluster= ctl_95_522, ctl= 1, Non-ctl= 1
Selected impl_type 0 (ctl + 1-hot mux form) for sop cluster ctl_95_522.
Info    : Pre-processed datapath logic. [DPOPT-6]
        : Pre-processing optimizations applied to datapath logic in 'aer64_pending_iprra_rr':
          sop(64) 
Info    : Optimizing datapath logic. [DPOPT-1]
        : Optimizing datapath logic in 'aer64_pending_iprra_rr'.
Info    : Implementing datapath configurations. [DPOPT-3]
        : Implementing datapath configurations for 'CDN_DP_region_1_1'
CSAGen Prep Share:0 Re-Write:0 Speculation: 0
CDN_DP_region_1_1 level = 0 loads = 0 drivers = 0
CDN_DP_region_1_1_c0 in aer64_pending_rr_core_SELECTOR_STYLE1: area: 3164455150 , DP = 14  Mux = 70  other = 87  sg = slow     
    wns: 0  norm_wns:  -1.0000 
    tns:  0
Combined costing for score 0.00 is 0.00
 skipped
CDN_DP_region_1_1_c1 in aer64_pending_rr_core_SELECTOR_STYLE1: area: 2756052250 , Mux = 70  other = 629  sg = fast     
    wns: 0  norm_wns:  -1.0000 
    tns:  0
Combined costing for score 0.00 is 0.00
 is current best
CDN_DP_region_1_1_c2 in aer64_pending_rr_core_SELECTOR_STYLE1: area: 2756052250 , Mux = 70  other = 629  sg = very_slow
    wns: 0  norm_wns:  -1.0000 
    tns:  0
Combined costing for score 0.00 is 0.00
 is current best
CDN_DP_region_1_1_c3 in aer64_pending_rr_core_SELECTOR_STYLE1: area: 2756052250 , Mux = 70  other = 629  sg = very_fast
    wns: 0  norm_wns:  -1.0000 
    tns:  0
Combined costing for score 0.00 is 0.00
 is current best
CDN_DP_region_1_1_c4 in aer64_pending_rr_core_SELECTOR_STYLE1: area: 2756052250 , Mux = 70  other = 629  sg = very_fast
    wns: 0  norm_wns:  -1.0000 
    tns:  0
Combined costing for score 0.00 is 0.00
 is current best
CDN_DP_region_1_1_c5 in aer64_pending_rr_core_SELECTOR_STYLE1: area: 2756052250 , Mux = 70  other = 629  sg = very_fast
    wns: 0  norm_wns:  -1.0000 
    tns:  0
Combined costing for score 0.00 is 0.00
 is current best
CDN_DP_region_1_1_c6 in aer64_pending_rr_core_SELECTOR_STYLE1: area: 2756052250 , Mux = 70  other = 629  sg = very_fast
    wns: 0  norm_wns:  -1.0000 
    tns:  0
Combined costing for score 0.00 is 0.00
 is current best
CDN_DP_region_1_1_c7 in aer64_pending_rr_core_SELECTOR_STYLE1: area: 2756052250 , Mux = 70  other = 629  sg = very_fast
    wns: 0  norm_wns:  -1.0000 
    tns:  0
Combined costing for score 0.00 is 0.00
 is current best
Best config: CDN_DP_region_1_1_c7 in aer64_pending_rr_core_SELECTOR_STYLE1: area: 2756052250 , Mux = 70  other = 629  sg = very_fast
    wns: 0  norm_wns:  -1.0000 
    tns:  0
Combined costing for score 0.00 is 0.00
  Smallest config area : 2756052250.  Fastest config wns;  0
##>+----------------------------------------------------------------------------------------------------------------------------------------------------------------+
##>Summary table of configs (Best config is CDN_DP_region_1_1_c7)
##>+----------------------------------------------------------------------------------------------------------------------------------------------------------------+
##>                     0                  1                  2                  3                  4                  5                  6                  7            
##>+----------------------------------------------------------------------------------------------------------------------------------------------------------------+
##>           Area       3164455150         2756052250         2756052250         2756052250         2756052250         2756052250         2756052250         2756052250  
##>            WNS         +6958.80           +6966.00           +6966.00           +6966.00           +6966.00           +6966.00           +6966.00           +6966.00  
##>            TNS                0                  0                  0                  0                  0                  0                  0                  0  
##>    Num Rewrite                0                  0                  0                  0                  0                  0                  0                  0  
##>     Num Factor                0                  0                  0                  0                  0                  0                  0                  0  
##>      Num Share                0                  0                  0                  0                  0                  0                  0                  0  
##>   Num CmultCse                0                  0                  0                  0                  0                  0                  0                  0  
##>   Num Downsize                0                  0                  0                  0                  0                  0                  0                  0  
##>  Num Speculate                0                  0                  0                  0                  0                  0                  0                  0  
##>     Runtime(s)                0                  0                  0                  0                  0                  0                  0                  0  
+----------------------------------------------------------------------------------------------------------------------------------------------------------------+
##>
##>
##>+-----------------------------------------------------------------------------------------------------------------------------------------------------------------------------------------------------+
##>Optimization Step DEBUG Table for config CDN_DP_region_1_1_c7
##>
##>                          Step                        Area   (  % Chg)         WNS (Change)          TNS (Change)                Power   (  % Chg)        Runtime (s)        Comment                   
##>+-----------------------------------------------------------------------------------------------------------------------------------------------------------------------------------------------------+
##>EquationExtraction              START             3164455150 (       )     6958.80 (        )          0 (        )                    0 (       )              
##>                                  END             3164455150 (  +0.00)     6958.80 (   +0.00)          0 (       0)                    0 (  +0.00)           0  
##>createMaxCarrySave              START             3164455150 (  +0.00)     6958.80 (   +0.00)          0 (       0)                    0 (  +0.00)              
##> datapath_rewrite_one_def       START             3164455150 (  +0.00)     6958.80 (   +0.00)          0 (       0)                    0 (  +0.00)              
##>                                  END             3164455150 (  +0.00)     6958.80 (   +0.00)          0 (       0)                    0 (  +0.00)           0  
##> csa_opto                       START             3164455150 (  +0.00)     6958.80 (   +0.00)          0 (       0)                    0 (  +0.00)              
##>                                  END             3164455150 (  +0.00)     6958.80 (   +0.00)          0 (       0)                    0 (  +0.00)           0  
##>                                  END             3164455150 (  +0.00)     6958.80 (   +0.00)          0 (       0)                    0 (  +0.00)           0  
##>canonicalize_by_names           START             3164455150 (  +0.00)     6958.80 (   +0.00)          0 (       0)                    0 (  +0.00)              
##>                                  END             3164455150 (  +0.00)     6958.80 (   +0.00)          0 (       0)                    0 (  +0.00)           0  
##>datapath_rewrite_post_csa_one_  START             3164455150 (  +0.00)     6958.80 (   +0.00)          0 (       0)                    0 (  +0.00)              
##>                                  END             3164455150 (  +0.00)     6958.80 (   +0.00)          0 (       0)                    0 (  +0.00)           0  
##>datapath_csa_factoring_one_gde  START             3164455150 (  +0.00)     6958.80 (   +0.00)          0 (       0)                    0 (  +0.00)              
##>                                  END             3164455150 (  +0.00)     6958.80 (   +0.00)          0 (       0)                    0 (  +0.00)           0  
##>dpopt_share_one_def             START             3164455150 (  +0.00)     6958.80 (   +0.00)          0 (       0)                    0 (  +0.00)              
##>                                  END             3164455150 (  +0.00)     6958.80 (   +0.00)          0 (       0)                    0 (  +0.00)           0  
##>datapath_rewrite_post_share     START             3164455150 (  +0.00)     6958.80 (   +0.00)          0 (       0)                    0 (  +0.00)              
##>                                  END             3164455150 (  +0.00)     6958.80 (   +0.00)          0 (       0)                    0 (  +0.00)           0  
##>dp_combine_const_mult_with_com  START             3164455150 (  +0.00)     6958.80 (   +0.00)          0 (       0)                    0 (  +0.00)              
##>                                  END             3164455150 (  +0.00)     6958.80 (   +0.00)          0 (       0)                    0 (  +0.00)           0  
##>dp_operator_level_decompositio  START             3164455150 (  +0.00)     6958.80 (   +0.00)          0 (       0)                    0 (  +0.00)              
##>                                  END             3164455150 (  +0.00)     6958.80 (   +0.00)          0 (       0)                    0 (  +0.00)           0  
##>selective_flatten_dp_config     START             3164455150 (  +0.00)     6958.80 (   +0.00)          0 (       0)                    0 (  +0.00)              
##>                                  END             2756052250 ( -12.91)     6966.00 (   +7.20)          0 (       0)                    0 (  +0.00)           0  
##>createMaxCarrySave              START             2756052250 (  +0.00)     6966.00 (   +0.00)          0 (       0)                    0 (  +0.00)              
##> datapath_rewrite_one_def       START             2756052250 (  +0.00)     6966.00 (   +0.00)          0 (       0)                    0 (  +0.00)              
##>  fast_cse_elim                 START             2756052250 (  +0.00)     6966.00 (   +0.00)          0 (       0)                    0 (  +0.00)              
##>                                  END             2756052250 (  +0.00)     6966.00 (   +0.00)          0 (       0)                    0 (  +0.00)           0  
##>  fast_cse_elim                 START             2756052250 (  +0.00)     6966.00 (   +0.00)          0 (       0)                    0 (  +0.00)              
##>                                  END             2756052250 (  +0.00)     6966.00 (   +0.00)          0 (       0)                    0 (  +0.00)           0  
##>                                  END             2756052250 (  +0.00)     6966.00 (   +0.00)          0 (       0)                    0 (  +0.00)           0  
##> csa_opto                       START             2756052250 (  +0.00)     6966.00 (   +0.00)          0 (       0)                    0 (  +0.00)              
##>                                  END             2756052250 (  +0.00)     6966.00 (   +0.00)          0 (       0)                    0 (  +0.00)           0  
##>                                  END             2756052250 (  +0.00)     6966.00 (   +0.00)          0 (       0)                    0 (  +0.00)           0  
##>context_based_simplify          START             2756052250 (  +0.00)     6966.00 (   +0.00)          0 (       0)                    0 (  +0.00)              
##>                                  END             2756052250 (  +0.00)     6966.00 (   +0.00)          0 (       0)                    0 (  +0.00)           0  
##>group_csa_final_adder_dp        START             2756052250 (  +0.00)     6966.00 (   +0.00)          0 (       0)                    0 (  +0.00)              
##>                                  END             2756052250 (  +0.00)     6966.00 (   +0.00)          0 (       0)                    0 (  +0.00)           0  
##>dpopt_flatten_critical_muxes_i  START             2756052250 (  +0.00)     6966.00 (   +0.00)          0 (       0)                    0 (  +0.00)              
##>                                  END             2756052250 (  +0.00)     6966.00 (   +0.00)          0 (       0)                    0 (  +0.00)           0  
##>create_score                    START             2756052250 (  +0.00)     6966.00 (   +0.00)          0 (       0)                    0 (  +0.00)              
##>                                  END             2756052250 (  +0.00)     6966.00 (   +0.00)          0 (       0)                    0 (  +0.00)           0  
##>+-----------------------------------------------------------------------------------------------------------------------------------------------------------------------------------------------------+
Committed config: CDN_DP_region_1_1_c7
Info    : Done implementing datapath configurations. [DPOPT-4]
        : Selected 'very_fast' configuration 7 for module 'CDN_DP_region_1_1_c7'.
          Optimizations applied to 'very_fast' configuration:
            rewriting(0), factoring(0), sharing(0), cmultcse(0), downsizing(0), speculation(0)
Info    : Implementing datapath configurations. [DPOPT-3]
        : Implementing datapath configurations for 'CDN_DP_region_1_0'
CSAGen Prep Share:0 Re-Write:0 Speculation: 0
CDN_DP_region_1_0 level = 0 loads = 0 drivers = 0
CDN_DP_region_1_0_c0 in aer64_pending_rr_core_SELECTOR_STYLE1: area: 242906300 , DP = 1  sg = slow     
    wns: 0  norm_wns:  -1.0000 
    tns:  0
Combined costing for score 0.00 is 0.00
 skipped
CDN_DP_region_1_0_c1 in aer64_pending_rr_core_SELECTOR_STYLE1: area: 242906300 , other = 86  sg = fast     
    wns: 0  norm_wns:  -1.0000 
    tns:  0
Combined costing for score 0.00 is 0.00
 is current best
CDN_DP_region_1_0_c2 in aer64_pending_rr_core_SELECTOR_STYLE1: area: 242906300 , other = 86  sg = very_slow
    wns: 0  norm_wns:  -1.0000 
    tns:  0
Combined costing for score 0.00 is 0.00
 is current best
CDN_DP_region_1_0_c3 in aer64_pending_rr_core_SELECTOR_STYLE1: area: 242906300 , other = 86  sg = very_fast
    wns: 0  norm_wns:  -1.0000 
    tns:  0
Combined costing for score 0.00 is 0.00
 is current best
CDN_DP_region_1_0_c4 in aer64_pending_rr_core_SELECTOR_STYLE1: area: 242906300 , other = 86  sg = very_fast
    wns: 0  norm_wns:  -1.0000 
    tns:  0
Combined costing for score 0.00 is 0.00
 is current best
CDN_DP_region_1_0_c5 in aer64_pending_rr_core_SELECTOR_STYLE1: area: 242906300 , other = 86  sg = very_fast
    wns: 0  norm_wns:  -1.0000 
    tns:  0
Combined costing for score 0.00 is 0.00
 is current best
CDN_DP_region_1_0_c6 in aer64_pending_rr_core_SELECTOR_STYLE1: area: 242906300 , other = 86  sg = very_fast
    wns: 0  norm_wns:  -1.0000 
    tns:  0
Combined costing for score 0.00 is 0.00
 is current best
CDN_DP_region_1_0_c7 in aer64_pending_rr_core_SELECTOR_STYLE1: area: 242906300 , other = 86  sg = very_fast
    wns: 0  norm_wns:  -1.0000 
    tns:  0
Combined costing for score 0.00 is 0.00
 is current best
Best config: CDN_DP_region_1_0_c7 in aer64_pending_rr_core_SELECTOR_STYLE1: area: 242906300 , other = 86  sg = very_fast
    wns: 0  norm_wns:  -1.0000 
    tns:  0
Combined costing for score 0.00 is 0.00
  Smallest config area : 242906300.  Fastest config wns;  0
##>+----------------------------------------------------------------------------------------------------------------------------------------------------------------+
##>Summary table of configs (Best config is CDN_DP_region_1_0_c7)
##>+----------------------------------------------------------------------------------------------------------------------------------------------------------------+
##>                     0                  1                  2                  3                  4                  5                  6                  7            
##>+----------------------------------------------------------------------------------------------------------------------------------------------------------------+
##>           Area        242906300          242906300          242906300          242906300          242906300          242906300          242906300          242906300  
##>            WNS         +7057.40           +7022.40           +7022.40           +7022.40           +7022.40           +7022.40           +7022.40           +7022.40  
##>            TNS                0                  0                  0                  0                  0                  0                  0                  0  
##>    Num Rewrite                0                  0                  0                  0                  0                  0                  0                  0  
##>     Num Factor                0                  0                  0                  0                  0                  0                  0                  0  
##>      Num Share                0                  0                  0                  0                  0                  0                  0                  0  
##>   Num CmultCse                0                  0                  0                  0                  0                  0                  0                  0  
##>   Num Downsize                0                  0                  0                  0                  0                  0                  0                  0  
##>  Num Speculate                0                  0                  0                  0                  0                  0                  0                  0  
##>     Runtime(s)                0                  0                  0                  0                  0                  0                  0                  0  
+----------------------------------------------------------------------------------------------------------------------------------------------------------------+
##>
##>
##>+-----------------------------------------------------------------------------------------------------------------------------------------------------------------------------------------------------+
##>Optimization Step DEBUG Table for config CDN_DP_region_1_0_c7
##>
##>                          Step                        Area   (  % Chg)         WNS (Change)          TNS (Change)                Power   (  % Chg)        Runtime (s)        Comment                   
##>+-----------------------------------------------------------------------------------------------------------------------------------------------------------------------------------------------------+
##>EquationExtraction              START              242906300 (       )     7057.40 (        )          0 (        )                    0 (       )              
##>                                  END              242906300 (  +0.00)     7057.40 (   +0.00)          0 (       0)                    0 (  +0.00)           0  
##>createMaxCarrySave              START              242906300 (  +0.00)     7057.40 (   +0.00)          0 (       0)                    0 (  +0.00)              
##> datapath_rewrite_one_def       START              242906300 (  +0.00)     7057.40 (   +0.00)          0 (       0)                    0 (  +0.00)              
##>                                  END              242906300 (  +0.00)     7057.40 (   +0.00)          0 (       0)                    0 (  +0.00)           0  
##> csa_opto                       START              242906300 (  +0.00)     7057.40 (   +0.00)          0 (       0)                    0 (  +0.00)              
##>                                  END              242906300 (  +0.00)     7057.40 (   +0.00)          0 (       0)                    0 (  +0.00)           0  
##>                                  END              242906300 (  +0.00)     7057.40 (   +0.00)          0 (       0)                    0 (  +0.00)           0  
##>canonicalize_by_names           START              242906300 (  +0.00)     7057.40 (   +0.00)          0 (       0)                    0 (  +0.00)              
##>                                  END              242906300 (  +0.00)     7057.40 (   +0.00)          0 (       0)                    0 (  +0.00)           0  
##>datapath_rewrite_post_csa_one_  START              242906300 (  +0.00)     7057.40 (   +0.00)          0 (       0)                    0 (  +0.00)              
##>                                  END              242906300 (  +0.00)     7057.40 (   +0.00)          0 (       0)                    0 (  +0.00)           0  
##>datapath_csa_factoring_one_gde  START              242906300 (  +0.00)     7057.40 (   +0.00)          0 (       0)                    0 (  +0.00)              
##>                                  END              242906300 (  +0.00)     7057.40 (   +0.00)          0 (       0)                    0 (  +0.00)           0  
##>dpopt_share_one_def             START              242906300 (  +0.00)     7057.40 (   +0.00)          0 (       0)                    0 (  +0.00)              
##>                                  END              242906300 (  +0.00)     7057.40 (   +0.00)          0 (       0)                    0 (  +0.00)           0  
##>datapath_rewrite_post_share     START              242906300 (  +0.00)     7057.40 (   +0.00)          0 (       0)                    0 (  +0.00)              
##>                                  END              242906300 (  +0.00)     7057.40 (   +0.00)          0 (       0)                    0 (  +0.00)           0  
##>dp_combine_const_mult_with_com  START              242906300 (  +0.00)     7057.40 (   +0.00)          0 (       0)                    0 (  +0.00)              
##>                                  END              242906300 (  +0.00)     7057.40 (   +0.00)          0 (       0)                    0 (  +0.00)           0  
##>dp_operator_level_decompositio  START              242906300 (  +0.00)     7057.40 (   +0.00)          0 (       0)                    0 (  +0.00)              
##>                                  END              242906300 (  +0.00)     7057.40 (   +0.00)          0 (       0)                    0 (  +0.00)           0  
##>selective_flatten_dp_config     START              242906300 (  +0.00)     7057.40 (   +0.00)          0 (       0)                    0 (  +0.00)              
##>                                  END              242906300 (  +0.00)     7022.40 (  -35.00)          0 (       0)                    0 (  +0.00)           0  
##>createMaxCarrySave              START              242906300 (  +0.00)     7022.40 (   +0.00)          0 (       0)                    0 (  +0.00)              
##> datapath_rewrite_one_def       START              242906300 (  +0.00)     7022.40 (   +0.00)          0 (       0)                    0 (  +0.00)              
##>  fast_cse_elim                 START              242906300 (  +0.00)     7022.40 (   +0.00)          0 (       0)                    0 (  +0.00)              
##>                                  END              242906300 (  +0.00)     7022.40 (   +0.00)          0 (       0)                    0 (  +0.00)           0  
##>  fast_cse_elim                 START              242906300 (  +0.00)     7022.40 (   +0.00)          0 (       0)                    0 (  +0.00)              
##>                                  END              242906300 (  +0.00)     7022.40 (   +0.00)          0 (       0)                    0 (  +0.00)           0  
##>                                  END              242906300 (  +0.00)     7022.40 (   +0.00)          0 (       0)                    0 (  +0.00)           0  
##> csa_opto                       START              242906300 (  +0.00)     7022.40 (   +0.00)          0 (       0)                    0 (  +0.00)              
##>                                  END              242906300 (  +0.00)     7022.40 (   +0.00)          0 (       0)                    0 (  +0.00)           0  
##>                                  END              242906300 (  +0.00)     7022.40 (   +0.00)          0 (       0)                    0 (  +0.00)           0  
##>context_based_simplify          START              242906300 (  +0.00)     7022.40 (   +0.00)          0 (       0)                    0 (  +0.00)              
##>                                  END              242906300 (  +0.00)     7022.40 (   +0.00)          0 (       0)                    0 (  +0.00)           0  
##>group_csa_final_adder_dp        START              242906300 (  +0.00)     7022.40 (   +0.00)          0 (       0)                    0 (  +0.00)              
##>                                  END              242906300 (  +0.00)     7022.40 (   +0.00)          0 (       0)                    0 (  +0.00)           0  
##>dpopt_flatten_critical_muxes_i  START              242906300 (  +0.00)     7022.40 (   +0.00)          0 (       0)                    0 (  +0.00)              
##>                                  END              242906300 (  +0.00)     7022.40 (   +0.00)          0 (       0)                    0 (  +0.00)           0  
##>create_score                    START              242906300 (  +0.00)     7022.40 (   +0.00)          0 (       0)                    0 (  +0.00)              
##>                                  END              242906300 (  +0.00)     7022.40 (   +0.00)          0 (       0)                    0 (  +0.00)           0  
##>+-----------------------------------------------------------------------------------------------------------------------------------------------------------------------------------------------------+
Committed config: CDN_DP_region_1_0_c7
Info    : Done implementing datapath configurations. [DPOPT-4]
        : Selected 'very_fast' configuration 7 for module 'CDN_DP_region_1_0_c7'.
          Optimizations applied to 'very_fast' configuration:
            rewriting(0), factoring(0), sharing(0), cmultcse(0), downsizing(0), speculation(0)
Info:  Ungrouped 0 dp-cluster instances.  0 cluster instances were left intact, to aid verification.
Info    : Done optimizing datapath logic. [DPOPT-2]
        : Done optimizing datapath logic in 'aer64_pending_iprra_rr'.
Number of big hc bmuxes after = 0
Starting bit-level redundancy removal [v1.0] (stage: post_rtlopt, startdef: aer64_pending_iprra_rr, recur: true)
Completed bit-level redundancy removal (accepts: 0, rejects: 0, runtime: 0.189s)
Starting logic reduction [v1.0] (stage: post_rtlopt, startdef: aer64_pending_iprra_rr, recur: true)
Completed logic reduction (accepts: 0, rejects: 0, runtime: 0.000s)
Starting mux data reorder optimization [v1.0] (stage: post_rtlopt, startdef: aer64_pending_iprra_rr, recur: true)
Completed mux data reorder optimization (accepts: 0, rejects: 0, runtime: 0.000s)
Starting timing based select reordering [v1.0] (stage: post_rtlopt, startdef: aer64_pending_iprra_rr, recur: true)
Completed timing based select reordering (accepts: 0, rejects: 0, runtime: 0.074s)

Stage: post_rtlopt
----------------------------------------------------------------
| Transform                  | Accepts | Rejects | Runtime (s) | 
----------------------------------------------------------------
| hlo_redundancy_removal_bit |       0 |       0 |        0.19 | 
| hlo_logic_reduction        |       0 |       0 |        0.00 | 
| hlo_mux_reorder            |       0 |       0 |        0.00 | 
| hlo_timing_reorder         |       0 |       0 |        0.07 | 
----------------------------------------------------------------
Running post blast mux optimization. Please follow up with Cadence support if runtime issues are seen with this optimization.
Starting mux speculation [v1.0] (stage: post_muxopt, startdef: aer64_pending_iprra_rr, recur: true)
Starting speculation optimization
Completed speculation optimization (accepts:0)
Completed mux speculation (accepts: 0, rejects: 0, runtime: 0.089s)
Starting timing based select reordering [v1.0] (stage: post_muxopt, startdef: aer64_pending_iprra_rr, recur: true)
Completed timing based select reordering (accepts: 0, rejects: 0, runtime: 0.082s)

Stage: post_muxopt
--------------------------------------------------------
| Transform          | Accepts | Rejects | Runtime (s) | 
--------------------------------------------------------
| hlo_speculation    |       0 |       0 |        0.09 | 
| hlo_timing_reorder |       0 |       0 |        0.08 | 
--------------------------------------------------------
==================================
Stage : to_generic 
==================================
  =================
   Message Summary
  =================
---------------------------------------------------------------------------
|    Id    |  Sev  |Count|                  Message Text                  |
---------------------------------------------------------------------------
|CDFG-567  |Info   |    2|Instantiating Subdesign.                        |
|CDFG-738  |Info   |   64|Common subexpression eliminated.                |
|CDFG-739  |Info   |   64|Common subexpression kept.                      |
|CDFG-769  |Info   |   64|Identified sum-of-products logic to be optimized|
|          |       |     | during syn_generic.                            |
|CDFG-771  |Info   |    1|Replaced logic with a constant value.           |
|CDFG-893  |Info   |    1|Optimized the MUX created for array read / write|
|          |       |     | or variable shifter.                           |
|CWD-19    |Info   |    1|An implementation was inferred.                 |
|DPOPT-1   |Info   |    1|Optimizing datapath logic.                      |
|DPOPT-2   |Info   |    1|Done optimizing datapath logic.                 |
|DPOPT-3   |Info   |    2|Implementing datapath configurations.           |
|DPOPT-4   |Info   |    2|Done implementing datapath configurations.      |
|DPOPT-6   |Info   |    1|Pre-processed datapath logic.                   |
|ELAB-1    |Info   |    1|Elaborating Design.                             |
|ELAB-2    |Info   |    2|Elaborating Subdesign.                          |
|ELAB-3    |Info   |    1|Done Elaborating Design.                        |
|GLO-51    |Info   |    1|Hierarchical instance automatically ungrouped.  |
|          |       |     |Hierarchical instances can be automatically     |
|          |       |     | ungrouped to allow for better area or timing   |
|          |       |     | optimization. To prevent this ungroup, set the |
|          |       |     | root-level attribute 'auto_ungroup' to 'none'. |
|          |       |     | You can also prevent individual ungroup with   |
|          |       |     | setting the attribute 'ungroup_ok' of instances|
|          |       |     | or modules to 'false'.                         |
|HLO_RR-1  |Info   |    1|Setting up the version of high level Redundancy |
|          |       |     | Removal Optimizations.                         |
|LBR-9     |Warning|   20|Library cell has no output pins defined.        |
|          |       |     |Add the missing output pin(s)                   |
|          |       |     | , then reload the library. Else the library    |
|          |       |     | cell will be marked as timing model i.e.       |
|          |       |     | unusable. Timing_model means that the cell does|
|          |       |     | not have any defined function. If there is no  |
|          |       |     | output pin, Genus will mark library cell as    |
|          |       |     | unusable i.e. the attribute 'usable' will be   |
|          |       |     | marked to 'false' on the libcell. Therefore,   |
|          |       |     | the cell is not used for mapping and it will   |
|          |       |     | not be picked up from the library for          |
|          |       |     | synthesis. If you query the attribute          |
|          |       |     | 'unusable_reason' on the libcell; result will  |
|          |       |     | be: 'Library cell has no output pins.'Note: The|
|          |       |     | message LBR-9 is only for the logical pins and |
|          |       |     | not for the power_ground pins. Genus will      |
|          |       |     | depend upon the output function defined in the |
|          |       |     | pin group (output pin)                         |
|          |       |     | of the cell, to use it for mapping. The pg_pin |
|          |       |     | will not have any function defined.            |
|LBR-41    |Info   |    1|An output library pin lacks a function          |
|          |       |     | attribute.                                     |
|          |       |     |If the remainder of this library cell's semantic|
|          |       |     | checks are successful, it will be considered as|
|          |       |     | a timing-model                                 |
|          |       |     | (because one of its outputs does not have a val|
|          |       |     | id function.                                   |
|LBR-155   |Info   |  264|Mismatch in unateness between 'timing_sense'    |
|          |       |     | attribute and the function.                    |
|          |       |     |The 'timing_sense' attribute will be respected. |
|LBR-161   |Info   |    1|Setting the maximum print count of this message |
|          |       |     | to 10 if information_level is less than 9.     |
|LBR-162   |Info   |  124|Both 'pos_unate' and 'neg_unate' timing_sense   |
|          |       |     | arcs have been processed.                      |
|          |       |     |Setting the 'timing_sense' to non_unate.        |
|LBR-412   |Info   |    1|Created nominal operating condition.            |
|          |       |     |The nominal operating condition is represented, |
|          |       |     | either by the nominal PVT values specified in  |
|          |       |     | the library source                             |
|          |       |     | (via nom_process,nom_voltage and nom_temperatur|
|          |       |     | e respectively)                                |
|          |       |     | , or by the default PVT values (1.0,1.0,1.0).  |
|LBR-518   |Info   |    1|Missing a function attribute in the output pin  |
|          |       |     | definition.                                    |
|PHYS-752  |Info   |    1|Partition Based Synthesis execution skipped.    |
|SYNTH-1   |Info   |    1|Synthesizing.                                   |
|TIM-1000  |Info   |    1|Multimode clock gating check is disabled.       |
|VLOGPT-506|Warning|    2|Unused attribute.                               |
---------------------------------------------------------------------------
Mapper: Libraries have:
	domain _default_: 324 combo usable cells and 84 sequential usable cells
Multi-threaded Virtual Mapping    (8 threads per ST process, 8 of 64 CPUs usable)
 
Global mapping target info
==========================
Cost Group 'clk' target slack:   268 ps
Target path end-point (Pin: core/pending_q_reg[43]/d)

<REMOTE_WORKSPACE>/.st_launch_<REMOTE_HOST>_152347

State Retention Synthesis Status
================================

Category                        Flops   Percentage
--------------------------------------------------
Total instances                   265        100.0
Excluded from State Retention     265        100.0
    - Will not convert            265        100.0
      - Preserved                   0          0.0
      - Power intent excluded     265        100.0
    - Could not convert             0          0.0
      - Scan type                   0          0.0
      - No suitable cell            0          0.0
State Retention instances           0          0.0
--------------------------------------------------

PBS_Generic_Opt-Post - Elapsed_Time 19, CPU_Time 18.627692999999997
stamp 'PBS_Generic_Opt-Post' being created for table 'pbs_debug'

  Total Time (Wall) |  Stage Time (Wall)  |   % (Wall)   |    Date - Time     |  Memory   | Stage
--------------------+---------------------+--------------+--------------------+-----------+----------------------
 00:00:19(00:00:17) |  00:00:00(00:00:00) |   0.0(  0.0) |   14:53:39 (Aug26) |  402.7 MB | PBS_Generic-Start
--------------------+---------------------+--------------+--------------------+-----------+----------------------
 00:00:38(00:00:37) |  00:00:19(00:00:20) | 100.0(100.0) |   14:53:59 (Aug26) |  830.7 MB | PBS_Generic_Opt-Post
--------------------+---------------------+--------------+--------------------+-----------+----------------------
Number of threads: 8 * 1   (id: pbs_debug, time_info v1.57)
Info: (*N*) indicates data that was populated from previously saved time_info database
Info: CPU time includes time of parent + longest thread
PBS_Generic-Postgen HBO Optimizations - Elapsed_Time 0, CPU_Time 0.0
stamp 'PBS_Generic-Postgen HBO Optimizations' being created for table 'pbs_debug'

  Total Time (Wall) |  Stage Time (Wall)  |   % (Wall)   |    Date - Time     |  Memory   | Stage
--------------------+---------------------+--------------+--------------------+-----------+----------------------
 00:00:19(00:00:17) |  00:00:00(00:00:00) |   0.0(  0.0) |   14:53:39 (Aug26) |  402.7 MB | PBS_Generic-Start
--------------------+---------------------+--------------+--------------------+-----------+----------------------
 00:00:38(00:00:37) |  00:00:19(00:00:20) | 100.0(100.0) |   14:53:59 (Aug26) |  830.7 MB | PBS_Generic_Opt-Post
--------------------+---------------------+--------------+--------------------+-----------+----------------------
 00:00:38(00:00:37) |  00:00:00(00:00:00) |   0.0(  0.0) |   14:53:59 (Aug26) |  830.7 MB | PBS_Generic-Postgen HBO Optimizations
--------------------+---------------------+--------------+--------------------+-----------+----------------------
Number of threads: 8 * 1   (id: pbs_debug, time_info v1.57)
Info: (*N*) indicates data that was populated from previously saved time_info database
Info: CPU time includes time of parent + longest thread
Starting post syn_generic ultra-effort Boolean optimization
Redundancy removal succeeded.
Done post syn_generic ultra-effort Boolean optimization (0.00 cpu seconds) (0.00 elapsed cpu seconds)
Info    : Done synthesizing. [SYNTH-2]
        : Done synthesizing 'aer64_pending_iprra_rr' to generic gates.
##>=================== Cadence Confidential (Generic-Logical) ===================
##>=================== Cadence Confidential (Generic-Logical) ===================
      flow.cputime  flow.realtime  timing.setup.tns  timing.setup.wns  snapshot
UM:*                                                                   syn_gen
@file(aer45_genus_sweep.tcl) 29: syn_map
#----------------------------------------------------------------------------------------
# Root attributes for category: opt
#----------------------------------------------------------------------------------------
# Feature                           | Attribute                    | Value            
#----------------------------------------------------------------------------------------
# Avoid tied inputs                 | avoid_tied_inputs            | false (default)  
# Allow floating outputs            | opt_allow_floating_outputs   | false (default)  
# Power optimization effort         | design_power_effort          | none (default)   
# Do not use qbar sequential pins   | dont_use_qbar_seq_pins       | false (default)  
#----------------------------------------------------------------------------------------

##Generic Timing Info: typical gate delay  133.2 ps   std_slew:   15.8 ps   std_load:  0.6 fF  for library domain _default_
Mapping ChipWare ICG instances in aer64_pending_iprra_rr
Found 0 unmapped ChipWare ICG instances
Mapped 0 of 0 ChipWare ICG instances
Info    : Mapping. [SYNTH-4]
        : Mapping 'aer64_pending_iprra_rr' using 'high' effort.
Mapper: Libraries have:
	domain _default_: 324 combo usable cells and 84 sequential usable cells
PBS_TechMap-Start - Elapsed_Time 0, CPU_Time 0.0
stamp 'PBS_TechMap-Start' being created for table 'pbs_debug'

  Total Time (Wall) |  Stage Time (Wall)  |   % (Wall)   |    Date - Time     |  Memory   | Stage
--------------------+---------------------+--------------+--------------------+-----------+----------------------
 00:00:19(00:00:17) |  00:00:00(00:00:00) |   0.0(  0.0) |   14:53:39 (Aug26) |  402.7 MB | PBS_Generic-Start
--------------------+---------------------+--------------+--------------------+-----------+----------------------
 00:00:38(00:00:37) |  00:00:19(00:00:20) |  95.2(100.0) |   14:53:59 (Aug26) |  830.7 MB | PBS_Generic_Opt-Post
--------------------+---------------------+--------------+--------------------+-----------+----------------------
 00:00:38(00:00:37) |  00:00:00(00:00:00) |   0.0(  0.0) |   14:53:59 (Aug26) |  830.7 MB | PBS_Generic-Postgen HBO Optimizations
--------------------+---------------------+--------------+--------------------+-----------+----------------------
 00:00:39(00:00:37) |  00:00:01(00:00:00) |   4.8(  0.0) |   14:53:59 (Aug26) |  830.7 MB | PBS_TechMap-Start
--------------------+---------------------+--------------+--------------------+-----------+----------------------
Number of threads: 8 * 1   (id: pbs_debug, time_info v1.57)
Info: (*N*) indicates data that was populated from previously saved time_info database
Info: CPU time includes time of parent + longest thread
PBS_TechMap-Premap HBO Optimizations - Elapsed_Time 0, CPU_Time 0.0
stamp 'PBS_TechMap-Premap HBO Optimizations' being created for table 'pbs_debug'

  Total Time (Wall) |  Stage Time (Wall)  |   % (Wall)   |    Date - Time     |  Memory   | Stage
--------------------+---------------------+--------------+--------------------+-----------+----------------------
 00:00:19(00:00:17) |  00:00:00(00:00:00) |   0.0(  0.0) |   14:53:39 (Aug26) |  402.7 MB | PBS_Generic-Start
--------------------+---------------------+--------------+--------------------+-----------+----------------------
 00:00:38(00:00:37) |  00:00:19(00:00:20) |  95.2(100.0) |   14:53:59 (Aug26) |  830.7 MB | PBS_Generic_Opt-Post
--------------------+---------------------+--------------+--------------------+-----------+----------------------
 00:00:38(00:00:37) |  00:00:00(00:00:00) |   0.0(  0.0) |   14:53:59 (Aug26) |  830.7 MB | PBS_Generic-Postgen HBO Optimizations
--------------------+---------------------+--------------+--------------------+-----------+----------------------
 00:00:39(00:00:37) |  00:00:01(00:00:00) |   4.8(  0.0) |   14:53:59 (Aug26) |  830.7 MB | PBS_TechMap-Start
--------------------+---------------------+--------------+--------------------+-----------+----------------------
 00:00:39(00:00:37) |  00:00:00(00:00:00) |   0.0(  0.0) |   14:53:59 (Aug26) |  830.7 MB | PBS_TechMap-Premap HBO Optimizations
--------------------+---------------------+--------------+--------------------+-----------+----------------------
Number of threads: 8 * 1   (id: pbs_debug, time_info v1.57)
Info: (*N*) indicates data that was populated from previously saved time_info database
Info: CPU time includes time of parent + longest thread
Info    : Partition Based Synthesis execution skipped. [PHYS-752]
        : Design size is less than the partition size '100000' for distributed mapping optimization to kick in.
Mapper: Libraries have:
	domain _default_: 324 combo usable cells and 84 sequential usable cells
Multi-threaded Virtual Mapping    (8 threads per ST process, 8 of 64 CPUs usable)
 
Global mapping target info
==========================
Cost Group 'clk' target slack:   266 ps
Target path end-point (Pin: core/out_rank_q_reg[5]/d)

Multi-threaded Technology Mapping (8 threads per ST process, 8 of 64 CPUs usable)
 
Global mapping status
=====================
                                   Group   
                                  Tot Wrst 
                           Total  Weighted 
Operation                   Area   Slacks  
 global_map                 2733        0 

    Cost Group            Target    Slack    Diff.  Constr.
-----------------------------------------------------------
           clk               266     5524             10000 

 
Global incremental target info
==============================
Cost Group 'clk' target slack:   177 ps
Target path end-point (Pin: core/out_rank_q_reg[3]/D (DFFHQX1/D))

==================================
Stage : global_incr_map 
==================================
  =================
   Message Summary
  =================
--------------------------------------------------------------------
|   Id   |Sev |Count|                 Message Text                 |
--------------------------------------------------------------------
|PA-7    |Info|    4|Resetting power analysis results.             |
|        |    |     |All computed switching activities are removed.|
|PHYS-752|Info|    1|Partition Based Synthesis execution skipped.  |
|SYNTH-2 |Info|    1|Done synthesizing.                            |
|SYNTH-4 |Info|    1|Mapping.                                      |
--------------------------------------------------------------------
 
Global incremental optimization status
======================================
                                   Group   
                                  Tot Wrst 
                           Total  Weighted 
Operation                   Area   Slacks  
 global_incr                2728        0 

    Cost Group            Target    Slack    Diff.  Constr.
-----------------------------------------------------------
           clk               177     5524             10000 

<REMOTE_WORKSPACE>/.st_launch_<REMOTE_HOST>_152347

State Retention Synthesis Status
================================

Category                        Flops   Percentage
--------------------------------------------------
Total instances                   265        100.0
Excluded from State Retention     265        100.0
    - Will not convert            265        100.0
      - Preserved                   0          0.0
      - Power intent excluded     265        100.0
    - Could not convert             0          0.0
      - Scan type                   0          0.0
      - No suitable cell            0          0.0
State Retention instances           0          0.0
--------------------------------------------------

INFO: skipping constant propagation
PBS_Techmap-Global Mapping - Elapsed_Time 7, CPU_Time 7.443455
stamp 'PBS_Techmap-Global Mapping' being created for table 'pbs_debug'

  Total Time (Wall) |  Stage Time (Wall)  |   % (Wall)   |    Date - Time     |  Memory   | Stage
--------------------+---------------------+--------------+--------------------+-----------+----------------------
 00:00:19(00:00:17) |  00:00:00(00:00:00) |   0.0(  0.0) |   14:53:39 (Aug26) |  402.7 MB | PBS_Generic-Start
--------------------+---------------------+--------------+--------------------+-----------+----------------------
 00:00:38(00:00:37) |  00:00:19(00:00:20) |  69.9( 74.1) |   14:53:59 (Aug26) |  830.7 MB | PBS_Generic_Opt-Post
--------------------+---------------------+--------------+--------------------+-----------+----------------------
 00:00:38(00:00:37) |  00:00:00(00:00:00) |   0.0(  0.0) |   14:53:59 (Aug26) |  830.7 MB | PBS_Generic-Postgen HBO Optimizations
--------------------+---------------------+--------------+--------------------+-----------+----------------------
 00:00:39(00:00:37) |  00:00:01(00:00:00) |   3.6(  0.0) |   14:53:59 (Aug26) |  830.7 MB | PBS_TechMap-Start
--------------------+---------------------+--------------+--------------------+-----------+----------------------
 00:00:39(00:00:37) |  00:00:00(00:00:00) |   0.0(  0.0) |   14:53:59 (Aug26) |  830.7 MB | PBS_TechMap-Premap HBO Optimizations
--------------------+---------------------+--------------+--------------------+-----------+----------------------
 00:00:47(00:00:44) |  00:00:07(00:00:07) |  26.5( 25.9) |   14:54:06 (Aug26) |  807.6 MB | PBS_Techmap-Global Mapping
--------------------+---------------------+--------------+--------------------+-----------+----------------------
Number of threads: 8 * 1   (id: pbs_debug, time_info v1.57)
Info: (*N*) indicates data that was populated from previously saved time_info database
Info: CPU time includes time of parent + longest thread
Info    : Wrote formal verification information. [CFM-5]
        : Wrote 'fv/aer64_pending_iprra_rr/fv_map.fv.json' for netlist 'fv/aer64_pending_iprra_rr/fv_map.v.gz'.
Info    : Wrote dofile. [CFM-1]
        : Dofile is 'fv/aer64_pending_iprra_rr/rtl_to_fv_map.do'.
        : RTL names flow is enabled.
PBS_TechMap-Datapath Postmap Operations - Elapsed_Time 2, CPU_Time 2.0
stamp 'PBS_TechMap-Datapath Postmap Operations' being created for table 'pbs_debug'

  Total Time (Wall) |  Stage Time (Wall)  |   % (Wall)   |    Date - Time     |  Memory   | Stage
--------------------+---------------------+--------------+--------------------+-----------+----------------------
 00:00:19(00:00:17) |  00:00:00(00:00:00) |   0.0(  0.0) |   14:53:39 (Aug26) |  402.7 MB | PBS_Generic-Start
--------------------+---------------------+--------------+--------------------+-----------+----------------------
 00:00:38(00:00:37) |  00:00:19(00:00:20) |  65.3( 69.0) |   14:53:59 (Aug26) |  830.7 MB | PBS_Generic_Opt-Post
--------------------+---------------------+--------------+--------------------+-----------+----------------------
 00:00:38(00:00:37) |  00:00:00(00:00:00) |   0.0(  0.0) |   14:53:59 (Aug26) |  830.7 MB | PBS_Generic-Postgen HBO Optimizations
--------------------+---------------------+--------------+--------------------+-----------+----------------------
 00:00:39(00:00:37) |  00:00:01(00:00:00) |   3.3(  0.0) |   14:53:59 (Aug26) |  830.7 MB | PBS_TechMap-Start
--------------------+---------------------+--------------+--------------------+-----------+----------------------
 00:00:39(00:00:37) |  00:00:00(00:00:00) |   0.0(  0.0) |   14:53:59 (Aug26) |  830.7 MB | PBS_TechMap-Premap HBO Optimizations
--------------------+---------------------+--------------+--------------------+-----------+----------------------
 00:00:47(00:00:44) |  00:00:07(00:00:07) |  24.8( 24.1) |   14:54:06 (Aug26) |  807.6 MB | PBS_Techmap-Global Mapping
--------------------+---------------------+--------------+--------------------+-----------+----------------------
 00:00:49(00:00:46) |  00:00:02(00:00:02) |   6.7(  6.9) |   14:54:08 (Aug26) |  807.6 MB | PBS_TechMap-Datapath Postmap Operations
--------------------+---------------------+--------------+--------------------+-----------+----------------------
Number of threads: 8 * 1   (id: pbs_debug, time_info v1.57)
Info: (*N*) indicates data that was populated from previously saved time_info database
Info: CPU time includes time of parent + longest thread
PBS_TechMap-Postmap HBO Optimizations - Elapsed_Time 1, CPU_Time -0.01855199999999968
stamp 'PBS_TechMap-Postmap HBO Optimizations' being created for table 'pbs_debug'

  Total Time (Wall) |  Stage Time (Wall)  |   % (Wall)   |    Date - Time     |  Memory   | Stage
--------------------+---------------------+--------------+--------------------+-----------+----------------------
 00:00:19(00:00:17) |  00:00:00(00:00:00) |   0.0(  0.0) |   14:53:39 (Aug26) |  402.7 MB | PBS_Generic-Start
--------------------+---------------------+--------------+--------------------+-----------+----------------------
 00:00:38(00:00:37) |  00:00:19(00:00:20) |  65.3( 66.7) |   14:53:59 (Aug26) |  830.7 MB | PBS_Generic_Opt-Post
--------------------+---------------------+--------------+--------------------+-----------+----------------------
 00:00:38(00:00:37) |  00:00:00(00:00:00) |   0.0(  0.0) |   14:53:59 (Aug26) |  830.7 MB | PBS_Generic-Postgen HBO Optimizations
--------------------+---------------------+--------------+--------------------+-----------+----------------------
 00:00:39(00:00:37) |  00:00:01(00:00:00) |   3.3(  0.0) |   14:53:59 (Aug26) |  830.7 MB | PBS_TechMap-Start
--------------------+---------------------+--------------+--------------------+-----------+----------------------
 00:00:39(00:00:37) |  00:00:00(00:00:00) |   0.0(  0.0) |   14:53:59 (Aug26) |  830.7 MB | PBS_TechMap-Premap HBO Optimizations
--------------------+---------------------+--------------+--------------------+-----------+----------------------
 00:00:47(00:00:44) |  00:00:07(00:00:07) |  24.8( 23.3) |   14:54:06 (Aug26) |  807.6 MB | PBS_Techmap-Global Mapping
--------------------+---------------------+--------------+--------------------+-----------+----------------------
 00:00:49(00:00:46) |  00:00:02(00:00:02) |   6.7(  6.7) |   14:54:08 (Aug26) |  807.6 MB | PBS_TechMap-Datapath Postmap Operations
--------------------+---------------------+--------------+--------------------+-----------+----------------------
 00:00:49(00:00:47) |  00:00:00(00:00:01) |  -0.1(  3.3) |   14:54:09 (Aug26) |  807.6 MB | PBS_TechMap-Postmap HBO Optimizations
--------------------+---------------------+--------------+--------------------+-----------+----------------------
Number of threads: 8 * 1   (id: pbs_debug, time_info v1.57)
Info: (*N*) indicates data that was populated from previously saved time_info database
Info: CPU time includes time of parent + longest thread
 Doing ConstProp on design:aer64_pending_iprra_rr ... 

Time taken by ConstProp Step: 00:00:00
PBS_TechMap-Postmap Clock Gating - Elapsed_Time 0, CPU_Time 0.0
stamp 'PBS_TechMap-Postmap Clock Gating' being created for table 'pbs_debug'

  Total Time (Wall) |  Stage Time (Wall)  |   % (Wall)   |    Date - Time     |  Memory   | Stage
--------------------+---------------------+--------------+--------------------+-----------+----------------------
 00:00:19(00:00:17) |  00:00:00(00:00:00) |   0.0(  0.0) |   14:53:39 (Aug26) |  402.7 MB | PBS_Generic-Start
--------------------+---------------------+--------------+--------------------+-----------+----------------------
 00:00:38(00:00:37) |  00:00:19(00:00:20) |  65.3( 66.7) |   14:53:59 (Aug26) |  830.7 MB | PBS_Generic_Opt-Post
--------------------+---------------------+--------------+--------------------+-----------+----------------------
 00:00:38(00:00:37) |  00:00:00(00:00:00) |   0.0(  0.0) |   14:53:59 (Aug26) |  830.7 MB | PBS_Generic-Postgen HBO Optimizations
--------------------+---------------------+--------------+--------------------+-----------+----------------------
 00:00:39(00:00:37) |  00:00:01(00:00:00) |   3.3(  0.0) |   14:53:59 (Aug26) |  830.7 MB | PBS_TechMap-Start
--------------------+---------------------+--------------+--------------------+-----------+----------------------
 00:00:39(00:00:37) |  00:00:00(00:00:00) |   0.0(  0.0) |   14:53:59 (Aug26) |  830.7 MB | PBS_TechMap-Premap HBO Optimizations
--------------------+---------------------+--------------+--------------------+-----------+----------------------
 00:00:47(00:00:44) |  00:00:07(00:00:07) |  24.8( 23.3) |   14:54:06 (Aug26) |  807.6 MB | PBS_Techmap-Global Mapping
--------------------+---------------------+--------------+--------------------+-----------+----------------------
 00:00:49(00:00:46) |  00:00:02(00:00:02) |   6.7(  6.7) |   14:54:08 (Aug26) |  807.6 MB | PBS_TechMap-Datapath Postmap Operations
--------------------+---------------------+--------------+--------------------+-----------+----------------------
 00:00:49(00:00:47) |  00:00:00(00:00:01) |  -0.1(  3.3) |   14:54:09 (Aug26) |  807.6 MB | PBS_TechMap-Postmap HBO Optimizations
--------------------+---------------------+--------------+--------------------+-----------+----------------------
 00:00:49(00:00:47) |  00:00:00(00:00:00) |   0.0(  0.0) |   14:54:09 (Aug26) |  807.6 MB | PBS_TechMap-Postmap Clock Gating
--------------------+---------------------+--------------+--------------------+-----------+----------------------
Number of threads: 8 * 1   (id: pbs_debug, time_info v1.57)
Info: (*N*) indicates data that was populated from previously saved time_info database
Info: CPU time includes time of parent + longest thread
-------------------------------------------------------------------------------
 hi_fo_buf                  2728        0         0         0        0        0

           Trick     Calls     Accepts   Attempts    Time(secs) 
-----------------------------------------------------------
       hi_fo_buf         0  (        0 /        0 )  0.00

 
Incremental optimization status
===============================
                                   Group   
                                  Tot Wrst     Total - - - - DRC Totals - - - -
                           Total  Weighted      Neg      Max       Max     Max  
Operation                   Area   Slacks      Slack    Trans      Cap   Fanout 
 init_delay                 2728        0         0         0        0        0

           Trick     Calls     Accepts   Attempts    Time(secs) 
-----------------------------------------------------------
       crit_upsz         0  (        0 /        0 )  0.00
    plc_bal_star         0  (        0 /        0 )  0.00
     drc_buftimb         0  (        0 /        0 )  0.00
          plc_st         0  (        0 /        0 )  0.00
    plc_st_fence         0  (        0 /        0 )  0.00
        plc_star         0  (        0 /        0 )  0.00
      plc_laf_st         0  (        0 /        0 )  0.00
 plc_laf_st_fence         0  (        0 /        0 )  0.00
     drc_buftims         0  (        0 /        0 )  0.00
            fopt         0  (        0 /        0 )  0.00
   plc_laf_lo_st         0  (        0 /        0 )  0.00
       plc_lo_st         0  (        0 /        0 )  0.00
        mb_split         0  (        0 /        0 )  0.00

 
Local TNS optimization status
=============================
                                   Group   
                                  Tot Wrst     Total - - - - DRC Totals - - - -
                           Total  Weighted      Neg      Max       Max     Max  
Operation                   Area   Slacks      Slack    Trans      Cap   Fanout 
 init_tns                   2728        0         0         0        0        0

           Trick     Calls     Accepts   Attempts    Time(secs) 
-----------------------------------------------------------
    plc_bal_star         0  (        0 /        0 )  0.00
     drc_buftimb         0  (        0 /        0 )  0.00
     drc_buftims         0  (        0 /        0 )  0.00
       crit_upsz         0  (        0 /        0 )  0.00
   plc_laf_lo_st         0  (        0 /        0 )  0.00
       plc_lo_st         0  (        0 /        0 )  0.00
            fopt         0  (        0 /        0 )  0.00
       crit_dnsz         0  (        0 /        0 )  0.00
             dup         0  (        0 /        0 )  0.00
        setup_dn         0  (        0 /        0 )  0.00
        mb_split         0  (        0 /        0 )  0.00

PBS_TechMap-Postmap Cleanup - Elapsed_Time 0, CPU_Time -0.017355000000002008
stamp 'PBS_TechMap-Postmap Cleanup' being created for table 'pbs_debug'

  Total Time (Wall) |  Stage Time (Wall)  |   % (Wall)   |    Date - Time     |  Memory   | Stage
--------------------+---------------------+--------------+--------------------+-----------+----------------------
 00:00:19(00:00:17) |  00:00:00(00:00:00) |   0.0(  0.0) |   14:53:39 (Aug26) |  402.7 MB | PBS_Generic-Start
--------------------+---------------------+--------------+--------------------+-----------+----------------------
 00:00:38(00:00:37) |  00:00:19(00:00:20) |  65.3( 66.7) |   14:53:59 (Aug26) |  830.7 MB | PBS_Generic_Opt-Post
--------------------+---------------------+--------------+--------------------+-----------+----------------------
 00:00:38(00:00:37) |  00:00:00(00:00:00) |   0.0(  0.0) |   14:53:59 (Aug26) |  830.7 MB | PBS_Generic-Postgen HBO Optimizations
--------------------+---------------------+--------------+--------------------+-----------+----------------------
 00:00:39(00:00:37) |  00:00:01(00:00:00) |   3.3(  0.0) |   14:53:59 (Aug26) |  830.7 MB | PBS_TechMap-Start
--------------------+---------------------+--------------+--------------------+-----------+----------------------
 00:00:39(00:00:37) |  00:00:00(00:00:00) |   0.0(  0.0) |   14:53:59 (Aug26) |  830.7 MB | PBS_TechMap-Premap HBO Optimizations
--------------------+---------------------+--------------+--------------------+-----------+----------------------
 00:00:47(00:00:44) |  00:00:07(00:00:07) |  24.8( 23.3) |   14:54:06 (Aug26) |  807.6 MB | PBS_Techmap-Global Mapping
--------------------+---------------------+--------------+--------------------+-----------+----------------------
 00:00:49(00:00:46) |  00:00:02(00:00:02) |   6.7(  6.7) |   14:54:08 (Aug26) |  807.6 MB | PBS_TechMap-Datapath Postmap Operations
--------------------+---------------------+--------------+--------------------+-----------+----------------------
 00:00:49(00:00:47) |  00:00:00(00:00:01) |  -0.1(  3.3) |   14:54:09 (Aug26) |  807.6 MB | PBS_TechMap-Postmap HBO Optimizations
--------------------+---------------------+--------------+--------------------+-----------+----------------------
 00:00:49(00:00:47) |  00:00:00(00:00:00) |   0.0(  0.0) |   14:54:09 (Aug26) |  807.6 MB | PBS_TechMap-Postmap Clock Gating
--------------------+---------------------+--------------+--------------------+-----------+----------------------
 00:00:49(00:00:47) |  00:00:00(00:00:00) |  -0.1(  0.0) |   14:54:09 (Aug26) |  807.6 MB | PBS_TechMap-Postmap Cleanup
--------------------+---------------------+--------------+--------------------+-----------+----------------------
Number of threads: 8 * 1   (id: pbs_debug, time_info v1.57)
Info: (*N*) indicates data that was populated from previously saved time_info database
Info: CPU time includes time of parent + longest thread
PBS_Techmap-Post_MBCI - Elapsed_Time 0, CPU_Time 0.0
stamp 'PBS_Techmap-Post_MBCI' being created for table 'pbs_debug'

  Total Time (Wall) |  Stage Time (Wall)  |   % (Wall)   |    Date - Time     |  Memory   | Stage
--------------------+---------------------+--------------+--------------------+-----------+----------------------
 00:00:19(00:00:17) |  00:00:00(00:00:00) |   0.0(  0.0) |   14:53:39 (Aug26) |  402.7 MB | PBS_Generic-Start
--------------------+---------------------+--------------+--------------------+-----------+----------------------
 00:00:38(00:00:37) |  00:00:19(00:00:20) |  65.3( 66.7) |   14:53:59 (Aug26) |  830.7 MB | PBS_Generic_Opt-Post
--------------------+---------------------+--------------+--------------------+-----------+----------------------
 00:00:38(00:00:37) |  00:00:00(00:00:00) |   0.0(  0.0) |   14:53:59 (Aug26) |  830.7 MB | PBS_Generic-Postgen HBO Optimizations
--------------------+---------------------+--------------+--------------------+-----------+----------------------
 00:00:39(00:00:37) |  00:00:01(00:00:00) |   3.3(  0.0) |   14:53:59 (Aug26) |  830.7 MB | PBS_TechMap-Start
--------------------+---------------------+--------------+--------------------+-----------+----------------------
 00:00:39(00:00:37) |  00:00:00(00:00:00) |   0.0(  0.0) |   14:53:59 (Aug26) |  830.7 MB | PBS_TechMap-Premap HBO Optimizations
--------------------+---------------------+--------------+--------------------+-----------+----------------------
 00:00:47(00:00:44) |  00:00:07(00:00:07) |  24.8( 23.3) |   14:54:06 (Aug26) |  807.6 MB | PBS_Techmap-Global Mapping
--------------------+---------------------+--------------+--------------------+-----------+----------------------
 00:00:49(00:00:46) |  00:00:02(00:00:02) |   6.7(  6.7) |   14:54:08 (Aug26) |  807.6 MB | PBS_TechMap-Datapath Postmap Operations
--------------------+---------------------+--------------+--------------------+-----------+----------------------
 00:00:49(00:00:47) |  00:00:00(00:00:01) |  -0.1(  3.3) |   14:54:09 (Aug26) |  807.6 MB | PBS_TechMap-Postmap HBO Optimizations
--------------------+---------------------+--------------+--------------------+-----------+----------------------
 00:00:49(00:00:47) |  00:00:00(00:00:00) |   0.0(  0.0) |   14:54:09 (Aug26) |  807.6 MB | PBS_TechMap-Postmap Clock Gating
--------------------+---------------------+--------------+--------------------+-----------+----------------------
 00:00:49(00:00:47) |  00:00:00(00:00:00) |  -0.1(  0.0) |   14:54:09 (Aug26) |  807.6 MB | PBS_TechMap-Postmap Cleanup
--------------------+---------------------+--------------+--------------------+-----------+----------------------
 00:00:49(00:00:47) |  00:00:00(00:00:00) |   0.0(  0.0) |   14:54:09 (Aug26) |  807.6 MB | PBS_Techmap-Post_MBCI
--------------------+---------------------+--------------+--------------------+-----------+----------------------
Number of threads: 8 * 1   (id: pbs_debug, time_info v1.57)
Info: (*N*) indicates data that was populated from previously saved time_info database
Info: CPU time includes time of parent + longest thread
##>=================== Cadence Confidential (Mapping-Logical) ===================
##>Main Thread Summary:
##>----------------------------------------------------------------------------------------
##>STEP                           Elapsed       WNS       TNS     Insts      Area    Memory
##>----------------------------------------------------------------------------------------
##>M:Initial                            0         -         -      1511      5799       830
##>M:Early Clock Gating                 0         -         -         -         -         -
##>M:Pre Cleanup                        0         -         -      1511      5799       830
##>M:Setup                              0         -         -         -         -         -
##>M:Launch ST                          0         -         -         -         -         -
##>M:Design Partition                   0         -         -         -         -         -
##>M:Create Partition Netlists          0         -         -         -         -         -
##>M:Init Power                         0         -         -         -         -         -
##>M:Budgeting                          0         -         -         -         -         -
##>M:Derenv-DB                          0         -         -         -         -         -
##>M:Debug Outputs                      0         -         -         -         -         -
##>M:ST loading                         0         -         -         -         -         -
##>M:Distributed                        0         -         -         -         -         -
##>M:Timer                              0         -         -         -         -         -
##>M:Assembly                           0         -         -         -         -         -
##>M:DFT                                0         -         -         -         -         -
##>M:DP Operations                      2         -         -      1236      2727       807
##>M:Const Prop                         0      5523         0      1236      2727       807
##>M:Cleanup                            0      5523         0      1236      2727       807
##>M:MBCI                               0         -         -      1236      2727       807
##>M:PostGen Opt                        0         -         -         -         -         -
##>M:Const Gate Removal                 0         -         -         -         -         -
##>M:Early Clock Gating Cleanup         0         -         -         -         -         -
##>M:Misc                               8
##>----------------------------------------------------------------------------------------
##>Total Elapsed                       10
##>========================================================================================
Info    : Done mapping. [SYNTH-5]
        : Done mapping 'aer64_pending_iprra_rr'.
      flow.cputime  flow.realtime  timing.setup.tns  timing.setup.wns  snapshot
UM:*                                                                   syn_map
@file(aer45_genus_sweep.tcl) 30: set synchronizer_insts [concat \
    [get_db insts *req_meta_q_reg*] \
    [get_db insts *req_sync_q_reg*] \
    [get_db insts *reset_release_q_reg*]]
@file(aer45_genus_sweep.tcl) 34: set synchronizer_count [llength $synchronizer_insts]
@file(aer45_genus_sweep.tcl) 35: puts "AER45_SYNCHRONIZER_COUNT=$synchronizer_count expected=$expected_sync"
AER45_SYNCHRONIZER_COUNT=130 expected=130
@file(aer45_genus_sweep.tcl) 36: if {$synchronizer_count != $expected_sync} {
    error "$tag expected $expected_sync synchronizer flops; found $synchronizer_count"
}
@file(aer45_genus_sweep.tcl) 39: if {$synchronizer_count>0} {set_db $synchronizer_insts .preserve true}
  Setting attribute of inst 'req_meta_q_reg[0]': 'preserve' = true
  Setting attribute of inst 'req_meta_q_reg[1]': 'preserve' = true
  Setting attribute of inst 'req_meta_q_reg[2]': 'preserve' = true
  Setting attribute of inst 'req_meta_q_reg[3]': 'preserve' = true
  Setting attribute of inst 'req_meta_q_reg[4]': 'preserve' = true
  Setting attribute of inst 'req_meta_q_reg[5]': 'preserve' = true
  Setting attribute of inst 'req_meta_q_reg[6]': 'preserve' = true
  Setting attribute of inst 'req_meta_q_reg[7]': 'preserve' = true
  Setting attribute of inst 'req_meta_q_reg[8]': 'preserve' = true
  Setting attribute of inst 'req_meta_q_reg[9]': 'preserve' = true
  Setting attribute of inst 'req_meta_q_reg[10]': 'preserve' = true
  Setting attribute of inst 'req_meta_q_reg[11]': 'preserve' = true
  Setting attribute of inst 'req_meta_q_reg[12]': 'preserve' = true
  Setting attribute of inst 'req_meta_q_reg[13]': 'preserve' = true
  Setting attribute of inst 'req_meta_q_reg[14]': 'preserve' = true
  Setting attribute of inst 'req_meta_q_reg[15]': 'preserve' = true
  Setting attribute of inst 'req_meta_q_reg[16]': 'preserve' = true
  Setting attribute of inst 'req_meta_q_reg[17]': 'preserve' = true
  Setting attribute of inst 'req_meta_q_reg[18]': 'preserve' = true
  Setting attribute of inst 'req_meta_q_reg[19]': 'preserve' = true
  Setting attribute of inst 'req_meta_q_reg[20]': 'preserve' = true
  Setting attribute of inst 'req_meta_q_reg[21]': 'preserve' = true
  Setting attribute of inst 'req_meta_q_reg[22]': 'preserve' = true
  Setting attribute of inst 'req_meta_q_reg[23]': 'preserve' = true
  Setting attribute of inst 'req_meta_q_reg[24]': 'preserve' = true
  Setting attribute of inst 'req_meta_q_reg[25]': 'preserve' = true
  Setting attribute of inst 'req_meta_q_reg[26]': 'preserve' = true
  Setting attribute of inst 'req_meta_q_reg[27]': 'preserve' = true
  Setting attribute of inst 'req_meta_q_reg[28]': 'preserve' = true
  Setting attribute of inst 'req_meta_q_reg[29]': 'preserve' = true
  Setting attribute of inst 'req_meta_q_reg[30]': 'preserve' = true
  Setting attribute of inst 'req_meta_q_reg[31]': 'preserve' = true
  Setting attribute of inst 'req_meta_q_reg[32]': 'preserve' = true
  Setting attribute of inst 'req_meta_q_reg[33]': 'preserve' = true
  Setting attribute of inst 'req_meta_q_reg[34]': 'preserve' = true
  Setting attribute of inst 'req_meta_q_reg[35]': 'preserve' = true
  Setting attribute of inst 'req_meta_q_reg[36]': 'preserve' = true
  Setting attribute of inst 'req_meta_q_reg[37]': 'preserve' = true
  Setting attribute of inst 'req_meta_q_reg[38]': 'preserve' = true
  Setting attribute of inst 'req_meta_q_reg[39]': 'preserve' = true
  Setting attribute of inst 'req_meta_q_reg[40]': 'preserve' = true
  Setting attribute of inst 'req_meta_q_reg[41]': 'preserve' = true
  Setting attribute of inst 'req_meta_q_reg[42]': 'preserve' = true
  Setting attribute of inst 'req_meta_q_reg[43]': 'preserve' = true
  Setting attribute of inst 'req_meta_q_reg[44]': 'preserve' = true
  Setting attribute of inst 'req_meta_q_reg[45]': 'preserve' = true
  Setting attribute of inst 'req_meta_q_reg[46]': 'preserve' = true
  Setting attribute of inst 'req_meta_q_reg[47]': 'preserve' = true
  Setting attribute of inst 'req_meta_q_reg[48]': 'preserve' = true
  Setting attribute of inst 'req_meta_q_reg[49]': 'preserve' = true
  Setting attribute of inst 'req_meta_q_reg[50]': 'preserve' = true
  Setting attribute of inst 'req_meta_q_reg[51]': 'preserve' = true
  Setting attribute of inst 'req_meta_q_reg[52]': 'preserve' = true
  Setting attribute of inst 'req_meta_q_reg[53]': 'preserve' = true
  Setting attribute of inst 'req_meta_q_reg[54]': 'preserve' = true
  Setting attribute of inst 'req_meta_q_reg[55]': 'preserve' = true
  Setting attribute of inst 'req_meta_q_reg[56]': 'preserve' = true
  Setting attribute of inst 'req_meta_q_reg[57]': 'preserve' = true
  Setting attribute of inst 'req_meta_q_reg[58]': 'preserve' = true
  Setting attribute of inst 'req_meta_q_reg[59]': 'preserve' = true
  Setting attribute of inst 'req_meta_q_reg[60]': 'preserve' = true
  Setting attribute of inst 'req_meta_q_reg[61]': 'preserve' = true
  Setting attribute of inst 'req_meta_q_reg[62]': 'preserve' = true
  Setting attribute of inst 'req_meta_q_reg[63]': 'preserve' = true
  Setting attribute of inst 'req_sync_q_reg[0]': 'preserve' = true
  Setting attribute of inst 'req_sync_q_reg[1]': 'preserve' = true
  Setting attribute of inst 'req_sync_q_reg[2]': 'preserve' = true
  Setting attribute of inst 'req_sync_q_reg[3]': 'preserve' = true
  Setting attribute of inst 'req_sync_q_reg[4]': 'preserve' = true
  Setting attribute of inst 'req_sync_q_reg[5]': 'preserve' = true
  Setting attribute of inst 'req_sync_q_reg[6]': 'preserve' = true
  Setting attribute of inst 'req_sync_q_reg[7]': 'preserve' = true
  Setting attribute of inst 'req_sync_q_reg[8]': 'preserve' = true
  Setting attribute of inst 'req_sync_q_reg[9]': 'preserve' = true
  Setting attribute of inst 'req_sync_q_reg[10]': 'preserve' = true
  Setting attribute of inst 'req_sync_q_reg[11]': 'preserve' = true
  Setting attribute of inst 'req_sync_q_reg[12]': 'preserve' = true
  Setting attribute of inst 'req_sync_q_reg[13]': 'preserve' = true
  Setting attribute of inst 'req_sync_q_reg[14]': 'preserve' = true
  Setting attribute of inst 'req_sync_q_reg[15]': 'preserve' = true
  Setting attribute of inst 'req_sync_q_reg[16]': 'preserve' = true
  Setting attribute of inst 'req_sync_q_reg[17]': 'preserve' = true
  Setting attribute of inst 'req_sync_q_reg[18]': 'preserve' = true
  Setting attribute of inst 'req_sync_q_reg[19]': 'preserve' = true
  Setting attribute of inst 'req_sync_q_reg[20]': 'preserve' = true
  Setting attribute of inst 'req_sync_q_reg[21]': 'preserve' = true
  Setting attribute of inst 'req_sync_q_reg[22]': 'preserve' = true
  Setting attribute of inst 'req_sync_q_reg[23]': 'preserve' = true
  Setting attribute of inst 'req_sync_q_reg[24]': 'preserve' = true
  Setting attribute of inst 'req_sync_q_reg[25]': 'preserve' = true
  Setting attribute of inst 'req_sync_q_reg[26]': 'preserve' = true
  Setting attribute of inst 'req_sync_q_reg[27]': 'preserve' = true
  Setting attribute of inst 'req_sync_q_reg[28]': 'preserve' = true
  Setting attribute of inst 'req_sync_q_reg[29]': 'preserve' = true
  Setting attribute of inst 'req_sync_q_reg[30]': 'preserve' = true
  Setting attribute of inst 'req_sync_q_reg[31]': 'preserve' = true
  Setting attribute of inst 'req_sync_q_reg[32]': 'preserve' = true
  Setting attribute of inst 'req_sync_q_reg[33]': 'preserve' = true
  Setting attribute of inst 'req_sync_q_reg[34]': 'preserve' = true
  Setting attribute of inst 'req_sync_q_reg[35]': 'preserve' = true
  Setting attribute of inst 'req_sync_q_reg[36]': 'preserve' = true
  Setting attribute of inst 'req_sync_q_reg[37]': 'preserve' = true
  Setting attribute of inst 'req_sync_q_reg[38]': 'preserve' = true
  Setting attribute of inst 'req_sync_q_reg[39]': 'preserve' = true
  Setting attribute of inst 'req_sync_q_reg[40]': 'preserve' = true
  Setting attribute of inst 'req_sync_q_reg[41]': 'preserve' = true
  Setting attribute of inst 'req_sync_q_reg[42]': 'preserve' = true
  Setting attribute of inst 'req_sync_q_reg[43]': 'preserve' = true
  Setting attribute of inst 'req_sync_q_reg[44]': 'preserve' = true
  Setting attribute of inst 'req_sync_q_reg[45]': 'preserve' = true
  Setting attribute of inst 'req_sync_q_reg[46]': 'preserve' = true
  Setting attribute of inst 'req_sync_q_reg[47]': 'preserve' = true
  Setting attribute of inst 'req_sync_q_reg[48]': 'preserve' = true
  Setting attribute of inst 'req_sync_q_reg[49]': 'preserve' = true
  Setting attribute of inst 'req_sync_q_reg[50]': 'preserve' = true
  Setting attribute of inst 'req_sync_q_reg[51]': 'preserve' = true
  Setting attribute of inst 'req_sync_q_reg[52]': 'preserve' = true
  Setting attribute of inst 'req_sync_q_reg[53]': 'preserve' = true
  Setting attribute of inst 'req_sync_q_reg[54]': 'preserve' = true
  Setting attribute of inst 'req_sync_q_reg[55]': 'preserve' = true
  Setting attribute of inst 'req_sync_q_reg[56]': 'preserve' = true
  Setting attribute of inst 'req_sync_q_reg[57]': 'preserve' = true
  Setting attribute of inst 'req_sync_q_reg[58]': 'preserve' = true
  Setting attribute of inst 'req_sync_q_reg[59]': 'preserve' = true
  Setting attribute of inst 'req_sync_q_reg[60]': 'preserve' = true
  Setting attribute of inst 'req_sync_q_reg[61]': 'preserve' = true
  Setting attribute of inst 'req_sync_q_reg[62]': 'preserve' = true
  Setting attribute of inst 'req_sync_q_reg[63]': 'preserve' = true
  Setting attribute of inst 'reset_release_q_reg[0]': 'preserve' = true
  Setting attribute of inst 'reset_release_q_reg[1]': 'preserve' = true
@file(aer45_genus_sweep.tcl) 40: syn_opt
Warning : The selected flow setting will be removed in a future release. [SYNTH-33]
        : The use of 'syn_opt' for logical only optimization will be obsolete in a future release.
	Transition to 'syn_opt -logical' or 'syn_opt -spatial'.

        : Contact Cadence support to understand current flows.
Info    : Incrementally optimizing. [SYNTH-7]
        : Incrementally optimizing 'aer64_pending_iprra_rr' using 'high' effort.
 
Incremental optimization status
===============================
                                   Group   
                                  Tot Wrst     Total - - - - DRC Totals - - - -
                           Total  Weighted      Neg      Max       Max     Max  
Operation                   Area   Slacks      Slack    Trans      Cap   Fanout 
 init_iopt                  2728        0         0         0        0        0
-------------------------------------------------------------------------------
 const_prop                 2728        0         0         0        0        0
-------------------------------------------------------------------------------
 hi_fo_buf                  2728        0         0         0        0        0

           Trick     Calls     Accepts   Attempts    Time(secs) 
-----------------------------------------------------------
       hi_fo_buf         0  (        0 /        0 )  0.00

 
Incremental optimization status
===============================
                                   Group   
                                  Tot Wrst     Total - - - - DRC Totals - - - -
                           Total  Weighted      Neg      Max       Max     Max  
Operation                   Area   Slacks      Slack    Trans      Cap   Fanout 
 init_delay                 2728        0         0         0        0        0

           Trick     Calls     Accepts   Attempts    Time(secs) 
-----------------------------------------------------------
        crit_msz         0  (        0 /        0 )  0.00
       crit_upsz         0  (        0 /        0 )  0.00
       crit_slew         0  (        0 /        0 )  0.00
        setup_dn         0  (        0 /        0 )  0.00
    plc_bal_star         0  (        0 /        0 )  0.00
     drc_buftimb         0  (        0 /        0 )  0.00
          plc_st         0  (        0 /        0 )  0.00
    plc_st_fence         0  (        0 /        0 )  0.00
        plc_star         0  (        0 /        0 )  0.00
      plc_laf_st         0  (        0 /        0 )  0.00
 plc_laf_st_fence         0  (        0 /        0 )  0.00
     drc_buftims         0  (        0 /        0 )  0.00
   plc_laf_lo_st         0  (        0 /        0 )  0.00
       plc_lo_st         0  (        0 /        0 )  0.00
            fopt         0  (        0 /        0 )  0.00
       crit_swap         0  (        0 /        0 )  0.00
       mux2_swap         0  (        0 /        0 )  0.00
       crit_dnsz         0  (        0 /        0 )  0.00
       load_swap         0  (        0 /        0 )  0.00
            fopt         0  (        0 /        0 )  0.00
        setup_dn         0  (        0 /        0 )  0.00
       load_isol         0  (        0 /        0 )  0.00
       load_isol         0  (        0 /        0 )  0.00
        move_for         0  (        0 /        0 )  0.00
        move_for         0  (        0 /        0 )  0.00
          rem_bi         0  (        0 /        0 )  0.00
         offload         0  (        0 /        0 )  0.00
          rem_bi         0  (        0 /        0 )  0.00
         offload         0  (        0 /        0 )  0.00
           phase         0  (        0 /        0 )  0.00
        in_phase         0  (        0 /        0 )  0.00
       merge_bit         0  (        0 /        0 )  0.00
     merge_idrvr         0  (        0 /        0 )  0.00
     merge_iload         0  (        0 /        0 )  0.00
    merge_idload         0  (        0 /        0 )  0.00
      merge_drvr         0  (        0 /        0 )  0.00
      merge_load         0  (        0 /        0 )  0.00
          decomp         0  (        0 /        0 )  0.00
        p_decomp         0  (        0 /        0 )  0.00
        levelize         0  (        0 /        0 )  0.00
        mb_split         0  (        0 /        0 )  0.00
             dup         0  (        0 /        0 )  0.00
      mux_retime         0  (        0 /        0 )  0.00
         buf2inv         0  (        0 /        0 )  0.00
             exp         0  (        0 /        0 )  0.00
       gate_deco         0  (        0 /        0 )  0.00
       gcomp_tim         0  (        0 /        0 )  0.00
  inv_pair_2_buf         0  (        0 /        0 )  0.00


           Trick     Calls     Accepts   Attempts    Time(secs) 
-----------------------------------------------------------
         crr_220         0  (        0 /        0 )  0.00
        crr_glob         0  (        0 /        0 )  0.00
         crr_200         0  (        0 /        0 )  0.00
        crr_glob         0  (        0 /        0 )  0.00
         crr_300         0  (        0 /        0 )  0.00
        crr_glob         0  (        0 /        0 )  0.00
         crr_400         0  (        0 /        0 )  0.00
        crr_glob         0  (        0 /        0 )  0.00
         crr_111         0  (        0 /        0 )  0.00
        crr_glob         0  (        0 /        0 )  0.00
         crr_210         0  (        0 /        0 )  0.00
        crr_glob         0  (        0 /        0 )  0.00
         crr_110         0  (        0 /        0 )  0.00
        crr_glob         0  (        0 /        0 )  0.00
         crr_101         0  (        0 /        0 )  0.00
        crr_glob         0  (        0 /        0 )  0.00
         crr_201         0  (        0 /        0 )  0.00
        crr_glob         0  (        0 /        0 )  0.00
         crr_211         0  (        0 /        0 )  0.00
        crr_glob         0  (        0 /        0 )  0.00
        crit_msz         0  (        0 /        0 )  0.00
       crit_upsz         0  (        0 /        0 )  0.00
       crit_slew         0  (        0 /        0 )  0.00
        setup_dn         0  (        0 /        0 )  0.00
    plc_bal_star         0  (        0 /        0 )  0.00
     drc_buftimb         0  (        0 /        0 )  0.00
          plc_st         0  (        0 /        0 )  0.00
    plc_st_fence         0  (        0 /        0 )  0.00
        plc_star         0  (        0 /        0 )  0.00
      plc_laf_st         0  (        0 /        0 )  0.00
 plc_laf_st_fence         0  (        0 /        0 )  0.00
     drc_buftims         0  (        0 /        0 )  0.00
       plc_lo_st         0  (        0 /        0 )  0.00
            fopt         0  (        0 /        0 )  0.00
       crit_swap         0  (        0 /        0 )  0.00
       mux2_swap         0  (        0 /        0 )  0.00
       crit_dnsz         0  (        0 /        0 )  0.00
       load_swap         0  (        0 /        0 )  0.00
            fopt         0  (        0 /        0 )  0.00
        setup_dn         0  (        0 /        0 )  0.00
       load_isol         0  (        0 /        0 )  0.00
       load_isol         0  (        0 /        0 )  0.00
        move_for         0  (        0 /        0 )  0.00
        move_for         0  (        0 /        0 )  0.00
          rem_bi         0  (        0 /        0 )  0.00
         offload         0  (        0 /        0 )  0.00
          rem_bi         0  (        0 /        0 )  0.00
         offload         0  (        0 /        0 )  0.00
       merge_bit         0  (        0 /        0 )  0.00
     merge_idrvr         0  (        0 /        0 )  0.00
     merge_iload         0  (        0 /        0 )  0.00
    merge_idload         0  (        0 /        0 )  0.00
      merge_drvr         0  (        0 /        0 )  0.00
      merge_load         0  (        0 /        0 )  0.00
           phase         0  (        0 /        0 )  0.00
          decomp         0  (        0 /        0 )  0.00
        p_decomp         0  (        0 /        0 )  0.00
        levelize         0  (        0 /        0 )  0.00
        mb_split         0  (        0 /        0 )  0.00
        in_phase         0  (        0 /        0 )  0.00
             dup         0  (        0 /        0 )  0.00
      mux_retime         0  (        0 /        0 )  0.00
         buf2inv         0  (        0 /        0 )  0.00
             exp         0  (        0 /        0 )  0.00
       gate_deco         0  (        0 /        0 )  0.00
       gcomp_tim         0  (        0 /        0 )  0.00
  inv_pair_2_buf         0  (        0 /        0 )  0.00
 init_drc                   2728        0         0         0        0        0

           Trick     Calls     Accepts   Attempts    Time(secs) 
-----------------------------------------------------------
          plc_st         0  (        0 /        0 )  0.00
        plc_star         0  (        0 /        0 )  0.00
        drc_bufs         0  (        0 /        0 )  0.00
        drc_fopt         0  (        0 /        0 )  0.00
        drc_bufb         0  (        0 /        0 )  0.00
      simple_buf         0  (        0 /        0 )  0.00
             dup         0  (        0 /        0 )  0.00
       crit_dnsz         0  (        0 /        0 )  0.00
       crit_upsz         0  (        0 /        0 )  0.00
       crit_slew         0  (        0 /        0 )  0.00


           Trick     Calls     Accepts   Attempts    Time(secs) 
-----------------------------------------------------------
          plc_st         0  (        0 /        0 )  0.00
        plc_star         0  (        0 /        0 )  0.00
      drc_buf_sp         0  (        0 /        0 )  0.00
        drc_bufs         0  (        0 /        0 )  0.00
        drc_fopt         0  (        0 /        0 )  0.00
        drc_bufb         0  (        0 /        0 )  0.00
      simple_buf         0  (        0 /        0 )  0.00
             dup         0  (        0 /        0 )  0.00
       crit_dnsz         0  (        0 /        0 )  0.00
       crit_upsz         0  (        0 /        0 )  0.00


           Trick     Calls     Accepts   Attempts    Time(secs) 
-----------------------------------------------------------
          plc_st         0  (        0 /        0 )  0.00
        plc_star         0  (        0 /        0 )  0.00
      drc_buf_sp         0  (        0 /        0 )  0.00
        drc_bufs         0  (        0 /        0 )  0.00
        drc_fopt         0  (        0 /        0 )  0.00
        drc_bufb         0  (        0 /        0 )  0.00
             dup         0  (        0 /        0 )  0.00
       crit_dnsz         0  (        0 /        0 )  0.00
       crit_upsz         0  (        0 /        0 )  0.00

 init_tns                   2728        0         0         0        0        0

           Trick     Calls     Accepts   Attempts    Time(secs) 
-----------------------------------------------------------
            fopt         0  (        0 /        0 )  0.00
    plc_bal_star         0  (        0 /        0 )  0.00
     drc_buftimb         0  (        0 /        0 )  0.00
     drc_buftims         0  (        0 /        0 )  0.00
        crit_msz         0  (        0 /        0 )  0.00
       crit_upsz         0  (        0 /        0 )  0.00
   plc_laf_lo_st         0  (        0 /        0 )  0.00
       plc_lo_st         0  (        0 /        0 )  0.00
       crit_swap         0  (        0 /        0 )  0.00
       mux2_swap         0  (        0 /        0 )  0.00
       crit_dnsz         0  (        0 /        0 )  0.00
       load_swap         0  (        0 /        0 )  0.00
            fopt         0  (        0 /        0 )  0.00
        setup_dn         0  (        0 /        0 )  0.00
       load_isol         0  (        0 /        0 )  0.00
       load_isol         0  (        0 /        0 )  0.00
        move_for         0  (        0 /        0 )  0.00
        move_for         0  (        0 /        0 )  0.00
          rem_bi         0  (        0 /        0 )  0.00
         offload         0  (        0 /        0 )  0.00
          rem_bi         0  (        0 /        0 )  0.00
         offload         0  (        0 /        0 )  0.00
       merge_bit         0  (        0 /        0 )  0.00
     merge_idrvr         0  (        0 /        0 )  0.00
     merge_iload         0  (        0 /        0 )  0.00
    merge_idload         0  (        0 /        0 )  0.00
      merge_drvr         0  (        0 /        0 )  0.00
      merge_load         0  (        0 /        0 )  0.00
           phase         0  (        0 /        0 )  0.00
          decomp         0  (        0 /        0 )  0.00
        p_decomp         0  (        0 /        0 )  0.00
        levelize         0  (        0 /        0 )  0.00
        mb_split         0  (        0 /        0 )  0.00
             dup         0  (        0 /        0 )  0.00
      mux_retime         0  (        0 /        0 )  0.00
       crr_local         0  (        0 /        0 )  0.00
         buf2inv         0  (        0 /        0 )  0.00

 init_area                  2728        0         0         0        0        0
 rem_inv                    2727        0         0         0        0        0
 gate_comp                  2727        0         0         0        0        0

           Trick     Calls     Accepts   Attempts    Time(secs) 
-----------------------------------------------------------
           undup         0  (        0 /        0 )  0.00
         rem_buf         0  (        0 /        0 )  0.00
         rem_inv         8  (        1 /        1 )  0.02
        merge_bi         8  (        0 /        0 )  0.02
      rem_inv_qb       135  (        0 /        0 )  0.19
    seq_res_area         2  (        0 /        0 )  0.47
        io_phase        69  (        0 /        0 )  0.01
       gate_comp         7  (        1 /        1 )  0.06
       gcomp_mog         0  (        0 /        0 )  0.02
       glob_area        31  (        0 /       31 )  0.01
       area_down         1  (        0 /        0 )  0.01
      size_n_buf         0  (        0 /        0 )  0.00
  gate_deco_area         0  (        0 /        0 )  0.00
         rem_buf         0  (        0 /        0 )  0.00
         rem_inv         7  (        0 /        0 )  0.01
        merge_bi         8  (        0 /        0 )  0.02
      rem_inv_qb       135  (        0 /        0 )  0.19

 
Incremental optimization status
===============================
                                   Group   
                                  Tot Wrst     Total - - - - DRC Totals - - - -
                           Total  Weighted      Neg      Max       Max     Max  
Operation                   Area   Slacks      Slack    Trans      Cap   Fanout 
 init_delay                 2727        0         0         0        0        0

           Trick     Calls     Accepts   Attempts    Time(secs) 
-----------------------------------------------------------
         crr_220         0  (        0 /        0 )  0.00
        crr_glob         0  (        0 /        0 )  0.00
         crr_200         0  (        0 /        0 )  0.00
        crr_glob         0  (        0 /        0 )  0.00
         crr_300         0  (        0 /        0 )  0.00
        crr_glob         0  (        0 /        0 )  0.00
         crr_400         0  (        0 /        0 )  0.00
        crr_glob         0  (        0 /        0 )  0.00
         crr_111         0  (        0 /        0 )  0.00
        crr_glob         0  (        0 /        0 )  0.00
         crr_210         0  (        0 /        0 )  0.00
        crr_glob         0  (        0 /        0 )  0.00
         crr_110         0  (        0 /        0 )  0.00
        crr_glob         0  (        0 /        0 )  0.00
         crr_101         0  (        0 /        0 )  0.00
        crr_glob         0  (        0 /        0 )  0.00
         crr_201         0  (        0 /        0 )  0.00
        crr_glob         0  (        0 /        0 )  0.00
         crr_211         0  (        0 /        0 )  0.00
        crr_glob         0  (        0 /        0 )  0.00
        crit_msz         0  (        0 /        0 )  0.00
       crit_upsz         0  (        0 /        0 )  0.00
       crit_slew         0  (        0 /        0 )  0.00
        setup_dn         0  (        0 /        0 )  0.00
    plc_bal_star         0  (        0 /        0 )  0.00
     drc_buftimb         0  (        0 /        0 )  0.00
          plc_st         0  (        0 /        0 )  0.00
    plc_st_fence         0  (        0 /        0 )  0.00
        plc_star         0  (        0 /        0 )  0.00
      plc_laf_st         0  (        0 /        0 )  0.00
 plc_laf_st_fence         0  (        0 /        0 )  0.00
     drc_buftims         0  (        0 /        0 )  0.00
       plc_lo_st         0  (        0 /        0 )  0.00
            fopt         0  (        0 /        0 )  0.00
       crit_swap         0  (        0 /        0 )  0.00
       mux2_swap         0  (        0 /        0 )  0.00
       crit_dnsz         0  (        0 /        0 )  0.00
       load_swap         0  (        0 /        0 )  0.00
            fopt         0  (        0 /        0 )  0.00
        setup_dn         0  (        0 /        0 )  0.00
       load_isol         0  (        0 /        0 )  0.00
       load_isol         0  (        0 /        0 )  0.00
        move_for         0  (        0 /        0 )  0.00
        move_for         0  (        0 /        0 )  0.00
          rem_bi         0  (        0 /        0 )  0.00
         offload         0  (        0 /        0 )  0.00
          rem_bi         0  (        0 /        0 )  0.00
         offload         0  (        0 /        0 )  0.00
       merge_bit         0  (        0 /        0 )  0.00
     merge_idrvr         0  (        0 /        0 )  0.00
     merge_iload         0  (        0 /        0 )  0.00
    merge_idload         0  (        0 /        0 )  0.00
      merge_drvr         0  (        0 /        0 )  0.00
      merge_load         0  (        0 /        0 )  0.00
           phase         0  (        0 /        0 )  0.00
          decomp         0  (        0 /        0 )  0.00
        p_decomp         0  (        0 /        0 )  0.00
        levelize         0  (        0 /        0 )  0.00
        mb_split         0  (        0 /        0 )  0.00
        in_phase         0  (        0 /        0 )  0.00
             dup         0  (        0 /        0 )  0.00
      mux_retime         0  (        0 /        0 )  0.00
         buf2inv         0  (        0 /        0 )  0.00
             exp         0  (        0 /        0 )  0.00
       gate_deco         0  (        0 /        0 )  0.00
       gcomp_tim         0  (        0 /        0 )  0.00
  inv_pair_2_buf         0  (        0 /        0 )  0.00
 init_drc                   2727        0         0         0        0        0

           Trick     Calls     Accepts   Attempts    Time(secs) 
-----------------------------------------------------------
          plc_st         0  (        0 /        0 )  0.00
        plc_star         0  (        0 /        0 )  0.00
        drc_bufs         0  (        0 /        0 )  0.00
        drc_fopt         0  (        0 /        0 )  0.00
        drc_bufb         0  (        0 /        0 )  0.00
      simple_buf         0  (        0 /        0 )  0.00
             dup         0  (        0 /        0 )  0.00
       crit_dnsz         0  (        0 /        0 )  0.00
       crit_upsz         0  (        0 /        0 )  0.00
       crit_slew         0  (        0 /        0 )  0.00


           Trick     Calls     Accepts   Attempts    Time(secs) 
-----------------------------------------------------------
          plc_st         0  (        0 /        0 )  0.00
        plc_star         0  (        0 /        0 )  0.00
        drc_bufs         0  (        0 /        0 )  0.00
        drc_fopt         0  (        0 /        0 )  0.00
        drc_bufb         0  (        0 /        0 )  0.00
      simple_buf         0  (        0 /        0 )  0.00
             dup         0  (        0 /        0 )  0.00
       crit_dnsz         0  (        0 /        0 )  0.00
       crit_upsz         0  (        0 /        0 )  0.00


           Trick     Calls     Accepts   Attempts    Time(secs) 
-----------------------------------------------------------
          plc_st         0  (        0 /        0 )  0.00
        plc_star         0  (        0 /        0 )  0.00
        drc_bufs         0  (        0 /        0 )  0.00
        drc_fopt         0  (        0 /        0 )  0.00
        drc_bufb         0  (        0 /        0 )  0.00
             dup         0  (        0 /        0 )  0.00
       crit_dnsz         0  (        0 /        0 )  0.00
       crit_upsz         0  (        0 /        0 )  0.00

 init_tns                   2727        0         0         0        0        0

           Trick     Calls     Accepts   Attempts    Time(secs) 
-----------------------------------------------------------
            fopt         0  (        0 /        0 )  0.00
    plc_bal_star         0  (        0 /        0 )  0.00
     drc_buftimb         0  (        0 /        0 )  0.00
     drc_buftims         0  (        0 /        0 )  0.00
        crit_msz         0  (        0 /        0 )  0.00
       crit_upsz         0  (        0 /        0 )  0.00
   plc_laf_lo_st         0  (        0 /        0 )  0.00
       plc_lo_st         0  (        0 /        0 )  0.00
       crit_swap         0  (        0 /        0 )  0.00
       mux2_swap         0  (        0 /        0 )  0.00
       crit_dnsz         0  (        0 /        0 )  0.00
       load_swap         0  (        0 /        0 )  0.00
            fopt         0  (        0 /        0 )  0.00
        setup_dn         0  (        0 /        0 )  0.00
       load_isol         0  (        0 /        0 )  0.00
       load_isol         0  (        0 /        0 )  0.00
        move_for         0  (        0 /        0 )  0.00
        move_for         0  (        0 /        0 )  0.00
          rem_bi         0  (        0 /        0 )  0.00
         offload         0  (        0 /        0 )  0.00
          rem_bi         0  (        0 /        0 )  0.00
         offload         0  (        0 /        0 )  0.00
       merge_bit         0  (        0 /        0 )  0.00
     merge_idrvr         0  (        0 /        0 )  0.00
     merge_iload         0  (        0 /        0 )  0.00
    merge_idload         0  (        0 /        0 )  0.00
      merge_drvr         0  (        0 /        0 )  0.00
      merge_load         0  (        0 /        0 )  0.00
           phase         0  (        0 /        0 )  0.00
          decomp         0  (        0 /        0 )  0.00
        p_decomp         0  (        0 /        0 )  0.00
        levelize         0  (        0 /        0 )  0.00
        mb_split         0  (        0 /        0 )  0.00
             dup         0  (        0 /        0 )  0.00
      mux_retime         0  (        0 /        0 )  0.00
       crr_local         0  (        0 /        0 )  0.00
         buf2inv         0  (        0 /        0 )  0.00

 init_area                  2727        0         0         0        0        0

           Trick     Calls     Accepts   Attempts    Time(secs) 
-----------------------------------------------------------
           undup         0  (        0 /        0 )  0.00
         rem_buf         0  (        0 /        0 )  0.00
         rem_inv         7  (        0 /        0 )  0.01
        merge_bi         8  (        0 /        0 )  0.02
      rem_inv_qb       135  (        0 /        0 )  0.20
        io_phase        69  (        0 /        0 )  0.01
       gate_comp         6  (        0 /        0 )  0.06
       gcomp_mog         0  (        0 /        0 )  0.02
       glob_area        31  (        0 /       31 )  0.01
       area_down         1  (        0 /        0 )  0.01
      size_n_buf         0  (        0 /        0 )  0.00
  gate_deco_area         0  (        0 /        0 )  0.00

 
Incremental optimization status
===============================
                                   Group   
                                  Tot Wrst     Total - - - - DRC Totals - - - -
                           Total  Weighted      Neg      Max       Max     Max  
Operation                   Area   Slacks      Slack    Trans      Cap   Fanout 
 init_delay                 2727        0         0         0        0        0

           Trick     Calls     Accepts   Attempts    Time(secs) 
-----------------------------------------------------------
        crit_msz         0  (        0 /        0 )  0.00
       crit_upsz         0  (        0 /        0 )  0.00
       crit_slew         0  (        0 /        0 )  0.00
        setup_dn         0  (        0 /        0 )  0.00
    plc_bal_star         0  (        0 /        0 )  0.00
     drc_buftimb         0  (        0 /        0 )  0.00
          plc_st         0  (        0 /        0 )  0.00
    plc_st_fence         0  (        0 /        0 )  0.00
        plc_star         0  (        0 /        0 )  0.00
      plc_laf_st         0  (        0 /        0 )  0.00
 plc_laf_st_fence         0  (        0 /        0 )  0.00
     drc_buftims         0  (        0 /        0 )  0.00
   plc_laf_lo_st         0  (        0 /        0 )  0.00
       plc_lo_st         0  (        0 /        0 )  0.00
            fopt         0  (        0 /        0 )  0.00
       crit_swap         0  (        0 /        0 )  0.00
       mux2_swap         0  (        0 /        0 )  0.00
       crit_dnsz         0  (        0 /        0 )  0.00
       load_swap         0  (        0 /        0 )  0.00
            fopt         0  (        0 /        0 )  0.00
        setup_dn         0  (        0 /        0 )  0.00
       load_isol         0  (        0 /        0 )  0.00
       load_isol         0  (        0 /        0 )  0.00
        move_for         0  (        0 /        0 )  0.00
        move_for         0  (        0 /        0 )  0.00
          rem_bi         0  (        0 /        0 )  0.00
         offload         0  (        0 /        0 )  0.00
          rem_bi         0  (        0 /        0 )  0.00
         offload         0  (        0 /        0 )  0.00
           phase         0  (        0 /        0 )  0.00
        in_phase         0  (        0 /        0 )  0.00
       merge_bit         0  (        0 /        0 )  0.00
     merge_idrvr         0  (        0 /        0 )  0.00
     merge_iload         0  (        0 /        0 )  0.00
    merge_idload         0  (        0 /        0 )  0.00
      merge_drvr         0  (        0 /        0 )  0.00
      merge_load         0  (        0 /        0 )  0.00
          decomp         0  (        0 /        0 )  0.00
        p_decomp         0  (        0 /        0 )  0.00
        levelize         0  (        0 /        0 )  0.00
        mb_split         0  (        0 /        0 )  0.00
             dup         0  (        0 /        0 )  0.00
      mux_retime         0  (        0 /        0 )  0.00
         buf2inv         0  (        0 /        0 )  0.00
             exp         0  (        0 /        0 )  0.00
       gate_deco         0  (        0 /        0 )  0.00
       gcomp_tim         0  (        0 /        0 )  0.00
  inv_pair_2_buf         0  (        0 /        0 )  0.00

 init_drc                   2727        0         0         0        0        0

           Trick     Calls     Accepts   Attempts    Time(secs) 
-----------------------------------------------------------
          plc_st         0  (        0 /        0 )  0.00
        plc_star         0  (        0 /        0 )  0.00
        drc_bufs         0  (        0 /        0 )  0.00
        drc_fopt         0  (        0 /        0 )  0.00
        drc_bufb         0  (        0 /        0 )  0.00
      simple_buf         0  (        0 /        0 )  0.00
             dup         0  (        0 /        0 )  0.00
       crit_dnsz         0  (        0 /        0 )  0.00
       crit_upsz         0  (        0 /        0 )  0.00
       crit_slew         0  (        0 /        0 )  0.00


           Trick     Calls     Accepts   Attempts    Time(secs) 
-----------------------------------------------------------
          plc_st         0  (        0 /        0 )  0.00
        plc_star         0  (        0 /        0 )  0.00
        drc_bufs         0  (        0 /        0 )  0.00
        drc_fopt         0  (        0 /        0 )  0.00
        drc_bufb         0  (        0 /        0 )  0.00
      simple_buf         0  (        0 /        0 )  0.00
             dup         0  (        0 /        0 )  0.00
       crit_dnsz         0  (        0 /        0 )  0.00
       crit_upsz         0  (        0 /        0 )  0.00


           Trick     Calls     Accepts   Attempts    Time(secs) 
-----------------------------------------------------------
          plc_st         0  (        0 /        0 )  0.00
        plc_star         0  (        0 /        0 )  0.00
        drc_bufs         0  (        0 /        0 )  0.00
        drc_fopt         0  (        0 /        0 )  0.00
        drc_bufb         0  (        0 /        0 )  0.00
             dup         0  (        0 /        0 )  0.00
       crit_dnsz         0  (        0 /        0 )  0.00
       crit_upsz         0  (        0 /        0 )  0.00

==================================
Stage : incr_opt 
==================================
  =================
   Message Summary
  =================
---------------------------------------------------------------------------
|   Id   |  Sev  |Count|                   Message Text                   |
---------------------------------------------------------------------------
|CFM-1   |Info   |    1|Wrote dofile.                                     |
|CFM-5   |Info   |    1|Wrote formal verification information.            |
|PA-7    |Info   |    4|Resetting power analysis results.                 |
|        |       |     |All computed switching activities are removed.    |
|SYNTH-5 |Info   |    1|Done mapping.                                     |
|SYNTH-7 |Info   |    1|Incrementally optimizing.                         |
|SYNTH-33|Warning|    1|The selected flow setting will be removed in a    |
|        |       |     | future release.                                  |
|        |       |     |Contact Cadence support to understand current     |
|        |       |     | flows.                                           |
---------------------------------------------------------------------------
Info    : Done incrementally optimizing. [SYNTH-8]
        : Done incrementally optimizing 'aer64_pending_iprra_rr'.
      flow.cputime  flow.realtime  timing.setup.tns  timing.setup.wns  snapshot
UM:*                                                                   syn_opt
@file(aer45_genus_sweep.tcl) 41: report_area > [file join $out_dir genus_area.rpt]
@file(aer45_genus_sweep.tcl) 42: report_gates > [file join $out_dir genus_gates.rpt]
@file(aer45_genus_sweep.tcl) 43: report_timing -max_paths 100 > [file join $out_dir genus_timing.rpt]
@file(aer45_genus_sweep.tcl) 44: report_power > [file join $out_dir genus_power.rpt]
Warning: Library 'slow_vdd1v0' found in multiple domains.
Info: Use -domain to uniquify.
Info: Selecting library 'slow_vdd1v0' in domain '-1'
Info    : Joules engine is used. [RPT-16]
        : Joules engine is being used for the command report_power.
Info   : ACTP-0001 [ACTPInfo] Activity propagation started for stim#0 netlist
       : aer64_pending_iprra_rr
Info   : ACTP-0009 [ACTPInfo] Activity Propagation Progress Report :   0%   1%   2%   3%   4%   5%   6%   7%   8%   9%  10%  11%  12%  13%  14%  15%  16%  17%  18%  19%  20%  21%  22%  23%  24%  25%  26%  27%  28%  29%  30%  31%  32%  33%  34%  35%  36%  37%  38%  39%  40%  41%  42%  43%  44%  45%  46%  47%  48%  49%  50%  51%  52%  53%  54%  55%  56%  57%  58%  59%  60%  61%  62%  63%  64%  65%  66%  67%  68%  69%  70%  71%  72%  73%  74%  75%  76%  77%  78%  79%  80%  81%  82%  83%  84%  85%  86%  87%  88%  89%  90%  91%  92%  93%  94%  95%  96%  97%  98%  99% 100%
Info   : ACTP-0001 Activity propagation ended for stim#0
Info   : PWRA-0001 [PwrInfo] compute_power effective options 
       : -mode : vectorless
       : -skip_propagation : 1
       : -frequency_scaling_factor : 1.0
       : -use_clock_freq : stim
       : -stim :/stim#0
       : -fromGenus : 1
Info   : ACTP-0001 Timing initialization started
Info   : ACTP-0001 Timing initialization ended
Info   : PWRA-0002 [PwrInfo] Skipping activity propagation due to -skip_ap
       : option....
Warning: PWRA-0302 [PwrWarn] Frequency scaling is not applicable for vectorless
       : flow. Ignoring frequency scaling.
Warning: PWRA-0304 [PwrWarn] -stim option is not applicable with vectorless mode
       : of power analysis, ignored this option.
Info   : PWRA-0002 Started 'vectorless' power computation.
Info   : PWRA-0009 [PwrInfo] Power Computation Progress Report :   0%   1%   2%   3%   4%   5%   6%   7%   8%   9%  10%  11%  12%  13%  14%  15%  16%  17%  18%  19%  20%  21%  22%  23%  24%  25%  26%  27%  28%  29%  30%  31%  32%  33%  34%  35%  36%  37%  38%  39%  40%  41%  42%  43%  44%  45%  46%  47%  48%  49%  50%  51%  52%  53%  54%  55%  56%  57%  58%  59%  60%  61%  62%  63%  64%  65%  66%  67%  68%  69%  70%  71%  72%  73%  74%  75%  76%  77%  78%  79%  80%  81%  82%  83%  84%  85%  86%  87%  88%  89%  90%  91%  92%  93%  94%  95%  96%  97%  98%  99% 100%
Info   : PWRA-0002 Finished power computation.
Info   : PWRA-0007 [PwrInfo] Completed successfully.
       : Info=6, Warn=2, Error=0, Fatal=0
Output file: <REMOTE_WORKSPACE>/reports/aer64iprra/genus_power.rpt
@file(aer45_genus_sweep.tcl) 45: report_qor > [file join $out_dir genus_qor.rpt]
@file(aer45_genus_sweep.tcl) 46: write_hdl > [file join $out_dir ${top}_mapped.v]
@file(aer45_genus_sweep.tcl) 47: write_sdc > [file join $out_dir ${top}_mapped.sdc]
Finished SDC export (command execution time mm:ss (real) = 00:00).
@file(aer45_genus_sweep.tcl) 48: puts "AER45_GENUS_DONE tag=$tag top=$top"
AER45_GENUS_DONE tag=aer64iprra top=aer64_pending_iprra_rr
@file(aer45_genus_sweep.tcl) 49: exit

Lic Summary:
[14:54:12.057843] Cdslmd servers: snu
[14:54:12.582144] Feature usage summary:
[14:54:12.582145] Genus_Synthesis

Normal exit.
