============================================================
  Generated by:           Genus(TM) Synthesis Solution 23.14-s090_1
  Generated on:           Aug 21 2026  02:45:47 am
  Module:                 aer_pending_direct_gray_sync_core_reset
  Operating conditions:   typical (balanced_tree)
  Wireload mode:          enclosed
  Area mode:              timing library
============================================================


Path 1: MET (6657 ps) Setup Check with Pin pending_q_reg[14]/CK->D
          Group: clk
     Startpoint: (R) req_sync_q_reg[0]/CK
          Clock: (R) clk
       Endpoint: (F) pending_q_reg[14]/D
          Clock: (R) clk

                     Capture       Launch     
        Clock Edge:+   10000            0     
       Src Latency:+       0            0     
       Net Latency:+       0 (I)        0 (I) 
           Arrival:=   10000            0     
                                              
             Setup:-     213                  
     Required Time:=    9787                  
      Launch Clock:-       0                  
         Data Path:-    3130                  
             Slack:=    6657                  

#----------------------------------------------------------------------------------------------
#    Timing Point      Flags    Arc   Edge   Cell     Fanout Load Trans Delay Arrival Instance 
#                                                            (fF)  (ps)  (ps)   (ps)  Location 
#----------------------------------------------------------------------------------------------
  req_sync_q_reg[0]/CK -       -      R     (arrival)     75    -     0     0       0    (-,-) 
  req_sync_q_reg[0]/QN (P)     CK->QN F     DFFX1          2  5.8    57   292     292    (-,-) 
  g5883__3680/Y        -       A1N->Y F     AOI2BB1X1      3 11.0    96   201     493    (-,-) 
  g5862__1666/Y        -       B->Y   R     NAND2X1        2  8.6   120    96     589    (-,-) 
  g5841__2883/Y        -       B->Y   F     NOR2X1         2  8.5    70    59     648    (-,-) 
  g5831__5122/Y        -       B->Y   R     NAND2X1        2  8.1   115    87     735    (-,-) 
  g5829/Y              -       A->Y   F     INVX1          1  3.5    42    30     764    (-,-) 
  g5821__5526/Y        -       A0->Y  R     OAI21XL        8 32.1   647   384    1148    (-,-) 
  g5820/Y              -       A->Y   F     INVX1          6 25.0   221   141    1288    (-,-) 
  g5816__5107/Y        -       A0->Y  R     AOI22X1        2  7.0   198   154    1443    (-,-) 
  g5799__9945/Y        -       A1N->Y R     OAI2BB2X1      5 20.2   341   202    1644    (-,-) 
  g5798/Y              -       A->Y   F     INVX1          3 12.3   112    70    1714    (-,-) 
  g5794__6161/Y        -       A0->Y  R     AOI22X1        2  7.0   201   128    1842    (-,-) 
  g5792__4733/Y        -       A1N->Y R     OAI2BB2X1      5 19.9   338   201    2043    (-,-) 
  g5789__1881/Y        -       A->Y   F     NAND2X1        5 14.7   136    90    2133    (-,-) 
  g5779__5107/Y        -       A0N->Y F     AOI2BB1XL      1  3.4    64   168    2300    (-,-) 
  g5770__7410/Y        -       C0->Y  R     OAI221XL       1  4.4   298    82    2382    (-,-) 
  g5768__2346/Y        -       B0->Y  F     AOI22X1        1  4.7   126    86    2469    (-,-) 
  g5767__2883/Y        -       B0->Y  R     OAI22X1        1  6.9   245   160    2629    (-,-) 
  g5766__9945/Y        -       S0->Y  R     MXI2X1         4 15.2   285   184    2813    (-,-) 
  g5765/Y              -       A->Y   F     INVX1          2  7.0    80    43    2856    (-,-) 
  g5760__5115/Y        -       A0->Y  R     OAI21XL        4 12.8   324   208    3064    (-,-) 
  g5749__4319/Y        -       A0->Y  F     AOI21XL        1  2.1    97    66    3130    (-,-) 
  pending_q_reg[14]/D  -       -      F     DFFHQX1        1    -     -     0    3130    (-,-) 
#----------------------------------------------------------------------------------------------

(P) : Instance is preserved



Path 2: MET (6657 ps) Setup Check with Pin pending_q_reg[12]/CK->D
          Group: clk
     Startpoint: (R) req_sync_q_reg[0]/CK
          Clock: (R) clk
       Endpoint: (F) pending_q_reg[12]/D
          Clock: (R) clk

                     Capture       Launch     
        Clock Edge:+   10000            0     
       Src Latency:+       0            0     
       Net Latency:+       0 (I)        0 (I) 
           Arrival:=   10000            0     
                                              
             Setup:-     213                  
     Required Time:=    9787                  
      Launch Clock:-       0                  
         Data Path:-    3130                  
             Slack:=    6657                  

#----------------------------------------------------------------------------------------------
#    Timing Point      Flags    Arc   Edge   Cell     Fanout Load Trans Delay Arrival Instance 
#                                                            (fF)  (ps)  (ps)   (ps)  Location 
#----------------------------------------------------------------------------------------------
  req_sync_q_reg[0]/CK -       -      R     (arrival)     75    -     0     0       0    (-,-) 
  req_sync_q_reg[0]/QN (P)     CK->QN F     DFFX1          2  5.8    57   292     292    (-,-) 
  g5883__3680/Y        -       A1N->Y F     AOI2BB1X1      3 11.0    96   201     493    (-,-) 
  g5862__1666/Y        -       B->Y   R     NAND2X1        2  8.6   120    96     589    (-,-) 
  g5841__2883/Y        -       B->Y   F     NOR2X1         2  8.5    70    59     648    (-,-) 
  g5831__5122/Y        -       B->Y   R     NAND2X1        2  8.1   115    87     735    (-,-) 
  g5829/Y              -       A->Y   F     INVX1          1  3.5    42    30     764    (-,-) 
  g5821__5526/Y        -       A0->Y  R     OAI21XL        8 32.1   647   384    1148    (-,-) 
  g5820/Y              -       A->Y   F     INVX1          6 25.0   221   141    1288    (-,-) 
  g5816__5107/Y        -       A0->Y  R     AOI22X1        2  7.0   198   154    1443    (-,-) 
  g5799__9945/Y        -       A1N->Y R     OAI2BB2X1      5 20.2   341   202    1644    (-,-) 
  g5798/Y              -       A->Y   F     INVX1          3 12.3   112    70    1714    (-,-) 
  g5794__6161/Y        -       A0->Y  R     AOI22X1        2  7.0   201   128    1842    (-,-) 
  g5792__4733/Y        -       A1N->Y R     OAI2BB2X1      5 19.9   338   201    2043    (-,-) 
  g5789__1881/Y        -       A->Y   F     NAND2X1        5 14.7   136    90    2133    (-,-) 
  g5779__5107/Y        -       A0N->Y F     AOI2BB1XL      1  3.4    64   168    2300    (-,-) 
  g5770__7410/Y        -       C0->Y  R     OAI221XL       1  4.4   298    82    2382    (-,-) 
  g5768__2346/Y        -       B0->Y  F     AOI22X1        1  4.7   126    86    2469    (-,-) 
  g5767__2883/Y        -       B0->Y  R     OAI22X1        1  6.9   245   160    2629    (-,-) 
  g5766__9945/Y        -       S0->Y  R     MXI2X1         4 15.2   285   184    2813    (-,-) 
  g5765/Y              -       A->Y   F     INVX1          2  7.0    80    43    2856    (-,-) 
  g5760__5115/Y        -       A0->Y  R     OAI21XL        4 12.8   324   208    3064    (-,-) 
  g5746__2398/Y        -       A0->Y  F     AOI21XL        1  2.1    97    66    3130    (-,-) 
  pending_q_reg[12]/D  -       -      F     DFFHQX1        1    -     -     0    3130    (-,-) 
#----------------------------------------------------------------------------------------------

(P) : Instance is preserved



Path 3: MET (6657 ps) Setup Check with Pin pending_q_reg[10]/CK->D
          Group: clk
     Startpoint: (R) req_sync_q_reg[0]/CK
          Clock: (R) clk
       Endpoint: (F) pending_q_reg[10]/D
          Clock: (R) clk

                     Capture       Launch     
        Clock Edge:+   10000            0     
       Src Latency:+       0            0     
       Net Latency:+       0 (I)        0 (I) 
           Arrival:=   10000            0     
                                              
             Setup:-     213                  
     Required Time:=    9787                  
      Launch Clock:-       0                  
         Data Path:-    3130                  
             Slack:=    6657                  

#----------------------------------------------------------------------------------------------
#    Timing Point      Flags    Arc   Edge   Cell     Fanout Load Trans Delay Arrival Instance 
#                                                            (fF)  (ps)  (ps)   (ps)  Location 
#----------------------------------------------------------------------------------------------
  req_sync_q_reg[0]/CK -       -      R     (arrival)     75    -     0     0       0    (-,-) 
  req_sync_q_reg[0]/QN (P)     CK->QN F     DFFX1          2  5.8    57   292     292    (-,-) 
  g5883__3680/Y        -       A1N->Y F     AOI2BB1X1      3 11.0    96   201     493    (-,-) 
  g5862__1666/Y        -       B->Y   R     NAND2X1        2  8.6   120    96     589    (-,-) 
  g5841__2883/Y        -       B->Y   F     NOR2X1         2  8.5    70    59     648    (-,-) 
  g5831__5122/Y        -       B->Y   R     NAND2X1        2  8.1   115    87     735    (-,-) 
  g5829/Y              -       A->Y   F     INVX1          1  3.5    42    30     764    (-,-) 
  g5821__5526/Y        -       A0->Y  R     OAI21XL        8 32.1   647   384    1148    (-,-) 
  g5820/Y              -       A->Y   F     INVX1          6 25.0   221   141    1288    (-,-) 
  g5816__5107/Y        -       A0->Y  R     AOI22X1        2  7.0   198   154    1443    (-,-) 
  g5799__9945/Y        -       A1N->Y R     OAI2BB2X1      5 20.2   341   202    1644    (-,-) 
  g5798/Y              -       A->Y   F     INVX1          3 12.3   112    70    1714    (-,-) 
  g5794__6161/Y        -       A0->Y  R     AOI22X1        2  7.0   201   128    1842    (-,-) 
  g5792__4733/Y        -       A1N->Y R     OAI2BB2X1      5 19.9   338   201    2043    (-,-) 
  g5789__1881/Y        -       A->Y   F     NAND2X1        5 14.7   136    90    2133    (-,-) 
  g5779__5107/Y        -       A0N->Y F     AOI2BB1XL      1  3.4    64   168    2300    (-,-) 
  g5770__7410/Y        -       C0->Y  R     OAI221XL       1  4.4   298    82    2382    (-,-) 
  g5768__2346/Y        -       B0->Y  F     AOI22X1        1  4.7   126    86    2469    (-,-) 
  g5767__2883/Y        -       B0->Y  R     OAI22X1        1  6.9   245   160    2629    (-,-) 
  g5766__9945/Y        -       S0->Y  R     MXI2X1         4 15.2   285   184    2813    (-,-) 
  g5765/Y              -       A->Y   F     INVX1          2  7.0    80    43    2856    (-,-) 
  g5760__5115/Y        -       A0->Y  R     OAI21XL        4 12.8   324   208    3064    (-,-) 
  g5745__8428/Y        -       A0->Y  F     AOI21XL        1  2.1    97    66    3130    (-,-) 
  pending_q_reg[10]/D  -       -      F     DFFHQX1        1    -     -     0    3130    (-,-) 
#----------------------------------------------------------------------------------------------

(P) : Instance is preserved



Path 4: MET (6657 ps) Setup Check with Pin pending_q_reg[8]/CK->D
          Group: clk
     Startpoint: (R) req_sync_q_reg[0]/CK
          Clock: (R) clk
       Endpoint: (F) pending_q_reg[8]/D
          Clock: (R) clk

                     Capture       Launch     
        Clock Edge:+   10000            0     
       Src Latency:+       0            0     
       Net Latency:+       0 (I)        0 (I) 
           Arrival:=   10000            0     
                                              
             Setup:-     213                  
     Required Time:=    9787                  
      Launch Clock:-       0                  
         Data Path:-    3130                  
             Slack:=    6657                  

#----------------------------------------------------------------------------------------------
#    Timing Point      Flags    Arc   Edge   Cell     Fanout Load Trans Delay Arrival Instance 
#                                                            (fF)  (ps)  (ps)   (ps)  Location 
#----------------------------------------------------------------------------------------------
  req_sync_q_reg[0]/CK -       -      R     (arrival)     75    -     0     0       0    (-,-) 
  req_sync_q_reg[0]/QN (P)     CK->QN F     DFFX1          2  5.8    57   292     292    (-,-) 
  g5883__3680/Y        -       A1N->Y F     AOI2BB1X1      3 11.0    96   201     493    (-,-) 
  g5862__1666/Y        -       B->Y   R     NAND2X1        2  8.6   120    96     589    (-,-) 
  g5841__2883/Y        -       B->Y   F     NOR2X1         2  8.5    70    59     648    (-,-) 
  g5831__5122/Y        -       B->Y   R     NAND2X1        2  8.1   115    87     735    (-,-) 
  g5829/Y              -       A->Y   F     INVX1          1  3.5    42    30     764    (-,-) 
  g5821__5526/Y        -       A0->Y  R     OAI21XL        8 32.1   647   384    1148    (-,-) 
  g5820/Y              -       A->Y   F     INVX1          6 25.0   221   141    1288    (-,-) 
  g5816__5107/Y        -       A0->Y  R     AOI22X1        2  7.0   198   154    1443    (-,-) 
  g5799__9945/Y        -       A1N->Y R     OAI2BB2X1      5 20.2   341   202    1644    (-,-) 
  g5798/Y              -       A->Y   F     INVX1          3 12.3   112    70    1714    (-,-) 
  g5794__6161/Y        -       A0->Y  R     AOI22X1        2  7.0   201   128    1842    (-,-) 
  g5792__4733/Y        -       A1N->Y R     OAI2BB2X1      5 19.9   338   201    2043    (-,-) 
  g5789__1881/Y        -       A->Y   F     NAND2X1        5 14.7   136    90    2133    (-,-) 
  g5779__5107/Y        -       A0N->Y F     AOI2BB1XL      1  3.4    64   168    2300    (-,-) 
  g5770__7410/Y        -       C0->Y  R     OAI221XL       1  4.4   298    82    2382    (-,-) 
  g5768__2346/Y        -       B0->Y  F     AOI22X1        1  4.7   126    86    2469    (-,-) 
  g5767__2883/Y        -       B0->Y  R     OAI22X1        1  6.9   245   160    2629    (-,-) 
  g5766__9945/Y        -       S0->Y  R     MXI2X1         4 15.2   285   184    2813    (-,-) 
  g5765/Y              -       A->Y   F     INVX1          2  7.0    80    43    2856    (-,-) 
  g5760__5115/Y        -       A0->Y  R     OAI21XL        4 12.8   324   208    3064    (-,-) 
  g5747__5107/Y        -       A0->Y  F     AOI21XL        1  2.1    97    66    3130    (-,-) 
  pending_q_reg[8]/D   -       -      F     DFFHQX1        1    -     -     0    3130    (-,-) 
#----------------------------------------------------------------------------------------------

(P) : Instance is preserved



Path 5: MET (6657 ps) Setup Check with Pin pending_q_reg[6]/CK->D
          Group: clk
     Startpoint: (R) req_sync_q_reg[0]/CK
          Clock: (R) clk
       Endpoint: (F) pending_q_reg[6]/D
          Clock: (R) clk

                     Capture       Launch     
        Clock Edge:+   10000            0     
       Src Latency:+       0            0     
       Net Latency:+       0 (I)        0 (I) 
           Arrival:=   10000            0     
                                              
             Setup:-     213                  
     Required Time:=    9787                  
      Launch Clock:-       0                  
         Data Path:-    3130                  
             Slack:=    6657                  

#----------------------------------------------------------------------------------------------
#    Timing Point      Flags    Arc   Edge   Cell     Fanout Load Trans Delay Arrival Instance 
#                                                            (fF)  (ps)  (ps)   (ps)  Location 
#----------------------------------------------------------------------------------------------
  req_sync_q_reg[0]/CK -       -      R     (arrival)     75    -     0     0       0    (-,-) 
  req_sync_q_reg[0]/QN (P)     CK->QN F     DFFX1          2  5.8    57   292     292    (-,-) 
  g5883__3680/Y        -       A1N->Y F     AOI2BB1X1      3 11.0    96   201     493    (-,-) 
  g5862__1666/Y        -       B->Y   R     NAND2X1        2  8.6   120    96     589    (-,-) 
  g5841__2883/Y        -       B->Y   F     NOR2X1         2  8.5    70    59     648    (-,-) 
  g5831__5122/Y        -       B->Y   R     NAND2X1        2  8.1   115    87     735    (-,-) 
  g5829/Y              -       A->Y   F     INVX1          1  3.5    42    30     764    (-,-) 
  g5821__5526/Y        -       A0->Y  R     OAI21XL        8 32.1   647   384    1148    (-,-) 
  g5820/Y              -       A->Y   F     INVX1          6 25.0   221   141    1288    (-,-) 
  g5816__5107/Y        -       A0->Y  R     AOI22X1        2  7.0   198   154    1443    (-,-) 
  g5799__9945/Y        -       A1N->Y R     OAI2BB2X1      5 20.2   341   202    1644    (-,-) 
  g5798/Y              -       A->Y   F     INVX1          3 12.3   112    70    1714    (-,-) 
  g5794__6161/Y        -       A0->Y  R     AOI22X1        2  7.0   201   128    1842    (-,-) 
  g5792__4733/Y        -       A1N->Y R     OAI2BB2X1      5 19.9   338   201    2043    (-,-) 
  g5789__1881/Y        -       A->Y   F     NAND2X1        5 14.7   136    90    2133    (-,-) 
  g5779__5107/Y        -       A0N->Y F     AOI2BB1XL      1  3.4    64   168    2300    (-,-) 
  g5770__7410/Y        -       C0->Y  R     OAI221XL       1  4.4   298    82    2382    (-,-) 
  g5768__2346/Y        -       B0->Y  F     AOI22X1        1  4.7   126    86    2469    (-,-) 
  g5767__2883/Y        -       B0->Y  R     OAI22X1        1  6.9   245   160    2629    (-,-) 
  g5766__9945/Y        -       S0->Y  R     MXI2X1         4 15.2   285   184    2813    (-,-) 
  g5765/Y              -       A->Y   F     INVX1          2  7.0    80    43    2856    (-,-) 
  g5764__7482/Y        -       A0->Y  R     OAI21XL        4 12.8   323   208    3064    (-,-) 
  g5757__6260/Y        -       A0->Y  F     AOI21XL        1  2.1    97    65    3130    (-,-) 
  pending_q_reg[6]/D   -       -      F     DFFHQX1        1    -     -     0    3130    (-,-) 
#----------------------------------------------------------------------------------------------

(P) : Instance is preserved



Path 6: MET (6657 ps) Setup Check with Pin pending_q_reg[4]/CK->D
          Group: clk
     Startpoint: (R) req_sync_q_reg[0]/CK
          Clock: (R) clk
       Endpoint: (F) pending_q_reg[4]/D
          Clock: (R) clk

                     Capture       Launch     
        Clock Edge:+   10000            0     
       Src Latency:+       0            0     
       Net Latency:+       0 (I)        0 (I) 
           Arrival:=   10000            0     
                                              
             Setup:-     213                  
     Required Time:=    9787                  
      Launch Clock:-       0                  
         Data Path:-    3130                  
             Slack:=    6657                  

#----------------------------------------------------------------------------------------------
#    Timing Point      Flags    Arc   Edge   Cell     Fanout Load Trans Delay Arrival Instance 
#                                                            (fF)  (ps)  (ps)   (ps)  Location 
#----------------------------------------------------------------------------------------------
  req_sync_q_reg[0]/CK -       -      R     (arrival)     75    -     0     0       0    (-,-) 
  req_sync_q_reg[0]/QN (P)     CK->QN F     DFFX1          2  5.8    57   292     292    (-,-) 
  g5883__3680/Y        -       A1N->Y F     AOI2BB1X1      3 11.0    96   201     493    (-,-) 
  g5862__1666/Y        -       B->Y   R     NAND2X1        2  8.6   120    96     589    (-,-) 
  g5841__2883/Y        -       B->Y   F     NOR2X1         2  8.5    70    59     648    (-,-) 
  g5831__5122/Y        -       B->Y   R     NAND2X1        2  8.1   115    87     735    (-,-) 
  g5829/Y              -       A->Y   F     INVX1          1  3.5    42    30     764    (-,-) 
  g5821__5526/Y        -       A0->Y  R     OAI21XL        8 32.1   647   384    1148    (-,-) 
  g5820/Y              -       A->Y   F     INVX1          6 25.0   221   141    1288    (-,-) 
  g5816__5107/Y        -       A0->Y  R     AOI22X1        2  7.0   198   154    1443    (-,-) 
  g5799__9945/Y        -       A1N->Y R     OAI2BB2X1      5 20.2   341   202    1644    (-,-) 
  g5798/Y              -       A->Y   F     INVX1          3 12.3   112    70    1714    (-,-) 
  g5794__6161/Y        -       A0->Y  R     AOI22X1        2  7.0   201   128    1842    (-,-) 
  g5792__4733/Y        -       A1N->Y R     OAI2BB2X1      5 19.9   338   201    2043    (-,-) 
  g5789__1881/Y        -       A->Y   F     NAND2X1        5 14.7   136    90    2133    (-,-) 
  g5779__5107/Y        -       A0N->Y F     AOI2BB1XL      1  3.4    64   168    2300    (-,-) 
  g5770__7410/Y        -       C0->Y  R     OAI221XL       1  4.4   298    82    2382    (-,-) 
  g5768__2346/Y        -       B0->Y  F     AOI22X1        1  4.7   126    86    2469    (-,-) 
  g5767__2883/Y        -       B0->Y  R     OAI22X1        1  6.9   245   160    2629    (-,-) 
  g5766__9945/Y        -       S0->Y  R     MXI2X1         4 15.2   285   184    2813    (-,-) 
  g5765/Y              -       A->Y   F     INVX1          2  7.0    80    43    2856    (-,-) 
  g5764__7482/Y        -       A0->Y  R     OAI21XL        4 12.8   323   208    3064    (-,-) 
  g5754__6783/Y        -       A0->Y  F     AOI21XL        1  2.1    97    65    3130    (-,-) 
  pending_q_reg[4]/D   -       -      F     DFFHQX1        1    -     -     0    3130    (-,-) 
#----------------------------------------------------------------------------------------------

(P) : Instance is preserved



Path 7: MET (6657 ps) Setup Check with Pin pending_q_reg[2]/CK->D
          Group: clk
     Startpoint: (R) req_sync_q_reg[0]/CK
          Clock: (R) clk
       Endpoint: (F) pending_q_reg[2]/D
          Clock: (R) clk

                     Capture       Launch     
        Clock Edge:+   10000            0     
       Src Latency:+       0            0     
       Net Latency:+       0 (I)        0 (I) 
           Arrival:=   10000            0     
                                              
             Setup:-     213                  
     Required Time:=    9787                  
      Launch Clock:-       0                  
         Data Path:-    3130                  
             Slack:=    6657                  

#----------------------------------------------------------------------------------------------
#    Timing Point      Flags    Arc   Edge   Cell     Fanout Load Trans Delay Arrival Instance 
#                                                            (fF)  (ps)  (ps)   (ps)  Location 
#----------------------------------------------------------------------------------------------
  req_sync_q_reg[0]/CK -       -      R     (arrival)     75    -     0     0       0    (-,-) 
  req_sync_q_reg[0]/QN (P)     CK->QN F     DFFX1          2  5.8    57   292     292    (-,-) 
  g5883__3680/Y        -       A1N->Y F     AOI2BB1X1      3 11.0    96   201     493    (-,-) 
  g5862__1666/Y        -       B->Y   R     NAND2X1        2  8.6   120    96     589    (-,-) 
  g5841__2883/Y        -       B->Y   F     NOR2X1         2  8.5    70    59     648    (-,-) 
  g5831__5122/Y        -       B->Y   R     NAND2X1        2  8.1   115    87     735    (-,-) 
  g5829/Y              -       A->Y   F     INVX1          1  3.5    42    30     764    (-,-) 
  g5821__5526/Y        -       A0->Y  R     OAI21XL        8 32.1   647   384    1148    (-,-) 
  g5820/Y              -       A->Y   F     INVX1          6 25.0   221   141    1288    (-,-) 
  g5816__5107/Y        -       A0->Y  R     AOI22X1        2  7.0   198   154    1443    (-,-) 
  g5799__9945/Y        -       A1N->Y R     OAI2BB2X1      5 20.2   341   202    1644    (-,-) 
  g5798/Y              -       A->Y   F     INVX1          3 12.3   112    70    1714    (-,-) 
  g5794__6161/Y        -       A0->Y  R     AOI22X1        2  7.0   201   128    1842    (-,-) 
  g5792__4733/Y        -       A1N->Y R     OAI2BB2X1      5 19.9   338   201    2043    (-,-) 
  g5789__1881/Y        -       A->Y   F     NAND2X1        5 14.7   136    90    2133    (-,-) 
  g5779__5107/Y        -       A0N->Y F     AOI2BB1XL      1  3.4    64   168    2300    (-,-) 
  g5770__7410/Y        -       C0->Y  R     OAI221XL       1  4.4   298    82    2382    (-,-) 
  g5768__2346/Y        -       B0->Y  F     AOI22X1        1  4.7   126    86    2469    (-,-) 
  g5767__2883/Y        -       B0->Y  R     OAI22X1        1  6.9   245   160    2629    (-,-) 
  g5766__9945/Y        -       S0->Y  R     MXI2X1         4 15.2   285   184    2813    (-,-) 
  g5765/Y              -       A->Y   F     INVX1          2  7.0    80    43    2856    (-,-) 
  g5764__7482/Y        -       A0->Y  R     OAI21XL        4 12.8   323   208    3064    (-,-) 
  g5755__5526/Y        -       A0->Y  F     AOI21XL        1  2.1    97    65    3130    (-,-) 
  pending_q_reg[2]/D   -       -      F     DFFHQX1        1    -     -     0    3130    (-,-) 
#----------------------------------------------------------------------------------------------

(P) : Instance is preserved



Path 8: MET (6657 ps) Setup Check with Pin pending_q_reg[0]/CK->D
          Group: clk
     Startpoint: (R) req_sync_q_reg[0]/CK
          Clock: (R) clk
       Endpoint: (F) pending_q_reg[0]/D
          Clock: (R) clk

                     Capture       Launch     
        Clock Edge:+   10000            0     
       Src Latency:+       0            0     
       Net Latency:+       0 (I)        0 (I) 
           Arrival:=   10000            0     
                                              
             Setup:-     213                  
     Required Time:=    9787                  
      Launch Clock:-       0                  
         Data Path:-    3130                  
             Slack:=    6657                  

#----------------------------------------------------------------------------------------------
#    Timing Point      Flags    Arc   Edge   Cell     Fanout Load Trans Delay Arrival Instance 
#                                                            (fF)  (ps)  (ps)   (ps)  Location 
#----------------------------------------------------------------------------------------------
  req_sync_q_reg[0]/CK -       -      R     (arrival)     75    -     0     0       0    (-,-) 
  req_sync_q_reg[0]/QN (P)     CK->QN F     DFFX1          2  5.8    57   292     292    (-,-) 
  g5883__3680/Y        -       A1N->Y F     AOI2BB1X1      3 11.0    96   201     493    (-,-) 
  g5862__1666/Y        -       B->Y   R     NAND2X1        2  8.6   120    96     589    (-,-) 
  g5841__2883/Y        -       B->Y   F     NOR2X1         2  8.5    70    59     648    (-,-) 
  g5831__5122/Y        -       B->Y   R     NAND2X1        2  8.1   115    87     735    (-,-) 
  g5829/Y              -       A->Y   F     INVX1          1  3.5    42    30     764    (-,-) 
  g5821__5526/Y        -       A0->Y  R     OAI21XL        8 32.1   647   384    1148    (-,-) 
  g5820/Y              -       A->Y   F     INVX1          6 25.0   221   141    1288    (-,-) 
  g5816__5107/Y        -       A0->Y  R     AOI22X1        2  7.0   198   154    1443    (-,-) 
  g5799__9945/Y        -       A1N->Y R     OAI2BB2X1      5 20.2   341   202    1644    (-,-) 
  g5798/Y              -       A->Y   F     INVX1          3 12.3   112    70    1714    (-,-) 
  g5794__6161/Y        -       A0->Y  R     AOI22X1        2  7.0   201   128    1842    (-,-) 
  g5792__4733/Y        -       A1N->Y R     OAI2BB2X1      5 19.9   338   201    2043    (-,-) 
  g5789__1881/Y        -       A->Y   F     NAND2X1        5 14.7   136    90    2133    (-,-) 
  g5779__5107/Y        -       A0N->Y F     AOI2BB1XL      1  3.4    64   168    2300    (-,-) 
  g5770__7410/Y        -       C0->Y  R     OAI221XL       1  4.4   298    82    2382    (-,-) 
  g5768__2346/Y        -       B0->Y  F     AOI22X1        1  4.7   126    86    2469    (-,-) 
  g5767__2883/Y        -       B0->Y  R     OAI22X1        1  6.9   245   160    2629    (-,-) 
  g5766__9945/Y        -       S0->Y  R     MXI2X1         4 15.2   285   184    2813    (-,-) 
  g5765/Y              -       A->Y   F     INVX1          2  7.0    80    43    2856    (-,-) 
  g5764__7482/Y        -       A0->Y  R     OAI21XL        4 12.8   323   208    3064    (-,-) 
  g5756__3680/Y        -       A0->Y  F     AOI21XL        1  2.1    97    65    3130    (-,-) 
  pending_q_reg[0]/D   -       -      F     DFFHQX1        1    -     -     0    3130    (-,-) 
#----------------------------------------------------------------------------------------------

(P) : Instance is preserved



Path 9: MET (6688 ps) Setup Check with Pin pending_q_reg[15]/CK->D
          Group: clk
     Startpoint: (R) req_sync_q_reg[0]/CK
          Clock: (R) clk
       Endpoint: (F) pending_q_reg[15]/D
          Clock: (R) clk

                     Capture       Launch     
        Clock Edge:+   10000            0     
       Src Latency:+       0            0     
       Net Latency:+       0 (I)        0 (I) 
           Arrival:=   10000            0     
                                              
             Setup:-     213                  
     Required Time:=    9787                  
      Launch Clock:-       0                  
         Data Path:-    3099                  
             Slack:=    6688                  

#----------------------------------------------------------------------------------------------
#    Timing Point      Flags    Arc   Edge   Cell     Fanout Load Trans Delay Arrival Instance 
#                                                            (fF)  (ps)  (ps)   (ps)  Location 
#----------------------------------------------------------------------------------------------
  req_sync_q_reg[0]/CK -       -      R     (arrival)     75    -     0     0       0    (-,-) 
  req_sync_q_reg[0]/QN (P)     CK->QN F     DFFX1          2  5.8    57   292     292    (-,-) 
  g5883__3680/Y        -       A1N->Y F     AOI2BB1X1      3 11.0    96   201     493    (-,-) 
  g5862__1666/Y        -       B->Y   R     NAND2X1        2  8.6   120    96     589    (-,-) 
  g5841__2883/Y        -       B->Y   F     NOR2X1         2  8.5    70    59     648    (-,-) 
  g5831__5122/Y        -       B->Y   R     NAND2X1        2  8.1   115    87     735    (-,-) 
  g5829/Y              -       A->Y   F     INVX1          1  3.5    42    30     764    (-,-) 
  g5821__5526/Y        -       A0->Y  R     OAI21XL        8 32.1   647   384    1148    (-,-) 
  g5820/Y              -       A->Y   F     INVX1          6 25.0   221   141    1288    (-,-) 
  g5816__5107/Y        -       A0->Y  R     AOI22X1        2  7.0   198   154    1443    (-,-) 
  g5799__9945/Y        -       A1N->Y R     OAI2BB2X1      5 20.2   341   202    1644    (-,-) 
  g5798/Y              -       A->Y   F     INVX1          3 12.3   112    70    1714    (-,-) 
  g5794__6161/Y        -       A0->Y  R     AOI22X1        2  7.0   201   128    1842    (-,-) 
  g5792__4733/Y        -       A1N->Y R     OAI2BB2X1      5 19.9   338   201    2043    (-,-) 
  g5789__1881/Y        -       A->Y   F     NAND2X1        5 14.7   136    90    2133    (-,-) 
  g5779__5107/Y        -       A0N->Y F     AOI2BB1XL      1  3.4    64   168    2300    (-,-) 
  g5770__7410/Y        -       C0->Y  R     OAI221XL       1  4.4   298    82    2382    (-,-) 
  g5768__2346/Y        -       B0->Y  F     AOI22X1        1  4.7   126    86    2469    (-,-) 
  g5767__2883/Y        -       B0->Y  R     OAI22X1        1  6.9   245   160    2629    (-,-) 
  g5766__9945/Y        -       S0->Y  F     MXI2X1         4 15.2   151   179    2808    (-,-) 
  g5761__4733/Y        -       A0->Y  R     OAI21XL        4 12.8   324   225    3033    (-,-) 
  g5750__1617/Y        -       A0->Y  F     AOI21XL        1  2.1    97    66    3099    (-,-) 
  pending_q_reg[15]/D  -       -      F     DFFHQX1        1    -     -     0    3099    (-,-) 
#----------------------------------------------------------------------------------------------

(P) : Instance is preserved



Path 10: MET (6688 ps) Setup Check with Pin pending_q_reg[11]/CK->D
          Group: clk
     Startpoint: (R) req_sync_q_reg[0]/CK
          Clock: (R) clk
       Endpoint: (F) pending_q_reg[11]/D
          Clock: (R) clk

                     Capture       Launch     
        Clock Edge:+   10000            0     
       Src Latency:+       0            0     
       Net Latency:+       0 (I)        0 (I) 
           Arrival:=   10000            0     
                                              
             Setup:-     213                  
     Required Time:=    9787                  
      Launch Clock:-       0                  
         Data Path:-    3099                  
             Slack:=    6688                  

#----------------------------------------------------------------------------------------------
#    Timing Point      Flags    Arc   Edge   Cell     Fanout Load Trans Delay Arrival Instance 
#                                                            (fF)  (ps)  (ps)   (ps)  Location 
#----------------------------------------------------------------------------------------------
  req_sync_q_reg[0]/CK -       -      R     (arrival)     75    -     0     0       0    (-,-) 
  req_sync_q_reg[0]/QN (P)     CK->QN F     DFFX1          2  5.8    57   292     292    (-,-) 
  g5883__3680/Y        -       A1N->Y F     AOI2BB1X1      3 11.0    96   201     493    (-,-) 
  g5862__1666/Y        -       B->Y   R     NAND2X1        2  8.6   120    96     589    (-,-) 
  g5841__2883/Y        -       B->Y   F     NOR2X1         2  8.5    70    59     648    (-,-) 
  g5831__5122/Y        -       B->Y   R     NAND2X1        2  8.1   115    87     735    (-,-) 
  g5829/Y              -       A->Y   F     INVX1          1  3.5    42    30     764    (-,-) 
  g5821__5526/Y        -       A0->Y  R     OAI21XL        8 32.1   647   384    1148    (-,-) 
  g5820/Y              -       A->Y   F     INVX1          6 25.0   221   141    1288    (-,-) 
  g5816__5107/Y        -       A0->Y  R     AOI22X1        2  7.0   198   154    1443    (-,-) 
  g5799__9945/Y        -       A1N->Y R     OAI2BB2X1      5 20.2   341   202    1644    (-,-) 
  g5798/Y              -       A->Y   F     INVX1          3 12.3   112    70    1714    (-,-) 
  g5794__6161/Y        -       A0->Y  R     AOI22X1        2  7.0   201   128    1842    (-,-) 
  g5792__4733/Y        -       A1N->Y R     OAI2BB2X1      5 19.9   338   201    2043    (-,-) 
  g5789__1881/Y        -       A->Y   F     NAND2X1        5 14.7   136    90    2133    (-,-) 
  g5779__5107/Y        -       A0N->Y F     AOI2BB1XL      1  3.4    64   168    2300    (-,-) 
  g5770__7410/Y        -       C0->Y  R     OAI221XL       1  4.4   298    82    2382    (-,-) 
  g5768__2346/Y        -       B0->Y  F     AOI22X1        1  4.7   126    86    2469    (-,-) 
  g5767__2883/Y        -       B0->Y  R     OAI22X1        1  6.9   245   160    2629    (-,-) 
  g5766__9945/Y        -       S0->Y  F     MXI2X1         4 15.2   151   179    2808    (-,-) 
  g5761__4733/Y        -       A0->Y  R     OAI21XL        4 12.8   324   225    3033    (-,-) 
  g5743__1881/Y        -       A0->Y  F     AOI21XL        1  2.1    97    66    3099    (-,-) 
  pending_q_reg[11]/D  -       -      F     DFFHQX1        1    -     -     0    3099    (-,-) 
#----------------------------------------------------------------------------------------------

(P) : Instance is preserved



Path 11: MET (6688 ps) Setup Check with Pin pending_q_reg[13]/CK->D
          Group: clk
     Startpoint: (R) req_sync_q_reg[0]/CK
          Clock: (R) clk
       Endpoint: (F) pending_q_reg[13]/D
          Clock: (R) clk

                     Capture       Launch     
        Clock Edge:+   10000            0     
       Src Latency:+       0            0     
       Net Latency:+       0 (I)        0 (I) 
           Arrival:=   10000            0     
                                              
             Setup:-     213                  
     Required Time:=    9787                  
      Launch Clock:-       0                  
         Data Path:-    3099                  
             Slack:=    6688                  

#----------------------------------------------------------------------------------------------
#    Timing Point      Flags    Arc   Edge   Cell     Fanout Load Trans Delay Arrival Instance 
#                                                            (fF)  (ps)  (ps)   (ps)  Location 
#----------------------------------------------------------------------------------------------
  req_sync_q_reg[0]/CK -       -      R     (arrival)     75    -     0     0       0    (-,-) 
  req_sync_q_reg[0]/QN (P)     CK->QN F     DFFX1          2  5.8    57   292     292    (-,-) 
  g5883__3680/Y        -       A1N->Y F     AOI2BB1X1      3 11.0    96   201     493    (-,-) 
  g5862__1666/Y        -       B->Y   R     NAND2X1        2  8.6   120    96     589    (-,-) 
  g5841__2883/Y        -       B->Y   F     NOR2X1         2  8.5    70    59     648    (-,-) 
  g5831__5122/Y        -       B->Y   R     NAND2X1        2  8.1   115    87     735    (-,-) 
  g5829/Y              -       A->Y   F     INVX1          1  3.5    42    30     764    (-,-) 
  g5821__5526/Y        -       A0->Y  R     OAI21XL        8 32.1   647   384    1148    (-,-) 
  g5820/Y              -       A->Y   F     INVX1          6 25.0   221   141    1288    (-,-) 
  g5816__5107/Y        -       A0->Y  R     AOI22X1        2  7.0   198   154    1443    (-,-) 
  g5799__9945/Y        -       A1N->Y R     OAI2BB2X1      5 20.2   341   202    1644    (-,-) 
  g5798/Y              -       A->Y   F     INVX1          3 12.3   112    70    1714    (-,-) 
  g5794__6161/Y        -       A0->Y  R     AOI22X1        2  7.0   201   128    1842    (-,-) 
  g5792__4733/Y        -       A1N->Y R     OAI2BB2X1      5 19.9   338   201    2043    (-,-) 
  g5789__1881/Y        -       A->Y   F     NAND2X1        5 14.7   136    90    2133    (-,-) 
  g5779__5107/Y        -       A0N->Y F     AOI2BB1XL      1  3.4    64   168    2300    (-,-) 
  g5770__7410/Y        -       C0->Y  R     OAI221XL       1  4.4   298    82    2382    (-,-) 
  g5768__2346/Y        -       B0->Y  F     AOI22X1        1  4.7   126    86    2469    (-,-) 
  g5767__2883/Y        -       B0->Y  R     OAI22X1        1  6.9   245   160    2629    (-,-) 
  g5766__9945/Y        -       S0->Y  F     MXI2X1         4 15.2   151   179    2808    (-,-) 
  g5761__4733/Y        -       A0->Y  R     OAI21XL        4 12.8   324   225    3033    (-,-) 
  g5748__2802/Y        -       A0->Y  F     AOI21XL        1  2.1    97    66    3099    (-,-) 
  pending_q_reg[13]/D  -       -      F     DFFHQX1        1    -     -     0    3099    (-,-) 
#----------------------------------------------------------------------------------------------

(P) : Instance is preserved



Path 12: MET (6688 ps) Setup Check with Pin pending_q_reg[9]/CK->D
          Group: clk
     Startpoint: (R) req_sync_q_reg[0]/CK
          Clock: (R) clk
       Endpoint: (F) pending_q_reg[9]/D
          Clock: (R) clk

                     Capture       Launch     
        Clock Edge:+   10000            0     
       Src Latency:+       0            0     
       Net Latency:+       0 (I)        0 (I) 
           Arrival:=   10000            0     
                                              
             Setup:-     213                  
     Required Time:=    9787                  
      Launch Clock:-       0                  
         Data Path:-    3099                  
             Slack:=    6688                  

#----------------------------------------------------------------------------------------------
#    Timing Point      Flags    Arc   Edge   Cell     Fanout Load Trans Delay Arrival Instance 
#                                                            (fF)  (ps)  (ps)   (ps)  Location 
#----------------------------------------------------------------------------------------------
  req_sync_q_reg[0]/CK -       -      R     (arrival)     75    -     0     0       0    (-,-) 
  req_sync_q_reg[0]/QN (P)     CK->QN F     DFFX1          2  5.8    57   292     292    (-,-) 
  g5883__3680/Y        -       A1N->Y F     AOI2BB1X1      3 11.0    96   201     493    (-,-) 
  g5862__1666/Y        -       B->Y   R     NAND2X1        2  8.6   120    96     589    (-,-) 
  g5841__2883/Y        -       B->Y   F     NOR2X1         2  8.5    70    59     648    (-,-) 
  g5831__5122/Y        -       B->Y   R     NAND2X1        2  8.1   115    87     735    (-,-) 
  g5829/Y              -       A->Y   F     INVX1          1  3.5    42    30     764    (-,-) 
  g5821__5526/Y        -       A0->Y  R     OAI21XL        8 32.1   647   384    1148    (-,-) 
  g5820/Y              -       A->Y   F     INVX1          6 25.0   221   141    1288    (-,-) 
  g5816__5107/Y        -       A0->Y  R     AOI22X1        2  7.0   198   154    1443    (-,-) 
  g5799__9945/Y        -       A1N->Y R     OAI2BB2X1      5 20.2   341   202    1644    (-,-) 
  g5798/Y              -       A->Y   F     INVX1          3 12.3   112    70    1714    (-,-) 
  g5794__6161/Y        -       A0->Y  R     AOI22X1        2  7.0   201   128    1842    (-,-) 
  g5792__4733/Y        -       A1N->Y R     OAI2BB2X1      5 19.9   338   201    2043    (-,-) 
  g5789__1881/Y        -       A->Y   F     NAND2X1        5 14.7   136    90    2133    (-,-) 
  g5779__5107/Y        -       A0N->Y F     AOI2BB1XL      1  3.4    64   168    2300    (-,-) 
  g5770__7410/Y        -       C0->Y  R     OAI221XL       1  4.4   298    82    2382    (-,-) 
  g5768__2346/Y        -       B0->Y  F     AOI22X1        1  4.7   126    86    2469    (-,-) 
  g5767__2883/Y        -       B0->Y  R     OAI22X1        1  6.9   245   160    2629    (-,-) 
  g5766__9945/Y        -       S0->Y  F     MXI2X1         4 15.2   151   179    2808    (-,-) 
  g5761__4733/Y        -       A0->Y  R     OAI21XL        4 12.8   324   225    3033    (-,-) 
  g5744__6131/Y        -       A0->Y  F     AOI21XL        1  2.1    97    66    3099    (-,-) 
  pending_q_reg[9]/D   -       -      F     DFFHQX1        1    -     -     0    3099    (-,-) 
#----------------------------------------------------------------------------------------------

(P) : Instance is preserved



Path 13: MET (6688 ps) Setup Check with Pin pending_q_reg[7]/CK->D
          Group: clk
     Startpoint: (R) req_sync_q_reg[0]/CK
          Clock: (R) clk
       Endpoint: (F) pending_q_reg[7]/D
          Clock: (R) clk

                     Capture       Launch     
        Clock Edge:+   10000            0     
       Src Latency:+       0            0     
       Net Latency:+       0 (I)        0 (I) 
           Arrival:=   10000            0     
                                              
             Setup:-     213                  
     Required Time:=    9787                  
      Launch Clock:-       0                  
         Data Path:-    3099                  
             Slack:=    6688                  

#----------------------------------------------------------------------------------------------
#    Timing Point      Flags    Arc   Edge   Cell     Fanout Load Trans Delay Arrival Instance 
#                                                            (fF)  (ps)  (ps)   (ps)  Location 
#----------------------------------------------------------------------------------------------
  req_sync_q_reg[0]/CK -       -      R     (arrival)     75    -     0     0       0    (-,-) 
  req_sync_q_reg[0]/QN (P)     CK->QN F     DFFX1          2  5.8    57   292     292    (-,-) 
  g5883__3680/Y        -       A1N->Y F     AOI2BB1X1      3 11.0    96   201     493    (-,-) 
  g5862__1666/Y        -       B->Y   R     NAND2X1        2  8.6   120    96     589    (-,-) 
  g5841__2883/Y        -       B->Y   F     NOR2X1         2  8.5    70    59     648    (-,-) 
  g5831__5122/Y        -       B->Y   R     NAND2X1        2  8.1   115    87     735    (-,-) 
  g5829/Y              -       A->Y   F     INVX1          1  3.5    42    30     764    (-,-) 
  g5821__5526/Y        -       A0->Y  R     OAI21XL        8 32.1   647   384    1148    (-,-) 
  g5820/Y              -       A->Y   F     INVX1          6 25.0   221   141    1288    (-,-) 
  g5816__5107/Y        -       A0->Y  R     AOI22X1        2  7.0   198   154    1443    (-,-) 
  g5799__9945/Y        -       A1N->Y R     OAI2BB2X1      5 20.2   341   202    1644    (-,-) 
  g5798/Y              -       A->Y   F     INVX1          3 12.3   112    70    1714    (-,-) 
  g5794__6161/Y        -       A0->Y  R     AOI22X1        2  7.0   201   128    1842    (-,-) 
  g5792__4733/Y        -       A1N->Y R     OAI2BB2X1      5 19.9   338   201    2043    (-,-) 
  g5789__1881/Y        -       A->Y   F     NAND2X1        5 14.7   136    90    2133    (-,-) 
  g5779__5107/Y        -       A0N->Y F     AOI2BB1XL      1  3.4    64   168    2300    (-,-) 
  g5770__7410/Y        -       C0->Y  R     OAI221XL       1  4.4   298    82    2382    (-,-) 
  g5768__2346/Y        -       B0->Y  F     AOI22X1        1  4.7   126    86    2469    (-,-) 
  g5767__2883/Y        -       B0->Y  R     OAI22X1        1  6.9   245   160    2629    (-,-) 
  g5766__9945/Y        -       S0->Y  F     MXI2X1         4 15.2   151   179    2808    (-,-) 
  g5763__9315/Y        -       A0->Y  R     OAI21XL        4 12.8   323   225    3033    (-,-) 
  g5758__1705/Y        -       A0->Y  F     AOI21XL        1  2.1    97    65    3099    (-,-) 
  pending_q_reg[7]/D   -       -      F     DFFHQX1        1    -     -     0    3099    (-,-) 
#----------------------------------------------------------------------------------------------

(P) : Instance is preserved



Path 14: MET (6688 ps) Setup Check with Pin pending_q_reg[1]/CK->D
          Group: clk
     Startpoint: (R) req_sync_q_reg[0]/CK
          Clock: (R) clk
       Endpoint: (F) pending_q_reg[1]/D
          Clock: (R) clk

                     Capture       Launch     
        Clock Edge:+   10000            0     
       Src Latency:+       0            0     
       Net Latency:+       0 (I)        0 (I) 
           Arrival:=   10000            0     
                                              
             Setup:-     213                  
     Required Time:=    9787                  
      Launch Clock:-       0                  
         Data Path:-    3099                  
             Slack:=    6688                  

#----------------------------------------------------------------------------------------------
#    Timing Point      Flags    Arc   Edge   Cell     Fanout Load Trans Delay Arrival Instance 
#                                                            (fF)  (ps)  (ps)   (ps)  Location 
#----------------------------------------------------------------------------------------------
  req_sync_q_reg[0]/CK -       -      R     (arrival)     75    -     0     0       0    (-,-) 
  req_sync_q_reg[0]/QN (P)     CK->QN F     DFFX1          2  5.8    57   292     292    (-,-) 
  g5883__3680/Y        -       A1N->Y F     AOI2BB1X1      3 11.0    96   201     493    (-,-) 
  g5862__1666/Y        -       B->Y   R     NAND2X1        2  8.6   120    96     589    (-,-) 
  g5841__2883/Y        -       B->Y   F     NOR2X1         2  8.5    70    59     648    (-,-) 
  g5831__5122/Y        -       B->Y   R     NAND2X1        2  8.1   115    87     735    (-,-) 
  g5829/Y              -       A->Y   F     INVX1          1  3.5    42    30     764    (-,-) 
  g5821__5526/Y        -       A0->Y  R     OAI21XL        8 32.1   647   384    1148    (-,-) 
  g5820/Y              -       A->Y   F     INVX1          6 25.0   221   141    1288    (-,-) 
  g5816__5107/Y        -       A0->Y  R     AOI22X1        2  7.0   198   154    1443    (-,-) 
  g5799__9945/Y        -       A1N->Y R     OAI2BB2X1      5 20.2   341   202    1644    (-,-) 
  g5798/Y              -       A->Y   F     INVX1          3 12.3   112    70    1714    (-,-) 
  g5794__6161/Y        -       A0->Y  R     AOI22X1        2  7.0   201   128    1842    (-,-) 
  g5792__4733/Y        -       A1N->Y R     OAI2BB2X1      5 19.9   338   201    2043    (-,-) 
  g5789__1881/Y        -       A->Y   F     NAND2X1        5 14.7   136    90    2133    (-,-) 
  g5779__5107/Y        -       A0N->Y F     AOI2BB1XL      1  3.4    64   168    2300    (-,-) 
  g5770__7410/Y        -       C0->Y  R     OAI221XL       1  4.4   298    82    2382    (-,-) 
  g5768__2346/Y        -       B0->Y  F     AOI22X1        1  4.7   126    86    2469    (-,-) 
  g5767__2883/Y        -       B0->Y  R     OAI22X1        1  6.9   245   160    2629    (-,-) 
  g5766__9945/Y        -       S0->Y  F     MXI2X1         4 15.2   151   179    2808    (-,-) 
  g5763__9315/Y        -       A0->Y  R     OAI21XL        4 12.8   323   225    3033    (-,-) 
  g5752__7098/Y        -       A0->Y  F     AOI21XL        1  2.1    97    65    3099    (-,-) 
  pending_q_reg[1]/D   -       -      F     DFFHQX1        1    -     -     0    3099    (-,-) 
#----------------------------------------------------------------------------------------------

(P) : Instance is preserved



Path 15: MET (6688 ps) Setup Check with Pin pending_q_reg[3]/CK->D
          Group: clk
     Startpoint: (R) req_sync_q_reg[0]/CK
          Clock: (R) clk
       Endpoint: (F) pending_q_reg[3]/D
          Clock: (R) clk

                     Capture       Launch     
        Clock Edge:+   10000            0     
       Src Latency:+       0            0     
       Net Latency:+       0 (I)        0 (I) 
           Arrival:=   10000            0     
                                              
             Setup:-     213                  
     Required Time:=    9787                  
      Launch Clock:-       0                  
         Data Path:-    3099                  
             Slack:=    6688                  

#----------------------------------------------------------------------------------------------
#    Timing Point      Flags    Arc   Edge   Cell     Fanout Load Trans Delay Arrival Instance 
#                                                            (fF)  (ps)  (ps)   (ps)  Location 
#----------------------------------------------------------------------------------------------
  req_sync_q_reg[0]/CK -       -      R     (arrival)     75    -     0     0       0    (-,-) 
  req_sync_q_reg[0]/QN (P)     CK->QN F     DFFX1          2  5.8    57   292     292    (-,-) 
  g5883__3680/Y        -       A1N->Y F     AOI2BB1X1      3 11.0    96   201     493    (-,-) 
  g5862__1666/Y        -       B->Y   R     NAND2X1        2  8.6   120    96     589    (-,-) 
  g5841__2883/Y        -       B->Y   F     NOR2X1         2  8.5    70    59     648    (-,-) 
  g5831__5122/Y        -       B->Y   R     NAND2X1        2  8.1   115    87     735    (-,-) 
  g5829/Y              -       A->Y   F     INVX1          1  3.5    42    30     764    (-,-) 
  g5821__5526/Y        -       A0->Y  R     OAI21XL        8 32.1   647   384    1148    (-,-) 
  g5820/Y              -       A->Y   F     INVX1          6 25.0   221   141    1288    (-,-) 
  g5816__5107/Y        -       A0->Y  R     AOI22X1        2  7.0   198   154    1443    (-,-) 
  g5799__9945/Y        -       A1N->Y R     OAI2BB2X1      5 20.2   341   202    1644    (-,-) 
  g5798/Y              -       A->Y   F     INVX1          3 12.3   112    70    1714    (-,-) 
  g5794__6161/Y        -       A0->Y  R     AOI22X1        2  7.0   201   128    1842    (-,-) 
  g5792__4733/Y        -       A1N->Y R     OAI2BB2X1      5 19.9   338   201    2043    (-,-) 
  g5789__1881/Y        -       A->Y   F     NAND2X1        5 14.7   136    90    2133    (-,-) 
  g5779__5107/Y        -       A0N->Y F     AOI2BB1XL      1  3.4    64   168    2300    (-,-) 
  g5770__7410/Y        -       C0->Y  R     OAI221XL       1  4.4   298    82    2382    (-,-) 
  g5768__2346/Y        -       B0->Y  F     AOI22X1        1  4.7   126    86    2469    (-,-) 
  g5767__2883/Y        -       B0->Y  R     OAI22X1        1  6.9   245   160    2629    (-,-) 
  g5766__9945/Y        -       S0->Y  F     MXI2X1         4 15.2   151   179    2808    (-,-) 
  g5763__9315/Y        -       A0->Y  R     OAI21XL        4 12.8   323   225    3033    (-,-) 
  g5753__8246/Y        -       A0->Y  F     AOI21XL        1  2.1    97    65    3099    (-,-) 
  pending_q_reg[3]/D   -       -      F     DFFHQX1        1    -     -     0    3099    (-,-) 
#----------------------------------------------------------------------------------------------

(P) : Instance is preserved



Path 16: MET (6688 ps) Setup Check with Pin pending_q_reg[5]/CK->D
          Group: clk
     Startpoint: (R) req_sync_q_reg[0]/CK
          Clock: (R) clk
       Endpoint: (F) pending_q_reg[5]/D
          Clock: (R) clk

                     Capture       Launch     
        Clock Edge:+   10000            0     
       Src Latency:+       0            0     
       Net Latency:+       0 (I)        0 (I) 
           Arrival:=   10000            0     
                                              
             Setup:-     213                  
     Required Time:=    9787                  
      Launch Clock:-       0                  
         Data Path:-    3099                  
             Slack:=    6688                  

#----------------------------------------------------------------------------------------------
#    Timing Point      Flags    Arc   Edge   Cell     Fanout Load Trans Delay Arrival Instance 
#                                                            (fF)  (ps)  (ps)   (ps)  Location 
#----------------------------------------------------------------------------------------------
  req_sync_q_reg[0]/CK -       -      R     (arrival)     75    -     0     0       0    (-,-) 
  req_sync_q_reg[0]/QN (P)     CK->QN F     DFFX1          2  5.8    57   292     292    (-,-) 
  g5883__3680/Y        -       A1N->Y F     AOI2BB1X1      3 11.0    96   201     493    (-,-) 
  g5862__1666/Y        -       B->Y   R     NAND2X1        2  8.6   120    96     589    (-,-) 
  g5841__2883/Y        -       B->Y   F     NOR2X1         2  8.5    70    59     648    (-,-) 
  g5831__5122/Y        -       B->Y   R     NAND2X1        2  8.1   115    87     735    (-,-) 
  g5829/Y              -       A->Y   F     INVX1          1  3.5    42    30     764    (-,-) 
  g5821__5526/Y        -       A0->Y  R     OAI21XL        8 32.1   647   384    1148    (-,-) 
  g5820/Y              -       A->Y   F     INVX1          6 25.0   221   141    1288    (-,-) 
  g5816__5107/Y        -       A0->Y  R     AOI22X1        2  7.0   198   154    1443    (-,-) 
  g5799__9945/Y        -       A1N->Y R     OAI2BB2X1      5 20.2   341   202    1644    (-,-) 
  g5798/Y              -       A->Y   F     INVX1          3 12.3   112    70    1714    (-,-) 
  g5794__6161/Y        -       A0->Y  R     AOI22X1        2  7.0   201   128    1842    (-,-) 
  g5792__4733/Y        -       A1N->Y R     OAI2BB2X1      5 19.9   338   201    2043    (-,-) 
  g5789__1881/Y        -       A->Y   F     NAND2X1        5 14.7   136    90    2133    (-,-) 
  g5779__5107/Y        -       A0N->Y F     AOI2BB1XL      1  3.4    64   168    2300    (-,-) 
  g5770__7410/Y        -       C0->Y  R     OAI221XL       1  4.4   298    82    2382    (-,-) 
  g5768__2346/Y        -       B0->Y  F     AOI22X1        1  4.7   126    86    2469    (-,-) 
  g5767__2883/Y        -       B0->Y  R     OAI22X1        1  6.9   245   160    2629    (-,-) 
  g5766__9945/Y        -       S0->Y  F     MXI2X1         4 15.2   151   179    2808    (-,-) 
  g5763__9315/Y        -       A0->Y  R     OAI21XL        4 12.8   323   225    3033    (-,-) 
  g5751__5122/Y        -       A0->Y  F     AOI21XL        1  2.1    97    65    3099    (-,-) 
  pending_q_reg[5]/D   -       -      F     DFFHQX1        1    -     -     0    3099    (-,-) 
#----------------------------------------------------------------------------------------------

(P) : Instance is preserved



Path 17: MET (6935 ps) Setup Check with Pin out_addr_q_reg[0]/CK->D
          Group: clk
     Startpoint: (R) req_sync_q_reg[0]/CK
          Clock: (R) clk
       Endpoint: (F) out_addr_q_reg[0]/D
          Clock: (R) clk

                     Capture       Launch     
        Clock Edge:+   10000            0     
       Src Latency:+       0            0     
       Net Latency:+       0 (I)        0 (I) 
           Arrival:=   10000            0     
                                              
             Setup:-     216                  
     Required Time:=    9784                  
      Launch Clock:-       0                  
         Data Path:-    2849                  
             Slack:=    6935                  

#----------------------------------------------------------------------------------------------
#    Timing Point      Flags    Arc   Edge   Cell     Fanout Load Trans Delay Arrival Instance 
#                                                            (fF)  (ps)  (ps)   (ps)  Location 
#----------------------------------------------------------------------------------------------
  req_sync_q_reg[0]/CK -       -      R     (arrival)     75    -     0     0       0    (-,-) 
  req_sync_q_reg[0]/QN (P)     CK->QN F     DFFX1          2  5.8    57   292     292    (-,-) 
  g5883__3680/Y        -       A1N->Y F     AOI2BB1X1      3 11.0    96   201     493    (-,-) 
  g5862__1666/Y        -       B->Y   R     NAND2X1        2  8.6   120    96     589    (-,-) 
  g5841__2883/Y        -       B->Y   F     NOR2X1         2  8.5    70    59     648    (-,-) 
  g5831__5122/Y        -       B->Y   R     NAND2X1        2  8.1   115    87     735    (-,-) 
  g5829/Y              -       A->Y   F     INVX1          1  3.5    42    30     764    (-,-) 
  g5821__5526/Y        -       A0->Y  R     OAI21XL        8 32.1   647   384    1148    (-,-) 
  g5820/Y              -       A->Y   F     INVX1          6 25.0   221   141    1288    (-,-) 
  g5816__5107/Y        -       A0->Y  R     AOI22X1        2  7.0   198   154    1443    (-,-) 
  g5799__9945/Y        -       A1N->Y R     OAI2BB2X1      5 20.2   341   202    1644    (-,-) 
  g5798/Y              -       A->Y   F     INVX1          3 12.3   112    70    1714    (-,-) 
  g5794__6161/Y        -       A0->Y  R     AOI22X1        2  7.0   201   128    1842    (-,-) 
  g5792__4733/Y        -       A1N->Y R     OAI2BB2X1      5 19.9   338   201    2043    (-,-) 
  g5789__1881/Y        -       A->Y   F     NAND2X1        5 14.7   136    90    2133    (-,-) 
  g5779__5107/Y        -       A0N->Y F     AOI2BB1XL      1  3.4    64   168    2300    (-,-) 
  g5770__7410/Y        -       C0->Y  R     OAI221XL       1  4.4   298    82    2382    (-,-) 
  g5768__2346/Y        -       B0->Y  F     AOI22X1        1  4.7   126    86    2469    (-,-) 
  g5767__2883/Y        -       B0->Y  R     OAI22X1        1  6.9   245   160    2629    (-,-) 
  g5766__9945/Y        -       S0->Y  R     MXI2X1         4 15.2   285   184    2813    (-,-) 
  g5762__6161/Y        -       B0->Y  F     OAI2BB2X1      1  2.1   110    36    2849    (-,-) 
  out_addr_q_reg[0]/D  -       -      F     DFFHQX1        1    -     -     0    2849    (-,-) 
#----------------------------------------------------------------------------------------------

(P) : Instance is preserved



Path 18: MET (7707 ps) Setup Check with Pin out_addr_q_reg[1]/CK->D
          Group: clk
     Startpoint: (R) req_sync_q_reg[0]/CK
          Clock: (R) clk
       Endpoint: (F) out_addr_q_reg[1]/D
          Clock: (R) clk

                     Capture       Launch     
        Clock Edge:+   10000            0     
       Src Latency:+       0            0     
       Net Latency:+       0 (I)        0 (I) 
           Arrival:=   10000            0     
                                              
             Setup:-     216                  
     Required Time:=    9784                  
      Launch Clock:-       0                  
         Data Path:-    2077                  
             Slack:=    7707                  

#----------------------------------------------------------------------------------------------
#    Timing Point      Flags    Arc   Edge   Cell     Fanout Load Trans Delay Arrival Instance 
#                                                            (fF)  (ps)  (ps)   (ps)  Location 
#----------------------------------------------------------------------------------------------
  req_sync_q_reg[0]/CK -       -      R     (arrival)     75    -     0     0       0    (-,-) 
  req_sync_q_reg[0]/QN (P)     CK->QN F     DFFX1          2  5.8    57   292     292    (-,-) 
  g5883__3680/Y        -       A1N->Y F     AOI2BB1X1      3 11.0    96   201     493    (-,-) 
  g5862__1666/Y        -       B->Y   R     NAND2X1        2  8.6   120    96     589    (-,-) 
  g5841__2883/Y        -       B->Y   F     NOR2X1         2  8.5    70    59     648    (-,-) 
  g5831__5122/Y        -       B->Y   R     NAND2X1        2  8.1   115    87     735    (-,-) 
  g5829/Y              -       A->Y   F     INVX1          1  3.5    42    30     764    (-,-) 
  g5821__5526/Y        -       A0->Y  R     OAI21XL        8 32.1   647   384    1148    (-,-) 
  g5820/Y              -       A->Y   F     INVX1          6 25.0   221   141    1288    (-,-) 
  g5816__5107/Y        -       A0->Y  R     AOI22X1        2  7.0   198   154    1443    (-,-) 
  g5799__9945/Y        -       A1N->Y R     OAI2BB2X1      5 20.2   341   202    1644    (-,-) 
  g5798/Y              -       A->Y   F     INVX1          3 12.3   112    70    1714    (-,-) 
  g5794__6161/Y        -       A0->Y  R     AOI22X1        2  7.0   201   128    1842    (-,-) 
  g5792__4733/Y        -       A1N->Y R     OAI2BB2X1      5 19.9   338   201    2043    (-,-) 
  g5787__7098/Y        -       B0->Y  F     OAI2BB2X1      1  2.1   110    35    2077    (-,-) 
  out_addr_q_reg[1]/D  -       -      F     DFFHQX1        1    -     -     0    2077    (-,-) 
#----------------------------------------------------------------------------------------------

(P) : Instance is preserved



Path 19: MET (8099 ps) Setup Check with Pin epoch_gray_q_reg[3]/CK->D
          Group: clk
     Startpoint: (F) out_ready
          Clock: (R) clk
       Endpoint: (R) epoch_gray_q_reg[3]/D
          Clock: (R) clk

                     Capture       Launch     
        Clock Edge:+   10000            0     
        Drv Adjust:+       0            0     
       Src Latency:+       0            0     
       Net Latency:+       0 (I)        0 (I) 
           Arrival:=   10000            0     
                                              
             Setup:-      94                  
     Required Time:=    9906                  
      Launch Clock:-       0                  
       Input Delay:-    1000                  
         Data Path:-     806                  
             Slack:=    8099                  

Exceptions/Constraints:
  input_delay             1000            in_del   

#----------------------------------------------------------------------------------------------
#     Timing Point      Flags   Arc   Edge   Cell     Fanout Load Trans Delay Arrival Instance 
#                                                            (fF)  (ps)  (ps)   (ps)  Location 
#----------------------------------------------------------------------------------------------
  out_ready             -       -     F     (arrival)      2  7.6     0     0    1000    (-,-) 
  g5824__6783/Y         -       B1->Y R     OAI22X1       10 32.8   553   322    1322    (-,-) 
  g6100/Y               -       AN->Y R     NOR2BX1        8 35.6   482   334    1656    (-,-) 
  g5809__2346/Y         -       B0->Y F     AOI22X1        1  3.5   153    90    1747    (-,-) 
  g5806/Y               -       A->Y  R     INVX1          1  2.1    60    59    1806    (-,-) 
  epoch_gray_q_reg[3]/D -       -     R     DFFHQX1        1    -     -     0    1806    (-,-) 
#----------------------------------------------------------------------------------------------



Path 20: MET (8105 ps) Setup Check with Pin out_addr_q_reg[2]/CK->D
          Group: clk
     Startpoint: (R) req_sync_q_reg[0]/CK
          Clock: (R) clk
       Endpoint: (F) out_addr_q_reg[2]/D
          Clock: (R) clk

                     Capture       Launch     
        Clock Edge:+   10000            0     
       Src Latency:+       0            0     
       Net Latency:+       0 (I)        0 (I) 
           Arrival:=   10000            0     
                                              
             Setup:-     216                  
     Required Time:=    9784                  
      Launch Clock:-       0                  
         Data Path:-    1679                  
             Slack:=    8105                  

#----------------------------------------------------------------------------------------------
#    Timing Point      Flags    Arc   Edge   Cell     Fanout Load Trans Delay Arrival Instance 
#                                                            (fF)  (ps)  (ps)   (ps)  Location 
#----------------------------------------------------------------------------------------------
  req_sync_q_reg[0]/CK -       -      R     (arrival)     75    -     0     0       0    (-,-) 
  req_sync_q_reg[0]/QN (P)     CK->QN F     DFFX1          2  5.8    57   292     292    (-,-) 
  g5883__3680/Y        -       A1N->Y F     AOI2BB1X1      3 11.0    96   201     493    (-,-) 
  g5862__1666/Y        -       B->Y   R     NAND2X1        2  8.6   120    96     589    (-,-) 
  g5841__2883/Y        -       B->Y   F     NOR2X1         2  8.5    70    59     648    (-,-) 
  g5831__5122/Y        -       B->Y   R     NAND2X1        2  8.1   115    87     735    (-,-) 
  g5829/Y              -       A->Y   F     INVX1          1  3.5    42    30     764    (-,-) 
  g5821__5526/Y        -       A0->Y  R     OAI21XL        8 32.1   647   384    1148    (-,-) 
  g5820/Y              -       A->Y   F     INVX1          6 25.0   221   141    1288    (-,-) 
  g5816__5107/Y        -       A0->Y  R     AOI22X1        2  7.0   198   154    1443    (-,-) 
  g5799__9945/Y        -       A1N->Y R     OAI2BB2X1      5 20.2   341   202    1644    (-,-) 
  g5795__9315/Y        -       B0->Y  F     OAI2BB2X1      1  2.1   110    34    1679    (-,-) 
  out_addr_q_reg[2]/D  -       -      F     DFFHQX1        1    -     -     0    1679    (-,-) 
#----------------------------------------------------------------------------------------------

(P) : Instance is preserved



Path 21: MET (8128 ps) Setup Check with Pin epoch_gray_q_reg[2]/CK->D
          Group: clk
     Startpoint: (F) out_ready
          Clock: (R) clk
       Endpoint: (R) epoch_gray_q_reg[2]/D
          Clock: (R) clk

                     Capture       Launch     
        Clock Edge:+   10000            0     
        Drv Adjust:+       0            0     
       Src Latency:+       0            0     
       Net Latency:+       0 (I)        0 (I) 
           Arrival:=   10000            0     
                                              
             Setup:-      67                  
     Required Time:=    9933                  
      Launch Clock:-       0                  
       Input Delay:-    1000                  
         Data Path:-     806                  
             Slack:=    8128                  

Exceptions/Constraints:
  input_delay             1000            in_del   

#----------------------------------------------------------------------------------------------
#     Timing Point      Flags   Arc   Edge   Cell     Fanout Load Trans Delay Arrival Instance 
#                                                            (fF)  (ps)  (ps)   (ps)  Location 
#----------------------------------------------------------------------------------------------
  out_ready             -       -     F     (arrival)      2  7.6     0     0    1000    (-,-) 
  g5824__6783/Y         -       B1->Y R     OAI22X1       10 32.8   553   322    1322    (-,-) 
  g6100/Y               -       AN->Y R     NOR2BX1        8 35.6   482   334    1656    (-,-) 
  g5810__1666/Y         -       B0->Y F     AOI22X1        1  3.5   153    90    1747    (-,-) 
  g5807/Y               -       A->Y  R     INVX1          1  2.0    59    59    1806    (-,-) 
  epoch_gray_q_reg[2]/D -       -     R     DFFX1          1    -     -     0    1806    (-,-) 
#----------------------------------------------------------------------------------------------



Path 22: MET (8128 ps) Setup Check with Pin epoch_gray_q_reg[1]/CK->D
          Group: clk
     Startpoint: (F) out_ready
          Clock: (R) clk
       Endpoint: (R) epoch_gray_q_reg[1]/D
          Clock: (R) clk

                     Capture       Launch     
        Clock Edge:+   10000            0     
        Drv Adjust:+       0            0     
       Src Latency:+       0            0     
       Net Latency:+       0 (I)        0 (I) 
           Arrival:=   10000            0     
                                              
             Setup:-      67                  
     Required Time:=    9933                  
      Launch Clock:-       0                  
       Input Delay:-    1000                  
         Data Path:-     806                  
             Slack:=    8128                  

Exceptions/Constraints:
  input_delay             1000            in_del   

#----------------------------------------------------------------------------------------------
#     Timing Point      Flags   Arc   Edge   Cell     Fanout Load Trans Delay Arrival Instance 
#                                                            (fF)  (ps)  (ps)   (ps)  Location 
#----------------------------------------------------------------------------------------------
  out_ready             -       -     F     (arrival)      2  7.6     0     0    1000    (-,-) 
  g5824__6783/Y         -       B1->Y R     OAI22X1       10 32.8   553   322    1322    (-,-) 
  g6100/Y               -       AN->Y R     NOR2BX1        8 35.6   482   334    1656    (-,-) 
  g5811__7410/Y         -       B0->Y F     AOI22X1        1  3.5   153    90    1747    (-,-) 
  g5808/Y               -       A->Y  R     INVX1          1  2.0    59    59    1806    (-,-) 
  epoch_gray_q_reg[1]/D -       -     R     DFFX1          1    -     -     0    1806    (-,-) 
#----------------------------------------------------------------------------------------------



Path 23: MET (8128 ps) Setup Check with Pin epoch_gray_q_reg[0]/CK->D
          Group: clk
     Startpoint: (F) out_ready
          Clock: (R) clk
       Endpoint: (R) epoch_gray_q_reg[0]/D
          Clock: (R) clk

                     Capture       Launch     
        Clock Edge:+   10000            0     
        Drv Adjust:+       0            0     
       Src Latency:+       0            0     
       Net Latency:+       0 (I)        0 (I) 
           Arrival:=   10000            0     
                                              
             Setup:-      67                  
     Required Time:=    9933                  
      Launch Clock:-       0                  
       Input Delay:-    1000                  
         Data Path:-     806                  
             Slack:=    8128                  

Exceptions/Constraints:
  input_delay             1000            in_del   

#----------------------------------------------------------------------------------------------
#     Timing Point      Flags   Arc   Edge   Cell     Fanout Load Trans Delay Arrival Instance 
#                                                            (fF)  (ps)  (ps)   (ps)  Location 
#----------------------------------------------------------------------------------------------
  out_ready             -       -     F     (arrival)      2  7.6     0     0    1000    (-,-) 
  g5824__6783/Y         -       B1->Y R     OAI22X1       10 32.8   553   322    1322    (-,-) 
  g6100/Y               -       AN->Y R     NOR2BX1        8 35.6   482   334    1656    (-,-) 
  g5803__2883/Y         -       B0->Y F     AOI22X1        1  3.5   153    90    1747    (-,-) 
  g5802/Y               -       A->Y  R     INVX1          1  2.0    59    59    1806    (-,-) 
  epoch_gray_q_reg[0]/D -       -     R     DFFX1          1    -     -     0    1806    (-,-) 
#----------------------------------------------------------------------------------------------



Path 24: MET (8254 ps) Setup Check with Pin out_valid_q_reg/CK->D
          Group: clk
     Startpoint: (F) out_ready
          Clock: (R) clk
       Endpoint: (F) out_valid_q_reg/D
          Clock: (R) clk

                     Capture       Launch     
        Clock Edge:+   10000            0     
        Drv Adjust:+       0            0     
       Src Latency:+       0            0     
       Net Latency:+       0 (I)        0 (I) 
           Arrival:=   10000            0     
                                              
             Setup:-     163                  
     Required Time:=    9837                  
      Launch Clock:-       0                  
       Input Delay:-    1000                  
         Data Path:-     583                  
             Slack:=    8254                  

Exceptions/Constraints:
  input_delay             1000            in_del   

#------------------------------------------------------------------------------------------
#   Timing Point    Flags   Arc   Edge   Cell     Fanout Load Trans Delay Arrival Instance 
#                                                        (fF)  (ps)  (ps)   (ps)  Location 
#------------------------------------------------------------------------------------------
  out_ready         -       -     F     (arrival)      2  7.6     0     0    1000    (-,-) 
  g5824__6783/Y     -       B1->Y R     OAI22X1       10 32.8   553   322    1322    (-,-) 
  g5819__8428/Y     -       A->Y  F     NOR2X1         5 21.5   194   129    1451    (-,-) 
  g5818/Y           -       A->Y  R     INVXL          1  3.1    82    80    1532    (-,-) 
  g5812__6417/Y     -       B0->Y F     OAI21XL        1  2.0    58    51    1583    (-,-) 
  out_valid_q_reg/D -       -     F     DFFX1          1    -     -     0    1583    (-,-) 
#------------------------------------------------------------------------------------------



Path 25: MET (8406 ps) Setup Check with Pin out_addr_q_reg[3]/CK->D
          Group: clk
     Startpoint: (F) out_ready
          Clock: (R) clk
       Endpoint: (F) out_addr_q_reg[3]/D
          Clock: (R) clk

                     Capture       Launch     
        Clock Edge:+   10000            0     
        Drv Adjust:+       0            0     
       Src Latency:+       0            0     
       Net Latency:+       0 (I)        0 (I) 
           Arrival:=   10000            0     
                                              
             Setup:-     217                  
     Required Time:=    9783                  
      Launch Clock:-       0                  
       Input Delay:-    1000                  
         Data Path:-     377                  
             Slack:=    8406                  

Exceptions/Constraints:
  input_delay             1000            in_del   

#--------------------------------------------------------------------------------------------
#    Timing Point     Flags   Arc   Edge   Cell     Fanout Load Trans Delay Arrival Instance 
#                                                          (fF)  (ps)  (ps)   (ps)  Location 
#--------------------------------------------------------------------------------------------
  out_ready           -       -     F     (arrival)      2  7.6     0     0    1000    (-,-) 
  g5824__6783/Y       -       B1->Y R     OAI22X1       10 32.8   553   322    1322    (-,-) 
  g5815__6260/Y       -       B1->Y F     OAI2BB2XL      1  2.1   118    55    1377    (-,-) 
  out_addr_q_reg[3]/D -       -     F     DFFHQX1        1    -     -     0    1377    (-,-) 
#--------------------------------------------------------------------------------------------



Path 26: MET (8433 ps) Late External Delay Assertion at pin src_ack_async[1]
          Group: clk
     Startpoint: (R) reset_release_q_reg[1]/CK
          Clock: (R) clk
       Endpoint: (R) src_ack_async[1]
          Clock: (R) clk

                     Capture       Launch     
        Clock Edge:+   10000            0     
       Src Latency:+       0            0     
       Net Latency:+       0 (I)        0 (I) 
           Arrival:=   10000            0     
                                              
      Output Delay:-    1000                  
     Required Time:=    9000                  
      Launch Clock:-       0                  
         Data Path:-     567                  
             Slack:=    8433                  

Exceptions/Constraints:
  output_delay             1000            ou_del_14_1   

#--------------------------------------------------------------------------------------------------
#       Timing Point        Flags   Arc   Edge   Cell     Fanout Load Trans Delay Arrival Instance 
#                                                                (fF)  (ps)  (ps)   (ps)  Location 
#--------------------------------------------------------------------------------------------------
  reset_release_q_reg[1]/CK -       -     R     (arrival)     75    -     0     0       0    (-,-) 
  reset_release_q_reg[1]/Q  (P)     CK->Q R     DFFRHQX1       2  7.3   149   245     245    (-,-) 
  g5922/Y                   -       A->Y  F     INVX1         10 33.6   157   120     365    (-,-) 
  drc_buf_sp6086/Y          -       A->Y  F     BUFX3         10 32.2    68   141     506    (-,-) 
  g5903__1617/Y             -       B->Y  R     NOR2BXL        1  0.0    59    61     567    (-,-) 
  src_ack_async[1]          -       -     R     (port)         -    -     -     0     567    (-,-) 
#--------------------------------------------------------------------------------------------------

(P) : Instance is preserved



Path 27: MET (8433 ps) Late External Delay Assertion at pin src_ack_async[2]
          Group: clk
     Startpoint: (R) reset_release_q_reg[1]/CK
          Clock: (R) clk
       Endpoint: (R) src_ack_async[2]
          Clock: (R) clk

                     Capture       Launch     
        Clock Edge:+   10000            0     
       Src Latency:+       0            0     
       Net Latency:+       0 (I)        0 (I) 
           Arrival:=   10000            0     
                                              
      Output Delay:-    1000                  
     Required Time:=    9000                  
      Launch Clock:-       0                  
         Data Path:-     567                  
             Slack:=    8433                  

Exceptions/Constraints:
  output_delay             1000            ou_del_13_1   

#--------------------------------------------------------------------------------------------------
#       Timing Point        Flags   Arc   Edge   Cell     Fanout Load Trans Delay Arrival Instance 
#                                                                (fF)  (ps)  (ps)   (ps)  Location 
#--------------------------------------------------------------------------------------------------
  reset_release_q_reg[1]/CK -       -     R     (arrival)     75    -     0     0       0    (-,-) 
  reset_release_q_reg[1]/Q  (P)     CK->Q R     DFFRHQX1       2  7.3   149   245     245    (-,-) 
  g5922/Y                   -       A->Y  F     INVX1         10 33.6   157   120     365    (-,-) 
  drc_buf_sp6086/Y          -       A->Y  F     BUFX3         10 32.2    68   141     506    (-,-) 
  g5887__8246/Y             -       B->Y  R     NOR2BXL        1  0.0    59    61     567    (-,-) 
  src_ack_async[2]          -       -     R     (port)         -    -     -     0     567    (-,-) 
#--------------------------------------------------------------------------------------------------

(P) : Instance is preserved



Path 28: MET (8433 ps) Late External Delay Assertion at pin src_ack_async[4]
          Group: clk
     Startpoint: (R) reset_release_q_reg[1]/CK
          Clock: (R) clk
       Endpoint: (R) src_ack_async[4]
          Clock: (R) clk

                     Capture       Launch     
        Clock Edge:+   10000            0     
       Src Latency:+       0            0     
       Net Latency:+       0 (I)        0 (I) 
           Arrival:=   10000            0     
                                              
      Output Delay:-    1000                  
     Required Time:=    9000                  
      Launch Clock:-       0                  
         Data Path:-     567                  
             Slack:=    8433                  

Exceptions/Constraints:
  output_delay             1000            ou_del_11_1   

#--------------------------------------------------------------------------------------------------
#       Timing Point        Flags   Arc   Edge   Cell     Fanout Load Trans Delay Arrival Instance 
#                                                                (fF)  (ps)  (ps)   (ps)  Location 
#--------------------------------------------------------------------------------------------------
  reset_release_q_reg[1]/CK -       -     R     (arrival)     75    -     0     0       0    (-,-) 
  reset_release_q_reg[1]/Q  (P)     CK->Q R     DFFRHQX1       2  7.3   149   245     245    (-,-) 
  g5922/Y                   -       A->Y  F     INVX1         10 33.6   157   120     365    (-,-) 
  drc_buf_sp6086/Y          -       A->Y  F     BUFX3         10 32.2    68   141     506    (-,-) 
  g5897__2398/Y             -       B->Y  R     NOR2BXL        1  0.0    59    61     567    (-,-) 
  src_ack_async[4]          -       -     R     (port)         -    -     -     0     567    (-,-) 
#--------------------------------------------------------------------------------------------------

(P) : Instance is preserved



Path 29: MET (8433 ps) Late External Delay Assertion at pin src_ack_async[5]
          Group: clk
     Startpoint: (R) reset_release_q_reg[1]/CK
          Clock: (R) clk
       Endpoint: (R) src_ack_async[5]
          Clock: (R) clk

                     Capture       Launch     
        Clock Edge:+   10000            0     
       Src Latency:+       0            0     
       Net Latency:+       0 (I)        0 (I) 
           Arrival:=   10000            0     
                                              
      Output Delay:-    1000                  
     Required Time:=    9000                  
      Launch Clock:-       0                  
         Data Path:-     567                  
             Slack:=    8433                  

Exceptions/Constraints:
  output_delay             1000            ou_del_10_1   

#--------------------------------------------------------------------------------------------------
#       Timing Point        Flags   Arc   Edge   Cell     Fanout Load Trans Delay Arrival Instance 
#                                                                (fF)  (ps)  (ps)   (ps)  Location 
#--------------------------------------------------------------------------------------------------
  reset_release_q_reg[1]/CK -       -     R     (arrival)     75    -     0     0       0    (-,-) 
  reset_release_q_reg[1]/Q  (P)     CK->Q R     DFFRHQX1       2  7.3   149   245     245    (-,-) 
  g5922/Y                   -       A->Y  F     INVX1         10 33.6   157   120     365    (-,-) 
  drc_buf_sp6086/Y          -       A->Y  F     BUFX3         10 32.2    68   141     506    (-,-) 
  g5895__1666/Y             -       B->Y  R     NOR2BXL        1  0.0    59    61     567    (-,-) 
  src_ack_async[5]          -       -     R     (port)         -    -     -     0     567    (-,-) 
#--------------------------------------------------------------------------------------------------

(P) : Instance is preserved



Path 30: MET (8433 ps) Late External Delay Assertion at pin src_ack_async[10]
          Group: clk
     Startpoint: (R) reset_release_q_reg[1]/CK
          Clock: (R) clk
       Endpoint: (R) src_ack_async[10]
          Clock: (R) clk

                     Capture       Launch     
        Clock Edge:+   10000            0     
       Src Latency:+       0            0     
       Net Latency:+       0 (I)        0 (I) 
           Arrival:=   10000            0     
                                              
      Output Delay:-    1000                  
     Required Time:=    9000                  
      Launch Clock:-       0                  
         Data Path:-     567                  
             Slack:=    8433                  

Exceptions/Constraints:
  output_delay             1000            ou_del_5_1   

#--------------------------------------------------------------------------------------------------
#       Timing Point        Flags   Arc   Edge   Cell     Fanout Load Trans Delay Arrival Instance 
#                                                                (fF)  (ps)  (ps)   (ps)  Location 
#--------------------------------------------------------------------------------------------------
  reset_release_q_reg[1]/CK -       -     R     (arrival)     75    -     0     0       0    (-,-) 
  reset_release_q_reg[1]/Q  (P)     CK->Q R     DFFRHQX1       2  7.3   149   245     245    (-,-) 
  g5922/Y                   -       A->Y  F     INVX1         10 33.6   157   120     365    (-,-) 
  drc_buf_sp6086/Y          -       A->Y  F     BUFX3         10 32.2    68   141     506    (-,-) 
  g5896__6260/Y             -       B->Y  R     NOR2BXL        1  0.0    59    61     567    (-,-) 
  src_ack_async[10]         -       -     R     (port)         -    -     -     0     567    (-,-) 
#--------------------------------------------------------------------------------------------------

(P) : Instance is preserved



Path 31: MET (8433 ps) Late External Delay Assertion at pin src_ack_async[12]
          Group: clk
     Startpoint: (R) reset_release_q_reg[1]/CK
          Clock: (R) clk
       Endpoint: (R) src_ack_async[12]
          Clock: (R) clk

                     Capture       Launch     
        Clock Edge:+   10000            0     
       Src Latency:+       0            0     
       Net Latency:+       0 (I)        0 (I) 
           Arrival:=   10000            0     
                                              
      Output Delay:-    1000                  
     Required Time:=    9000                  
      Launch Clock:-       0                  
         Data Path:-     567                  
             Slack:=    8433                  

Exceptions/Constraints:
  output_delay             1000            ou_del_3_1   

#--------------------------------------------------------------------------------------------------
#       Timing Point        Flags   Arc   Edge   Cell     Fanout Load Trans Delay Arrival Instance 
#                                                                (fF)  (ps)  (ps)   (ps)  Location 
#--------------------------------------------------------------------------------------------------
  reset_release_q_reg[1]/CK -       -     R     (arrival)     75    -     0     0       0    (-,-) 
  reset_release_q_reg[1]/Q  (P)     CK->Q R     DFFRHQX1       2  7.3   149   245     245    (-,-) 
  g5922/Y                   -       A->Y  F     INVX1         10 33.6   157   120     365    (-,-) 
  drc_buf_sp6086/Y          -       A->Y  F     BUFX3         10 32.2    68   141     506    (-,-) 
  g5893__4319/Y             -       B->Y  R     NOR2BXL        1  0.0    59    61     567    (-,-) 
  src_ack_async[12]         -       -     R     (port)         -    -     -     0     567    (-,-) 
#--------------------------------------------------------------------------------------------------

(P) : Instance is preserved



Path 32: MET (8433 ps) Late External Delay Assertion at pin src_ack_async[14]
          Group: clk
     Startpoint: (R) reset_release_q_reg[1]/CK
          Clock: (R) clk
       Endpoint: (R) src_ack_async[14]
          Clock: (R) clk

                     Capture       Launch     
        Clock Edge:+   10000            0     
       Src Latency:+       0            0     
       Net Latency:+       0 (I)        0 (I) 
           Arrival:=   10000            0     
                                              
      Output Delay:-    1000                  
     Required Time:=    9000                  
      Launch Clock:-       0                  
         Data Path:-     567                  
             Slack:=    8433                  

Exceptions/Constraints:
  output_delay             1000            ou_del_1_1   

#--------------------------------------------------------------------------------------------------
#       Timing Point        Flags   Arc   Edge   Cell     Fanout Load Trans Delay Arrival Instance 
#                                                                (fF)  (ps)  (ps)   (ps)  Location 
#--------------------------------------------------------------------------------------------------
  reset_release_q_reg[1]/CK -       -     R     (arrival)     75    -     0     0       0    (-,-) 
  reset_release_q_reg[1]/Q  (P)     CK->Q R     DFFRHQX1       2  7.3   149   245     245    (-,-) 
  g5922/Y                   -       A->Y  F     INVX1         10 33.6   157   120     365    (-,-) 
  drc_buf_sp6086/Y          -       A->Y  F     BUFX3         10 32.2    68   141     506    (-,-) 
  g5890__1705/Y             -       B->Y  R     NOR2BXL        1  0.0    59    61     567    (-,-) 
  src_ack_async[14]         -       -     R     (port)         -    -     -     0     567    (-,-) 
#--------------------------------------------------------------------------------------------------

(P) : Instance is preserved



Path 33: MET (8433 ps) Late External Delay Assertion at pin src_ack_async[15]
          Group: clk
     Startpoint: (R) reset_release_q_reg[1]/CK
          Clock: (R) clk
       Endpoint: (R) src_ack_async[15]
          Clock: (R) clk

                     Capture       Launch     
        Clock Edge:+   10000            0     
       Src Latency:+       0            0     
       Net Latency:+       0 (I)        0 (I) 
           Arrival:=   10000            0     
                                              
      Output Delay:-    1000                  
     Required Time:=    9000                  
      Launch Clock:-       0                  
         Data Path:-     567                  
             Slack:=    8433                  

Exceptions/Constraints:
  output_delay             1000            ou_del   

#--------------------------------------------------------------------------------------------------
#       Timing Point        Flags   Arc   Edge   Cell     Fanout Load Trans Delay Arrival Instance 
#                                                                (fF)  (ps)  (ps)   (ps)  Location 
#--------------------------------------------------------------------------------------------------
  reset_release_q_reg[1]/CK -       -     R     (arrival)     75    -     0     0       0    (-,-) 
  reset_release_q_reg[1]/Q  (P)     CK->Q R     DFFRHQX1       2  7.3   149   245     245    (-,-) 
  g5922/Y                   -       A->Y  F     INVX1         10 33.6   157   120     365    (-,-) 
  drc_buf_sp6086/Y          -       A->Y  F     BUFX3         10 32.2    68   141     506    (-,-) 
  g5898__6417/Y             -       B->Y  R     NOR2BXL        1  0.0    59    61     567    (-,-) 
  src_ack_async[15]         -       -     R     (port)         -    -     -     0     567    (-,-) 
#--------------------------------------------------------------------------------------------------

(P) : Instance is preserved



Path 34: MET (8561 ps) Late External Delay Assertion at pin src_ack_async[0]
          Group: clk
     Startpoint: (R) reset_release_q_reg[1]/CK
          Clock: (R) clk
       Endpoint: (R) src_ack_async[0]
          Clock: (R) clk

                     Capture       Launch     
        Clock Edge:+   10000            0     
       Src Latency:+       0            0     
       Net Latency:+       0 (I)        0 (I) 
           Arrival:=   10000            0     
                                              
      Output Delay:-    1000                  
     Required Time:=    9000                  
      Launch Clock:-       0                  
         Data Path:-     439                  
             Slack:=    8561                  

Exceptions/Constraints:
  output_delay             1000            ou_del_15_1   

#--------------------------------------------------------------------------------------------------
#       Timing Point        Flags   Arc   Edge   Cell     Fanout Load Trans Delay Arrival Instance 
#                                                                (fF)  (ps)  (ps)   (ps)  Location 
#--------------------------------------------------------------------------------------------------
  reset_release_q_reg[1]/CK -       -     R     (arrival)     75    -     0     0       0    (-,-) 
  reset_release_q_reg[1]/Q  (P)     CK->Q R     DFFRHQX1       2  7.3   149   245     245    (-,-) 
  g5922/Y                   -       A->Y  F     INVX1         10 33.6   157   120     365    (-,-) 
  g5888__2346/Y             -       B->Y  R     NOR2BXL        1  0.0    67    74     439    (-,-) 
  src_ack_async[0]          -       -     R     (port)         -    -     -     0     439    (-,-) 
#--------------------------------------------------------------------------------------------------

(P) : Instance is preserved



Path 35: MET (8561 ps) Late External Delay Assertion at pin src_ack_async[3]
          Group: clk
     Startpoint: (R) reset_release_q_reg[1]/CK
          Clock: (R) clk
       Endpoint: (R) src_ack_async[3]
          Clock: (R) clk

                     Capture       Launch     
        Clock Edge:+   10000            0     
       Src Latency:+       0            0     
       Net Latency:+       0 (I)        0 (I) 
           Arrival:=   10000            0     
                                              
      Output Delay:-    1000                  
     Required Time:=    9000                  
      Launch Clock:-       0                  
         Data Path:-     439                  
             Slack:=    8561                  

Exceptions/Constraints:
  output_delay             1000            ou_del_12_1   

#--------------------------------------------------------------------------------------------------
#       Timing Point        Flags   Arc   Edge   Cell     Fanout Load Trans Delay Arrival Instance 
#                                                                (fF)  (ps)  (ps)   (ps)  Location 
#--------------------------------------------------------------------------------------------------
  reset_release_q_reg[1]/CK -       -     R     (arrival)     75    -     0     0       0    (-,-) 
  reset_release_q_reg[1]/Q  (P)     CK->Q R     DFFRHQX1       2  7.3   149   245     245    (-,-) 
  g5922/Y                   -       A->Y  F     INVX1         10 33.6   157   120     365    (-,-) 
  g5899__7410/Y             -       B->Y  R     NOR2BXL        1  0.0    67    74     439    (-,-) 
  src_ack_async[3]          -       -     R     (port)         -    -     -     0     439    (-,-) 
#--------------------------------------------------------------------------------------------------

(P) : Instance is preserved



Path 36: MET (8561 ps) Late External Delay Assertion at pin src_ack_async[6]
          Group: clk
     Startpoint: (R) reset_release_q_reg[1]/CK
          Clock: (R) clk
       Endpoint: (R) src_ack_async[6]
          Clock: (R) clk

                     Capture       Launch     
        Clock Edge:+   10000            0     
       Src Latency:+       0            0     
       Net Latency:+       0 (I)        0 (I) 
           Arrival:=   10000            0     
                                              
      Output Delay:-    1000                  
     Required Time:=    9000                  
      Launch Clock:-       0                  
         Data Path:-     439                  
             Slack:=    8561                  

Exceptions/Constraints:
  output_delay             1000            ou_del_9_1   

#--------------------------------------------------------------------------------------------------
#       Timing Point        Flags   Arc   Edge   Cell     Fanout Load Trans Delay Arrival Instance 
#                                                                (fF)  (ps)  (ps)   (ps)  Location 
#--------------------------------------------------------------------------------------------------
  reset_release_q_reg[1]/CK -       -     R     (arrival)     75    -     0     0       0    (-,-) 
  reset_release_q_reg[1]/Q  (P)     CK->Q R     DFFRHQX1       2  7.3   149   245     245    (-,-) 
  g5922/Y                   -       A->Y  F     INVX1         10 33.6   157   120     365    (-,-) 
  g5894__5477/Y             -       B->Y  R     NOR2BXL        1  0.0    67    74     439    (-,-) 
  src_ack_async[6]          -       -     R     (port)         -    -     -     0     439    (-,-) 
#--------------------------------------------------------------------------------------------------

(P) : Instance is preserved



Path 37: MET (8561 ps) Late External Delay Assertion at pin src_ack_async[7]
          Group: clk
     Startpoint: (R) reset_release_q_reg[1]/CK
          Clock: (R) clk
       Endpoint: (R) src_ack_async[7]
          Clock: (R) clk

                     Capture       Launch     
        Clock Edge:+   10000            0     
       Src Latency:+       0            0     
       Net Latency:+       0 (I)        0 (I) 
           Arrival:=   10000            0     
                                              
      Output Delay:-    1000                  
     Required Time:=    9000                  
      Launch Clock:-       0                  
         Data Path:-     439                  
             Slack:=    8561                  

Exceptions/Constraints:
  output_delay             1000            ou_del_8_1   

#--------------------------------------------------------------------------------------------------
#       Timing Point        Flags   Arc   Edge   Cell     Fanout Load Trans Delay Arrival Instance 
#                                                                (fF)  (ps)  (ps)   (ps)  Location 
#--------------------------------------------------------------------------------------------------
  reset_release_q_reg[1]/CK -       -     R     (arrival)     75    -     0     0       0    (-,-) 
  reset_release_q_reg[1]/Q  (P)     CK->Q R     DFFRHQX1       2  7.3   149   245     245    (-,-) 
  g5922/Y                   -       A->Y  F     INVX1         10 33.6   157   120     365    (-,-) 
  g5891__3680/Y             -       B->Y  R     NOR2BXL        1  0.0    67    74     439    (-,-) 
  src_ack_async[7]          -       -     R     (port)         -    -     -     0     439    (-,-) 
#--------------------------------------------------------------------------------------------------

(P) : Instance is preserved



Path 38: MET (8561 ps) Late External Delay Assertion at pin src_ack_async[8]
          Group: clk
     Startpoint: (R) reset_release_q_reg[1]/CK
          Clock: (R) clk
       Endpoint: (R) src_ack_async[8]
          Clock: (R) clk

                     Capture       Launch     
        Clock Edge:+   10000            0     
       Src Latency:+       0            0     
       Net Latency:+       0 (I)        0 (I) 
           Arrival:=   10000            0     
                                              
      Output Delay:-    1000                  
     Required Time:=    9000                  
      Launch Clock:-       0                  
         Data Path:-     439                  
             Slack:=    8561                  

Exceptions/Constraints:
  output_delay             1000            ou_del_7_1   

#--------------------------------------------------------------------------------------------------
#       Timing Point        Flags   Arc   Edge   Cell     Fanout Load Trans Delay Arrival Instance 
#                                                                (fF)  (ps)  (ps)   (ps)  Location 
#--------------------------------------------------------------------------------------------------
  reset_release_q_reg[1]/CK -       -     R     (arrival)     75    -     0     0       0    (-,-) 
  reset_release_q_reg[1]/Q  (P)     CK->Q R     DFFRHQX1       2  7.3   149   245     245    (-,-) 
  g5922/Y                   -       A->Y  F     INVX1         10 33.6   157   120     365    (-,-) 
  g5889__2802/Y             -       B->Y  R     NOR2BXL        1  0.0    67    74     439    (-,-) 
  src_ack_async[8]          -       -     R     (port)         -    -     -     0     439    (-,-) 
#--------------------------------------------------------------------------------------------------

(P) : Instance is preserved



Path 39: MET (8561 ps) Late External Delay Assertion at pin src_ack_async[9]
          Group: clk
     Startpoint: (R) reset_release_q_reg[1]/CK
          Clock: (R) clk
       Endpoint: (R) src_ack_async[9]
          Clock: (R) clk

                     Capture       Launch     
        Clock Edge:+   10000            0     
       Src Latency:+       0            0     
       Net Latency:+       0 (I)        0 (I) 
           Arrival:=   10000            0     
                                              
      Output Delay:-    1000                  
     Required Time:=    9000                  
      Launch Clock:-       0                  
         Data Path:-     439                  
             Slack:=    8561                  

Exceptions/Constraints:
  output_delay             1000            ou_del_6_1   

#--------------------------------------------------------------------------------------------------
#       Timing Point        Flags   Arc   Edge   Cell     Fanout Load Trans Delay Arrival Instance 
#                                                                (fF)  (ps)  (ps)   (ps)  Location 
#--------------------------------------------------------------------------------------------------
  reset_release_q_reg[1]/CK -       -     R     (arrival)     75    -     0     0       0    (-,-) 
  reset_release_q_reg[1]/Q  (P)     CK->Q R     DFFRHQX1       2  7.3   149   245     245    (-,-) 
  g5922/Y                   -       A->Y  F     INVX1         10 33.6   157   120     365    (-,-) 
  g5901__6783/Y             -       B->Y  R     NOR2BXL        1  0.0    67    74     439    (-,-) 
  src_ack_async[9]          -       -     R     (port)         -    -     -     0     439    (-,-) 
#--------------------------------------------------------------------------------------------------

(P) : Instance is preserved



Path 40: MET (8561 ps) Late External Delay Assertion at pin src_ack_async[11]
          Group: clk
     Startpoint: (R) reset_release_q_reg[1]/CK
          Clock: (R) clk
       Endpoint: (R) src_ack_async[11]
          Clock: (R) clk

                     Capture       Launch     
        Clock Edge:+   10000            0     
       Src Latency:+       0            0     
       Net Latency:+       0 (I)        0 (I) 
           Arrival:=   10000            0     
                                              
      Output Delay:-    1000                  
     Required Time:=    9000                  
      Launch Clock:-       0                  
         Data Path:-     439                  
             Slack:=    8561                  

Exceptions/Constraints:
  output_delay             1000            ou_del_4_1   

#--------------------------------------------------------------------------------------------------
#       Timing Point        Flags   Arc   Edge   Cell     Fanout Load Trans Delay Arrival Instance 
#                                                                (fF)  (ps)  (ps)   (ps)  Location 
#--------------------------------------------------------------------------------------------------
  reset_release_q_reg[1]/CK -       -     R     (arrival)     75    -     0     0       0    (-,-) 
  reset_release_q_reg[1]/Q  (P)     CK->Q R     DFFRHQX1       2  7.3   149   245     245    (-,-) 
  g5922/Y                   -       A->Y  F     INVX1         10 33.6   157   120     365    (-,-) 
  g5892__5122/Y             -       B->Y  R     NOR2BXL        1  0.0    67    74     439    (-,-) 
  src_ack_async[11]         -       -     R     (port)         -    -     -     0     439    (-,-) 
#--------------------------------------------------------------------------------------------------

(P) : Instance is preserved



Path 41: MET (8561 ps) Late External Delay Assertion at pin src_ack_async[13]
          Group: clk
     Startpoint: (R) reset_release_q_reg[1]/CK
          Clock: (R) clk
       Endpoint: (R) src_ack_async[13]
          Clock: (R) clk

                     Capture       Launch     
        Clock Edge:+   10000            0     
       Src Latency:+       0            0     
       Net Latency:+       0 (I)        0 (I) 
           Arrival:=   10000            0     
                                              
      Output Delay:-    1000                  
     Required Time:=    9000                  
      Launch Clock:-       0                  
         Data Path:-     439                  
             Slack:=    8561                  

Exceptions/Constraints:
  output_delay             1000            ou_del_2_1   

#--------------------------------------------------------------------------------------------------
#       Timing Point        Flags   Arc   Edge   Cell     Fanout Load Trans Delay Arrival Instance 
#                                                                (fF)  (ps)  (ps)   (ps)  Location 
#--------------------------------------------------------------------------------------------------
  reset_release_q_reg[1]/CK -       -     R     (arrival)     75    -     0     0       0    (-,-) 
  reset_release_q_reg[1]/Q  (P)     CK->Q R     DFFRHQX1       2  7.3   149   245     245    (-,-) 
  g5922/Y                   -       A->Y  F     INVX1         10 33.6   157   120     365    (-,-) 
  g5900__5107/Y             -       B->Y  R     NOR2BXL        1  0.0    67    74     439    (-,-) 
  src_ack_async[13]         -       -     R     (port)         -    -     -     0     439    (-,-) 
#--------------------------------------------------------------------------------------------------

(P) : Instance is preserved



Path 42: MET (8677 ps) Late External Delay Assertion at pin out_valid
          Group: clk
     Startpoint: (R) reset_release_q_reg[1]/CK
          Clock: (R) clk
       Endpoint: (R) out_valid
          Clock: (R) clk

                     Capture       Launch     
        Clock Edge:+   10000            0     
       Src Latency:+       0            0     
       Net Latency:+       0 (I)        0 (I) 
           Arrival:=   10000            0     
                                              
      Output Delay:-    1000                  
     Required Time:=    9000                  
      Launch Clock:-       0                  
         Data Path:-     323                  
             Slack:=    8677                  

Exceptions/Constraints:
  output_delay             1000            ou_del_20_1   

#--------------------------------------------------------------------------------------------------
#       Timing Point        Flags   Arc   Edge   Cell     Fanout Load Trans Delay Arrival Instance 
#                                                                (fF)  (ps)  (ps)   (ps)  Location 
#--------------------------------------------------------------------------------------------------
  reset_release_q_reg[1]/CK -       -     R     (arrival)     75    -     0     0       0    (-,-) 
  reset_release_q_reg[1]/Q  (P)     CK->Q R     DFFRHQX1       2  7.3   149   245     245    (-,-) 
  g5902__6161/Y             -       B->Y  F     NAND2X1        2  6.2    64    45     290    (-,-) 
  g5886/Y                   -       A->Y  R     INVXL          1  0.0    34    34     323    (-,-) 
  out_valid                 -       -     R     (port)         -    -     -     0     323    (-,-) 
#--------------------------------------------------------------------------------------------------

(P) : Instance is preserved



Path 43: MET (8821 ps) Late External Delay Assertion at pin out_addr[3]
          Group: clk
     Startpoint: (R) out_addr_q_reg[3]/CK
          Clock: (R) clk
       Endpoint: (R) out_addr[3]
          Clock: (R) clk

                     Capture       Launch     
        Clock Edge:+   10000            0     
       Src Latency:+       0            0     
       Net Latency:+       0 (I)        0 (I) 
           Arrival:=   10000            0     
                                              
      Output Delay:-    1000                  
     Required Time:=    9000                  
      Launch Clock:-       0                  
         Data Path:-     179                  
             Slack:=    8821                  

Exceptions/Constraints:
  output_delay             1000            ou_del_16_1   

#---------------------------------------------------------------------------------------------
#    Timing Point      Flags   Arc   Edge   Cell     Fanout Load Trans Delay Arrival Instance 
#                                                           (fF)  (ps)  (ps)   (ps)  Location 
#---------------------------------------------------------------------------------------------
  out_addr_q_reg[3]/CK -       -     R     (arrival)     75    -     0     0       0    (-,-) 
  out_addr_q_reg[3]/Q  -       CK->Q R     DFFHQX1        2  2.0    50   179     179    (-,-) 
  out_addr[3]          -       -     R     (port)         -    -     -     0     179    (-,-) 
#---------------------------------------------------------------------------------------------



Path 44: MET (8821 ps) Late External Delay Assertion at pin out_addr[0]
          Group: clk
     Startpoint: (R) out_addr_q_reg[0]/CK
          Clock: (R) clk
       Endpoint: (R) out_addr[0]
          Clock: (R) clk

                     Capture       Launch     
        Clock Edge:+   10000            0     
       Src Latency:+       0            0     
       Net Latency:+       0 (I)        0 (I) 
           Arrival:=   10000            0     
                                              
      Output Delay:-    1000                  
     Required Time:=    9000                  
      Launch Clock:-       0                  
         Data Path:-     179                  
             Slack:=    8821                  

Exceptions/Constraints:
  output_delay             1000            ou_del_19_1   

#---------------------------------------------------------------------------------------------
#    Timing Point      Flags   Arc   Edge   Cell     Fanout Load Trans Delay Arrival Instance 
#                                                           (fF)  (ps)  (ps)   (ps)  Location 
#---------------------------------------------------------------------------------------------
  out_addr_q_reg[0]/CK -       -     R     (arrival)     75    -     0     0       0    (-,-) 
  out_addr_q_reg[0]/Q  -       CK->Q R     DFFHQX1        2  1.9    50   179     179    (-,-) 
  out_addr[0]          -       -     R     (port)         -    -     -     0     179    (-,-) 
#---------------------------------------------------------------------------------------------



Path 45: MET (8821 ps) Late External Delay Assertion at pin out_addr[1]
          Group: clk
     Startpoint: (R) out_addr_q_reg[1]/CK
          Clock: (R) clk
       Endpoint: (R) out_addr[1]
          Clock: (R) clk

                     Capture       Launch     
        Clock Edge:+   10000            0     
       Src Latency:+       0            0     
       Net Latency:+       0 (I)        0 (I) 
           Arrival:=   10000            0     
                                              
      Output Delay:-    1000                  
     Required Time:=    9000                  
      Launch Clock:-       0                  
         Data Path:-     179                  
             Slack:=    8821                  

Exceptions/Constraints:
  output_delay             1000            ou_del_18_1   

#---------------------------------------------------------------------------------------------
#    Timing Point      Flags   Arc   Edge   Cell     Fanout Load Trans Delay Arrival Instance 
#                                                           (fF)  (ps)  (ps)   (ps)  Location 
#---------------------------------------------------------------------------------------------
  out_addr_q_reg[1]/CK -       -     R     (arrival)     75    -     0     0       0    (-,-) 
  out_addr_q_reg[1]/Q  -       CK->Q R     DFFHQX1        2  1.9    50   179     179    (-,-) 
  out_addr[1]          -       -     R     (port)         -    -     -     0     179    (-,-) 
#---------------------------------------------------------------------------------------------



Path 46: MET (8821 ps) Late External Delay Assertion at pin out_addr[2]
          Group: clk
     Startpoint: (R) out_addr_q_reg[2]/CK
          Clock: (R) clk
       Endpoint: (R) out_addr[2]
          Clock: (R) clk

                     Capture       Launch     
        Clock Edge:+   10000            0     
       Src Latency:+       0            0     
       Net Latency:+       0 (I)        0 (I) 
           Arrival:=   10000            0     
                                              
      Output Delay:-    1000                  
     Required Time:=    9000                  
      Launch Clock:-       0                  
         Data Path:-     179                  
             Slack:=    8821                  

Exceptions/Constraints:
  output_delay             1000            ou_del_17_1   

#---------------------------------------------------------------------------------------------
#    Timing Point      Flags   Arc   Edge   Cell     Fanout Load Trans Delay Arrival Instance 
#                                                           (fF)  (ps)  (ps)   (ps)  Location 
#---------------------------------------------------------------------------------------------
  out_addr_q_reg[2]/CK -       -     R     (arrival)     75    -     0     0       0    (-,-) 
  out_addr_q_reg[2]/Q  -       CK->Q R     DFFHQX1        2  1.9    50   179     179    (-,-) 
  out_addr[2]          -       -     R     (port)         -    -     -     0     179    (-,-) 
#---------------------------------------------------------------------------------------------



Path 47: MET (8985 ps) Setup Check with Pin ack_q_reg[5]/CK->RN
          Group: clk
     Startpoint: (R) reset_release_q_reg[1]/CK
          Clock: (R) clk
       Endpoint: (F) ack_q_reg[5]/RN
          Clock: (R) clk

                     Capture       Launch     
        Clock Edge:+   10000            0     
       Src Latency:+       0            0     
       Net Latency:+       0 (I)        0 (I) 
           Arrival:=   10000            0     
                                              
             Setup:-     262                  
     Required Time:=    9738                  
      Launch Clock:-       0                  
         Data Path:-     753                  
             Slack:=    8985                  

#--------------------------------------------------------------------------------------------------
#       Timing Point        Flags   Arc   Edge   Cell     Fanout Load Trans Delay Arrival Instance 
#                                                                (fF)  (ps)  (ps)   (ps)  Location 
#--------------------------------------------------------------------------------------------------
  reset_release_q_reg[1]/CK -       -     R     (arrival)     75    -     0     0       0    (-,-) 
  reset_release_q_reg[1]/Q  (P)     CK->Q F     DFFRHQX1       2  7.3    73   182     182    (-,-) 
  g5922/Y                   -       A->Y  R     INVX1         10 33.6   300   189     371    (-,-) 
  drc_buf_sp6086/Y          -       A->Y  R     BUFX3         10 32.2   112   132     503    (-,-) 
  g5921/Y                   -       A->Y  F     INVX1         13 32.9   147   112     615    (-,-) 
  drc_buf_sp6078/Y          -       A->Y  F     BUFX3         12 30.9    66   137     753    (-,-) 
  ack_q_reg[5]/RN           -       -     F     DFFTRX1       12    -     -     0     753    (-,-) 
#--------------------------------------------------------------------------------------------------

(P) : Instance is preserved



Path 48: MET (8985 ps) Setup Check with Pin ack_q_reg[6]/CK->RN
          Group: clk
     Startpoint: (R) reset_release_q_reg[1]/CK
          Clock: (R) clk
       Endpoint: (F) ack_q_reg[6]/RN
          Clock: (R) clk

                     Capture       Launch     
        Clock Edge:+   10000            0     
       Src Latency:+       0            0     
       Net Latency:+       0 (I)        0 (I) 
           Arrival:=   10000            0     
                                              
             Setup:-     262                  
     Required Time:=    9738                  
      Launch Clock:-       0                  
         Data Path:-     753                  
             Slack:=    8985                  

#--------------------------------------------------------------------------------------------------
#       Timing Point        Flags   Arc   Edge   Cell     Fanout Load Trans Delay Arrival Instance 
#                                                                (fF)  (ps)  (ps)   (ps)  Location 
#--------------------------------------------------------------------------------------------------
  reset_release_q_reg[1]/CK -       -     R     (arrival)     75    -     0     0       0    (-,-) 
  reset_release_q_reg[1]/Q  (P)     CK->Q F     DFFRHQX1       2  7.3    73   182     182    (-,-) 
  g5922/Y                   -       A->Y  R     INVX1         10 33.6   300   189     371    (-,-) 
  drc_buf_sp6086/Y          -       A->Y  R     BUFX3         10 32.2   112   132     503    (-,-) 
  g5921/Y                   -       A->Y  F     INVX1         13 32.9   147   112     615    (-,-) 
  drc_buf_sp6078/Y          -       A->Y  F     BUFX3         12 30.9    66   137     753    (-,-) 
  ack_q_reg[6]/RN           -       -     F     DFFTRX1       12    -     -     0     753    (-,-) 
#--------------------------------------------------------------------------------------------------

(P) : Instance is preserved



Path 49: MET (8985 ps) Setup Check with Pin ack_q_reg[12]/CK->RN
          Group: clk
     Startpoint: (R) reset_release_q_reg[1]/CK
          Clock: (R) clk
       Endpoint: (F) ack_q_reg[12]/RN
          Clock: (R) clk

                     Capture       Launch     
        Clock Edge:+   10000            0     
       Src Latency:+       0            0     
       Net Latency:+       0 (I)        0 (I) 
           Arrival:=   10000            0     
                                              
             Setup:-     262                  
     Required Time:=    9738                  
      Launch Clock:-       0                  
         Data Path:-     753                  
             Slack:=    8985                  

#--------------------------------------------------------------------------------------------------
#       Timing Point        Flags   Arc   Edge   Cell     Fanout Load Trans Delay Arrival Instance 
#                                                                (fF)  (ps)  (ps)   (ps)  Location 
#--------------------------------------------------------------------------------------------------
  reset_release_q_reg[1]/CK -       -     R     (arrival)     75    -     0     0       0    (-,-) 
  reset_release_q_reg[1]/Q  (P)     CK->Q F     DFFRHQX1       2  7.3    73   182     182    (-,-) 
  g5922/Y                   -       A->Y  R     INVX1         10 33.6   300   189     371    (-,-) 
  drc_buf_sp6086/Y          -       A->Y  R     BUFX3         10 32.2   112   132     503    (-,-) 
  g5921/Y                   -       A->Y  F     INVX1         13 32.9   147   112     615    (-,-) 
  drc_buf_sp6078/Y          -       A->Y  F     BUFX3         12 30.9    66   137     753    (-,-) 
  ack_q_reg[12]/RN          -       -     F     DFFTRX1       12    -     -     0     753    (-,-) 
#--------------------------------------------------------------------------------------------------

(P) : Instance is preserved



Path 50: MET (8985 ps) Setup Check with Pin ack_q_reg[15]/CK->RN
          Group: clk
     Startpoint: (R) reset_release_q_reg[1]/CK
          Clock: (R) clk
       Endpoint: (F) ack_q_reg[15]/RN
          Clock: (R) clk

                     Capture       Launch     
        Clock Edge:+   10000            0     
       Src Latency:+       0            0     
       Net Latency:+       0 (I)        0 (I) 
           Arrival:=   10000            0     
                                              
             Setup:-     262                  
     Required Time:=    9738                  
      Launch Clock:-       0                  
         Data Path:-     753                  
             Slack:=    8985                  

#--------------------------------------------------------------------------------------------------
#       Timing Point        Flags   Arc   Edge   Cell     Fanout Load Trans Delay Arrival Instance 
#                                                                (fF)  (ps)  (ps)   (ps)  Location 
#--------------------------------------------------------------------------------------------------
  reset_release_q_reg[1]/CK -       -     R     (arrival)     75    -     0     0       0    (-,-) 
  reset_release_q_reg[1]/Q  (P)     CK->Q F     DFFRHQX1       2  7.3    73   182     182    (-,-) 
  g5922/Y                   -       A->Y  R     INVX1         10 33.6   300   189     371    (-,-) 
  drc_buf_sp6086/Y          -       A->Y  R     BUFX3         10 32.2   112   132     503    (-,-) 
  g5921/Y                   -       A->Y  F     INVX1         13 32.9   147   112     615    (-,-) 
  drc_buf_sp6078/Y          -       A->Y  F     BUFX3         12 30.9    66   137     753    (-,-) 
  ack_q_reg[15]/RN          -       -     F     DFFTRX1       12    -     -     0     753    (-,-) 
#--------------------------------------------------------------------------------------------------

(P) : Instance is preserved

