
Cadence Innovus(TM) Implementation System.
Copyright 2024 Cadence Design Systems, Inc. All rights reserved worldwide.

Version:	v23.14-s088_1, built Fri Feb 28 12:25:44 PST 2025
Options:	-no_gui -files scripts/cadence/p8dgscr_innovus.tcl 
Date:		Fri Aug 21 03:16:21 2026
Host:		<REMOTE_HOST> (x86_64 w/Linux 3.10.0-1160.81.1.el7.x86_64) (16cores*64cpus*Intel(R) Xeon(R) Gold 6246R CPU @ 3.40GHz 36608KB)
OS:		CentOS Linux 7 (Core)

License:
		[03:16:21.377193] Configured Lic search path (23.02-s006): 5280@<LICENSE_SERVER>

		invs	Innovus Implementation System	23.1	checkout succeeded
		8 CPU jobs allowed with the current license(s). Use setMultiCpuUsage to set your required CPU count.
Create and set the environment variable TMPDIR to <REMOTE_HOME>/aer_2026/p8dgscr_pnr_180nm_v2/innovus_temp_254741_cf8f1dbd-b95d-4fa8-8c3a-8330fd52273d_<REMOTE_HOST>_<REMOTE_USER>_Ijjls6.

Change the soft stacksize limit to 0.2%RAM (2060 mbytes). Set global soft_stack_size_limit to change the value.
Info: Process UID = 254741 / cf8f1dbd-b95d-4fa8-8c3a-8330fd52273d / R7i246Liu9
source /home/tools/cadence/DDI231/INNOVUS231/tools.lnx86/../etc/synth/attr_def/plus_attr_defs.tcl
Loading attribute definitions from mini dummy db...
Info: Defined 24215 Synthesis attributes
Info: Skipped defining 360 Synthesis attributes already defined in Innovus
source /home/tools/cadence/DDI231/INNOVUS231/tools.lnx86/../etc/synth/attr_def/plus_msg_defs.tcl

**INFO:  MMMC transition support version v31-84 

Sourcing file "scripts/cadence/p8dgscr_innovus.tcl" ...
innovus 1> source scripts/cadence/p8dgscr_innovus.tcl
#% Begin Load MMMC data ... (date=08/21 03:16:44, mem=1638.8M)
#% End Load MMMC data ... (date=08/21 03:16:44, total cpu=0:00:00.0, real=0:00:00.0, peak res=1639.5M, current mem=1639.5M)

Loading LEF file <REMOTE_HOME>/FPR/lef/all.lef ...
Set DBUPerIGU to M2 pitch 1320.
**WARN: (IMPLF-200):	Pin 'A' in macro 'ANTENNA' has no ANTENNAGATEAREA value defined. The library data is incomplete and some process antenna rules will not be checked correctly.
Type 'man IMPLF-200' for more detail.
**WARN: (IMPLF-201):	Pin 'Q[0]' in macro 'rom_512x16A' has no ANTENNADIFFAREA value defined. The library data is incomplete and some process antenna rules will not be checked correctly.
Type 'man IMPLF-201' for more detail.
**WARN: (IMPLF-201):	Pin 'Q[10]' in macro 'rom_512x16A' has no ANTENNADIFFAREA value defined. The library data is incomplete and some process antenna rules will not be checked correctly.
Type 'man IMPLF-201' for more detail.
**WARN: (IMPLF-201):	Pin 'Q[11]' in macro 'rom_512x16A' has no ANTENNADIFFAREA value defined. The library data is incomplete and some process antenna rules will not be checked correctly.
Type 'man IMPLF-201' for more detail.
**WARN: (IMPLF-201):	Pin 'Q[12]' in macro 'rom_512x16A' has no ANTENNADIFFAREA value defined. The library data is incomplete and some process antenna rules will not be checked correctly.
Type 'man IMPLF-201' for more detail.
**WARN: (IMPLF-201):	Pin 'Q[13]' in macro 'rom_512x16A' has no ANTENNADIFFAREA value defined. The library data is incomplete and some process antenna rules will not be checked correctly.
Type 'man IMPLF-201' for more detail.
**WARN: (IMPLF-201):	Pin 'Q[14]' in macro 'rom_512x16A' has no ANTENNADIFFAREA value defined. The library data is incomplete and some process antenna rules will not be checked correctly.
Type 'man IMPLF-201' for more detail.
**WARN: (IMPLF-201):	Pin 'Q[15]' in macro 'rom_512x16A' has no ANTENNADIFFAREA value defined. The library data is incomplete and some process antenna rules will not be checked correctly.
Type 'man IMPLF-201' for more detail.
**WARN: (IMPLF-201):	Pin 'Q[1]' in macro 'rom_512x16A' has no ANTENNADIFFAREA value defined. The library data is incomplete and some process antenna rules will not be checked correctly.
Type 'man IMPLF-201' for more detail.
**WARN: (IMPLF-201):	Pin 'Q[2]' in macro 'rom_512x16A' has no ANTENNADIFFAREA value defined. The library data is incomplete and some process antenna rules will not be checked correctly.
Type 'man IMPLF-201' for more detail.
**WARN: (IMPLF-201):	Pin 'Q[3]' in macro 'rom_512x16A' has no ANTENNADIFFAREA value defined. The library data is incomplete and some process antenna rules will not be checked correctly.
Type 'man IMPLF-201' for more detail.
**WARN: (IMPLF-201):	Pin 'Q[4]' in macro 'rom_512x16A' has no ANTENNADIFFAREA value defined. The library data is incomplete and some process antenna rules will not be checked correctly.
Type 'man IMPLF-201' for more detail.
**WARN: (IMPLF-201):	Pin 'Q[5]' in macro 'rom_512x16A' has no ANTENNADIFFAREA value defined. The library data is incomplete and some process antenna rules will not be checked correctly.
Type 'man IMPLF-201' for more detail.
**WARN: (IMPLF-201):	Pin 'Q[6]' in macro 'rom_512x16A' has no ANTENNADIFFAREA value defined. The library data is incomplete and some process antenna rules will not be checked correctly.
Type 'man IMPLF-201' for more detail.
**WARN: (IMPLF-201):	Pin 'Q[7]' in macro 'rom_512x16A' has no ANTENNADIFFAREA value defined. The library data is incomplete and some process antenna rules will not be checked correctly.
Type 'man IMPLF-201' for more detail.
**WARN: (IMPLF-201):	Pin 'Q[8]' in macro 'rom_512x16A' has no ANTENNADIFFAREA value defined. The library data is incomplete and some process antenna rules will not be checked correctly.
Type 'man IMPLF-201' for more detail.
**WARN: (IMPLF-201):	Pin 'Q[9]' in macro 'rom_512x16A' has no ANTENNADIFFAREA value defined. The library data is incomplete and some process antenna rules will not be checked correctly.
Type 'man IMPLF-201' for more detail.
**WARN: (IMPLF-201):	Pin 'Q[0]' in macro 'ram_256x16A' has no ANTENNADIFFAREA value defined. The library data is incomplete and some process antenna rules will not be checked correctly.
Type 'man IMPLF-201' for more detail.
**WARN: (IMPLF-201):	Pin 'Q[10]' in macro 'ram_256x16A' has no ANTENNADIFFAREA value defined. The library data is incomplete and some process antenna rules will not be checked correctly.
Type 'man IMPLF-201' for more detail.
**WARN: (IMPLF-201):	Pin 'Q[11]' in macro 'ram_256x16A' has no ANTENNADIFFAREA value defined. The library data is incomplete and some process antenna rules will not be checked correctly.
Type 'man IMPLF-201' for more detail.
**WARN: (IMPLF-201):	Pin 'Q[12]' in macro 'ram_256x16A' has no ANTENNADIFFAREA value defined. The library data is incomplete and some process antenna rules will not be checked correctly.
Type 'man IMPLF-201' for more detail.
**WARN: (EMS-27):	Message (IMPLF-201) has exceeded the current message display limit of 20.
To increase the message display limit, refer to the product command reference manual.
**WARN: (IMPLF-200):	Pin 'PAD' in macro 'PDB04DGZ' has no ANTENNAGATEAREA value defined. The library data is incomplete and some process antenna rules will not be checked correctly.
Type 'man IMPLF-200' for more detail.
**WARN: (IMPLF-200):	Pin 'OEN' in macro 'PDB04DGZ' has no ANTENNAGATEAREA value defined. The library data is incomplete and some process antenna rules will not be checked correctly.
Type 'man IMPLF-200' for more detail.
**WARN: (IMPLF-200):	Pin 'I' in macro 'PDB04DGZ' has no ANTENNAGATEAREA value defined. The library data is incomplete and some process antenna rules will not be checked correctly.
Type 'man IMPLF-200' for more detail.

##  Check design process and node:  
##  Both design process and tech node are not set.

Loading view definition file from <REMOTE_HOME>/aer_2026/p8dgscr_pnr_180nm_v2/scripts/cadence/p8dgscr_pnr.view
Starting library reading in 'Multi-threaded flow' (with '4' threads)
Reading libs_slow timing library <REMOTE_HOME>/FPR/lib/slow.lib.
**WARN: (TECHLIB-302):	No function defined for cell 'HOLDX1'. The cell will only be used for analysis. (File <REMOTE_HOME>/FPR/lib/slow.lib)
Read 462 cells in library tsmc18.
Library reading multithread flow ended.
Starting library reading in 'Multi-threaded flow' (with '4' threads)
Reading libs_fast timing library <REMOTE_HOME>/FPR/lib/fast.lib.
**WARN: (TECHLIB-302):	No function defined for cell 'HOLDX1'. The cell will only be used for analysis. (File <REMOTE_HOME>/FPR/lib/fast.lib)
Read 470 cells in library tsmc18.
Library reading multithread flow ended.
*** End library_loading (cpu=0.06min, real=0.02min, mem=294.0M, fe_cpu=0.47min, fe_real=0.42min, fe_mem=2031.3M) ***
#% Begin Load netlist data ... (date=08/21 03:16:46, mem=1669.9M)
*** Begin netlist parsing (mem=2031.3M) ***
**WARN: (IMPVL-159):	Pin 'VSS' of cell 'XOR3X4' is defined in LEF but not in the timing library.
Type 'man IMPVL-159' for more detail.
**WARN: (IMPVL-159):	Pin 'VDD' of cell 'XOR3X4' is defined in LEF but not in the timing library.
Type 'man IMPVL-159' for more detail.
**WARN: (IMPVL-159):	Pin 'VSS' of cell 'XOR3X2' is defined in LEF but not in the timing library.
Type 'man IMPVL-159' for more detail.
**WARN: (IMPVL-159):	Pin 'VDD' of cell 'XOR3X2' is defined in LEF but not in the timing library.
Type 'man IMPVL-159' for more detail.
**WARN: (IMPVL-159):	Pin 'VSS' of cell 'XOR2XL' is defined in LEF but not in the timing library.
Type 'man IMPVL-159' for more detail.
**WARN: (IMPVL-159):	Pin 'VDD' of cell 'XOR2XL' is defined in LEF but not in the timing library.
Type 'man IMPVL-159' for more detail.
**WARN: (IMPVL-159):	Pin 'VSS' of cell 'XOR2X4' is defined in LEF but not in the timing library.
Type 'man IMPVL-159' for more detail.
**WARN: (IMPVL-159):	Pin 'VDD' of cell 'XOR2X4' is defined in LEF but not in the timing library.
Type 'man IMPVL-159' for more detail.
**WARN: (IMPVL-159):	Pin 'VSS' of cell 'XOR2X2' is defined in LEF but not in the timing library.
Type 'man IMPVL-159' for more detail.
**WARN: (IMPVL-159):	Pin 'VDD' of cell 'XOR2X2' is defined in LEF but not in the timing library.
Type 'man IMPVL-159' for more detail.
**WARN: (IMPVL-159):	Pin 'VSS' of cell 'XOR2X1' is defined in LEF but not in the timing library.
Type 'man IMPVL-159' for more detail.
**WARN: (IMPVL-159):	Pin 'VDD' of cell 'XOR2X1' is defined in LEF but not in the timing library.
Type 'man IMPVL-159' for more detail.
**WARN: (IMPVL-159):	Pin 'VSS' of cell 'XNOR3X4' is defined in LEF but not in the timing library.
Type 'man IMPVL-159' for more detail.
**WARN: (IMPVL-159):	Pin 'VDD' of cell 'XNOR3X4' is defined in LEF but not in the timing library.
Type 'man IMPVL-159' for more detail.
**WARN: (IMPVL-159):	Pin 'VSS' of cell 'XNOR3X2' is defined in LEF but not in the timing library.
Type 'man IMPVL-159' for more detail.
**WARN: (IMPVL-159):	Pin 'VDD' of cell 'XNOR3X2' is defined in LEF but not in the timing library.
Type 'man IMPVL-159' for more detail.
**WARN: (IMPVL-159):	Pin 'VSS' of cell 'XNOR2XL' is defined in LEF but not in the timing library.
Type 'man IMPVL-159' for more detail.
**WARN: (IMPVL-159):	Pin 'VDD' of cell 'XNOR2XL' is defined in LEF but not in the timing library.
Type 'man IMPVL-159' for more detail.
**WARN: (IMPVL-159):	Pin 'VSS' of cell 'XNOR2X4' is defined in LEF but not in the timing library.
Type 'man IMPVL-159' for more detail.
**WARN: (IMPVL-159):	Pin 'VDD' of cell 'XNOR2X4' is defined in LEF but not in the timing library.
Type 'man IMPVL-159' for more detail.
**WARN: (EMS-27):	Message (IMPVL-159) has exceeded the current message display limit of 20.
To increase the message display limit, refer to the product command reference manual.
Created 470 new cells from 2 timing libraries.
Reading netlist ...
Backslashed names will retain backslash and a trailing blank character.
Reading verilog netlist '<REMOTE_HOME>/aer_2026/p8dgscr_pnr_180nm_v2/inputs/aer_pending_direct_gray_sync_core_reset_pnr.v'

*** Memory Usage v#2 (Current mem = 2031.262M, initial mem = 831.465M) ***
*** End netlist parsing (cpu=0:00:00.0, real=0:00:00.0, mem=2031.3M) ***
#% End Load netlist data ... (date=08/21 03:16:46, total cpu=0:00:00.0, real=0:00:00.0, peak res=1680.0M, current mem=1680.0M)
Set top cell to aer_pending_direct_gray_sync_core_reset.
Hooked 932 DB cells to tlib cells.
** Removed 8 unused lib cells.
Starting recursive module instantiation check.
No recursion found.
Building hierarchical netlist for Cell aer_pending_direct_gray_sync_core_reset ...
***** UseNewTieNetMode *****.
*** Netlist is unique.
** info: there are 951 modules.
** info: there are 232 stdCell insts.
** info: there are 232 stdCell insts with at least one signal pin.

*** Memory Usage v#2 (Current mem = 2031.262M, initial mem = 831.465M) ***
**WARN: (IMPFP-3961):	The techSite 'corner' has no related standard cells in the LEF/OA library. The calculations for this site type cannot be made unless standard cell models of this type exist in the LEF/OA library. Ignore this warning if the SITE is not used by the library. Alternatively, remove the SITE definition for the LEF/OA library to avoid this message.
Type 'man IMPFP-3961' for more detail.
**WARN: (IMPFP-3961):	The techSite 'pad' has no related standard cells in the LEF/OA library. The calculations for this site type cannot be made unless standard cell models of this type exist in the LEF/OA library. Ignore this warning if the SITE is not used by the library. Alternatively, remove the SITE definition for the LEF/OA library to avoid this message.
Type 'man IMPFP-3961' for more detail.
Horizontal Layer M1 offset = 560 (derived)
Vertical Layer M2 offset = 660 (derived)
Start create_tracks
Generated pitch 0.99 in Metal6 is different from 1.32 defined in technology file in preferred direction.
Generated pitch 0.56 in Metal5 is different from 1.12 defined in technology file in preferred direction.
Extraction setup Started for TopCell aer_pending_direct_gray_sync_core_reset 
Initializing multi-corner RC extraction with 1 active RC Corners ...
**WARN: (IMPEXT-6202):	In addition to the technology file, the capacitance table file is specified for all the RC corners. If the technology file  is already specified for all the RC corners, the capacitance table file is not required for preRoute and postRoute extraction. In a new session, the capacitance table files can be removed from the create_rc_corner command to enable the technology file to be used for preRoute and postRoute (effort level medium/high/signoff) extraction engines.
Type 'man IMPEXT-6202' for more detail.
Reading Capacitance Table File <REMOTE_HOME>/FPR/captable/t018s6mlv.capTbl ...
Cap table was created using Encounter 10.10-s002_1.
Process name: t018s6mm.
Importing multi-corner RC tables ... 
Summary of Active RC-Corners : 
 
 Analysis View: setup_view
    RC-Corner Name        : rc_180nm
    RC-Corner Index       : 0
    RC-Corner Temperature : 25 Celsius
    RC-Corner Cap Table   : '<REMOTE_HOME>/FPR/captable/t018s6mlv.capTbl'
    RC-Corner PreRoute Res Factor         : 1
    RC-Corner PreRoute Cap Factor         : 1
    RC-Corner PostRoute Res Factor        : 1 {1 1 1}
    RC-Corner PostRoute Cap Factor        : 1 {1 1 1}
    RC-Corner PostRoute XCap Factor       : 1 {1 1 1}
    RC-Corner PreRoute Clock Res Factor   : 1	[Derived from postRoute_res (effortLevel low)]
    RC-Corner PreRoute Clock Cap Factor   : 1	[Derived from postRoute_cap (effortLevel low)]
    RC-Corner PostRoute Clock Cap Factor  : 1 {1 1 1} 	[Derived from postRoute_cap (effortLevel low)]
    RC-Corner PostRoute Clock Res Factor  : 1 {1 1 1} 	[Derived from postRoute_res (effortLevel low)]
    RC-Corner PostRoute Clock coupling capacitance Factor : 1 {1 1 1} 
    RC-Corner Technology file: '<REMOTE_HOME>/FPR/QRC/t018s6mm.tch'
 
 Analysis View: hold_view
    RC-Corner Name        : rc_180nm
    RC-Corner Index       : 0
    RC-Corner Temperature : 25 Celsius
    RC-Corner Cap Table   : '<REMOTE_HOME>/FPR/captable/t018s6mlv.capTbl'
    RC-Corner PreRoute Res Factor         : 1
    RC-Corner PreRoute Cap Factor         : 1
    RC-Corner PostRoute Res Factor        : 1 {1 1 1}
    RC-Corner PostRoute Cap Factor        : 1 {1 1 1}
    RC-Corner PostRoute XCap Factor       : 1 {1 1 1}
    RC-Corner PreRoute Clock Res Factor   : 1	[Derived from postRoute_res (effortLevel low)]
    RC-Corner PreRoute Clock Cap Factor   : 1	[Derived from postRoute_cap (effortLevel low)]
    RC-Corner PostRoute Clock Cap Factor  : 1 {1 1 1} 	[Derived from postRoute_cap (effortLevel low)]
    RC-Corner PostRoute Clock Res Factor  : 1 {1 1 1} 	[Derived from postRoute_res (effortLevel low)]
    RC-Corner PostRoute Clock coupling capacitance Factor : 1 {1 1 1} 
    RC-Corner Technology file: '<REMOTE_HOME>/FPR/QRC/t018s6mm.tch'
Updating RC Grid density data for preRoute extraction ...
Initializing multi-corner capacitance tables ... 
Initializing multi-corner resistance tables ...
*Info: initialize multi-corner CTS.
Multithreaded Timing Analysis is initialized with 4 threads

Reading timing constraints file '<REMOTE_HOME>/aer_2026/p8dgscr_pnr_180nm_v2/scripts/cadence/p8dgscr_pnr.sdc' ...
Current (total cpu=0:00:29.0, real=0:00:26.0, peak res=2105.1M, current mem=2105.1M)
INFO (CTE): Constraints read successfully.
Ending "Constraint file reading stats" (total cpu=0:00:00.1, real=0:00:00.0, peak res=2142.9M, current mem=2142.9M)
Current (total cpu=0:00:29.1, real=0:00:26.0, peak res=2142.9M, current mem=2142.9M)
Total number of combinational cells: 266
Total number of sequential cells: 178
Total number of tristate cells: 18
Total number of level shifter cells: 0
Total number of power gating cells: 0
Total number of isolation cells: 0
Total number of power switch cells: 0
Total number of pulse generator cells: 0
Total number of always on buffers: 0
Total number of retention cells: 0
Total number of physical cells: 0
List of usable buffers: BUFX2 BUFX1 BUFX12 BUFX16 BUFX20 BUFX3 BUFX4 BUFX8 BUFXL CLKBUFX2 CLKBUFX1 CLKBUFX12 CLKBUFX16 CLKBUFX20 CLKBUFX3 CLKBUFX4 CLKBUFX8 CLKBUFXL
Total number of usable buffers: 18
List of unusable buffers:
Total number of unusable buffers: 0
List of usable inverters: CLKINVX2 CLKINVX1 CLKINVX12 CLKINVX16 CLKINVX20 CLKINVX3 CLKINVX4 CLKINVX8 CLKINVXL INVX1 INVX2 INVX12 INVX16 INVX20 INVX3 INVXL INVX4 INVX8
Total number of usable inverters: 18
List of unusable inverters: RFRDX2 RFRDX1 RFRDX4
Total number of unusable inverters: 3
List of identified usable delay cells: DLY2X1 DLY1X1 DLY4X1 DLY3X1
Total number of identified usable delay cells: 4
List of identified unusable delay cells:
Total number of identified unusable delay cells: 0

*** Summary of all messages that are not suppressed in this session:
Severity  ID               Count  Summary                                  
WARNING   IMPLF-200            4  Pin '%s' in macro '%s' has no ANTENNAGAT...
WARNING   IMPLF-201           50  Pin '%s' in macro '%s' has no ANTENNADIF...
WARNING   IMPFP-3961           2  The techSite '%s' has no related standar...
WARNING   IMPEXT-6202          1  In addition to the technology file, the ...
WARNING   IMPVL-159          924  Pin '%s' of cell '%s' is defined in LEF ...
WARNING   TECHLIB-302          2  No function defined for cell '%s'. The c...
*** Message Summary: 983 warning(s), 0 error(s)

##  Process: 180           (User Set)               
##     Node: (not set)                           

##  Check design process and node:  
##  Design tech node is not set.

Applying the recommended capacitance filtering threshold values for 180nm process node: total_c_th=5, relative_c_th=0.03 and coupling_c_th=3.
	These values will be used by all post-route extraction engines, including TQuantus, IQuantus and Quantus QRC extraction.
	For postRoute effortLevel low extraction, the coupling_c_th value will be used only when the -capFilterMode parameter of the setExtractRCMode command is set to relAndCoup or relOrCoup. Default value of -capFilterMode parameter in postRoute extraction effortLevel low is relOnly.
	The accuracy mode for postRoute effortLevel low extraction will be set to 'standard'.
	Default value for EffortLevel(-effortLevel option of the setExtractRCMode) in postRoute extraction mode is 'low'.
Adjusting coreMargin left    to finFet grid (PlacementGrid) : after adjusting :20.46
Adjusting coreMargin bottom  to finFet grid (PlacementGrid) : after adjusting :20.16
Adjusting coreMargin right   to finFet grid (PlacementGrid) : after adjusting :20.46
Adjusting coreMargin top     to finFet grid (PlacementGrid) : after adjusting :20.16
Adjusting core size to PlacementGrid : width :105.6 height : 100.8
**WARN: (IMPFP-3961):	The techSite 'corner' has no related standard cells in the LEF/OA library. The calculations for this site type cannot be made unless standard cell models of this type exist in the LEF/OA library. Ignore this warning if the SITE is not used by the library. Alternatively, remove the SITE definition for the LEF/OA library to avoid this message.
Type 'man IMPFP-3961' for more detail.
**WARN: (IMPFP-3961):	The techSite 'pad' has no related standard cells in the LEF/OA library. The calculations for this site type cannot be made unless standard cell models of this type exist in the LEF/OA library. Ignore this warning if the SITE is not used by the library. Alternatively, remove the SITE definition for the LEF/OA library to avoid this message.
Type 'man IMPFP-3961' for more detail.
Horizontal Layer M1 offset = 560 (derived)
Vertical Layer M2 offset = 660 (derived)
Start create_tracks
Generated pitch 0.99 in Metal6 is different from 1.32 defined in technology file in preferred direction.
Generated pitch 0.56 in Metal5 is different from 1.12 defined in technology file in preferred direction.
**WARN: (IMPFP-325):	Floorplan of the design is resized. All current floorplan objects are automatically derived based on specified new floorplan. This may change blocks, fixed standard cells, existing routes and blockages.
P8DGSCR_CDC_PHYSICAL_GROUPS_CREATED=17
To speed up, if you have to run multiple editPin commands then wrap all editPin commands within  'setPinAssignMode -pinEditInBatch true' (then editPin commands) and 'setPinAssignMode -pinEditInBatch false'
Successfully spread [19] pins.
editPin : finished (cpu = 0:00:00.0 real = 0:00:00.0, mem = 2377.9M).
To speed up, if you have to run multiple editPin commands then wrap all editPin commands within  'setPinAssignMode -pinEditInBatch true' (then editPin commands) and 'setPinAssignMode -pinEditInBatch false'
Successfully spread [21] pins.
editPin : finished (cpu = 0:00:00.0 real = 0:00:00.0, mem = 2377.9M).
#% Begin addRing (date=08/21 03:16:47, mem=2160.6M)


viaInitial starts at Fri Aug 21 03:16:47 2026
**WARN: (IMPPP-557):	A single-layer VIARULE GENERATE for turn-vias is obsolete and is being ignored. Remove this statement from the technology file: VIARULE TURNM1 GENERATE.
Type 'man IMPPP-557' for more detail.
**WARN: (IMPPP-557):	A single-layer VIARULE GENERATE for turn-vias is obsolete and is being ignored. Remove this statement from the technology file: VIARULE TURNM2 GENERATE.
Type 'man IMPPP-557' for more detail.
**WARN: (IMPPP-557):	A single-layer VIARULE GENERATE for turn-vias is obsolete and is being ignored. Remove this statement from the technology file: VIARULE TURNM3 GENERATE.
Type 'man IMPPP-557' for more detail.
**WARN: (IMPPP-557):	A single-layer VIARULE GENERATE for turn-vias is obsolete and is being ignored. Remove this statement from the technology file: VIARULE TURNM4 GENERATE.
Type 'man IMPPP-557' for more detail.
**WARN: (IMPPP-557):	A single-layer VIARULE GENERATE for turn-vias is obsolete and is being ignored. Remove this statement from the technology file: VIARULE TURNM5 GENERATE.
Type 'man IMPPP-557' for more detail.
**WARN: (IMPPP-557):	A single-layer VIARULE GENERATE for turn-vias is obsolete and is being ignored. Remove this statement from the technology file: VIARULE TURNM6 GENERATE.
Type 'man IMPPP-557' for more detail.
viaInitial ends at Fri Aug 21 03:16:47 2026
Loading cell geometries (cpu: 0:00:00.0, real: 0:00:00.0, peak mem: 2377.9M)
Ring generation is complete.
vias are now being generated.
addRing created 8 wires.
ViaGen created 8 vias, deleted 0 via to avoid violation.
+--------+----------------+----------------+
|  Layer |     Created    |     Deleted    |
+--------+----------------+----------------+
| Metal5 |        4       |       NA       |
|  Via56 |        8       |        0       |
| Metal6 |        4       |       NA       |
+--------+----------------+----------------+
innovus 2> #% End addRing (date=08/21 03:16:47, total cpu=0:00:00.0, real=0:00:00.0, peak res=2162.9M, current mem=2162.9M)
#% Begin sroute (date=08/21 03:16:47, mem=2162.9M)
*** Begin SPECIAL ROUTE on Fri Aug 21 03:16:47 2026 ***
SPECIAL ROUTE ran on directory: <REMOTE_HOME>/aer_2026/p8dgscr_pnr_180nm_v2
SPECIAL ROUTE ran on machine: <REMOTE_HOST> (Linux 3.10.0-1160.81.1.el7.x86_64 Xeon 1.20Ghz)

Begin option processing ...
srouteConnectPowerBump set to false
routeSelectNet set to "VDD VSS"
routeSpecial set to true
srouteConnectBlockPin set to false
srouteConnectConverterPin set to false
srouteConnectPadPin set to false
srouteConnectStripe set to false
srouteFollowCorePinEnd set to 3
srouteFollowPadPin set to false
srouteJogControl set to "preferWithChanges differentLayer"
sroutePadPinAllPorts set to true
sroutePreserveExistingRoutes set to true
srouteRoutePowerBarPortOnBothDir set to true
End option processing: cpu: 0:00:00, real: 0:00:00, peak: 26.00 megs.

Reading DB technology information...
Finished reading DB technology information.
Reading floorplan and netlist information...
Finished reading floorplan and netlist information.
Read in 12 layers, 6 routing layers, 1 overlap layer
Read in 471 macros, 30 used
Read in 28 components
  28 core components: 28 unplaced, 0 placed, 0 fixed
Read in 40 physical pins
  40 physical pins: 0 unplaced, 0 placed, 40 fixed
Read in 40 nets
Read in 2 special nets, 2 routed
Read in 96 terminals
2 nets selected.

Begin power routing ...
CPU time for VDD FollowPin 0 seconds
CPU time for VSS FollowPin 0 seconds
  Number of Core ports routed: 42
  Number of Followpin connections: 21
End power routing: cpu: 0:00:00, real: 0:00:01, peak: 59.00 megs.



 Begin updating DB with routing results ...
 Updating DB with 40 io pins ...
 Updating DB with 0 via definition ...Extracting standard cell pins and blockage ...... 
Pin and blockage extraction finished

sroute created 63 wires.
ViaGen created 168 vias, deleted 0 via to avoid violation.
+--------+----------------+----------------+
|  Layer |     Created    |     Deleted    |
+--------+----------------+----------------+
| Metal1 |       63       |       NA       |
|  Via12 |       42       |        0       |
|  Via23 |       42       |        0       |
|  Via34 |       42       |        0       |
|  Via45 |       42       |        0       |
+--------+----------------+----------------+
innovus 2> #% End sroute (date=08/21 03:16:48, total cpu=0:00:00.7, real=0:00:01.0, peak res=2210.9M, current mem=2201.9M)
*** placeDesign #1 [begin] () : totSession cpu/real = 0:00:30.1/0:00:26.4 (1.1), mem = 2410.9M
*** Starting placeDesign default flow ***
*** Start deleteBufferTree ***
Info: Detect buffers to remove automatically.
Analyzing netlist ...
Updating netlist

*summary: 3 instances (buffers/inverters) removed
*** Finish deleteBufferTree (0:00:00.3) ***
**INFO: Enable pre-place timing setting for timing analysis
Set Using Default Delay Limit as 101.
**WARN: (IMPDC-1629):	The default delay limit was set to 101. This is less than the default of 1000 and may result in inaccurate delay calculation for nets with a fanout higher than the setting.  If needed, the default delay limit may be adjusted by running the command 'set delaycal_use_default_delay_limit'.
Set Default Net Delay as 0 ps.
Set Default Net Load as 0 pF. 
Set Default Input Pin Transition as 1 ps.
**INFO: Analyzing IO path groups for slack adjustment
Effort level <high> specified for reg2reg_tmp.254741 path_group
AAE_INFO: opIsDesignInPostRouteState() is 0
AAE DB initialization (MEM=2258.558594 CPU=0:00:00.0 REAL=0:00:00.0) 
#################################################################################
# Design Stage: PreRoute
# Design Name: aer_pending_direct_gray_sync_core_reset
# Design Mode: 180nm
# Analysis Mode: MMMC Non-OCV 
# Parasitics Mode: No SPEF/RCDB 
# Signoff Settings: SI Off 
#################################################################################
Calculate delays in BcWc mode...
Start delay calculation (fullDC) (4 T). (MEM=2267.25)
Total number of fetched objects 284
AAE_INFO: Total number of nets for which stage creation was skipped for all views 0
End delay calculation. (MEM=2304.44 CPU=0:00:00.1 REAL=0:00:00.0)
End delay calculation (fullDC). (MEM=2298.21 CPU=0:00:00.6 REAL=0:00:01.0)
**INFO: Disable pre-place timing setting for timing analysis
Set Using Default Delay Limit as 1000.
Set Default Net Delay as 1000 ps.
Set Default Input Pin Transition as 0.1 ps.
Set Default Net Load as 0.5 pF. 
**INFO: Pre-place timing setting for timing analysis already disabled
Deleted 0 physical inst  (cell - / prefix -).
INFO: #ExclusiveGroups=0
INFO: There are no Exclusive Groups.
*** Starting "NanoPlace(TM) placement v#9 (mem=2827.6M)" ...
Estimated loop count for BSM: 41760
*** Build Buffered Sizing Timing Model
(cpu=0:00:01.9 mem=2859.6M) ***
*** Build Virtual Sizing Timing Model
(cpu=0:00:02.0 mem=2859.6M) ***
No user-set net weight.
Net fanout histogram:
2		: 145 (54.1%) nets
3		: 74 (27.6%) nets
4     -	14	: 46 (17.2%) nets
15    -	39	: 2 (0.7%) nets
40    -	79	: 1 (0.4%) nets
80    -	159	: 0 (0.0%) nets
160   -	319	: 0 (0.0%) nets
320   -	639	: 0 (0.0%) nets
640   -	1279	: 0 (0.0%) nets
1280  -	2559	: 0 (0.0%) nets
2560  -	5119	: 0 (0.0%) nets
5120+		: 0 (0.0%) nets
Scan chains were not defined.
#std cell=229 (0 fixed + 229 movable) #buf cell=0 #inv cell=12 #block=0 (0 floating + 0 preplaced)
#ioInst=0 #net=268 #term=887 #term/net=3.31, #fixedIo=0, #floatIo=0, #fixedPin=40, #floatPin=0
stdCell: 229 single + 0 double + 0 multi
Total standard cell length = 1.2599 (mm), area = 0.0064 (mm^2)
Average module density = 0.597.
Density for the design = 0.597.
       = stdcell_area 1909 sites (6350 um^2) / alloc_area 3200 sites (10644 um^2).
Pin Density = 0.2772.
            = total # of pins 887 / total area 3200.
Enabling multi-CPU acceleration with 4 CPU(s) for placement
[spp] 0
Clock gating cells determined by native netlist tracing.
=== lastAutoLevel = 6 
Iteration  1: Total net bbox = 5.337e+03 (3.55e+03 1.78e+03)
              Est.  stn bbox = 5.684e+03 (3.74e+03 1.95e+03)
              cpu = 0:00:00.0 real = 0:00:00.0 mem = 3061.2M
Iteration  2: Total net bbox = 5.337e+03 (3.55e+03 1.78e+03)
              Est.  stn bbox = 5.684e+03 (3.74e+03 1.95e+03)
              cpu = 0:00:00.0 real = 0:00:00.0 mem = 3061.2M
Iteration  3: Total net bbox = 5.135e+03 (3.27e+03 1.87e+03)
              Est.  stn bbox = 5.627e+03 (3.51e+03 2.12e+03)
              cpu = 0:00:00.1 real = 0:00:00.0 mem = 3157.3M
Active setup views:
    setup_view
Iteration  4: Total net bbox = 7.346e+03 (4.25e+03 3.10e+03)
              Est.  stn bbox = 8.129e+03 (4.62e+03 3.51e+03)
              cpu = 0:00:00.4 real = 0:00:00.0 mem = 3157.3M
Iteration  5: Total net bbox = 7.336e+03 (4.29e+03 3.05e+03)
              Est.  stn bbox = 8.146e+03 (4.67e+03 3.48e+03)
              cpu = 0:00:00.2 real = 0:00:00.0 mem = 3157.3M
Iteration  6: Total net bbox = 7.623e+03 (4.46e+03 3.16e+03)
              Est.  stn bbox = 8.454e+03 (4.85e+03 3.60e+03)
              cpu = 0:00:00.3 real = 0:00:00.0 mem = 3221.3M
Iteration  7: Total net bbox = 8.214e+03 (4.70e+03 3.52e+03)
              Est.  stn bbox = 9.059e+03 (5.09e+03 3.97e+03)
              cpu = 0:00:00.4 real = 0:00:00.0 mem = 3221.3M
Iteration  8: Total net bbox = 7.960e+03 (4.51e+03 3.45e+03)
              Est.  stn bbox = 8.790e+03 (4.89e+03 3.90e+03)
              cpu = 0:00:00.3 real = 0:00:00.0 mem = 3253.3M

Max route layer is changed from 127 to 6 because there is no routing track above this layer
Max route layer is changed from 127 to 6 because there is no routing track above this layer
[NR-eGR] Started Early Global Route kernel ( Curr Mem: 2.91 MB )
Iteration  9: Total net bbox = 7.925e+03 (4.42e+03 3.51e+03)
              Est.  stn bbox = 8.769e+03 (4.80e+03 3.97e+03)
              cpu = 0:00:00.1 real = 0:00:00.0 mem = 3173.3M
Iteration 10: Total net bbox = 7.925e+03 (4.42e+03 3.51e+03)
              Est.  stn bbox = 8.769e+03 (4.80e+03 3.97e+03)
              cpu = 0:00:00.0 real = 0:00:00.0 mem = 3173.3M
*** cost = 7.925e+03 (4.42e+03 3.51e+03) (cpu for global=0:00:01.7) real=0:00:01.0***
Placement multithread real runtime: 0:00:01.0 with 4 threads.
Info: 0 clock gating cells identified, 0 (on average) moved 0/2
Solver runtime cpu: 0:00:01.6 real: 0:00:00.6
Core Placement runtime cpu: 0:00:01.7 real: 0:00:01.0
Begin: Reorder Scan Chains
**WARN: (IMPSP-9025):	No scan chain specified/traced.
Type 'man IMPSP-9025' for more detail.
End: Reorder Scan Chains
*** Starting refinePlace (0:00:36.7 mem=3173.3M) ***
Total net bbox length = 7.925e+03 (4.417e+03 3.508e+03) (ext = 1.439e+03)
Max route layer is changed from 127 to 6 because there is no routing track above this layer
Max route layer is changed from 127 to 6 because there is no routing track above this layer
Max route layer is changed from 127 to 6 because there is no routing track above this layer
Max route layer is changed from 127 to 6 because there is no routing track above this layer
Move report: Detail placement moves 229 insts, mean move: 0.22 um, max move: 1.12 um 
	Max move on inst (pending_q_reg[1]): (89.32, 100.82) --> (90.42, 100.80)
	Runtime: CPU: 0:00:00.0 REAL: 0:00:00.0 MEM: 3141.3MB
Summary Report:
Instances move: 229 (out of 229 movable)
Instances flipped: 0
Mean displacement: 0.22 um
Max displacement: 1.12 um (Instance: pending_q_reg[1]) (89.3175, 100.817) -> (90.42, 100.8)
	Length: 16 sites, height: 1 rows, site name: tsm3site, cell type: DFFHQX1
Physical-only instances move: 0 (out of 0 movable physical-only)
Total net bbox length = 7.911e+03 (4.414e+03 3.497e+03) (ext = 1.461e+03)
Runtime: CPU: 0:00:00.0 REAL: 0:00:00.0 MEM: 3141.3MB
*** Finished refinePlace (0:00:36.8 mem=3141.3M) ***
*** End of Placement (cpu=0:00:04.4, real=0:00:04.0, mem=3141.3M) ***
default core: bins with density > 0.750 =  0.00 % ( 0 / 6 )
Density distribution unevenness ratio = 3.836%
*** Free Virtual Timing Model ...(mem=3173.3M)
**INFO: Enable pre-place timing setting for timing analysis
Set Using Default Delay Limit as 101.
**WARN: (IMPDC-1629):	The default delay limit was set to 101. This is less than the default of 1000 and may result in inaccurate delay calculation for nets with a fanout higher than the setting.  If needed, the default delay limit may be adjusted by running the command 'set delaycal_use_default_delay_limit'.
Set Default Net Delay as 0 ps.
Set Default Net Load as 0 pF. 
**INFO: Analyzing IO path groups for slack adjustment
Effort level <high> specified for reg2reg_tmp.254741 path_group
AAE_INFO: opIsDesignInPostRouteState() is 0
#################################################################################
# Design Stage: PreRoute
# Design Name: aer_pending_direct_gray_sync_core_reset
# Design Mode: 180nm
# Analysis Mode: MMMC Non-OCV 
# Parasitics Mode: No SPEF/RCDB 
# Signoff Settings: SI Off 
#################################################################################
Calculate delays in BcWc mode...
Start delay calculation (fullDC) (4 T). (MEM=2432.86)
Total number of fetched objects 284
AAE_INFO: Total number of nets for which stage creation was skipped for all views 0
End delay calculation. (MEM=2470.3 CPU=0:00:00.1 REAL=0:00:00.0)
End delay calculation (fullDC). (MEM=2470.3 CPU=0:00:00.2 REAL=0:00:00.0)
**INFO: Disable pre-place timing setting for timing analysis
Set Using Default Delay Limit as 1000.
Set Default Net Delay as 1000 ps.
Set Default Net Load as 0.5 pF. 
Info: Disable timing driven in postCTS congRepair.

Starting congRepair ...
Max route layer is changed from 127 to 6 because there is no routing track above this layer
Max route layer is changed from 127 to 6 because there is no routing track above this layer
[NR-eGR] Read 268 nets ( ignored 0 )
[NR-eGR] There are 1 clock nets ( 0 with NDR ).
[NR-eGR] Layer group 1: route 268 net(s) in layer range [2, 6]
[NR-eGR] Early Global Route overflow of layer group 1: 0.00% H + 0.00% V. EstWL: 8.976240e+03um
[NR-eGR] Overflow after Early Global Route 0.00% H + 0.00% V
[NR-eGR] Finished Early Global Route kernel ( CPU: 0.06 sec, Real: 0.03 sec, Curr Mem: 2.85 MB )
Early Global Route congestion estimation runtime: 0.04 seconds, mem = 3227.1M
Local HotSpot Analysis: normalized max congestion hotspot area = 0.00, normalized total congestion hotspot area = 0.00 (area is in unit of 4 std-cell row bins)
Skipped repairing congestion.
[NR-eGR] Total eGR-routed clock nets wire length: 765um, number of vias: 217
[NR-eGR] --------------------------------------------------------------------------
[NR-eGR]                 Length (um)  Vias 
[NR-eGR] ----------------------------------
[NR-eGR]  Metal1  (1H)             0   847 
[NR-eGR]  Metal2  (2V)          3670  1217 
[NR-eGR]  Metal3  (3H)          5053    55 
[NR-eGR]  Metal4  (4V)           591     0 
[NR-eGR]  Metal5  (5H)             0     0 
[NR-eGR]  Metal6  (6V)             0     0 
[NR-eGR] ----------------------------------
[NR-eGR]          Total         9314  2119 
[NR-eGR] --------------------------------------------------------------------------
[NR-eGR] Total half perimeter of net bounding box: 7911um
[NR-eGR] Total length: 9314um, number of vias: 2119
[NR-eGR] --------------------------------------------------------------------------
Max route layer is changed from 127 to 6 because there is no routing track above this layer
Early Global Route wiring runtime: 0.01 seconds, mem = 3259.1M
Tdgp not enabled or already been cleared! skip clearing
End of congRepair (cpu=0:00:00.1, real=0:00:00.0)
*** Finishing placeDesign default flow ***
***** Total cpu  0:0:7
***** Total real time  0:0:7
**placeDesign ... cpu = 0: 0: 7, real = 0: 0: 7, mem = 3259.1M **
Tdgp not enabled or already been cleared! skip clearing
innovus 2> 
*** Summary of all messages that are not suppressed in this session:
Severity  ID               Count  Summary                                  
WARNING   IMPDC-1629           2  The default delay limit was set to %d. T...
WARNING   IMPSP-9025           1  No scan chain specified/traced.          
*** Message Summary: 3 warning(s), 0 error(s)

*** placeDesign #1 [finish] () : cpu/real = 0:00:07.6/0:00:07.2 (1.1), totSession cpu/real = 0:00:37.7/0:00:33.6 (1.1), mem = 3259.1M
Executing: place_opt_design -opt
#% Begin place_opt_design (date=08/21 03:16:55, mem=2359.8M)
**INFO: User settings:
setDesignMode -process             180
setExtractRCMode -coupling_c_th    3
setExtractRCMode -engine           preRoute
setExtractRCMode -relative_c_th    0.03
setExtractRCMode -total_c_th       5
setDelayCalMode -engine            aae
setDelayCalMode -ignoreNetLoad     false
setAnalysisMode -clkSrcPath        true
setAnalysisMode -clockPropagation  sdcControl
setAnalysisMode -virtualIPO        false

*** place_opt_design #1 [begin] () : totSession cpu/real = 0:00:37.8/0:00:33.6 (1.1), mem = 3259.1M
No user sequential activity specified, applying default sequential activity of "0.2" for Dynamic Power reporting.
'set_default_switching_activity' finished successfully.
*** Starting GigaPlace ***
-earlyGlobalBlockTracks {}                # string, default="", private
-earlyGlobalCapacityScreen {}             # string, default="", private
There is no track adjustment
Starting place_opt_design V2 flow
#optDebug: fT-E <X 2 3 1 0>
*** GlobalPlace #1 [begin] (place_opt_design #1) : totSession cpu/real = 0:00:37.8/0:00:33.7 (1.1), mem = 3259.1M
*** GlobalPlace #1 [finish] (place_opt_design #1) : cpu/real = 0:00:00.0/0:00:00.0 (0.0), totSession cpu/real = 0:00:37.8/0:00:33.7 (1.1), mem = 3259.1M
Enable CTE adjustment.
Enable Layer aware incrSKP.
**optDesign ... cpu = 0:00:00, real = 0:00:00, mem = 2360.1M, totSessionCpu=0:00:38 **
GigaOpt running with 4 threads.
*** InitOpt #1 [begin] (place_opt_design #1) : totSession cpu/real = 0:00:37.9/0:00:33.7 (1.1), mem = 3259.1M
**INFO: setDesignMode -flowEffort standard -> setting 'setOptMode -allEndPoints true' for the duration of this command.
Updating RC Grid density data for preRoute extraction ...
Initializing multi-corner capacitance tables ... 
Initializing multi-corner resistance tables ...
AAE DB initialization (MEM=2363.593750 CPU=0:00:00.0 REAL=0:00:00.0) 
Info: Using SynthesisEngine executable '/home/tools/cadence/DDI231/INNOVUS231/bin/innovus_'.
      SynthesisEngine workers will not check out additional licenses.
**INFO: Using Advanced Metric Collection system.
**optDesign ... cpu = 0:00:02, real = 0:00:21, mem = 2363.0M, totSessionCpu=0:00:40 **
#optDebug: { P: 180 W: 0195 FE: standard PE: none LDR: 1}
*** optDesign -preCTS ***
DRC Margin: user margin 0.0; extra margin 0.2
Setup Target Slack: user slack 0; extra slack 0.0
Hold Target Slack: user slack 0
**WARN: (IMPOPT-3195):	Analysis mode has changed.
Type 'man IMPOPT-3195' for more detail.
Multi-VT timing optimization disabled based on library information.
	CornerforLayerOpt timing analysis view setup_view has been selected for calibration 
	CornerforLayerOpt timing analysis view setup_view has been selected for calibration 
	CornerforLayerOpt timing analysis view setup_view has been selected for calibration 
	CornerforLayerOpt timing analysis view setup_view has been selected for calibration 
	CornerforLayerOpt timing analysis view setup_view has been selected for calibration 
	CornerforLayerOpt timing analysis view setup_view has been selected for calibration 
	CornerforLayerOpt timing analysis view setup_view has been selected for calibration 
	CornerforLayerOpt timing analysis view setup_view has been selected for calibration 
[NR-eGR] Started Early Global Route ( Curr Mem: 2.92 MB )
Max route layer is changed from 127 to 6 because there is no routing track above this layer
Max route layer is changed from 127 to 6 because there is no routing track above this layer
[NR-eGR] Started Early Global Route kernel ( Curr Mem: 2.92 MB )
[NR-eGR] Read 268 nets ( ignored 0 )
[NR-eGR] There are 1 clock nets ( 0 with NDR ).
[NR-eGR] Layer group 1: route 268 net(s) in layer range [2, 6]
[NR-eGR] Early Global Route overflow of layer group 1: 0.00% H + 0.00% V. EstWL: 9.092160e+03um
[NR-eGR] Overflow after Early Global Route 0.00% H + 0.00% V
[NR-eGR] Total eGR-routed clock nets wire length: 814um, number of vias: 196
[NR-eGR] --------------------------------------------------------------------------
[NR-eGR]                 Length (um)  Vias 
[NR-eGR] ----------------------------------
[NR-eGR]  Metal1  (1H)             0   847 
[NR-eGR]  Metal2  (2V)          3879  1199 
[NR-eGR]  Metal3  (3H)          4965    60 
[NR-eGR]  Metal4  (4V)           472     5 
[NR-eGR]  Metal5  (5H)            79     0 
[NR-eGR]  Metal6  (6V)             0     0 
[NR-eGR] ----------------------------------
[NR-eGR]          Total         9395  2111 
[NR-eGR] --------------------------------------------------------------------------
[NR-eGR] Total half perimeter of net bounding box: 7911um
[NR-eGR] Total length: 9395um, number of vias: 2111
[NR-eGR] --------------------------------------------------------------------------
[NR-eGR] Finished Early Global Route kernel ( CPU: 0.09 sec, Real: 0.04 sec, Curr Mem: 2.93 MB )
[NR-eGR] Finished Early Global Route ( CPU: 0.10 sec, Real: 0.05 sec, Curr Mem: 2.93 MB )
Extraction called for design 'aer_pending_direct_gray_sync_core_reset' of instances=229 and nets=286 using extraction engine 'preRoute' .
PreRoute RC Extraction called for design aer_pending_direct_gray_sync_core_reset.
RC Extraction called in multi-corner(1) mode.
RCMode: PreRoute
      RC Corner Indexes            0   
Capacitance Scaling Factor   : 1.00000 
Resistance Scaling Factor    : 1.00000 
Clock Cap. Scaling Factor    : 1.00000 
Clock Res. Scaling Factor    : 1.00000 
Shrink Factor                : 1.00000
PreRoute extraction is honoring NDR/Shielding/ExtraSpace for clock nets.
Using capacitance table file ...
Updating RC Grid density data for preRoute extraction ...
Initializing multi-corner capacitance tables ... 
Initializing multi-corner resistance tables ...
PreRoute RC Extraction DONE (CPU Time: 0:00:00.0  Real Time: 0:00:00.0  MEM: 3258.141M)
Starting delay calculation for Setup views
AAE_INFO: opIsDesignInPostRouteState() is 0
#################################################################################
# Design Stage: PreRoute
# Design Name: aer_pending_direct_gray_sync_core_reset
# Design Mode: 180nm
# Analysis Mode: MMMC Non-OCV 
# Parasitics Mode: No SPEF/RCDB 
# Signoff Settings: SI Off 
#################################################################################
Calculate delays in BcWc mode...
Start delay calculation (fullDC) (4 T). (MEM=2486.96)
Total number of fetched objects 284
AAE_INFO: Total number of nets for which stage creation was skipped for all views 0
End delay calculation. (MEM=2536.39 CPU=0:00:00.2 REAL=0:00:00.0)
End delay calculation (fullDC). (MEM=2515.07 CPU=0:00:00.5 REAL=0:00:01.0)
*** Done Building Timing Graph (cpu=0:00:01.0 real=0:00:01.0 totSessionCpu=0:00:42.8 mem=3322.0M)

OptSummary:

------------------------------------------------------------------
             Initial Summary
------------------------------------------------------------------

Setup views included:
 setup_view 

+--------------------+---------+
|     Setup mode     |   all   |
+--------------------+---------+
|           WNS (ns):|  0.429  |
|           TNS (ns):|  0.000  |
|    Violating Paths:|    0    |
|          All Paths:|   97    |
+--------------------+---------+

+----------------+-------------------------------+------------------+
|                |              Real             |       Total      |
|    DRVs        +------------------+------------+------------------|
|                |  Nr nets(terms)  | Worst Vio  |  Nr nets(terms)  |
+----------------+------------------+------------+------------------+
|   max_cap      |      0 (0)       |   0.000    |      0 (0)       |
|   max_tran     |      1 (27)      |   -0.129   |      1 (27)      |
|   max_fanout   |      2 (2)       |    -10     |      3 (3)       |
|   max_length   |      0 (0)       |     0      |      0 (0)       |
+----------------+------------------+------------+------------------+

Density: 59.656%
------------------------------------------------------------------
**optDesign ... cpu = 0:00:05, real = 0:00:24, mem = 2500.3M, totSessionCpu=0:00:43 **
*** InitOpt #1 [finish] (place_opt_design #1) : cpu/real = 0:00:05.1/0:00:23.9 (0.2), totSession cpu/real = 0:00:43.0/0:00:57.6 (0.7), mem = 3354.0M
** INFO : this run is activating medium effort placeOptDesign flow
*** ExcludedClockNetOpt #1 [begin] (place_opt_design #1) : totSession cpu/real = 0:00:43.0/0:00:57.6 (0.7), mem = 3354.0M
*** Starting optimizing excluded clock nets MEM= 3354.0M) ***
*info: No excluded clock nets to be optimized.
*** Finished optimizing excluded clock nets (CPU Time= 0:00:00.0  MEM= 3354.0M) ***
*** ExcludedClockNetOpt #1 [finish] (place_opt_design #1) : cpu/real = 0:00:00.0/0:00:00.0 (0.0), totSession cpu/real = 0:00:43.0/0:00:57.6 (0.7), mem = 3354.0M
The useful skew maximum allowed delay is: 0.3
*** SimplifyNetlist #1 [begin] (place_opt_design #1) : totSession cpu/real = 0:00:43.2/0:00:57.8 (0.7), mem = 3322.0M
Info: 1 clock net  excluded from IPO operation.

Footprint cell information for calculating maxBufDist
*info: There are 17 candidate Buffer cells
*info: There are 15 candidate Inverter cells

	CornerforLayerOpt timing analysis view setup_view has been selected for calibration 
	CornerforLayerOpt timing analysis view setup_view has been selected for calibration 
	CornerforLayerOpt timing analysis view setup_view has been selected for calibration 
	CornerforLayerOpt timing analysis view setup_view has been selected for calibration 

Netlist preparation processing... 
Removed 0 instance
*info: Marking 0 isolation instances dont touch
*info: Marking 0 level shifter instances dont touch
*** SimplifyNetlist #1 [finish] (place_opt_design #1) : cpu/real = 0:00:01.7/0:00:01.6 (1.0), totSession cpu/real = 0:00:44.8/0:00:59.5 (0.8), mem = 3488.5M
Running new flow changes for HFN
Begin: GigaOpt high fanout net optimization
GigaOpt HFN: use maxLocalDensity 1.2
GigaOpt Checkpoint: Internal optDRV -useLevelizedBufferTreeOnly -auxMaxFanoutCountLimit 500 -largeScaleFixing -maxIter 1 -maxLocalDensity 1.2 -numThreads 4 -preCTS -preRouteDontEndWithRefinePlaceIncrSteinerRouteDC
*** DrvOpt #1 [begin] (place_opt_design #1) : totSession cpu/real = 0:00:45.0/0:00:59.6 (0.8), mem = 3488.5M
Info: 1 clock net  excluded from IPO operation.
	CornerforLayerOpt timing analysis view setup_view has been selected for calibration 
	CornerforLayerOpt timing analysis view setup_view has been selected for calibration 
	CornerforLayerOpt timing analysis view setup_view has been selected for calibration 
	CornerforLayerOpt timing analysis view setup_view has been selected for calibration 
	CornerforLayerOpt timing analysis view setup_view has been selected for calibration 
	CornerforLayerOpt timing analysis view setup_view has been selected for calibration 
	CornerforLayerOpt timing analysis view setup_view has been selected for calibration 
	CornerforLayerOpt timing analysis view setup_view has been selected for calibration 
*** DrvOpt #1 [finish] (place_opt_design #1) : cpu/real = 0:00:00.4/0:00:00.4 (1.0), totSession cpu/real = 0:00:45.4/0:01:00.0 (0.8), mem = 3488.5M
GigaOpt HFN: restore maxLocalDensity to 0.98
End: GigaOpt high fanout net optimization
Begin: GigaOpt DRV Optimization
[GPS-DRV] number of DCLS groups: 0; maxIter: 2
GigaOpt Checkpoint: Internal optDRV -max_tran -max_cap -maxLocalDensity 1.2 -numThreads 4 -largeScaleFixing -maxIter 2 -preCTS -preRouteDontEndWithRefinePlaceIncrSteinerRouteDC
*** DrvOpt #2 [begin] (place_opt_design #1) : totSession cpu/real = 0:00:45.5/0:01:00.1 (0.8), mem = 3488.5M
Info: 1 clock net  excluded from IPO operation.
	CornerforLayerOpt timing analysis view setup_view has been selected for calibration 
	CornerforLayerOpt timing analysis view setup_view has been selected for calibration 
	CornerforLayerOpt timing analysis view setup_view has been selected for calibration 
	CornerforLayerOpt timing analysis view setup_view has been selected for calibration 
	CornerforLayerOpt timing analysis view setup_view has been selected for calibration 
	CornerforLayerOpt timing analysis view setup_view has been selected for calibration 
	CornerforLayerOpt timing analysis view setup_view has been selected for calibration 
	CornerforLayerOpt timing analysis view setup_view has been selected for calibration 
+-------------------------------------------------------------------------------------------------------------------------------------------------------+
|        max-tran       |        max-cap        |  max-fanout |  max-length |       setup       |        |        |        |       |          |         |
+-------------------------------------------------------------------------------------------------------------------------------------------------------+
| nets | terms|  wViol  | nets | terms|  wViol  | nets | terms| nets | terms|   WNS   |   TNS   |  #Buf  |  #Inv  | #Resize|Density|   Real   |   Mem   |
+-------------------------------------------------------------------------------------------------------------------------------------------------------+
|     1|    27|    -0.53|     0|     0|     0.00|     2|     2|     0|     0|     0.43|     0.00|       0|       0|       0| 59.66%|          |         |
|     0|     0|     0.00|     0|     0|     0.00|     2|     2|     0|     0|     0.43|     0.00|       1|       0|       0| 59.78%| 0:00:00.0|  3580.5M|
|     0|     0|     0.00|     0|     0|     0.00|     2|     2|     0|     0|     0.43|     0.00|       0|       0|       0| 59.78%| 0:00:00.0|  3580.5M|
+-------------------------------------------------------------------------------------------------------------------------------------------------------+
Bottom Preferred Layer:
    None
Via Pillar Rule:
    None

*** Finish DRV Fixing (cpu=0:00:00.1 real=0:00:00.0 mem=3580.5M) ***

*** DrvOpt #2 [finish] (place_opt_design #1) : cpu/real = 0:00:01.3/0:00:01.3 (1.1), totSession cpu/real = 0:00:46.9/0:01:01.4 (0.8), mem = 3516.5M
End: GigaOpt DRV Optimization
GigaOpt DRV: restore maxLocalDensity to 0.98
**optDesign ... cpu = 0:00:09, real = 0:00:28, mem = 2553.3M, totSessionCpu=0:00:47 **

Active setup views:
 setup_view
  Dominating endpoints: 0
  Dominating TNS: -0.000

Begin: GigaOpt Global Optimization
*info: use new DP (enabled)
GigaOpt Checkpoint: Internal globalOpt -maxLocalDensity 1.2 -numThreads 4 -preCTS -rebufferAll -preRouteDontEndWithRefinePlaceIncrSteinerRouteDC -enableHighLayerOpt -maxIter 50 -maxIterForLEPG 50
Info: 1 clock net  excluded from IPO operation.
*** GlobalOpt #1 [begin] (place_opt_design #1) : totSession cpu/real = 0:00:47.0/0:01:01.5 (0.8), mem = 3516.5M
*info: 1 clock net excluded
** GigaOpt Global Opt WNS Slack 0.000  TNS Slack 0.000 
+--------+--------+---------+------------+--------+----------+---------+---------------------------+
|  WNS   |  TNS   | Density |    Real    |  Mem   |Worst View|Pathgroup|         End Point         |
+--------+--------+---------+------------+--------+----------+---------+---------------------------+
|   0.000|   0.000|   59.78%|   0:00:00.0| 3564.5M|setup_view|       NA| NA                        |
+--------+--------+---------+------------+--------+----------+---------+---------------------------+

*** Finish pre-CTS Global Setup Fixing (cpu=0:00:00.0 real=0:00:00.0 mem=3564.5M) ***

*** Finish pre-CTS Setup Fixing (cpu=0:00:00.0 real=0:00:00.0 mem=3564.5M) ***
Bottom Preferred Layer:
    None
Via Pillar Rule:
    None
** GigaOpt Global Opt End WNS Slack 0.000  TNS Slack 0.000 
*** GlobalOpt #1 [finish] (place_opt_design #1) : cpu/real = 0:00:01.6/0:00:01.3 (1.3), totSession cpu/real = 0:00:48.6/0:01:02.7 (0.8), mem = 3516.5M
End: GigaOpt Global Optimization
*** Timing Is met
*** Check timing (0:00:00.0)
GigaOpt Checkpoint: Internal reclaim -numThreads 4 -preCTS -force -doRemoveUselessTerm -tgtSlackMult 3 -routeType -noRouteTypeResizePolish -noViewPrune -weedwhack -nonLegal -nativePathGroupFlow -SimpCCIn -GCompAndPhase
Info: 1 clock net  excluded from IPO operation.
Begin: Area Reclaim Optimization
*** AreaOpt #1 [begin] (place_opt_design #1) : totSession cpu/real = 0:00:48.7/0:01:02.9 (0.8), mem = 3580.5M
Reclaim Optimization WNS Slack 0.000  TNS Slack 0.000 Density 59.78
+---------+---------+--------+--------+------------+--------+
| Density | Commits |  WNS   |  TNS   |    Real    |  Mem   |
+---------+---------+--------+--------+------------+--------+
|   59.78%|        -|   0.000|   0.000|   0:00:00.0| 3580.5M|
|   59.78%|        0|   0.000|   0.000|   0:00:00.0| 3580.5M|
|   59.78%|        0|   0.000|   0.000|   0:00:00.0| 3580.5M|
|   59.78%|        0|   0.000|   0.000|   0:00:00.0| 3580.5M|
|   59.78%|        0|   0.000|   0.000|   0:00:00.0| 3580.5M|
|   59.78%|        0|   0.000|   0.000|   0:00:00.0| 3580.5M|
+---------+---------+--------+--------+------------+--------+
Reclaim Optimization End WNS Slack 0.000  TNS Slack 0.000 Density 59.78
Bottom Preferred Layer:
    None
Via Pillar Rule:
    None

Number of times islegalLocAvaiable called = 0 skipped = 0, called in commitmove = 0, skipped in commitmove = 0
End: Core Area Reclaim Optimization (cpu = 0:00:01.1) (real = 0:00:01.0) **
*** AreaOpt #1 [finish] (place_opt_design #1) : cpu/real = 0:00:01.1/0:00:01.0 (1.1), totSession cpu/real = 0:00:49.8/0:01:03.9 (0.8), mem = 3580.5M
Executing incremental physical updates
Executing incremental physical updates
End: Area Reclaim Optimization (cpu=0:00:01, real=0:00:01, mem=3516.49M, totSessionCpu=0:00:50).
*** IncrReplace #1 [begin] (place_opt_design #1) : totSession cpu/real = 0:00:49.9/0:01:04.0 (0.8), mem = 3516.5M

*** Start incrementalPlace ***
No Views given, use default active views for adaptive view pruning
Active views:
  setup_view
Max route layer is changed from 127 to 6 because there is no routing track above this layer
Max route layer is changed from 127 to 6 because there is no routing track above this layer
[NR-eGR] Started Early Global Route kernel ( Curr Mem: 3.10 MB )
[NR-eGR] Read 269 nets ( ignored 0 )
[NR-eGR] There are 1 clock nets ( 0 with NDR ).
[NR-eGR] Layer group 1: route 269 net(s) in layer range [2, 6]
[NR-eGR] Early Global Route overflow of layer group 1: 0.00% H + 0.00% V. EstWL: 8.976240e+03um
[NR-eGR] Overflow after Early Global Route 0.00% H + 0.00% V
[NR-eGR] Finished Early Global Route kernel ( CPU: 0.09 sec, Real: 0.05 sec, Curr Mem: 3.10 MB )
Early Global Route congestion estimation runtime: 0.06 seconds, mem = 3516.5M
Local HotSpot Analysis: normalized max congestion hotspot area = 0.00, normalized total congestion hotspot area = 0.00 (area is in unit of 4 std-cell row bins)

=== incrementalPlace Internal Loop 1 ===
      flow.cputime  flow.realtime  timing.setup.tns  timing.setup.wns  snapshot
UM:*                                                                   incrNP_iter_start
[spp] 0
*** Finished SKP initialization (cpu=0:00:00.3, real=0:00:00.0)***
SKP will use view:
  setup_view
Iteration  4: Total net bbox = 6.544e+03 (3.85e+03 2.69e+03)
              Est.  stn bbox = 7.192e+03 (4.15e+03 3.04e+03)
              cpu = 0:00:00.3 real = 0:00:00.0 mem = 3820.6M
Iteration  5: Total net bbox = 6.707e+03 (4.11e+03 2.59e+03)
              Est.  stn bbox = 7.407e+03 (4.46e+03 2.95e+03)
              cpu = 0:00:00.2 real = 0:00:00.0 mem = 3820.6M
Iteration  6: Total net bbox = 6.897e+03 (4.11e+03 2.79e+03)
              Est.  stn bbox = 7.621e+03 (4.46e+03 3.16e+03)
              cpu = 0:00:00.4 real = 0:00:00.0 mem = 3820.6M
Iteration  7: Total net bbox = 7.570e+03 (4.42e+03 3.15e+03)
              Est.  stn bbox = 8.321e+03 (4.78e+03 3.54e+03)
              cpu = 0:00:00.7 real = 0:00:01.0 mem = 3820.6M
Iteration  8: Total net bbox = 7.421e+03 (4.31e+03 3.11e+03)
              Est.  stn bbox = 8.160e+03 (4.67e+03 3.49e+03)
              cpu = 0:00:00.4 real = 0:00:00.0 mem = 3852.6M
Move report: Timing Driven Placement moves 230 insts, mean move: 11.35 um, max move: 43.90 um 
	Max move on inst (pending_q_reg[3]): (104.28, 75.60) --> (95.65, 40.33)

Finished Incremental Placement (cpu=0:00:02.5, real=0:00:01.0, mem=3724.5M)
Begin: Reorder Scan Chains
**WARN: (IMPSP-9025):	No scan chain specified/traced.
Type 'man IMPSP-9025' for more detail.
End: Reorder Scan Chains
*** Starting refinePlace (0:00:52.7 mem=3836.6M) ***
Total net bbox length = 7.392e+03 (4.199e+03 3.193e+03) (ext = 1.547e+03)
Max route layer is changed from 127 to 6 because there is no routing track above this layer
Max route layer is changed from 127 to 6 because there is no routing track above this layer
Max route layer is changed from 127 to 6 because there is no routing track above this layer
Max route layer is changed from 127 to 6 because there is no routing track above this layer
Move report: Detail placement moves 230 insts, mean move: 0.22 um, max move: 0.71 um 
	Max move on inst (g5877__9315): (98.65, 45.77) --> (98.34, 45.36)
	Runtime: CPU: 0:00:00.0 REAL: 0:00:00.0 MEM: 3820.6MB
Summary Report:
Instances move: 230 (out of 230 movable)
Instances flipped: 0
Mean displacement: 0.22 um
Max displacement: 0.71 um (Instance: g5877__9315) (98.6455, 45.766) -> (98.34, 45.36)
	Length: 5 sites, height: 1 rows, site name: tsm3site, cell type: AOI2BB1X1
Physical-only instances move: 0 (out of 0 movable physical-only)
Total net bbox length = 7.379e+03 (4.194e+03 3.185e+03) (ext = 1.545e+03)
Runtime: CPU: 0:00:00.0 REAL: 0:00:00.0 MEM: 3820.6MB
*** Finished refinePlace (0:00:52.7 mem=3820.6M) ***
Max route layer is changed from 127 to 6 because there is no routing track above this layer
Max route layer is changed from 127 to 6 because there is no routing track above this layer
[NR-eGR] Read 269 nets ( ignored 0 )
[NR-eGR] There are 1 clock nets ( 0 with NDR ).
[NR-eGR] Layer group 1: route 269 net(s) in layer range [2, 6]
[NR-eGR] Early Global Route overflow of layer group 1: 0.00% H + 0.00% V. EstWL: 8.245440e+03um
[NR-eGR] Overflow after Early Global Route 0.00% H + 0.00% V
[NR-eGR] Finished Early Global Route kernel ( CPU: 0.03 sec, Real: 0.02 sec, Curr Mem: 3.41 MB )
Early Global Route congestion estimation runtime: 0.03 seconds, mem = 3820.6M
Local HotSpot Analysis: normalized max congestion hotspot area = 0.00, normalized total congestion hotspot area = 0.00 (area is in unit of 4 std-cell row bins)
[NR-eGR] Total eGR-routed clock nets wire length: 746um, number of vias: 188
[NR-eGR] --------------------------------------------------------------------------
[NR-eGR]                 Length (um)  Vias 
[NR-eGR] ----------------------------------
[NR-eGR]  Metal1  (1H)             0   849 
[NR-eGR]  Metal2  (2V)          3549  1136 
[NR-eGR]  Metal3  (3H)          4635    71 
[NR-eGR]  Metal4  (4V)           437     0 
[NR-eGR]  Metal5  (5H)             0     0 
[NR-eGR]  Metal6  (6V)             0     0 
[NR-eGR] ----------------------------------
[NR-eGR]          Total         8622  2056 
[NR-eGR] --------------------------------------------------------------------------
[NR-eGR] Total half perimeter of net bounding box: 7379um
[NR-eGR] Total length: 8622um, number of vias: 2056
[NR-eGR] --------------------------------------------------------------------------
Max route layer is changed from 127 to 6 because there is no routing track above this layer
Early Global Route wiring runtime: 0.06 seconds, mem = 3827.1M
[hotspot] +------------+---------------+---------------+
[hotspot] |            |   max hotspot | total hotspot |
[hotspot] +------------+---------------+---------------+
[hotspot] | normalized |          0.00 |          0.00 |
[hotspot] +------------+---------------+---------------+
Local HotSpot Analysis: normalized max congestion hotspot area = 0.00, normalized total congestion hotspot area = 0.00 (area is in unit of 4 std-cell row bins)
[hotspot] Hotspot report including placement blocked areas
[hotspot] +------------+---------------+---------------+
[hotspot] |            |   max hotspot | total hotspot |
[hotspot] +------------+---------------+---------------+
[hotspot] | normalized |          0.00 |          0.00 |
[hotspot] +------------+---------------+---------------+
Local HotSpot Analysis (blockage included): normalized max congestion hotspot area = 0.00, normalized total congestion hotspot area = 0.00 (area is in unit of 4 std-cell row bins)
0 delay mode for cte disabled.

*** Finished incrementalPlace (cpu=0:00:02.9, real=0:00:01.0)***
Start to check current routing status for nets...
All nets are already routed correctly.
End to check current routing status for nets (mem=3715.0M)
Extraction called for design 'aer_pending_direct_gray_sync_core_reset' of instances=230 and nets=287 using extraction engine 'preRoute' .
PreRoute RC Extraction called for design aer_pending_direct_gray_sync_core_reset.
RC Extraction called in multi-corner(1) mode.
RCMode: PreRoute
      RC Corner Indexes            0   
Capacitance Scaling Factor   : 1.00000 
Resistance Scaling Factor    : 1.00000 
Clock Cap. Scaling Factor    : 1.00000 
Clock Res. Scaling Factor    : 1.00000 
Shrink Factor                : 1.00000
PreRoute extraction is honoring NDR/Shielding/ExtraSpace for clock nets.
Using capacitance table file ...
Updating RC Grid density data for preRoute extraction ...
Initializing multi-corner capacitance tables ... 
Initializing multi-corner resistance tables ...
PreRoute RC Extraction DONE (CPU Time: 0:00:00.0  Real Time: 0:00:00.0  MEM: 3715.020M)
**optDesign ... cpu = 0:00:15, real = 0:00:32, mem = 2508.9M, totSessionCpu=0:00:53 **
Starting delay calculation for Setup views
AAE_INFO: opIsDesignInPostRouteState() is 0
#################################################################################
# Design Stage: PreRoute
# Design Name: aer_pending_direct_gray_sync_core_reset
# Design Mode: 180nm
# Analysis Mode: MMMC Non-OCV 
# Parasitics Mode: No SPEF/RCDB 
# Signoff Settings: SI Off 
#################################################################################
Calculate delays in BcWc mode...
Start delay calculation (fullDC) (4 T). (MEM=2561.89)
Total number of fetched objects 285
AAE_INFO: Total number of nets for which stage creation was skipped for all views 0
End delay calculation. (MEM=2597.73 CPU=0:00:00.1 REAL=0:00:00.0)
End delay calculation (fullDC). (MEM=2597.73 CPU=0:00:00.2 REAL=0:00:00.0)
*** Done Building Timing Graph (cpu=0:00:00.6 real=0:00:01.0 totSessionCpu=0:00:53.5 mem=3680.5M)
*** IncrReplace #1 [finish] (place_opt_design #1) : cpu/real = 0:00:03.7/0:00:02.4 (1.5), totSession cpu/real = 0:00:53.7/0:01:06.5 (0.8), mem = 3688.5M
*** Timing Is met
*** Check timing (0:00:00.0)
*** Timing Is met
*** Check timing (0:00:00.0)
*** Timing Is met
*** Check timing (0:00:00.0)
GigaOpt Checkpoint: Internal reclaim -numThreads 4 -customPhyUpdate -noGCompAndPhase -ensureOneAreaReclaim -force -svrReclaim -rtrShortNets -allowDegradingShortNetRemoval -preCTS -tgtSlackMult 2 -wtns -noRouteTypeResizePolish -noViewPrune -nativePathGroupFlow
Info: 1 clock net  excluded from IPO operation.
Begin: Area Reclaim Optimization
*** AreaOpt #2 [begin] (place_opt_design #1) : totSession cpu/real = 0:00:54.0/0:01:06.7 (0.8), mem = 3776.6M
Reclaim Optimization WNS Slack 0.000  TNS Slack 0.000 Density 59.78
+---------+---------+--------+--------+------------+--------+
| Density | Commits |  WNS   |  TNS   |    Real    |  Mem   |
+---------+---------+--------+--------+------------+--------+
|   59.78%|        -|   0.000|   0.000|   0:00:00.0| 3776.6M|
|   59.78%|        0|   0.000|   0.000|   0:00:00.0| 3776.6M|
|   59.78%|        0|   0.000|   0.000|   0:00:00.0| 3776.6M|
|   59.78%|        0|   0.000|   0.000|   0:00:00.0| 3776.6M|
|   59.78%|        0|   0.000|   0.000|   0:00:00.0| 3776.6M|
+---------+---------+--------+--------+------------+--------+
Reclaim Optimization End WNS Slack 0.000  TNS Slack 0.000 Density 59.78
Bottom Preferred Layer:
    None
Via Pillar Rule:
    None

Number of times islegalLocAvaiable called = 0 skipped = 0, called in commitmove = 0, skipped in commitmove = 0
End: Core Area Reclaim Optimization (cpu = 0:00:00.2) (real = 0:00:00.0) **
*** Finished re-routing un-routed nets (3776.6M) ***

*** Finish Physical Update (cpu=0:00:00.0 real=0:00:00.0 mem=3776.6M) ***
*** AreaOpt #2 [finish] (place_opt_design #1) : cpu/real = 0:00:00.2/0:00:00.2 (1.1), totSession cpu/real = 0:00:54.2/0:01:07.0 (0.8), mem = 3776.6M
End: Area Reclaim Optimization (cpu=0:00:00, real=0:00:00, mem=3712.53M, totSessionCpu=0:00:54).
-opt_exp_set_preroute_early_power_reclaim_recovery_split_flow false
                                           # bool, default=false, private
Begin: GigaOpt postEco DRV Optimization
GigaOpt Checkpoint: Internal optDRV -inPostEcoStage -smallScaleFixing -maxIter 3 -max_tran -max_cap -maxLocalDensity 0.98 -numThreads 4 -preRouteDontEndWithRefinePlaceIncrSteinerRouteDC -setupTNSCostFactor 1.0 -preCTS
*** DrvOpt #3 [begin] (place_opt_design #1) : totSession cpu/real = 0:00:54.4/0:01:07.1 (0.8), mem = 3712.5M
Info: 1 clock net  excluded from IPO operation.
	CornerforLayerOpt timing analysis view setup_view has been selected for calibration 
	CornerforLayerOpt timing analysis view setup_view has been selected for calibration 
	CornerforLayerOpt timing analysis view setup_view has been selected for calibration 
	CornerforLayerOpt timing analysis view setup_view has been selected for calibration 
	CornerforLayerOpt timing analysis view setup_view has been selected for calibration 
	CornerforLayerOpt timing analysis view setup_view has been selected for calibration 
	CornerforLayerOpt timing analysis view setup_view has been selected for calibration 
	CornerforLayerOpt timing analysis view setup_view has been selected for calibration 
+-------------------------------------------------------------------------------------------------------------------------------------------------------+
|        max-tran       |        max-cap        |  max-fanout |  max-length |       setup       |        |        |        |       |          |         |
+-------------------------------------------------------------------------------------------------------------------------------------------------------+
| nets | terms|  wViol  | nets | terms|  wViol  | nets | terms| nets | terms|   WNS   |   TNS   |  #Buf  |  #Inv  | #Resize|Density|   Real   |   Mem   |
+-------------------------------------------------------------------------------------------------------------------------------------------------------+
|     0|     0|     0.00|     0|     0|     0.00|     2|     2|     0|     0|     0.43|     0.00|       0|       0|       0| 59.78%|          |         |
|     0|     0|     0.00|     0|     0|     0.00|     2|     2|     0|     0|     0.43|     0.00|       0|       0|       0| 59.78%| 0:00:00.0|  3776.6M|
+-------------------------------------------------------------------------------------------------------------------------------------------------------+
Bottom Preferred Layer:
    None
Via Pillar Rule:
    None

*** Finish DRV Fixing (cpu=0:00:00.0 real=0:00:00.0 mem=3776.6M) ***

*** DrvOpt #3 [finish] (place_opt_design #1) : cpu/real = 0:00:00.4/0:00:00.4 (1.0), totSession cpu/real = 0:00:54.7/0:01:07.5 (0.8), mem = 3712.5M
End: GigaOpt postEco DRV Optimization
**WARN: (IMPOPT-7329):	Skipping refinePlace due to user configuration.
Register exp ratio and priority group on 0 nets on 285 nets : 

Active setup views:
 setup_view
  Dominating endpoints: 0
  Dominating TNS: -0.000

Extraction called for design 'aer_pending_direct_gray_sync_core_reset' of instances=230 and nets=287 using extraction engine 'preRoute' .
PreRoute RC Extraction called for design aer_pending_direct_gray_sync_core_reset.
RC Extraction called in multi-corner(1) mode.
RCMode: PreRoute
      RC Corner Indexes            0   
Capacitance Scaling Factor   : 1.00000 
Resistance Scaling Factor    : 1.00000 
Clock Cap. Scaling Factor    : 1.00000 
Clock Res. Scaling Factor    : 1.00000 
Shrink Factor                : 1.00000
PreRoute extraction is honoring NDR/Shielding/ExtraSpace for clock nets.
Using capacitance table file ...
Grid density data update skipped
Initializing multi-corner capacitance tables ... 
Initializing multi-corner resistance tables ...
PreRoute RC Extraction DONE (CPU Time: 0:00:00.0  Real Time: 0:00:00.0  MEM: 3679.008M)
Skewing Data Summary (End_of_FINAL)

Skew summary for view setup_view:
* Accumulated skew : count = 0

Starting delay calculation for Setup views
AAE_INFO: opIsDesignInPostRouteState() is 0
#################################################################################
# Design Stage: PreRoute
# Design Name: aer_pending_direct_gray_sync_core_reset
# Design Mode: 180nm
# Analysis Mode: MMMC Non-OCV 
# Parasitics Mode: No SPEF/RCDB 
# Signoff Settings: SI Off 
#################################################################################
Calculate delays in BcWc mode...
Start delay calculation (fullDC) (4 T). (MEM=2566.12)
Total number of fetched objects 285
AAE_INFO: Total number of nets for which stage creation was skipped for all views 0
End delay calculation. (MEM=2601.5 CPU=0:00:00.1 REAL=0:00:00.0)
End delay calculation (fullDC). (MEM=2601.5 CPU=0:00:00.2 REAL=0:00:00.0)
*** Done Building Timing Graph (cpu=0:00:00.5 real=0:00:01.0 totSessionCpu=0:00:55.6 mem=3680.5M)
OPTC: user 20.0
Reported timing to dir ./timingReports
**optDesign ... cpu = 0:00:18, real = 0:00:35, mem = 2570.2M, totSessionCpu=0:00:56 **

OptSummary:

------------------------------------------------------------------
     optDesign Final Summary
------------------------------------------------------------------

Setup views included:
 setup_view 

+--------------------+---------+---------+---------+
|     Setup mode     |   all   | reg2reg | default |
+--------------------+---------+---------+---------+
|           WNS (ns):|  0.432  |  3.211  |  0.432  |
|           TNS (ns):|  0.000  |  0.000  |  0.000  |
|    Violating Paths:|    0    |    0    |    0    |
|          All Paths:|   97    |   57    |   65    |
+--------------------+---------+---------+---------+

+----------------+-------------------------------+------------------+
|                |              Real             |       Total      |
|    DRVs        +------------------+------------+------------------|
|                |  Nr nets(terms)  | Worst Vio  |  Nr nets(terms)  |
+----------------+------------------+------------+------------------+
|   max_cap      |      0 (0)       |   0.000    |      0 (0)       |
|   max_tran     |      0 (0)       |   0.000    |      0 (0)       |
|   max_fanout   |      2 (2)       |    -10     |      3 (3)       |
|   max_length   |      0 (0)       |     0      |      0 (0)       |
+----------------+------------------+------------+------------------+

Density: 59.781%
Routing Overflow: 0.00% H and 0.00% V
------------------------------------------------------------------
Begin: Collecting metrics
 ------------------------------------------------------------------------------------------------------------------------------------------------------- 
| Snapshot                | WNS                  | TNS                  | Density (%) | Hotspot                   | Resource               | DRVs       |
|                         | HEPG (ns) | ALL (ns) | HEPG (ns) | ALL (ns) |             | Max (bins) | Total (bins) | Real (s) | Memory (MB) | Tran | Cap |
|-------------------------+-----------+----------+-----------+----------+-------------+------------+--------------+----------+-------------+------+-----|
| initial_summary         |           |    0.429 |           |        0 |       59.66 |            |              | 0:00:01  |        3354 |    1 |   0 |
| simplify_netlist        |           |          |           |          |             |            |              | 0:00:02  |        3488 |      |     |
| drv_fixing              |           |          |           |          |             |            |              | 0:00:01  |        3488 |      |     |
| drv_fixing_2            |     0.000 |    0.429 |         0 |        0 |       59.78 |            |              | 0:00:01  |        3516 |    0 |   0 |
| global_opt              |           |    0.429 |           |        0 |       59.78 |            |              | 0:00:01  |        3516 |      |     |
| area_reclaiming         |     0.000 |    0.429 |         0 |        0 |       59.78 |            |              | 0:00:01  |        3516 |      |     |
| incremental_replacement |           |          |           |          |             |       0.00 |         0.00 | 0:00:02  |        3689 |      |     |
| area_reclaiming_2       |     3.211 |    0.432 |         0 |        0 |       59.78 |            |              | 0:00:01  |        3713 |      |     |
| drv_eco_fixing          |     3.211 |    0.432 |         0 |        0 |       59.78 |            |              | 0:00:00  |        3713 |    0 |   0 |
| final_summary           |     3.211 |    0.432 |           |        0 |       59.78 |            |              | 0:00:02  |        3713 |    0 |   0 |
 ------------------------------------------------------------------------------------------------------------------------------------------------------- 
End: Collecting metrics
**optDesign ... cpu = 0:00:18, real = 0:00:37, mem = 2576.9M, totSessionCpu=0:00:56 **
**WARN: (IMPOPT-3195):	Analysis mode has changed.
Type 'man IMPOPT-3195' for more detail.
*** Finished optDesign ***
      flow.cputime  flow.realtime  timing.setup.tns  timing.setup.wns  snapshot
UM:*                                                                   final
      flow.cputime  flow.realtime  timing.setup.tns  timing.setup.wns  snapshot
UM:*                                                                   opt_design_prects
Info: final physical memory for 5 CRR processes is 811.23MB.
Info: Summary of CRR changes:
      - Timing transform commits:       0
Disable CTE adjustment.
Disable Layer aware incrSKP.
#optDebug: fT-D <X 1 0 0 0>
**place_opt_design ... cpu = 0:00:19, real = 0:00:48, mem = 3712.5M **
*** Finished GigaPlace ***

*** Summary of all messages that are not suppressed in this session:
Severity  ID               Count  Summary                                  
WARNING   IMPSP-9025           1  No scan chain specified/traced.          
WARNING   IMPOPT-3195          2  Analysis mode has changed.               
WARNING   IMPOPT-7329          1  Skipping refinePlace due to user configu...
*** Message Summary: 4 warning(s), 0 error(s)

*** place_opt_design #1 [finish] () : cpu/real = 0:00:18.8/0:00:48.2 (0.4), totSession cpu/real = 0:00:56.6/0:01:21.8 (0.7), mem = 3712.5M
#% End place_opt_design (date=08/21 03:17:43, total cpu=0:00:18.9, real=0:00:48.0, peak res=2616.9M, current mem=2512.7M)
*** timeDesign #1 [begin] () : totSession cpu/real = 0:00:56.6/0:01:21.9 (0.7), mem = 3712.5M
Start to check current routing status for nets...
All nets are already routed correctly.
End to check current routing status for nets (mem=3712.5M)

OptSummary:

------------------------------------------------------------------
          timeDesign Summary
------------------------------------------------------------------

Setup views included:
 setup_view 

+--------------------+---------+---------+---------+
|     Setup mode     |   all   | reg2reg | default |
+--------------------+---------+---------+---------+
|           WNS (ns):|  0.432  |  3.211  |  0.432  |
|           TNS (ns):|  0.000  |  0.000  |  0.000  |
|    Violating Paths:|    0    |    0    |    0    |
|          All Paths:|   97    |   57    |   65    |
+--------------------+---------+---------+---------+

+----------------+-------------------------------+------------------+
|                |              Real             |       Total      |
|    DRVs        +------------------+------------+------------------|
|                |  Nr nets(terms)  | Worst Vio  |  Nr nets(terms)  |
+----------------+------------------+------------+------------------+
|   max_cap      |      0 (0)       |   0.000    |      0 (0)       |
|   max_tran     |      0 (0)       |   0.000    |      0 (0)       |
|   max_fanout   |      2 (2)       |    -10     |      3 (3)       |
|   max_length   |      0 (0)       |     0      |      0 (0)       |
+----------------+------------------+------------+------------------+

Density: 59.781%
Routing Overflow: 0.00% H and 0.00% V
------------------------------------------------------------------
Reported timing to dir <REMOTE_HOME>/aer_2026/p8dgscr_pnr_180nm_v2/reports/p8dgscr_pnr/prects
Total CPU time: 0.34 sec
Total Real time: 2.0 sec
Total Memory Usage: 3712.527344 Mbytes
*** timeDesign #1 [finish] () : cpu/real = 0:00:00.4/0:00:01.4 (0.3), totSession cpu/real = 0:00:57.0/0:01:23.3 (0.7), mem = 3712.5M
*** clock_opt_design #1 [begin] () : totSession cpu/real = 0:00:57.0/0:01:23.3 (0.7), mem = 3712.5M
**INFO: User's settings:
setOptMode -opt_view_pruning_hold_views_active_list            { hold_view }
setOptMode -opt_view_pruning_setup_views_active_list           { setup_view }
setOptMode -opt_view_pruning_setup_views_persistent_list       { setup_view}
setOptMode -opt_view_pruning_tdgr_setup_views_persistent_list  { setup_view}
setOptMode -opt_drv_margin                                     0
setOptMode -opt_drv                                            true
setOptMode -opt_resize_flip_flops                              true
setOptMode -opt_setup_target_slack                             0

Hard fence disabled
*** Starting refinePlace (0:00:57.0 mem=3712.5M) ***
Max route layer is changed from 127 to 6 because there is no routing track above this layer
Max route layer is changed from 127 to 6 because there is no routing track above this layer

Starting Small incrNP...
Density distribution unevenness ratio = 5.506%
Skipped incrNP (cpu=0:00:00.0, real=0:00:00.0, mem=3712.5M)
End of Small incrNP (cpu=0:00:00.0, real=0:00:00.0)
Max route layer is changed from 127 to 6 because there is no routing track above this layer
Max route layer is changed from 127 to 6 because there is no routing track above this layer
Move report: Detail placement moves 0 insts, mean move: 0.00 um, max move: 0.00 um 
	Runtime: CPU: 0:00:00.0 REAL: 0:00:00.0 MEM: 3680.5MB
Summary Report:
Instances move: 0 (out of 230 movable)
Instances flipped: 0
Mean displacement: 0.00 um
Max displacement: 0.00 um 
Physical-only instances move: 0 (out of 0 movable physical-only)
Runtime: CPU: 0:00:00.1 REAL: 0:00:00.0 MEM: 3680.5MB
*** Finished refinePlace (0:00:57.1 mem=3680.5M) ***
ccopt_args: 
Turning off fast DC mode.
Runtime...
(clock_opt_design): CTS Engine: auto. Used Spec: CCOPT spec from create_ccopt_clock_tree_spec.
(clock_opt_design): create_ccopt_clock_tree_spec
Creating clock tree spec for modes (timing configs): p8dgscr_constraints
extract_clock_generator_skew_groups=true: create_ccopt_clock_tree_spec will generate skew groups with a name prefix of "_clock_gen" to balance clock generator connected flops with the clock generator they drive.
Reset timing graph...
Ignoring AAE DB Resetting ...
Reset timing graph done.
Ignoring AAE DB Resetting ...
Analyzing clock structure...
Analyzing clock structure done.
Reset timing graph...
Ignoring AAE DB Resetting ...
Reset timing graph done.
Extracting original clock gating for clk...
  clock_tree clk contains 75 sinks and 0 clock gates.
Extracting original clock gating for clk done.
The skew group clk/p8dgscr_constraints was created. It contains 75 sinks and 1 sources.
Checking clock tree convergence...
Checking clock tree convergence done.
Placement constraints of type 'region' or 'fence' will not be downgraded to 'guide' because the property change_fences_to_guides has been set to false.
'setDesignMode -flowEffort standard' => 'setOptMode -usefulSkewCCOpt standard' 
Using CCOpt effort standard.
Updating ideal nets and annotations...
Reset timing graph...
Ignoring AAE DB Resetting ...
Reset timing graph done.
Ignoring AAE DB Resetting ...
Reset timing graph...
Ignoring AAE DB Resetting ...
Reset timing graph done.
Clock tree spec update: Ideal nets, transition and delay annotations were updated to match active timing constraints.
Updating ideal nets and annotations done. (took cpu=0:00:00.2 real=0:00:00.2)
CCOpt::Phase::Initialization...
Check Prerequisites...
Leaving CCOpt scope - CheckPlace...
Begin checking placement ... (start mem=3671.0M, init mem=3703.0M)
*info: Placed = 230           
*info: Unplaced = 0           
Placement Density:59.78%(6363/10644)
Placement Density (including fixed std cells):59.78%(6363/10644)
Finished checkPlace (total: cpu=0:00:00.0, real=0:00:00.0; vio checks: cpu=0:00:00.0, real=0:00:00.0; mem=3671.0M)
Leaving CCOpt scope - CheckPlace done. (took cpu=0:00:00.0 real=0:00:00.0)
Innovus will update I/O latencies
Reset timing graph...
Ignoring AAE DB Resetting ...
Reset timing graph done.
Ignoring AAE DB Resetting ...
No differences between SDC and CTS ideal net status found.
No differences between SDC and CTS transition time annotations found.
No differences between SDC and CTS delay annotations found.
Reset timing graph...
Ignoring AAE DB Resetting ...
Reset timing graph done.
Found 0 ideal nets, 0 pins with transition annotations, 0 instances with delay annotations, 0 nets with delay annotations, refer to logv for details.

Check Prerequisites done. (took cpu=0:00:00.3 real=0:00:00.2)
CCOpt::Phase::Initialization done. (took cpu=0:00:00.3 real=0:00:00.2)
Executing ccopt post-processing.
Synthesizing clock trees with CCOpt...
*** CTS #1 [begin] (clock_opt_design #1) : totSession cpu/real = 0:00:57.8/0:01:24.2 (0.7), mem = 3671.0M
CCOpt::Phase::PreparingToBalance...
Leaving CCOpt scope - Initializing power interface...
Leaving CCOpt scope - Initializing power interface done. (took cpu=0:00:00.0 real=0:00:00.0)
Found 0 advancing pin insertion delay (0.000% of 75 clock tree sinks)
Found 0 delaying pin insertion delay (0.000% of 75 clock tree sinks)
Leaving CCOpt scope - optDesignGlobalRouteStep...
Max route layer is changed from 127 to 6 because there is no routing track above this layer
Max route layer is changed from 127 to 6 because there is no routing track above this layer
[NR-eGR] Read 269 nets ( ignored 0 )
[NR-eGR] There are 1 clock nets ( 0 with NDR ).
[NR-eGR] Layer group 1: route 269 net(s) in layer range [2, 6]
[NR-eGR] Early Global Route overflow of layer group 1: 0.00% H + 0.00% V. EstWL: 8.245440e+03um
[NR-eGR] Overflow after Early Global Route 0.00% H + 0.00% V
[NR-eGR] Total eGR-routed clock nets wire length: 746um, number of vias: 188
[NR-eGR] --------------------------------------------------------------------------
[NR-eGR]                 Length (um)  Vias 
[NR-eGR] ----------------------------------
[NR-eGR]  Metal1  (1H)             0   849 
[NR-eGR]  Metal2  (2V)          3549  1136 
[NR-eGR]  Metal3  (3H)          4635    71 
[NR-eGR]  Metal4  (4V)           437     0 
[NR-eGR]  Metal5  (5H)             0     0 
[NR-eGR]  Metal6  (6V)             0     0 
[NR-eGR] ----------------------------------
[NR-eGR]          Total         8622  2056 
[NR-eGR] --------------------------------------------------------------------------
[NR-eGR] Total half perimeter of net bounding box: 7379um
[NR-eGR] Total length: 8622um, number of vias: 2056
[NR-eGR] --------------------------------------------------------------------------
[NR-eGR] Finished Early Global Route kernel ( CPU: 0.07 sec, Real: 0.04 sec, Curr Mem: 3.16 MB )
[NR-eGR] Finished Early Global Route ( CPU: 0.07 sec, Real: 0.04 sec, Curr Mem: 3.16 MB )
Leaving CCOpt scope - optDesignGlobalRouteStep done. (took cpu=0:00:00.1 real=0:00:00.1)
Legalization setup...
Using cell based legalization.
Initializing placement interface...
  Use check_library -place or consult logv if problems occur.
  Leaving CCOpt scope - Initializing placement interface...
  Leaving CCOpt scope - Initializing placement interface done. (took cpu=0:00:00.0 real=0:00:00.0)
Initializing placement interface done.
Leaving CCOpt scope - Cleaning up placement interface...
Leaving CCOpt scope - Cleaning up placement interface done. (took cpu=0:00:00.0 real=0:00:00.0)
Leaving CCOpt scope - Initializing placement interface...
Leaving CCOpt scope - Initializing placement interface done. (took cpu=0:00:00.0 real=0:00:00.0)
Max route layer is changed from 127 to 6 because there is no routing track above this layer
[PSP]    Load db... (mem=3.2M)
[PSP]    Read data from FE... (mem=3.2M)
[PSP]    Done Read data from FE (cpu=0.000s, mem=3.2M)

[PSP]    Done Load db (cpu=0.000s, mem=3.2M)

[PSP]    Constructing placeable region... (mem=3.2M)
[PSP]    Compute region effective width... (mem=3.2M)
[PSP]    Done Compute region effective width (cpu=0.000s, mem=3.2M)

[PSP]    Done Constructing placeable region (cpu=0.010s, mem=3.2M)

Legalization setup done. (took cpu=0:00:00.0 real=0:00:00.0)
Validating CTS configuration...
Checking module port directions...
Checking module port directions done. (took cpu=0:00:00.0 real=0:00:00.0)
Non-default CCOpt properties:
  Public non-default CCOpt properties:
    cts_merge_clock_gates is set for at least one object
    cts_merge_clock_logic is set for at least one object
    route_type is set for at least one object
    source_max_capacitance is set for at least one object
  No private non-default CCOpt properties
Updating RC Grid density data for preRoute extraction ...
Initializing multi-corner capacitance tables ... 
Initializing multi-corner resistance tables ...
Route type trimming info:
  No route type modifications were made.
Library trimming buffers in power domain auto-default and half-corner corner_slow:setup.late removed 2 of 9 cells
Original list had 9 cells:
CLKBUFX20 CLKBUFX16 CLKBUFX12 CLKBUFX8 CLKBUFX4 CLKBUFX3 CLKBUFX2 CLKBUFXL CLKBUFX1 
New trimmed list has 7 cells:
CLKBUFX20 CLKBUFX16 CLKBUFX12 CLKBUFX8 CLKBUFX4 CLKBUFX3 CLKBUFX1 
Library trimming inverters in power domain auto-default and half-corner corner_slow:setup.late removed 4 of 8 cells
Original list had 8 cells:
CLKINVX20 CLKINVX16 CLKINVX12 CLKINVX8 CLKINVX4 CLKINVX3 CLKINVX2 CLKINVX1 
New trimmed list has 4 cells:
CLKINVX8 CLKINVX4 CLKINVX3 CLKINVX1 
**WARN: (IMPCCOPT-1182):	The clock_gating_cells property has no usable full-cycle clock gates for power domain auto-default. Gating limited for clock tree clk. You may be able to solve this problem by specifying a list of lib_cells to use with the clock_gating_cells property.
Clock tree balancer configuration for clock_tree clk:
Non-default CCOpt properties:
  Public non-default CCOpt properties:
    cts_merge_clock_gates: true (default: false)
    cts_merge_clock_logic: true (default: false)
    route_type (leaf): default_route_type_leaf (default: default)
    route_type (top): default_route_type_nonleaf (default: default)
    route_type (trunk): default_route_type_nonleaf (default: default)
    source_max_capacitance: 0.25 (default: auto)
  No private non-default CCOpt properties
For power domain auto-default:
  Buffers:     CLKBUFX20 CLKBUFX16 CLKBUFX12 CLKBUFX8 CLKBUFX4 CLKBUFX3 CLKBUFX1
  Inverters:   CLKINVX8 CLKINVX4 CLKINVX3 CLKINVX1
  Unblocked area available for placement of any clock cells in power_domain auto-default: 10644.480um^2
Top Routing info:
  Route-type name: default_route_type_nonleaf; Top/bottom preferred layer name: Metal4/Metal3; 
  Unshielded; Mask Constraint: 0; Source: route_type.
Trunk Routing info:
  Route-type name: default_route_type_nonleaf; Top/bottom preferred layer name: Metal4/Metal3; 
  Unshielded; Preferred extra space: 1; Mask Constraint: 0; Source: route_type.
Leaf Routing info:
  Route-type name: default_route_type_leaf; Top/bottom preferred layer name: Metal4/Metal3; 
  Unshielded; Preferred extra space: 1; Mask Constraint: 0; Source: route_type.
For timing_corner corner_slow:setup, late and power domain auto-default:
  Slew time target (leaf):    0.398ns
  Slew time target (trunk):   0.398ns
  Slew time target (top):     0.398ns (Note: no nets are considered top nets in this clock tree)
  Buffer unit delay: 0.171ns
  Buffer max distance: 2325.600um
Fastest wire driving cells and distances:
  Buffer    : {lib_cell:CLKBUFX20, fastest_considered_half_corner=corner_slow:setup.late, optimalDrivingDistance=2325.600um, saturatedSlew=0.353ns, speed=6844.026um per ns, cellArea=34.328um^2 per 1000um}
  Inverter  : {lib_cell:CLKINVX8, fastest_considered_half_corner=corner_slow:setup.late, optimalDrivingDistance=1194.766um, saturatedSlew=0.353ns, speed=4314.792um per ns, cellArea=16.705um^2 per 1000um}


Logic Sizing Table:

----------------------------------------------------------
Cell    Instance count    Source    Eligible library cells
----------------------------------------------------------
  (empty table)
----------------------------------------------------------


Clock tree balancer configuration for skew_group clk/p8dgscr_constraints:
 Created from constraint modes: {[]}
  Sources:                     pin clk
  Total number of sinks:       75
  Delay constrained sinks:     75
  Constrains:                  default
  Non-leaf sinks:              0
  Ignore pins:                 0
 Timing corner corner_slow:setup.late:
  Skew target:                 0.171ns
Primary reporting skew groups are:
skew_group clk/p8dgscr_constraints with 75 clock sinks


Constraint summary
==================

Transition constraints are active in the following delay corners:

corner_slow:setup.late

Cap constraints are active in the following delay corners:

corner_slow:setup.late

Transition constraint summary:

---------------------------------------------------------------------------------------------
Delay corner                        Target (ns)    Num pins    Target source    Clock tree(s)
---------------------------------------------------------------------------------------------
corner_slow:setup.late (primary)         -            -              -                -
               -                       0.398          77       auto computed    all
---------------------------------------------------------------------------------------------

Capacitance constraint summary:

--------------------------------------------------------------------------------------------------------------
Delay corner                        Limit (pF)    Num nets    Target source                      Clock tree(s)
--------------------------------------------------------------------------------------------------------------
corner_slow:setup.late (primary)        -            -                       -                         -
               -                      0.250          1        source_max_capacitance_property    all
--------------------------------------------------------------------------------------------------------------


Clock DAG stats initial state:
  cell counts      : b=0, i=0, icg=0, dcg=0, l=0, total=0
  sink counts      : regular=75, enable_latch=0, load_capacitance=0, antenna=0, node_sink=0, total=75
  misc counts      : r=1, pp=0, mci=0
  cell areas       : b=0.000um^2, i=0.000um^2, icg=0.000um^2, dcg=0.000um^2, l=0.000um^2, total=0.000um^2
  hp wire lengths  : top=0.000um, trunk=0.000um, leaf=0.000um, total=0.000um
      flow.cputime  flow.realtime  timing.setup.tns  timing.setup.wns  snapshot
UM:*                                                                   InitialState
Have 4 CPUs available for CTS. Selected algorithms will run multithreaded.
No ideal or dont_touch nets found in the clock tree
No dont_touch hnets found in the clock tree
No dont_touch hpins found in the clock network.
Checking for illegal sizes of clock logic instances...
Checking for illegal sizes of clock logic instances done. (took cpu=0:00:00.0 real=0:00:00.0)
Validating CTS configuration done. (took cpu=0:00:00.8 real=0:00:00.7)
CCOpt configuration status: all checks passed.
Adding exclusion drivers to pins that are effective_sink_type exclude...
    Adding exclusion drivers (these will be instances of the smallest area library cells).
  No exclusion drivers are needed.
Adding exclusion drivers to pins that are effective_sink_type exclude done.
Antenna diode management...
  Found 0 antenna diodes in the clock trees.
  
Antenna diode management done.
Adding driver cells for primary IOs...
Adding driver cells for primary IOs done.
Adding driver cells for primary IOs...
Adding driver cells for primary IOs done.

----------------------------------------------------------------------------------------------
CCOpt reported the following when adding drivers below input ports and above output ports     
----------------------------------------------------------------------------------------------
  (empty table)
----------------------------------------------------------------------------------------------


Adding driver cell for primary IO roots...
Adding driver cell for primary IO roots done.
Maximizing clock DAG abstraction...
  Removing clock DAG drivers
Maximizing clock DAG abstraction done.
CCOpt::Phase::PreparingToBalance done. (took cpu=0:00:00.9 real=0:00:00.8)
Synthesizing clock trees...
  Preparing To Balance...
  Leaving CCOpt scope - Cleaning up placement interface...
  Leaving CCOpt scope - Cleaning up placement interface done. (took cpu=0:00:00.0 real=0:00:00.0)
  Leaving CCOpt scope - Initializing placement interface...
  Leaving CCOpt scope - Initializing placement interface done. (took cpu=0:00:00.0 real=0:00:00.0)
  Merging duplicate siblings in DAG...
    Clock DAG stats before merging:
      cell counts      : b=0, i=0, icg=0, dcg=0, l=0, total=0
      sink counts      : regular=75, enable_latch=0, load_capacitance=0, antenna=0, node_sink=0, total=75
      misc counts      : r=1, pp=0, mci=0
      cell areas       : b=0.000um^2, i=0.000um^2, icg=0.000um^2, dcg=0.000um^2, l=0.000um^2, total=0.000um^2
      hp wire lengths  : top=0.000um, trunk=0.000um, leaf=0.000um, total=0.000um
      flow.cputime  flow.realtime  timing.setup.tns  timing.setup.wns  snapshot
UM:*                                                                   before merging
    Resynthesising clock tree into netlist...
      Reset timing graph...
Ignoring AAE DB Resetting ...
      Reset timing graph done.
    Resynthesising clock tree into netlist done.
    Merging duplicate clock dag driver clones in DAG...
    Merging duplicate clock dag driver clones in DAG done.
    
    Disconnecting clock tree from netlist...
    Disconnecting clock tree from netlist done.
  Merging duplicate siblings in DAG done.
  Applying movement limits...
  Applying movement limits done.
  Preparing To Balance done. (took cpu=0:00:00.1 real=0:00:00.1)
  CCOpt::Phase::Construction...
  Stage::Clustering...
  Clustering...
    Initialize for clustering...
    Clock DAG stats before clustering:
      cell counts      : b=0, i=0, icg=0, dcg=0, l=0, total=0
      sink counts      : regular=75, enable_latch=0, load_capacitance=0, antenna=0, node_sink=0, total=75
      misc counts      : r=1, pp=0, mci=0
      cell areas       : b=0.000um^2, i=0.000um^2, icg=0.000um^2, dcg=0.000um^2, l=0.000um^2, total=0.000um^2
      hp wire lengths  : top=0.000um, trunk=0.000um, leaf=0.000um, total=0.000um
      flow.cputime  flow.realtime  timing.setup.tns  timing.setup.wns  snapshot
UM:*                                                                   before clustering
    Computing max distances from locked parents...
      Computing distance_from_locked_parent_restrictions for 0 nodes driven by 0 locked parents
    Computing max distances from locked parents done.
    Preplacing multi-input logics...
    Preplacing multi-input logics done. (took cpu=0:00:00.0 real=0:00:00.0)
    Computing optimal clock node locations...
    : ...20% ...40% ...60% ...80% ...100% 
    Computing optimal clock node locations done. (took cpu=0:00:00.0 real=0:00:00.0)
    Initialize for clustering done. (took cpu=0:00:00.0 real=0:00:00.0)
    Bottom-up phase...
    Clustering bottom-up starting from leaves...
      Clustering clock_tree clk...
      Clustering clock_tree clk done.
    Clustering bottom-up starting from leaves done.
    Rebuilding the clock tree after clustering...
    Rebuilding the clock tree after clustering done.
    Clock DAG stats after bottom-up phase:
      cell counts      : b=1, i=0, icg=0, dcg=0, l=0, total=1
      sink counts      : regular=75, enable_latch=0, load_capacitance=0, antenna=0, node_sink=0, total=75
      misc counts      : r=1, pp=0, mci=0
      cell areas       : b=79.834um^2, i=0.000um^2, icg=0.000um^2, dcg=0.000um^2, l=0.000um^2, total=79.834um^2
      hp wire lengths  : top=0.000um, trunk=0.000um, leaf=183.120um, total=183.120um
    Clock DAG library cell distribution after bottom-up phase {count}:
       Bufs: CLKBUFX20: 1 
      flow.cputime  flow.realtime  timing.setup.tns  timing.setup.wns  snapshot
UM:*                                                                   after bottom-up phase
    Bottom-up phase done. (took cpu=0:00:00.1 real=0:00:00.1)
    Legalizing clock trees...
    Resynthesising clock tree into netlist...
      Reset timing graph...
Ignoring AAE DB Resetting ...
      Reset timing graph done.
    Resynthesising clock tree into netlist done.
    Commiting net attributes....
    Commiting net attributes. done.
    Leaving CCOpt scope - ClockRefiner...
    Performing a single pass refine place with checks partially disabled for clock sinks and datapath.
*** Starting refinePlace (0:00:58.9 mem=9887.1M) ***
Total net bbox length = 7.403e+03 (4.208e+03 3.195e+03) (ext = 1.569e+03)
Max route layer is changed from 127 to 6 because there is no routing track above this layer
Max route layer is changed from 127 to 6 because there is no routing track above this layer
Max route layer is changed from 127 to 6 because there is no routing track above this layer
Max route layer is changed from 127 to 6 because there is no routing track above this layer
Move report: Detail placement moves 1 insts, mean move: 5.04 um, max move: 5.04 um 
	Max move on inst (req_meta_q_reg[1]): (21.78, 30.24) --> (21.78, 35.28)
	Runtime: CPU: 0:00:00.0 REAL: 0:00:00.0 MEM: 9855.0MB
Summary Report:
Instances move: 1 (out of 231 movable)
Instances flipped: 0
Mean displacement: 5.04 um
Max displacement: 5.04 um (Instance: req_meta_q_reg[1]) (21.78, 30.24) -> (21.78, 35.28)
	Length: 16 sites, height: 1 rows, site name: tsm3site, cell type: DFFHQX1
Physical-only instances move: 0 (out of 0 movable physical-only)
Total net bbox length = 7.408e+03 (4.208e+03 3.201e+03) (ext = 1.573e+03)
Runtime: CPU: 0:00:00.0 REAL: 0:00:00.0 MEM: 9855.0MB
*** Finished refinePlace (0:00:59.0 mem=9855.0M) ***
    ClockRefiner summary
    All clock instances: Moved 1, flipped 1 and cell swapped 0 (out of a total of 76).
    All Clock instances: Average move = 5.04um
    The largest move was 5.04 um for req_meta_q_reg[1].
    Leaving CCOpt scope - ClockRefiner done. (took cpu=0:00:00.1 real=0:00:00.1)
    Disconnecting clock tree from netlist...
    Disconnecting clock tree from netlist done.
    Leaving CCOpt scope - Cleaning up placement interface...
    Leaving CCOpt scope - Cleaning up placement interface done. (took cpu=0:00:00.0 real=0:00:00.0)
    Leaving CCOpt scope - Initializing placement interface...
    Leaving CCOpt scope - Initializing placement interface done. (took cpu=0:00:00.0 real=0:00:00.0)
    Clock tree timing engine global stage delay update for corner_slow:setup.late...
    Clock tree timing engine global stage delay update for corner_slow:setup.late done. (took cpu=0:00:00.0 real=0:00:00.0)
    
    Clock tree legalization - Histogram:
    ====================================
    
    --------------------------------
    Movement (um)    Number of cells
    --------------------------------
      (empty table)
    --------------------------------
    
    
    Clock tree legalization - There are no Movements:
    =================================================
    
    ---------------------------------------------
    Movement (um)    Desired     Achieved    Node
                     location    location    
    ---------------------------------------------
      (empty table)
    ---------------------------------------------
    
    Legalizing clock trees done. (took cpu=0:00:00.1 real=0:00:00.1)
    Clock tree timing engine global stage delay update for corner_slow:setup.late...
    Clock tree timing engine global stage delay update for corner_slow:setup.late done. (took cpu=0:00:00.0 real=0:00:00.0)
    Clock DAG stats after 'Clustering':
      cell counts      : b=1, i=0, icg=0, dcg=0, l=0, total=1
      sink counts      : regular=75, enable_latch=0, load_capacitance=0, antenna=0, node_sink=0, total=75
      misc counts      : r=1, pp=0, mci=0
      cell areas       : b=79.834um^2, i=0.000um^2, icg=0.000um^2, dcg=0.000um^2, l=0.000um^2, total=79.834um^2
      cell capacitance : b=0.030pF, i=0.000pF, icg=0.000pF, dcg=0.000pF, l=0.000pF, total=0.030pF
      sink capacitance : total=0.214pF, avg=0.003pF, sd=0.000pF, min=0.003pF, max=0.003pF
      wire capacitance : top=0.000pF, trunk=0.008pF, leaf=0.093pF, total=0.101pF
      wire lengths     : top=0.000um, trunk=69.010um, leaf=702.520um, total=771.530um
      hp wire lengths  : top=0.000um, trunk=0.000um, leaf=183.120um, total=183.120um
    Clock DAG net violations after 'Clustering': none
    Clock DAG primary half-corner transition distribution after 'Clustering':
      Trunk : target=0.398ns count=1 avg=0.004ns sd=0.000ns min=0.004ns max=0.004ns {1 <= 0.239ns, 0 <= 0.318ns, 0 <= 0.358ns, 0 <= 0.378ns, 0 <= 0.398ns}
      Leaf  : target=0.398ns count=1 avg=0.149ns sd=0.000ns min=0.149ns max=0.149ns {1 <= 0.239ns, 0 <= 0.318ns, 0 <= 0.358ns, 0 <= 0.378ns, 0 <= 0.398ns}
    Clock DAG library cell distribution after 'Clustering' {count}:
       Bufs: CLKBUFX20: 1 
    Primary reporting skew groups after 'Clustering':
      skew_group clk/p8dgscr_constraints: insertion delay [min=0.170, max=0.178, avg=0.175, sd=0.002, skn=-0.197, kur=-1.273], skew [0.007 vs 0.171], 100% {0.170, 0.178} (wid=0.011 ws=0.007) (gid=0.167 gs=0.000)
    Skew group summary after 'Clustering':
      skew_group clk/p8dgscr_constraints: insertion delay [min=0.170, max=0.178, avg=0.175, sd=0.002, skn=-0.197, kur=-1.273], skew [0.007 vs 0.171], 100% {0.170, 0.178} (wid=0.011 ws=0.007) (gid=0.167 gs=0.000)
    Legalizer API calls during this step: 8 succeeded with high effort: 8 succeeded with medium effort: 0 succeeded with low effort: 0 succeeded with basic effort: 0 succeeded with basic unbounded effort: 0
  Clustering done. (took cpu=0:00:00.2 real=0:00:00.2)
  Looking for fanout violations...
  Looking for fanout violations done.
  Removing clustering added virtual delays...
    Resynthesising clock tree into netlist...
      Reset timing graph...
Ignoring AAE DB Resetting ...
      Reset timing graph done.
    Resynthesising clock tree into netlist done.
    Disconnecting clock tree from netlist...
    Disconnecting clock tree from netlist done.
  Removing clustering added virtual delays done.
  CongRepair After Initial Clustering...
  Reset timing graph...
Ignoring AAE DB Resetting ...
  Reset timing graph done.
  Leaving CCOpt scope - Early Global Route...
  Clock implementation routing...
Net route status summary:
  Clock:         2 (unrouted=2, trialRouted=0, noStatus=0, routed=0, fixed=0, [crossesIlmBoundary=0, tooFewTerms=0, (crossesIlmBoundary AND tooFewTerms=0)])
  Non-clock:   286 (unrouted=18, trialRouted=268, noStatus=0, routed=0, fixed=0, [crossesIlmBoundary=0, tooFewTerms=18, (crossesIlmBoundary AND tooFewTerms=0)])
    Routing using eGR only...
      Early Global Route - eGR only step...
(ccopt eGR): There are 2 nets to be routed. 0 nets have skip routing designation.
(ccopt eGR): There are 2 nets for routing of which 2 have one or more fixed wires.
(ccopt eGR): Start to route 2 all nets
[PSP]    Started Early Global Route ( Curr Mem: 9.18 MB )
Max route layer is changed from 127 to 6 because there is no routing track above this layer
Max route layer is changed from 127 to 6 because there is no routing track above this layer
[PSP]    Started Early Global Route kernel ( Curr Mem: 9.18 MB )
[NR-eGR] Read 270 nets ( ignored 268 )
[NR-eGR] There are 2 clock nets ( 2 with NDR ).
[NR-eGR] Layer group 1: route 2 net(s) in layer range [3, 4]
[NR-eGR] Early Global Route overflow of layer group 1: 0.00% H + 0.00% V. EstWL: 7.459200e+02um
[NR-eGR] Overflow after Early Global Route 0.00% H + 0.00% V
[NR-eGR] Total eGR-routed clock nets wire length: 753um, number of vias: 190
[NR-eGR] --------------------------------------------------------------------------
[NR-eGR] Report for selected net(s) only.
[NR-eGR]                 Length (um)  Vias 
[NR-eGR] ----------------------------------
[NR-eGR]  Metal1  (1H)             0    77 
[NR-eGR]  Metal2  (2V)           232    79 
[NR-eGR]  Metal3  (3H)           301    34 
[NR-eGR]  Metal4  (4V)           220     0 
[NR-eGR]  Metal5  (5H)             0     0 
[NR-eGR]  Metal6  (6V)             0     0 
[NR-eGR] ----------------------------------
[NR-eGR]          Total          753   190 
[NR-eGR] --------------------------------------------------------------------------
[NR-eGR] Total half perimeter of net bounding box: 252um
[NR-eGR] Total length: 753um, number of vias: 190
[NR-eGR] --------------------------------------------------------------------------
[NR-eGR] Total routed clock nets wire length: 753um, number of vias: 190
[NR-eGR] --------------------------------------------------------------------------
[NR-eGR]                 Length (um)  Vias 
[NR-eGR] ----------------------------------
[NR-eGR]  Metal1  (1H)             0   851 
[NR-eGR]  Metal2  (2V)          3353  1106 
[NR-eGR]  Metal3  (3H)          4646   101 
[NR-eGR]  Metal4  (4V)           629     0 
[NR-eGR]  Metal5  (5H)             0     0 
[NR-eGR]  Metal6  (6V)             0     0 
[NR-eGR] ----------------------------------
[NR-eGR]          Total         8628  2058 
[NR-eGR] --------------------------------------------------------------------------
[NR-eGR] Total half perimeter of net bounding box: 7408um
[NR-eGR] Total length: 8628um, number of vias: 2058
[NR-eGR] --------------------------------------------------------------------------
[NR-eGR] Finished Early Global Route kernel ( CPU: 0.03 sec, Real: 0.02 sec, Curr Mem: 9.21 MB )
[NR-eGR] Finished Early Global Route ( CPU: 0.03 sec, Real: 0.03 sec, Curr Mem: 9.21 MB )
      Early Global Route - eGR only step done. (took cpu=0:00:00.1 real=0:00:00.1)
    Routing using eGR only done.
Net route status summary:
  Clock:         2 (unrouted=0, trialRouted=0, noStatus=0, routed=2, fixed=0, [crossesIlmBoundary=0, tooFewTerms=0, (crossesIlmBoundary AND tooFewTerms=0)])
  Non-clock:   286 (unrouted=18, trialRouted=268, noStatus=0, routed=0, fixed=0, [crossesIlmBoundary=0, tooFewTerms=18, (crossesIlmBoundary AND tooFewTerms=0)])

CCOPT: Done with clock implementation routing.

  Clock implementation routing done.
  CCOpt: Starting congestion repair using flow wrapper...
    Congestion Repair...
*** IncrReplace #1 [begin] (CTS #1 / clock_opt_design #1) : totSession cpu/real = 0:00:59.1/0:01:25.4 (0.7), mem = 9887.1M
Info: Enable timing driven in postCTS congRepair.

*** Start incrementalPlace ***
Effort level <high> specified for tdgp_reg2reg_default path_group
No Views given, use default active views for adaptive view pruning
Active views:
  setup_view
Max route layer is changed from 127 to 6 because there is no routing track above this layer
Max route layer is changed from 127 to 6 because there is no routing track above this layer
[NR-eGR] Started Early Global Route kernel ( Curr Mem: 9.26 MB )
[NR-eGR] Read 270 nets ( ignored 2 )
[NR-eGR] Layer group 1: route 268 net(s) in layer range [2, 6]
[NR-eGR] Early Global Route overflow of layer group 1: 0.00% H + 0.00% V. EstWL: 7.549920e+03um
[NR-eGR] Overflow after Early Global Route 0.00% H + 0.00% V
[NR-eGR] Finished Early Global Route kernel ( CPU: 0.04 sec, Real: 0.03 sec, Curr Mem: 9.26 MB )
Early Global Route congestion estimation runtime: 0.03 seconds, mem = 9887.1M
Local HotSpot Analysis: normalized max congestion hotspot area = 0.00, normalized total congestion hotspot area = 0.00 (area is in unit of 4 std-cell row bins)

=== incrementalPlace Internal Loop 1 ===
      flow.cputime  flow.realtime  timing.setup.tns  timing.setup.wns  snapshot
UM:*                                                                   incrNP_iter_start
[spp] 0
AAE_INFO: opIsDesignInPostRouteState() is 0
#################################################################################
# Design Stage: PreRoute
# Design Name: aer_pending_direct_gray_sync_core_reset
# Design Mode: 180nm
# Analysis Mode: MMMC Non-OCV 
# Parasitics Mode: No SPEF/RCDB 
# Signoff Settings: SI Off 
#################################################################################
Extraction called for design 'aer_pending_direct_gray_sync_core_reset' of instances=231 and nets=288 using extraction engine 'preRoute' .
PreRoute RC Extraction called for design aer_pending_direct_gray_sync_core_reset.
RC Extraction called in multi-corner(1) mode.
RCMode: PreRoute
      RC Corner Indexes            0   
Capacitance Scaling Factor   : 1.00000 
Resistance Scaling Factor    : 1.00000 
Clock Cap. Scaling Factor    : 1.00000 
Clock Res. Scaling Factor    : 1.00000 
Shrink Factor                : 1.00000
Using capacitance table file ...
Updating RC Grid density data for preRoute extraction ...
Initializing multi-corner capacitance tables ... 
Initializing multi-corner resistance tables ...
PreRoute RC Extraction DONE (CPU Time: 0:00:00.0  Real Time: 0:00:00.0  MEM: 9885.043M)
Calculate delays in BcWc mode...
Start delay calculation (fullDC) (4 T). (MEM=2534.61)
Total number of fetched objects 286
AAE_INFO: Total number of nets for which stage creation was skipped for all views 0
End delay calculation. (MEM=2581.37 CPU=0:00:00.1 REAL=0:00:00.0)
End delay calculation (fullDC). (MEM=2581.37 CPU=0:00:00.2 REAL=0:00:00.0)
*** Finished SKP initialization (cpu=0:00:00.8, real=0:00:01.0)***
SKP will use view:
  setup_view
Iteration  6: Total net bbox = 6.873e+03 (4.06e+03 2.81e+03)
              Est.  stn bbox = 7.506e+03 (4.37e+03 3.14e+03)
              cpu = 0:00:00.3 real = 0:00:00.0 mem = 10104.6M
Iteration  7: Total net bbox = 7.538e+03 (4.38e+03 3.16e+03)
              Est.  stn bbox = 8.213e+03 (4.69e+03 3.52e+03)
              cpu = 0:00:01.0 real = 0:00:00.0 mem = 10104.6M
Iteration  8: Total net bbox = 7.309e+03 (4.28e+03 3.03e+03)
              Est.  stn bbox = 7.956e+03 (4.59e+03 3.37e+03)
              cpu = 0:00:00.3 real = 0:00:00.0 mem = 10136.6M
Move report: Timing Driven Placement moves 230 insts, mean move: 4.36 um, max move: 20.27 um 
	Max move on inst (g5880__8428): (114.18, 70.56) --> (98.96, 75.61)

Finished Incremental Placement (cpu=0:00:02.5, real=0:00:01.0, mem=10008.6M)
*** Starting refinePlace (0:01:02 mem=10008.6M) ***
Total net bbox length = 7.358e+03 (4.222e+03 3.136e+03) (ext = 1.585e+03)
Max route layer is changed from 127 to 6 because there is no routing track above this layer
Max route layer is changed from 127 to 6 because there is no routing track above this layer
Max route layer is changed from 127 to 6 because there is no routing track above this layer
Max route layer is changed from 127 to 6 because there is no routing track above this layer
Move report: Detail placement moves 230 insts, mean move: 0.21 um, max move: 0.52 um 
	Max move on inst (g5808): (75.43, 35.61) --> (75.24, 35.28)
	Runtime: CPU: 0:00:00.0 REAL: 0:00:00.0 MEM: 9976.6MB
Summary Report:
Instances move: 230 (out of 230 movable)
Instances flipped: 0
Mean displacement: 0.21 um
Max displacement: 0.52 um (Instance: g5808) (75.427, 35.614) -> (75.24, 35.28)
	Length: 2 sites, height: 1 rows, site name: tsm3site, cell type: INVX1
Physical-only instances move: 0 (out of 0 movable physical-only)
Total net bbox length = 7.378e+03 (4.220e+03 3.158e+03) (ext = 1.587e+03)
Runtime: CPU: 0:00:00.0 REAL: 0:00:00.0 MEM: 9976.6MB
*** Finished refinePlace (0:01:02 mem=9976.6M) ***
Max route layer is changed from 127 to 6 because there is no routing track above this layer
Max route layer is changed from 127 to 6 because there is no routing track above this layer
[NR-eGR] Read 270 nets ( ignored 2 )
[NR-eGR] Layer group 1: route 268 net(s) in layer range [2, 6]
[NR-eGR] Early Global Route overflow of layer group 1: 0.00% H + 0.00% V. EstWL: 7.408800e+03um
[NR-eGR] Overflow after Early Global Route 0.00% H + 0.00% V
[NR-eGR] Finished Early Global Route kernel ( CPU: 0.03 sec, Real: 0.02 sec, Curr Mem: 9.37 MB )
Early Global Route congestion estimation runtime: 0.03 seconds, mem = 9976.6M
Local HotSpot Analysis: normalized max congestion hotspot area = 0.00, normalized total congestion hotspot area = 0.00 (area is in unit of 4 std-cell row bins)
[NR-eGR] Total eGR-routed clock nets wire length: 0um, number of vias: 0
[NR-eGR] --------------------------------------------------------------------------
[NR-eGR]                 Length (um)  Vias 
[NR-eGR] ----------------------------------
[NR-eGR]  Metal1  (1H)             0   851 
[NR-eGR]  Metal2  (2V)          3092  1131 
[NR-eGR]  Metal3  (3H)          4584   126 
[NR-eGR]  Metal4  (4V)           743    12 
[NR-eGR]  Metal5  (5H)           143     4 
[NR-eGR]  Metal6  (6V)            25     0 
[NR-eGR] ----------------------------------
[NR-eGR]          Total         8587  2124 
[NR-eGR] --------------------------------------------------------------------------
[NR-eGR] Total half perimeter of net bounding box: 7378um
[NR-eGR] Total length: 8587um, number of vias: 2124
[NR-eGR] --------------------------------------------------------------------------
Max route layer is changed from 127 to 6 because there is no routing track above this layer
Early Global Route wiring runtime: 0.06 seconds, mem = 9999.1M

*** Finished incrementalPlace (cpu=0:00:02.9, real=0:00:01.0)***
*** IncrReplace #1 [finish] (CTS #1 / clock_opt_design #1) : cpu/real = 0:00:02.9/0:00:01.6 (1.9), totSession cpu/real = 0:01:02.0/0:01:27.0 (0.7), mem = 9887.1M
    Congestion Repair done. (took cpu=0:00:03.0 real=0:00:01.6)
  CCOpt: Starting congestion repair using flow wrapper done.
  Leaving CCOpt scope - Early Global Route done. (took cpu=0:00:03.1 real=0:00:01.7)
  Leaving CCOpt scope - extractRC...
  Updating RC parasitics by calling: "extractRC -noRouteCheck"...
Extraction called for design 'aer_pending_direct_gray_sync_core_reset' of instances=231 and nets=288 using extraction engine 'preRoute' .
PreRoute RC Extraction called for design aer_pending_direct_gray_sync_core_reset.
RC Extraction called in multi-corner(1) mode.
RCMode: PreRoute
      RC Corner Indexes            0   
Capacitance Scaling Factor   : 1.00000 
Resistance Scaling Factor    : 1.00000 
Clock Cap. Scaling Factor    : 1.00000 
Clock Res. Scaling Factor    : 1.00000 
Shrink Factor                : 1.00000
PreRoute extraction is honoring NDR/Shielding/ExtraSpace for clock nets.
Using capacitance table file ...
Updating RC Grid density data for preRoute extraction ...
Initializing multi-corner capacitance tables ... 
Initializing multi-corner resistance tables ...
PreRoute RC Extraction DONE (CPU Time: 0:00:00.0  Real Time: 0:00:00.0  MEM: 9887.051M)
  Updating RC parasitics by calling: "extractRC -noRouteCheck" done.
  Leaving CCOpt scope - extractRC done. (took cpu=0:00:00.0 real=0:00:00.0)
  Clock tree timing engine global stage delay update for corner_slow:setup.late...
  Clock tree timing engine global stage delay update for corner_slow:setup.late done. (took cpu=0:00:00.0 real=0:00:00.0)
  Clock DAG stats after clustering cong repair call:
    cell counts      : b=1, i=0, icg=0, dcg=0, l=0, total=1
    sink counts      : regular=75, enable_latch=0, load_capacitance=0, antenna=0, node_sink=0, total=75
    misc counts      : r=1, pp=0, mci=0
    cell areas       : b=79.834um^2, i=0.000um^2, icg=0.000um^2, dcg=0.000um^2, l=0.000um^2, total=79.834um^2
    cell capacitance : b=0.030pF, i=0.000pF, icg=0.000pF, dcg=0.000pF, l=0.000pF, total=0.030pF
    sink capacitance : total=0.214pF, avg=0.003pF, sd=0.000pF, min=0.003pF, max=0.003pF
    wire capacitance : top=0.000pF, trunk=0.008pF, leaf=0.087pF, total=0.095pF
    wire lengths     : top=0.000um, trunk=69.010um, leaf=640.019um, total=709.029um
    hp wire lengths  : top=0.000um, trunk=0.000um, leaf=180.480um, total=180.480um
  Clock DAG net violations after clustering cong repair call: none
  Clock DAG primary half-corner transition distribution after clustering cong repair call:
    Trunk : target=0.398ns count=1 avg=0.004ns sd=0.000ns min=0.004ns max=0.004ns {1 <= 0.239ns, 0 <= 0.318ns, 0 <= 0.358ns, 0 <= 0.378ns, 0 <= 0.398ns}
    Leaf  : target=0.398ns count=1 avg=0.148ns sd=0.000ns min=0.148ns max=0.148ns {1 <= 0.239ns, 0 <= 0.318ns, 0 <= 0.358ns, 0 <= 0.378ns, 0 <= 0.398ns}
  Clock DAG library cell distribution after clustering cong repair call {count}:
     Bufs: CLKBUFX20: 1 
  Primary reporting skew groups after clustering cong repair call:
    skew_group clk/p8dgscr_constraints: insertion delay [min=0.168, max=0.176, avg=0.173, sd=0.002, skn=-0.347, kur=0.439], skew [0.008 vs 0.171], 100% {0.168, 0.176} (wid=0.012 ws=0.008) (gid=0.164 gs=0.000)
  Skew group summary after clustering cong repair call:
    skew_group clk/p8dgscr_constraints: insertion delay [min=0.168, max=0.176, avg=0.173, sd=0.002, skn=-0.347, kur=0.439], skew [0.008 vs 0.171], 100% {0.168, 0.176} (wid=0.012 ws=0.008) (gid=0.164 gs=0.000)
  CongRepair After Initial Clustering done. (took cpu=0:00:03.2 real=0:00:01.8)
  Stage::Clustering done. (took cpu=0:00:03.4 real=0:00:02.0)
  Stage::DRV Fixing...
  Fixing clock tree slew time and max cap violations...
    Fixing clock tree overload: ...20% ...40% ...60% ...80% ...100% 
    Clock DAG stats after 'Fixing clock tree slew time and max cap violations':
      cell counts      : b=1, i=0, icg=0, dcg=0, l=0, total=1
      sink counts      : regular=75, enable_latch=0, load_capacitance=0, antenna=0, node_sink=0, total=75
      misc counts      : r=1, pp=0, mci=0
      cell areas       : b=79.834um^2, i=0.000um^2, icg=0.000um^2, dcg=0.000um^2, l=0.000um^2, total=79.834um^2
      cell capacitance : b=0.030pF, i=0.000pF, icg=0.000pF, dcg=0.000pF, l=0.000pF, total=0.030pF
      sink capacitance : total=0.214pF, avg=0.003pF, sd=0.000pF, min=0.003pF, max=0.003pF
      wire capacitance : top=0.000pF, trunk=0.008pF, leaf=0.087pF, total=0.095pF
      wire lengths     : top=0.000um, trunk=69.010um, leaf=640.019um, total=709.029um
      hp wire lengths  : top=0.000um, trunk=0.000um, leaf=180.480um, total=180.480um
    Clock DAG net violations after 'Fixing clock tree slew time and max cap violations': none
    Clock DAG primary half-corner transition distribution after 'Fixing clock tree slew time and max cap violations':
      Trunk : target=0.398ns count=1 avg=0.004ns sd=0.000ns min=0.004ns max=0.004ns {1 <= 0.239ns, 0 <= 0.318ns, 0 <= 0.358ns, 0 <= 0.378ns, 0 <= 0.398ns}
      Leaf  : target=0.398ns count=1 avg=0.148ns sd=0.000ns min=0.148ns max=0.148ns {1 <= 0.239ns, 0 <= 0.318ns, 0 <= 0.358ns, 0 <= 0.378ns, 0 <= 0.398ns}
    Clock DAG library cell distribution after 'Fixing clock tree slew time and max cap violations' {count}:
       Bufs: CLKBUFX20: 1 
    Primary reporting skew groups after 'Fixing clock tree slew time and max cap violations':
      skew_group clk/p8dgscr_constraints: insertion delay [min=0.168, max=0.176], skew [0.008 vs 0.171]
    Skew group summary after 'Fixing clock tree slew time and max cap violations':
      skew_group clk/p8dgscr_constraints: insertion delay [min=0.168, max=0.176], skew [0.008 vs 0.171]
    Legalizer API calls during this step: 0 succeeded with high effort: 0 succeeded with medium effort: 0 succeeded with low effort: 0 succeeded with basic effort: 0 succeeded with basic unbounded effort: 0
  Fixing clock tree slew time and max cap violations done. (took cpu=0:00:00.0 real=0:00:00.0)
  Fixing clock tree slew time and max cap violations - detailed pass...
    Fixing clock tree overload: ...20% ...40% ...60% ...80% ...100% 
    Clock DAG stats after 'Fixing clock tree slew time and max cap violations - detailed pass':
      cell counts      : b=1, i=0, icg=0, dcg=0, l=0, total=1
      sink counts      : regular=75, enable_latch=0, load_capacitance=0, antenna=0, node_sink=0, total=75
      misc counts      : r=1, pp=0, mci=0
      cell areas       : b=79.834um^2, i=0.000um^2, icg=0.000um^2, dcg=0.000um^2, l=0.000um^2, total=79.834um^2
      cell capacitance : b=0.030pF, i=0.000pF, icg=0.000pF, dcg=0.000pF, l=0.000pF, total=0.030pF
      sink capacitance : total=0.214pF, avg=0.003pF, sd=0.000pF, min=0.003pF, max=0.003pF
      wire capacitance : top=0.000pF, trunk=0.008pF, leaf=0.087pF, total=0.095pF
      wire lengths     : top=0.000um, trunk=69.010um, leaf=640.019um, total=709.029um
      hp wire lengths  : top=0.000um, trunk=0.000um, leaf=180.480um, total=180.480um
    Clock DAG net violations after 'Fixing clock tree slew time and max cap violations - detailed pass': none
    Clock DAG primary half-corner transition distribution after 'Fixing clock tree slew time and max cap violations - detailed pass':
      Trunk : target=0.398ns count=1 avg=0.004ns sd=0.000ns min=0.004ns max=0.004ns {1 <= 0.239ns, 0 <= 0.318ns, 0 <= 0.358ns, 0 <= 0.378ns, 0 <= 0.398ns}
      Leaf  : target=0.398ns count=1 avg=0.148ns sd=0.000ns min=0.148ns max=0.148ns {1 <= 0.239ns, 0 <= 0.318ns, 0 <= 0.358ns, 0 <= 0.378ns, 0 <= 0.398ns}
    Clock DAG library cell distribution after 'Fixing clock tree slew time and max cap violations - detailed pass' {count}:
       Bufs: CLKBUFX20: 1 
    Primary reporting skew groups after 'Fixing clock tree slew time and max cap violations - detailed pass':
      skew_group clk/p8dgscr_constraints: insertion delay [min=0.168, max=0.176, avg=0.173, sd=0.002, skn=-0.347, kur=0.439], skew [0.008 vs 0.171], 100% {0.168, 0.176} (wid=0.012 ws=0.008) (gid=0.164 gs=0.000)
    Skew group summary after 'Fixing clock tree slew time and max cap violations - detailed pass':
      skew_group clk/p8dgscr_constraints: insertion delay [min=0.168, max=0.176, avg=0.173, sd=0.002, skn=-0.347, kur=0.439], skew [0.008 vs 0.171], 100% {0.168, 0.176} (wid=0.012 ws=0.008) (gid=0.164 gs=0.000)
    Legalizer API calls during this step: 0 succeeded with high effort: 0 succeeded with medium effort: 0 succeeded with low effort: 0 succeeded with basic effort: 0 succeeded with basic unbounded effort: 0
  Fixing clock tree slew time and max cap violations - detailed pass done. (took cpu=0:00:00.0 real=0:00:00.0)
  Stage::DRV Fixing done. (took cpu=0:00:00.0 real=0:00:00.0)
  Stage::Insertion Delay Reduction...
  Removing unnecessary root buffering...
    Clock DAG stats after 'Removing unnecessary root buffering':
      cell counts      : b=1, i=0, icg=0, dcg=0, l=0, total=1
      sink counts      : regular=75, enable_latch=0, load_capacitance=0, antenna=0, node_sink=0, total=75
      misc counts      : r=1, pp=0, mci=0
      cell areas       : b=79.834um^2, i=0.000um^2, icg=0.000um^2, dcg=0.000um^2, l=0.000um^2, total=79.834um^2
      cell capacitance : b=0.030pF, i=0.000pF, icg=0.000pF, dcg=0.000pF, l=0.000pF, total=0.030pF
      sink capacitance : total=0.214pF, avg=0.003pF, sd=0.000pF, min=0.003pF, max=0.003pF
      wire capacitance : top=0.000pF, trunk=0.008pF, leaf=0.087pF, total=0.095pF
      wire lengths     : top=0.000um, trunk=69.010um, leaf=640.019um, total=709.029um
      hp wire lengths  : top=0.000um, trunk=0.000um, leaf=180.480um, total=180.480um
    Clock DAG net violations after 'Removing unnecessary root buffering': none
    Clock DAG primary half-corner transition distribution after 'Removing unnecessary root buffering':
      Trunk : target=0.398ns count=1 avg=0.004ns sd=0.000ns min=0.004ns max=0.004ns {1 <= 0.239ns, 0 <= 0.318ns, 0 <= 0.358ns, 0 <= 0.378ns, 0 <= 0.398ns}
      Leaf  : target=0.398ns count=1 avg=0.148ns sd=0.000ns min=0.148ns max=0.148ns {1 <= 0.239ns, 0 <= 0.318ns, 0 <= 0.358ns, 0 <= 0.378ns, 0 <= 0.398ns}
    Clock DAG library cell distribution after 'Removing unnecessary root buffering' {count}:
       Bufs: CLKBUFX20: 1 
    Primary reporting skew groups after 'Removing unnecessary root buffering':
      skew_group clk/p8dgscr_constraints: insertion delay [min=0.168, max=0.176], skew [0.008 vs 0.171]
    Skew group summary after 'Removing unnecessary root buffering':
      skew_group clk/p8dgscr_constraints: insertion delay [min=0.168, max=0.176], skew [0.008 vs 0.171]
    Legalizer API calls during this step: 0 succeeded with high effort: 0 succeeded with medium effort: 0 succeeded with low effort: 0 succeeded with basic effort: 0 succeeded with basic unbounded effort: 0
  Removing unnecessary root buffering done. (took cpu=0:00:00.0 real=0:00:00.0)
  Removing unconstrained drivers...
    Clock DAG stats after 'Removing unconstrained drivers':
      cell counts      : b=1, i=0, icg=0, dcg=0, l=0, total=1
      sink counts      : regular=75, enable_latch=0, load_capacitance=0, antenna=0, node_sink=0, total=75
      misc counts      : r=1, pp=0, mci=0
      cell areas       : b=79.834um^2, i=0.000um^2, icg=0.000um^2, dcg=0.000um^2, l=0.000um^2, total=79.834um^2
      cell capacitance : b=0.030pF, i=0.000pF, icg=0.000pF, dcg=0.000pF, l=0.000pF, total=0.030pF
      sink capacitance : total=0.214pF, avg=0.003pF, sd=0.000pF, min=0.003pF, max=0.003pF
      wire capacitance : top=0.000pF, trunk=0.008pF, leaf=0.087pF, total=0.095pF
      wire lengths     : top=0.000um, trunk=69.010um, leaf=640.019um, total=709.029um
      hp wire lengths  : top=0.000um, trunk=0.000um, leaf=180.480um, total=180.480um
    Clock DAG net violations after 'Removing unconstrained drivers': none
    Clock DAG primary half-corner transition distribution after 'Removing unconstrained drivers':
      Trunk : target=0.398ns count=1 avg=0.004ns sd=0.000ns min=0.004ns max=0.004ns {1 <= 0.239ns, 0 <= 0.318ns, 0 <= 0.358ns, 0 <= 0.378ns, 0 <= 0.398ns}
      Leaf  : target=0.398ns count=1 avg=0.148ns sd=0.000ns min=0.148ns max=0.148ns {1 <= 0.239ns, 0 <= 0.318ns, 0 <= 0.358ns, 0 <= 0.378ns, 0 <= 0.398ns}
    Clock DAG library cell distribution after 'Removing unconstrained drivers' {count}:
       Bufs: CLKBUFX20: 1 
    Primary reporting skew groups after 'Removing unconstrained drivers':
      skew_group clk/p8dgscr_constraints: insertion delay [min=0.168, max=0.176], skew [0.008 vs 0.171]
    Skew group summary after 'Removing unconstrained drivers':
      skew_group clk/p8dgscr_constraints: insertion delay [min=0.168, max=0.176], skew [0.008 vs 0.171]
    Legalizer API calls during this step: 0 succeeded with high effort: 0 succeeded with medium effort: 0 succeeded with low effort: 0 succeeded with basic effort: 0 succeeded with basic unbounded effort: 0
  Removing unconstrained drivers done. (took cpu=0:00:00.0 real=0:00:00.0)
  Reducing insertion delay 1...
    Clock DAG stats after 'Reducing insertion delay 1':
      cell counts      : b=1, i=0, icg=0, dcg=0, l=0, total=1
      sink counts      : regular=75, enable_latch=0, load_capacitance=0, antenna=0, node_sink=0, total=75
      misc counts      : r=1, pp=0, mci=0
      cell areas       : b=79.834um^2, i=0.000um^2, icg=0.000um^2, dcg=0.000um^2, l=0.000um^2, total=79.834um^2
      cell capacitance : b=0.030pF, i=0.000pF, icg=0.000pF, dcg=0.000pF, l=0.000pF, total=0.030pF
      sink capacitance : total=0.214pF, avg=0.003pF, sd=0.000pF, min=0.003pF, max=0.003pF
      wire capacitance : top=0.000pF, trunk=0.008pF, leaf=0.087pF, total=0.095pF
      wire lengths     : top=0.000um, trunk=69.010um, leaf=640.019um, total=709.029um
      hp wire lengths  : top=0.000um, trunk=0.000um, leaf=180.480um, total=180.480um
    Clock DAG net violations after 'Reducing insertion delay 1': none
    Clock DAG primary half-corner transition distribution after 'Reducing insertion delay 1':
      Trunk : target=0.398ns count=1 avg=0.004ns sd=0.000ns min=0.004ns max=0.004ns {1 <= 0.239ns, 0 <= 0.318ns, 0 <= 0.358ns, 0 <= 0.378ns, 0 <= 0.398ns}
      Leaf  : target=0.398ns count=1 avg=0.148ns sd=0.000ns min=0.148ns max=0.148ns {1 <= 0.239ns, 0 <= 0.318ns, 0 <= 0.358ns, 0 <= 0.378ns, 0 <= 0.398ns}
    Clock DAG library cell distribution after 'Reducing insertion delay 1' {count}:
       Bufs: CLKBUFX20: 1 
    Primary reporting skew groups after 'Reducing insertion delay 1':
      skew_group clk/p8dgscr_constraints: insertion delay [min=0.168, max=0.176], skew [0.008 vs 0.171]
    Skew group summary after 'Reducing insertion delay 1':
      skew_group clk/p8dgscr_constraints: insertion delay [min=0.168, max=0.176], skew [0.008 vs 0.171]
    Legalizer API calls during this step: 7 succeeded with high effort: 7 succeeded with medium effort: 0 succeeded with low effort: 0 succeeded with basic effort: 0 succeeded with basic unbounded effort: 0
  Reducing insertion delay 1 done. (took cpu=0:00:00.0 real=0:00:00.0)
  Removing longest path buffering...
    Clock DAG stats after 'Removing longest path buffering':
      cell counts      : b=1, i=0, icg=0, dcg=0, l=0, total=1
      sink counts      : regular=75, enable_latch=0, load_capacitance=0, antenna=0, node_sink=0, total=75
      misc counts      : r=1, pp=0, mci=0
      cell areas       : b=79.834um^2, i=0.000um^2, icg=0.000um^2, dcg=0.000um^2, l=0.000um^2, total=79.834um^2
      cell capacitance : b=0.030pF, i=0.000pF, icg=0.000pF, dcg=0.000pF, l=0.000pF, total=0.030pF
      sink capacitance : total=0.214pF, avg=0.003pF, sd=0.000pF, min=0.003pF, max=0.003pF
      wire capacitance : top=0.000pF, trunk=0.008pF, leaf=0.087pF, total=0.095pF
      wire lengths     : top=0.000um, trunk=69.010um, leaf=640.019um, total=709.029um
      hp wire lengths  : top=0.000um, trunk=0.000um, leaf=180.480um, total=180.480um
    Clock DAG net violations after 'Removing longest path buffering': none
    Clock DAG primary half-corner transition distribution after 'Removing longest path buffering':
      Trunk : target=0.398ns count=1 avg=0.004ns sd=0.000ns min=0.004ns max=0.004ns {1 <= 0.239ns, 0 <= 0.318ns, 0 <= 0.358ns, 0 <= 0.378ns, 0 <= 0.398ns}
      Leaf  : target=0.398ns count=1 avg=0.148ns sd=0.000ns min=0.148ns max=0.148ns {1 <= 0.239ns, 0 <= 0.318ns, 0 <= 0.358ns, 0 <= 0.378ns, 0 <= 0.398ns}
    Clock DAG library cell distribution after 'Removing longest path buffering' {count}:
       Bufs: CLKBUFX20: 1 
    Primary reporting skew groups after 'Removing longest path buffering':
      skew_group clk/p8dgscr_constraints: insertion delay [min=0.168, max=0.176], skew [0.008 vs 0.171]
    Skew group summary after 'Removing longest path buffering':
      skew_group clk/p8dgscr_constraints: insertion delay [min=0.168, max=0.176], skew [0.008 vs 0.171]
    Legalizer API calls during this step: 0 succeeded with high effort: 0 succeeded with medium effort: 0 succeeded with low effort: 0 succeeded with basic effort: 0 succeeded with basic unbounded effort: 0
  Removing longest path buffering done. (took cpu=0:00:00.0 real=0:00:00.0)
  Reducing delay of long paths...
    Clock DAG stats after 'Reducing delay of long paths':
      cell counts      : b=1, i=0, icg=0, dcg=0, l=0, total=1
      sink counts      : regular=75, enable_latch=0, load_capacitance=0, antenna=0, node_sink=0, total=75
      misc counts      : r=1, pp=0, mci=0
      cell areas       : b=79.834um^2, i=0.000um^2, icg=0.000um^2, dcg=0.000um^2, l=0.000um^2, total=79.834um^2
      cell capacitance : b=0.030pF, i=0.000pF, icg=0.000pF, dcg=0.000pF, l=0.000pF, total=0.030pF
      sink capacitance : total=0.214pF, avg=0.003pF, sd=0.000pF, min=0.003pF, max=0.003pF
      wire capacitance : top=0.000pF, trunk=0.008pF, leaf=0.087pF, total=0.095pF
      wire lengths     : top=0.000um, trunk=69.010um, leaf=640.019um, total=709.029um
      hp wire lengths  : top=0.000um, trunk=0.000um, leaf=180.480um, total=180.480um
    Clock DAG net violations after 'Reducing delay of long paths': none
    Clock DAG primary half-corner transition distribution after 'Reducing delay of long paths':
      Trunk : target=0.398ns count=1 avg=0.004ns sd=0.000ns min=0.004ns max=0.004ns {1 <= 0.239ns, 0 <= 0.318ns, 0 <= 0.358ns, 0 <= 0.378ns, 0 <= 0.398ns}
      Leaf  : target=0.398ns count=1 avg=0.148ns sd=0.000ns min=0.148ns max=0.148ns {1 <= 0.239ns, 0 <= 0.318ns, 0 <= 0.358ns, 0 <= 0.378ns, 0 <= 0.398ns}
    Clock DAG library cell distribution after 'Reducing delay of long paths' {count}:
       Bufs: CLKBUFX20: 1 
    Primary reporting skew groups after 'Reducing delay of long paths':
      skew_group clk/p8dgscr_constraints: insertion delay [min=0.168, max=0.176, avg=0.173, sd=0.002, skn=-0.347, kur=0.439], skew [0.008 vs 0.171], 100% {0.168, 0.176} (wid=0.012 ws=0.008) (gid=0.164 gs=0.000)
    Skew group summary after 'Reducing delay of long paths':
      skew_group clk/p8dgscr_constraints: insertion delay [min=0.168, max=0.176, avg=0.173, sd=0.002, skn=-0.347, kur=0.439], skew [0.008 vs 0.171], 100% {0.168, 0.176} (wid=0.012 ws=0.008) (gid=0.164 gs=0.000)
    Legalizer API calls during this step: 0 succeeded with high effort: 0 succeeded with medium effort: 0 succeeded with low effort: 0 succeeded with basic effort: 0 succeeded with basic unbounded effort: 0
  Reducing delay of long paths done. (took cpu=0:00:00.0 real=0:00:00.0)
  Stage::Insertion Delay Reduction done. (took cpu=0:00:00.0 real=0:00:00.0)
  CCOpt::Phase::Construction done. (took cpu=0:00:03.5 real=0:00:02.0)
  CCOpt::Phase::Implementation...
  Stage::Reducing Power...
  Improving clock tree routing...
    Iteration 1...
    Iteration 1 done.
    Clock DAG stats after 'Improving clock tree routing':
      cell counts      : b=1, i=0, icg=0, dcg=0, l=0, total=1
      sink counts      : regular=75, enable_latch=0, load_capacitance=0, antenna=0, node_sink=0, total=75
      misc counts      : r=1, pp=0, mci=0
      cell areas       : b=79.834um^2, i=0.000um^2, icg=0.000um^2, dcg=0.000um^2, l=0.000um^2, total=79.834um^2
      cell capacitance : b=0.030pF, i=0.000pF, icg=0.000pF, dcg=0.000pF, l=0.000pF, total=0.030pF
      sink capacitance : total=0.214pF, avg=0.003pF, sd=0.000pF, min=0.003pF, max=0.003pF
      wire capacitance : top=0.000pF, trunk=0.008pF, leaf=0.087pF, total=0.095pF
      wire lengths     : top=0.000um, trunk=69.010um, leaf=640.019um, total=709.029um
      hp wire lengths  : top=0.000um, trunk=0.000um, leaf=180.480um, total=180.480um
    Clock DAG net violations after 'Improving clock tree routing': none
    Clock DAG primary half-corner transition distribution after 'Improving clock tree routing':
      Trunk : target=0.398ns count=1 avg=0.004ns sd=0.000ns min=0.004ns max=0.004ns {1 <= 0.239ns, 0 <= 0.318ns, 0 <= 0.358ns, 0 <= 0.378ns, 0 <= 0.398ns}
      Leaf  : target=0.398ns count=1 avg=0.148ns sd=0.000ns min=0.148ns max=0.148ns {1 <= 0.239ns, 0 <= 0.318ns, 0 <= 0.358ns, 0 <= 0.378ns, 0 <= 0.398ns}
    Clock DAG library cell distribution after 'Improving clock tree routing' {count}:
       Bufs: CLKBUFX20: 1 
    Primary reporting skew groups after 'Improving clock tree routing':
      skew_group clk/p8dgscr_constraints: insertion delay [min=0.168, max=0.176], skew [0.008 vs 0.171]
    Skew group summary after 'Improving clock tree routing':
      skew_group clk/p8dgscr_constraints: insertion delay [min=0.168, max=0.176], skew [0.008 vs 0.171]
    Legalizer API calls during this step: 0 succeeded with high effort: 0 succeeded with medium effort: 0 succeeded with low effort: 0 succeeded with basic effort: 0 succeeded with basic unbounded effort: 0
  Improving clock tree routing done. (took cpu=0:00:00.0 real=0:00:00.0)
  Reducing clock tree power 1...
    Resizing gates: 
    ...20% ..Legalizing clock trees...
    Legalizing clock trees done. (took cpu=0:00:00.0 real=0:00:00.0)
    .40% ...60% ...80% ...100% 
    Clock DAG stats after 'Reducing clock tree power 1':
      cell counts      : b=1, i=0, icg=0, dcg=0, l=0, total=1
      sink counts      : regular=75, enable_latch=0, load_capacitance=0, antenna=0, node_sink=0, total=75
      misc counts      : r=1, pp=0, mci=0
      cell areas       : b=79.834um^2, i=0.000um^2, icg=0.000um^2, dcg=0.000um^2, l=0.000um^2, total=79.834um^2
      cell capacitance : b=0.030pF, i=0.000pF, icg=0.000pF, dcg=0.000pF, l=0.000pF, total=0.030pF
      sink capacitance : total=0.214pF, avg=0.003pF, sd=0.000pF, min=0.003pF, max=0.003pF
      wire capacitance : top=0.000pF, trunk=0.008pF, leaf=0.087pF, total=0.095pF
      wire lengths     : top=0.000um, trunk=69.010um, leaf=640.019um, total=709.029um
      hp wire lengths  : top=0.000um, trunk=0.000um, leaf=180.480um, total=180.480um
    Clock DAG net violations after 'Reducing clock tree power 1': none
    Clock DAG primary half-corner transition distribution after 'Reducing clock tree power 1':
      Trunk : target=0.398ns count=1 avg=0.004ns sd=0.000ns min=0.004ns max=0.004ns {1 <= 0.239ns, 0 <= 0.318ns, 0 <= 0.358ns, 0 <= 0.378ns, 0 <= 0.398ns}
      Leaf  : target=0.398ns count=1 avg=0.148ns sd=0.000ns min=0.148ns max=0.148ns {1 <= 0.239ns, 0 <= 0.318ns, 0 <= 0.358ns, 0 <= 0.378ns, 0 <= 0.398ns}
    Clock DAG library cell distribution after 'Reducing clock tree power 1' {count}:
       Bufs: CLKBUFX20: 1 
    Primary reporting skew groups after 'Reducing clock tree power 1':
      skew_group clk/p8dgscr_constraints: insertion delay [min=0.168, max=0.176], skew [0.008 vs 0.171]
    Skew group summary after 'Reducing clock tree power 1':
      skew_group clk/p8dgscr_constraints: insertion delay [min=0.168, max=0.176], skew [0.008 vs 0.171]
    Legalizer API calls during this step: 2 succeeded with high effort: 2 succeeded with medium effort: 0 succeeded with low effort: 0 succeeded with basic effort: 0 succeeded with basic unbounded effort: 0
  Reducing clock tree power 1 done. (took cpu=0:00:00.0 real=0:00:00.0)
  Reducing clock tree power 2...
    Clock DAG stats after 'Reducing clock tree power 2':
      cell counts      : b=1, i=0, icg=0, dcg=0, l=0, total=1
      sink counts      : regular=75, enable_latch=0, load_capacitance=0, antenna=0, node_sink=0, total=75
      misc counts      : r=1, pp=0, mci=0
      cell areas       : b=79.834um^2, i=0.000um^2, icg=0.000um^2, dcg=0.000um^2, l=0.000um^2, total=79.834um^2
      cell capacitance : b=0.030pF, i=0.000pF, icg=0.000pF, dcg=0.000pF, l=0.000pF, total=0.030pF
      sink capacitance : total=0.214pF, avg=0.003pF, sd=0.000pF, min=0.003pF, max=0.003pF
      wire capacitance : top=0.000pF, trunk=0.008pF, leaf=0.087pF, total=0.095pF
      wire lengths     : top=0.000um, trunk=69.010um, leaf=640.019um, total=709.029um
      hp wire lengths  : top=0.000um, trunk=0.000um, leaf=180.480um, total=180.480um
    Clock DAG net violations after 'Reducing clock tree power 2': none
    Clock DAG primary half-corner transition distribution after 'Reducing clock tree power 2':
      Trunk : target=0.398ns count=1 avg=0.004ns sd=0.000ns min=0.004ns max=0.004ns {1 <= 0.239ns, 0 <= 0.318ns, 0 <= 0.358ns, 0 <= 0.378ns, 0 <= 0.398ns}
      Leaf  : target=0.398ns count=1 avg=0.148ns sd=0.000ns min=0.148ns max=0.148ns {1 <= 0.239ns, 0 <= 0.318ns, 0 <= 0.358ns, 0 <= 0.378ns, 0 <= 0.398ns}
    Clock DAG library cell distribution after 'Reducing clock tree power 2' {count}:
       Bufs: CLKBUFX20: 1 
    Primary reporting skew groups after 'Reducing clock tree power 2':
      skew_group clk/p8dgscr_constraints: insertion delay [min=0.168, max=0.176, avg=0.173, sd=0.002, skn=-0.347, kur=0.439], skew [0.008 vs 0.171], 100% {0.168, 0.176} (wid=0.012 ws=0.008) (gid=0.164 gs=0.000)
    Skew group summary after 'Reducing clock tree power 2':
      skew_group clk/p8dgscr_constraints: insertion delay [min=0.168, max=0.176, avg=0.173, sd=0.002, skn=-0.347, kur=0.439], skew [0.008 vs 0.171], 100% {0.168, 0.176} (wid=0.012 ws=0.008) (gid=0.164 gs=0.000)
    Legalizer API calls during this step: 0 succeeded with high effort: 0 succeeded with medium effort: 0 succeeded with low effort: 0 succeeded with basic effort: 0 succeeded with basic unbounded effort: 0
  Reducing clock tree power 2 done. (took cpu=0:00:00.0 real=0:00:00.0)
  Stage::Reducing Power done. (took cpu=0:00:00.0 real=0:00:00.0)
  Stage::Balancing...
  Improving subtree skew...
    Clock DAG stats after 'Improving subtree skew':
      cell counts      : b=1, i=0, icg=0, dcg=0, l=0, total=1
      sink counts      : regular=75, enable_latch=0, load_capacitance=0, antenna=0, node_sink=0, total=75
      misc counts      : r=1, pp=0, mci=0
      cell areas       : b=79.834um^2, i=0.000um^2, icg=0.000um^2, dcg=0.000um^2, l=0.000um^2, total=79.834um^2
      cell capacitance : b=0.030pF, i=0.000pF, icg=0.000pF, dcg=0.000pF, l=0.000pF, total=0.030pF
      sink capacitance : total=0.214pF, avg=0.003pF, sd=0.000pF, min=0.003pF, max=0.003pF
      wire capacitance : top=0.000pF, trunk=0.008pF, leaf=0.087pF, total=0.095pF
      wire lengths     : top=0.000um, trunk=69.010um, leaf=640.019um, total=709.029um
      hp wire lengths  : top=0.000um, trunk=0.000um, leaf=180.480um, total=180.480um
    Clock DAG net violations after 'Improving subtree skew': none
    Clock DAG primary half-corner transition distribution after 'Improving subtree skew':
      Trunk : target=0.398ns count=1 avg=0.004ns sd=0.000ns min=0.004ns max=0.004ns {1 <= 0.239ns, 0 <= 0.318ns, 0 <= 0.358ns, 0 <= 0.378ns, 0 <= 0.398ns}
      Leaf  : target=0.398ns count=1 avg=0.148ns sd=0.000ns min=0.148ns max=0.148ns {1 <= 0.239ns, 0 <= 0.318ns, 0 <= 0.358ns, 0 <= 0.378ns, 0 <= 0.398ns}
    Clock DAG library cell distribution after 'Improving subtree skew' {count}:
       Bufs: CLKBUFX20: 1 
    Primary reporting skew groups after 'Improving subtree skew':
      skew_group clk/p8dgscr_constraints: insertion delay [min=0.168, max=0.176, avg=0.173, sd=0.002, skn=-0.347, kur=0.439], skew [0.008 vs 0.171], 100% {0.168, 0.176} (wid=0.012 ws=0.008) (gid=0.164 gs=0.000)
    Skew group summary after 'Improving subtree skew':
      skew_group clk/p8dgscr_constraints: insertion delay [min=0.168, max=0.176, avg=0.173, sd=0.002, skn=-0.347, kur=0.439], skew [0.008 vs 0.171], 100% {0.168, 0.176} (wid=0.012 ws=0.008) (gid=0.164 gs=0.000)
    Legalizer API calls during this step: 0 succeeded with high effort: 0 succeeded with medium effort: 0 succeeded with low effort: 0 succeeded with basic effort: 0 succeeded with basic unbounded effort: 0
  Improving subtree skew done. (took cpu=0:00:00.0 real=0:00:00.0)
  Offloading subtrees by buffering...
    Clock DAG stats after 'Offloading subtrees by buffering':
      cell counts      : b=1, i=0, icg=0, dcg=0, l=0, total=1
      sink counts      : regular=75, enable_latch=0, load_capacitance=0, antenna=0, node_sink=0, total=75
      misc counts      : r=1, pp=0, mci=0
      cell areas       : b=79.834um^2, i=0.000um^2, icg=0.000um^2, dcg=0.000um^2, l=0.000um^2, total=79.834um^2
      cell capacitance : b=0.030pF, i=0.000pF, icg=0.000pF, dcg=0.000pF, l=0.000pF, total=0.030pF
      sink capacitance : total=0.214pF, avg=0.003pF, sd=0.000pF, min=0.003pF, max=0.003pF
      wire capacitance : top=0.000pF, trunk=0.008pF, leaf=0.087pF, total=0.095pF
      wire lengths     : top=0.000um, trunk=69.010um, leaf=640.019um, total=709.029um
      hp wire lengths  : top=0.000um, trunk=0.000um, leaf=180.480um, total=180.480um
    Clock DAG net violations after 'Offloading subtrees by buffering': none
    Clock DAG primary half-corner transition distribution after 'Offloading subtrees by buffering':
      Trunk : target=0.398ns count=1 avg=0.004ns sd=0.000ns min=0.004ns max=0.004ns {1 <= 0.239ns, 0 <= 0.318ns, 0 <= 0.358ns, 0 <= 0.378ns, 0 <= 0.398ns}
      Leaf  : target=0.398ns count=1 avg=0.148ns sd=0.000ns min=0.148ns max=0.148ns {1 <= 0.239ns, 0 <= 0.318ns, 0 <= 0.358ns, 0 <= 0.378ns, 0 <= 0.398ns}
    Clock DAG library cell distribution after 'Offloading subtrees by buffering' {count}:
       Bufs: CLKBUFX20: 1 
    Primary reporting skew groups after 'Offloading subtrees by buffering':
      skew_group clk/p8dgscr_constraints: insertion delay [min=0.168, max=0.176, avg=0.173, sd=0.002, skn=-0.347, kur=0.439], skew [0.008 vs 0.171], 100% {0.168, 0.176} (wid=0.012 ws=0.008) (gid=0.164 gs=0.000)
    Skew group summary after 'Offloading subtrees by buffering':
      skew_group clk/p8dgscr_constraints: insertion delay [min=0.168, max=0.176, avg=0.173, sd=0.002, skn=-0.347, kur=0.439], skew [0.008 vs 0.171], 100% {0.168, 0.176} (wid=0.012 ws=0.008) (gid=0.164 gs=0.000)
    Legalizer API calls during this step: 0 succeeded with high effort: 0 succeeded with medium effort: 0 succeeded with low effort: 0 succeeded with basic effort: 0 succeeded with basic unbounded effort: 0
  Offloading subtrees by buffering done. (took cpu=0:00:00.0 real=0:00:00.0)
  AdjustingMinPinPIDs for balancing...
    Approximately balancing fragments step...
      Resolve constraints - Approximately balancing fragments...
      Resolving skew group constraints...
        Solving LP: 1 skew groups; 2 fragments, 2 fraglets and 3 vertices; 12 variables and 27 constraints; tolerance 1
      Resolving skew group constraints done.
      Resolve constraints - Approximately balancing fragments done. (took cpu=0:00:00.0 real=0:00:00.0)
      Estimate delay to be added in balancing - Approximately balancing fragments...
      Trial balancer estimated the amount of delay to be added in balancing: 0.000ns
      Estimate delay to be added in balancing - Approximately balancing fragments done. (took cpu=0:00:00.0 real=0:00:00.0)
      Approximately balancing fragments...
        Moving gates to improve sub-tree skew...
          Tried: 3 Succeeded: 0
          Topology Tried: 0 Succeeded: 0
          0 Succeeded with SS ratio
          0 Succeeded with Lollipop: 0 with tier one, 0 with tier two. 
          Total reducing skew: 0 Average reducing skew for 0 nets : 0
          Clock DAG stats after 'Moving gates to improve sub-tree skew':
            cell counts      : b=1, i=0, icg=0, dcg=0, l=0, total=1
            sink counts      : regular=75, enable_latch=0, load_capacitance=0, antenna=0, node_sink=0, total=75
            misc counts      : r=1, pp=0, mci=0
            cell areas       : b=79.834um^2, i=0.000um^2, icg=0.000um^2, dcg=0.000um^2, l=0.000um^2, total=79.834um^2
            cell capacitance : b=0.030pF, i=0.000pF, icg=0.000pF, dcg=0.000pF, l=0.000pF, total=0.030pF
            sink capacitance : total=0.214pF, avg=0.003pF, sd=0.000pF, min=0.003pF, max=0.003pF
            wire capacitance : top=0.000pF, trunk=0.008pF, leaf=0.087pF, total=0.095pF
            wire lengths     : top=0.000um, trunk=69.010um, leaf=640.019um, total=709.029um
            hp wire lengths  : top=0.000um, trunk=0.000um, leaf=180.480um, total=180.480um
          Clock DAG net violations after 'Moving gates to improve sub-tree skew': none
          Clock DAG primary half-corner transition distribution after 'Moving gates to improve sub-tree skew':
            Trunk : target=0.398ns count=1 avg=0.004ns sd=0.000ns min=0.004ns max=0.004ns {1 <= 0.239ns, 0 <= 0.318ns, 0 <= 0.358ns, 0 <= 0.378ns, 0 <= 0.398ns}
            Leaf  : target=0.398ns count=1 avg=0.148ns sd=0.000ns min=0.148ns max=0.148ns {1 <= 0.239ns, 0 <= 0.318ns, 0 <= 0.358ns, 0 <= 0.378ns, 0 <= 0.398ns}
          Clock DAG library cell distribution after 'Moving gates to improve sub-tree skew' {count}:
             Bufs: CLKBUFX20: 1 
          Legalizer API calls during this step: 0 succeeded with high effort: 0 succeeded with medium effort: 0 succeeded with low effort: 0 succeeded with basic effort: 0 succeeded with basic unbounded effort: 0
        Moving gates to improve sub-tree skew done. (took cpu=0:00:00.0 real=0:00:00.0)
        Approximately balancing fragments bottom up...
          Clock DAG stats after 'Approximately balancing fragments bottom up':
            cell counts      : b=1, i=0, icg=0, dcg=0, l=0, total=1
            sink counts      : regular=75, enable_latch=0, load_capacitance=0, antenna=0, node_sink=0, total=75
            misc counts      : r=1, pp=0, mci=0
            cell areas       : b=79.834um^2, i=0.000um^2, icg=0.000um^2, dcg=0.000um^2, l=0.000um^2, total=79.834um^2
            cell capacitance : b=0.030pF, i=0.000pF, icg=0.000pF, dcg=0.000pF, l=0.000pF, total=0.030pF
            sink capacitance : total=0.214pF, avg=0.003pF, sd=0.000pF, min=0.003pF, max=0.003pF
            wire capacitance : top=0.000pF, trunk=0.008pF, leaf=0.087pF, total=0.095pF
            wire lengths     : top=0.000um, trunk=69.010um, leaf=640.019um, total=709.029um
            hp wire lengths  : top=0.000um, trunk=0.000um, leaf=180.480um, total=180.480um
          Clock DAG net violations after 'Approximately balancing fragments bottom up': none
          Clock DAG primary half-corner transition distribution after 'Approximately balancing fragments bottom up':
            Trunk : target=0.398ns count=1 avg=0.004ns sd=0.000ns min=0.004ns max=0.004ns {1 <= 0.239ns, 0 <= 0.318ns, 0 <= 0.358ns, 0 <= 0.378ns, 0 <= 0.398ns}
            Leaf  : target=0.398ns count=1 avg=0.148ns sd=0.000ns min=0.148ns max=0.148ns {1 <= 0.239ns, 0 <= 0.318ns, 0 <= 0.358ns, 0 <= 0.378ns, 0 <= 0.398ns}
          Clock DAG library cell distribution after 'Approximately balancing fragments bottom up' {count}:
             Bufs: CLKBUFX20: 1 
          Legalizer API calls during this step: 0 succeeded with high effort: 0 succeeded with medium effort: 0 succeeded with low effort: 0 succeeded with basic effort: 0 succeeded with basic unbounded effort: 0
        Approximately balancing fragments bottom up done. (took cpu=0:00:00.0 real=0:00:00.0)
        
        Virtual Delay Histogram:
        
        ---------------
        Histogram
        ---------------
        {78 <= 0.000ns}
        ---------------
        
        Virtual delay statistics:
        
        ------------------------------------------------------
        Mean     Min      Max      Std. Dev    Count     Total
        ------------------------------------------------------
        0.000    0.000    0.000     0.000      78.000    0.000
        ------------------------------------------------------
        
        Biggest Virtual delays:
        
        ---------------------------------------
        Virtual    Clock Tree    Pin    Pre-CTS
        Delay                           net
        ---------------------------------------
          (empty table)
        ---------------------------------------
        
        Approximately balancing fragments, wire and cell delays...
        Approximately balancing fragments, wire and cell delays, iteration 1...
          Clock DAG stats after Approximately balancing fragments, wire and cell delays, iteration 1:
            cell counts      : b=1, i=0, icg=0, dcg=0, l=0, total=1
            sink counts      : regular=75, enable_latch=0, load_capacitance=0, antenna=0, node_sink=0, total=75
            misc counts      : r=1, pp=0, mci=0
            cell areas       : b=79.834um^2, i=0.000um^2, icg=0.000um^2, dcg=0.000um^2, l=0.000um^2, total=79.834um^2
            cell capacitance : b=0.030pF, i=0.000pF, icg=0.000pF, dcg=0.000pF, l=0.000pF, total=0.030pF
            sink capacitance : total=0.214pF, avg=0.003pF, sd=0.000pF, min=0.003pF, max=0.003pF
            wire capacitance : top=0.000pF, trunk=0.008pF, leaf=0.087pF, total=0.095pF
            wire lengths     : top=0.000um, trunk=69.010um, leaf=640.019um, total=709.029um
            hp wire lengths  : top=0.000um, trunk=0.000um, leaf=180.480um, total=180.480um
          Clock DAG net violations after Approximately balancing fragments, wire and cell delays, iteration 1: none
          Clock DAG primary half-corner transition distribution after Approximately balancing fragments, wire and cell delays, iteration 1:
            Trunk : target=0.398ns count=1 avg=0.004ns sd=0.000ns min=0.004ns max=0.004ns {1 <= 0.239ns, 0 <= 0.318ns, 0 <= 0.358ns, 0 <= 0.378ns, 0 <= 0.398ns}
            Leaf  : target=0.398ns count=1 avg=0.148ns sd=0.000ns min=0.148ns max=0.148ns {1 <= 0.239ns, 0 <= 0.318ns, 0 <= 0.358ns, 0 <= 0.378ns, 0 <= 0.398ns}
          Clock DAG library cell distribution after Approximately balancing fragments, wire and cell delays, iteration 1 {count}:
             Bufs: CLKBUFX20: 1 
        Approximately balancing fragments, wire and cell delays, iteration 1 done.
        Approximately balancing fragments, wire and cell delays done. (took cpu=0:00:00.0 real=0:00:00.0)
      Approximately balancing fragments done.
      Clock DAG stats after 'Approximately balancing fragments step':
        cell counts      : b=1, i=0, icg=0, dcg=0, l=0, total=1
        sink counts      : regular=75, enable_latch=0, load_capacitance=0, antenna=0, node_sink=0, total=75
        misc counts      : r=1, pp=0, mci=0
        cell areas       : b=79.834um^2, i=0.000um^2, icg=0.000um^2, dcg=0.000um^2, l=0.000um^2, total=79.834um^2
        cell capacitance : b=0.030pF, i=0.000pF, icg=0.000pF, dcg=0.000pF, l=0.000pF, total=0.030pF
        sink capacitance : total=0.214pF, avg=0.003pF, sd=0.000pF, min=0.003pF, max=0.003pF
        wire capacitance : top=0.000pF, trunk=0.008pF, leaf=0.087pF, total=0.095pF
        wire lengths     : top=0.000um, trunk=69.010um, leaf=640.019um, total=709.029um
        hp wire lengths  : top=0.000um, trunk=0.000um, leaf=180.480um, total=180.480um
      Clock DAG net violations after 'Approximately balancing fragments step': none
      Clock DAG primary half-corner transition distribution after 'Approximately balancing fragments step':
        Trunk : target=0.398ns count=1 avg=0.004ns sd=0.000ns min=0.004ns max=0.004ns {1 <= 0.239ns, 0 <= 0.318ns, 0 <= 0.358ns, 0 <= 0.378ns, 0 <= 0.398ns}
        Leaf  : target=0.398ns count=1 avg=0.148ns sd=0.000ns min=0.148ns max=0.148ns {1 <= 0.239ns, 0 <= 0.318ns, 0 <= 0.358ns, 0 <= 0.378ns, 0 <= 0.398ns}
      Clock DAG library cell distribution after 'Approximately balancing fragments step' {count}:
         Bufs: CLKBUFX20: 1 
      Legalizer API calls during this step: 0 succeeded with high effort: 0 succeeded with medium effort: 0 succeeded with low effort: 0 succeeded with basic effort: 0 succeeded with basic unbounded effort: 0
    Approximately balancing fragments step done. (took cpu=0:00:00.0 real=0:00:00.0)
    Clock DAG stats after Approximately balancing fragments:
      cell counts      : b=1, i=0, icg=0, dcg=0, l=0, total=1
      sink counts      : regular=75, enable_latch=0, load_capacitance=0, antenna=0, node_sink=0, total=75
      misc counts      : r=1, pp=0, mci=0
      cell areas       : b=79.834um^2, i=0.000um^2, icg=0.000um^2, dcg=0.000um^2, l=0.000um^2, total=79.834um^2
      cell capacitance : b=0.030pF, i=0.000pF, icg=0.000pF, dcg=0.000pF, l=0.000pF, total=0.030pF
      sink capacitance : total=0.214pF, avg=0.003pF, sd=0.000pF, min=0.003pF, max=0.003pF
      wire capacitance : top=0.000pF, trunk=0.008pF, leaf=0.087pF, total=0.095pF
      wire lengths     : top=0.000um, trunk=69.010um, leaf=640.019um, total=709.029um
      hp wire lengths  : top=0.000um, trunk=0.000um, leaf=180.480um, total=180.480um
    Clock DAG net violations after Approximately balancing fragments: none
    Clock DAG primary half-corner transition distribution after Approximately balancing fragments:
      Trunk : target=0.398ns count=1 avg=0.004ns sd=0.000ns min=0.004ns max=0.004ns {1 <= 0.239ns, 0 <= 0.318ns, 0 <= 0.358ns, 0 <= 0.378ns, 0 <= 0.398ns}
      Leaf  : target=0.398ns count=1 avg=0.148ns sd=0.000ns min=0.148ns max=0.148ns {1 <= 0.239ns, 0 <= 0.318ns, 0 <= 0.358ns, 0 <= 0.378ns, 0 <= 0.398ns}
    Clock DAG library cell distribution after Approximately balancing fragments {count}:
       Bufs: CLKBUFX20: 1 
    Primary reporting skew groups after Approximately balancing fragments:
      skew_group clk/p8dgscr_constraints: insertion delay [min=0.168, max=0.176], skew [0.008 vs 0.171]
    Skew group summary after Approximately balancing fragments:
      skew_group clk/p8dgscr_constraints: insertion delay [min=0.168, max=0.176], skew [0.008 vs 0.171]
    Improving fragments clock skew...
      Clock DAG stats after 'Improving fragments clock skew':
        cell counts      : b=1, i=0, icg=0, dcg=0, l=0, total=1
        sink counts      : regular=75, enable_latch=0, load_capacitance=0, antenna=0, node_sink=0, total=75
        misc counts      : r=1, pp=0, mci=0
        cell areas       : b=79.834um^2, i=0.000um^2, icg=0.000um^2, dcg=0.000um^2, l=0.000um^2, total=79.834um^2
        cell capacitance : b=0.030pF, i=0.000pF, icg=0.000pF, dcg=0.000pF, l=0.000pF, total=0.030pF
        sink capacitance : total=0.214pF, avg=0.003pF, sd=0.000pF, min=0.003pF, max=0.003pF
        wire capacitance : top=0.000pF, trunk=0.008pF, leaf=0.087pF, total=0.095pF
        wire lengths     : top=0.000um, trunk=69.010um, leaf=640.019um, total=709.029um
        hp wire lengths  : top=0.000um, trunk=0.000um, leaf=180.480um, total=180.480um
      Clock DAG net violations after 'Improving fragments clock skew': none
      Clock DAG primary half-corner transition distribution after 'Improving fragments clock skew':
        Trunk : target=0.398ns count=1 avg=0.004ns sd=0.000ns min=0.004ns max=0.004ns {1 <= 0.239ns, 0 <= 0.318ns, 0 <= 0.358ns, 0 <= 0.378ns, 0 <= 0.398ns}
        Leaf  : target=0.398ns count=1 avg=0.148ns sd=0.000ns min=0.148ns max=0.148ns {1 <= 0.239ns, 0 <= 0.318ns, 0 <= 0.358ns, 0 <= 0.378ns, 0 <= 0.398ns}
      Clock DAG library cell distribution after 'Improving fragments clock skew' {count}:
         Bufs: CLKBUFX20: 1 
      Primary reporting skew groups after 'Improving fragments clock skew':
        skew_group clk/p8dgscr_constraints: insertion delay [min=0.168, max=0.176], skew [0.008 vs 0.171]
      Skew group summary after 'Improving fragments clock skew':
        skew_group clk/p8dgscr_constraints: insertion delay [min=0.168, max=0.176], skew [0.008 vs 0.171]
      Legalizer API calls during this step: 0 succeeded with high effort: 0 succeeded with medium effort: 0 succeeded with low effort: 0 succeeded with basic effort: 0 succeeded with basic unbounded effort: 0
    Improving fragments clock skew done. (took cpu=0:00:00.0 real=0:00:00.0)
    Legalizer API calls during this step: 0 succeeded with high effort: 0 succeeded with medium effort: 0 succeeded with low effort: 0 succeeded with basic effort: 0 succeeded with basic unbounded effort: 0
  AdjustingMinPinPIDs for balancing done. (took cpu=0:00:00.0 real=0:00:00.0)
  Approximately balancing step...
    Resolve constraints - Approximately balancing...
    Resolving skew group constraints...
      Solving LP: 1 skew groups; 2 fragments, 2 fraglets and 3 vertices; 12 variables and 27 constraints; tolerance 1
    Resolving skew group constraints done.
    Resolve constraints - Approximately balancing done. (took cpu=0:00:00.0 real=0:00:00.0)
    Approximately balancing...
      Approximately balancing, wire and cell delays...
      Approximately balancing, wire and cell delays, iteration 1...
        Clock DAG stats after Approximately balancing, wire and cell delays, iteration 1:
          cell counts      : b=1, i=0, icg=0, dcg=0, l=0, total=1
          sink counts      : regular=75, enable_latch=0, load_capacitance=0, antenna=0, node_sink=0, total=75
          misc counts      : r=1, pp=0, mci=0
          cell areas       : b=79.834um^2, i=0.000um^2, icg=0.000um^2, dcg=0.000um^2, l=0.000um^2, total=79.834um^2
          cell capacitance : b=0.030pF, i=0.000pF, icg=0.000pF, dcg=0.000pF, l=0.000pF, total=0.030pF
          sink capacitance : total=0.214pF, avg=0.003pF, sd=0.000pF, min=0.003pF, max=0.003pF
          wire capacitance : top=0.000pF, trunk=0.008pF, leaf=0.087pF, total=0.095pF
          wire lengths     : top=0.000um, trunk=69.010um, leaf=640.019um, total=709.029um
          hp wire lengths  : top=0.000um, trunk=0.000um, leaf=180.480um, total=180.480um
        Clock DAG net violations after Approximately balancing, wire and cell delays, iteration 1: none
        Clock DAG primary half-corner transition distribution after Approximately balancing, wire and cell delays, iteration 1:
          Trunk : target=0.398ns count=1 avg=0.004ns sd=0.000ns min=0.004ns max=0.004ns {1 <= 0.239ns, 0 <= 0.318ns, 0 <= 0.358ns, 0 <= 0.378ns, 0 <= 0.398ns}
          Leaf  : target=0.398ns count=1 avg=0.148ns sd=0.000ns min=0.148ns max=0.148ns {1 <= 0.239ns, 0 <= 0.318ns, 0 <= 0.358ns, 0 <= 0.378ns, 0 <= 0.398ns}
        Clock DAG library cell distribution after Approximately balancing, wire and cell delays, iteration 1 {count}:
           Bufs: CLKBUFX20: 1 
      Approximately balancing, wire and cell delays, iteration 1 done.
      Approximately balancing, wire and cell delays done. (took cpu=0:00:00.0 real=0:00:00.0)
    Approximately balancing done.
    Clock DAG stats after 'Approximately balancing step':
      cell counts      : b=1, i=0, icg=0, dcg=0, l=0, total=1
      sink counts      : regular=75, enable_latch=0, load_capacitance=0, antenna=0, node_sink=0, total=75
      misc counts      : r=1, pp=0, mci=0
      cell areas       : b=79.834um^2, i=0.000um^2, icg=0.000um^2, dcg=0.000um^2, l=0.000um^2, total=79.834um^2
      cell capacitance : b=0.030pF, i=0.000pF, icg=0.000pF, dcg=0.000pF, l=0.000pF, total=0.030pF
      sink capacitance : total=0.214pF, avg=0.003pF, sd=0.000pF, min=0.003pF, max=0.003pF
      wire capacitance : top=0.000pF, trunk=0.008pF, leaf=0.087pF, total=0.095pF
      wire lengths     : top=0.000um, trunk=69.010um, leaf=640.019um, total=709.029um
      hp wire lengths  : top=0.000um, trunk=0.000um, leaf=180.480um, total=180.480um
    Clock DAG net violations after 'Approximately balancing step': none
    Clock DAG primary half-corner transition distribution after 'Approximately balancing step':
      Trunk : target=0.398ns count=1 avg=0.004ns sd=0.000ns min=0.004ns max=0.004ns {1 <= 0.239ns, 0 <= 0.318ns, 0 <= 0.358ns, 0 <= 0.378ns, 0 <= 0.398ns}
      Leaf  : target=0.398ns count=1 avg=0.148ns sd=0.000ns min=0.148ns max=0.148ns {1 <= 0.239ns, 0 <= 0.318ns, 0 <= 0.358ns, 0 <= 0.378ns, 0 <= 0.398ns}
    Clock DAG library cell distribution after 'Approximately balancing step' {count}:
       Bufs: CLKBUFX20: 1 
    Primary reporting skew groups after 'Approximately balancing step':
      skew_group clk/p8dgscr_constraints: insertion delay [min=0.168, max=0.176], skew [0.008 vs 0.171]
    Skew group summary after 'Approximately balancing step':
      skew_group clk/p8dgscr_constraints: insertion delay [min=0.168, max=0.176], skew [0.008 vs 0.171]
    Legalizer API calls during this step: 0 succeeded with high effort: 0 succeeded with medium effort: 0 succeeded with low effort: 0 succeeded with basic effort: 0 succeeded with basic unbounded effort: 0
  Approximately balancing step done. (took cpu=0:00:00.0 real=0:00:00.0)
  Approximately balancing paths...
    Added 0 buffers.
    Clock DAG stats after 'Approximately balancing paths':
      cell counts      : b=1, i=0, icg=0, dcg=0, l=0, total=1
      sink counts      : regular=75, enable_latch=0, load_capacitance=0, antenna=0, node_sink=0, total=75
      misc counts      : r=1, pp=0, mci=0
      cell areas       : b=79.834um^2, i=0.000um^2, icg=0.000um^2, dcg=0.000um^2, l=0.000um^2, total=79.834um^2
      cell capacitance : b=0.030pF, i=0.000pF, icg=0.000pF, dcg=0.000pF, l=0.000pF, total=0.030pF
      sink capacitance : total=0.214pF, avg=0.003pF, sd=0.000pF, min=0.003pF, max=0.003pF
      wire capacitance : top=0.000pF, trunk=0.008pF, leaf=0.087pF, total=0.095pF
      wire lengths     : top=0.000um, trunk=69.010um, leaf=640.019um, total=709.029um
      hp wire lengths  : top=0.000um, trunk=0.000um, leaf=180.480um, total=180.480um
    Clock DAG net violations after 'Approximately balancing paths': none
    Clock DAG primary half-corner transition distribution after 'Approximately balancing paths':
      Trunk : target=0.398ns count=1 avg=0.004ns sd=0.000ns min=0.004ns max=0.004ns {1 <= 0.239ns, 0 <= 0.318ns, 0 <= 0.358ns, 0 <= 0.378ns, 0 <= 0.398ns}
      Leaf  : target=0.398ns count=1 avg=0.148ns sd=0.000ns min=0.148ns max=0.148ns {1 <= 0.239ns, 0 <= 0.318ns, 0 <= 0.358ns, 0 <= 0.378ns, 0 <= 0.398ns}
    Clock DAG library cell distribution after 'Approximately balancing paths' {count}:
       Bufs: CLKBUFX20: 1 
    Primary reporting skew groups after 'Approximately balancing paths':
      skew_group clk/p8dgscr_constraints: insertion delay [min=0.168, max=0.176, avg=0.173, sd=0.002, skn=-0.347, kur=0.439], skew [0.008 vs 0.171], 100% {0.168, 0.176} (wid=0.012 ws=0.008) (gid=0.164 gs=0.000)
    Skew group summary after 'Approximately balancing paths':
      skew_group clk/p8dgscr_constraints: insertion delay [min=0.168, max=0.176, avg=0.173, sd=0.002, skn=-0.347, kur=0.439], skew [0.008 vs 0.171], 100% {0.168, 0.176} (wid=0.012 ws=0.008) (gid=0.164 gs=0.000)
    Legalizer API calls during this step: 0 succeeded with high effort: 0 succeeded with medium effort: 0 succeeded with low effort: 0 succeeded with basic effort: 0 succeeded with basic unbounded effort: 0
  Approximately balancing paths done. (took cpu=0:00:00.0 real=0:00:00.0)
  Stage::Balancing done. (took cpu=0:00:00.0 real=0:00:00.0)
  Stage::Polishing...
  Clock tree timing engine global stage delay update for corner_slow:setup.late...
  Clock tree timing engine global stage delay update for corner_slow:setup.late done. (took cpu=0:00:00.0 real=0:00:00.0)
  Clock DAG stats before polishing:
    cell counts      : b=1, i=0, icg=0, dcg=0, l=0, total=1
    sink counts      : regular=75, enable_latch=0, load_capacitance=0, antenna=0, node_sink=0, total=75
    misc counts      : r=1, pp=0, mci=0
    cell areas       : b=79.834um^2, i=0.000um^2, icg=0.000um^2, dcg=0.000um^2, l=0.000um^2, total=79.834um^2
    cell capacitance : b=0.030pF, i=0.000pF, icg=0.000pF, dcg=0.000pF, l=0.000pF, total=0.030pF
    sink capacitance : total=0.214pF, avg=0.003pF, sd=0.000pF, min=0.003pF, max=0.003pF
    wire capacitance : top=0.000pF, trunk=0.008pF, leaf=0.087pF, total=0.095pF
    wire lengths     : top=0.000um, trunk=69.010um, leaf=640.019um, total=709.029um
    hp wire lengths  : top=0.000um, trunk=0.000um, leaf=180.480um, total=180.480um
  Clock DAG net violations before polishing: none
  Clock DAG primary half-corner transition distribution before polishing:
    Trunk : target=0.398ns count=1 avg=0.004ns sd=0.000ns min=0.004ns max=0.004ns {1 <= 0.239ns, 0 <= 0.318ns, 0 <= 0.358ns, 0 <= 0.378ns, 0 <= 0.398ns}
    Leaf  : target=0.398ns count=1 avg=0.148ns sd=0.000ns min=0.148ns max=0.148ns {1 <= 0.239ns, 0 <= 0.318ns, 0 <= 0.358ns, 0 <= 0.378ns, 0 <= 0.398ns}
  Clock DAG library cell distribution before polishing {count}:
     Bufs: CLKBUFX20: 1 
  Primary reporting skew groups before polishing:
    skew_group clk/p8dgscr_constraints: insertion delay [min=0.168, max=0.176], skew [0.008 vs 0.171]
  Skew group summary before polishing:
    skew_group clk/p8dgscr_constraints: insertion delay [min=0.168, max=0.176], skew [0.008 vs 0.171]
  Merging balancing drivers for power...
    Tried: 3 Succeeded: 0
    Clock DAG stats after 'Merging balancing drivers for power':
      cell counts      : b=1, i=0, icg=0, dcg=0, l=0, total=1
      sink counts      : regular=75, enable_latch=0, load_capacitance=0, antenna=0, node_sink=0, total=75
      misc counts      : r=1, pp=0, mci=0
      cell areas       : b=79.834um^2, i=0.000um^2, icg=0.000um^2, dcg=0.000um^2, l=0.000um^2, total=79.834um^2
      cell capacitance : b=0.030pF, i=0.000pF, icg=0.000pF, dcg=0.000pF, l=0.000pF, total=0.030pF
      sink capacitance : total=0.214pF, avg=0.003pF, sd=0.000pF, min=0.003pF, max=0.003pF
      wire capacitance : top=0.000pF, trunk=0.008pF, leaf=0.087pF, total=0.095pF
      wire lengths     : top=0.000um, trunk=69.010um, leaf=640.019um, total=709.029um
      hp wire lengths  : top=0.000um, trunk=0.000um, leaf=180.480um, total=180.480um
    Clock DAG net violations after 'Merging balancing drivers for power': none
    Clock DAG primary half-corner transition distribution after 'Merging balancing drivers for power':
      Trunk : target=0.398ns count=1 avg=0.004ns sd=0.000ns min=0.004ns max=0.004ns {1 <= 0.239ns, 0 <= 0.318ns, 0 <= 0.358ns, 0 <= 0.378ns, 0 <= 0.398ns}
      Leaf  : target=0.398ns count=1 avg=0.148ns sd=0.000ns min=0.148ns max=0.148ns {1 <= 0.239ns, 0 <= 0.318ns, 0 <= 0.358ns, 0 <= 0.378ns, 0 <= 0.398ns}
    Clock DAG library cell distribution after 'Merging balancing drivers for power' {count}:
       Bufs: CLKBUFX20: 1 
    Primary reporting skew groups after 'Merging balancing drivers for power':
      skew_group clk/p8dgscr_constraints: insertion delay [min=0.168, max=0.176], skew [0.008 vs 0.171]
    Skew group summary after 'Merging balancing drivers for power':
      skew_group clk/p8dgscr_constraints: insertion delay [min=0.168, max=0.176], skew [0.008 vs 0.171]
    Legalizer API calls during this step: 0 succeeded with high effort: 0 succeeded with medium effort: 0 succeeded with low effort: 0 succeeded with basic effort: 0 succeeded with basic unbounded effort: 0
  Merging balancing drivers for power done. (took cpu=0:00:00.0 real=0:00:00.0)
  Improving clock skew...
    Clock DAG stats after 'Improving clock skew':
      cell counts      : b=1, i=0, icg=0, dcg=0, l=0, total=1
      sink counts      : regular=75, enable_latch=0, load_capacitance=0, antenna=0, node_sink=0, total=75
      misc counts      : r=1, pp=0, mci=0
      cell areas       : b=79.834um^2, i=0.000um^2, icg=0.000um^2, dcg=0.000um^2, l=0.000um^2, total=79.834um^2
      cell capacitance : b=0.030pF, i=0.000pF, icg=0.000pF, dcg=0.000pF, l=0.000pF, total=0.030pF
      sink capacitance : total=0.214pF, avg=0.003pF, sd=0.000pF, min=0.003pF, max=0.003pF
      wire capacitance : top=0.000pF, trunk=0.008pF, leaf=0.087pF, total=0.095pF
      wire lengths     : top=0.000um, trunk=69.010um, leaf=640.019um, total=709.029um
      hp wire lengths  : top=0.000um, trunk=0.000um, leaf=180.480um, total=180.480um
    Clock DAG net violations after 'Improving clock skew': none
    Clock DAG primary half-corner transition distribution after 'Improving clock skew':
      Trunk : target=0.398ns count=1 avg=0.004ns sd=0.000ns min=0.004ns max=0.004ns {1 <= 0.239ns, 0 <= 0.318ns, 0 <= 0.358ns, 0 <= 0.378ns, 0 <= 0.398ns}
      Leaf  : target=0.398ns count=1 avg=0.148ns sd=0.000ns min=0.148ns max=0.148ns {1 <= 0.239ns, 0 <= 0.318ns, 0 <= 0.358ns, 0 <= 0.378ns, 0 <= 0.398ns}
    Clock DAG library cell distribution after 'Improving clock skew' {count}:
       Bufs: CLKBUFX20: 1 
    Primary reporting skew groups after 'Improving clock skew':
      skew_group clk/p8dgscr_constraints: insertion delay [min=0.168, max=0.176, avg=0.173, sd=0.002, skn=-0.347, kur=0.439], skew [0.008 vs 0.171], 100% {0.168, 0.176} (wid=0.012 ws=0.008) (gid=0.164 gs=0.000)
    Skew group summary after 'Improving clock skew':
      skew_group clk/p8dgscr_constraints: insertion delay [min=0.168, max=0.176, avg=0.173, sd=0.002, skn=-0.347, kur=0.439], skew [0.008 vs 0.171], 100% {0.168, 0.176} (wid=0.012 ws=0.008) (gid=0.164 gs=0.000)
    Legalizer API calls during this step: 0 succeeded with high effort: 0 succeeded with medium effort: 0 succeeded with low effort: 0 succeeded with basic effort: 0 succeeded with basic unbounded effort: 0
  Improving clock skew done. (took cpu=0:00:00.0 real=0:00:00.0)
  Moving gates to reduce wire capacitance...
    Modified slew target multipliers. Leaf=(1 to 0.9) Trunk=(1 to 0.95) Top=(1 to 0.95)
    Iteration 1...
      Artificially removing short and long paths...
        Legalizer API calls during this step: 0 succeeded with high effort: 0 succeeded with medium effort: 0 succeeded with low effort: 0 succeeded with basic effort: 0 succeeded with basic unbounded effort: 0
      Artificially removing short and long paths done. (took cpu=0:00:00.0 real=0:00:00.0)
      Moving gates to reduce wire capacitance - iteration 1: WireCapReduction...
        Legalizing clock trees...
        Legalizing clock trees done. (took cpu=0:00:00.0 real=0:00:00.0)
        Legalizer API calls during this step: 8 succeeded with high effort: 8 succeeded with medium effort: 0 succeeded with low effort: 0 succeeded with basic effort: 0 succeeded with basic unbounded effort: 0
      Moving gates to reduce wire capacitance - iteration 1: WireCapReduction done. (took cpu=0:00:00.0 real=0:00:00.0)
      Moving gates to reduce wire capacitance - iteration 1: MoveGates...
        Moving gates: 
        ...20% ..Legalizing clock trees...
        Legalizing clock trees done. (took cpu=0:00:00.0 real=0:00:00.0)
        .40% ...60% ...80% ...100% 
        Legalizer API calls during this step: 14 succeeded with high effort: 14 succeeded with medium effort: 0 succeeded with low effort: 0 succeeded with basic effort: 0 succeeded with basic unbounded effort: 0
      Moving gates to reduce wire capacitance - iteration 1: MoveGates done. (took cpu=0:00:00.0 real=0:00:00.0)
    Iteration 1 done.
    Iteration 2...
      Artificially removing short and long paths...
        Legalizer API calls during this step: 0 succeeded with high effort: 0 succeeded with medium effort: 0 succeeded with low effort: 0 succeeded with basic effort: 0 succeeded with basic unbounded effort: 0
      Artificially removing short and long paths done. (took cpu=0:00:00.0 real=0:00:00.0)
      Moving gates to reduce wire capacitance - iteration 2: WireCapReduction...
        Legalizing clock trees...
        Legalizing clock trees done. (took cpu=0:00:00.0 real=0:00:00.0)
        Legalizer API calls during this step: 7 succeeded with high effort: 7 succeeded with medium effort: 0 succeeded with low effort: 0 succeeded with basic effort: 0 succeeded with basic unbounded effort: 0
      Moving gates to reduce wire capacitance - iteration 2: WireCapReduction done. (took cpu=0:00:00.0 real=0:00:00.0)
      Moving gates to reduce wire capacitance - iteration 2: MoveGates...
        Moving gates: 
        ...20% ..Legalizing clock trees...
        Legalizing clock trees done. (took cpu=0:00:00.0 real=0:00:00.0)
        .40% ...60% ...80% ...100% 
        Legalizer API calls during this step: 14 succeeded with high effort: 14 succeeded with medium effort: 0 succeeded with low effort: 0 succeeded with basic effort: 0 succeeded with basic unbounded effort: 0
      Moving gates to reduce wire capacitance - iteration 2: MoveGates done. (took cpu=0:00:00.0 real=0:00:00.0)
    Iteration 2 done.
    Reverted slew target multipliers. Leaf=(0.9 to 1) Trunk=(0.95 to 1) Top=(0.95 to 1)
    Clock DAG stats after 'Moving gates to reduce wire capacitance':
      cell counts      : b=1, i=0, icg=0, dcg=0, l=0, total=1
      sink counts      : regular=75, enable_latch=0, load_capacitance=0, antenna=0, node_sink=0, total=75
      misc counts      : r=1, pp=0, mci=0
      cell areas       : b=79.834um^2, i=0.000um^2, icg=0.000um^2, dcg=0.000um^2, l=0.000um^2, total=79.834um^2
      cell capacitance : b=0.030pF, i=0.000pF, icg=0.000pF, dcg=0.000pF, l=0.000pF, total=0.030pF
      sink capacitance : total=0.214pF, avg=0.003pF, sd=0.000pF, min=0.003pF, max=0.003pF
      wire capacitance : top=0.000pF, trunk=0.008pF, leaf=0.087pF, total=0.095pF
      wire lengths     : top=0.000um, trunk=67.030um, leaf=639.399um, total=706.429um
      hp wire lengths  : top=0.000um, trunk=0.000um, leaf=181.470um, total=181.470um
    Clock DAG net violations after 'Moving gates to reduce wire capacitance': none
    Clock DAG primary half-corner transition distribution after 'Moving gates to reduce wire capacitance':
      Trunk : target=0.398ns count=1 avg=0.004ns sd=0.000ns min=0.004ns max=0.004ns {1 <= 0.239ns, 0 <= 0.318ns, 0 <= 0.358ns, 0 <= 0.378ns, 0 <= 0.398ns}
      Leaf  : target=0.398ns count=1 avg=0.150ns sd=0.000ns min=0.150ns max=0.150ns {1 <= 0.239ns, 0 <= 0.318ns, 0 <= 0.358ns, 0 <= 0.378ns, 0 <= 0.398ns}
    Clock DAG library cell distribution after 'Moving gates to reduce wire capacitance' {count}:
       Bufs: CLKBUFX20: 1 
    Primary reporting skew groups after 'Moving gates to reduce wire capacitance':
      skew_group clk/p8dgscr_constraints: insertion delay [min=0.170, max=0.176, avg=0.173, sd=0.002, skn=0.139, kur=-1.202], skew [0.005 vs 0.171], 100% {0.170, 0.176} (wid=0.013 ws=0.005) (gid=0.163 gs=0.000)
    Skew group summary after 'Moving gates to reduce wire capacitance':
      skew_group clk/p8dgscr_constraints: insertion delay [min=0.170, max=0.176, avg=0.173, sd=0.002, skn=0.139, kur=-1.202], skew [0.005 vs 0.171], 100% {0.170, 0.176} (wid=0.013 ws=0.005) (gid=0.163 gs=0.000)
    Legalizer API calls during this step: 43 succeeded with high effort: 43 succeeded with medium effort: 0 succeeded with low effort: 0 succeeded with basic effort: 0 succeeded with basic unbounded effort: 0
  Moving gates to reduce wire capacitance done. (took cpu=0:00:00.1 real=0:00:00.1)
  Reducing clock tree power 3...
    Artificially removing short and long paths...
      Legalizer API calls during this step: 0 succeeded with high effort: 0 succeeded with medium effort: 0 succeeded with low effort: 0 succeeded with basic effort: 0 succeeded with basic unbounded effort: 0
    Artificially removing short and long paths done. (took cpu=0:00:00.0 real=0:00:00.0)
    Initial gate capacitance is (rise=0.245pF fall=0.245pF).
    Resizing gates: 
    ...20% ..Legalizing clock trees...
    Legalizing clock trees done. (took cpu=0:00:00.0 real=0:00:00.0)
    .40% ...60% ...80% ...100% 
    Clock DAG stats after 'Reducing clock tree power 3':
      cell counts      : b=1, i=0, icg=0, dcg=0, l=0, total=1
      sink counts      : regular=75, enable_latch=0, load_capacitance=0, antenna=0, node_sink=0, total=75
      misc counts      : r=1, pp=0, mci=0
      cell areas       : b=79.834um^2, i=0.000um^2, icg=0.000um^2, dcg=0.000um^2, l=0.000um^2, total=79.834um^2
      cell capacitance : b=0.030pF, i=0.000pF, icg=0.000pF, dcg=0.000pF, l=0.000pF, total=0.030pF
      sink capacitance : total=0.214pF, avg=0.003pF, sd=0.000pF, min=0.003pF, max=0.003pF
      wire capacitance : top=0.000pF, trunk=0.008pF, leaf=0.087pF, total=0.095pF
      wire lengths     : top=0.000um, trunk=67.030um, leaf=639.399um, total=706.429um
      hp wire lengths  : top=0.000um, trunk=0.000um, leaf=181.470um, total=181.470um
    Clock DAG net violations after 'Reducing clock tree power 3': none
    Clock DAG primary half-corner transition distribution after 'Reducing clock tree power 3':
      Trunk : target=0.398ns count=1 avg=0.004ns sd=0.000ns min=0.004ns max=0.004ns {1 <= 0.239ns, 0 <= 0.318ns, 0 <= 0.358ns, 0 <= 0.378ns, 0 <= 0.398ns}
      Leaf  : target=0.398ns count=1 avg=0.150ns sd=0.000ns min=0.150ns max=0.150ns {1 <= 0.239ns, 0 <= 0.318ns, 0 <= 0.358ns, 0 <= 0.378ns, 0 <= 0.398ns}
    Clock DAG library cell distribution after 'Reducing clock tree power 3' {count}:
       Bufs: CLKBUFX20: 1 
    Primary reporting skew groups after 'Reducing clock tree power 3':
      skew_group clk/p8dgscr_constraints: insertion delay [min=0.170, max=0.176, avg=0.173, sd=0.002, skn=0.139, kur=-1.202], skew [0.005 vs 0.171], 100% {0.170, 0.176} (wid=0.013 ws=0.005) (gid=0.163 gs=0.000)
    Skew group summary after 'Reducing clock tree power 3':
      skew_group clk/p8dgscr_constraints: insertion delay [min=0.170, max=0.176, avg=0.173, sd=0.002, skn=0.139, kur=-1.202], skew [0.005 vs 0.171], 100% {0.170, 0.176} (wid=0.013 ws=0.005) (gid=0.163 gs=0.000)
    Legalizer API calls during this step: 2 succeeded with high effort: 2 succeeded with medium effort: 0 succeeded with low effort: 0 succeeded with basic effort: 0 succeeded with basic unbounded effort: 0
  Reducing clock tree power 3 done. (took cpu=0:00:00.0 real=0:00:00.0)
  Improving insertion delay...
    Clock DAG stats after 'Improving insertion delay':
      cell counts      : b=1, i=0, icg=0, dcg=0, l=0, total=1
      sink counts      : regular=75, enable_latch=0, load_capacitance=0, antenna=0, node_sink=0, total=75
      misc counts      : r=1, pp=0, mci=0
      cell areas       : b=79.834um^2, i=0.000um^2, icg=0.000um^2, dcg=0.000um^2, l=0.000um^2, total=79.834um^2
      cell capacitance : b=0.030pF, i=0.000pF, icg=0.000pF, dcg=0.000pF, l=0.000pF, total=0.030pF
      sink capacitance : total=0.214pF, avg=0.003pF, sd=0.000pF, min=0.003pF, max=0.003pF
      wire capacitance : top=0.000pF, trunk=0.008pF, leaf=0.087pF, total=0.095pF
      wire lengths     : top=0.000um, trunk=67.030um, leaf=639.399um, total=706.429um
      hp wire lengths  : top=0.000um, trunk=0.000um, leaf=181.470um, total=181.470um
    Clock DAG net violations after 'Improving insertion delay': none
    Clock DAG primary half-corner transition distribution after 'Improving insertion delay':
      Trunk : target=0.398ns count=1 avg=0.004ns sd=0.000ns min=0.004ns max=0.004ns {1 <= 0.239ns, 0 <= 0.318ns, 0 <= 0.358ns, 0 <= 0.378ns, 0 <= 0.398ns}
      Leaf  : target=0.398ns count=1 avg=0.150ns sd=0.000ns min=0.150ns max=0.150ns {1 <= 0.239ns, 0 <= 0.318ns, 0 <= 0.358ns, 0 <= 0.378ns, 0 <= 0.398ns}
    Clock DAG library cell distribution after 'Improving insertion delay' {count}:
       Bufs: CLKBUFX20: 1 
    Primary reporting skew groups after 'Improving insertion delay':
      skew_group clk/p8dgscr_constraints: insertion delay [min=0.170, max=0.176, avg=0.173, sd=0.002, skn=0.139, kur=-1.202], skew [0.005 vs 0.171], 100% {0.170, 0.176} (wid=0.013 ws=0.005) (gid=0.163 gs=0.000)
    Skew group summary after 'Improving insertion delay':
      skew_group clk/p8dgscr_constraints: insertion delay [min=0.170, max=0.176, avg=0.173, sd=0.002, skn=0.139, kur=-1.202], skew [0.005 vs 0.171], 100% {0.170, 0.176} (wid=0.013 ws=0.005) (gid=0.163 gs=0.000)
    Legalizer API calls during this step: 0 succeeded with high effort: 0 succeeded with medium effort: 0 succeeded with low effort: 0 succeeded with basic effort: 0 succeeded with basic unbounded effort: 0
  Improving insertion delay done. (took cpu=0:00:00.0 real=0:00:00.0)
  Wire Opt OverFix...
    Wire Reduction extra effort...
      Modified slew target multipliers. Leaf=(1 to 0.95) Trunk=(1 to 1) Top=(1 to 1)
      Artificially removing short and long paths...
        Legalizer API calls during this step: 0 succeeded with high effort: 0 succeeded with medium effort: 0 succeeded with low effort: 0 succeeded with basic effort: 0 succeeded with basic unbounded effort: 0
      Artificially removing short and long paths done. (took cpu=0:00:00.0 real=0:00:00.0)
      Global shorten wires A0...
        Legalizer API calls during this step: 0 succeeded with high effort: 0 succeeded with medium effort: 0 succeeded with low effort: 0 succeeded with basic effort: 0 succeeded with basic unbounded effort: 0
      Global shorten wires A0 done. (took cpu=0:00:00.0 real=0:00:00.0)
      Move For Wirelength - core...
        Move for wirelength. considered=2, filtered=0, permitted=1, cannotCompute=0, computed=1, moveTooSmall=2, resolved=0, predictFail=0, currentlyIllegal=0, legalizationFail=0, legalizedMoveTooSmall=2, ignoredLeafDriver=0, worse=0, accepted=0
        Max accepted move=0.000um, total accepted move=0.000um
        Legalizer API calls during this step: 2 succeeded with high effort: 2 succeeded with medium effort: 0 succeeded with low effort: 0 succeeded with basic effort: 0 succeeded with basic unbounded effort: 0
      Move For Wirelength - core done. (took cpu=0:00:00.0 real=0:00:00.0)
      Global shorten wires A1...
        Legalizer API calls during this step: 0 succeeded with high effort: 0 succeeded with medium effort: 0 succeeded with low effort: 0 succeeded with basic effort: 0 succeeded with basic unbounded effort: 0
      Global shorten wires A1 done. (took cpu=0:00:00.0 real=0:00:00.0)
      Move For Wirelength - core...
        Move for wirelength. considered=2, filtered=0, permitted=1, cannotCompute=1, computed=0, moveTooSmall=1, resolved=0, predictFail=0, currentlyIllegal=0, legalizationFail=0, legalizedMoveTooSmall=0, ignoredLeafDriver=0, worse=0, accepted=0
        Max accepted move=0.000um, total accepted move=0.000um
        Legalizer API calls during this step: 0 succeeded with high effort: 0 succeeded with medium effort: 0 succeeded with low effort: 0 succeeded with basic effort: 0 succeeded with basic unbounded effort: 0
      Move For Wirelength - core done. (took cpu=0:00:00.0 real=0:00:00.0)
      Global shorten wires B...
        Legalizer API calls during this step: 6 succeeded with high effort: 6 succeeded with medium effort: 0 succeeded with low effort: 0 succeeded with basic effort: 0 succeeded with basic unbounded effort: 0
      Global shorten wires B done. (took cpu=0:00:00.0 real=0:00:00.0)
      Move For Wirelength - branch...
        Move for wirelength. considered=2, filtered=0, permitted=1, cannotCompute=0, computed=1, moveTooSmall=0, resolved=0, predictFail=0, currentlyIllegal=0, legalizationFail=0, legalizedMoveTooSmall=0, ignoredLeafDriver=0, worse=1, accepted=0
        Max accepted move=0.000um, total accepted move=0.000um
        Legalizer API calls during this step: 1 succeeded with high effort: 1 succeeded with medium effort: 0 succeeded with low effort: 0 succeeded with basic effort: 0 succeeded with basic unbounded effort: 0
      Move For Wirelength - branch done. (took cpu=0:00:00.0 real=0:00:00.0)
      Reverted slew target multipliers. Leaf=(0.95 to 1) Trunk=(1 to 1) Top=(1 to 1)
      Clock DAG stats after 'Wire Reduction extra effort':
        cell counts      : b=1, i=0, icg=0, dcg=0, l=0, total=1
        sink counts      : regular=75, enable_latch=0, load_capacitance=0, antenna=0, node_sink=0, total=75
        misc counts      : r=1, pp=0, mci=0
        cell areas       : b=79.834um^2, i=0.000um^2, icg=0.000um^2, dcg=0.000um^2, l=0.000um^2, total=79.834um^2
        cell capacitance : b=0.030pF, i=0.000pF, icg=0.000pF, dcg=0.000pF, l=0.000pF, total=0.030pF
        sink capacitance : total=0.214pF, avg=0.003pF, sd=0.000pF, min=0.003pF, max=0.003pF
        wire capacitance : top=0.000pF, trunk=0.008pF, leaf=0.087pF, total=0.095pF
        wire lengths     : top=0.000um, trunk=67.030um, leaf=639.399um, total=706.429um
        hp wire lengths  : top=0.000um, trunk=0.000um, leaf=181.470um, total=181.470um
      Clock DAG net violations after 'Wire Reduction extra effort': none
      Clock DAG primary half-corner transition distribution after 'Wire Reduction extra effort':
        Trunk : target=0.398ns count=1 avg=0.004ns sd=0.000ns min=0.004ns max=0.004ns {1 <= 0.239ns, 0 <= 0.318ns, 0 <= 0.358ns, 0 <= 0.378ns, 0 <= 0.398ns}
        Leaf  : target=0.398ns count=1 avg=0.150ns sd=0.000ns min=0.150ns max=0.150ns {1 <= 0.239ns, 0 <= 0.318ns, 0 <= 0.358ns, 0 <= 0.378ns, 0 <= 0.398ns}
      Clock DAG library cell distribution after 'Wire Reduction extra effort' {count}:
         Bufs: CLKBUFX20: 1 
      Primary reporting skew groups after 'Wire Reduction extra effort':
        skew_group clk/p8dgscr_constraints: insertion delay [min=0.170, max=0.176, avg=0.173, sd=0.002, skn=0.139, kur=-1.202], skew [0.005 vs 0.171], 100% {0.170, 0.176} (wid=0.013 ws=0.005) (gid=0.163 gs=0.000)
      Skew group summary after 'Wire Reduction extra effort':
        skew_group clk/p8dgscr_constraints: insertion delay [min=0.170, max=0.176, avg=0.173, sd=0.002, skn=0.139, kur=-1.202], skew [0.005 vs 0.171], 100% {0.170, 0.176} (wid=0.013 ws=0.005) (gid=0.163 gs=0.000)
      Legalizer API calls during this step: 9 succeeded with high effort: 9 succeeded with medium effort: 0 succeeded with low effort: 0 succeeded with basic effort: 0 succeeded with basic unbounded effort: 0
    Wire Reduction extra effort done. (took cpu=0:00:00.0 real=0:00:00.0)
    Optimizing orientation...
    FlipOpt...
    Disconnecting clock tree from netlist...
    Disconnecting clock tree from netlist done.
    Orientation Wirelength Optimization: Attempted = 1 , Succeeded = 1 , Constraints Broken = 0 , CannotMove = 0 , Illegal = 0 , Other = 0
    Resynthesising clock tree into netlist...
      Reset timing graph...
Ignoring AAE DB Resetting ...
      Reset timing graph done.
    Resynthesising clock tree into netlist done.
    FlipOpt done. (took cpu=0:00:00.0 real=0:00:00.0)
    Optimizing orientation done. (took cpu=0:00:00.0 real=0:00:00.0)
    Clock DAG stats after 'Wire Opt OverFix':
      cell counts      : b=1, i=0, icg=0, dcg=0, l=0, total=1
      sink counts      : regular=75, enable_latch=0, load_capacitance=0, antenna=0, node_sink=0, total=75
      misc counts      : r=1, pp=0, mci=0
      cell areas       : b=79.834um^2, i=0.000um^2, icg=0.000um^2, dcg=0.000um^2, l=0.000um^2, total=79.834um^2
      cell capacitance : b=0.030pF, i=0.000pF, icg=0.000pF, dcg=0.000pF, l=0.000pF, total=0.030pF
      sink capacitance : total=0.214pF, avg=0.003pF, sd=0.000pF, min=0.003pF, max=0.003pF
      wire capacitance : top=0.000pF, trunk=0.007pF, leaf=0.087pF, total=0.093pF
      wire lengths     : top=0.000um, trunk=57.130um, leaf=641.939um, total=699.069um
      hp wire lengths  : top=0.000um, trunk=0.000um, leaf=181.470um, total=181.470um
    Clock DAG net violations after 'Wire Opt OverFix': none
    Clock DAG primary half-corner transition distribution after 'Wire Opt OverFix':
      Trunk : target=0.398ns count=1 avg=0.004ns sd=0.000ns min=0.004ns max=0.004ns {1 <= 0.239ns, 0 <= 0.318ns, 0 <= 0.358ns, 0 <= 0.378ns, 0 <= 0.398ns}
      Leaf  : target=0.398ns count=1 avg=0.148ns sd=0.000ns min=0.148ns max=0.148ns {1 <= 0.239ns, 0 <= 0.318ns, 0 <= 0.358ns, 0 <= 0.378ns, 0 <= 0.398ns}
    Clock DAG library cell distribution after 'Wire Opt OverFix' {count}:
       Bufs: CLKBUFX20: 1 
    Primary reporting skew groups after 'Wire Opt OverFix':
      skew_group clk/p8dgscr_constraints: insertion delay [min=0.170, max=0.176, avg=0.173, sd=0.002, skn=0.119, kur=-1.078], skew [0.006 vs 0.171], 100% {0.170, 0.176} (wid=0.012 ws=0.006) (gid=0.164 gs=0.000)
    Skew group summary after 'Wire Opt OverFix':
      skew_group clk/p8dgscr_constraints: insertion delay [min=0.170, max=0.176, avg=0.173, sd=0.002, skn=0.119, kur=-1.078], skew [0.006 vs 0.171], 100% {0.170, 0.176} (wid=0.012 ws=0.006) (gid=0.164 gs=0.000)
    Legalizer API calls during this step: 13 succeeded with high effort: 11 succeeded with medium effort: 0 succeeded with low effort: 0 succeeded with basic effort: 0 succeeded with basic unbounded effort: 0
  Wire Opt OverFix done. (took cpu=0:00:00.1 real=0:00:00.1)
  Total capacitance is (rise=0.338pF fall=0.338pF), of which (rise=0.093pF fall=0.093pF) is wire, and (rise=0.245pF fall=0.245pF) is gate.
  Stage::Polishing done. (took cpu=0:00:00.2 real=0:00:00.2)
  Stage::Updating netlist...
  Reset timing graph...
Ignoring AAE DB Resetting ...
  Reset timing graph done.
  Setting non-default rules before calling refine place.
  Leaving CCOpt scope - Cleaning up placement interface...
  Leaving CCOpt scope - Cleaning up placement interface done. (took cpu=0:00:00.0 real=0:00:00.0)
  Leaving CCOpt scope - ClockRefiner...
  Soft fixed 1 clock instances.
  Performing clock and sink only refine place with checks partially disabled for sinks.
*** Starting refinePlace (0:01:02 mem=9887.1M) ***
Total net bbox length = 7.367e+03 (4.208e+03 3.158e+03) (ext = 1.575e+03)
Max route layer is changed from 127 to 6 because there is no routing track above this layer
Max route layer is changed from 127 to 6 because there is no routing track above this layer
Max route layer is changed from 127 to 6 because there is no routing track above this layer
Move report: Detail placement moves 0 insts, mean move: 0.00 um, max move: 0.00 um 
	Runtime: CPU: 0:00:00.0 REAL: 0:00:00.0 MEM: 9855.0MB
Summary Report:
Instances move: 0 (out of 231 movable)
Instances flipped: 0
Mean displacement: 0.00 um
Max displacement: 0.00 um 
Physical-only instances move: 0 (out of 0 movable physical-only)
Total net bbox length = 7.367e+03 (4.208e+03 3.158e+03) (ext = 1.575e+03)
Runtime: CPU: 0:00:00.0 REAL: 0:00:00.0 MEM: 9855.0MB
*** Finished refinePlace (0:01:03 mem=9855.0M) ***
  ClockRefiner summary
  All clock instances: Moved 0, flipped 0 and cell swapped 0 (out of a total of 76).
  Restoring pStatusCts on 1 clock instances.
  Leaving CCOpt scope - ClockRefiner done. (took cpu=0:00:00.0 real=0:00:00.0)
  Stage::Updating netlist done. (took cpu=0:00:00.0 real=0:00:00.0)
  CCOpt::Phase::Implementation done. (took cpu=0:00:00.4 real=0:00:00.3)
  CCOpt::Phase::eGRPC...
  eGR Post Conditioning...
    Clock implementation routing...
      Leaving CCOpt scope - Routing Tools...
Net route status summary:
  Clock:         2 (unrouted=2, trialRouted=0, noStatus=0, routed=0, fixed=0, [crossesIlmBoundary=0, tooFewTerms=0, (crossesIlmBoundary AND tooFewTerms=0)])
  Non-clock:   286 (unrouted=18, trialRouted=268, noStatus=0, routed=0, fixed=0, [crossesIlmBoundary=0, tooFewTerms=18, (crossesIlmBoundary AND tooFewTerms=0)])
      Routing using eGR only...
        Early Global Route - eGR only step...
(ccopt eGR): There are 2 nets to be routed. 0 nets have skip routing designation.
(ccopt eGR): There are 2 nets for routing of which 2 have one or more fixed wires.
(ccopt eGR): Start to route 2 all nets
[PSP]    Started Early Global Route ( Curr Mem: 9.21 MB )
Max route layer is changed from 127 to 6 because there is no routing track above this layer
Max route layer is changed from 127 to 6 because there is no routing track above this layer
[PSP]    Started Early Global Route kernel ( Curr Mem: 9.21 MB )
[NR-eGR] Read 270 nets ( ignored 268 )
[NR-eGR] There are 2 clock nets ( 2 with NDR ).
[NR-eGR] Layer group 1: route 2 net(s) in layer range [3, 4]
[NR-eGR] Early Global Route overflow of layer group 1: 0.00% H + 0.00% V. EstWL: 6.552000e+02um
[NR-eGR] Overflow after Early Global Route 0.00% H + 0.00% V
[NR-eGR] Total eGR-routed clock nets wire length: 698um, number of vias: 177
[NR-eGR] --------------------------------------------------------------------------
[NR-eGR] Report for selected net(s) only.
[NR-eGR]                 Length (um)  Vias 
[NR-eGR] ----------------------------------
[NR-eGR]  Metal1  (1H)             0    77 
[NR-eGR]  Metal2  (2V)           258    71 
[NR-eGR]  Metal3  (3H)           253    29 
[NR-eGR]  Metal4  (4V)           187     0 
[NR-eGR]  Metal5  (5H)             0     0 
[NR-eGR]  Metal6  (6V)             0     0 
[NR-eGR] ----------------------------------
[NR-eGR]          Total          698   177 
[NR-eGR] --------------------------------------------------------------------------
[NR-eGR] Total half perimeter of net bounding box: 237um
[NR-eGR] Total length: 698um, number of vias: 177
[NR-eGR] --------------------------------------------------------------------------
[NR-eGR] Total routed clock nets wire length: 698um, number of vias: 177
[NR-eGR] --------------------------------------------------------------------------
[NR-eGR]                 Length (um)  Vias 
[NR-eGR] ----------------------------------
[NR-eGR]  Metal1  (1H)             0   851 
[NR-eGR]  Metal2  (2V)          3118  1123 
[NR-eGR]  Metal3  (3H)          4535   121 
[NR-eGR]  Metal4  (4V)           710    12 
[NR-eGR]  Metal5  (5H)           143     4 
[NR-eGR]  Metal6  (6V)            25     0 
[NR-eGR] ----------------------------------
[NR-eGR]          Total         8531  2111 
[NR-eGR] --------------------------------------------------------------------------
[NR-eGR] Total half perimeter of net bounding box: 7367um
[NR-eGR] Total length: 8531um, number of vias: 2111
[NR-eGR] --------------------------------------------------------------------------
[NR-eGR] Finished Early Global Route kernel ( CPU: 0.03 sec, Real: 0.02 sec, Curr Mem: 9.25 MB )
[NR-eGR] Finished Early Global Route ( CPU: 0.03 sec, Real: 0.03 sec, Curr Mem: 9.25 MB )
        Early Global Route - eGR only step done. (took cpu=0:00:00.1 real=0:00:00.1)
      Routing using eGR only done.
Net route status summary:
  Clock:         2 (unrouted=0, trialRouted=0, noStatus=0, routed=2, fixed=0, [crossesIlmBoundary=0, tooFewTerms=0, (crossesIlmBoundary AND tooFewTerms=0)])
  Non-clock:   286 (unrouted=18, trialRouted=268, noStatus=0, routed=0, fixed=0, [crossesIlmBoundary=0, tooFewTerms=18, (crossesIlmBoundary AND tooFewTerms=0)])

CCOPT: Done with clock implementation routing.

      Leaving CCOpt scope - Routing Tools done. (took cpu=0:00:00.1 real=0:00:00.1)
    Clock implementation routing done.
    Leaving CCOpt scope - extractRC...
    Updating RC parasitics by calling: "extractRC -noRouteCheck"...
Extraction called for design 'aer_pending_direct_gray_sync_core_reset' of instances=231 and nets=288 using extraction engine 'preRoute' .
PreRoute RC Extraction called for design aer_pending_direct_gray_sync_core_reset.
RC Extraction called in multi-corner(1) mode.
RCMode: PreRoute
      RC Corner Indexes            0   
Capacitance Scaling Factor   : 1.00000 
Resistance Scaling Factor    : 1.00000 
Clock Cap. Scaling Factor    : 1.00000 
Clock Res. Scaling Factor    : 1.00000 
Shrink Factor                : 1.00000
PreRoute extraction is honoring NDR/Shielding/ExtraSpace for clock nets.
Using capacitance table file ...
Updating RC Grid density data for preRoute extraction ...
Initializing multi-corner capacitance tables ... 
Initializing multi-corner resistance tables ...
PreRoute RC Extraction DONE (CPU Time: 0:00:00.0  Real Time: 0:00:00.0  MEM: 9887.051M)
    Updating RC parasitics by calling: "extractRC -noRouteCheck" done.
    Leaving CCOpt scope - extractRC done. (took cpu=0:00:00.0 real=0:00:00.0)
    Leaving CCOpt scope - Initializing placement interface...
    Leaving CCOpt scope - Initializing placement interface done. (took cpu=0:00:00.0 real=0:00:00.0)
    Calling post conditioning for eGRPC...
      eGRPC...
        eGRPC active optimizations:
         - Move Down
         - Downsizing before DRV sizing
         - DRV fixing with sizing
         - Move to fanout
         - Cloning
        
        Currently running CTS, using active skew data
        Loading clock net RC data...
        Preprocessing clock nets...
        Nets initialized for optimization: Seen: 2 Attempted: 2 Successful: 2 Unsuccessful: 0 Invalid: 0
        Preprocessing clock nets done. (took cpu=0:00:00.0 real=0:00:00.0)
        Loading clock net RC data done. (took cpu=0:00:00.0 real=0:00:00.0)
        ProEngine running disconnected to DB
        Disconnecting...
        Disconnecting Clock Trees
        Disconnecting done. (took cpu=0:00:00.0 real=0:00:00.0)
        Reset bufferability constraints...
        Resetting previous bufferability status on all nets so that eGRPC will attempt to fix all clock tree violations.
        Clock tree timing engine global stage delay update for corner_slow:setup.late...
        Clock tree timing engine global stage delay update for corner_slow:setup.late done. (took cpu=0:00:00.0 real=0:00:00.0)
        Reset bufferability constraints done. (took cpu=0:00:00.0 real=0:00:00.0)
        Clock DAG stats eGRPC initial state:
          cell counts      : b=1, i=0, icg=0, dcg=0, l=0, total=1
          sink counts      : regular=75, enable_latch=0, load_capacitance=0, antenna=0, node_sink=0, total=75
          misc counts      : r=1, pp=0, mci=0
          cell areas       : b=79.834um^2, i=0.000um^2, icg=0.000um^2, dcg=0.000um^2, l=0.000um^2, total=79.834um^2
          cell capacitance : b=0.030pF, i=0.000pF, icg=0.000pF, dcg=0.000pF, l=0.000pF, total=0.030pF
          sink capacitance : total=0.214pF, avg=0.003pF, sd=0.000pF, min=0.003pF, max=0.003pF
          wire capacitance : top=0.000pF, trunk=0.007pF, leaf=0.087pF, total=0.094pF
          wire lengths     : top=0.000um, trunk=56.990um, leaf=640.620um, total=697.610um
          hp wire lengths  : top=0.000um, trunk=0.000um, leaf=181.470um, total=181.470um
        Clock DAG net violations eGRPC initial state: none
        Clock DAG primary half-corner transition distribution eGRPC initial state:
          Trunk : target=0.398ns count=1 avg=0.004ns sd=0.000ns min=0.004ns max=0.004ns {1 <= 0.239ns, 0 <= 0.318ns, 0 <= 0.358ns, 0 <= 0.378ns, 0 <= 0.398ns}
          Leaf  : target=0.398ns count=1 avg=0.150ns sd=0.000ns min=0.150ns max=0.150ns {1 <= 0.239ns, 0 <= 0.318ns, 0 <= 0.358ns, 0 <= 0.378ns, 0 <= 0.398ns}
        Clock DAG library cell distribution eGRPC initial state {count}:
           Bufs: CLKBUFX20: 1 
        Primary reporting skew groups eGRPC initial state:
          skew_group clk/p8dgscr_constraints: insertion delay [min=0.169, max=0.176, avg=0.173, sd=0.002, skn=-0.374, kur=-1.120], skew [0.007 vs 0.171], 100% {0.169, 0.176} (wid=0.012 ws=0.007) (gid=0.164 gs=0.000)
        Skew group summary eGRPC initial state:
          skew_group clk/p8dgscr_constraints: insertion delay [min=0.169, max=0.176, avg=0.173, sd=0.002, skn=-0.374, kur=-1.120], skew [0.007 vs 0.171], 100% {0.169, 0.176} (wid=0.012 ws=0.007) (gid=0.164 gs=0.000)
        eGRPC Moving buffers...
          Violation analysis...
          Violation analysis done. (took cpu=0:00:00.0 real=0:00:00.0)
          Clock DAG stats after 'eGRPC Moving buffers':
            cell counts      : b=1, i=0, icg=0, dcg=0, l=0, total=1
            sink counts      : regular=75, enable_latch=0, load_capacitance=0, antenna=0, node_sink=0, total=75
            misc counts      : r=1, pp=0, mci=0
            cell areas       : b=79.834um^2, i=0.000um^2, icg=0.000um^2, dcg=0.000um^2, l=0.000um^2, total=79.834um^2
            cell capacitance : b=0.030pF, i=0.000pF, icg=0.000pF, dcg=0.000pF, l=0.000pF, total=0.030pF
            sink capacitance : total=0.214pF, avg=0.003pF, sd=0.000pF, min=0.003pF, max=0.003pF
            wire capacitance : top=0.000pF, trunk=0.007pF, leaf=0.087pF, total=0.094pF
            wire lengths     : top=0.000um, trunk=56.990um, leaf=640.620um, total=697.610um
            hp wire lengths  : top=0.000um, trunk=0.000um, leaf=181.470um, total=181.470um
          Clock DAG net violations after 'eGRPC Moving buffers': none
          Clock DAG primary half-corner transition distribution after 'eGRPC Moving buffers':
            Trunk : target=0.398ns count=1 avg=0.004ns sd=0.000ns min=0.004ns max=0.004ns {1 <= 0.239ns, 0 <= 0.318ns, 0 <= 0.358ns, 0 <= 0.378ns, 0 <= 0.398ns}
            Leaf  : target=0.398ns count=1 avg=0.150ns sd=0.000ns min=0.150ns max=0.150ns {1 <= 0.239ns, 0 <= 0.318ns, 0 <= 0.358ns, 0 <= 0.378ns, 0 <= 0.398ns}
          Clock DAG library cell distribution after 'eGRPC Moving buffers' {count}:
             Bufs: CLKBUFX20: 1 
          Primary reporting skew groups after 'eGRPC Moving buffers':
            skew_group clk/p8dgscr_constraints: insertion delay [min=0.169, max=0.176], skew [0.007 vs 0.171]
          Skew group summary after 'eGRPC Moving buffers':
            skew_group clk/p8dgscr_constraints: insertion delay [min=0.169, max=0.176], skew [0.007 vs 0.171]
          Legalizer API calls during this step: 0 succeeded with high effort: 0 succeeded with medium effort: 0 succeeded with low effort: 0 succeeded with basic effort: 0 succeeded with basic unbounded effort: 0
        eGRPC Moving buffers done. (took cpu=0:00:00.0 real=0:00:00.0)
        eGRPC Initial Pass of Downsizing Clock Tree cells...
          Modifying slew-target multiplier from 1 to 0.9
          Artificially removing short and long paths...
            Legalizer API calls during this step: 0 succeeded with high effort: 0 succeeded with medium effort: 0 succeeded with low effort: 0 succeeded with basic effort: 0 succeeded with basic unbounded effort: 0
          Artificially removing short and long paths done. (took cpu=0:00:00.0 real=0:00:00.0)
          Downsizing prefiltering...
          Downsizing prefiltering done.
          Prefiltering Summary : numPassedPreFiltering = 0, numSkippedDueToCloseToSlewTarget = 0, numSkippedDueToCloseToSkewTarget = 2
          DoDownSizing Summary : numSized = 0
          Reverting slew-target multiplier from 0.9 to 1
          Clock DAG stats after 'eGRPC Initial Pass of Downsizing Clock Tree cells':
            cell counts      : b=1, i=0, icg=0, dcg=0, l=0, total=1
            sink counts      : regular=75, enable_latch=0, load_capacitance=0, antenna=0, node_sink=0, total=75
            misc counts      : r=1, pp=0, mci=0
            cell areas       : b=79.834um^2, i=0.000um^2, icg=0.000um^2, dcg=0.000um^2, l=0.000um^2, total=79.834um^2
            cell capacitance : b=0.030pF, i=0.000pF, icg=0.000pF, dcg=0.000pF, l=0.000pF, total=0.030pF
            sink capacitance : total=0.214pF, avg=0.003pF, sd=0.000pF, min=0.003pF, max=0.003pF
            wire capacitance : top=0.000pF, trunk=0.007pF, leaf=0.087pF, total=0.094pF
            wire lengths     : top=0.000um, trunk=56.990um, leaf=640.620um, total=697.610um
            hp wire lengths  : top=0.000um, trunk=0.000um, leaf=181.470um, total=181.470um
          Clock DAG net violations after 'eGRPC Initial Pass of Downsizing Clock Tree cells': none
          Clock DAG primary half-corner transition distribution after 'eGRPC Initial Pass of Downsizing Clock Tree cells':
            Trunk : target=0.398ns count=1 avg=0.004ns sd=0.000ns min=0.004ns max=0.004ns {1 <= 0.239ns, 0 <= 0.318ns, 0 <= 0.358ns, 0 <= 0.378ns, 0 <= 0.398ns}
            Leaf  : target=0.398ns count=1 avg=0.150ns sd=0.000ns min=0.150ns max=0.150ns {1 <= 0.239ns, 0 <= 0.318ns, 0 <= 0.358ns, 0 <= 0.378ns, 0 <= 0.398ns}
          Clock DAG library cell distribution after 'eGRPC Initial Pass of Downsizing Clock Tree cells' {count}:
             Bufs: CLKBUFX20: 1 
          Primary reporting skew groups after 'eGRPC Initial Pass of Downsizing Clock Tree cells':
            skew_group clk/p8dgscr_constraints: insertion delay [min=0.169, max=0.176], skew [0.007 vs 0.171]
          Skew group summary after 'eGRPC Initial Pass of Downsizing Clock Tree cells':
            skew_group clk/p8dgscr_constraints: insertion delay [min=0.169, max=0.176], skew [0.007 vs 0.171]
          Legalizer API calls during this step: 0 succeeded with high effort: 0 succeeded with medium effort: 0 succeeded with low effort: 0 succeeded with basic effort: 0 succeeded with basic unbounded effort: 0
        eGRPC Initial Pass of Downsizing Clock Tree cells done. (took cpu=0:00:00.0 real=0:00:00.0)
        eGRPC Fixing DRVs...
          Fixing clock tree DRVs: ...20% ...40% ...60% ...80% ...100% 
          CCOpt-eGRPC: considered: 2, tested: 2, violation detected: 0, violation ignored (due to small violation): 0, cannot run: 0, attempted: 0, unsuccessful: 0, sized: 0
          
          Statistics: Fix DRVs (cell sizing):
          ===================================
          
          Cell changes by Net Type:
          
          -------------------------------------------------------------------------------------------------
          Net Type    Attempted    Upsized     Downsized    Swapped Same Size    Total Changed    Not Sized
          -------------------------------------------------------------------------------------------------
          top                0            0           0            0                    0                0
          trunk              0            0           0            0                    0                0
          leaf               0            0           0            0                    0                0
          -------------------------------------------------------------------------------------------------
          Total              0            0           0            0                    0                0
          -------------------------------------------------------------------------------------------------
          
          Upsized: 0, Downsized: 0, Sized but same area: 0, Unchanged: 0, Area change: 0.000um^2 (0.000%)
          Max. move: 0.000um, Min. move: 0.000um, Avg. move: N/A
          
          Clock DAG stats after 'eGRPC Fixing DRVs':
            cell counts      : b=1, i=0, icg=0, dcg=0, l=0, total=1
            sink counts      : regular=75, enable_latch=0, load_capacitance=0, antenna=0, node_sink=0, total=75
            misc counts      : r=1, pp=0, mci=0
            cell areas       : b=79.834um^2, i=0.000um^2, icg=0.000um^2, dcg=0.000um^2, l=0.000um^2, total=79.834um^2
            cell capacitance : b=0.030pF, i=0.000pF, icg=0.000pF, dcg=0.000pF, l=0.000pF, total=0.030pF
            sink capacitance : total=0.214pF, avg=0.003pF, sd=0.000pF, min=0.003pF, max=0.003pF
            wire capacitance : top=0.000pF, trunk=0.007pF, leaf=0.087pF, total=0.094pF
            wire lengths     : top=0.000um, trunk=56.990um, leaf=640.620um, total=697.610um
            hp wire lengths  : top=0.000um, trunk=0.000um, leaf=181.470um, total=181.470um
          Clock DAG net violations after 'eGRPC Fixing DRVs': none
          Clock DAG primary half-corner transition distribution after 'eGRPC Fixing DRVs':
            Trunk : target=0.398ns count=1 avg=0.004ns sd=0.000ns min=0.004ns max=0.004ns {1 <= 0.239ns, 0 <= 0.318ns, 0 <= 0.358ns, 0 <= 0.378ns, 0 <= 0.398ns}
            Leaf  : target=0.398ns count=1 avg=0.150ns sd=0.000ns min=0.150ns max=0.150ns {1 <= 0.239ns, 0 <= 0.318ns, 0 <= 0.358ns, 0 <= 0.378ns, 0 <= 0.398ns}
          Clock DAG library cell distribution after 'eGRPC Fixing DRVs' {count}:
             Bufs: CLKBUFX20: 1 
          Primary reporting skew groups after 'eGRPC Fixing DRVs':
            skew_group clk/p8dgscr_constraints: insertion delay [min=0.169, max=0.176], skew [0.007 vs 0.171]
          Skew group summary after 'eGRPC Fixing DRVs':
            skew_group clk/p8dgscr_constraints: insertion delay [min=0.169, max=0.176], skew [0.007 vs 0.171]
          Legalizer API calls during this step: 0 succeeded with high effort: 0 succeeded with medium effort: 0 succeeded with low effort: 0 succeeded with basic effort: 0 succeeded with basic unbounded effort: 0
        eGRPC Fixing DRVs done. (took cpu=0:00:00.0 real=0:00:00.0)
        Reconnecting optimized routes...
        Reset timing graph...
Ignoring AAE DB Resetting ...
        Reset timing graph done.
        Reconnecting optimized routes done. (took cpu=0:00:00.0 real=0:00:00.0)
        Violation analysis...
        Violation analysis done. (took cpu=0:00:00.0 real=0:00:00.0)
        Reset timing graph...
Ignoring AAE DB Resetting ...
        Reset timing graph done.
        Clock DAG stats before routing clock trees:
          cell counts      : b=1, i=0, icg=0, dcg=0, l=0, total=1
          sink counts      : regular=75, enable_latch=0, load_capacitance=0, antenna=0, node_sink=0, total=75
          misc counts      : r=1, pp=0, mci=0
          cell areas       : b=79.834um^2, i=0.000um^2, icg=0.000um^2, dcg=0.000um^2, l=0.000um^2, total=79.834um^2
          cell capacitance : b=0.030pF, i=0.000pF, icg=0.000pF, dcg=0.000pF, l=0.000pF, total=0.030pF
          sink capacitance : total=0.214pF, avg=0.003pF, sd=0.000pF, min=0.003pF, max=0.003pF
          wire capacitance : top=0.000pF, trunk=0.007pF, leaf=0.087pF, total=0.094pF
          wire lengths     : top=0.000um, trunk=56.990um, leaf=640.620um, total=697.610um
          hp wire lengths  : top=0.000um, trunk=0.000um, leaf=181.470um, total=181.470um
        Clock DAG net violations before routing clock trees: none
        Clock DAG primary half-corner transition distribution before routing clock trees:
          Trunk : target=0.398ns count=1 avg=0.004ns sd=0.000ns min=0.004ns max=0.004ns {1 <= 0.239ns, 0 <= 0.318ns, 0 <= 0.358ns, 0 <= 0.378ns, 0 <= 0.398ns}
          Leaf  : target=0.398ns count=1 avg=0.150ns sd=0.000ns min=0.150ns max=0.150ns {1 <= 0.239ns, 0 <= 0.318ns, 0 <= 0.358ns, 0 <= 0.378ns, 0 <= 0.398ns}
        Clock DAG library cell distribution before routing clock trees {count}:
           Bufs: CLKBUFX20: 1 
        Primary reporting skew groups before routing clock trees:
          skew_group clk/p8dgscr_constraints: insertion delay [min=0.169, max=0.176, avg=0.173, sd=0.002, skn=-0.374, kur=-1.120], skew [0.007 vs 0.171], 100% {0.169, 0.176} (wid=0.012 ws=0.007) (gid=0.164 gs=0.000)
        Skew group summary before routing clock trees:
          skew_group clk/p8dgscr_constraints: insertion delay [min=0.169, max=0.176, avg=0.173, sd=0.002, skn=-0.374, kur=-1.120], skew [0.007 vs 0.171], 100% {0.169, 0.176} (wid=0.012 ws=0.007) (gid=0.164 gs=0.000)
        Legalizer API calls during this step: 0 succeeded with high effort: 0 succeeded with medium effort: 0 succeeded with low effort: 0 succeeded with basic effort: 0 succeeded with basic unbounded effort: 0
      eGRPC done.
    Calling post conditioning for eGRPC done.
  eGR Post Conditioning done.
  Refine place not called during Post Conditioning. Calling it now the eGR->PC Loop is complete.
  Leaving CCOpt scope - Cleaning up placement interface...
  Leaving CCOpt scope - Cleaning up placement interface done. (took cpu=0:00:00.0 real=0:00:00.0)
  Leaving CCOpt scope - ClockRefiner...
  Soft fixed 1 clock instances.
  Performing Single Pass Refine Place.
*** Starting refinePlace (0:01:03 mem=9887.1M) ***
Total net bbox length = 7.367e+03 (4.208e+03 3.158e+03) (ext = 1.575e+03)
Max route layer is changed from 127 to 6 because there is no routing track above this layer
Max route layer is changed from 127 to 6 because there is no routing track above this layer
Max route layer is changed from 127 to 6 because there is no routing track above this layer
Max route layer is changed from 127 to 6 because there is no routing track above this layer
Move report: Detail placement moves 0 insts, mean move: 0.00 um, max move: 0.00 um 
	Runtime: CPU: 0:00:00.0 REAL: 0:00:00.0 MEM: 9855.0MB
Summary Report:
Instances move: 0 (out of 231 movable)
Instances flipped: 0
Mean displacement: 0.00 um
Max displacement: 0.00 um 
Physical-only instances move: 0 (out of 0 movable physical-only)
Total net bbox length = 7.367e+03 (4.208e+03 3.158e+03) (ext = 1.575e+03)
Runtime: CPU: 0:00:00.0 REAL: 0:00:00.0 MEM: 9855.0MB
*** Finished refinePlace (0:01:03 mem=9855.0M) ***
  ClockRefiner summary
  All clock instances: Moved 0, flipped 0 and cell swapped 0 (out of a total of 76).
  Restoring pStatusCts on 1 clock instances.
  Leaving CCOpt scope - ClockRefiner done. (took cpu=0:00:00.0 real=0:00:00.0)
  CCOpt::Phase::eGRPC done. (took cpu=0:00:00.2 real=0:00:00.2)
  CCOpt::Phase::Routing...
  Clock implementation routing...
    Leaving CCOpt scope - Routing Tools...
Net route status summary:
  Clock:         2 (unrouted=0, trialRouted=0, noStatus=0, routed=2, fixed=0, [crossesIlmBoundary=0, tooFewTerms=0, (crossesIlmBoundary AND tooFewTerms=0)])
  Non-clock:   286 (unrouted=18, trialRouted=268, noStatus=0, routed=0, fixed=0, [crossesIlmBoundary=0, tooFewTerms=18, (crossesIlmBoundary AND tooFewTerms=0)])
    Routing using eGR in eGR->NR Step...
      Early Global Route - eGR->Nr High Frequency step...
(ccopt eGR): There are 2 nets to be routed. 0 nets have skip routing designation.
(ccopt eGR): There are 2 nets for routing of which 2 have one or more fixed wires.
(ccopt eGR): Start to route 2 all nets
[PSP]    Started Early Global Route ( Curr Mem: 9.21 MB )
Max route layer is changed from 127 to 6 because there is no routing track above this layer
Max route layer is changed from 127 to 6 because there is no routing track above this layer
[PSP]    Started Early Global Route kernel ( Curr Mem: 9.21 MB )
[NR-eGR] Read 270 nets ( ignored 268 )
[NR-eGR] There are 2 clock nets ( 2 with NDR ).
[NR-eGR] Layer group 1: route 2 net(s) in layer range [3, 4]
[NR-eGR] Early Global Route overflow of layer group 1: 0.00% H + 0.00% V. EstWL: 6.552000e+02um
[NR-eGR] Overflow after Early Global Route 0.00% H + 0.00% V
[NR-eGR] Total eGR-routed clock nets wire length: 698um, number of vias: 177
[NR-eGR] --------------------------------------------------------------------------
[NR-eGR] Report for selected net(s) only.
[NR-eGR]                 Length (um)  Vias 
[NR-eGR] ----------------------------------
[NR-eGR]  Metal1  (1H)             0    77 
[NR-eGR]  Metal2  (2V)           258    71 
[NR-eGR]  Metal3  (3H)           253    29 
[NR-eGR]  Metal4  (4V)           187     0 
[NR-eGR]  Metal5  (5H)             0     0 
[NR-eGR]  Metal6  (6V)             0     0 
[NR-eGR] ----------------------------------
[NR-eGR]          Total          698   177 
[NR-eGR] --------------------------------------------------------------------------
[NR-eGR] Total half perimeter of net bounding box: 237um
[NR-eGR] Total length: 698um, number of vias: 177
[NR-eGR] --------------------------------------------------------------------------
[NR-eGR] Total routed clock nets wire length: 698um, number of vias: 177
[NR-eGR] --------------------------------------------------------------------------
[NR-eGR]                 Length (um)  Vias 
[NR-eGR] ----------------------------------
[NR-eGR]  Metal1  (1H)             0   851 
[NR-eGR]  Metal2  (2V)          3118  1123 
[NR-eGR]  Metal3  (3H)          4535   121 
[NR-eGR]  Metal4  (4V)           710    12 
[NR-eGR]  Metal5  (5H)           143     4 
[NR-eGR]  Metal6  (6V)            25     0 
[NR-eGR] ----------------------------------
[NR-eGR]          Total         8531  2111 
[NR-eGR] --------------------------------------------------------------------------
[NR-eGR] Total half perimeter of net bounding box: 7367um
[NR-eGR] Total length: 8531um, number of vias: 2111
[NR-eGR] --------------------------------------------------------------------------
[NR-eGR] Finished Early Global Route kernel ( CPU: 0.03 sec, Real: 0.02 sec, Curr Mem: 9.25 MB )
[NR-eGR] Finished Early Global Route ( CPU: 0.04 sec, Real: 0.03 sec, Curr Mem: 9.25 MB )
      Early Global Route - eGR->Nr High Frequency step done. (took cpu=0:00:00.1 real=0:00:00.1)
    Routing using eGR in eGR->NR Step done.
    Routing using NR in eGR->NR Step...

CCOPT: Preparing to route 2 clock nets with NanoRoute.
  All net are default rule.
  Preferred NanoRoute mode settings: Current
      Clock detailed routing...
        NanoRoute...
#% Begin globalDetailRoute (date=08/21 03:17:49, mem=2486.7M)

globalDetailRoute

#Start globalDetailRoute on Fri Aug 21 03:17:49 2026
#
#WARNING (NRIF-95) Option setNanoRouteMode -routeTopRoutingLayer has invalid value "0". Reset to max routing layer "6".
#NanoRoute Version 23.14-s088_1 NR250219-0822/23_14-UB
#WARNING (NRIF-95) Option setNanoRouteMode -routeTopRoutingLayer has invalid value "0". Reset to max routing layer "6".
#WARNING (NRIF-95) Option setNanoRouteMode -routeTopRoutingLayer has invalid value "0". Reset to max routing layer "6".
#
#Wire/Via statistics before line assignment ...
#Total number of nets with non-default rule or having extra spacing = 2
#
#  Routing Statistics
#
#---------------+-----------+-----+
#  Layer        | Length(um)| Vias|
#---------------+-----------+-----+
#  Metal1 ( 1H) |          0|   77|
#  Metal2 ( 2V) |        258|   71|
#  Metal3 ( 3H) |        253|   29|
#  Metal4 ( 4V) |        187|    0|
#  Metal5 ( 5H) |          0|    0|
#  Metal6 ( 6V) |          0|    0|
#---------------+-----------+-----+
#  Total        |        698|  177|
#---------------+-----------+-----+
#
# Total half perimeter of net bounding box: 240 um.
#WARNING (NRIF-95) Option setNanoRouteMode -routeTopRoutingLayer has invalid value "0". Reset to max routing layer "6".
#Start routing data preparation on Fri Aug 21 03:17:49 2026
#
#WARNING (NRIF-95) Option setNanoRouteMode -routeTopRoutingLayer has invalid value "0". Reset to max routing layer "6".
#WARNING (NRIF-95) Option setNanoRouteMode -routeTopRoutingLayer has invalid value "0". Reset to max routing layer "6".
#Initial pin access analysis.
#Detail pin access analysis.
# Metal1       H   Track-Pitch = 0.56000    Line-2-Via Pitch = 0.48500
# Metal2       V   Track-Pitch = 0.66000    Line-2-Via Pitch = 0.56000
# Metal3       H   Track-Pitch = 0.56000    Line-2-Via Pitch = 0.56000
# Metal4       V   Track-Pitch = 0.66000    Line-2-Via Pitch = 0.56000
# Metal5       H   Track-Pitch = 0.56000    Line-2-Via Pitch = 0.56000
# Metal6       V   Track-Pitch = 0.99000    Line-2-Via Pitch = 0.95000
#Bottom routing layer index=1(Metal1), bottom routing layer for shielding=1(Metal1), bottom shield layer=1(Metal1)
#shield_bottom_stripe_layer=1(Metal1), shield_top_stripe_layer=6(Metal6)
#pin_access_rlayer=2(Metal2)
#shield_top_dpt_rlayer=-1 top_rlayer=6 top_trim_metal_rlayer=-1 rlayer_lowest=1 bottom_rlayer=1
#enable_trim_layer_shield=F enable_dpt_layer_shield=F has_line_end_grid=F
#enable_dpt_layer_shield=F
#has_line_end_grid=F
#cpu time = 00:00:00, elapsed time = 00:00:00, memory = 2500.29 (MB), peak = 2634.54 (MB)
#Regenerating Ggrids automatically.
#Auto generating G-grids with size=15 tracks, using layer Metal3's pitch = 0.56000.
#Using automatically generated G-grids.
#Done routing data preparation.
#cpu time = 00:00:01, elapsed time = 00:00:00, memory = 2512.04 (MB), peak = 2634.54 (MB)
#WARNING (NRIF-95) Option setNanoRouteMode -routeTopRoutingLayer has invalid value "0". Reset to max routing layer "6".
Updating RC Grid density data for preRoute extraction ...
Initializing multi-corner capacitance tables ... 
Initializing multi-corner resistance tables ...
#
#Distribution of nets:
#  
# #pin range           #net       % 
#------------------------------------
#          2             147 ( 51.0%)
#          3              74 ( 25.7%)
#          4              18 (  6.2%)
#          5              10 (  3.5%)
#          6              10 (  3.5%)
#          7               2 (  0.7%)
#          8               1 (  0.3%)
#          9               3 (  1.0%)
#  10  -  19               3 (  1.0%)
#  20  -  29               1 (  0.3%)
#  70  -  79               1 (  0.3%)
#     >=2000               0 (  0.0%)
#
#Total: 288 nets, 270 non-trivial nets
#                                    #net       % 
#-------------------------------------------------
#  Fully global routed                  2 ( 0.7%)
#  Clock                                2
#  Extra space                          2
#  Prefer layer range                   2
#
#Nets in 1 layer range:
#  Bottom Pref.Layer    Top Pref.Layer       #net       % 
#---------------------------------------------------------
#             Metal3           Metal4           2 (  0.7%)
#
#2 nets selected.
#
#
#..
#
#Iteration 1.1: cpu:00:00:00, real:00:00:00, mem:2.5 GB, peak:2.6 GB --1.31 [4]--
#Iteration 1.2: cpu:00:00:00, real:00:00:00, mem:2.5 GB, peak:2.6 GB --1.28 [4]--
#Iteration 1.3: cpu:00:00:00, real:00:00:00, mem:2.5 GB, peak:2.6 GB --1.28 [4]--
#Iteration 1.4: cpu:00:00:00, real:00:00:00, mem:2.5 GB, peak:2.6 GB --1.28 [4]--
#Iteration 2.1: cpu:00:00:00, real:00:00:00, mem:2.5 GB, peak:2.6 GB --1.27 [4]--
#Iteration 2.2: cpu:00:00:00, real:00:00:00, mem:2.5 GB, peak:2.6 GB --1.26 [4]--
#Iteration 2.3: cpu:00:00:00, real:00:00:00, mem:2.5 GB, peak:2.6 GB --1.27 [4]--
#Iteration 2.4: cpu:00:00:00, real:00:00:00, mem:2.5 GB, peak:2.6 GB --1.25 [4]--
#Iteration 3.1: cpu:00:00:00, real:00:00:00, mem:2.5 GB, peak:2.6 GB --1.28 [4]--
#Iteration 3.2: cpu:00:00:00, real:00:00:00, mem:2.5 GB, peak:2.6 GB --1.26 [4]--
#Iteration 3.3: cpu:00:00:00, real:00:00:00, mem:2.5 GB, peak:2.6 GB --1.24 [4]--
#Iteration 3.4: cpu:00:00:00, real:00:00:00, mem:2.5 GB, peak:2.6 GB --1.25 [4]--
#
#Line Assignment statistics:
#Cpu time = 00:00:00
#Elapsed time = 00:00:00
#Increased memory = 2.07 (MB)
#Total memory = 2521.39 (MB)
#Peak memory = 2634.54 (MB)
#End Line Assignment: cpu:00:00:00, real:00:00:00, mem:2.5 GB, peak:2.6 GB --1.28 [4]--
#
#Wire/Via statistics after line assignment ...
#Total number of nets with non-default rule or having extra spacing = 2
#
#  Routing Statistics
#
#---------------+-----------+-----+
#  Layer        | Length(um)| Vias|
#---------------+-----------+-----+
#  Metal1 ( 1H) |          1|   77|
#  Metal2 ( 2V) |        282|   58|
#  Metal3 ( 3H) |        258|   24|
#  Metal4 ( 4V) |        183|    0|
#  Metal5 ( 5H) |          0|    0|
#  Metal6 ( 6V) |          0|    0|
#---------------+-----------+-----+
#  Total        |        722|  159|
#---------------+-----------+-----+
#
# Total half perimeter of net bounding box: 240 um.
#Routing data preparation, pin analysis, line assignment statistics:
#Cpu time = 00:00:01
#Elapsed time = 00:00:01
#Increased memory = 24.34 (MB)
#Total memory = 2515.17 (MB)
#Peak memory = 2634.54 (MB)
#WARNING (NRIF-95) Option setNanoRouteMode -routeTopRoutingLayer has invalid value "0". Reset to max routing layer "6".
#Skip comparing routing design signature in db-snapshot flow
#WARNING (NRIF-95) Option setNanoRouteMode -routeTopRoutingLayer has invalid value "0". Reset to max routing layer "6".
#WARNING (NRIF-95) Option setNanoRouteMode -routeTopRoutingLayer has invalid value "0". Reset to max routing layer "6".
#Using multithreading with 4 threads.
#WARNING (NRIF-95) Option setNanoRouteMode -routeTopRoutingLayer has invalid value "0". Reset to max routing layer "6".
#WARNING (NRIF-95) Option setNanoRouteMode -routeTopRoutingLayer has invalid value "0". Reset to max routing layer "6".
#WARNING (NRIF-95) Option setNanoRouteMode -routeTopRoutingLayer has invalid value "0". Reset to max routing layer "6".
#WARNING (NRIF-95) Option setNanoRouteMode -routeTopRoutingLayer has invalid value "0". Reset to max routing layer "6".
#
#Start Detail Routing..
#start initial detail routing ...
#   number of violations = 0
#cpu time = 00:00:00, elapsed time = 00:00:00, memory = 2529.50 (MB), peak = 2634.54 (MB)
#Complete Detail Routing.
#Total number of nets with non-default rule or having extra spacing = 2
#
#  Routing Statistics
#
#---------------+-----------+-----+
#  Layer        | Length(um)| Vias|
#---------------+-----------+-----+
#  Metal1 ( 1H) |          1|   77|
#  Metal2 ( 2V) |        203|   47|
#  Metal3 ( 3H) |        310|   37|
#  Metal4 ( 4V) |        240|    0|
#  Metal5 ( 5H) |          0|    0|
#  Metal6 ( 6V) |          0|    0|
#---------------+-----------+-----+
#  Total        |        755|  161|
#---------------+-----------+-----+
#
# Total half perimeter of net bounding box: 240 um.
#Total number of DRC violations = 0
#Cpu time = 00:00:00
#Elapsed time = 00:00:00
#Increased memory = 10.42 (MB)
#Total memory = 2525.65 (MB)
#Peak memory = 2634.54 (MB)
#detailRoute Statistics:
#Cpu time = 00:00:00
#Elapsed time = 00:00:00
#Increased memory = 10.48 (MB)
#Total memory = 2525.66 (MB)
#Peak memory = 2634.54 (MB)
Extracting standard cell pins and blockage ...... 
Pin and blockage extraction finished
#
#globalDetailRoute statistics:
#Cpu time = 00:00:01
#Elapsed time = 00:00:01
#Increased memory = 40.65 (MB)
#Total memory = 2527.50 (MB)
#Peak memory = 2634.54 (MB)
#Number of warnings = 14
#Total number of warnings = 18
#Number of fails = 0
#Total number of fails = 0
#Complete globalDetailRoute on Fri Aug 21 03:17:50 2026
#
#
#  Scalability Statistics
#
#-------------------------+---------+-------------+------------+
#  globalDetailRoute      | cpu time| elapsed time| scalability|
#-------------------------+---------+-------------+------------+
#  Pre Callback           | 00:00:00|     00:00:00|         1.0|
#  Post Callback          | 00:00:00|     00:00:00|         1.0|
#  Timing Data Generation | 00:00:00|     00:00:00|         1.0|
#  DB Import              | 00:00:00|     00:00:00|         1.0|
#  DB Export              | 00:00:00|     00:00:00|         1.0|
#  Cell Pin Access        | 00:00:00|     00:00:00|         1.0|
#  Data Preparation       | 00:00:00|     00:00:00|         1.0|
#  Line Assignment        | 00:00:00|     00:00:00|         1.0|
#  Detail Routing         | 00:00:00|     00:00:00|         1.0|
#  Entire Command         | 00:00:01|     00:00:01|         1.6|
#-------------------------+---------+-------------+------------+
#
#% End globalDetailRoute (date=08/21 03:17:50, total cpu=0:00:01.3, real=0:00:01.0, peak res=2634.5M, current mem=2520.0M)
        NanoRoute done. (took cpu=0:00:01.3 real=0:00:00.8)
      Clock detailed routing done.
Skipping check of guided vs. routed net lengths.
Set FIXED routing status on 2 net(s)
Set FIXED placed status on 1 instance(s)
      Route Remaining Unrouted Nets...
Running earlyGlobalRoute to complete any remaining unrouted nets.
Updating RC Grid density data for preRoute extraction ...
Initializing multi-corner capacitance tables ... 
Initializing multi-corner resistance tables ...
[NR-eGR] Started Early Global Route ( Curr Mem: 9.20 MB )
Max route layer is changed from 127 to 6 because there is no routing track above this layer
Max route layer is changed from 127 to 6 because there is no routing track above this layer
[NR-eGR] Started Early Global Route kernel ( Curr Mem: 9.20 MB )
[NR-eGR] Read 270 nets ( ignored 2 )
[NR-eGR] Layer group 1: route 268 net(s) in layer range [2, 6]
[NR-eGR] Early Global Route overflow of layer group 1: 0.00% H + 0.00% V. EstWL: 7.408800e+03um
[NR-eGR] Overflow after Early Global Route 0.00% H + 0.00% V
[NR-eGR] Total eGR-routed clock nets wire length: 0um, number of vias: 0
[NR-eGR] --------------------------------------------------------------------------
[NR-eGR]                 Length (um)  Vias 
[NR-eGR] ----------------------------------
[NR-eGR]  Metal1  (1H)             1   851 
[NR-eGR]  Metal2  (2V)          2984  1095 
[NR-eGR]  Metal3  (3H)          4525   136 
[NR-eGR]  Metal4  (4V)           867    11 
[NR-eGR]  Metal5  (5H)           212     2 
[NR-eGR]  Metal6  (6V)            17     0 
[NR-eGR] ----------------------------------
[NR-eGR]          Total         8607  2095 
[NR-eGR] --------------------------------------------------------------------------
[NR-eGR] Total half perimeter of net bounding box: 7367um
[NR-eGR] Total length: 8607um, number of vias: 2095
[NR-eGR] --------------------------------------------------------------------------
[NR-eGR] Finished Early Global Route kernel ( CPU: 0.07 sec, Real: 0.03 sec, Curr Mem: 9.21 MB )
[NR-eGR] Finished Early Global Route ( CPU: 0.07 sec, Real: 0.04 sec, Curr Mem: 9.21 MB )
      Route Remaining Unrouted Nets done. (took cpu=0:00:00.1 real=0:00:00.1)
    Routing using NR in eGR->NR Step done.
Net route status summary:
  Clock:         2 (unrouted=0, trialRouted=0, noStatus=0, routed=0, fixed=2, [crossesIlmBoundary=0, tooFewTerms=0, (crossesIlmBoundary AND tooFewTerms=0)])
  Non-clock:   286 (unrouted=18, trialRouted=268, noStatus=0, routed=0, fixed=0, [crossesIlmBoundary=0, tooFewTerms=18, (crossesIlmBoundary AND tooFewTerms=0)])

CCOPT: Done with clock implementation routing.

    Leaving CCOpt scope - Routing Tools done. (took cpu=0:00:01.6 real=0:00:01.1)
  Clock implementation routing done.
  Leaving CCOpt scope - extractRC...
  Updating RC parasitics by calling: "extractRC -noRouteCheck"...
Extraction called for design 'aer_pending_direct_gray_sync_core_reset' of instances=231 and nets=288 using extraction engine 'preRoute' .
PreRoute RC Extraction called for design aer_pending_direct_gray_sync_core_reset.
RC Extraction called in multi-corner(1) mode.
RCMode: PreRoute
      RC Corner Indexes            0   
Capacitance Scaling Factor   : 1.00000 
Resistance Scaling Factor    : 1.00000 
Clock Cap. Scaling Factor    : 1.00000 
Clock Res. Scaling Factor    : 1.00000 
Shrink Factor                : 1.00000
PreRoute extraction is honoring NDR/Shielding/ExtraSpace for clock nets.
Using capacitance table file ...
Updating RC Grid density data for preRoute extraction ...
Initializing multi-corner capacitance tables ... 
Initializing multi-corner resistance tables ...
PreRoute RC Extraction DONE (CPU Time: 0:00:00.0  Real Time: 0:00:00.0  MEM: 9887.051M)
  Updating RC parasitics by calling: "extractRC -noRouteCheck" done.
  Leaving CCOpt scope - extractRC done. (took cpu=0:00:00.0 real=0:00:00.0)
  Clock tree timing engine global stage delay update for corner_slow:setup.late...
  Clock tree timing engine global stage delay update for corner_slow:setup.late done. (took cpu=0:00:00.0 real=0:00:00.0)
  Clock DAG stats after routing clock trees:
    cell counts      : b=1, i=0, icg=0, dcg=0, l=0, total=1
    sink counts      : regular=75, enable_latch=0, load_capacitance=0, antenna=0, node_sink=0, total=75
    misc counts      : r=1, pp=0, mci=0
    cell areas       : b=79.834um^2, i=0.000um^2, icg=0.000um^2, dcg=0.000um^2, l=0.000um^2, total=79.834um^2
    cell capacitance : b=0.030pF, i=0.000pF, icg=0.000pF, dcg=0.000pF, l=0.000pF, total=0.030pF
    sink capacitance : total=0.214pF, avg=0.003pF, sd=0.000pF, min=0.003pF, max=0.003pF
    wire capacitance : top=0.000pF, trunk=0.007pF, leaf=0.092pF, total=0.099pF
    wire lengths     : top=0.000um, trunk=56.990um, leaf=697.520um, total=754.510um
    hp wire lengths  : top=0.000um, trunk=0.000um, leaf=181.470um, total=181.470um
  Clock DAG net violations after routing clock trees: none
  Clock DAG primary half-corner transition distribution after routing clock trees:
    Trunk : target=0.398ns count=1 avg=0.004ns sd=0.000ns min=0.004ns max=0.004ns {1 <= 0.239ns, 0 <= 0.318ns, 0 <= 0.358ns, 0 <= 0.378ns, 0 <= 0.398ns}
    Leaf  : target=0.398ns count=1 avg=0.151ns sd=0.000ns min=0.151ns max=0.151ns {1 <= 0.239ns, 0 <= 0.318ns, 0 <= 0.358ns, 0 <= 0.378ns, 0 <= 0.398ns}
  Clock DAG library cell distribution after routing clock trees {count}:
     Bufs: CLKBUFX20: 1 
  Primary reporting skew groups after routing clock trees:
    skew_group clk/p8dgscr_constraints: insertion delay [min=0.169, max=0.177, avg=0.174, sd=0.002, skn=-0.708, kur=0.320], skew [0.008 vs 0.171], 100% {0.169, 0.177} (wid=0.012 ws=0.008) (gid=0.165 gs=0.000)
  Skew group summary after routing clock trees:
    skew_group clk/p8dgscr_constraints: insertion delay [min=0.169, max=0.177, avg=0.174, sd=0.002, skn=-0.708, kur=0.320], skew [0.008 vs 0.171], 100% {0.169, 0.177} (wid=0.012 ws=0.008) (gid=0.165 gs=0.000)
  CCOpt::Phase::Routing done. (took cpu=0:00:01.6 real=0:00:01.1)
  CCOpt::Phase::PostConditioning...
  Leaving CCOpt scope - Initializing placement interface...
  Leaving CCOpt scope - Initializing placement interface done. (took cpu=0:00:00.0 real=0:00:00.0)
  PostConditioning...
    PostConditioning active optimizations:
     - DRV fixing with initial upsizing, sizing and buffering
     - Skew fixing with sizing
    
    Currently running CTS, using active skew data
    ProEngine running partially connected to DB
    Reset bufferability constraints...
    Resetting previous bufferability status on all nets so that PostConditioning will attempt to fix all clock tree violations.
    Reset bufferability constraints done. (took cpu=0:00:00.0 real=0:00:00.0)
    PostConditioning Upsizing To Fix DRVs...
      Fixing clock tree DRVs with upsizing: ...20% ...40% ...60% ...80% ...100% 
      CCOpt-PostConditioning: considered: 2, tested: 2, violation detected: 0, violation ignored (due to small violation): 0, cannot run: 0, attempted: 0, unsuccessful: 0, sized: 0
      
      Statistics: Fix DRVs (initial upsizing):
      ========================================
      
      Cell changes by Net Type:
      
      -------------------------------------------------------------------------------------------------
      Net Type    Attempted    Upsized     Downsized    Swapped Same Size    Total Changed    Not Sized
      -------------------------------------------------------------------------------------------------
      top                0            0           0            0                    0                0
      trunk              0            0           0            0                    0                0
      leaf               0            0           0            0                    0                0
      -------------------------------------------------------------------------------------------------
      Total              0            0           0            0                    0                0
      -------------------------------------------------------------------------------------------------
      
      Upsized: 0, Downsized: 0, Sized but same area: 0, Unchanged: 0, Area change: 0.000um^2 (0.000%)
      Max. move: 0.000um, Min. move: 0.000um, Avg. move: N/A
      
      Clock DAG stats after 'PostConditioning Upsizing To Fix DRVs':
        cell counts      : b=1, i=0, icg=0, dcg=0, l=0, total=1
        sink counts      : regular=75, enable_latch=0, load_capacitance=0, antenna=0, node_sink=0, total=75
        misc counts      : r=1, pp=0, mci=0
        cell areas       : b=79.834um^2, i=0.000um^2, icg=0.000um^2, dcg=0.000um^2, l=0.000um^2, total=79.834um^2
        cell capacitance : b=0.030pF, i=0.000pF, icg=0.000pF, dcg=0.000pF, l=0.000pF, total=0.030pF
        sink capacitance : total=0.214pF, avg=0.003pF, sd=0.000pF, min=0.003pF, max=0.003pF
        wire capacitance : top=0.000pF, trunk=0.007pF, leaf=0.092pF, total=0.099pF
        wire lengths     : top=0.000um, trunk=56.990um, leaf=697.520um, total=754.510um
        hp wire lengths  : top=0.000um, trunk=0.000um, leaf=181.470um, total=181.470um
      Clock DAG net violations after 'PostConditioning Upsizing To Fix DRVs': none
      Clock DAG primary half-corner transition distribution after 'PostConditioning Upsizing To Fix DRVs':
        Trunk : target=0.398ns count=1 avg=0.004ns sd=0.000ns min=0.004ns max=0.004ns {1 <= 0.239ns, 0 <= 0.318ns, 0 <= 0.358ns, 0 <= 0.378ns, 0 <= 0.398ns}
        Leaf  : target=0.398ns count=1 avg=0.151ns sd=0.000ns min=0.151ns max=0.151ns {1 <= 0.239ns, 0 <= 0.318ns, 0 <= 0.358ns, 0 <= 0.378ns, 0 <= 0.398ns}
      Clock DAG library cell distribution after 'PostConditioning Upsizing To Fix DRVs' {count}:
         Bufs: CLKBUFX20: 1 
      Primary reporting skew groups after 'PostConditioning Upsizing To Fix DRVs':
        skew_group clk/p8dgscr_constraints: insertion delay [min=0.169, max=0.177], skew [0.008 vs 0.171]
      Skew group summary after 'PostConditioning Upsizing To Fix DRVs':
        skew_group clk/p8dgscr_constraints: insertion delay [min=0.169, max=0.177], skew [0.008 vs 0.171]
      Legalizer API calls during this step: 0 succeeded with high effort: 0 succeeded with medium effort: 0 succeeded with low effort: 0 succeeded with basic effort: 0 succeeded with basic unbounded effort: 0
    PostConditioning Upsizing To Fix DRVs done. (took cpu=0:00:00.0 real=0:00:00.0)
    Recomputing CTS skew targets...
    Resolving skew group constraints...
      Solving LP: 1 skew groups; 2 fragments, 2 fraglets and 3 vertices; 12 variables and 27 constraints; tolerance 1
    Resolving skew group constraints done.
    Recomputing CTS skew targets done. (took cpu=0:00:00.0 real=0:00:00.0)
    PostConditioning Fixing DRVs...
      Fixing clock tree DRVs: ...20% ...40% ...60% ...80% ...100% 
      CCOpt-PostConditioning: considered: 2, tested: 2, violation detected: 0, violation ignored (due to small violation): 0, cannot run: 0, attempted: 0, unsuccessful: 0, sized: 0
      
      Statistics: Fix DRVs (cell sizing):
      ===================================
      
      Cell changes by Net Type:
      
      -------------------------------------------------------------------------------------------------
      Net Type    Attempted    Upsized     Downsized    Swapped Same Size    Total Changed    Not Sized
      -------------------------------------------------------------------------------------------------
      top                0            0           0            0                    0                0
      trunk              0            0           0            0                    0                0
      leaf               0            0           0            0                    0                0
      -------------------------------------------------------------------------------------------------
      Total              0            0           0            0                    0                0
      -------------------------------------------------------------------------------------------------
      
      Upsized: 0, Downsized: 0, Sized but same area: 0, Unchanged: 0, Area change: 0.000um^2 (0.000%)
      Max. move: 0.000um, Min. move: 0.000um, Avg. move: N/A
      
      Clock DAG stats after 'PostConditioning Fixing DRVs':
        cell counts      : b=1, i=0, icg=0, dcg=0, l=0, total=1
        sink counts      : regular=75, enable_latch=0, load_capacitance=0, antenna=0, node_sink=0, total=75
        misc counts      : r=1, pp=0, mci=0
        cell areas       : b=79.834um^2, i=0.000um^2, icg=0.000um^2, dcg=0.000um^2, l=0.000um^2, total=79.834um^2
        cell capacitance : b=0.030pF, i=0.000pF, icg=0.000pF, dcg=0.000pF, l=0.000pF, total=0.030pF
        sink capacitance : total=0.214pF, avg=0.003pF, sd=0.000pF, min=0.003pF, max=0.003pF
        wire capacitance : top=0.000pF, trunk=0.007pF, leaf=0.092pF, total=0.099pF
        wire lengths     : top=0.000um, trunk=56.990um, leaf=697.520um, total=754.510um
        hp wire lengths  : top=0.000um, trunk=0.000um, leaf=181.470um, total=181.470um
      Clock DAG net violations after 'PostConditioning Fixing DRVs': none
      Clock DAG primary half-corner transition distribution after 'PostConditioning Fixing DRVs':
        Trunk : target=0.398ns count=1 avg=0.004ns sd=0.000ns min=0.004ns max=0.004ns {1 <= 0.239ns, 0 <= 0.318ns, 0 <= 0.358ns, 0 <= 0.378ns, 0 <= 0.398ns}
        Leaf  : target=0.398ns count=1 avg=0.151ns sd=0.000ns min=0.151ns max=0.151ns {1 <= 0.239ns, 0 <= 0.318ns, 0 <= 0.358ns, 0 <= 0.378ns, 0 <= 0.398ns}
      Clock DAG library cell distribution after 'PostConditioning Fixing DRVs' {count}:
         Bufs: CLKBUFX20: 1 
      Primary reporting skew groups after 'PostConditioning Fixing DRVs':
        skew_group clk/p8dgscr_constraints: insertion delay [min=0.169, max=0.177], skew [0.008 vs 0.171]
      Skew group summary after 'PostConditioning Fixing DRVs':
        skew_group clk/p8dgscr_constraints: insertion delay [min=0.169, max=0.177], skew [0.008 vs 0.171]
      Legalizer API calls during this step: 0 succeeded with high effort: 0 succeeded with medium effort: 0 succeeded with low effort: 0 succeeded with basic effort: 0 succeeded with basic unbounded effort: 0
    PostConditioning Fixing DRVs done. (took cpu=0:00:00.0 real=0:00:00.0)
    Buffering to fix DRVs...
    Fixing DRVs with route buffering pass 1. Quick buffering: enabled
    Rebuffering to fix clock tree DRVs: ...20% ...40% ...60% ...80% ...100% 
    Inserted 0 buffers and inverters.
    success count. Default: 0, QS: 0, QD: 0, FS: 0, MQS: 0
    CCOpt-PostConditioning: nets considered: 2, nets tested: 2, nets violation detected: 0, nets violation ignored (due to small violation): 0, nets cannot run: 0, nets attempted: 0, nets unsuccessful: 0, buffered: 0
    Clock DAG stats PostConditioning after re-buffering DRV fixing:
      cell counts      : b=1, i=0, icg=0, dcg=0, l=0, total=1
      sink counts      : regular=75, enable_latch=0, load_capacitance=0, antenna=0, node_sink=0, total=75
      misc counts      : r=1, pp=0, mci=0
      cell areas       : b=79.834um^2, i=0.000um^2, icg=0.000um^2, dcg=0.000um^2, l=0.000um^2, total=79.834um^2
      cell capacitance : b=0.030pF, i=0.000pF, icg=0.000pF, dcg=0.000pF, l=0.000pF, total=0.030pF
      sink capacitance : total=0.214pF, avg=0.003pF, sd=0.000pF, min=0.003pF, max=0.003pF
      wire capacitance : top=0.000pF, trunk=0.007pF, leaf=0.092pF, total=0.099pF
      wire lengths     : top=0.000um, trunk=56.990um, leaf=697.520um, total=754.510um
      hp wire lengths  : top=0.000um, trunk=0.000um, leaf=181.470um, total=181.470um
    Clock DAG net violations PostConditioning after re-buffering DRV fixing: none
    Clock DAG primary half-corner transition distribution PostConditioning after re-buffering DRV fixing:
      Trunk : target=0.398ns count=1 avg=0.004ns sd=0.000ns min=0.004ns max=0.004ns {1 <= 0.239ns, 0 <= 0.318ns, 0 <= 0.358ns, 0 <= 0.378ns, 0 <= 0.398ns}
      Leaf  : target=0.398ns count=1 avg=0.151ns sd=0.000ns min=0.151ns max=0.151ns {1 <= 0.239ns, 0 <= 0.318ns, 0 <= 0.358ns, 0 <= 0.378ns, 0 <= 0.398ns}
    Clock DAG library cell distribution PostConditioning after re-buffering DRV fixing {count}:
       Bufs: CLKBUFX20: 1 
    Primary reporting skew groups PostConditioning after re-buffering DRV fixing:
      skew_group clk/p8dgscr_constraints: insertion delay [min=0.169, max=0.177, avg=0.174, sd=0.002, skn=-0.708, kur=0.320], skew [0.008 vs 0.171], 100% {0.169, 0.177} (wid=0.012 ws=0.008) (gid=0.165 gs=0.000)
    Skew group summary PostConditioning after re-buffering DRV fixing:
      skew_group clk/p8dgscr_constraints: insertion delay [min=0.169, max=0.177, avg=0.174, sd=0.002, skn=-0.708, kur=0.320], skew [0.008 vs 0.171], 100% {0.169, 0.177} (wid=0.012 ws=0.008) (gid=0.165 gs=0.000)
    Buffering to fix DRVs done. (took cpu=0:00:00.0 real=0:00:00.0)
    PostConditioning Fixing Skew by cell sizing...
      Resized 0 clock insts to decrease delay.
      Resized 0 clock insts to increase delay.
      
      Statistics: Fix Skew (cell sizing):
      ===================================
      
      Cell changes by Net Type:
      
      -------------------------------------------------------------------------------------------------
      Net Type    Attempted    Upsized     Downsized    Swapped Same Size    Total Changed    Not Sized
      -------------------------------------------------------------------------------------------------
      top                0            0           0            0                    0                0
      trunk              0            0           0            0                    0                0
      leaf               0            0           0            0                    0                0
      -------------------------------------------------------------------------------------------------
      Total              0            0           0            0                    0                0
      -------------------------------------------------------------------------------------------------
      
      Upsized: 0, Downsized: 0, Sized but same area: 0, Unchanged: 0, Area change: 0.000um^2 (0.000%)
      Max. move: 0.000um, Min. move: 0.000um, Avg. move: N/A
      
      Clock DAG stats after 'PostConditioning Fixing Skew by cell sizing':
        cell counts      : b=1, i=0, icg=0, dcg=0, l=0, total=1
        sink counts      : regular=75, enable_latch=0, load_capacitance=0, antenna=0, node_sink=0, total=75
        misc counts      : r=1, pp=0, mci=0
        cell areas       : b=79.834um^2, i=0.000um^2, icg=0.000um^2, dcg=0.000um^2, l=0.000um^2, total=79.834um^2
        cell capacitance : b=0.030pF, i=0.000pF, icg=0.000pF, dcg=0.000pF, l=0.000pF, total=0.030pF
        sink capacitance : total=0.214pF, avg=0.003pF, sd=0.000pF, min=0.003pF, max=0.003pF
        wire capacitance : top=0.000pF, trunk=0.007pF, leaf=0.092pF, total=0.099pF
        wire lengths     : top=0.000um, trunk=56.990um, leaf=697.520um, total=754.510um
        hp wire lengths  : top=0.000um, trunk=0.000um, leaf=181.470um, total=181.470um
      Clock DAG net violations after 'PostConditioning Fixing Skew by cell sizing': none
      Clock DAG primary half-corner transition distribution after 'PostConditioning Fixing Skew by cell sizing':
        Trunk : target=0.398ns count=1 avg=0.004ns sd=0.000ns min=0.004ns max=0.004ns {1 <= 0.239ns, 0 <= 0.318ns, 0 <= 0.358ns, 0 <= 0.378ns, 0 <= 0.398ns}
        Leaf  : target=0.398ns count=1 avg=0.151ns sd=0.000ns min=0.151ns max=0.151ns {1 <= 0.239ns, 0 <= 0.318ns, 0 <= 0.358ns, 0 <= 0.378ns, 0 <= 0.398ns}
      Clock DAG library cell distribution after 'PostConditioning Fixing Skew by cell sizing' {count}:
         Bufs: CLKBUFX20: 1 
      Primary reporting skew groups after 'PostConditioning Fixing Skew by cell sizing':
        skew_group clk/p8dgscr_constraints: insertion delay [min=0.169, max=0.177, avg=0.174, sd=0.002, skn=-0.708, kur=0.320], skew [0.008 vs 0.171], 100% {0.169, 0.177} (wid=0.012 ws=0.008) (gid=0.165 gs=0.000)
      Skew group summary after 'PostConditioning Fixing Skew by cell sizing':
        skew_group clk/p8dgscr_constraints: insertion delay [min=0.169, max=0.177, avg=0.174, sd=0.002, skn=-0.708, kur=0.320], skew [0.008 vs 0.171], 100% {0.169, 0.177} (wid=0.012 ws=0.008) (gid=0.165 gs=0.000)
      Legalizer API calls during this step: 0 succeeded with high effort: 0 succeeded with medium effort: 0 succeeded with low effort: 0 succeeded with basic effort: 0 succeeded with basic unbounded effort: 0
    PostConditioning Fixing Skew by cell sizing done. (took cpu=0:00:00.0 real=0:00:00.0)
    Reconnecting optimized routes...
    Reset timing graph...
Ignoring AAE DB Resetting ...
    Reset timing graph done.
    Reconnecting optimized routes done. (took cpu=0:00:00.0 real=0:00:00.0)
Skipping refinePlace: no changes were made during DRV and/or skew fixing steps so it is unnecessary.
    Legalizer API calls during this step: 0 succeeded with high effort: 0 succeeded with medium effort: 0 succeeded with low effort: 0 succeeded with basic effort: 0 succeeded with basic unbounded effort: 0
  PostConditioning done.
Net route status summary:
  Clock:         2 (unrouted=0, trialRouted=0, noStatus=0, routed=0, fixed=2, [crossesIlmBoundary=0, tooFewTerms=0, (crossesIlmBoundary AND tooFewTerms=0)])
  Non-clock:   286 (unrouted=18, trialRouted=268, noStatus=0, routed=0, fixed=0, [crossesIlmBoundary=0, tooFewTerms=18, (crossesIlmBoundary AND tooFewTerms=0)])
  Update timing and DAG stats after post-conditioning...
  Update timing and DAG stats after post-conditioning done. (took cpu=0:00:00.0 real=0:00:00.0)
  Clock tree timing engine global stage delay update for corner_slow:setup.late...
  Clock tree timing engine global stage delay update for corner_slow:setup.late done. (took cpu=0:00:00.0 real=0:00:00.0)
  Clock DAG stats after post-conditioning:
    cell counts      : b=1, i=0, icg=0, dcg=0, l=0, total=1
    sink counts      : regular=75, enable_latch=0, load_capacitance=0, antenna=0, node_sink=0, total=75
    misc counts      : r=1, pp=0, mci=0
    cell areas       : b=79.834um^2, i=0.000um^2, icg=0.000um^2, dcg=0.000um^2, l=0.000um^2, total=79.834um^2
    cell capacitance : b=0.030pF, i=0.000pF, icg=0.000pF, dcg=0.000pF, l=0.000pF, total=0.030pF
    sink capacitance : total=0.214pF, avg=0.003pF, sd=0.000pF, min=0.003pF, max=0.003pF
    wire capacitance : top=0.000pF, trunk=0.007pF, leaf=0.092pF, total=0.099pF
    wire lengths     : top=0.000um, trunk=56.990um, leaf=697.520um, total=754.510um
    hp wire lengths  : top=0.000um, trunk=0.000um, leaf=181.470um, total=181.470um
  Clock DAG net violations after post-conditioning: none
  Clock DAG primary half-corner transition distribution after post-conditioning:
    Trunk : target=0.398ns count=1 avg=0.004ns sd=0.000ns min=0.004ns max=0.004ns {1 <= 0.239ns, 0 <= 0.318ns, 0 <= 0.358ns, 0 <= 0.378ns, 0 <= 0.398ns}
    Leaf  : target=0.398ns count=1 avg=0.151ns sd=0.000ns min=0.151ns max=0.151ns {1 <= 0.239ns, 0 <= 0.318ns, 0 <= 0.358ns, 0 <= 0.378ns, 0 <= 0.398ns}
  Clock DAG library cell distribution after post-conditioning {count}:
     Bufs: CLKBUFX20: 1 
  Primary reporting skew groups after post-conditioning:
    skew_group clk/p8dgscr_constraints: insertion delay [min=0.169, max=0.177, avg=0.174, sd=0.002, skn=-0.708, kur=0.320], skew [0.008 vs 0.171], 100% {0.169, 0.177} (wid=0.012 ws=0.008) (gid=0.165 gs=0.000)
  Skew group summary after post-conditioning:
    skew_group clk/p8dgscr_constraints: insertion delay [min=0.169, max=0.177, avg=0.174, sd=0.002, skn=-0.708, kur=0.320], skew [0.008 vs 0.171], 100% {0.169, 0.177} (wid=0.012 ws=0.008) (gid=0.165 gs=0.000)
  CCOpt::Phase::PostConditioning done. (took cpu=0:00:00.1 real=0:00:00.1)
  Post-balance tidy up or trial balance steps...
  
  Clock DAG stats at end of CTS:
  ==============================
  
  --------------------------------------------------------
  Cell type                 Count    Area      Capacitance
  --------------------------------------------------------
  Buffers                     1      79.834       0.030
  Inverters                   0       0.000       0.000
  Integrated Clock Gates      0       0.000       0.000
  Discrete Clock Gates        0       0.000       0.000
  Clock Logic                 0       0.000       0.000
  All                         1      79.834       0.030
  --------------------------------------------------------
  
  Clock DAG miscellaneous counts at end of CTS:
  =============================================
  
  ------------------------------
  Type                     Count
  ------------------------------
  Roots                      1
  Preserved Ports            0
  Multiple Clock Inputs      0
  ------------------------------
  
  
  Clock DAG sink counts at end of CTS:
  ====================================
  
  -------------------------
  Sink type           Count
  -------------------------
  Regular              75
  Enable Latch          0
  Load Capacitance      0
  Antenna Diode         0
  Node Sink             0
  Total                75
  -------------------------
  
  
  Clock DAG wire lengths at end of CTS:
  =====================================
  
  --------------------
  Type     Wire Length
  --------------------
  Top          0.000
  Trunk       56.990
  Leaf       697.520
  Total      754.510
  --------------------
  
  
  Clock DAG hp wire lengths at end of CTS:
  ========================================
  
  -----------------------
  Type     hp Wire Length
  -----------------------
  Top           0.000
  Trunk         0.000
  Leaf        181.470
  Total       181.470
  -----------------------
  
  
  Clock DAG capacitances at end of CTS:
  =====================================
  
  --------------------------------
  Type     Gate     Wire     Total
  --------------------------------
  Top      0.000    0.000    0.000
  Trunk    0.030    0.007    0.037
  Leaf     0.214    0.092    0.307
  Total    0.245    0.099    0.344
  --------------------------------
  
  
  Clock DAG sink capacitances at end of CTS:
  ==========================================
  
  -----------------------------------------------
  Total    Average    Std. Dev.    Min      Max
  -----------------------------------------------
  0.214     0.003       0.000      0.003    0.003
  -----------------------------------------------
  
  
  Clock DAG net violations at end of CTS:
  =======================================
  
  None
  
  
  Clock DAG primary half-corner transition distribution at end of CTS:
  ====================================================================
  
  --------------------------------------------------------------------------------------------------------------------------------------------------------------
  Net Type    Target    Count    Average    Std. Dev.    Min      Max      Distribution                                                              Over Target
  --------------------------------------------------------------------------------------------------------------------------------------------------------------
  Trunk       0.398       1       0.004       0.000      0.004    0.004    {1 <= 0.239ns, 0 <= 0.318ns, 0 <= 0.358ns, 0 <= 0.378ns, 0 <= 0.398ns}         -
  Leaf        0.398       1       0.151       0.000      0.151    0.151    {1 <= 0.239ns, 0 <= 0.318ns, 0 <= 0.358ns, 0 <= 0.378ns, 0 <= 0.398ns}         -
  --------------------------------------------------------------------------------------------------------------------------------------------------------------
  
  
  Clock DAG library cell distribution at end of CTS:
  ==================================================
  
  ------------------------------------------
  Name         Type      Inst     Inst Area 
                         Count    (um^2)
  ------------------------------------------
  CLKBUFX20    buffer      1        79.834
  ------------------------------------------
  
  
  Primary reporting skew groups summary at end of CTS:
  ====================================================
  
  -------------------------------------------------------------------------------------------------------------------------------------------------------------------------------------------------------
  Half-corner               Skew Group                 Min ID    Max ID    Skew     Skew target    Wire skew    Worst sink skew    Average ID    Std.Dev    Skewness    Kurtosis    Skew window occupancy
  -------------------------------------------------------------------------------------------------------------------------------------------------------------------------------------------------------
  corner_slow:setup.late    clk/p8dgscr_constraints    0.169     0.177     0.008       0.171         0.008           0.008           0.174        0.002      -0.708      0.320      100% {0.169, 0.177}
  -------------------------------------------------------------------------------------------------------------------------------------------------------------------------------------------------------
  
  
  Skew group summary at end of CTS:
  =================================
  
  -------------------------------------------------------------------------------------------------------------------------------------------------------------------------------------------------------
  Half-corner               Skew Group                 Min ID    Max ID    Skew     Skew target    Wire skew    Worst sink skew    Average ID    Std.Dev    Skewness    Kurtosis    Skew window occupancy
  -------------------------------------------------------------------------------------------------------------------------------------------------------------------------------------------------------
  corner_slow:setup.late    clk/p8dgscr_constraints    0.169     0.177     0.008       0.171         0.008           0.008           0.174        0.002      -0.708      0.320      100% {0.169, 0.177}
  -------------------------------------------------------------------------------------------------------------------------------------------------------------------------------------------------------
  
  
  Found a total of 0 clock tree pins with a slew violation.
  
  Post-balance tidy up or trial balance steps done. (took cpu=0:00:00.0 real=0:00:00.0)
Synthesizing clock trees done.
Tidy Up And Update Timing...
External - Set all clocks to propagated mode...
Innovus updating I/O latencies
AAE_INFO: opIsDesignInPostRouteState() is 0
#################################################################################
# Design Stage: PreRoute
# Design Name: aer_pending_direct_gray_sync_core_reset
# Design Mode: 180nm
# Analysis Mode: MMMC Non-OCV 
# Parasitics Mode: No SPEF/RCDB 
# Signoff Settings: SI Off 
#################################################################################
Start delay calculation (fullDC) (4 T). (MEM=2603.25)
Total number of fetched objects 286
AAE_INFO: Total number of nets for which stage creation was skipped for all views 0
Total number of fetched objects 286
AAE_INFO: Total number of nets for which stage creation was skipped for all views 0
End delay calculation. (MEM=2648 CPU=0:00:00.1 REAL=0:00:00.0)
End delay calculation (fullDC). (MEM=2648 CPU=0:00:00.2 REAL=0:00:00.0)
	Clock: clk, View: setup_view, Ideal Latency: 0, Propagated Latency: 0.174499
	 Executing: set_clock_latency -source -early -max -rise -0.174499 [get_pins clk]
	Clock: clk, View: setup_view, Ideal Latency: 0, Propagated Latency: 0.174499
	 Executing: set_clock_latency -source -late -max -rise -0.174499 [get_pins clk]
	Clock: clk, View: setup_view, Ideal Latency: 0, Propagated Latency: 0.181392
	 Executing: set_clock_latency -source -early -max -fall -0.181392 [get_pins clk]
	Clock: clk, View: setup_view, Ideal Latency: 0, Propagated Latency: 0.181392
	 Executing: set_clock_latency -source -late -max -fall -0.181392 [get_pins clk]
	Clock: clk, View: hold_view, Ideal Latency: 0, Propagated Latency: 0.0875653
	 Executing: set_clock_latency -source -early -min -rise -0.0875653 [get_pins clk]
	Clock: clk, View: hold_view, Ideal Latency: 0, Propagated Latency: 0.0875653
	 Executing: set_clock_latency -source -late -min -rise -0.0875653 [get_pins clk]
	Clock: clk, View: hold_view, Ideal Latency: 0, Propagated Latency: 0.0881187
	 Executing: set_clock_latency -source -early -min -fall -0.0881187 [get_pins clk]
	Clock: clk, View: hold_view, Ideal Latency: 0, Propagated Latency: 0.0881187
	 Executing: set_clock_latency -source -late -min -fall -0.0881187 [get_pins clk]
Setting all clocks to propagated mode.
External - Set all clocks to propagated mode done. (took cpu=0:00:01.0 real=0:00:00.8)
Clock DAG stats after update timingGraph:
  cell counts      : b=1, i=0, icg=0, dcg=0, l=0, total=1
  sink counts      : regular=75, enable_latch=0, load_capacitance=0, antenna=0, node_sink=0, total=75
  misc counts      : r=1, pp=0, mci=0
  cell areas       : b=79.834um^2, i=0.000um^2, icg=0.000um^2, dcg=0.000um^2, l=0.000um^2, total=79.834um^2
  cell capacitance : b=0.030pF, i=0.000pF, icg=0.000pF, dcg=0.000pF, l=0.000pF, total=0.030pF
  sink capacitance : total=0.214pF, avg=0.003pF, sd=0.000pF, min=0.003pF, max=0.003pF
  wire capacitance : top=0.000pF, trunk=0.007pF, leaf=0.092pF, total=0.099pF
  wire lengths     : top=0.000um, trunk=56.990um, leaf=697.520um, total=754.510um
  hp wire lengths  : top=0.000um, trunk=0.000um, leaf=181.470um, total=181.470um
Clock DAG net violations after update timingGraph: none
Clock DAG primary half-corner transition distribution after update timingGraph:
  Trunk : target=0.398ns count=1 avg=0.004ns sd=0.000ns min=0.004ns max=0.004ns {1 <= 0.239ns, 0 <= 0.318ns, 0 <= 0.358ns, 0 <= 0.378ns, 0 <= 0.398ns}
  Leaf  : target=0.398ns count=1 avg=0.151ns sd=0.000ns min=0.151ns max=0.151ns {1 <= 0.239ns, 0 <= 0.318ns, 0 <= 0.358ns, 0 <= 0.378ns, 0 <= 0.398ns}
Clock DAG library cell distribution after update timingGraph {count}:
   Bufs: CLKBUFX20: 1 
Primary reporting skew groups after update timingGraph:
  skew_group clk/p8dgscr_constraints: insertion delay [min=0.169, max=0.177, avg=0.174, sd=0.002, skn=-0.708, kur=0.320], skew [0.008 vs 0.171], 100% {0.169, 0.177} (wid=0.012 ws=0.008) (gid=0.165 gs=0.000)
Skew group summary after update timingGraph:
  skew_group clk/p8dgscr_constraints: insertion delay [min=0.169, max=0.177, avg=0.174, sd=0.002, skn=-0.708, kur=0.320], skew [0.008 vs 0.171], 100% {0.169, 0.177} (wid=0.012 ws=0.008) (gid=0.165 gs=0.000)
Logging CTS constraint violations...
  No violations found.
Logging CTS constraint violations done.
Tidy Up And Update Timing done. (took cpu=0:00:01.0 real=0:00:00.8)
Runtime done. (took cpu=0:00:08.4 real=0:00:06.0)
Runtime Summary
===============
Clock Runtime:  (34%) Core CTS           1.98 (Init 1.24, Construction 0.21, Implementation 0.24, eGRPC 0.07, PostConditioning 0.05, Other 0.18)
Clock Runtime:  (22%) CTS services       1.28 (RefinePlace 0.16, EarlyGlobalClock 0.24, NanoRoute 0.83, ExtractRC 0.05, TimingAnalysis 0.00)
Clock Runtime:  (43%) Other CTS          2.50 (Init 0.08, CongRepair/EGR-DP 1.65, TimingUpdate 0.77, Other 0.00)
Clock Runtime: (100%) Total              5.76

Leaving CCOpt scope - Cleaning up placement interface...
Leaving CCOpt scope - Cleaning up placement interface done. (took cpu=0:00:00.0 real=0:00:00.0)
*** CTS #1 [finish] (clock_opt_design #1) : cpu/real = 0:00:07.5/0:00:05.4 (1.4), totSession cpu/real = 0:01:05.3/0:01:29.5 (0.7), mem = 9855.0M
Synthesizing clock trees with CCOpt done.
      flow.cputime  flow.realtime  timing.setup.tns  timing.setup.wns  snapshot
UM:*                                                                   cts
Begin: Reorder Scan Chains
**WARN: (IMPSP-9025):	No scan chain specified/traced.
Type 'man IMPSP-9025' for more detail.
End: Reorder Scan Chains
**optDesign ... cpu = 0:00:00, real = 0:00:00, mem = 2530.4M, totSessionCpu=0:01:05 **
GigaOpt running with 4 threads.
*** InitOpt #1 [begin] (clock_opt_design #1) : totSession cpu/real = 0:01:05.4/0:01:29.6 (0.7), mem = 5734.0M
**INFO: setDesignMode -flowEffort standard -> setting 'setOptMode -allEndPoints true' for the duration of this command.
Need call spDPlaceInit before registerPrioInstLoc.
Info: Using SynthesisEngine executable '/home/tools/cadence/DDI231/INNOVUS231/bin/innovus_'.
      SynthesisEngine workers will not check out additional licenses.
**INFO: Using Advanced Metric Collection system.
**optDesign ... cpu = 0:00:01, real = 0:00:22, mem = 2587.0M, totSessionCpu=0:01:07 **
#optDebug: { P: 180 W: 7195 FE: standard PE: none LDR: 1}
*** optDesign -postCTS ***
DRC Margin: user margin 0.0; extra margin 0.2
Hold Target Slack: user slack 0
Setup Target Slack: user slack 0; extra slack 0.0
setUsefulSkewMode -opt_skew_eco_route false
Multi-VT timing optimization disabled based on library information.
Start to check current routing status for nets...
All nets are already routed correctly.
End to check current routing status for nets (mem=3706.0M)
	CornerforLayerOpt timing analysis view setup_view has been selected for calibration 
	CornerforLayerOpt timing analysis view setup_view has been selected for calibration 
	CornerforLayerOpt timing analysis view setup_view has been selected for calibration 
	CornerforLayerOpt timing analysis view setup_view has been selected for calibration 
Compute RC Scale Done ...
Starting delay calculation for Setup views
AAE_INFO: opIsDesignInPostRouteState() is 0
#################################################################################
# Design Stage: PreRoute
# Design Name: aer_pending_direct_gray_sync_core_reset
# Design Mode: 180nm
# Analysis Mode: MMMC Non-OCV 
# Parasitics Mode: No SPEF/RCDB 
# Signoff Settings: SI Off 
#################################################################################
Calculate delays in BcWc mode...
Start delay calculation (fullDC) (4 T). (MEM=2660.29)
Total number of fetched objects 286
AAE_INFO: Total number of nets for which stage creation was skipped for all views 0
End delay calculation. (MEM=2699.24 CPU=0:00:00.2 REAL=0:00:00.0)
End delay calculation (fullDC). (MEM=2699.24 CPU=0:00:00.2 REAL=0:00:00.0)
*** Done Building Timing Graph (cpu=0:00:00.8 real=0:00:01.0 totSessionCpu=0:01:09 mem=3683.5M)

OptSummary:

------------------------------------------------------------------
             Initial Summary
------------------------------------------------------------------

Setup views included:
 setup_view 

+--------------------+---------+---------+---------+
|     Setup mode     |   all   | reg2reg | default |
+--------------------+---------+---------+---------+
|           WNS (ns):|  0.445  |  3.195  |  0.445  |
|           TNS (ns):|  0.000  |  0.000  |  0.000  |
|    Violating Paths:|    0    |    0    |    0    |
|          All Paths:|   97    |   57    |   65    |
+--------------------+---------+---------+---------+

+----------------+-------------------------------+------------------+
|                |              Real             |       Total      |
|    DRVs        +------------------+------------+------------------|
|                |  Nr nets(terms)  | Worst Vio  |  Nr nets(terms)  |
+----------------+------------------+------------+------------------+
|   max_cap      |      0 (0)       |   0.000    |      0 (0)       |
|   max_tran     |      0 (0)       |   0.000    |      0 (0)       |
|   max_fanout   |      2 (2)       |    -10     |      3 (3)       |
|   max_length   |      0 (0)       |     0      |      0 (0)       |
+----------------+------------------+------------+------------------+

Density: 60.531%
------------------------------------------------------------------
**optDesign ... cpu = 0:00:04, real = 0:00:24, mem = 2663.0M, totSessionCpu=0:01:09 **
*** InitOpt #1 [finish] (clock_opt_design #1) : cpu/real = 0:00:03.9/0:00:23.7 (0.2), totSession cpu/real = 0:01:09.3/0:01:53.4 (0.6), mem = 3715.5M
** INFO : this run is activating low effort ccoptDesign flow
OPTC: m4 20.0 50.0 [ 500.0 20.0 50.0 ]
OPTC: view 50.0:500.0 [ 0.0500 ]
#optDebug: fT-E <X 2 0 0 1>
-opt_post_cts_congestion_repair false      # bool, default=false, private
GigaOpt Checkpoint: Internal congRefineRouteType -postCTS -congThreshold 0.001 -rescheduleForCongestion -numThreads 4 -resetVeryShortNets -resetShortNets -useSpineBased -rescheduleForAdherence -minSlack -262.5 -useBottleneckAnalyzer -drvRatio 0.4
Begin: GigaOpt Route Type Constraints Refinement
*** CongRefineRouteType #1 [begin] (clock_opt_design #1) : totSession cpu/real = 0:01:09.6/0:01:53.7 (0.6), mem = 3683.5M
Updated routing constraints on 0 nets.
Bottom Preferred Layer:
+---------------+------------+----------+
|     Layer     |    CLK     |   Rule   |
+---------------+------------+----------+
| Metal3 (z=3)  |          2 | default  |
+---------------+------------+----------+
Via Pillar Rule:
    None
*** CongRefineRouteType #1 [finish] (clock_opt_design #1) : cpu/real = 0:00:00.0/0:00:00.0 (1.1), totSession cpu/real = 0:01:09.7/0:01:53.7 (0.6), mem = 3715.6M
End: GigaOpt Route Type Constraints Refinement
*** SimplifyNetlist #1 [begin] (clock_opt_design #1) : totSession cpu/real = 0:01:09.8/0:01:53.8 (0.6), mem = 3715.6M
Info: 2 nets with fixed/cover wires excluded.
Info: 2 clock nets excluded from IPO operation.

Netlist preparation processing... 
Removed 0 instance
*info: Marking 0 isolation instances dont touch
*info: Marking 0 level shifter instances dont touch
*** SimplifyNetlist #1 [finish] (clock_opt_design #1) : cpu/real = 0:00:01.1/0:00:01.1 (1.0), totSession cpu/real = 0:01:10.9/0:01:54.9 (0.6), mem = 3772.8M
*** ExcludedClockNetOpt #1 [begin] (clock_opt_design #1) : totSession cpu/real = 0:01:11.0/0:01:55.0 (0.6), mem = 3772.8M
*** Starting optimizing excluded clock nets MEM= 3772.8M) ***
*info: No excluded clock nets to be optimized.
*** Finished optimizing excluded clock nets (CPU Time= 0:00:00.0  MEM= 3772.8M) ***
*** ExcludedClockNetOpt #1 [finish] (clock_opt_design #1) : cpu/real = 0:00:00.0/0:00:00.0 (0.0), totSession cpu/real = 0:01:11.0/0:01:55.0 (0.6), mem = 3772.8M
*** ExcludedClockNetOpt #2 [begin] (clock_opt_design #1) : totSession cpu/real = 0:01:11.0/0:01:55.0 (0.6), mem = 3772.8M
*** Starting optimizing excluded clock nets MEM= 3772.8M) ***
*info: No excluded clock nets to be optimized.
*** Finished optimizing excluded clock nets (CPU Time= 0:00:00.0  MEM= 3772.8M) ***
*** ExcludedClockNetOpt #2 [finish] (clock_opt_design #1) : cpu/real = 0:00:00.0/0:00:00.0 (0.0), totSession cpu/real = 0:01:11.0/0:01:55.0 (0.6), mem = 3772.8M
Info: Done creating the CCOpt slew target map.
Begin: GigaOpt high fanout net optimization
GigaOpt HFN: use maxLocalDensity 1.2
GigaOpt Checkpoint: Internal optDRV -useLevelizedBufferTreeOnly -auxMaxFanoutCountLimit 500 -largeScaleFixing -maxIter 1 -maxLocalDensity 1.2 -numThreads 4 -postCTS -preRouteDontEndWithRefinePlaceIncrSteinerRouteDC
*** DrvOpt #1 [begin] (clock_opt_design #1) : totSession cpu/real = 0:01:11.0/0:01:55.1 (0.6), mem = 3772.8M
Info: 2 nets with fixed/cover wires excluded.
Info: 2 clock nets excluded from IPO operation.
	CornerforLayerOpt timing analysis view setup_view has been selected for calibration 
	CornerforLayerOpt timing analysis view setup_view has been selected for calibration 
	CornerforLayerOpt timing analysis view setup_view has been selected for calibration 
	CornerforLayerOpt timing analysis view setup_view has been selected for calibration 
	CornerforLayerOpt timing analysis view setup_view has been selected for calibration 
	CornerforLayerOpt timing analysis view setup_view has been selected for calibration 
	CornerforLayerOpt timing analysis view setup_view has been selected for calibration 
	CornerforLayerOpt timing analysis view setup_view has been selected for calibration 
*** DrvOpt #1 [finish] (clock_opt_design #1) : cpu/real = 0:00:00.4/0:00:00.4 (1.1), totSession cpu/real = 0:01:11.4/0:01:55.4 (0.6), mem = 3772.8M
GigaOpt HFN: restore maxLocalDensity to 0.98
End: GigaOpt high fanout net optimization
Number of setup views: 1
Begin: GigaOpt Global Optimization
*info: use new DP (enabled)
GigaOpt Checkpoint: Internal globalOpt -maxLocalDensity 1.2 -numThreads 4 -postCTS -preRouteDontEndWithRefinePlaceIncrSteinerRouteDC -enableHighLayerOpt -maxIter 50 -maxIterForLEPG 50
Info: 2 nets with fixed/cover wires excluded.
Info: 2 clock nets excluded from IPO operation.
*** GlobalOpt #1 [begin] (clock_opt_design #1) : totSession cpu/real = 0:01:11.5/0:01:55.5 (0.6), mem = 3772.8M
*info: 2 clock nets excluded
*info: 2 nets with fixed/cover wires excluded.
** GigaOpt Global Opt WNS Slack 0.000  TNS Slack 0.000 
+--------+--------+---------+------------+--------+----------+---------+---------------------------+
|  WNS   |  TNS   | Density |    Real    |  Mem   |Worst View|Pathgroup|         End Point         |
+--------+--------+---------+------------+--------+----------+---------+---------------------------+
|   0.000|   0.000|   60.53%|   0:00:00.0| 3820.8M|setup_view|       NA| NA                        |
+--------+--------+---------+------------+--------+----------+---------+---------------------------+

*** Finish post-CTS Global Setup Fixing (cpu=0:00:00.0 real=0:00:00.0 mem=3820.8M) ***

*** Finish post-CTS Setup Fixing (cpu=0:00:00.0 real=0:00:00.0 mem=3820.8M) ***
Bottom Preferred Layer:
+---------------+------------+----------+
|     Layer     |    CLK     |   Rule   |
+---------------+------------+----------+
| Metal3 (z=3)  |          2 | default  |
+---------------+------------+----------+
Via Pillar Rule:
    None
** GigaOpt Global Opt End WNS Slack 0.000  TNS Slack 0.000 
*** GlobalOpt #1 [finish] (clock_opt_design #1) : cpu/real = 0:00:01.5/0:00:01.2 (1.2), totSession cpu/real = 0:01:13.0/0:01:56.7 (0.6), mem = 3772.8M
End: GigaOpt Global Optimization
*** Timing Is met
*** Check timing (0:00:00.0)
GigaOpt Checkpoint: Internal reclaim -numThreads 4 -postCTS -doRemoveUselessTerm -tgtSlackMult 3 -routeType -noRouteTypeResizePolish -noViewPrune -weedwhack -nonLegal -nativePathGroupFlow -SimpCCIn
Info: 2 nets with fixed/cover wires excluded.
Info: 2 clock nets excluded from IPO operation.
Begin: Area Reclaim Optimization
*** AreaOpt #1 [begin] (clock_opt_design #1) : totSession cpu/real = 0:01:13.1/0:01:56.9 (0.6), mem = 3836.8M
Reclaim Optimization WNS Slack 0.100  TNS Slack 0.000 Density 60.53
+---------+---------+--------+--------+------------+--------+
| Density | Commits |  WNS   |  TNS   |    Real    |  Mem   |
+---------+---------+--------+--------+------------+--------+
|   60.53%|        -|   0.100|   0.000|   0:00:00.0| 3836.8M|
|   60.53%|        0|   0.100|   0.000|   0:00:00.0| 3836.8M|
|   60.53%|        0|   0.100|   0.000|   0:00:00.0| 3836.8M|
|   60.53%|        0|   0.100|   0.000|   0:00:00.0| 3836.8M|
|   60.53%|        0|   0.100|   0.000|   0:00:00.0| 3836.8M|
|   60.53%|        0|   0.100|   0.000|   0:00:00.0| 3836.8M|
+---------+---------+--------+--------+------------+--------+
Reclaim Optimization End WNS Slack 0.100  TNS Slack 0.000 Density 60.53
Bottom Preferred Layer:
+---------------+------------+----------+
|     Layer     |    CLK     |   Rule   |
+---------------+------------+----------+
| Metal3 (z=3)  |          2 | default  |
+---------------+------------+----------+
Via Pillar Rule:
    None

Number of times islegalLocAvaiable called = 0 skipped = 0, called in commitmove = 0, skipped in commitmove = 0
End: Core Area Reclaim Optimization (cpu = 0:00:01.1) (real = 0:00:01.0) **
*** AreaOpt #1 [finish] (clock_opt_design #1) : cpu/real = 0:00:01.1/0:00:01.0 (1.1), totSession cpu/real = 0:01:14.2/0:01:57.9 (0.6), mem = 3836.8M
Executing incremental physical updates
Executing incremental physical updates
End: Area Reclaim Optimization (cpu=0:00:01, real=0:00:01, mem=3772.78M, totSessionCpu=0:01:14).
GigaOpt Checkpoint: Internal reclaim -numThreads 4 -customPhyUpdate -noGCompAndPhase -force -svrReclaim -rtrShortNets -allowDegradingShortNetRemoval -postCTS -tgtSlackMult 2 -wtns -noRouteTypeResizePolish -noViewPrune -nativePathGroupFlow -SimpCCIn
Info: 2 nets with fixed/cover wires excluded.
Info: 2 clock nets excluded from IPO operation.
Begin: Area Reclaim Optimization
*** AreaOpt #2 [begin] (clock_opt_design #1) : totSession cpu/real = 0:01:14.5/0:01:58.1 (0.6), mem = 3836.8M
Reclaim Optimization WNS Slack 0.100  TNS Slack 0.000 Density 60.53
+---------+---------+--------+--------+------------+--------+
| Density | Commits |  WNS   |  TNS   |    Real    |  Mem   |
+---------+---------+--------+--------+------------+--------+
|   60.53%|        -|   0.100|   0.000|   0:00:00.0| 3836.8M|
|   60.53%|        0|   0.100|   0.000|   0:00:00.0| 3836.8M|
|   60.53%|        0|   0.100|   0.000|   0:00:00.0| 3836.8M|
|   60.53%|        0|   0.100|   0.000|   0:00:00.0| 3836.8M|
|   60.53%|        0|   0.100|   0.000|   0:00:00.0| 3836.8M|
|   60.53%|        0|   0.100|   0.000|   0:00:00.0| 3836.8M|
+---------+---------+--------+--------+------------+--------+
Reclaim Optimization End WNS Slack 0.100  TNS Slack 0.000 Density 60.53
Bottom Preferred Layer:
+---------------+------------+----------+
|     Layer     |    CLK     |   Rule   |
+---------------+------------+----------+
| Metal3 (z=3)  |          2 | default  |
+---------------+------------+----------+
Via Pillar Rule:
    None

Number of times islegalLocAvaiable called = 0 skipped = 0, called in commitmove = 0, skipped in commitmove = 0
End: Core Area Reclaim Optimization (cpu = 0:00:01.1) (real = 0:00:01.0) **
*** Starting refinePlace (0:01:16 mem=3836.8M) ***
Total net bbox length = 7.367e+03 (4.208e+03 3.158e+03) (ext = 1.575e+03)
Max route layer is changed from 127 to 6 because there is no routing track above this layer
Max route layer is changed from 127 to 6 because there is no routing track above this layer
Max route layer is changed from 127 to 6 because there is no routing track above this layer
Move report: Detail placement moves 0 insts, mean move: 0.00 um, max move: 0.00 um 
	Runtime: CPU: 0:00:00.0 REAL: 0:00:00.0 MEM: 3804.8MB
Summary Report:
Instances move: 0 (out of 230 movable)
Instances flipped: 0
Mean displacement: 0.00 um
Max displacement: 0.00 um 
Physical-only instances move: 0 (out of 0 movable physical-only)
Total net bbox length = 7.367e+03 (4.208e+03 3.158e+03) (ext = 1.575e+03)
Runtime: CPU: 0:00:00.0 REAL: 0:00:00.0 MEM: 3804.8MB
*** Finished refinePlace (0:01:16 mem=3804.8M) ***
*** maximum move = 0.00 um ***
*** Finished re-routing un-routed nets (3804.8M) ***

*** Finish Physical Update (cpu=0:00:00.1 real=0:00:00.0 mem=3836.8M) ***
*** AreaOpt #2 [finish] (clock_opt_design #1) : cpu/real = 0:00:01.2/0:00:01.1 (1.1), totSession cpu/real = 0:01:15.6/0:01:59.2 (0.6), mem = 3836.8M
End: Area Reclaim Optimization (cpu=0:00:01, real=0:00:01, mem=3772.78M, totSessionCpu=0:01:16).
*** LocalWireReclaim #1 [begin] (clock_opt_design #1) : totSession cpu/real = 0:01:15.7/0:01:59.4 (0.6), mem = 3772.8M
Starting local wire reclaim
*** Starting refinePlace (0:01:16 mem=3772.8M) ***
Max route layer is changed from 127 to 6 because there is no routing track above this layer
Max route layer is changed from 127 to 6 because there is no routing track above this layer
Max route layer is changed from 127 to 6 because there is no routing track above this layer
*** Finished SKP initialization (cpu=0:00:00.2, real=0:00:00.0)***
Timing cost in AAE based: 19.8537693441066949
Max route layer is changed from 127 to 6 because there is no routing track above this layer
Max route layer is changed from 127 to 6 because there is no routing track above this layer
Call icdpEval cleanup ...
Move report: Detail placement moves 35 insts, mean move: 5.07 um, max move: 15.18 um 
	Max move on inst (g5782__5526): (77.88, 65.52) --> (93.06, 65.52)
	Runtime: CPU: 0:00:00.5 REAL: 0:00:00.0 MEM: 3740.8MB
Summary Report:
Instances move: 35 (out of 230 movable)
Instances flipped: 0
Mean displacement: 5.07 um
Max displacement: 15.18 um (Instance: g5782__5526) (77.88, 65.52) -> (93.06, 65.52)
	Length: 4 sites, height: 1 rows, site name: tsm3site, cell type: AOI21X1
Physical-only instances move: 0 (out of 0 movable physical-only)
Runtime: CPU: 0:00:00.5 REAL: 0:00:00.0 MEM: 3740.8MB
*** Finished refinePlace (0:01:16 mem=3740.8M) ***
*** LocalWireReclaim #1 [finish] (clock_opt_design #1) : cpu/real = 0:00:00.5/0:00:00.4 (1.4), totSession cpu/real = 0:01:16.3/0:01:59.7 (0.6), mem = 3740.8M
AAE_INFO: opIsDesignInPostRouteState() is 0
#################################################################################
# Design Stage: PreRoute
# Design Name: aer_pending_direct_gray_sync_core_reset
# Design Mode: 180nm
# Analysis Mode: MMMC Non-OCV 
# Parasitics Mode: No SPEF/RCDB 
# Signoff Settings: SI Off 
#################################################################################
Calculate delays in BcWc mode...
Start delay calculation (fullDC) (4 T). (MEM=2689.61)
Total number of fetched objects 286
AAE_INFO: Total number of nets for which stage creation was skipped for all views 0
End delay calculation. (MEM=2721.76 CPU=0:00:00.1 REAL=0:00:00.0)
End delay calculation (fullDC). (MEM=2721.76 CPU=0:00:00.2 REAL=0:00:00.0)
eGR doReRoute: optGuide
Max route layer is changed from 127 to 6 because there is no routing track above this layer
Max route layer is changed from 127 to 6 because there is no routing track above this layer
[NR-eGR] Read 270 nets ( ignored 2 )
[NR-eGR] Layer group 1: route 268 net(s) in layer range [2, 6]
[NR-eGR] Early Global Route overflow of layer group 1: 0.00% H + 0.00% V. EstWL: 7.333200e+03um
[NR-eGR] Overflow after Early Global Route 0.00% H + 0.00% V
[NR-eGR] Total eGR-routed clock nets wire length: 0um, number of vias: 0
[NR-eGR] --------------------------------------------------------------------------
[NR-eGR]                 Length (um)  Vias 
[NR-eGR] ----------------------------------
[NR-eGR]  Metal1  (1H)             1   851 
[NR-eGR]  Metal2  (2V)          3025  1078 
[NR-eGR]  Metal3  (3H)          4381   131 
[NR-eGR]  Metal4  (4V)           796    12 
[NR-eGR]  Metal5  (5H)           282     0 
[NR-eGR]  Metal6  (6V)             0     0 
[NR-eGR] ----------------------------------
[NR-eGR]          Total         8485  2072 
[NR-eGR] --------------------------------------------------------------------------
[NR-eGR] Total half perimeter of net bounding box: 7295um
[NR-eGR] Total length: 8485um, number of vias: 2072
[NR-eGR] --------------------------------------------------------------------------
[NR-eGR] Finished Early Global Route kernel ( CPU: 0.13 sec, Real: 0.09 sec, Curr Mem: 3.26 MB )
[NR-eGR] Finished Early Global Route ( CPU: 0.14 sec, Real: 0.09 sec, Curr Mem: 3.26 MB )
Extraction called for design 'aer_pending_direct_gray_sync_core_reset' of instances=231 and nets=288 using extraction engine 'preRoute' .
PreRoute RC Extraction called for design aer_pending_direct_gray_sync_core_reset.
RC Extraction called in multi-corner(1) mode.
RCMode: PreRoute
      RC Corner Indexes            0   
Capacitance Scaling Factor   : 1.00000 
Resistance Scaling Factor    : 1.00000 
Clock Cap. Scaling Factor    : 1.00000 
Clock Res. Scaling Factor    : 1.00000 
Shrink Factor                : 1.00000
PreRoute extraction is honoring NDR/Shielding/ExtraSpace for clock nets.
Using capacitance table file ...
Updating RC Grid density data for preRoute extraction ...
Initializing multi-corner capacitance tables ... 
Initializing multi-corner resistance tables ...
PreRoute RC Extraction DONE (CPU Time: 0:00:00.0  Real Time: 0:00:00.0  MEM: 3763.266M)
Compute RC Scale Done ...
[hotspot] +------------+---------------+---------------+
[hotspot] |            |   max hotspot | total hotspot |
[hotspot] +------------+---------------+---------------+
[hotspot] | normalized |          0.00 |          0.00 |
[hotspot] +------------+---------------+---------------+
Local HotSpot Analysis: normalized max congestion hotspot area = 0.00, normalized total congestion hotspot area = 0.00 (area is in unit of 4 std-cell row bins)
GigaOpt Checkpoint: Internal congRefineRouteType -postCTS -numThreads 4 -resetVeryShortNets -rescheduleForAdherence  
Begin: GigaOpt Route Type Constraints Refinement
*** CongRefineRouteType #2 [begin] (clock_opt_design #1) : totSession cpu/real = 0:01:17.3/0:02:00.6 (0.6), mem = 3763.3M
Updated routing constraints on 0 nets.
Bottom Preferred Layer:
+---------------+------------+----------+
|     Layer     |    CLK     |   Rule   |
+---------------+------------+----------+
| Metal3 (z=3)  |          2 | default  |
+---------------+------------+----------+
Via Pillar Rule:
    None
*** CongRefineRouteType #2 [finish] (clock_opt_design #1) : cpu/real = 0:00:00.0/0:00:00.0 (0.0), totSession cpu/real = 0:01:17.3/0:02:00.6 (0.6), mem = 3763.3M
End: GigaOpt Route Type Constraints Refinement
skip EGR on cluster skew clock nets.
-opt_exp_set_preroute_early_power_reclaim_recovery_split_flow false
                                           # bool, default=false, private
Starting delay calculation for Setup views
AAE_INFO: opIsDesignInPostRouteState() is 0
#################################################################################
# Design Stage: PreRoute
# Design Name: aer_pending_direct_gray_sync_core_reset
# Design Mode: 180nm
# Analysis Mode: MMMC Non-OCV 
# Parasitics Mode: No SPEF/RCDB 
# Signoff Settings: SI Off 
#################################################################################
Calculate delays in BcWc mode...
Start delay calculation (fullDC) (4 T). (MEM=2681.97)
Total number of fetched objects 286
AAE_INFO: Total number of nets for which stage creation was skipped for all views 0
End delay calculation. (MEM=2713.49 CPU=0:00:00.2 REAL=0:00:00.0)
End delay calculation (fullDC). (MEM=2713.49 CPU=0:00:00.2 REAL=0:00:00.0)
*** Done Building Timing Graph (cpu=0:00:00.6 real=0:00:01.0 totSessionCpu=0:01:18 mem=3740.8M)
Begin: GigaOpt postEco DRV Optimization
GigaOpt Checkpoint: Internal optDRV -inPostEcoStage -smallScaleFixing -maxIter 3 -max_tran -max_cap -maxLocalDensity 0.98 -numThreads 4 -preRouteDontEndWithRefinePlaceIncrSteinerRouteDC -setupTNSCostFactor 1.0 -postCTS
*** DrvOpt #2 [begin] (clock_opt_design #1) : totSession cpu/real = 0:01:18.1/0:02:01.1 (0.6), mem = 3740.8M
Info: 2 nets with fixed/cover wires excluded.
Info: 2 clock nets excluded from IPO operation.
	CornerforLayerOpt timing analysis view setup_view has been selected for calibration 
	CornerforLayerOpt timing analysis view setup_view has been selected for calibration 
	CornerforLayerOpt timing analysis view setup_view has been selected for calibration 
	CornerforLayerOpt timing analysis view setup_view has been selected for calibration 
	CornerforLayerOpt timing analysis view setup_view has been selected for calibration 
	CornerforLayerOpt timing analysis view setup_view has been selected for calibration 
	CornerforLayerOpt timing analysis view setup_view has been selected for calibration 
	CornerforLayerOpt timing analysis view setup_view has been selected for calibration 
+-------------------------------------------------------------------------------------------------------------------------------------------------------+
|        max-tran       |        max-cap        |  max-fanout |  max-length |       setup       |        |        |        |       |          |         |
+-------------------------------------------------------------------------------------------------------------------------------------------------------+
| nets | terms|  wViol  | nets | terms|  wViol  | nets | terms| nets | terms|   WNS   |   TNS   |  #Buf  |  #Inv  | #Resize|Density|   Real   |   Mem   |
+-------------------------------------------------------------------------------------------------------------------------------------------------------+
|     0|     0|     0.00|     0|     0|     0.00|     2|     2|     0|     0|     0.44|     0.00|       0|       0|       0| 60.53%|          |         |
|     0|     0|     0.00|     0|     0|     0.00|     2|     2|     0|     0|     0.44|     0.00|       0|       0|       0| 60.53%| 0:00:00.0|  3836.8M|
+-------------------------------------------------------------------------------------------------------------------------------------------------------+
Bottom Preferred Layer:
+---------------+------------+----------+
|     Layer     |    CLK     |   Rule   |
+---------------+------------+----------+
| Metal3 (z=3)  |          2 | default  |
+---------------+------------+----------+
Via Pillar Rule:
    None

*** Finish DRV Fixing (cpu=0:00:00.0 real=0:00:00.0 mem=3836.8M) ***

*** DrvOpt #2 [finish] (clock_opt_design #1) : cpu/real = 0:00:00.4/0:00:00.4 (1.0), totSession cpu/real = 0:01:18.5/0:02:01.5 (0.6), mem = 3772.8M
End: GigaOpt postEco DRV Optimization
Running refinePlace -preserveRouting true -hardFence false
*** Starting refinePlace (0:01:19 mem=3772.8M) ***
Max route layer is changed from 127 to 6 because there is no routing track above this layer
Max route layer is changed from 127 to 6 because there is no routing track above this layer

Starting Small incrNP...
Density distribution unevenness ratio = 6.228%
Skipped incrNP (cpu=0:00:00.0, real=0:00:00.0, mem=3772.8M)
End of Small incrNP (cpu=0:00:00.0, real=0:00:00.0)
Max route layer is changed from 127 to 6 because there is no routing track above this layer
Max route layer is changed from 127 to 6 because there is no routing track above this layer
Move report: Detail placement moves 0 insts, mean move: 0.00 um, max move: 0.00 um 
	Runtime: CPU: 0:00:00.0 REAL: 0:00:00.0 MEM: 3740.8MB
Summary Report:
Instances move: 0 (out of 230 movable)
Instances flipped: 0
Mean displacement: 0.00 um
Max displacement: 0.00 um 
Physical-only instances move: 0 (out of 0 movable physical-only)
Runtime: CPU: 0:00:00.0 REAL: 0:00:00.0 MEM: 3740.8MB
*** Finished refinePlace (0:01:19 mem=3740.8M) ***
#optDebug: fT-D <X 1 0 0 0>
Register exp ratio and priority group on 0 nets on 286 nets : 

Active setup views:
 setup_view
  Dominating endpoints: 0
  Dominating TNS: -0.000

Extraction called for design 'aer_pending_direct_gray_sync_core_reset' of instances=231 and nets=288 using extraction engine 'preRoute' .
PreRoute RC Extraction called for design aer_pending_direct_gray_sync_core_reset.
RC Extraction called in multi-corner(1) mode.
RCMode: PreRoute
      RC Corner Indexes            0   
Capacitance Scaling Factor   : 1.00000 
Resistance Scaling Factor    : 1.00000 
Clock Cap. Scaling Factor    : 1.00000 
Clock Res. Scaling Factor    : 1.00000 
Shrink Factor                : 1.00000
PreRoute extraction is honoring NDR/Shielding/ExtraSpace for clock nets.
Using capacitance table file ...
Updating RC Grid density data for preRoute extraction ...
Initializing multi-corner capacitance tables ... 
Initializing multi-corner resistance tables ...
PreRoute RC Extraction DONE (CPU Time: 0:00:00.0  Real Time: 0:00:00.0  MEM: 3739.258M)
Starting delay calculation for Setup views
AAE_INFO: opIsDesignInPostRouteState() is 0
#################################################################################
# Design Stage: PreRoute
# Design Name: aer_pending_direct_gray_sync_core_reset
# Design Mode: 180nm
# Analysis Mode: MMMC Non-OCV 
# Parasitics Mode: No SPEF/RCDB 
# Signoff Settings: SI Off 
#################################################################################
Calculate delays in BcWc mode...
Start delay calculation (fullDC) (4 T). (MEM=2681.27)
Total number of fetched objects 286
AAE_INFO: Total number of nets for which stage creation was skipped for all views 0
End delay calculation. (MEM=2719 CPU=0:00:00.2 REAL=0:00:00.0)
End delay calculation (fullDC). (MEM=2719 CPU=0:00:00.2 REAL=0:00:00.0)
*** Done Building Timing Graph (cpu=0:00:00.7 real=0:00:01.0 totSessionCpu=0:01:20 mem=3740.8M)
OPTC: user 20.0
Reported timing to dir ./timingReports
**optDesign ... cpu = 0:00:14, real = 0:00:33, mem = 2691.2M, totSessionCpu=0:01:20 **

OptSummary:

------------------------------------------------------------------
     optDesign Final Summary
------------------------------------------------------------------

Setup views included:
 setup_view 

+--------------------+---------+---------+---------+
|     Setup mode     |   all   | reg2reg | default |
+--------------------+---------+---------+---------+
|           WNS (ns):|  0.445  |  3.239  |  0.445  |
|           TNS (ns):|  0.000  |  0.000  |  0.000  |
|    Violating Paths:|    0    |    0    |    0    |
|          All Paths:|   97    |   57    |   65    |
+--------------------+---------+---------+---------+

+----------------+-------------------------------+------------------+
|                |              Real             |       Total      |
|    DRVs        +------------------+------------+------------------|
|                |  Nr nets(terms)  | Worst Vio  |  Nr nets(terms)  |
+----------------+------------------+------------+------------------+
|   max_cap      |      0 (0)       |   0.000    |      0 (0)       |
|   max_tran     |      0 (0)       |   0.000    |      0 (0)       |
|   max_fanout   |      2 (2)       |    -10     |      3 (3)       |
|   max_length   |      0 (0)       |     0      |      0 (0)       |
+----------------+------------------+------------+------------------+

Density: 60.531%
Routing Overflow: 0.00% H and 0.00% V
------------------------------------------------------------------
Begin: Collecting metrics
 ------------------------------------------------------------------------------------------------------------------------------------------------------- 
| Snapshot                | WNS                  | TNS                  | Density (%) | Hotspot                   | Resource               | DRVs       |
|                         | HEPG (ns) | ALL (ns) | HEPG (ns) | ALL (ns) |             | Max (bins) | Total (bins) | Real (s) | Memory (MB) | Tran | Cap |
|-------------------------+-----------+----------+-----------+----------+-------------+------------+--------------+----------+-------------+------+-----|
| initial_summary         |     3.195 |    0.445 |           |        0 |       60.53 |            |              | 0:00:01  |        3716 |    0 |   0 |
| route_type_refinement   |           |          |           |          |             |            |              | 0:00:00  |        3716 |      |     |
| simplify_netlist        |           |          |           |          |             |            |              | 0:00:01  |        3773 |      |     |
| excluded_clk_net_fixing |           |          |           |          |             |            |              | 0:00:01  |        3773 |      |     |
| global_opt              |           |    0.445 |           |        0 |       60.53 |            |              | 0:00:01  |        3773 |      |     |
| area_reclaiming         |     3.195 |    0.445 |         0 |        0 |       60.53 |            |              | 0:00:01  |        3773 |      |     |
| area_reclaiming_2       |     3.195 |    0.445 |         0 |        0 |       60.53 |            |              | 0:00:01  |        3773 |      |     |
| local_wire_reclaim      |           |          |           |          |             |            |              | 0:00:00  |        3741 |      |     |
| global_route            |           |          |           |          |             |       0.00 |         0.00 | 0:00:00  |        3763 |      |     |
| route_type_refinement_2 |           |          |           |          |             |            |              | 0:00:00  |        3763 |      |     |
| drv_eco_fixing          |     3.239 |    0.445 |         0 |        0 |       60.53 |            |              | 0:00:00  |        3773 |    0 |   0 |
| final_summary           |     3.239 |    0.445 |           |        0 |       60.53 |            |              | 0:00:02  |        3773 |    0 |   0 |
 ------------------------------------------------------------------------------------------------------------------------------------------------------- 
End: Collecting metrics
**optDesign ... cpu = 0:00:15, real = 0:00:35, mem = 2697.0M, totSessionCpu=0:01:20 **
*** Finished optDesign ***
      flow.cputime  flow.realtime  timing.setup.tns  timing.setup.wns  snapshot
UM:*                                                                   final
      flow.cputime  flow.realtime  timing.setup.tns  timing.setup.wns  snapshot
UM:*                                                                   opt_design_postcts
Info: final physical memory for 5 CRR processes is 826.92MB.
Info: Summary of CRR changes:
      - Timing transform commits:       0
Info: Destroy the CCOpt slew target map.
(clock_opt_design): dumping clock statistics to metric
Updating ideal nets and annotations...
Clock tree spec update: Ideal nets, transition and delay annotations were updated to match active timing constraints.
Updating ideal nets and annotations done. (took cpu=0:00:00.0 real=0:00:00.0)
No differences between SDC and CTS ideal net status found.
Clock tree timing engine global stage delay update for corner_slow:setup.early...
Clock tree timing engine global stage delay update for corner_slow:setup.early done. (took cpu=0:00:00.0 real=0:00:00.0)
Clock tree timing engine global stage delay update for corner_slow:setup.late...
Clock tree timing engine global stage delay update for corner_slow:setup.late done. (took cpu=0:00:00.0 real=0:00:00.0)
Clock tree timing engine global stage delay update for corner_fast:hold.early...
Clock tree timing engine global stage delay update for corner_fast:hold.early done. (took cpu=0:00:00.0 real=0:00:00.0)
Clock tree timing engine global stage delay update for corner_fast:hold.late...
Clock tree timing engine global stage delay update for corner_fast:hold.late done. (took cpu=0:00:00.0 real=0:00:00.0)
UM: Running design category ...
      flow.cputime  flow.realtime  timing.setup.tns  timing.setup.wns  snapshot
UM:          24.44             63          0.000 ns          0.445 ns  clock_opt_design

*** Summary of all messages that are not suppressed in this session:
Severity  ID               Count  Summary                                  
WARNING   IMPSP-9025           1  No scan chain specified/traced.          
WARNING   IMPCCOPT-1182        1  The clock_gating_cells property has no u...
*** Message Summary: 2 warning(s), 0 error(s)

*** clock_opt_design #1 [finish] () : cpu/real = 0:00:24.0/0:00:50.1 (0.5), totSession cpu/real = 0:01:20.9/0:02:13.4 (0.6), mem = 3772.8M
Ending "clock_opt_design" (total cpu=0:00:24.0, real=0:00:50.0, peak res=2739.7M, current mem=2641.9M)
**optDesign ... cpu = 0:00:00, real = 0:00:00, mem = 2641.9M, totSessionCpu=0:01:21 **
*** optDesign #1 [begin] () : totSession cpu/real = 0:01:20.9/0:02:13.4 (0.6), mem = 3772.8M
GigaOpt running with 4 threads.
*** InitOpt #1 [begin] (optDesign #1) : totSession cpu/real = 0:01:20.9/0:02:13.4 (0.6), mem = 3772.8M
**INFO: User settings:
setDesignMode -process                                         180
setExtractRCMode -coupling_c_th                                3
setExtractRCMode -engine                                       preRoute
setExtractRCMode -relative_c_th                                0.03
setExtractRCMode -total_c_th                                   5
setUsefulSkewMode -opt_skew_eco_route                          false
setDelayCalMode -enable_high_fanout                            true
setDelayCalMode -enable_ideal_seq_async_pins                   false
setDelayCalMode -eng_enablePrePlacedFlow                       false
setDelayCalMode -engine                                        aae
setDelayCalMode -ignoreNetLoad                                 false
setDelayCalMode -socv_accuracy_mode                            low
setOptMode -opt_view_pruning_setup_views_active_list           { setup_view }
setOptMode -opt_view_pruning_setup_views_persistent_list       { setup_view}
setOptMode -opt_view_pruning_tdgr_setup_views_persistent_list  { setup_view}
setOptMode -opt_drv_margin                                     0
setOptMode -opt_drv                                            true
setOptMode -opt_resize_flip_flops                              true
setOptMode -opt_preserve_all_sequential                        false
setOptMode -opt_setup_target_slack                             0
setAnalysisMode -checkType                                     setup
setAnalysisMode -clkSrcPath                                    true
setAnalysisMode -clockPropagation                              sdcControl
setAnalysisMode -usefulSkew                                    true
setAnalysisMode -virtualIPO                                    false

**INFO: setDesignMode -flowEffort standard -> setting 'setOptMode -allEndPoints true' for the duration of this command.
Need call spDPlaceInit before registerPrioInstLoc.
Info: Using SynthesisEngine executable '/home/tools/cadence/DDI231/INNOVUS231/bin/innovus_'.
      SynthesisEngine workers will not check out additional licenses.
**INFO: Using Advanced Metric Collection system.
**optDesign ... cpu = 0:00:02, real = 0:00:19, mem = 2651.8M, totSessionCpu=0:01:23 **
#optDebug: { P: 180 W: 3195 FE: standard PE: none LDR: 1}
*** optDesign -postCTS ***
DRC Margin: user margin 0.0; extra margin 0.2
Hold Target Slack: user slack 0
Setup Target Slack: user slack 0; extra slack 0.0
setUsefulSkewMode -opt_skew_eco_route false
Multi-VT timing optimization disabled based on library information.
Start to check current routing status for nets...
All nets are already routed correctly.
End to check current routing status for nets (mem=3740.8M)
	CornerforLayerOpt timing analysis view setup_view has been selected for calibration 
	CornerforLayerOpt timing analysis view setup_view has been selected for calibration 
	CornerforLayerOpt timing analysis view setup_view has been selected for calibration 
	CornerforLayerOpt timing analysis view setup_view has been selected for calibration 
Compute RC Scale Done ...

OptSummary:

------------------------------------------------------------------
             Initial Summary
------------------------------------------------------------------

Setup views included:
 setup_view 

+--------------------+---------+---------+---------+
|     Setup mode     |   all   | reg2reg | default |
+--------------------+---------+---------+---------+
|           WNS (ns):|  0.445  |  3.239  |  0.445  |
|           TNS (ns):|  0.000  |  0.000  |  0.000  |
|    Violating Paths:|    0    |    0    |    0    |
|          All Paths:|   97    |   57    |   65    |
+--------------------+---------+---------+---------+

+----------------+-------------------------------+------------------+
|                |              Real             |       Total      |
|    DRVs        +------------------+------------+------------------|
|                |  Nr nets(terms)  | Worst Vio  |  Nr nets(terms)  |
+----------------+------------------+------------+------------------+
|   max_cap      |      0 (0)       |   0.000    |      0 (0)       |
|   max_tran     |      0 (0)       |   0.000    |      0 (0)       |
|   max_fanout   |      2 (2)       |    -10     |      3 (3)       |
|   max_length   |      0 (0)       |     0      |      0 (0)       |
+----------------+------------------+------------+------------------+

Density: 60.531%
------------------------------------------------------------------
**optDesign ... cpu = 0:00:03, real = 0:00:21, mem = 2707.4M, totSessionCpu=0:01:24 **
*** InitOpt #1 [finish] (optDesign #1) : cpu/real = 0:00:03.5/0:00:21.5 (0.2), totSession cpu/real = 0:01:24.4/0:02:34.9 (0.5), mem = 3772.8M
** INFO : this run is activating low effort ccoptDesign flow
OPTC: m4 20.0 50.0 [ 500.0 20.0 50.0 ]
OPTC: view 50.0:500.0 [ 0.0500 ]
#optDebug: fT-E <X 2 0 0 1>
-opt_post_cts_congestion_repair false      # bool, default=false, private
GigaOpt Checkpoint: Internal congRefineRouteType -postCTS -congThreshold 0.001 -rescheduleForCongestion -numThreads 4 -resetVeryShortNets -resetShortNets -useSpineBased -rescheduleForAdherence -minSlack -262.5 -useBottleneckAnalyzer -drvRatio 0.4
Begin: GigaOpt Route Type Constraints Refinement
*** CongRefineRouteType #1 [begin] (optDesign #1) : totSession cpu/real = 0:01:24.7/0:02:35.2 (0.5), mem = 3740.8M
Updated routing constraints on 0 nets.
Bottom Preferred Layer:
+---------------+------------+----------+
|     Layer     |    CLK     |   Rule   |
+---------------+------------+----------+
| Metal3 (z=3)  |          2 | default  |
+---------------+------------+----------+
Via Pillar Rule:
    None
*** CongRefineRouteType #1 [finish] (optDesign #1) : cpu/real = 0:00:00.0/0:00:00.0 (1.7), totSession cpu/real = 0:01:24.8/0:02:35.2 (0.5), mem = 3772.8M
End: GigaOpt Route Type Constraints Refinement
*** SimplifyNetlist #1 [begin] (optDesign #1) : totSession cpu/real = 0:01:24.9/0:02:35.3 (0.5), mem = 3772.8M
Info: 2 nets with fixed/cover wires excluded.
Info: 2 clock nets excluded from IPO operation.

Netlist preparation processing... 
Removed 0 instance
*info: Marking 0 isolation instances dont touch
*info: Marking 0 level shifter instances dont touch
*** SimplifyNetlist #1 [finish] (optDesign #1) : cpu/real = 0:00:01.1/0:00:01.1 (1.0), totSession cpu/real = 0:01:26.0/0:02:36.4 (0.5), mem = 3810.9M
*** ExcludedClockNetOpt #1 [begin] (optDesign #1) : totSession cpu/real = 0:01:26.1/0:02:36.5 (0.6), mem = 3810.9M
*** Starting optimizing excluded clock nets MEM= 3810.9M) ***
*info: No excluded clock nets to be optimized.
*** Finished optimizing excluded clock nets (CPU Time= 0:00:00.0  MEM= 3810.9M) ***
*** ExcludedClockNetOpt #1 [finish] (optDesign #1) : cpu/real = 0:00:00.0/0:00:00.0 (0.0), totSession cpu/real = 0:01:26.1/0:02:36.5 (0.6), mem = 3810.9M
*** ExcludedClockNetOpt #2 [begin] (optDesign #1) : totSession cpu/real = 0:01:26.1/0:02:36.5 (0.6), mem = 3810.9M
*** Starting optimizing excluded clock nets MEM= 3810.9M) ***
*info: No excluded clock nets to be optimized.
*** Finished optimizing excluded clock nets (CPU Time= 0:00:00.0  MEM= 3810.9M) ***
*** ExcludedClockNetOpt #2 [finish] (optDesign #1) : cpu/real = 0:00:00.0/0:00:00.0 (0.0), totSession cpu/real = 0:01:26.1/0:02:36.5 (0.6), mem = 3810.9M
Info: Done creating the CCOpt slew target map.
Begin: GigaOpt high fanout net optimization
GigaOpt HFN: use maxLocalDensity 1.2
GigaOpt Checkpoint: Internal optDRV -useLevelizedBufferTreeOnly -auxMaxFanoutCountLimit 500 -largeScaleFixing -maxIter 1 -maxLocalDensity 1.2 -numThreads 4 -postCTS -preRouteDontEndWithRefinePlaceIncrSteinerRouteDC
*** DrvOpt #1 [begin] (optDesign #1) : totSession cpu/real = 0:01:26.2/0:02:36.6 (0.6), mem = 3810.9M
Info: 2 nets with fixed/cover wires excluded.
Info: 2 clock nets excluded from IPO operation.
	CornerforLayerOpt timing analysis view setup_view has been selected for calibration 
	CornerforLayerOpt timing analysis view setup_view has been selected for calibration 
	CornerforLayerOpt timing analysis view setup_view has been selected for calibration 
	CornerforLayerOpt timing analysis view setup_view has been selected for calibration 
	CornerforLayerOpt timing analysis view setup_view has been selected for calibration 
	CornerforLayerOpt timing analysis view setup_view has been selected for calibration 
	CornerforLayerOpt timing analysis view setup_view has been selected for calibration 
	CornerforLayerOpt timing analysis view setup_view has been selected for calibration 
*** DrvOpt #1 [finish] (optDesign #1) : cpu/real = 0:00:00.4/0:00:00.4 (1.0), totSession cpu/real = 0:01:26.5/0:02:36.9 (0.6), mem = 3810.9M
GigaOpt HFN: restore maxLocalDensity to 0.98
End: GigaOpt high fanout net optimization
Number of setup views: 1
Begin: GigaOpt Global Optimization
*info: use new DP (enabled)
GigaOpt Checkpoint: Internal globalOpt -maxLocalDensity 1.2 -numThreads 4 -postCTS -preRouteDontEndWithRefinePlaceIncrSteinerRouteDC -enableHighLayerOpt -maxIter 50 -maxIterForLEPG 50
Info: 2 nets with fixed/cover wires excluded.
Info: 2 clock nets excluded from IPO operation.
*** GlobalOpt #1 [begin] (optDesign #1) : totSession cpu/real = 0:01:26.6/0:02:37.0 (0.6), mem = 3810.9M
*info: 2 clock nets excluded
*info: 2 nets with fixed/cover wires excluded.
** GigaOpt Global Opt WNS Slack 0.000  TNS Slack 0.000 
+--------+--------+---------+------------+--------+----------+---------+---------------------------+
|  WNS   |  TNS   | Density |    Real    |  Mem   |Worst View|Pathgroup|         End Point         |
+--------+--------+---------+------------+--------+----------+---------+---------------------------+
|   0.000|   0.000|   60.53%|   0:00:00.0| 3858.9M|setup_view|       NA| NA                        |
+--------+--------+---------+------------+--------+----------+---------+---------------------------+

*** Finish post-CTS Global Setup Fixing (cpu=0:00:00.0 real=0:00:00.0 mem=3858.9M) ***

*** Finish post-CTS Setup Fixing (cpu=0:00:00.0 real=0:00:00.0 mem=3858.9M) ***
Bottom Preferred Layer:
+---------------+------------+----------+
|     Layer     |    CLK     |   Rule   |
+---------------+------------+----------+
| Metal3 (z=3)  |          2 | default  |
+---------------+------------+----------+
Via Pillar Rule:
    None
** GigaOpt Global Opt End WNS Slack 0.000  TNS Slack 0.000 
*** GlobalOpt #1 [finish] (optDesign #1) : cpu/real = 0:00:01.6/0:00:01.3 (1.3), totSession cpu/real = 0:01:28.2/0:02:38.2 (0.6), mem = 3810.9M
End: GigaOpt Global Optimization
*** Timing Is met
*** Check timing (0:00:00.0)
GigaOpt Checkpoint: Internal reclaim -numThreads 4 -postCTS -doRemoveUselessTerm -tgtSlackMult 3 -routeType -noRouteTypeResizePolish -noViewPrune -weedwhack -nonLegal -nativePathGroupFlow -SimpCCIn
Info: 2 nets with fixed/cover wires excluded.
Info: 2 clock nets excluded from IPO operation.
Begin: Area Reclaim Optimization
*** AreaOpt #1 [begin] (optDesign #1) : totSession cpu/real = 0:01:28.3/0:02:38.4 (0.6), mem = 3875.0M
Reclaim Optimization WNS Slack 0.100  TNS Slack 0.000 Density 60.53
+---------+---------+--------+--------+------------+--------+
| Density | Commits |  WNS   |  TNS   |    Real    |  Mem   |
+---------+---------+--------+--------+------------+--------+
|   60.53%|        -|   0.100|   0.000|   0:00:00.0| 3875.0M|
|   60.53%|        0|   0.100|   0.000|   0:00:00.0| 3875.0M|
|   60.53%|        0|   0.100|   0.000|   0:00:00.0| 3875.0M|
|   60.53%|        0|   0.100|   0.000|   0:00:00.0| 3875.0M|
|   60.53%|        0|   0.100|   0.000|   0:00:00.0| 3875.0M|
|   60.53%|        0|   0.100|   0.000|   0:00:00.0| 3875.0M|
+---------+---------+--------+--------+------------+--------+
Reclaim Optimization End WNS Slack 0.100  TNS Slack 0.000 Density 60.53
Bottom Preferred Layer:
+---------------+------------+----------+
|     Layer     |    CLK     |   Rule   |
+---------------+------------+----------+
| Metal3 (z=3)  |          2 | default  |
+---------------+------------+----------+
Via Pillar Rule:
    None

Number of times islegalLocAvaiable called = 0 skipped = 0, called in commitmove = 0, skipped in commitmove = 0
End: Core Area Reclaim Optimization (cpu = 0:00:01.1) (real = 0:00:01.0) **
*** AreaOpt #1 [finish] (optDesign #1) : cpu/real = 0:00:01.1/0:00:01.1 (1.1), totSession cpu/real = 0:01:29.5/0:02:39.5 (0.6), mem = 3875.0M
Executing incremental physical updates
Executing incremental physical updates
End: Area Reclaim Optimization (cpu=0:00:01, real=0:00:01, mem=3810.93M, totSessionCpu=0:01:30).
GigaOpt Checkpoint: Internal reclaim -numThreads 4 -customPhyUpdate -noGCompAndPhase -force -svrReclaim -rtrShortNets -allowDegradingShortNetRemoval -postCTS -tgtSlackMult 2 -wtns -noRouteTypeResizePolish -noViewPrune -nativePathGroupFlow -SimpCCIn
Info: 2 nets with fixed/cover wires excluded.
Info: 2 clock nets excluded from IPO operation.
Begin: Area Reclaim Optimization
*** AreaOpt #2 [begin] (optDesign #1) : totSession cpu/real = 0:01:29.7/0:02:39.7 (0.6), mem = 3875.0M
Reclaim Optimization WNS Slack 0.100  TNS Slack 0.000 Density 60.53
+---------+---------+--------+--------+------------+--------+
| Density | Commits |  WNS   |  TNS   |    Real    |  Mem   |
+---------+---------+--------+--------+------------+--------+
|   60.53%|        -|   0.100|   0.000|   0:00:00.0| 3875.0M|
|   60.53%|        0|   0.100|   0.000|   0:00:00.0| 3875.0M|
|   60.53%|        0|   0.100|   0.000|   0:00:00.0| 3875.0M|
|   60.53%|        0|   0.100|   0.000|   0:00:00.0| 3875.0M|
|   60.53%|        0|   0.100|   0.000|   0:00:00.0| 3875.0M|
|   60.53%|        0|   0.100|   0.000|   0:00:00.0| 3875.0M|
+---------+---------+--------+--------+------------+--------+
Reclaim Optimization End WNS Slack 0.100  TNS Slack 0.000 Density 60.53
Bottom Preferred Layer:
+---------------+------------+----------+
|     Layer     |    CLK     |   Rule   |
+---------------+------------+----------+
| Metal3 (z=3)  |          2 | default  |
+---------------+------------+----------+
Via Pillar Rule:
    None

Number of times islegalLocAvaiable called = 0 skipped = 0, called in commitmove = 0, skipped in commitmove = 0
End: Core Area Reclaim Optimization (cpu = 0:00:01.1) (real = 0:00:01.0) **
*** Starting refinePlace (0:01:31 mem=3875.0M) ***
Total net bbox length = 7.295e+03 (4.188e+03 3.107e+03) (ext = 1.574e+03)
Max route layer is changed from 127 to 6 because there is no routing track above this layer
Max route layer is changed from 127 to 6 because there is no routing track above this layer
Max route layer is changed from 127 to 6 because there is no routing track above this layer
Move report: Detail placement moves 0 insts, mean move: 0.00 um, max move: 0.00 um 
	Runtime: CPU: 0:00:00.0 REAL: 0:00:00.0 MEM: 3842.9MB
Summary Report:
Instances move: 0 (out of 230 movable)
Instances flipped: 0
Mean displacement: 0.00 um
Max displacement: 0.00 um 
Physical-only instances move: 0 (out of 0 movable physical-only)
Total net bbox length = 7.295e+03 (4.188e+03 3.107e+03) (ext = 1.574e+03)
Runtime: CPU: 0:00:00.0 REAL: 0:00:00.0 MEM: 3842.9MB
*** Finished refinePlace (0:01:31 mem=3842.9M) ***
*** maximum move = 0.00 um ***
*** Finished re-routing un-routed nets (3842.9M) ***

*** Finish Physical Update (cpu=0:00:00.1 real=0:00:00.0 mem=3875.0M) ***
*** AreaOpt #2 [finish] (optDesign #1) : cpu/real = 0:00:01.2/0:00:01.1 (1.1), totSession cpu/real = 0:01:30.9/0:02:40.8 (0.6), mem = 3875.0M
End: Area Reclaim Optimization (cpu=0:00:01, real=0:00:01, mem=3810.93M, totSessionCpu=0:01:31).
*** LocalWireReclaim #1 [begin] (optDesign #1) : totSession cpu/real = 0:01:31.1/0:02:40.9 (0.6), mem = 3810.9M
Starting local wire reclaim
*** Starting refinePlace (0:01:31 mem=3810.9M) ***
Max route layer is changed from 127 to 6 because there is no routing track above this layer
Max route layer is changed from 127 to 6 because there is no routing track above this layer
Max route layer is changed from 127 to 6 because there is no routing track above this layer
*** Finished SKP initialization (cpu=0:00:00.2, real=0:00:01.0)***
Timing cost in AAE based: 19.7849575522122905
Max route layer is changed from 127 to 6 because there is no routing track above this layer
Max route layer is changed from 127 to 6 because there is no routing track above this layer
Call icdpEval cleanup ...
Move report: Detail placement moves 0 insts, mean move: 0.00 um, max move: 0.00 um 
	Runtime: CPU: 0:00:00.4 REAL: 0:00:01.0 MEM: 3778.9MB
Summary Report:
Instances move: 0 (out of 230 movable)
Instances flipped: 0
Mean displacement: 0.00 um
Max displacement: 0.00 um 
Physical-only instances move: 0 (out of 0 movable physical-only)
Runtime: CPU: 0:00:00.4 REAL: 0:00:01.0 MEM: 3778.9MB
*** Finished refinePlace (0:01:31 mem=3778.9M) ***
*** LocalWireReclaim #1 [finish] (optDesign #1) : cpu/real = 0:00:00.4/0:00:00.3 (1.4), totSession cpu/real = 0:01:31.5/0:02:41.3 (0.6), mem = 3778.9M
AAE_INFO: opIsDesignInPostRouteState() is 0
#################################################################################
# Design Stage: PreRoute
# Design Name: aer_pending_direct_gray_sync_core_reset
# Design Mode: 180nm
# Analysis Mode: MMMC Non-OCV 
# Parasitics Mode: No SPEF/RCDB 
# Signoff Settings: SI Off 
#################################################################################
Calculate delays in BcWc mode...
Start delay calculation (fullDC) (4 T). (MEM=2728.18)
Total number of fetched objects 286
AAE_INFO: Total number of nets for which stage creation was skipped for all views 0
End delay calculation. (MEM=2758.89 CPU=0:00:00.2 REAL=0:00:00.0)
End delay calculation (fullDC). (MEM=2758.89 CPU=0:00:00.2 REAL=0:00:00.0)
eGR doReRoute: optGuide
Max route layer is changed from 127 to 6 because there is no routing track above this layer
Max route layer is changed from 127 to 6 because there is no routing track above this layer
[NR-eGR] Read 270 nets ( ignored 2 )
[NR-eGR] Layer group 1: route 268 net(s) in layer range [2, 6]
[NR-eGR] Early Global Route overflow of layer group 1: 0.00% H + 0.00% V. EstWL: 7.333200e+03um
[NR-eGR] Overflow after Early Global Route 0.00% H + 0.00% V
[NR-eGR] Total eGR-routed clock nets wire length: 0um, number of vias: 0
[NR-eGR] --------------------------------------------------------------------------
[NR-eGR]                 Length (um)  Vias 
[NR-eGR] ----------------------------------
[NR-eGR]  Metal1  (1H)             1   851 
[NR-eGR]  Metal2  (2V)          3025  1078 
[NR-eGR]  Metal3  (3H)          4381   131 
[NR-eGR]  Metal4  (4V)           796    12 
[NR-eGR]  Metal5  (5H)           282     0 
[NR-eGR]  Metal6  (6V)             0     0 
[NR-eGR] ----------------------------------
[NR-eGR]          Total         8485  2072 
[NR-eGR] --------------------------------------------------------------------------
[NR-eGR] Total half perimeter of net bounding box: 7295um
[NR-eGR] Total length: 8485um, number of vias: 2072
[NR-eGR] --------------------------------------------------------------------------
[NR-eGR] Finished Early Global Route kernel ( CPU: 0.14 sec, Real: 0.11 sec, Curr Mem: 3.30 MB )
[NR-eGR] Finished Early Global Route ( CPU: 0.16 sec, Real: 0.12 sec, Curr Mem: 3.30 MB )
Extraction called for design 'aer_pending_direct_gray_sync_core_reset' of instances=231 and nets=288 using extraction engine 'preRoute' .
PreRoute RC Extraction called for design aer_pending_direct_gray_sync_core_reset.
RC Extraction called in multi-corner(1) mode.
RCMode: PreRoute
      RC Corner Indexes            0   
Capacitance Scaling Factor   : 1.00000 
Resistance Scaling Factor    : 1.00000 
Clock Cap. Scaling Factor    : 1.00000 
Clock Res. Scaling Factor    : 1.00000 
Shrink Factor                : 1.00000
PreRoute extraction is honoring NDR/Shielding/ExtraSpace for clock nets.
Using capacitance table file ...
Updating RC Grid density data for preRoute extraction ...
Initializing multi-corner capacitance tables ... 
Initializing multi-corner resistance tables ...
PreRoute RC Extraction DONE (CPU Time: 0:00:00.0  Real Time: 0:00:00.0  MEM: 3801.422M)
Compute RC Scale Done ...
[hotspot] +------------+---------------+---------------+
[hotspot] |            |   max hotspot | total hotspot |
[hotspot] +------------+---------------+---------------+
[hotspot] | normalized |          0.00 |          0.00 |
[hotspot] +------------+---------------+---------------+
Local HotSpot Analysis: normalized max congestion hotspot area = 0.00, normalized total congestion hotspot area = 0.00 (area is in unit of 4 std-cell row bins)
GigaOpt Checkpoint: Internal congRefineRouteType -postCTS -numThreads 4 -resetVeryShortNets -rescheduleForAdherence  
Begin: GigaOpt Route Type Constraints Refinement
*** CongRefineRouteType #2 [begin] (optDesign #1) : totSession cpu/real = 0:01:32.7/0:02:42.3 (0.6), mem = 3801.4M
Updated routing constraints on 0 nets.
Bottom Preferred Layer:
+---------------+------------+----------+
|     Layer     |    CLK     |   Rule   |
+---------------+------------+----------+
| Metal3 (z=3)  |          2 | default  |
+---------------+------------+----------+
Via Pillar Rule:
    None
*** CongRefineRouteType #2 [finish] (optDesign #1) : cpu/real = 0:00:00.0/0:00:00.0 (1.8), totSession cpu/real = 0:01:32.7/0:02:42.3 (0.6), mem = 3801.4M
End: GigaOpt Route Type Constraints Refinement
skip EGR on cluster skew clock nets.
-opt_exp_set_preroute_early_power_reclaim_recovery_split_flow false
                                           # bool, default=false, private
Starting delay calculation for Setup views
AAE_INFO: opIsDesignInPostRouteState() is 0
#################################################################################
# Design Stage: PreRoute
# Design Name: aer_pending_direct_gray_sync_core_reset
# Design Mode: 180nm
# Analysis Mode: MMMC Non-OCV 
# Parasitics Mode: No SPEF/RCDB 
# Signoff Settings: SI Off 
#################################################################################
Calculate delays in BcWc mode...
Start delay calculation (fullDC) (4 T). (MEM=2729.93)
Total number of fetched objects 286
AAE_INFO: Total number of nets for which stage creation was skipped for all views 0
End delay calculation. (MEM=2756.72 CPU=0:00:00.1 REAL=0:00:00.0)
End delay calculation (fullDC). (MEM=2756.72 CPU=0:00:00.2 REAL=0:00:00.0)
*** Done Building Timing Graph (cpu=0:00:00.6 real=0:00:00.0 totSessionCpu=0:01:33 mem=3778.9M)
Begin: GigaOpt postEco DRV Optimization
GigaOpt Checkpoint: Internal optDRV -inPostEcoStage -smallScaleFixing -maxIter 3 -max_tran -max_cap -maxLocalDensity 0.98 -numThreads 4 -preRouteDontEndWithRefinePlaceIncrSteinerRouteDC -setupTNSCostFactor 1.0 -postCTS
*** DrvOpt #2 [begin] (optDesign #1) : totSession cpu/real = 0:01:33.4/0:02:42.9 (0.6), mem = 3778.9M
Info: 2 nets with fixed/cover wires excluded.
Info: 2 clock nets excluded from IPO operation.
	CornerforLayerOpt timing analysis view setup_view has been selected for calibration 
	CornerforLayerOpt timing analysis view setup_view has been selected for calibration 
	CornerforLayerOpt timing analysis view setup_view has been selected for calibration 
	CornerforLayerOpt timing analysis view setup_view has been selected for calibration 
	CornerforLayerOpt timing analysis view setup_view has been selected for calibration 
	CornerforLayerOpt timing analysis view setup_view has been selected for calibration 
	CornerforLayerOpt timing analysis view setup_view has been selected for calibration 
	CornerforLayerOpt timing analysis view setup_view has been selected for calibration 
+-------------------------------------------------------------------------------------------------------------------------------------------------------+
|        max-tran       |        max-cap        |  max-fanout |  max-length |       setup       |        |        |        |       |          |         |
+-------------------------------------------------------------------------------------------------------------------------------------------------------+
| nets | terms|  wViol  | nets | terms|  wViol  | nets | terms| nets | terms|   WNS   |   TNS   |  #Buf  |  #Inv  | #Resize|Density|   Real   |   Mem   |
+-------------------------------------------------------------------------------------------------------------------------------------------------------+
|     0|     0|     0.00|     0|     0|     0.00|     2|     2|     0|     0|     0.44|     0.00|       0|       0|       0| 60.53%|          |         |
|     0|     0|     0.00|     0|     0|     0.00|     2|     2|     0|     0|     0.44|     0.00|       0|       0|       0| 60.53%| 0:00:00.0|  3875.0M|
+-------------------------------------------------------------------------------------------------------------------------------------------------------+
Bottom Preferred Layer:
+---------------+------------+----------+
|     Layer     |    CLK     |   Rule   |
+---------------+------------+----------+
| Metal3 (z=3)  |          2 | default  |
+---------------+------------+----------+
Via Pillar Rule:
    None

*** Finish DRV Fixing (cpu=0:00:00.0 real=0:00:00.0 mem=3875.0M) ***

*** DrvOpt #2 [finish] (optDesign #1) : cpu/real = 0:00:00.4/0:00:00.4 (1.0), totSession cpu/real = 0:01:33.8/0:02:43.3 (0.6), mem = 3810.9M
End: GigaOpt postEco DRV Optimization
**INFO: Skipping refine place as no non-legal commits were detected
#optDebug: fT-D <X 1 0 0 0>
Register exp ratio and priority group on 0 nets on 286 nets : 

Active setup views:
 setup_view
  Dominating endpoints: 0
  Dominating TNS: -0.000

Extraction called for design 'aer_pending_direct_gray_sync_core_reset' of instances=231 and nets=288 using extraction engine 'preRoute' .
PreRoute RC Extraction called for design aer_pending_direct_gray_sync_core_reset.
RC Extraction called in multi-corner(1) mode.
RCMode: PreRoute
      RC Corner Indexes            0   
Capacitance Scaling Factor   : 1.00000 
Resistance Scaling Factor    : 1.00000 
Clock Cap. Scaling Factor    : 1.00000 
Clock Res. Scaling Factor    : 1.00000 
Shrink Factor                : 1.00000
PreRoute extraction is honoring NDR/Shielding/ExtraSpace for clock nets.
Using capacitance table file ...
Updating RC Grid density data for preRoute extraction ...
Initializing multi-corner capacitance tables ... 
Initializing multi-corner resistance tables ...
PreRoute RC Extraction DONE (CPU Time: 0:00:00.0  Real Time: 0:00:00.0  MEM: 3777.414M)
Starting delay calculation for Setup views
AAE_INFO: opIsDesignInPostRouteState() is 0
#################################################################################
# Design Stage: PreRoute
# Design Name: aer_pending_direct_gray_sync_core_reset
# Design Mode: 180nm
# Analysis Mode: MMMC Non-OCV 
# Parasitics Mode: No SPEF/RCDB 
# Signoff Settings: SI Off 
#################################################################################
Calculate delays in BcWc mode...
Start delay calculation (fullDC) (4 T). (MEM=2730.23)
Total number of fetched objects 286
AAE_INFO: Total number of nets for which stage creation was skipped for all views 0
End delay calculation. (MEM=2773.15 CPU=0:00:00.2 REAL=0:00:01.0)
End delay calculation (fullDC). (MEM=2773.15 CPU=0:00:00.2 REAL=0:00:01.0)
*** Done Building Timing Graph (cpu=0:00:00.7 real=0:00:01.0 totSessionCpu=0:01:35 mem=3778.9M)
OPTC: user 20.0
Reported timing to dir ./timingReports
**optDesign ... cpu = 0:00:14, real = 0:00:31, mem = 2743.1M, totSessionCpu=0:01:35 **

OptSummary:

------------------------------------------------------------------
     optDesign Final Summary
------------------------------------------------------------------

Setup views included:
 setup_view 

+--------------------+---------+---------+---------+
|     Setup mode     |   all   | reg2reg | default |
+--------------------+---------+---------+---------+
|           WNS (ns):|  0.445  |  3.239  |  0.445  |
|           TNS (ns):|  0.000  |  0.000  |  0.000  |
|    Violating Paths:|    0    |    0    |    0    |
|          All Paths:|   97    |   57    |   65    |
+--------------------+---------+---------+---------+

+----------------+-------------------------------+------------------+
|                |              Real             |       Total      |
|    DRVs        +------------------+------------+------------------|
|                |  Nr nets(terms)  | Worst Vio  |  Nr nets(terms)  |
+----------------+------------------+------------+------------------+
|   max_cap      |      0 (0)       |   0.000    |      0 (0)       |
|   max_tran     |      0 (0)       |   0.000    |      0 (0)       |
|   max_fanout   |      2 (2)       |    -10     |      3 (3)       |
|   max_length   |      0 (0)       |     0      |      0 (0)       |
+----------------+------------------+------------+------------------+

Density: 60.531%
Routing Overflow: 0.00% H and 0.00% V
------------------------------------------------------------------
Begin: Collecting metrics
 ------------------------------------------------------------------------------------------------------------------------------------------------------- 
| Snapshot                | WNS                  | TNS                  | Density (%) | Hotspot                   | Resource               | DRVs       |
|                         | HEPG (ns) | ALL (ns) | HEPG (ns) | ALL (ns) |             | Max (bins) | Total (bins) | Real (s) | Memory (MB) | Tran | Cap |
|-------------------------+-----------+----------+-----------+----------+-------------+------------+--------------+----------+-------------+------+-----|
| initial_summary         |     3.239 |    0.445 |           |        0 |       60.53 |            |              | 0:00:00  |        3773 |    0 |   0 |
| route_type_refinement   |           |          |           |          |             |            |              | 0:00:00  |        3773 |      |     |
| simplify_netlist        |           |          |           |          |             |            |              | 0:00:01  |        3811 |      |     |
| excluded_clk_net_fixing |           |          |           |          |             |            |              | 0:00:00  |        3811 |      |     |
| global_opt              |           |    0.445 |           |        0 |       60.53 |            |              | 0:00:02  |        3811 |      |     |
| area_reclaiming         |     3.239 |    0.445 |         0 |        0 |       60.53 |            |              | 0:00:01  |        3811 |      |     |
| area_reclaiming_2       |     3.239 |    0.445 |         0 |        0 |       60.53 |            |              | 0:00:01  |        3811 |      |     |
| local_wire_reclaim      |           |          |           |          |             |            |              | 0:00:01  |        3779 |      |     |
| global_route            |           |          |           |          |             |       0.00 |         0.00 | 0:00:01  |        3801 |      |     |
| route_type_refinement_2 |           |          |           |          |             |            |              | 0:00:00  |        3801 |      |     |
| drv_eco_fixing          |     3.239 |    0.445 |         0 |        0 |       60.53 |            |              | 0:00:01  |        3811 |    0 |   0 |
| final_summary           |     3.239 |    0.445 |           |        0 |       60.53 |            |              | 0:00:02  |        3811 |    0 |   0 |
 ------------------------------------------------------------------------------------------------------------------------------------------------------- 
End: Collecting metrics
**optDesign ... cpu = 0:00:15, real = 0:00:33, mem = 2750.8M, totSessionCpu=0:01:36 **
*** Finished optDesign ***
      flow.cputime  flow.realtime  timing.setup.tns  timing.setup.wns  snapshot
UM:*                                                                   final
      flow.cputime  flow.realtime  timing.setup.tns  timing.setup.wns  snapshot
UM:*                                                                   opt_design_postcts
Info: final physical memory for 5 CRR processes is 810.44MB.
Info: Summary of CRR changes:
      - Timing transform commits:       0
Info: Destroy the CCOpt slew target map.
*** Message Summary: 0 warning(s), 0 error(s)

*** optDesign #1 [finish] () : cpu/real = 0:00:14.8/0:00:41.4 (0.4), totSession cpu/real = 0:01:35.8/0:02:54.8 (0.5), mem = 3810.9M
**optDesign ... cpu = 0:00:00, real = 0:00:00, mem = 2684.6M, totSessionCpu=0:01:36 **
*** optDesign #2 [begin] () : totSession cpu/real = 0:01:35.8/0:02:54.8 (0.5), mem = 3810.9M
GigaOpt running with 4 threads.
*** InitOpt #1 [begin] (optDesign #2) : totSession cpu/real = 0:01:35.8/0:02:54.8 (0.5), mem = 3810.9M
**INFO: User settings:
setDesignMode -process                                         180
setExtractRCMode -coupling_c_th                                3
setExtractRCMode -engine                                       preRoute
setExtractRCMode -relative_c_th                                0.03
setExtractRCMode -total_c_th                                   5
setUsefulSkewMode -opt_skew_eco_route                          false
setDelayCalMode -enable_high_fanout                            true
setDelayCalMode -enable_ideal_seq_async_pins                   false
setDelayCalMode -eng_enablePrePlacedFlow                       false
setDelayCalMode -engine                                        aae
setDelayCalMode -ignoreNetLoad                                 false
setDelayCalMode -socv_accuracy_mode                            low
setOptMode -opt_view_pruning_setup_views_active_list           { setup_view }
setOptMode -opt_view_pruning_setup_views_persistent_list       { setup_view}
setOptMode -opt_view_pruning_tdgr_setup_views_persistent_list  { setup_view}
setOptMode -opt_drv_margin                                     0
setOptMode -opt_drv                                            true
setOptMode -opt_hold_target_slack                              0.03
setOptMode -opt_resize_flip_flops                              true
setOptMode -opt_preserve_all_sequential                        false
setOptMode -opt_setup_target_slack                             0
setAnalysisMode -checkType                                     setup
setAnalysisMode -clkSrcPath                                    true
setAnalysisMode -clockPropagation                              sdcControl
setAnalysisMode -usefulSkew                                    true
setAnalysisMode -virtualIPO                                    false

**INFO: setDesignMode -flowEffort standard -> setting 'setOptMode -allEndPoints true' for the duration of this command.
Need call spDPlaceInit before registerPrioInstLoc.
**INFO: Using Advanced Metric Collection system.
**optDesign ... cpu = 0:00:01, real = 0:00:01, mem = 2693.1M, totSessionCpu=0:01:37 **
#optDebug: { P: 180 W: 7195 FE: standard PE: none LDR: 1}
*** optDesign -postCTS ***
DRC Margin: user margin 0.0
Hold Target Slack: user slack 0.03
Setup Target Slack: user slack 0;
setUsefulSkewMode -opt_skew_eco_route false
Start to check current routing status for nets...
All nets are already routed correctly.
End to check current routing status for nets (mem=3810.9M)
	CornerforLayerOpt timing analysis view setup_view has been selected for calibration 
	CornerforLayerOpt timing analysis view setup_view has been selected for calibration 
	CornerforLayerOpt timing analysis view setup_view has been selected for calibration 
	CornerforLayerOpt timing analysis view setup_view has been selected for calibration 
Compute RC Scale Done ...
*** InitOpt #1 [finish] (optDesign #2) : cpu/real = 0:00:02.4/0:00:02.4 (1.0), totSession cpu/real = 0:01:38.2/0:02:57.2 (0.6), mem = 3810.9M
GigaOpt Hold Optimizer is used
GigaOpt Checkpoint: Internal optHold -postCts -maxLocalDensity 1.0 -numThreads 4 -nativePathGroupFlow -viewPruneEffortLevel 1
Starting initialization (fixHold) cpu=0:00:00.0 real=0:00:00.0 totSessionCpu=0:01:39 mem=3810.9M ***
*** BuildHoldData #1 [begin] (optDesign #2) : totSession cpu/real = 0:01:39.1/0:02:58.1 (0.6), mem = 3810.9M
Saving timing graph ...
Done save timing graph
Starting delay calculation for Hold views
AAE_INFO: opIsDesignInPostRouteState() is 0
#################################################################################
# Design Stage: PreRoute
# Design Name: aer_pending_direct_gray_sync_core_reset
# Design Mode: 180nm
# Analysis Mode: MMMC Non-OCV 
# Parasitics Mode: No SPEF/RCDB 
# Signoff Settings: SI Off 
#################################################################################
Calculate delays in BcWc mode...
Start delay calculation (fullDC) (4 T). (MEM=2911.91)
*** Calculating scaling factor for libs_fast libraries using the default operating condition of each library.
Total number of fetched objects 286
AAE_INFO: Total number of nets for which stage creation was skipped for all views 0
End delay calculation. (MEM=2938 CPU=0:00:00.2 REAL=0:00:00.0)
End delay calculation (fullDC). (MEM=2938 CPU=0:00:00.2 REAL=0:00:00.0)
*** Done Building Timing Graph (cpu=0:00:00.4 real=0:00:00.0 totSessionCpu=0:01:40 mem=3778.9M)

Active hold views:
 hold_view
  Dominating endpoints: 0
  Dominating TNS: -0.000

Done building cte hold timing graph (fixHold) cpu=0:00:01.4 real=0:00:01.0 totSessionCpu=0:01:40 mem=3810.9M ***
Done building hold timer [154 node(s), 127 edge(s), 1 view(s)] (fixHold) cpu=0:00:01.4 real=0:00:01.0 totSessionCpu=0:01:41 mem=3810.9M ***
Restoring timing graph ...
AAE_INFO: Resetting and re-constructing cache for AAE clocks ...
Done restore timing graph
Done building cte setup timing graph (fixHold) cpu=0:00:02.4 real=0:00:02.0 totSessionCpu=0:01:41 mem=3832.0M ***
OPTC: m4 20.0 50.0 [ 500.0 20.0 50.0 ]
OPTC: view 50.0:500.0 [ 0.0500 ]

*Info: minBufDelay = 112.9 ps, libStdDelay = 52.5 ps, minBufSize = 53222400 (4.0)
*Info: worst delay setup view: setup_view

OptSummary:

------------------------------------------------------------------
     Hold Opt Initial Summary
------------------------------------------------------------------

Setup views included:
 setup_view
Hold views included:
 hold_view

+--------------------+---------+---------+---------+
|     Setup mode     |   all   | reg2reg | default |
+--------------------+---------+---------+---------+
|           WNS (ns):|  0.445  |  3.239  |  0.445  |
|           TNS (ns):|  0.000  |  0.000  |  0.000  |
|    Violating Paths:|    0    |    0    |    0    |
|          All Paths:|   97    |   57    |   65    |
+--------------------+---------+---------+---------+

+--------------------+---------+---------+---------+
|     Hold mode      |   all   | reg2reg | default |
+--------------------+---------+---------+---------+
|           WNS (ns):| -0.163  | -0.045  | -0.163  |
|           TNS (ns):| -0.993  | -0.667  | -0.326  |
|    Violating Paths:|   19    |   17    |    2    |
|          All Paths:|   97    |   74    |   48    |
+--------------------+---------+---------+---------+

+----------------+-------------------------------+------------------+
|                |              Real             |       Total      |
|    DRVs        +------------------+------------+------------------|
|                |  Nr nets(terms)  | Worst Vio  |  Nr nets(terms)  |
+----------------+------------------+------------+------------------+
|   max_cap      |      0 (0)       |   0.000    |      0 (0)       |
|   max_tran     |      0 (0)       |   0.000    |      0 (0)       |
|   max_fanout   |      2 (2)       |    -10     |      3 (3)       |
|   max_length   |      0 (0)       |     0      |      0 (0)       |
+----------------+------------------+------------+------------------+

Density: 60.531%
------------------------------------------------------------------
**optDesign ... cpu = 0:00:07, real = 0:00:07, mem = 2793.0M, totSessionCpu=0:01:43 **
*** BuildHoldData #1 [finish] (optDesign #2) : cpu/real = 0:00:03.8/0:00:03.6 (1.1), totSession cpu/real = 0:01:42.9/0:03:01.8 (0.6), mem = 3832.0M
*** HoldOpt #1 [begin] (optDesign #2) : totSession cpu/real = 0:01:42.9/0:03:01.8 (0.6), mem = 3832.0M
*info: Run optDesign holdfix with 4 threads.
Info: 2 nets with fixed/cover wires excluded.
Info: 2 clock nets excluded from IPO operation.
Info: Done creating the CCOpt slew target map.

*** Starting Core Fixing (fixHold) cpu=0:00:04.1 real=0:00:04.0 totSessionCpu=0:01:43 mem=3896.0M density=60.531% ***

Phase I ......
Executing transform: ECO Safe Resize
+----+----------+----------+--------+-----------+----------------+---------+------------+---------+
|Iter| Hold WNS | Hold TNS |  #VP   |  #Buffer  |  #Resize(F/F)  | Density |    Real    |   Mem   |
+----+----------+----------+--------+-----------+----------------+---------+------------+---------+
|   0|    -0.163|     -0.99|      19|          0|       0(     0)|   60.53%|   0:00:00.0|  3896.0M|
|   1|    -0.163|     -0.99|      19|          0|       0(     0)|   60.53%|   0:00:00.0|  3896.0M|
+----+----------+----------+--------+-----------+----------------+---------+------------+---------+
Executing transform: AddBuffer + LegalResize
+----+----------+----------+--------+-----------+----------------+---------+------------+---------+
|Iter| Hold WNS | Hold TNS |  #VP   |  #Buffer  |  #Resize(F/F)  | Density |    Real    |   Mem   |
+----+----------+----------+--------+-----------+----------------+---------+------------+---------+
|   0|    -0.163|     -0.99|      19|          0|       0(     0)|   60.53%|   0:00:00.0|  3896.0M|
|   1|     0.014|      0.00|       0|         18|       0(     0)|   63.31%|   0:00:00.0|  3952.0M|
|   2|     0.023|      0.00|       0|          1|       9(     0)|   63.75%|   0:00:00.0|  3960.0M|
|   3|     0.031|      0.00|       0|          1|       0(     0)|   63.88%|   0:00:00.0|  3960.0M|
+----+----------+----------+--------+-----------+----------------+---------+------------+---------+

*info:    Total 20 cells added for Phase I
*info:        in which 0 is ripple commits (0.000%)
*info:    Total 9 instances resized for Phase I
*info:        in which 0 FF resizing 
*info:        in which 0 ripple resizing (0.000%)
OptDebug: End of Hold Fixing:
+----------+-----+-----+
|Path Group|  WNS|  TNS|
+----------+-----+-----+
|default   |0.193|0.000|
|reg2reg   |3.239|0.000|
|HEPG      |3.239|0.000|
|All Paths |0.193|0.000|
+----------+-----+-----+

Bottom Preferred Layer:
+---------------+------------+----------+
|     Layer     |    CLK     |   Rule   |
+---------------+------------+----------+
| Metal3 (z=3)  |          2 | default  |
+---------------+------------+----------+
Via Pillar Rule:
    None

*** Finished Core Fixing (fixHold) cpu=0:00:04.7 real=0:00:04.0 totSessionCpu=0:01:44 mem=3939.0M density=63.875% ***

*info:
*info: Added a total of 20 cells to fix/reduce hold violation
*info:
*info: Summary: 
*info:            4 cells of type 'BUFX3' used
*info:            3 cells of type 'BUFX8' used
*info:           12 cells of type 'CLKBUFX1' used
*info:            1 cell  of type 'DLY2X1' used
*info:
*info: Total 9 instances resized
*info:       in which 0 FF resizing
*info:

*** Starting refinePlace (0:01:44 mem=3939.0M) ***
Total net bbox length = 7.499e+03 (4.255e+03 3.244e+03) (ext = 1.551e+03)
Max route layer is changed from 127 to 6 because there is no routing track above this layer
Max route layer is changed from 127 to 6 because there is no routing track above this layer
Max route layer is changed from 127 to 6 because there is no routing track above this layer
Max route layer is changed from 127 to 6 because there is no routing track above this layer
Move report: Detail placement moves 0 insts, mean move: 0.00 um, max move: 0.00 um 
	Runtime: CPU: 0:00:00.0 REAL: 0:00:00.0 MEM: 3907.0MB
Summary Report:
Instances move: 0 (out of 250 movable)
Instances flipped: 0
Mean displacement: 0.00 um
Max displacement: 0.00 um 
Physical-only instances move: 0 (out of 0 movable physical-only)
Total net bbox length = 7.499e+03 (4.255e+03 3.244e+03) (ext = 1.551e+03)
Runtime: CPU: 0:00:00.1 REAL: 0:00:00.0 MEM: 3907.0MB
*** Finished refinePlace (0:01:44 mem=3907.0M) ***
*** maximum move = 0.00 um ***
*** Finished re-routing un-routed nets (3907.0M) ***

*** Finish Physical Update (cpu=0:00:00.1 real=0:00:00.0 mem=3939.0M) ***
Capturing unweighted ref hold timing for Post CTS hold recovery....
*** Finish Post CTS Hold Fixing (cpu=0:00:04.8 real=0:00:04.0 totSessionCpu=0:01:44 mem=3939.0M density=63.875%) ***
**INFO: total 20 insts, 38 nets marked don't touch
**INFO: total 20 insts, 38 nets marked don't touch DB property
**INFO: total 20 insts, 38 nets unmarked don't touch
*** HoldOpt #1 [finish] (optDesign #2) : cpu/real = 0:00:01.1/0:00:00.8 (1.3), totSession cpu/real = 0:01:44.0/0:03:02.6 (0.6), mem = 3874.9M
*** Steiner Routed Nets: 13.103%; Threshold: 100; Threshold for Hold: 100
Re-routed 0 nets
GigaOpt_HOLD: Recover setup timing after hold fixing
GigaOpt_HOLD: max_tran 0 => 0, max_cap 0 => 0 (threshold 10) - Skip drv recovery
GigaOpt: WNS changes after routing: 0.000 -> 0.000 (bump = 0.0)
GigaOpt: WNS bump threshold: 0.02625
GigaOpt: Skipping postEco optimization
GigaOpt: WNS changes after postEco optimization: 0.000 -> 0.000 (bump = 0.0)
GigaOpt: Skipping nonLegal postEco optimization

Active setup views:
 setup_view
  Dominating endpoints: 0
  Dominating TNS: -0.000

OPTC: user 20.0
OPTC: user 20.0
Max route layer is changed from 127 to 6 because there is no routing track above this layer
Max route layer is changed from 127 to 6 because there is no routing track above this layer
[NR-eGR] Read 290 nets ( ignored 2 )
[NR-eGR] Layer group 1: route 288 net(s) in layer range [2, 6]
[NR-eGR] Early Global Route overflow of layer group 1: 0.00% H + 0.00% V. EstWL: 7.565040e+03um
[NR-eGR] Overflow after Early Global Route 0.00% H + 0.00% V
[NR-eGR] Finished Early Global Route kernel ( CPU: 0.07 sec, Real: 0.05 sec, Curr Mem: 3.40 MB )
[NR-eGR] Finished Early Global Route ( CPU: 0.08 sec, Real: 0.06 sec, Curr Mem: 3.40 MB )
[hotspot] +------------+---------------+---------------+
[hotspot] |            |   max hotspot | total hotspot |
[hotspot] +------------+---------------+---------------+
[hotspot] | normalized |          0.00 |          0.00 |
[hotspot] +------------+---------------+---------------+
Local HotSpot Analysis: normalized max congestion hotspot area = 0.00, normalized total congestion hotspot area = 0.00 (area is in unit of 4 std-cell row bins)
[hotspot] Hotspot report including placement blocked areas
[hotspot] +------------+---------------+---------------+
[hotspot] |            |   max hotspot | total hotspot |
[hotspot] +------------+---------------+---------------+
[hotspot] | normalized |          0.00 |          0.00 |
[hotspot] +------------+---------------+---------------+
Local HotSpot Analysis (blockage included): normalized max congestion hotspot area = 0.00, normalized total congestion hotspot area = 0.00 (area is in unit of 4 std-cell row bins)
Reported timing to dir ./timingReports
**optDesign ... cpu = 0:00:10, real = 0:00:09, mem = 2704.9M, totSessionCpu=0:01:45 **
Starting delay calculation for Hold views
AAE_INFO: opIsDesignInPostRouteState() is 0
#################################################################################
# Design Stage: PreRoute
# Design Name: aer_pending_direct_gray_sync_core_reset
# Design Mode: 180nm
# Analysis Mode: MMMC Non-OCV 
# Parasitics Mode: No SPEF/RCDB 
# Signoff Settings: SI Off 
#################################################################################
Calculate delays in BcWc mode...
Start delay calculation (fullDC) (4 T). (MEM=2752.73)
*** Calculating scaling factor for libs_fast libraries using the default operating condition of each library.
Total number of fetched objects 306
AAE_INFO: Total number of nets for which stage creation was skipped for all views 0
End delay calculation. (MEM=2788.04 CPU=0:00:00.1 REAL=0:00:00.0)
End delay calculation (fullDC). (MEM=2788.04 CPU=0:00:00.2 REAL=0:00:00.0)
*** Done Building Timing Graph (cpu=0:00:00.4 real=0:00:00.0 totSessionCpu=0:01:46 mem=3778.9M)
Starting delay calculation for Setup views
AAE_INFO: opIsDesignInPostRouteState() is 0
#################################################################################
# Design Stage: PreRoute
# Design Name: aer_pending_direct_gray_sync_core_reset
# Design Mode: 180nm
# Analysis Mode: MMMC Non-OCV 
# Parasitics Mode: No SPEF/RCDB 
# Signoff Settings: SI Off 
#################################################################################
Calculate delays in BcWc mode...
Start delay calculation (fullDC) (4 T). (MEM=2805.32)
*** Calculating scaling factor for libs_slow libraries using the default operating condition of each library.
Total number of fetched objects 306
AAE_INFO: Total number of nets for which stage creation was skipped for all views 0
End delay calculation. (MEM=2854.45 CPU=0:00:00.2 REAL=0:00:00.0)
End delay calculation (fullDC). (MEM=2854.45 CPU=0:00:00.2 REAL=0:00:00.0)
*** Done Building Timing Graph (cpu=0:00:00.4 real=0:00:00.0 totSessionCpu=0:01:47 mem=3778.9M)

OptSummary:

------------------------------------------------------------------
     optDesign Final Summary
------------------------------------------------------------------

Setup views included:
 setup_view 
Hold views included:
 hold_view 

+--------------------+---------+---------+---------+
|     Setup mode     |   all   | reg2reg | default |
+--------------------+---------+---------+---------+
|           WNS (ns):|  0.193  |  3.239  |  0.193  |
|           TNS (ns):|  0.000  |  0.000  |  0.000  |
|    Violating Paths:|    0    |    0    |    0    |
|          All Paths:|   97    |   57    |   65    |
+--------------------+---------+---------+---------+

+--------------------+---------+---------+---------+
|     Hold mode      |   all   | reg2reg | default |
+--------------------+---------+---------+---------+
|           WNS (ns):|  0.031  |  0.031  |  0.086  |
|           TNS (ns):|  0.000  |  0.000  |  0.000  |
|    Violating Paths:|    0    |    0    |    0    |
|          All Paths:|   97    |   74    |   48    |
+--------------------+---------+---------+---------+

+----------------+-------------------------------+------------------+
|                |              Real             |       Total      |
|    DRVs        +------------------+------------+------------------|
|                |  Nr nets(terms)  | Worst Vio  |  Nr nets(terms)  |
+----------------+------------------+------------+------------------+
|   max_cap      |      0 (0)       |   0.000    |      0 (0)       |
|   max_tran     |      0 (0)       |   0.000    |      0 (0)       |
|   max_fanout   |      2 (2)       |    -10     |      3 (3)       |
|   max_length   |      0 (0)       |     0      |      0 (0)       |
+----------------+------------------+------------+------------------+

Density: 63.875%
Routing Overflow: 0.00% H and 0.00% V
------------------------------------------------------------------
Begin: Collecting metrics
 ----------------------------------------------------------------------------------------------------------------------------------------------- 
| Snapshot        | WNS                  | TNS                  | Density (%) | Hotspot                   | Resource               | DRVs       |
|                 | HEPG (ns) | ALL (ns) | HEPG (ns) | ALL (ns) |             | Max (bins) | Total (bins) | Real (s) | Memory (MB) | Tran | Cap |
|-----------------+-----------+----------+-----------+----------+-------------+------------+--------------+----------+-------------+------+-----|
| initial_summary |     3.239 |    0.445 |           |        0 |       60.53 |            |              | 0:00:03  |        3832 |    0 |   0 |
| hold_fixing     |     3.239 |    0.193 |         0 |        0 |       63.88 |            |              | 0:00:01  |        3875 |      |     |
| global_route    |           |          |           |          |             |            |              | 0:00:00  |        3875 |      |     |
| final_summary   |     3.239 |    0.193 |           |        0 |       63.88 |       0.00 |         0.00 | 0:00:03  |        3811 |    0 |   0 |
 ----------------------------------------------------------------------------------------------------------------------------------------------- 
End: Collecting metrics
**optDesign ... cpu = 0:00:11, real = 0:00:12, mem = 2809.9M, totSessionCpu=0:01:47 **
*** Finished optDesign ***
      flow.cputime  flow.realtime  timing.setup.tns  timing.setup.wns  snapshot
UM:*                                                                   final
      flow.cputime  flow.realtime  timing.setup.tns  timing.setup.wns  snapshot
UM:*                                                                   opt_design_postcts_hold
Info: Summary of CRR changes:
      - Timing transform commits:       0
Info: Destroy the CCOpt slew target map.
*** Message Summary: 0 warning(s), 0 error(s)

*** optDesign #2 [finish] () : cpu/real = 0:00:11.5/0:00:12.1 (1.0), totSession cpu/real = 0:01:47.3/0:03:06.9 (0.6), mem = 3810.9M
*** timeDesign #2 [begin] () : totSession cpu/real = 0:01:47.3/0:03:06.9 (0.6), mem = 3810.9M
Start to check current routing status for nets...
All nets are already routed correctly.
End to check current routing status for nets (mem=3810.9M)

OptSummary:

------------------------------------------------------------------
          timeDesign Summary
------------------------------------------------------------------

Setup views included:
 setup_view 

+--------------------+---------+---------+---------+
|     Setup mode     |   all   | reg2reg | default |
+--------------------+---------+---------+---------+
|           WNS (ns):|  0.193  |  3.239  |  0.193  |
|           TNS (ns):|  0.000  |  0.000  |  0.000  |
|    Violating Paths:|    0    |    0    |    0    |
|          All Paths:|   97    |   57    |   65    |
+--------------------+---------+---------+---------+

+----------------+-------------------------------+------------------+
|                |              Real             |       Total      |
|    DRVs        +------------------+------------+------------------|
|                |  Nr nets(terms)  | Worst Vio  |  Nr nets(terms)  |
+----------------+------------------+------------+------------------+
|   max_cap      |      0 (0)       |   0.000    |      0 (0)       |
|   max_tran     |      0 (0)       |   0.000    |      0 (0)       |
|   max_fanout   |      2 (2)       |    -10     |      3 (3)       |
|   max_length   |      0 (0)       |     0      |      0 (0)       |
+----------------+------------------+------------+------------------+

Density: 63.875%
Routing Overflow: 0.00% H and 0.00% V
------------------------------------------------------------------
Reported timing to dir <REMOTE_HOME>/aer_2026/p8dgscr_pnr_180nm_v2/reports/p8dgscr_pnr/postcts
Total CPU time: 0.44 sec
Total Real time: 2.0 sec
Total Memory Usage: 3810.933594 Mbytes
*** timeDesign #2 [finish] () : cpu/real = 0:00:00.4/0:00:01.4 (0.3), totSession cpu/real = 0:01:47.7/0:03:08.4 (0.6), mem = 3810.9M
#WARNING (NRIF-90) Option setNanoRouteMode -route_bottom_routing_layer is obsolete. It will continue to work for the current release. To ensure compatibility with future releases, use option setDesignMode -bottomRoutingLayer instead.
#WARNING (NRIF-91) Option setNanoRouteMode -route_top_routing_layer is obsolete. It will continue to work for the current release. To ensure compatibility with future releases, use option setDesignMode -topRoutingLayer instead.
#% Begin routeDesign (date=08/21 03:19:30, mem=2752.6M)
#routeDesign: cpu time = 00:00:00, elapsed time = 00:00:00, memory = 2752.61 (MB), peak = 3093.75 (MB)
AAE_INFO: Pre Route call back at the beginning of routeDesign
#**INFO: setDesignMode -flowEffort standard
#**INFO: setDesignMode -powerEffort none
**INFO: User settings:
setNanoRouteMode -route_route_side                          front
setNanoRouteMode -route_extract_third_party_compatible      false
setNanoRouteMode -route_global_exp_timing_driven_std_delay  52.5
setNanoRouteMode -route_bottom_routing_layer                1
setNanoRouteMode -route_top_routing_layer                   6
setDesignMode -process                                      180
setExtractRCMode -coupling_c_th                             3
setExtractRCMode -engine                                    preRoute
setExtractRCMode -relative_c_th                             0.03
setExtractRCMode -total_c_th                                5
setDelayCalMode -enable_high_fanout                         true
setDelayCalMode -enable_ideal_seq_async_pins                false
setDelayCalMode -eng_enablePrePlacedFlow                    false
setDelayCalMode -engine                                     aae
setDelayCalMode -ignoreNetLoad                              false
setDelayCalMode -socv_accuracy_mode                         low
setSIMode -separate_delta_delay_on_data                     true

#**INFO: multi-cut via swapping will be performed after routing.
#**INFO: All auto set options tuned by routeDesign will be restored to their original settings on command completion.
Begin checking placement ... (start mem=3810.9M, init mem=3810.9M)
*info: Placed = 251            (Fixed = 1)
*info: Unplaced = 0           
Placement Density:63.87%(6799/10644)
Placement Density (including fixed std cells):63.87%(6799/10644)
Finished checkPlace (total: cpu=0:00:00.0, real=0:00:00.0; vio checks: cpu=0:00:00.0, real=0:00:00.0; mem=3778.9M)

changeUseClockNetStatus Option :  -ignoreSkipRoutingNets -noFixedNetWires 
*** Changed status on (2) nets in Clock.
*** End changeUseClockNetStatus (cpu=0:00:00.0, real=0:00:00.0, mem=3778.9M) ***
#Start route 2 clock and analog nets...
% Begin globalDetailRoute (date=08/21 03:19:30, mem=2751.5M)

globalDetailRoute

#Start globalDetailRoute on Fri Aug 21 03:19:30 2026
#
Grid density data update skipped
Initializing multi-corner capacitance tables ... 
Initializing multi-corner resistance tables ...
#WARNING (NRIG-1303) The congestion map does not match the GCELL grid. Clearing the congestion map.
#NanoRoute Version 23.14-s088_1 NR250219-0822/23_14-UB
#Skip comparing routing design signature in db-snapshot flow
#Total number of trivial nets (e.g. < 2 pins) = 18 (skipped).
#Total number of nets with skipped attribute = 288 (skipped).
#Total number of routable nets = 2.
#Total number of nets in the design = 308.
#2 routable nets have routed wires.
#288 skipped nets have only detail routed wires.
#2 detail routed (routable) nets have been constrained (e.g. have preferred extra spacing, require shielding etc.)
#No nets have been global routed.
#Using multithreading with 4 threads.
#Start routing data preparation on Fri Aug 21 03:19:30 2026
#
#Rebuild pin access data for design.
#Initial pin access analysis.
#Detail pin access analysis.
# Metal1       H   Track-Pitch = 0.56000    Line-2-Via Pitch = 0.48500
# Metal2       V   Track-Pitch = 0.66000    Line-2-Via Pitch = 0.56000
# Metal3       H   Track-Pitch = 0.56000    Line-2-Via Pitch = 0.56000
# Metal4       V   Track-Pitch = 0.66000    Line-2-Via Pitch = 0.56000
# Metal5       H   Track-Pitch = 0.56000    Line-2-Via Pitch = 0.56000
# Metal6       V   Track-Pitch = 0.99000    Line-2-Via Pitch = 0.95000
#Bottom routing layer index=1(Metal1), bottom routing layer for shielding=1(Metal1), bottom shield layer=1(Metal1)
#shield_bottom_stripe_layer=1(Metal1), shield_top_stripe_layer=6(Metal6)
#pin_access_rlayer=2(Metal2)
#shield_top_dpt_rlayer=-1 top_rlayer=6 top_trim_metal_rlayer=-1 rlayer_lowest=1 bottom_rlayer=1
#enable_trim_layer_shield=F enable_dpt_layer_shield=F has_line_end_grid=F
#enable_dpt_layer_shield=F
#has_line_end_grid=F
#cpu time = 00:00:00, elapsed time = 00:00:00, memory = 2759.54 (MB), peak = 3093.75 (MB)
#Regenerating Ggrids automatically.
#Auto generating G-grids with size=15 tracks, using layer Metal3's pitch = 0.56000.
#Using automatically generated G-grids.
#Done routing data preparation.
#cpu time = 00:00:01, elapsed time = 00:00:00, memory = 2772.46 (MB), peak = 3093.75 (MB)
#
#Finished routing data preparation on Fri Aug 21 03:19:30 2026
#
#Cpu time = 00:00:01
#Elapsed time = 00:00:00
#Increased memory = 21.36 (MB)
#Total memory = 2772.51 (MB)
#Peak memory = 3093.75 (MB)
#
#
#Start global routing on Fri Aug 21 03:19:30 2026
#
#
#Start global routing initialization on Fri Aug 21 03:19:30 2026
#
#WARNING (NRGR-22) Design is already detail routed.
#Routing data preparation, pin analysis, global routing and track assignment statistics:
#Cpu time = 00:00:01
#Elapsed time = 00:00:00
#Increased memory = 21.45 (MB)
#Total memory = 2772.54 (MB)
#Peak memory = 3093.75 (MB)
#Using multithreading with 4 threads.
#
#Start Detail Routing..
#start initial detail routing ...
# ECO: 100.00% of the total area was rechecked for DRC, and 0.00% required routing.
#   number of violations = 0
#58 out of 251 instances (23.1%) need to be verified(marked ipoed), dirty area = 4.9%.
#91.92% of the total area is being checked for drcs
#91.9% of the total area was checked
#   number of violations = 0
#cpu time = 00:00:00, elapsed time = 00:00:00, memory = 2782.97 (MB), peak = 3093.75 (MB)
#Complete Detail Routing.
#Total number of nets with non-default rule or having extra spacing = 2
#
#  Routing Statistics
#
#---------------+-----------+-----+
#  Layer        | Length(um)| Vias|
#---------------+-----------+-----+
#  Metal1 ( 1H) |          1|   77|
#  Metal2 ( 2V) |        203|   47|
#  Metal3 ( 3H) |        310|   37|
#  Metal4 ( 4V) |        240|    0|
#  Metal5 ( 5H) |          0|    0|
#  Metal6 ( 6V) |          0|    0|
#---------------+-----------+-----+
#  Total        |        755|  161|
#---------------+-----------+-----+
#
# Total half perimeter of net bounding box: 240 um.
#Total number of DRC violations = 0
#Cpu time = 00:00:00
#Elapsed time = 00:00:00
#Increased memory = 7.95 (MB)
#Total memory = 2780.49 (MB)
#Peak memory = 3093.75 (MB)
#detailRoute Statistics:
#Cpu time = 00:00:00
#Elapsed time = 00:00:00
#Increased memory = 8.03 (MB)
#Total memory = 2780.57 (MB)
#Peak memory = 3093.75 (MB)
#
#globalDetailRoute statistics:
#Cpu time = 00:00:01
#Elapsed time = 00:00:01
#Increased memory = -44.14 (MB)
#Total memory = 2707.37 (MB)
#Peak memory = 3093.75 (MB)
#Number of warnings = 2
#Total number of warnings = 22
#Number of fails = 0
#Total number of fails = 0
#Complete globalDetailRoute on Fri Aug 21 03:19:31 2026
#
% End globalDetailRoute (date=08/21 03:19:31, total cpu=0:00:01.3, real=0:00:01.0, peak res=2751.5M, current mem=2701.3M)
#**INFO: auto set of droutePostRouteSwapVia to multiCut
% Begin globalDetailRoute (date=08/21 03:19:31, mem=2701.3M)

globalDetailRoute

#Start globalDetailRoute on Fri Aug 21 03:19:31 2026
#
#Generating timing data, please wait...
#306 total nets, 2 already routed, 2 will ignore in trialRoute
#View pruning: cpu time = 00:00:00, elapsed time = 00:00:00, memory = 2691.77 (MB), peak = 3093.75 (MB)
#Reporting timing...
###############################################################
#  Generated by:      Cadence Innovus 23.14-s088_1
#  OS:                Linux x86_64(Host ID <REMOTE_HOST>)
#  Generated on:      Fri Aug 21 03:19:32 2026
#  Design:            aer_pending_direct_gray_sync_core_reset
#  Command:           routeDesign
###############################################################
#Normalized TNS: 0.000 -> 0.000, r2r 0.000 -> 0.000, unit 1000.000, clk period 10.000 (ns)
#Stage 1: cpu time = 00:00:01, elapsed time = 00:00:01, memory = 2766.42 (MB), peak = 3093.75 (MB)
#Library Standard Delay: 52.50ps
#Slack threshold: 105.00ps
#*** Analyzed 0 timing critical paths, and collected 0.
#Stage 2: cpu time = 00:00:00, elapsed time = 00:00:00, memory = 2766.52 (MB), peak = 3093.75 (MB)
#Stage 3: cpu time = 00:00:01, elapsed time = 00:00:01, memory = 2787.34 (MB), peak = 3093.75 (MB)
#Default setup view is reset to setup_view.
#Stage 4: cpu time = 00:00:00, elapsed time = 00:00:00, memory = 2787.35 (MB), peak = 3093.75 (MB)
#Current view: setup_view 
#Current enabled view: setup_view 
#Generating timing data took: cpu time = 00:00:02, elapsed time = 00:00:02, memory = 2788.18 (MB), peak = 3093.75 (MB)
#Done generating timing data.
#WARNING (NRIG-1303) The congestion map does not match the GCELL grid. Clearing the congestion map.
#NanoRoute Version 23.14-s088_1 NR250219-0822/23_14-UB
#Start routing data preparation on Fri Aug 21 03:19:33 2026
#
#Initial pin access analysis.
#Detail pin access analysis.
# Metal1       H   Track-Pitch = 0.56000    Line-2-Via Pitch = 0.48500
# Metal2       V   Track-Pitch = 0.66000    Line-2-Via Pitch = 0.56000
# Metal3       H   Track-Pitch = 0.56000    Line-2-Via Pitch = 0.56000
# Metal4       V   Track-Pitch = 0.66000    Line-2-Via Pitch = 0.56000
# Metal5       H   Track-Pitch = 0.56000    Line-2-Via Pitch = 0.56000
# Metal6       V   Track-Pitch = 0.99000    Line-2-Via Pitch = 0.95000
#Bottom routing layer index=1(Metal1), bottom routing layer for shielding=1(Metal1), bottom shield layer=1(Metal1)
#shield_bottom_stripe_layer=1(Metal1), shield_top_stripe_layer=6(Metal6)
#pin_access_rlayer=2(Metal2)
#shield_top_dpt_rlayer=-1 top_rlayer=6 top_trim_metal_rlayer=-1 rlayer_lowest=1 bottom_rlayer=1
#enable_trim_layer_shield=F enable_dpt_layer_shield=F has_line_end_grid=F
#enable_dpt_layer_shield=F
#has_line_end_grid=F
#cpu time = 00:00:00, elapsed time = 00:00:00, memory = 2792.50 (MB), peak = 3093.75 (MB)
#Regenerating Ggrids automatically.
#Auto generating G-grids with size=15 tracks, using layer Metal3's pitch = 0.56000.
#Using automatically generated G-grids.
#Done routing data preparation.
#cpu time = 00:00:00, elapsed time = 00:00:00, memory = 2803.80 (MB), peak = 3093.75 (MB)
#
#Summary of active signal nets routing constraints set by OPT:
#	preferred routing layers      : 0
#	preferred routing layer effort: 0
#	preferred extra space         : 0
#	preferred multi-cut via       : 0
#	avoid detour                  : 0
#	expansion ratio               : 0
#	net priority                  : 0
#	s2s control                   : 0
#	avoid chaining                : 0
#	inst-based stacking via       : 0
#
#Summary of active signal nets routing constraints set by USER:
#	preferred routing layers      : 0
#	preferred routing layer effort     : 0
#	preferred extra space              : 0
#	preferred multi-cut via            : 0
#	avoid detour                       : 0
#	net weight                         : 0
#	avoid chaining                     : 0
#	cell-based stacking via (required) : 0
#	cell-based stacking via (optional) : 0
#
#Start timing driven prevention iteration...
#Setup timing driven global route constraints on 0 nets
#
#----------------------------------------------------
# Summary of active signal nets routing constraints
#+--------------------------+-----------+
#+--------------------------+-----------+
#
#----------------------------------------------------
#Skipped timing-driven prevention.
#cpu time = 00:00:00, elapsed time = 00:00:00, memory = 2803.82 (MB), peak = 3093.75 (MB)
#Total number of trivial nets (e.g. < 2 pins) = 18 (skipped).
#Total number of routable nets = 290.
#Total number of nets in the design = 308.
#288 routable nets do not have any wires.
#2 routable nets have routed wires.
#288 nets will be global routed.
#2 detail routed (routable) nets have been constrained (e.g. have preferred extra spacing, require shielding etc.)
#Using multithreading with 4 threads.
#
#Finished routing data preparation on Fri Aug 21 03:19:33 2026
#
#Cpu time = 00:00:00
#Elapsed time = 00:00:00
#Increased memory = 0.02 (MB)
#Total memory = 2803.84 (MB)
#Peak memory = 3093.75 (MB)
#
#
#Start global routing on Fri Aug 21 03:19:33 2026
#
#
#Start global routing initialization on Fri Aug 21 03:19:33 2026
#
#Number of eco nets is 0
#
#Start global routing data preparation on Fri Aug 21 03:19:33 2026
#
#Start routing resource analysis on Fri Aug 21 03:19:33 2026
#
#Routing resource analysis is done on Fri Aug 21 03:19:33 2026
#
#  Resource Analysis:
#
#               Routing  #Avail      #Track     #Total     %Gcell
#  Layer      Direction   Track     Blocked      Gcell    Blocked
#  --------------------------------------------------------------
#  Metal1         H         122         130         289    37.37%
#  Metal2         V         204          18         289     0.00%
#  Metal3         H         239          13         289     0.00%
#  Metal4         V         206          16         289     0.00%
#  Metal5         H         216          36         289    13.15%
#  Metal6         V         118          29         289    19.03%
#  --------------------------------------------------------------
#  Total                   1106      17.61%        1734    11.59%
#
#  2 nets (0.65%) with 1 preferred extra spacing.
#
#
#
#Global routing data preparation is done on Fri Aug 21 03:19:33 2026
#
#cpu time = 00:00:00, elapsed time = 00:00:00, memory = 2806.32 (MB), peak = 3093.75 (MB)
#
#
#Global routing initialization is done on Fri Aug 21 03:19:33 2026
#
#cpu time = 00:00:00, elapsed time = 00:00:00, memory = 2806.38 (MB), peak = 3093.75 (MB)
#
#Skip 1/2 round for no nets in the round...
#Route nets in 2/2 round...
#start global routing iteration 1...
#cpu time = 00:00:00, elapsed time = 00:00:00, memory = 2806.84 (MB), peak = 3093.75 (MB)
#
#start global routing iteration 2...
#cpu time = 00:00:00, elapsed time = 00:00:00, memory = 2806.85 (MB), peak = 3093.75 (MB)
#
#
#Total number of trivial nets (e.g. < 2 pins) = 18 (skipped).
#Total number of routable nets = 290.
#Total number of nets in the design = 308.
#
#290 routable nets have routed wires.
#2 detail routed (routable) nets have been constrained (e.g. have preferred extra spacing, require shielding etc.)
#
#Routed nets constraints summary:
#-----------------------------
#        Rules   Unconstrained  
#-----------------------------
#      Default             288  
#-----------------------------
#        Total             288  
#-----------------------------
#
#Routing constraints summary of the whole design:
#------------------------------------------------
#        Rules   Pref Extra Space   Unconstrained  
#------------------------------------------------
#      Default                  2             288  
#------------------------------------------------
#        Total                  2             288  
#------------------------------------------------
#
#
#  Congestion Analysis: (blocked Gcells are excluded)
#
#                 OverCon          
#                  #Gcell    %Gcell
#     Layer           (1)   OverCon
#  --------------------------------
#  Metal1        0(0.00%)   (0.00%)
#  Metal2        0(0.00%)   (0.00%)
#  Metal3        1(0.35%)   (0.35%)
#  Metal4        0(0.00%)   (0.00%)
#  Metal5        0(0.00%)   (0.00%)
#  Metal6        0(0.00%)   (0.00%)
#  --------------------------------
#     Total      1(0.06%)   (0.06%)
#
#  The worst congested Gcell overcon (routing demand over resource in number of tracks) = 1
#  Overflow after GR: 0.06% H + 0.00% V
#
#Hotspot report including placement blocked areas
[hotspot] +----------------+-------------------+-------------------+-------------------------------------+
[hotspot] |      layer     |    max hotspot    |   total hotspot   |            hotspot bbox             |
[hotspot] +----------------+-------------------+-------------------+-------------------------------------+
[hotspot] |   Metal1(H)    |              0.00 |              0.00 |   (none)                            |
[hotspot] |   Metal2(V)    |              0.00 |              0.00 |   (none)                            |
[hotspot] |   Metal3(H)    |              0.00 |              0.00 |   (none)                            |
[hotspot] |   Metal4(V)    |              0.00 |              0.00 |   (none)                            |
[hotspot] |   Metal5(H)    |              0.00 |              0.00 |   (none)                            |
[hotspot] |   Metal6(V)    |              0.00 |              0.00 |   (none)                            |
[hotspot] +----------------+-------------------+-------------------+-------------------------------------+
[hotspot] |      worst     |              0.00 |              0.00 |                                     |
[hotspot] +----------------+-------------------+-------------------+-------------------------------------+
[hotspot] |   all layers   |              0.00 |              0.00 |                                     |
[hotspot] +----------------+-------------------+-------------------+-------------------------------------+
Local HotSpot Analysis (blockage included) (3d): normalized congestion max/total hotspot area = 0.00/0.00 (area is in unit of 4 std-cell row bins)
#Complete Global Routing.
#Total number of nets with non-default rule or having extra spacing = 2
#
#  Routing Statistics
#
#---------------+-----------+-----+
#  Layer        | Length(um)| Vias|
#---------------+-----------+-----+
#  Metal1 ( 1H) |          1|  857|
#  Metal2 ( 2V) |       2486|  556|
#  Metal3 ( 3H) |       3760|  182|
#  Metal4 ( 4V) |       1357|   44|
#  Metal5 ( 5H) |        622|    2|
#  Metal6 ( 6V) |         17|    0|
#---------------+-----------+-----+
#  Total        |       8243| 1641|
#---------------+-----------+-----+
#
# Total half perimeter of net bounding box: 8073 um.
#Total number of involved regular nets 53
#Maximum src to sink distance  216.1
#Average of max src_to_sink distance  66.9
#Average of ave src_to_sink distance  49.7
#Max overcon = 1 tracks.
#Total overcon = 0.06%.
#Worst layer Gcell overcon rate = 0.35%.
#
#Global routing statistics:
#Cpu time = 00:00:00
#Elapsed time = 00:00:00
#Increased memory = 2.32 (MB)
#Total memory = 2806.16 (MB)
#Peak memory = 3093.75 (MB)
#
#Finished global routing on Fri Aug 21 03:19:33 2026
#
#
#cpu time = 00:00:00, elapsed time = 00:00:00, memory = 2806.16 (MB), peak = 3093.75 (MB)
#Start Track Assignment.
#Done with 322 horizontal wires in 1 hboxes and 307 vertical wires in 1 hboxes.
#Done with 48 horizontal wires in 1 hboxes and 52 vertical wires in 1 hboxes.
#Done with 1 horizontal wires in 1 hboxes and 1 vertical wires in 1 hboxes.
#
#Track assignment summary:
# layer   (wire length)   (overlap)     (long ovlp)	(with obs/pg/clk)  
#------------------------------------------------------------------------
# Metal1         0.00 	  0.00%  	  0.00% 	  0.00%
# Metal2      2200.52 	  0.03%  	  0.00% 	  0.00%
# Metal3      3354.72 	  0.03%  	  0.00% 	  0.00%
# Metal4      1064.84 	  0.13%  	  0.00% 	  0.00%
# Metal5       617.32 	  0.00%  	  0.00% 	  0.00%
# Metal6         9.40 	  0.00%  	  0.00% 	  0.00%
#------------------------------------------------------------------------
# All        7246.80  	  0.04% 	  0.00% 	  0.00%
#Complete Track Assignment.
#Total number of nets with non-default rule or having extra spacing = 2
#
#  Routing Statistics
#
#---------------+-----------+-----+
#  Layer        | Length(um)| Vias|
#---------------+-----------+-----+
#  Metal1 ( 1H) |          1|  857|
#  Metal2 ( 2V) |       2350|  556|
#  Metal3 ( 3H) |       3600|  182|
#  Metal4 ( 4V) |       1291|   44|
#  Metal5 ( 5H) |        611|    2|
#  Metal6 ( 6V) |          9|    0|
#---------------+-----------+-----+
#  Total        |       7862| 1641|
#---------------+-----------+-----+
#
# Total half perimeter of net bounding box: 8073 um.
#cpu time = 00:00:00, elapsed time = 00:00:00, memory = 2806.98 (MB), peak = 3093.75 (MB)
#
#number of short segments in preferred routing layers
#	
#	
#
#Start post global route fixing for timing critical nets ...
#
#* Updating design timing data...
#Extracting RC...
Un-suppress "**WARN ..." messages.
#
#Start tQuantus RC extraction...
#Finish check_net_pin_list step Enter extract_rc_after_routing
#Extract in track assign mode
#Start extraction data preparation
#Start building rc corner(s)...
#Number of RC Corner = 1
#Corner rc_180nm <REMOTE_HOME>/FPR/QRC/t018s6mm.tch 25.000000 (real) 
#(i=6, n=6 2000)
#METAL_1 -> Metal1 (1)
#METAL_2 -> Metal2 (2)
#METAL_3 -> Metal3 (3)
#METAL_4 -> Metal4 (4)
#METAL_5 -> Metal5 (5)
#METAL_6 -> Metal6 (6)
#SADV_On
# Corner(s) : 
#rc_180nm [25.00]
# Corner id: 0
# Layout Scale: 1.000000
# Has Metal Fill model: yes
# Temperature was set
# Temperature : 25.000000
# Ref. Temp   : 25.000000
#SADV_Off
#total pattern=56 [6, 147]
#Reading previously stored rc_model file ( rc_model.bin ) ...
#found CAPMODEL <REMOTE_HOME>/FPR/QRC/t018s6mm.tch
#found RESMODEL <REMOTE_HOME>/FPR/QRC/t018s6mm.tch 25.000000 
#CCE Version read = IQuantus/TQuantus 23.1.1-s336
#number model r/c [1,1] [6,147] read
#Build RC corners: cpu time = 00:00:00, elapsed time = 00:00:01, memory = 2804.73 (MB), peak = 3093.75 (MB)
#Finish check_net_pin_list step Enter extract
#Start init net ripin tree building
#Finish init net ripin tree building
#Cpu time = 00:00:00
#Elapsed time = 00:00:00
#Increased memory = 0.14 (MB)
#Total memory = 2808.98 (MB)
#Peak memory = 3093.75 (MB)
#Using multithreading with 4 threads.
#begin processing metal fill model file
#end processing metal fill model file
#
#Start Post Track Assignment Wire Spread.
#Done with 54 horizontal wires in 1 hboxes and 61 vertical wires in 1 hboxes.
#Complete Post Track Assignment Wire Spread.
#
#Length limit = 200 pitches
#opt mode = 2
#Finish check_net_pin_list step Fix net pin list
#Start generate extraction boxes.
#
#Extract using 30 x 30 Hboxes
#2x2 initial hboxes
#Use area based hbox pruning.
#0/0 hboxes pruned.
#Complete generating extraction boxes.
#Start step Extraction
#Extract 1 hboxes with 4 threads on machine with  Xeon 3.40GHz 36608KB Cache 64CPU...
#Process 0 special clock nets for rc extraction
#Total 290 nets were built. 0 nodes added to break long wires. 0 net(s) have incomplete routes.
#Run Statistics for Extraction:
#   Cpu time = 00:00:00, elapsed time = 00:00:00 .
#   Increased memory =    18.45 (MB), total memory =  2828.73 (MB), peak memory =  3093.75 (MB)
#
#Scale RC for track assignment: res 1.000000; cap 1.000000; clk res 1.000000; clk cap 1.000000, xcap 1.000000
#Simplify RC tree: cpu time = 00:00:00, elapsed time = 00:00:00, memory = 2823.36 (MB), peak = 3093.75 (MB)
#RC Statistics: 1000 Res, 637 Ground Cap, 168 XCap (Edge to Edge)
#RC V/H edge ratio: 0.39, Avg V/H Edge Length: 5980.75 (681), Avg L-Edge Length: 34515.83 (187)
#Register nets and terms for rcdb <REMOTE_HOME>/aer_2026/p8dgscr_pnr_180nm_v2/innovus_temp_254741_cf8f1dbd-b95d-4fa8-8c3a-8330fd52273d_<REMOTE_HOST>_<REMOTE_USER>_Ijjls6/nr254741_Mqntda.rcdb.d
#Finish registering nets and terms for rcdb.
#Start writing RC data.
#Finish writing RC data
#Finish writing rcdb with 1568 nodes, 1278 edges, and 370 xcaps
#0 inserted nodes are removed
#Restored 0 tie nets, 0 tie snets, 0 partial nets
#Remove Post Track Assignment Wire Spread
Restoring parasitic data from file '<REMOTE_HOME>/aer_2026/p8dgscr_pnr_180nm_v2/innovus_temp_254741_cf8f1dbd-b95d-4fa8-8c3a-8330fd52273d_<REMOTE_HOST>_<REMOTE_USER>_Ijjls6/nr254741_Mqntda.rcdb.d' ...
Reading RCDB with compressed RC data.
Reading RCDB with compressed RC data.
Begin read_parasitics... (cpu: 0:00:00.0 real: 0:00:00.0 mem: 3862.230M)
Following multi-corner parasitics specified:
	<REMOTE_HOME>/aer_2026/p8dgscr_pnr_180nm_v2/innovus_temp_254741_cf8f1dbd-b95d-4fa8-8c3a-8330fd52273d_<REMOTE_HOST>_<REMOTE_USER>_Ijjls6/nr254741_Mqntda.rcdb.d (rcdb)
Reading RCDB with compressed RC data.
		Cell aer_pending_direct_gray_sync_core_reset has rcdb <REMOTE_HOME>/aer_2026/p8dgscr_pnr_180nm_v2/innovus_temp_254741_cf8f1dbd-b95d-4fa8-8c3a-8330fd52273d_<REMOTE_HOST>_<REMOTE_USER>_Ijjls6/nr254741_Mqntda.rcdb.d specified
Cell aer_pending_direct_gray_sync_core_reset, hinst 
Reading RCDB with compressed RC data.
Done read_parasitics... (cpu: 0:00:00.0 real: 0:00:00.0 mem: 3862.230M)
#
#Restore RCDB.
#Remove Post Track Assignment Wire Spread
#
#Complete tQuantus RC extraction.
#Cpu time = 00:00:01
#Elapsed time = 00:00:01
#Increased memory = 12.12 (MB)
#Total memory = 2819.11 (MB)
#Peak memory = 3093.75 (MB)
#
Un-suppress "**WARN ..." messages.
#RC Extraction Completed...
AAE_INFO: switching setDelayCal -siAware from false to true ...
AAE_INFO: The setting is changed from false to true in setDelayCalMode -SIAware
#Reporting timing...
###############################################################
#  Generated by:      Cadence Innovus 23.14-s088_1
#  OS:                Linux x86_64(Host ID <REMOTE_HOST>)
#  Generated on:      Fri Aug 21 03:19:36 2026
#  Design:            aer_pending_direct_gray_sync_core_reset
#  Command:           routeDesign
###############################################################
#Normalized TNS: 0.000 -> 0.000, r2r 0.000 -> 0.000, unit 1000.000, clk period 10.000 (ns)
#Stage 1: cpu time = 00:00:02, elapsed time = 00:00:01, memory = 2879.05 (MB), peak = 3093.75 (MB)
#Library Standard Delay: 52.50ps
#Slack threshold: 0.00ps
#*** Analyzed 0 timing critical paths, and collected 0.
#Stage 2: cpu time = 00:00:00, elapsed time = 00:00:00, memory = 2879.05 (MB), peak = 3093.75 (MB)
#Stage 3: cpu time = 00:00:00, elapsed time = 00:00:00, memory = 2880.64 (MB), peak = 3093.75 (MB)
Worst slack reported in the design = 6.291591 (late)

*** writeDesignTiming (0:00:00.0) ***
#Stage 4: cpu time = 00:00:00, elapsed time = 00:00:00, memory = 2881.05 (MB), peak = 3093.75 (MB)
Un-suppress "**WARN ..." messages.
#Number of victim nets: 0
#Number of aggressor nets: 0
#Number of weak nets: 0
#Number of critical nets: 0
#	level 1 [   0.0, -1000.0]: 0 nets
#	level 2 [   0.0, -1000.0]: 0 nets
#	level 3 [   0.0, -1000.0]: 0 nets
#Total number of nets: 290
#Total number of significant detoured timing critical nets is 0
#Total number of selected detoured timing critical nets is 0
#
#----------------------------------------------------
# Summary of active signal nets routing constraints
#+--------------------------+-----------+
#+--------------------------+-----------+
#
#----------------------------------------------------
Current (total cpu=0:01:56, real=0:03:16, peak res=3093.7M, current mem=2672.7M)
aer_pending_direct_gray_sync_core_reset
Ending "Constraint file reading stats" (total cpu=0:00:00.0, real=0:00:00.0, peak res=2690.5M, current mem=2690.5M)
Current (total cpu=0:01:56, real=0:03:16, peak res=3093.7M, current mem=2690.5M)
#cpu time = 00:00:00, elapsed time = 00:00:00, memory = 2690.60 (MB), peak = 3093.75 (MB)
#* Importing design timing data...
#Number of victim nets: 0
#Number of aggressor nets: 0
#Number of weak nets: 0
#Number of critical nets: 0
#	level 1 [   0.0, -1000.0]: 0 nets
#	level 2 [   0.0, -1000.0]: 0 nets
#	level 3 [   0.0, -1000.0]: 0 nets
#Total number of nets: 290
#
#timing driven effort level: 3
#Start Track Assignment With Timing Driven.
#Done with 3 horizontal wires in 1 hboxes and 3 vertical wires in 1 hboxes.
#Done with 1 horizontal wires in 1 hboxes and 3 vertical wires in 1 hboxes.
#Done with 1 horizontal wires in 1 hboxes and 1 vertical wires in 1 hboxes.
#
#Track assignment summary:
# layer   (wire length)   (overlap)     (long ovlp)	(with obs/pg/clk)  
#------------------------------------------------------------------------
# Metal1         0.00 	  0.00%  	  0.00% 	  0.00%
# Metal2      2189.32 	  0.03%  	  0.00% 	  0.00%
# Metal3      3359.36 	  0.03%  	  0.00% 	  0.00%
# Metal4      1063.16 	  0.11%  	  0.00% 	  0.00%
# Metal5       612.56 	  0.00%  	  0.00% 	  0.00%
# Metal6         9.40 	  0.00%  	  0.00% 	  0.00%
#------------------------------------------------------------------------
# All        7233.80  	  0.04% 	  0.00% 	  0.00%
#Complete Track Assignment With Timing Driven.
#Total number of nets with non-default rule or having extra spacing = 2
#
#  Routing Statistics
#
#---------------+-----------+-----+
#  Layer        | Length(um)| Vias|
#---------------+-----------+-----+
#  Metal1 ( 1H) |          1|  857|
#  Metal2 ( 2V) |       2339|  556|
#  Metal3 ( 3H) |       3605|  182|
#  Metal4 ( 4V) |       1289|   44|
#  Metal5 ( 5H) |        606|    2|
#  Metal6 ( 6V) |          9|    0|
#---------------+-----------+-----+
#  Total        |       7849| 1641|
#---------------+-----------+-----+
#
# Total half perimeter of net bounding box: 8073 um.
#cpu time = 00:00:00, elapsed time = 00:00:00, memory = 2692.18 (MB), peak = 3093.75 (MB)
#
#Routing data preparation, pin analysis, global routing and track assignment statistics:
#Cpu time = 00:00:04
#Elapsed time = 00:00:04
#Increased memory = -96.43 (MB)
#Total memory = 2692.25 (MB)
#Peak memory = 3093.75 (MB)
#Using multithreading with 4 threads.
#Start reading timing information from file .timing_file_254741.tif.gz ...
#Read in timing information for 40 ports, 251 instances from timing file .timing_file_254741.tif.gz.
#
#Start Detail Routing..
#start initial detail routing ...
#   number of violations = 3
#
#  By Layer and Type:
#
#---------+------+-------+
#  -      | Short| Totals|
#---------+------+-------+
#  Metal1 |     1|      1|
#  Metal2 |     2|      2|
#  Totals |     3|      3|
#---------+------+-------+
#
#cpu time = 00:00:01, elapsed time = 00:00:01, memory = 2707.88 (MB), peak = 3093.75 (MB)
#start 1st optimization iteration ...
#   number of violations = 1
#
#  By Layer and Type:
#
#---------+------+-------+
#  -      | Short| Totals|
#---------+------+-------+
#  Metal1 |     0|      0|
#  Metal2 |     1|      1|
#  Totals |     1|      1|
#---------+------+-------+
#
#cpu time = 00:00:00, elapsed time = 00:00:00, memory = 2708.31 (MB), peak = 3093.75 (MB)
#start 2nd optimization iteration ...
#   number of violations = 1
#
#  By Layer and Type:
#
#---------+------+-------+
#  -      | Short| Totals|
#---------+------+-------+
#  Metal1 |     0|      0|
#  Metal2 |     1|      1|
#  Totals |     1|      1|
#---------+------+-------+
#
#cpu time = 00:00:00, elapsed time = 00:00:00, memory = 2707.64 (MB), peak = 3093.75 (MB)
#start 3rd optimization iteration ...
#   number of violations = 0
#cpu time = 00:00:00, elapsed time = 00:00:00, memory = 2707.09 (MB), peak = 3093.75 (MB)
#Complete Detail Routing.
#Total number of nets with non-default rule or having extra spacing = 2
#
#  Routing Statistics
#
#---------------+-----------+-----+
#  Layer        | Length(um)| Vias|
#---------------+-----------+-----+
#  Metal1 ( 1H) |        647|  890|
#  Metal2 ( 2V) |       3034|  572|
#  Metal3 ( 3H) |       3455|  142|
#  Metal4 ( 4V) |       1190|   18|
#  Metal5 ( 5H) |        455|    0|
#  Metal6 ( 6V) |          0|    0|
#---------------+-----------+-----+
#  Total        |       8781| 1622|
#---------------+-----------+-----+
#
# Total half perimeter of net bounding box: 8073 um.
#Total number of DRC violations = 0
#Cpu time = 00:00:01
#Elapsed time = 00:00:01
#Increased memory = 12.90 (MB)
#Total memory = 2705.14 (MB)
#Peak memory = 3093.75 (MB)
#
#start routing for process antenna violation fix ...
#cpu time = 00:00:00, elapsed time = 00:00:00, memory = 2705.23 (MB), peak = 3093.75 (MB)
#
#Total number of nets with non-default rule or having extra spacing = 2
#
#  Routing Statistics
#
#---------------+-----------+-----+
#  Layer        | Length(um)| Vias|
#---------------+-----------+-----+
#  Metal1 ( 1H) |        647|  890|
#  Metal2 ( 2V) |       3034|  572|
#  Metal3 ( 3H) |       3455|  142|
#  Metal4 ( 4V) |       1190|   18|
#  Metal5 ( 5H) |        455|    0|
#  Metal6 ( 6V) |          0|    0|
#---------------+-----------+-----+
#  Total        |       8781| 1622|
#---------------+-----------+-----+
#
# Total half perimeter of net bounding box: 8073 um.
#Total number of DRC violations = 0
#Total number of process antenna violations = 0
#Total number of net violated process antenna rule = 0
#
#
#Total number of nets with non-default rule or having extra spacing = 2
#
#  Routing Statistics
#
#---------------+-----------+-----+
#  Layer        | Length(um)| Vias|
#---------------+-----------+-----+
#  Metal1 ( 1H) |        647|  890|
#  Metal2 ( 2V) |       3034|  572|
#  Metal3 ( 3H) |       3455|  142|
#  Metal4 ( 4V) |       1190|   18|
#  Metal5 ( 5H) |        455|    0|
#  Metal6 ( 6V) |          0|    0|
#---------------+-----------+-----+
#  Total        |       8781| 1622|
#---------------+-----------+-----+
#
# Total half perimeter of net bounding box: 8073 um.
#Total number of DRC violations = 0
#Total number of process antenna violations = 0
#Total number of net violated process antenna rule = 0
#
#
#Start Post Route via swapping...
#99.66% of area are rerouted by ECO routing.
#   number of violations = 0
#cpu time = 00:00:00, elapsed time = 00:00:00, memory = 2707.24 (MB), peak = 3093.75 (MB)
#CELL_VIEW aer_pending_direct_gray_sync_core_reset,init has no DRC violation.
#Total number of DRC violations = 0
#Total number of process antenna violations = 0
#Total number of net violated process antenna rule = 0
#Post Route via swapping is done.
#Total number of nets with non-default rule or having extra spacing = 2
#
#  Routing Statistics
#
#---------------+-----------+-----+---------------------+---------------------+
#  Layer        | Length(um)| Vias|           Single-cut|            Multi-cut|
#---------------+-----------+-----+---------------------+---------------------+
#  Metal1 ( 1H) |        647|  890|        235  ( 26.4%)|        655  ( 73.6%)|
#  Metal2 ( 2V) |       3034|  572|         28  (  4.9%)|        544  ( 95.1%)|
#  Metal3 ( 3H) |       3455|  142|          0  (  0.0%)|        142  (100.0%)|
#  Metal4 ( 4V) |       1190|   18|          0  (  0.0%)|         18  (100.0%)|
#  Metal5 ( 5H) |        455|    0|          0  (  0.0%)|          0  (  0.0%)|
#  Metal6 ( 6V) |          0|    0|          0  (  0.0%)|          0  (  0.0%)|
#---------------+-----------+-----+---------------------+---------------------+
#  Total        |       8781| 1622|        263  ( 16.2%)|       1359  ( 83.8%)|
#---------------+-----------+-----+---------------------+---------------------+
#
# Total half perimeter of net bounding box: 8073 um.
#
#Start Post Route wire spreading..
#
#Start DRC checking..
#   number of violations = 0
#cpu time = 00:00:00, elapsed time = 00:00:00, memory = 2707.18 (MB), peak = 3093.75 (MB)
#CELL_VIEW aer_pending_direct_gray_sync_core_reset,init has no DRC violation.
#Total number of DRC violations = 0
#Total number of process antenna violations = 0
#Total number of net violated process antenna rule = 0
#
#Start data preparation for wire spreading...
#
#Data preparation is done on Fri Aug 21 03:19:38 2026
#
#
#Start Post Route Wire Spread.
#Done with 33 horizontal wires in 1 hboxes and 32 vertical wires in 1 hboxes.
#Complete Post Route Wire Spread.
#
#Total number of nets with non-default rule or having extra spacing = 2
#
#  Routing Statistics
#
#---------------+-----------+-----+---------------------+---------------------+
#  Layer        | Length(um)| Vias|           Single-cut|            Multi-cut|
#---------------+-----------+-----+---------------------+---------------------+
#  Metal1 ( 1H) |        658|  890|        235  ( 26.4%)|        655  ( 73.6%)|
#  Metal2 ( 2V) |       3053|  572|         28  (  4.9%)|        544  ( 95.1%)|
#  Metal3 ( 3H) |       3475|  142|          0  (  0.0%)|        142  (100.0%)|
#  Metal4 ( 4V) |       1210|   18|          0  (  0.0%)|         18  (100.0%)|
#  Metal5 ( 5H) |        455|    0|          0  (  0.0%)|          0  (  0.0%)|
#  Metal6 ( 6V) |          0|    0|          0  (  0.0%)|          0  (  0.0%)|
#---------------+-----------+-----+---------------------+---------------------+
#  Total        |       8852| 1622|        263  ( 16.2%)|       1359  ( 83.8%)|
#---------------+-----------+-----+---------------------+---------------------+
#
# Total half perimeter of net bounding box: 8073 um.
#
#Start DRC checking..
#   number of violations = 0
#cpu time = 00:00:00, elapsed time = 00:00:00, memory = 2708.26 (MB), peak = 3093.75 (MB)
#CELL_VIEW aer_pending_direct_gray_sync_core_reset,init has no DRC violation.
#Total number of DRC violations = 0
#Total number of process antenna violations = 0
#Total number of net violated process antenna rule = 0
#   number of violations = 0
#cpu time = 00:00:00, elapsed time = 00:00:00, memory = 2705.33 (MB), peak = 3093.75 (MB)
#CELL_VIEW aer_pending_direct_gray_sync_core_reset,init has no DRC violation.
#Total number of DRC violations = 0
#Total number of process antenna violations = 0
#Total number of net violated process antenna rule = 0
#Post Route wire spread is done.
#Total number of nets with non-default rule or having extra spacing = 2
#
#  Routing Statistics
#
#---------------+-----------+-----+---------------------+---------------------+
#  Layer        | Length(um)| Vias|           Single-cut|            Multi-cut|
#---------------+-----------+-----+---------------------+---------------------+
#  Metal1 ( 1H) |        658|  890|        235  ( 26.4%)|        655  ( 73.6%)|
#  Metal2 ( 2V) |       3053|  572|         28  (  4.9%)|        544  ( 95.1%)|
#  Metal3 ( 3H) |       3475|  142|          0  (  0.0%)|        142  (100.0%)|
#  Metal4 ( 4V) |       1210|   18|          0  (  0.0%)|         18  (100.0%)|
#  Metal5 ( 5H) |        455|    0|          0  (  0.0%)|          0  (  0.0%)|
#  Metal6 ( 6V) |          0|    0|          0  (  0.0%)|          0  (  0.0%)|
#---------------+-----------+-----+---------------------+---------------------+
#  Total        |       8852| 1622|        263  ( 16.2%)|       1359  ( 83.8%)|
#---------------+-----------+-----+---------------------+---------------------+
#
# Total half perimeter of net bounding box: 8073 um.
#detailRoute Statistics:
#Cpu time = 00:00:02
#Elapsed time = 00:00:01
#Increased memory = 11.16 (MB)
#Total memory = 2703.41 (MB)
#Peak memory = 3093.75 (MB)
#
#globalDetailRoute statistics:
#Cpu time = 00:00:09
#Elapsed time = 00:00:08
#Increased memory = -12.65 (MB)
#Total memory = 2688.68 (MB)
#Peak memory = 3093.75 (MB)
#Number of warnings = 2
#Total number of warnings = 25
#Number of fails = 0
#Total number of fails = 0
#Complete globalDetailRoute on Fri Aug 21 03:19:39 2026
#
% End globalDetailRoute (date=08/21 03:19:39, total cpu=0:00:09.0, real=0:00:08.0, peak res=2701.3M, current mem=2681.3M)
#Default setup view is reset to setup_view.
#Default setup view is reset to setup_view.
AAE_INFO: Post Route call back at the end of routeDesign
#routeDesign: cpu time = 00:00:11, elapsed time = 00:00:09, memory = 2672.22 (MB), peak = 3093.75 (MB)
#
#  Scalability Statistics
#
#----------------------------+---------+-------------+------------+
#  routeDesign               | cpu time| elapsed time| scalability|
#----------------------------+---------+-------------+------------+
#  Pre Callback              | 00:00:00|     00:00:00|         1.0|
#  Post Callback             | 00:00:00|     00:00:00|         1.0|
#  Timing Data Generation    | 00:00:06|     00:00:06|         1.0|
#  DB Import                 | 00:00:00|     00:00:00|         1.0|
#  DB Export                 | 00:00:00|     00:00:00|         1.0|
#  Cell Pin Access           | 00:00:00|     00:00:00|         1.0|
#  Data Preparation          | 00:00:00|     00:00:00|         1.0|
#  Global Routing            | 00:00:00|     00:00:00|         1.0|
#  Track Assignment          | 00:00:00|     00:00:00|         1.0|
#  Detail Routing            | 00:00:02|     00:00:01|         1.0|
#  Antenna Fixing            | 00:00:00|     00:00:00|         1.0|
#  Post Route Via Swapping   | 00:00:00|     00:00:00|         1.0|
#  Post Route Wire Spreading | 00:00:01|     00:00:00|         1.0|
#  Entire Command            | 00:00:11|     00:00:09|         1.2|
#----------------------------+---------+-------------+------------+
#

*** Summary of all messages that are not suppressed in this session:
Severity  ID               Count  Summary                                  
WARNING   NRIG-1303            1  The congestion map does not match the GC...
WARNING   NRIF-38              1  Option %s%s is not a Boolean option.     
WARNING   TCLCMD-1403          1  '%s'                                     
*** Message Summary: 3 warning(s), 0 error(s)

#% End routeDesign (date=08/21 03:19:39, total cpu=0:00:10.7, real=0:00:09.0, peak res=2752.6M, current mem=2672.2M)
**optDesign ... cpu = 0:00:00, real = 0:00:00, mem = 2672.2M, totSessionCpu=0:01:59 **
*** optDesign #3 [begin] () : totSession cpu/real = 0:01:58.5/0:03:17.6 (0.6), mem = 3855.6M
GigaOpt running with 4 threads.
*** InitOpt #1 [begin] (optDesign #3) : totSession cpu/real = 0:01:58.5/0:03:17.6 (0.6), mem = 3855.6M
**INFO: User settings:
setNanoRouteMode -route_detail_use_lef_pin_taper_rule                                     true
setNanoRouteMode -extract_rc_model_file                                                   rc_model.bin
setNanoRouteMode -route_extract_third_party_compatible                                    false
setNanoRouteMode -route_global_exp_timing_driven_std_delay                                52.5
setNanoRouteMode -route_global_exp_timing_driven_use_tif_timing_engine_for_import_design  false
setNanoRouteMode -route_bottom_routing_layer                                              1
setNanoRouteMode -route_top_routing_layer                                                 6
setNanoRouteMode -timingEngine                                                            .timing_file_254741.tif.gz
setDesignMode -process                                                                    180
setExtractRCMode -coupling_c_th                                                           3
setExtractRCMode -engine                                                                  preRoute
setExtractRCMode -relative_c_th                                                           0.03
setExtractRCMode -total_c_th                                                              5
setUsefulSkewMode -opt_skew_eco_route                                                     false
setDelayCalMode -enable_high_fanout                                                       true
setDelayCalMode -enable_ideal_seq_async_pins                                              false
setDelayCalMode -eng_enablePrePlacedFlow                                                  false
setDelayCalMode -engine                                                                   aae
setDelayCalMode -ignoreNetLoad                                                            false
setDelayCalMode -socv_accuracy_mode                                                       low
setOptMode -opt_view_pruning_setup_views_active_list                                      { setup_view }
setOptMode -opt_view_pruning_setup_views_persistent_list                                  { setup_view}
setOptMode -opt_view_pruning_tdgr_setup_views_persistent_list                             { setup_view}
setOptMode -opt_drv_margin                                                                0
setOptMode -opt_drv                                                                       true
setOptMode -opt_hold_target_slack                                                         0.03
setOptMode -opt_resize_flip_flops                                                         true
setOptMode -opt_preserve_all_sequential                                                   false
setOptMode -opt_setup_target_slack                                                        0
setSIMode -separate_delta_delay_on_data                                                   true
setAnalysisMode -analysisType                                                             onChipVariation
setAnalysisMode -checkType                                                                setup
setAnalysisMode -clkSrcPath                                                               true
setAnalysisMode -clockPropagation                                                         sdcControl
setAnalysisMode -skew                                                                     true
setAnalysisMode -usefulSkew                                                               true
setAnalysisMode -virtualIPO                                                               false

**INFO: setDesignMode -flowEffort standard -> setting 'setOptMode -allEndPoints true' for the duration of this command.
Disable merging buffers from different footprints for postRoute code for non-MSV designs
Need call spDPlaceInit before registerPrioInstLoc.
Switching SI Aware to true by default in postroute mode   
AAE_INFO: switching setDelayCal -siAware from false to true ...
AAE_INFO: The setting is changed from false to true in setDelayCalMode -SIAware
**WARN: (IMPOPT-7320):	Glitch fixing has been disabled since glitch reporting is disabled. Glitch reporting can be enabled using command setSIMode -enable_glitch_report true
**INFO: Using Advanced Metric Collection system.
**optDesign ... cpu = 0:00:00, real = 0:00:00, mem = 2700.2M, totSessionCpu=0:01:59 **
Existing Dirty Nets : 0
New Signature Flow (optDesignCheckOptions) ....
#Taking db snapshot
#Taking db snapshot ... done
Begin checking placement ... (start mem=3834.6M, init mem=3834.6M)
*info: Placed = 251            (Fixed = 1)
*info: Unplaced = 0           
Placement Density:63.87%(6799/10644)
Placement Density (including fixed std cells):63.87%(6799/10644)
Finished checkPlace (total: cpu=0:00:00.0, real=0:00:00.0; vio checks: cpu=0:00:00.0, real=0:00:00.0; mem=3802.6M)
#optDebug: { P: 180 W: 9195 FE: standard PE: none LDR: 1}
 Initial DC engine is -> aae
 
 AAE-Opt:: Current number of nets in RC Memory -> 100 K
 
 
 AAE-Opt:: New number of nets in RC Memory -> 100 K
 
Reset EOS DB
Ignoring AAE DB Resetting ...
 Set Options for AAE Based Opt flow 
*** optDesign -postRoute ***
DRC Margin: user margin 0.0; extra margin 0
Setup Target Slack: user slack 0
Hold Target Slack: user slack 0.03
Opt: RC extraction mode changed to 'detail'
*** InitOpt #1 [finish] (optDesign #3) : cpu/real = 0:00:00.4/0:00:00.3 (1.1), totSession cpu/real = 0:01:58.9/0:03:18.0 (0.6), mem = 3834.6M
**WARN: (IMPOPT-7077):	Some of the LEF equivalent cells have different ANTENNAGATEAREA/ANTENNADIFFAREA/PINS etc... attributes. They will not be swapped for fixed instances and for lefsafe operations like optLeakagePower in postroute mode. To find out what cells are LEF equivalent use the findLefEquivalentCells command.
Type 'man IMPOPT-7077' for more detail.
Include MVT Delays for Hold Opt
** INFO : this run is activating 'postRoute' automaton
**INFO: flowCheckPoint #1 InitialSummary
Extraction called for design 'aer_pending_direct_gray_sync_core_reset' of instances=251 and nets=308 using extraction engine 'postRoute' at effort level 'low' .
PostRoute (effortLevel low) RC Extraction called for design aer_pending_direct_gray_sync_core_reset.
RC Extraction called in multi-corner(1) mode.
Process corner(s) are loaded.
 Corner: rc_180nm
extractDetailRC Option : -outfile <REMOTE_HOME>/aer_2026/p8dgscr_pnr_180nm_v2/innovus_temp_254741_cf8f1dbd-b95d-4fa8-8c3a-8330fd52273d_<REMOTE_HOST>_<REMOTE_USER>_Ijjls6/aer_pending_direct_gray_sync_core_reset_254741_cf8f1dbd-b95d-4fa8-8c3a-8330fd52273d_sFARAQ.rcdb.d  -extended
RC Mode: PostRoute -effortLevel low [Extended CapTable, RC Table Resistances]
      RC Corner Indexes            0   
Capacitance Scaling Factor   : 1.00000 
Coupling Cap. Scaling Factor : 1.00000 
Resistance Scaling Factor    : 1.00000 
Clock Cap. Scaling Factor    : 1.00000 
Clock Res. Scaling Factor    : 1.00000 
Shrink Factor                : 1.00000
Initializing multi-corner capacitance tables ... 
Initializing multi-corner resistance tables ...
Checking LVS Completed (CPU Time= 0:00:00.0  MEM= 3834.6M)
Extracted 10.0865% (CPU Time= 0:00:00.0  MEM= 3842.6M)
Extracted 20.0768% (CPU Time= 0:00:00.0  MEM= 3858.6M)
Extracted 30.0672% (CPU Time= 0:00:00.0  MEM= 3858.6M)
Extracted 40.0576% (CPU Time= 0:00:00.0  MEM= 3858.6M)
Extracted 50.0961% (CPU Time= 0:00:00.0  MEM= 3858.6M)
Extracted 60.0865% (CPU Time= 0:00:00.0  MEM= 3858.6M)
Extracted 70.0768% (CPU Time= 0:00:00.0  MEM= 3858.6M)
Extracted 80.0672% (CPU Time= 0:00:00.0  MEM= 3858.6M)
Extracted 90.0576% (CPU Time= 0:00:00.0  MEM= 3858.6M)
Extracted 100% (CPU Time= 0:00:00.0  MEM= 3858.6M)
Number of Extracted Resistors     : 3704
Number of Extracted Ground Cap.   : 3994
Number of Extracted Coupling Cap. : 5512
Filtering XCap in 'relativeOnly' mode using values relative_c_threshold=0.03 and total_c_threshold=5fF.
 Corner: rc_180nm
Checking LVS Completed (CPU Time= 0:00:00.0  MEM= 3834.6M)
PostRoute (effortLevel low) RC Extraction DONE (CPU Time: 0:00:00.2  Real Time: 0:00:00.0  MEM: 3834.582M)
** INFO: Initializing Glitch Interface
AAE DB initialization (MEM=2702.316406 CPU=0:00:00.0 REAL=0:00:00.0) 
** INFO: Initializing Glitch Cache
**INFO: flowCheckPoint #2 OptimizationHold
GigaOpt Hold Optimizer is used
GigaOpt Checkpoint: Internal optHold -postRoute -maxLocalDensity 1.0 -numThreads 4 -nativePathGroupFlow -viewPruneEffortLevel 1
Initializing multi-corner capacitance tables ... 
Initializing multi-corner resistance tables ...
Starting initialization (fixHold) cpu=0:00:00.0 real=0:00:00.0 totSessionCpu=0:02:00 mem=4301.6M ***
*** BuildHoldData #1 [begin] (optDesign #3) : totSession cpu/real = 0:02:00.2/0:03:19.3 (0.6), mem = 4301.6M
Starting delay calculation for Hold views
AAE_INFO: opIsDesignInPostRouteState() is 1
AAE_INFO: resetNetProps viewIdx 1 
Starting SI iteration 1 using Infinite Timing Windows
#################################################################################
# Design Stage: PostRoute
# Design Name: aer_pending_direct_gray_sync_core_reset
# Design Mode: 180nm
# Analysis Mode: MMMC OCV 
# Parasitics Mode: SPEF/RCDB 
# Signoff Settings: SI On 
#################################################################################
Start delay calculation (fullDC) (4 T). (MEM=2722.07)
*** Calculating scaling factor for libs_fast libraries using the default operating condition of each library.
Total number of fetched objects 306
AAE_INFO: Total number of nets for which stage creation was skipped for all views 0
AAE_INFO-618: Total number of nets in the design is 308,  99.4 percent of the nets selected for SI analysis
End delay calculation. (MEM=2764.48 CPU=0:00:00.2 REAL=0:00:01.0)
End delay calculation (fullDC). (MEM=2748.34 CPU=0:00:00.6 REAL=0:00:01.0)
Save waveform <REMOTE_HOME>/aer_2026/p8dgscr_pnr_180nm_v2/innovus_temp_254741_cf8f1dbd-b95d-4fa8-8c3a-8330fd52273d_<REMOTE_HOST>_<REMOTE_USER>_Ijjls6/.AAE_T1mJXP/.AAE_254741_cf8f1dbd-b95d-4fa8-8c3a-8330fd52273d/waveform.data...
Loading CTE timing window with TwFlowType 0...(CPU = 0:00:00.0, REAL = 0:00:00.0, MEM = 2779.0M)
Add other clocks and setupCteToAAEClockMapping during iter 1
Loading CTE timing window is completed (CPU = 0:00:00.0, REAL = 0:00:00.0, MEM = 2779.5M)

Executing IPO callback for view pruning ..
Starting SI iteration 2
Start delay calculation (fullDC) (4 T). (MEM=2819.99)
Glitch Analysis: View hold_view -- Total Number of Nets Skipped = 0. 
Glitch Analysis: View hold_view -- Total Number of Nets Analyzed = 306. 
Total number of fetched objects 306
AAE_INFO: Total number of nets for which stage creation was skipped for all views 0
AAE_INFO-618: Total number of nets in the design is 308,  21.1 percent of the nets selected for SI analysis
End delay calculation. (MEM=2844.33 CPU=0:00:00.1 REAL=0:00:00.0)
End delay calculation (fullDC). (MEM=2844.33 CPU=0:00:00.1 REAL=0:00:00.0)
*** Done Building Timing Graph (cpu=0:00:01.5 real=0:00:01.0 totSessionCpu=0:02:02 mem=3879.3M)

Active hold views:
 hold_view
  Dominating endpoints: 0
  Dominating TNS: -0.000

Done building cte hold timing graph (fixHold) cpu=0:00:01.8 real=0:00:01.0 totSessionCpu=0:02:02 mem=3911.3M ***
Done building hold timer [868 node(s), 947 edge(s), 1 view(s)] (fixHold) cpu=0:00:01.8 real=0:00:01.0 totSessionCpu=0:02:02 mem=3911.3M ***
Starting delay calculation for Setup views
AAE_INFO: opIsDesignInPostRouteState() is 1
AAE_INFO: resetNetProps viewIdx 0 
Starting SI iteration 1 using Infinite Timing Windows
#################################################################################
# Design Stage: PostRoute
# Design Name: aer_pending_direct_gray_sync_core_reset
# Design Mode: 180nm
# Analysis Mode: MMMC OCV 
# Parasitics Mode: SPEF/RCDB 
# Signoff Settings: SI On 
#################################################################################
Start delay calculation (fullDC) (4 T). (MEM=2819.1)
*** Calculating scaling factor for libs_slow libraries using the default operating condition of each library.
Total number of fetched objects 306
AAE_INFO: Total number of nets for which stage creation was skipped for all views 0
AAE_INFO-618: Total number of nets in the design is 308,  99.4 percent of the nets selected for SI analysis
End delay calculation. (MEM=2853.18 CPU=0:00:00.2 REAL=0:00:00.0)
End delay calculation (fullDC). (MEM=2853.18 CPU=0:00:00.2 REAL=0:00:00.0)
Save waveform <REMOTE_HOME>/aer_2026/p8dgscr_pnr_180nm_v2/innovus_temp_254741_cf8f1dbd-b95d-4fa8-8c3a-8330fd52273d_<REMOTE_HOST>_<REMOTE_USER>_Ijjls6/.AAE_T1mJXP/.AAE_254741_cf8f1dbd-b95d-4fa8-8c3a-8330fd52273d/waveform.data...
Loading CTE timing window with TwFlowType 0...(CPU = 0:00:00.0, REAL = 0:00:00.0, MEM = 2852.9M)
Add other clocks and setupCteToAAEClockMapping during iter 1
Loading CTE timing window is completed (CPU = 0:00:00.0, REAL = 0:00:00.0, MEM = 2852.9M)

Executing IPO callback for view pruning ..
Starting SI iteration 2
Start delay calculation (fullDC) (4 T). (MEM=2856.12)
Glitch Analysis: View setup_view -- Total Number of Nets Skipped = 0. 
Glitch Analysis: View setup_view -- Total Number of Nets Analyzed = 306. 
Total number of fetched objects 306
AAE_INFO: Total number of nets for which stage creation was skipped for all views 0
AAE_INFO-618: Total number of nets in the design is 308,  0.3 percent of the nets selected for SI analysis
End delay calculation. (MEM=2870.92 CPU=0:00:00.0 REAL=0:00:00.0)
End delay calculation (fullDC). (MEM=2870.92 CPU=0:00:00.0 REAL=0:00:00.0)
*** Done Building Timing Graph (cpu=0:00:02.2 real=0:00:02.0 totSessionCpu=0:02:04 mem=3879.3M)
Done building cte setup timing graph (fixHold) cpu=0:00:04.2 real=0:00:04.0 totSessionCpu=0:02:04 mem=3879.3M ***
OPTC: m4 20.0 50.0 [ 500.0 20.0 50.0 ]
OPTC: view 50.0:500.0 [ 0.0500 ]
Setting latch borrow mode to budget during optimization.
** INFO: Initializing Glitch Interface

*Info: minBufDelay = 112.9 ps, libStdDelay = 52.5 ps, minBufSize = 53222400 (4.0)
*Info: worst delay setup view: setup_view
** INFO: Initializing Glitch Interface

OptSummary:

------------------------------------------------------------------
     Hold Opt Initial Summary
------------------------------------------------------------------

Setup views included:
 setup_view
Hold views included:
 hold_view

+--------------------+---------+---------+---------+
|     Setup mode     |   all   | reg2reg | default |
+--------------------+---------+---------+---------+
|           WNS (ns):|  0.361  |  3.236  |  0.361  |
|           TNS (ns):|  0.000  |  0.000  |  0.000  |
|    Violating Paths:|    0    |    0    |    0    |
|          All Paths:|   97    |   57    |   65    |
+--------------------+---------+---------+---------+

+--------------------+---------+---------+---------+
|     Hold mode      |   all   | reg2reg | default |
+--------------------+---------+---------+---------+
|           WNS (ns):| -0.058  | -0.058  | -0.003  |
|           TNS (ns):| -0.817  | -0.811  | -0.005  |
|    Violating Paths:|   25    |   23    |    2    |
|          All Paths:|   97    |   74    |   48    |
+--------------------+---------+---------+---------+

+----------------+-------------------------------+------------------+
|                |              Real             |       Total      |
|    DRVs        +------------------+------------+------------------|
|                |  Nr nets(terms)  | Worst Vio  |  Nr nets(terms)  |
+----------------+------------------+------------+------------------+
|   max_cap      |      0 (0)       |   0.000    |      0 (0)       |
|   max_tran     |      0 (0)       |   0.000    |      0 (0)       |
|   max_fanout   |      2 (2)       |    -10     |      3 (3)       |
|   max_length   |      0 (0)       |     0      |      0 (0)       |
+----------------+------------------+------------+------------------+

Density: 63.875%
------------------------------------------------------------------
**optDesign ... cpu = 0:00:07, real = 0:00:07, mem = 2855.6M, totSessionCpu=0:02:06 **
*** BuildHoldData #1 [finish] (optDesign #3) : cpu/real = 0:00:05.6/0:00:05.0 (1.1), totSession cpu/real = 0:02:05.8/0:03:24.3 (0.6), mem = 3911.3M
*** HoldOpt #1 [begin] (optDesign #3) : totSession cpu/real = 0:02:05.8/0:03:24.3 (0.6), mem = 3911.3M
	CornerforLayerOpt timing analysis view setup_view has been selected for calibration 
	CornerforLayerOpt timing analysis view setup_view has been selected for calibration 
	CornerforLayerOpt timing analysis view setup_view has been selected for calibration 
	CornerforLayerOpt timing analysis view setup_view has been selected for calibration 
*info: Run optDesign holdfix with 4 threads.
Info: 2 clock nets excluded from IPO operation.
Info: Done creating the CCOpt slew target map.

*** Starting Core Fixing (fixHold) cpu=0:00:06.2 real=0:00:06.0 totSessionCpu=0:02:06 mem=3975.3M density=63.875% ***

Phase I ......
Executing transform: ECO Safe Resize
+----+----------+----------+--------+-----------+----------------+---------+------------+---------+
|Iter| Hold WNS | Hold TNS |  #VP   |  #Buffer  |  #Resize(F/F)  | Density |    Real    |   Mem   |
+----+----------+----------+--------+-----------+----------------+---------+------------+---------+
|   0|    -0.058|     -0.82|      25|          0|       0(     0)|   63.88%|   0:00:00.0|  3975.3M|
|   1|    -0.058|     -0.82|      25|          0|       0(     0)|   63.88%|   0:00:00.0|  3975.3M|
+----+----------+----------+--------+-----------+----------------+---------+------------+---------+
Executing transform: AddBuffer + LegalResize
+----+----------+----------+--------+-----------+----------------+---------+------------+---------+
|Iter| Hold WNS | Hold TNS |  #VP   |  #Buffer  |  #Resize(F/F)  | Density |    Real    |   Mem   |
+----+----------+----------+--------+-----------+----------------+---------+------------+---------+
|   0|    -0.058|     -0.82|      25|          0|       0(     0)|   63.88%|   0:00:00.0|  3975.3M|
|   1|     0.003|      0.00|       0|         48|       1(     0)|   70.19%|   0:00:00.0|  4086.6M|
|   2|     0.032|      0.00|       0|         14|       1(     0)|   71.94%|   0:00:00.0|  4094.6M|
+----+----------+----------+--------+-----------+----------------+---------+------------+---------+

*info:    Total 62 cells added for Phase I
*info:        in which 0 is ripple commits (0.000%)
*info:    Total 2 instances resized for Phase I
*info:        in which 0 FF resizing 
*info:        in which 0 ripple resizing (0.000%)
OptDebug: End of Hold Fixing:
+----------+-----+-----+
|Path Group|  WNS|  TNS|
+----------+-----+-----+
|default   |0.198|0.000|
|reg2reg   |3.236|0.000|
|HEPG      |3.236|0.000|
|All Paths |0.198|0.000|
+----------+-----+-----+

Bottom Preferred Layer:
+---------------+------------+----------+
|     Layer     |    CLK     |   Rule   |
+---------------+------------+----------+
| Metal3 (z=3)  |          2 | default  |
+---------------+------------+----------+
Via Pillar Rule:
    None

*** Finished Core Fixing (fixHold) cpu=0:00:07.3 real=0:00:06.0 totSessionCpu=0:02:08 mem=4168.0M density=71.938% ***

*info:
*info: Added a total of 62 cells to fix/reduce hold violation
*info:
*info: Summary: 
*info:           49 cells of type 'BUFX3' used
*info:            1 cell  of type 'BUFX8' used
*info:           12 cells of type 'CLKBUFX1' used
*info:
*info: Total 2 instances resized
*info:       in which 0 FF resizing
*info:

Capturing unweighted ref hold timing for Post Route hold recovery....
*** Finish Post Route Hold Fixing (cpu=0:00:07.3 real=0:00:06.0 totSessionCpu=0:02:08 mem=4168.0M density=71.938%) ***
**INFO: total 63 insts, 0 nets marked don't touch
**INFO: total 63 insts, 0 nets marked don't touch DB property
**INFO: total 63 insts, 0 nets unmarked don't touch
*** HoldOpt #1 [finish] (optDesign #3) : cpu/real = 0:00:01.8/0:00:01.2 (1.5), totSession cpu/real = 0:02:07.6/0:03:25.5 (0.6), mem = 4104.0M
**INFO: Skipping refine place as no non-legal commits were detected
Running postRoute recovery in preEcoRoute mode
**optDesign ... cpu = 0:00:09, real = 0:00:08, mem = 2961.5M, totSessionCpu=0:02:08 **
** INFO: Initializing Glitch Interface
Checking DRV degradation...
**INFO: Skipping DRV recovery as drv did not degrade beyond margin
Finish postRoute recovery in preEcoRoute mode (cpu=0:00:00, real=0:00:00, mem=4103.96M, totSessionCpu=0:02:08).
**optDesign ... cpu = 0:00:09, real = 0:00:08, mem = 2961.3M, totSessionCpu=0:02:08 **

** INFO: Initializing Glitch Interface
Running refinePlace -preserveRouting true -hardFence false
*** Starting refinePlace (0:02:08 mem=4104.0M) ***
Move report: Detail placement moves 0 insts, mean move: 0.00 um, max move: 0.00 um 
	Runtime: CPU: 0:00:00.0 REAL: 0:00:00.0 MEM: 4072.0MB
Summary Report:
Instances move: 0 (out of 312 movable)
Instances flipped: 0
Mean displacement: 0.00 um
Max displacement: 0.00 um 
Physical-only instances move: 0 (out of 0 movable physical-only)
Runtime: CPU: 0:00:00.0 REAL: 0:00:00.0 MEM: 4072.0MB
*** Finished refinePlace (0:02:08 mem=4072.0M) ***
** INFO: Initializing Glitch Interface

OptSummary:

------------------------------------------------------------------
        Pre-ecoRoute Summary
------------------------------------------------------------------

Setup views included:
 setup_view 

+--------------------+---------+---------+---------+
|     Setup mode     |   all   | reg2reg | default |
+--------------------+---------+---------+---------+
|           WNS (ns):|  0.197  |  3.236  |  0.197  |
|           TNS (ns):|  0.000  |  0.000  |  0.000  |
|    Violating Paths:|    0    |    0    |    0    |
|          All Paths:|   97    |   57    |   65    |
+--------------------+---------+---------+---------+

+----------------+-------------------------------+------------------+
|                |              Real             |       Total      |
|    DRVs        +------------------+------------+------------------|
|                |  Nr nets(terms)  | Worst Vio  |  Nr nets(terms)  |
+----------------+------------------+------------+------------------+
|   max_cap      |      0 (0)       |   0.000    |      0 (0)       |
|   max_tran     |      0 (0)       |   0.000    |      0 (0)       |
|   max_fanout   |      2 (2)       |    -10     |      3 (3)       |
|   max_length   |      0 (0)       |     0      |      0 (0)       |
+----------------+------------------+------------+------------------+

Density: 71.938%
------------------------------------------------------------------
**optDesign ... cpu = 0:00:09, real = 0:00:08, mem = 2963.3M, totSessionCpu=0:02:08 **
**INFO: flowCheckPoint #3 GlobalDetailRoute
** INFO Cleaning up Glitch Interface
-route_with_eco false                     # bool, default=false
-route_selected_net_only false            # bool, default=false
-route_with_timing_driven false           # bool, default=false
-route_with_si_driven false               # bool, default=false
Existing Dirty Nets : 111
New Signature Flow (saveAndSetNanoRouteOptions) ....
Reset Dirty Nets : 111
*** EcoRoute #1 [begin] (optDesign #3) : totSession cpu/real = 0:02:07.9/0:03:25.8 (0.6), mem = 4104.0M

globalDetailRoute

#Start globalDetailRoute on Fri Aug 21 03:19:47 2026
#
#NanoRoute Version 23.14-s088_1 NR250219-0822/23_14-UB
#Skip comparing routing design signature in db-snapshot flow
#Total number of trivial nets (e.g. < 2 pins) = 18 (skipped).
#Total number of routable nets = 352.
#Total number of nets in the design = 370.
#111 routable nets do not have any wires.
#241 routable nets have routed wires.
#111 nets will be global routed.
#2 detail routed (routable) nets have been constrained (e.g. have preferred extra spacing, require shielding etc.)
#Using multithreading with 4 threads.
#Start routing data preparation on Fri Aug 21 03:19:47 2026
#
#Initial pin access analysis.
#Detail pin access analysis.
# Metal1       H   Track-Pitch = 0.56000    Line-2-Via Pitch = 0.48500
# Metal2       V   Track-Pitch = 0.66000    Line-2-Via Pitch = 0.56000
# Metal3       H   Track-Pitch = 0.56000    Line-2-Via Pitch = 0.56000
# Metal4       V   Track-Pitch = 0.66000    Line-2-Via Pitch = 0.56000
# Metal5       H   Track-Pitch = 0.56000    Line-2-Via Pitch = 0.56000
# Metal6       V   Track-Pitch = 0.99000    Line-2-Via Pitch = 0.95000
#Bottom routing layer index=1(Metal1), bottom routing layer for shielding=1(Metal1), bottom shield layer=1(Metal1)
#shield_bottom_stripe_layer=1(Metal1), shield_top_stripe_layer=6(Metal6)
#pin_access_rlayer=2(Metal2)
#shield_top_dpt_rlayer=-1 top_rlayer=6 top_trim_metal_rlayer=-1 rlayer_lowest=1 bottom_rlayer=1
#enable_trim_layer_shield=F enable_dpt_layer_shield=F has_line_end_grid=F
#enable_dpt_layer_shield=F
#has_line_end_grid=F
#Processed 64/0 dirty instances, 102/2 dirty terms, 0/0 dirty fterms, 0/0 dirty pgterms, 0/0 misc dirty regions(63 insts marked dirty, reset pre-exisiting dirty flag on 63 insts, 0 nets marked need extraction)
#cpu time = 00:00:00, elapsed time = 00:00:00, memory = 2968.62 (MB), peak = 3103.29 (MB)
#Regenerating Ggrids automatically.
#Auto generating G-grids with size=15 tracks, using layer Metal3's pitch = 0.56000.
#Using automatically generated G-grids.
#Done routing data preparation.
#cpu time = 00:00:00, elapsed time = 00:00:00, memory = 2978.82 (MB), peak = 3103.29 (MB)
#Found 0 nets for post-route si or timing fixing.
#
#Finished routing data preparation on Fri Aug 21 03:19:48 2026
#
#Cpu time = 00:00:00
#Elapsed time = 00:00:00
#Increased memory = 14.26 (MB)
#Total memory = 2978.82 (MB)
#Peak memory = 3103.29 (MB)
#
#
#Start global routing on Fri Aug 21 03:19:48 2026
#
#
#Start global routing initialization on Fri Aug 21 03:19:48 2026
#
#Number of eco nets is 74
#
#Start global routing data preparation on Fri Aug 21 03:19:48 2026
#
#Start routing resource analysis on Fri Aug 21 03:19:48 2026
#
#Routing resource analysis is done on Fri Aug 21 03:19:48 2026
#
#  Resource Analysis:
#
#               Routing  #Avail      #Track     #Total     %Gcell
#  Layer      Direction   Track     Blocked      Gcell    Blocked
#  --------------------------------------------------------------
#  Metal1         H         117         135         289    39.10%
#  Metal2         V         140          82         289     0.00%
#  Metal3         H         198          54         289     0.00%
#  Metal4         V         189          33         289     0.00%
#  Metal5         H         212          40         289    13.15%
#  Metal6         V         118          29         289    19.03%
#  --------------------------------------------------------------
#  Total                    974      27.03%        1734    11.88%
#
#  2 nets (0.54%) with 1 preferred extra spacing.
#
#
#
#Global routing data preparation is done on Fri Aug 21 03:19:48 2026
#
#cpu time = 00:00:00, elapsed time = 00:00:00, memory = 2979.53 (MB), peak = 3103.29 (MB)
#
#
#Global routing initialization is done on Fri Aug 21 03:19:48 2026
#
#cpu time = 00:00:00, elapsed time = 00:00:00, memory = 2979.53 (MB), peak = 3103.29 (MB)
#
#start global routing iteration 1...
#cpu time = 00:00:00, elapsed time = 00:00:00, memory = 2979.54 (MB), peak = 3103.29 (MB)
#
#start global routing iteration 2...
#cpu time = 00:00:00, elapsed time = 00:00:00, memory = 2979.54 (MB), peak = 3103.29 (MB)
#
#
#Total number of trivial nets (e.g. < 2 pins) = 18 (skipped).
#Total number of routable nets = 352.
#Total number of nets in the design = 370.
#
#352 routable nets have routed wires.
#2 detail routed (routable) nets have been constrained (e.g. have preferred extra spacing, require shielding etc.)
#
#Routed nets constraints summary:
#-----------------------------
#        Rules   Unconstrained  
#-----------------------------
#      Default             111  
#-----------------------------
#        Total             111  
#-----------------------------
#
#Routing constraints summary of the whole design:
#------------------------------------------------
#        Rules   Pref Extra Space   Unconstrained  
#------------------------------------------------
#      Default                  2             350  
#------------------------------------------------
#        Total                  2             350  
#------------------------------------------------
#
#
#  Congestion Analysis: (blocked Gcells are excluded)
#
#                 OverCon       OverCon       OverCon       OverCon          
#                  #Gcell        #Gcell        #Gcell        #Gcell    %Gcell
#     Layer           (1)           (2)           (3)           (4)   OverCon
#  --------------------------------------------------------------------------
#  Metal1        0(0.00%)      0(0.00%)      0(0.00%)      0(0.00%)   (0.00%)
#  Metal2        7(2.42%)      1(0.35%)      0(0.00%)      1(0.35%)   (3.11%)
#  Metal3        0(0.00%)      0(0.00%)      0(0.00%)      0(0.00%)   (0.00%)
#  Metal4        0(0.00%)      0(0.00%)      0(0.00%)      0(0.00%)   (0.00%)
#  Metal5        0(0.00%)      0(0.00%)      0(0.00%)      0(0.00%)   (0.00%)
#  Metal6        0(0.00%)      0(0.00%)      0(0.00%)      0(0.00%)   (0.00%)
#  --------------------------------------------------------------------------
#     Total      7(0.43%)      1(0.06%)      0(0.00%)      1(0.06%)   (0.55%)
#
#  The worst congested Gcell overcon (routing demand over resource in number of tracks) = 4
#  Overflow after GR: 0.00% H + 0.55% V
#
#Complete Global Routing.
#Total number of nets with non-default rule or having extra spacing = 2
#
#  Routing Statistics
#
#---------------+-----------+-----+---------------------+---------------------+
#  Layer        | Length(um)| Vias|           Single-cut|            Multi-cut|
#---------------+-----------+-----+---------------------+---------------------+
#  Metal1 ( 1H) |        655|  979|        357  ( 36.5%)|        622  ( 63.5%)|
#  Metal2 ( 2V) |       3286|  660|        132  ( 20.0%)|        528  ( 80.0%)|
#  Metal3 ( 3H) |       3989|  150|         10  (  6.7%)|        140  ( 93.3%)|
#  Metal4 ( 4V) |       1250|   18|          0  (  0.0%)|         18  (100.0%)|
#  Metal5 ( 5H) |        455|    0|          0  (  0.0%)|          0  (  0.0%)|
#  Metal6 ( 6V) |          0|    0|          0  (  0.0%)|          0  (  0.0%)|
#---------------+-----------+-----+---------------------+---------------------+
#  Total        |       9636| 1807|        499  ( 27.6%)|       1308  ( 72.4%)|
#---------------+-----------+-----+---------------------+---------------------+
#
# Total half perimeter of net bounding box: 9039 um.
#Max overcon = 4 tracks.
#Total overcon = 0.55%.
#Worst layer Gcell overcon rate = 0.00%.
#
#Global routing statistics:
#Cpu time = 00:00:00
#Elapsed time = 00:00:00
#Increased memory = 0.72 (MB)
#Total memory = 2979.54 (MB)
#Peak memory = 3103.29 (MB)
#
#Finished global routing on Fri Aug 21 03:19:48 2026
#
#
#cpu time = 00:00:00, elapsed time = 00:00:00, memory = 2979.54 (MB), peak = 3103.29 (MB)
#Start Track Assignment.
#Done with 58 horizontal wires in 1 hboxes and 43 vertical wires in 1 hboxes.
#Done with 7 horizontal wires in 1 hboxes and 7 vertical wires in 1 hboxes.
#Complete Track Assignment.
#Total number of nets with non-default rule or having extra spacing = 2
#
#  Routing Statistics
#
#---------------+-----------+-----+---------------------+---------------------+
#  Layer        | Length(um)| Vias|           Single-cut|            Multi-cut|
#---------------+-----------+-----+---------------------+---------------------+
#  Metal1 ( 1H) |        655|  979|        357  ( 36.5%)|        622  ( 63.5%)|
#  Metal2 ( 2V) |       3280|  660|        132  ( 20.0%)|        528  ( 80.0%)|
#  Metal3 ( 3H) |       3961|  150|         10  (  6.7%)|        140  ( 93.3%)|
#  Metal4 ( 4V) |       1253|   18|          0  (  0.0%)|         18  (100.0%)|
#  Metal5 ( 5H) |        455|    0|          0  (  0.0%)|          0  (  0.0%)|
#  Metal6 ( 6V) |          0|    0|          0  (  0.0%)|          0  (  0.0%)|
#---------------+-----------+-----+---------------------+---------------------+
#  Total        |       9604| 1807|        499  ( 27.6%)|       1308  ( 72.4%)|
#---------------+-----------+-----+---------------------+---------------------+
#
# Total half perimeter of net bounding box: 9039 um.
#cpu time = 00:00:00, elapsed time = 00:00:00, memory = 2978.96 (MB), peak = 3103.29 (MB)
#
#number of short segments in preferred routing layers
#	
#	
#
#Routing data preparation, pin analysis, global routing and track assignment statistics:
#Cpu time = 00:00:00
#Elapsed time = 00:00:00
#Increased memory = 14.47 (MB)
#Total memory = 2979.03 (MB)
#Peak memory = 3103.29 (MB)
#Using multithreading with 4 threads.
#
#Start Detail Routing..
#start initial detail routing ...
# ECO: 0.00% of the total area was rechecked for DRC, and 100.00% required routing.
#   number of violations = 7
#
#  By Layer and Type:
#
#---------+-------+------+-------+-------+
#  -      | MetSpc| Short| CShort| Totals|
#---------+-------+------+-------+-------+
#  Metal1 |      0|     1|      1|      2|
#  Metal2 |      1|     4|      0|      5|
#  Totals |      1|     5|      1|      7|
#---------+-------+------+-------+-------+
#
#63 out of 313 instances (20.1%) need to be verified(marked ipoed), dirty area = 4.9%.
#0.00% of the total area is being checked for drcs
#0.0% of the total area was checked
#   number of violations = 7
#
#  By Layer and Type:
#
#---------+-------+------+-------+-------+
#  -      | MetSpc| Short| CShort| Totals|
#---------+-------+------+-------+-------+
#  Metal1 |      0|     1|      1|      2|
#  Metal2 |      1|     4|      0|      5|
#  Totals |      1|     5|      1|      7|
#---------+-------+------+-------+-------+
#
#cpu time = 00:00:01, elapsed time = 00:00:00, memory = 2997.63 (MB), peak = 3103.29 (MB)
#start 1st optimization iteration ...
#   number of violations = 0
#cpu time = 00:00:00, elapsed time = 00:00:00, memory = 2995.64 (MB), peak = 3103.29 (MB)
#Complete Detail Routing.
#Total number of nets with non-default rule or having extra spacing = 2
#
#  Routing Statistics
#
#---------------+-----------+-----+---------------------+---------------------+
#  Layer        | Length(um)| Vias|           Single-cut|            Multi-cut|
#---------------+-----------+-----+---------------------+---------------------+
#  Metal1 ( 1H) |        670|  996|        455  ( 45.7%)|        541  ( 54.3%)|
#  Metal2 ( 2V) |       3285|  726|        240  ( 33.1%)|        486  ( 66.9%)|
#  Metal3 ( 3H) |       4080|  161|         28  ( 17.4%)|        133  ( 82.6%)|
#  Metal4 ( 4V) |       1286|   20|          5  ( 25.0%)|         15  ( 75.0%)|
#  Metal5 ( 5H) |        462|    0|          0  (  0.0%)|          0  (  0.0%)|
#  Metal6 ( 6V) |          0|    0|          0  (  0.0%)|          0  (  0.0%)|
#---------------+-----------+-----+---------------------+---------------------+
#  Total        |       9783| 1903|        728  ( 38.3%)|       1175  ( 61.7%)|
#---------------+-----------+-----+---------------------+---------------------+
#
# Total half perimeter of net bounding box: 9039 um.
#Total number of DRC violations = 0
#Total number of process antenna violations = 0
#Total number of net violated process antenna rule = 0
#Cpu time = 00:00:01
#Elapsed time = 00:00:01
#Increased memory = 14.59 (MB)
#Total memory = 2993.62 (MB)
#Peak memory = 3103.29 (MB)
#
#start routing for process antenna violation fix ...
#cpu time = 00:00:00, elapsed time = 00:00:00, memory = 2993.70 (MB), peak = 3103.29 (MB)
#
#Total number of nets with non-default rule or having extra spacing = 2
#
#  Routing Statistics
#
#---------------+-----------+-----+---------------------+---------------------+
#  Layer        | Length(um)| Vias|           Single-cut|            Multi-cut|
#---------------+-----------+-----+---------------------+---------------------+
#  Metal1 ( 1H) |        670|  996|        455  ( 45.7%)|        541  ( 54.3%)|
#  Metal2 ( 2V) |       3285|  726|        240  ( 33.1%)|        486  ( 66.9%)|
#  Metal3 ( 3H) |       4080|  161|         28  ( 17.4%)|        133  ( 82.6%)|
#  Metal4 ( 4V) |       1286|   20|          5  ( 25.0%)|         15  ( 75.0%)|
#  Metal5 ( 5H) |        462|    0|          0  (  0.0%)|          0  (  0.0%)|
#  Metal6 ( 6V) |          0|    0|          0  (  0.0%)|          0  (  0.0%)|
#---------------+-----------+-----+---------------------+---------------------+
#  Total        |       9783| 1903|        728  ( 38.3%)|       1175  ( 61.7%)|
#---------------+-----------+-----+---------------------+---------------------+
#
# Total half perimeter of net bounding box: 9039 um.
#Total number of DRC violations = 0
#Total number of process antenna violations = 0
#Total number of net violated process antenna rule = 0
#
#
#Total number of nets with non-default rule or having extra spacing = 2
#
#  Routing Statistics
#
#---------------+-----------+-----+---------------------+---------------------+
#  Layer        | Length(um)| Vias|           Single-cut|            Multi-cut|
#---------------+-----------+-----+---------------------+---------------------+
#  Metal1 ( 1H) |        670|  996|        455  ( 45.7%)|        541  ( 54.3%)|
#  Metal2 ( 2V) |       3285|  726|        240  ( 33.1%)|        486  ( 66.9%)|
#  Metal3 ( 3H) |       4080|  161|         28  ( 17.4%)|        133  ( 82.6%)|
#  Metal4 ( 4V) |       1286|   20|          5  ( 25.0%)|         15  ( 75.0%)|
#  Metal5 ( 5H) |        462|    0|          0  (  0.0%)|          0  (  0.0%)|
#  Metal6 ( 6V) |          0|    0|          0  (  0.0%)|          0  (  0.0%)|
#---------------+-----------+-----+---------------------+---------------------+
#  Total        |       9783| 1903|        728  ( 38.3%)|       1175  ( 61.7%)|
#---------------+-----------+-----+---------------------+---------------------+
#
# Total half perimeter of net bounding box: 9039 um.
#Total number of DRC violations = 0
#Total number of process antenna violations = 0
#Total number of net violated process antenna rule = 0
#
#
#Start Post Route wire spreading..
#
#Start data preparation for wire spreading...
#
#Data preparation is done on Fri Aug 21 03:19:48 2026
#
#
#Start Post Route Wire Spread.
#Done with 26 horizontal wires in 1 hboxes and 22 vertical wires in 1 hboxes.
#Complete Post Route Wire Spread.
#
#Total number of nets with non-default rule or having extra spacing = 2
#
#  Routing Statistics
#
#---------------+-----------+-----+---------------------+---------------------+
#  Layer        | Length(um)| Vias|           Single-cut|            Multi-cut|
#---------------+-----------+-----+---------------------+---------------------+
#  Metal1 ( 1H) |        670|  996|        455  ( 45.7%)|        541  ( 54.3%)|
#  Metal2 ( 2V) |       3300|  726|        240  ( 33.1%)|        486  ( 66.9%)|
#  Metal3 ( 3H) |       4096|  161|         28  ( 17.4%)|        133  ( 82.6%)|
#  Metal4 ( 4V) |       1290|   20|          5  ( 25.0%)|         15  ( 75.0%)|
#  Metal5 ( 5H) |        462|    0|          0  (  0.0%)|          0  (  0.0%)|
#  Metal6 ( 6V) |          0|    0|          0  (  0.0%)|          0  (  0.0%)|
#---------------+-----------+-----+---------------------+---------------------+
#  Total        |       9819| 1903|        728  ( 38.3%)|       1175  ( 61.7%)|
#---------------+-----------+-----+---------------------+---------------------+
#
# Total half perimeter of net bounding box: 9039 um.
#   number of violations = 0
#cpu time = 00:00:00, elapsed time = 00:00:00, memory = 2994.70 (MB), peak = 3103.29 (MB)
#CELL_VIEW aer_pending_direct_gray_sync_core_reset,init has no DRC violation.
#Total number of DRC violations = 0
#Total number of process antenna violations = 0
#Total number of net violated process antenna rule = 0
#Post Route wire spread is done.
#Total number of nets with non-default rule or having extra spacing = 2
#
#  Routing Statistics
#
#---------------+-----------+-----+---------------------+---------------------+
#  Layer        | Length(um)| Vias|           Single-cut|            Multi-cut|
#---------------+-----------+-----+---------------------+---------------------+
#  Metal1 ( 1H) |        670|  996|        455  ( 45.7%)|        541  ( 54.3%)|
#  Metal2 ( 2V) |       3300|  726|        240  ( 33.1%)|        486  ( 66.9%)|
#  Metal3 ( 3H) |       4096|  161|         28  ( 17.4%)|        133  ( 82.6%)|
#  Metal4 ( 4V) |       1290|   20|          5  ( 25.0%)|         15  ( 75.0%)|
#  Metal5 ( 5H) |        462|    0|          0  (  0.0%)|          0  (  0.0%)|
#  Metal6 ( 6V) |          0|    0|          0  (  0.0%)|          0  (  0.0%)|
#---------------+-----------+-----+---------------------+---------------------+
#  Total        |       9819| 1903|        728  ( 38.3%)|       1175  ( 61.7%)|
#---------------+-----------+-----+---------------------+---------------------+
#
# Total half perimeter of net bounding box: 9039 um.
#detailRoute Statistics:
#Cpu time = 00:00:01
#Elapsed time = 00:00:01
#Increased memory = 15.73 (MB)
#Total memory = 2994.77 (MB)
#Peak memory = 3103.29 (MB)
#
#globalDetailRoute statistics:
#Cpu time = 00:00:02
#Elapsed time = 00:00:01
#Increased memory = -155.14 (MB)
#Total memory = 2808.14 (MB)
#Peak memory = 3103.29 (MB)
#Number of warnings = 0
#Total number of warnings = 26
#Number of fails = 0
#Total number of fails = 0
#Complete globalDetailRoute on Fri Aug 21 03:19:49 2026
#
#
#  Scalability Statistics
#
#----------------------------+---------+-------------+------------+
#  globalDetailRoute         | cpu time| elapsed time| scalability|
#----------------------------+---------+-------------+------------+
#  Pre Callback              | 00:00:00|     00:00:00|         1.0|
#  Post Callback             | 00:00:00|     00:00:00|         1.0|
#  Timing Data Generation    | 00:00:00|     00:00:00|         1.0|
#  DB Import                 | 00:00:00|     00:00:00|         1.0|
#  DB Export                 | 00:00:00|     00:00:00|         1.0|
#  Cell Pin Access           | 00:00:00|     00:00:00|         1.0|
#  Data Preparation          | 00:00:00|     00:00:00|         1.0|
#  Global Routing            | 00:00:00|     00:00:00|         1.0|
#  Track Assignment          | 00:00:00|     00:00:00|         1.0|
#  Detail Routing            | 00:00:01|     00:00:01|         1.0|
#  Antenna Fixing            | 00:00:00|     00:00:00|         1.0|
#  Post Route Wire Spreading | 00:00:00|     00:00:00|         1.0|
#  Entire Command            | 00:00:02|     00:00:01|         1.5|
#----------------------------+---------+-------------+------------+
#
*** EcoRoute #1 [finish] (optDesign #3) : cpu/real = 0:00:01.8/0:00:01.2 (1.5), totSession cpu/real = 0:02:09.7/0:03:27.0 (0.6), mem = 3998.2M
**optDesign ... cpu = 0:00:11, real = 0:00:10, mem = 2802.4M, totSessionCpu=0:02:10 **
New Signature Flow (restoreNanoRouteOptions) ....
**INFO: flowCheckPoint #4 PostEcoSummary
Extraction called for design 'aer_pending_direct_gray_sync_core_reset' of instances=313 and nets=370 using extraction engine 'postRoute' at effort level 'low' .
PostRoute (effortLevel low) RC Extraction called for design aer_pending_direct_gray_sync_core_reset.
RC Extraction called in multi-corner(1) mode.
Process corner(s) are loaded.
 Corner: rc_180nm
extractDetailRC Option : -outfile <REMOTE_HOME>/aer_2026/p8dgscr_pnr_180nm_v2/innovus_temp_254741_cf8f1dbd-b95d-4fa8-8c3a-8330fd52273d_<REMOTE_HOST>_<REMOTE_USER>_Ijjls6/aer_pending_direct_gray_sync_core_reset_254741_cf8f1dbd-b95d-4fa8-8c3a-8330fd52273d_sFARAQ.rcdb.d -maxResLength 200  -extended
RC Mode: PostRoute -effortLevel low [Extended CapTable, RC Table Resistances]
      RC Corner Indexes            0   
Capacitance Scaling Factor   : 1.00000 
Coupling Cap. Scaling Factor : 1.00000 
Resistance Scaling Factor    : 1.00000 
Clock Cap. Scaling Factor    : 1.00000 
Clock Res. Scaling Factor    : 1.00000 
Shrink Factor                : 1.00000
Initializing multi-corner capacitance tables ... 
Initializing multi-corner resistance tables ...
Checking LVS Completed (CPU Time= 0:00:00.0  MEM= 3998.2M)
Extracted 10.0527% (CPU Time= 0:00:00.1  MEM= 4014.2M)
Extracted 20.0649% (CPU Time= 0:00:00.1  MEM= 4030.2M)
Extracted 30.077% (CPU Time= 0:00:00.1  MEM= 4030.2M)
Extracted 40.0486% (CPU Time= 0:00:00.1  MEM= 4030.2M)
Extracted 50.0608% (CPU Time= 0:00:00.1  MEM= 4030.2M)
Extracted 60.073% (CPU Time= 0:00:00.1  MEM= 4030.2M)
Extracted 70.0446% (CPU Time= 0:00:00.1  MEM= 4030.2M)
Extracted 80.0567% (CPU Time= 0:00:00.1  MEM= 4030.2M)
Extracted 90.0689% (CPU Time= 0:00:00.1  MEM= 4030.2M)
Extracted 100% (CPU Time= 0:00:00.1  MEM= 4030.2M)
Number of Extracted Resistors     : 4370
Number of Extracted Ground Cap.   : 4722
Number of Extracted Coupling Cap. : 6704
Filtering XCap in 'relativeOnly' mode using values relative_c_threshold=0.03 and total_c_threshold=5fF.
 Corner: rc_180nm
Checking LVS Completed (CPU Time= 0:00:00.0  MEM= 3998.2M)
PostRoute (effortLevel low) RC Extraction DONE (CPU Time: 0:00:00.3  Real Time: 0:00:00.0  MEM: 3998.199M)
**optDesign ... cpu = 0:00:12, real = 0:00:10, mem = 2803.8M, totSessionCpu=0:02:10 **
Starting delay calculation for Setup views
AAE_INFO: opIsDesignInPostRouteState() is 1
AAE_INFO: resetNetProps viewIdx 0 
Starting SI iteration 1 using Infinite Timing Windows
#################################################################################
# Design Stage: PostRoute
# Design Name: aer_pending_direct_gray_sync_core_reset
# Design Mode: 180nm
# Analysis Mode: MMMC OCV 
# Parasitics Mode: SPEF/RCDB 
# Signoff Settings: SI On 
#################################################################################
Start delay calculation (fullDC) (4 T). (MEM=2857.71)
Initializing multi-corner capacitance tables ... 
Initializing multi-corner resistance tables ...
AAE_INFO: 4 threads acquired from CTE.
Total number of fetched objects 368
AAE_INFO: Total number of nets for which stage creation was skipped for all views 0
AAE_INFO-618: Total number of nets in the design is 370,  99.5 percent of the nets selected for SI analysis
End delay calculation. (MEM=2900.33 CPU=0:00:00.2 REAL=0:00:01.0)
End delay calculation (fullDC). (MEM=2900.33 CPU=0:00:00.3 REAL=0:00:01.0)
Save waveform <REMOTE_HOME>/aer_2026/p8dgscr_pnr_180nm_v2/innovus_temp_254741_cf8f1dbd-b95d-4fa8-8c3a-8330fd52273d_<REMOTE_HOST>_<REMOTE_USER>_Ijjls6/.AAE_T1mJXP/.AAE_254741_cf8f1dbd-b95d-4fa8-8c3a-8330fd52273d/waveform.data...
Loading CTE timing window with TwFlowType 0...(CPU = 0:00:00.0, REAL = 0:00:00.0, MEM = 2902.8M)
Add other clocks and setupCteToAAEClockMapping during iter 1
Loading CTE timing window is completed (CPU = 0:00:00.0, REAL = 0:00:00.0, MEM = 2902.9M)
Starting SI iteration 2
Start delay calculation (fullDC) (4 T). (MEM=2925.1)
Glitch Analysis: View setup_view -- Total Number of Nets Skipped = 0. 
Glitch Analysis: View setup_view -- Total Number of Nets Analyzed = 368. 
Total number of fetched objects 368
AAE_INFO: Total number of nets for which stage creation was skipped for all views 0
AAE_INFO-618: Total number of nets in the design is 370,  0.3 percent of the nets selected for SI analysis
End delay calculation. (MEM=2938.1 CPU=0:00:00.0 REAL=0:00:00.0)
End delay calculation (fullDC). (MEM=2938.1 CPU=0:00:00.0 REAL=0:00:00.0)
*** Done Building Timing Graph (cpu=0:00:01.3 real=0:00:01.0 totSessionCpu=0:02:11 mem=3999.9M)
** INFO: Initializing Glitch Interface

OptSummary:

------------------------------------------------------------------
       Post-ecoRoute Summary
------------------------------------------------------------------

Setup views included:
 setup_view 

+--------------------+---------+---------+---------+
|     Setup mode     |   all   | reg2reg | default |
+--------------------+---------+---------+---------+
|           WNS (ns):|  0.201  |  3.235  |  0.201  |
|           TNS (ns):|  0.000  |  0.000  |  0.000  |
|    Violating Paths:|    0    |    0    |    0    |
|          All Paths:|   97    |   57    |   65    |
+--------------------+---------+---------+---------+

+----------------+-------------------------------+------------------+
|                |              Real             |       Total      |
|    DRVs        +------------------+------------+------------------|
|                |  Nr nets(terms)  | Worst Vio  |  Nr nets(terms)  |
+----------------+------------------+------------+------------------+
|   max_cap      |      0 (0)       |   0.000    |      0 (0)       |
|   max_tran     |      0 (0)       |   0.000    |      0 (0)       |
|   max_fanout   |      2 (2)       |    -10     |      3 (3)       |
|   max_length   |      0 (0)       |     0      |      0 (0)       |
+----------------+------------------+------------+------------------+

Density: 71.938%
------------------------------------------------------------------
**optDesign ... cpu = 0:00:13, real = 0:00:11, mem = 2931.1M, totSessionCpu=0:02:11 **
Executing marking Critical Nets1
** INFO: Initializing Glitch Interface
** INFO: Initializing Glitch Cache
GigaOpt: LEF-safe TNS opt is disabled in the current flow
**INFO: flowCheckPoint #5 OptimizationRecovery
Running postRoute recovery in postEcoRoute mode
**optDesign ... cpu = 0:00:13, real = 0:00:11, mem = 2931.1M, totSessionCpu=0:02:12 **
** INFO: Initializing Glitch Interface
Checking setup slack degradation ...
Checking DRV degradation...
**INFO: Skipping DRV recovery as drv did not degrade beyond margin
** INFO Cleaning up Glitch Interface
Finish postRoute recovery in postEcoRoute mode (cpu=0:00:00, real=0:00:00, mem=4295.96M, totSessionCpu=0:02:12).
**optDesign ... cpu = 0:00:13, real = 0:00:11, mem = 2931.1M, totSessionCpu=0:02:12 **

Latch borrow mode reset to max_borrow
**INFO: flowCheckPoint #6 FinalSummary
OPTC: user 20.0
Reported timing to dir ./timingReports
**optDesign ... cpu = 0:00:13, real = 0:00:11, mem = 2928.7M, totSessionCpu=0:02:12 **
Saving timing graph ...
Done save timing graph
Starting delay calculation for Hold views
AAE_INFO: opIsDesignInPostRouteState() is 1
AAE_INFO: resetNetProps viewIdx 1 
Starting SI iteration 1 using Infinite Timing Windows
#################################################################################
# Design Stage: PostRoute
# Design Name: aer_pending_direct_gray_sync_core_reset
# Design Mode: 180nm
# Analysis Mode: MMMC OCV 
# Parasitics Mode: SPEF/RCDB 
# Signoff Settings: SI On 
#################################################################################
Start delay calculation (fullDC) (4 T). (MEM=3029.13)
*** Calculating scaling factor for libs_fast libraries using the default operating condition of each library.
Total number of fetched objects 368
AAE_INFO: Total number of nets for which stage creation was skipped for all views 0
AAE_INFO-618: Total number of nets in the design is 370,  99.5 percent of the nets selected for SI analysis
End delay calculation. (MEM=3052.27 CPU=0:00:00.2 REAL=0:00:00.0)
End delay calculation (fullDC). (MEM=3052.27 CPU=0:00:00.2 REAL=0:00:00.0)
Save waveform <REMOTE_HOME>/aer_2026/p8dgscr_pnr_180nm_v2/innovus_temp_254741_cf8f1dbd-b95d-4fa8-8c3a-8330fd52273d_<REMOTE_HOST>_<REMOTE_USER>_Ijjls6/.AAE_T1mJXP/.AAE_254741_cf8f1dbd-b95d-4fa8-8c3a-8330fd52273d/waveform.data...
Loading CTE timing window with TwFlowType 0...(CPU = 0:00:00.0, REAL = 0:00:00.0, MEM = 3052.8M)
Add other clocks and setupCteToAAEClockMapping during iter 1
Loading CTE timing window is completed (CPU = 0:00:00.0, REAL = 0:00:00.0, MEM = 3052.8M)
Starting SI iteration 2
Start delay calculation (fullDC) (4 T). (MEM=2924.79)
Glitch Analysis: View hold_view -- Total Number of Nets Skipped = 0. 
Glitch Analysis: View hold_view -- Total Number of Nets Analyzed = 368. 
Total number of fetched objects 368
AAE_INFO: Total number of nets for which stage creation was skipped for all views 0
AAE_INFO-618: Total number of nets in the design is 370,  5.4 percent of the nets selected for SI analysis
End delay calculation. (MEM=2934.8 CPU=0:00:00.0 REAL=0:00:00.0)
End delay calculation (fullDC). (MEM=2934.8 CPU=0:00:00.0 REAL=0:00:00.0)
*** Done Building Timing Graph (cpu=0:00:01.3 real=0:00:01.0 totSessionCpu=0:02:14 mem=3999.9M)
Restoring timing graph ...
AAE_INFO: Resetting and re-constructing cache for AAE clocks ...
Done restore timing graph
** INFO: Initializing Glitch Interface
** INFO: Initializing Glitch Interface

OptSummary:

------------------------------------------------------------------
     optDesign Final SI Timing Summary
------------------------------------------------------------------

Setup views included:
 setup_view 
Hold views included:
 hold_view 

+--------------------+---------+---------+---------+
|     Setup mode     |   all   | reg2reg | default |
+--------------------+---------+---------+---------+
|           WNS (ns):|  0.201  |  3.235  |  0.201  |
|           TNS (ns):|  0.000  |  0.000  |  0.000  |
|    Violating Paths:|    0    |    0    |    0    |
|          All Paths:|   97    |   57    |   65    |
+--------------------+---------+---------+---------+

+--------------------+---------+---------+---------+
|     Hold mode      |   all   | reg2reg | default |
+--------------------+---------+---------+---------+
|           WNS (ns):|  0.028  |  0.028  |  0.043  |
|           TNS (ns):|  0.000  |  0.000  |  0.000  |
|    Violating Paths:|    0    |    0    |    0    |
|          All Paths:|   97    |   74    |   48    |
+--------------------+---------+---------+---------+

+----------------+-------------------------------+------------------+
|                |              Real             |       Total      |
|    DRVs        +------------------+------------+------------------|
|                |  Nr nets(terms)  | Worst Vio  |  Nr nets(terms)  |
+----------------+------------------+------------+------------------+
|   max_cap      |      0 (0)       |   0.000    |      0 (0)       |
|   max_tran     |      0 (0)       |   0.000    |      0 (0)       |
|   max_fanout   |      2 (2)       |    -10     |      3 (3)       |
|   max_length   |      0 (0)       |     0      |      0 (0)       |
+----------------+------------------+------------+------------------+

Density: 71.938%
------------------------------------------------------------------
Begin: Collecting metrics
 ---------------------------------------------------------------------------------------------------------------------- 
| Snapshot           | WNS                  | TNS                  | Density (%) | Resource               | DRVs       |
|                    | HEPG (ns) | ALL (ns) | HEPG (ns) | ALL (ns) |             | Real (s) | Memory (MB) | Tran | Cap |
|--------------------+-----------+----------+-----------+----------+-------------+----------+-------------+------+-----|
| initial_summary    |     3.236 |    0.361 |           |        0 |       63.88 | 0:00:05  |        3911 |    0 |   0 |
| hold_fixing        |     3.236 |    0.198 |         0 |        0 |       71.94 | 0:00:01  |        4104 |      |     |
| pre_route_summary  |     3.236 |    0.197 |           |        0 |       71.94 | 0:00:00  |        4104 |    0 |   0 |
| eco_route          |           |          |           |          |             | 0:00:02  |        3998 |      |     |
| post_route_summary |     3.235 |    0.201 |           |        0 |       71.94 | 0:00:01  |        4296 |    0 |   0 |
| final_summary      |     3.235 |    0.201 |           |        0 |       71.94 | 0:00:05  |        4303 |    0 |   0 |
 ---------------------------------------------------------------------------------------------------------------------- 
End: Collecting metrics
**optDesign ... cpu = 0:00:17, real = 0:00:17, mem = 2939.3M, totSessionCpu=0:02:16 **
 ReSet Options after AAE Based Opt flow 
Opt: RC extraction mode changed to 'detail'
*** Finished optDesign ***
      flow.cputime  flow.realtime  timing.setup.tns  timing.setup.wns  snapshot
UM:*                                                                   final
      flow.cputime  flow.realtime  timing.setup.tns  timing.setup.wns  snapshot
UM:*                                                                   opt_design_postroute_hold
Info: Summary of CRR changes:
      - Timing transform commits:       0
Info: Destroy the CCOpt slew target map.

*** Summary of all messages that are not suppressed in this session:
Severity  ID               Count  Summary                                  
WARNING   IMPOPT-7320          1  Glitch fixing has been disabled since gl...
WARNING   IMPOPT-7077          1  Some of the LEF equivalent cells have di...
*** Message Summary: 2 warning(s), 0 error(s)

*** optDesign #3 [finish] () : cpu/real = 0:00:17.3/0:00:16.6 (1.0), totSession cpu/real = 0:02:15.9/0:03:34.2 (0.6), mem = 4303.0M
**WARN: (IMPEXT-3493):	The design extraction status has been reset by set_analysis_view/update_rc_corner or setExtractRCMode  command. The parasitic data can be regenerated either by extracting the design using the extractRC command or by loading the SPEF or RCDB file(s). To prevent resetting of the extraction status, avoid changing extraction modes.
Type 'man IMPEXT-3493' for more detail.
Extraction called for design 'aer_pending_direct_gray_sync_core_reset' of instances=313 and nets=370 using extraction engine 'postRoute' at effort level 'low' .
PostRoute (effortLevel low) RC Extraction called for design aer_pending_direct_gray_sync_core_reset.
RC Extraction called in multi-corner(1) mode.
Process corner(s) are loaded.
 Corner: rc_180nm
extractDetailRC Option : -outfile <REMOTE_HOME>/aer_2026/p8dgscr_pnr_180nm_v2/innovus_temp_254741_cf8f1dbd-b95d-4fa8-8c3a-8330fd52273d_<REMOTE_HOST>_<REMOTE_USER>_Ijjls6/aer_pending_direct_gray_sync_core_reset_254741_cf8f1dbd-b95d-4fa8-8c3a-8330fd52273d_sFARAQ.rcdb.d -maxResLength 200  -extended
RC Mode: PostRoute -effortLevel low [Extended CapTable, RC Table Resistances]
      RC Corner Indexes            0   
Capacitance Scaling Factor   : 1.00000 
Coupling Cap. Scaling Factor : 1.00000 
Resistance Scaling Factor    : 1.00000 
Clock Cap. Scaling Factor    : 1.00000 
Clock Res. Scaling Factor    : 1.00000 
Shrink Factor                : 1.00000
Initializing multi-corner capacitance tables ... 
Initializing multi-corner resistance tables ...
Checking LVS Completed (CPU Time= 0:00:00.0  MEM= 4303.0M)
Extracted 10.0527% (CPU Time= 0:00:00.1  MEM= 4335.0M)
Extracted 20.0649% (CPU Time= 0:00:00.1  MEM= 4351.0M)
Extracted 30.077% (CPU Time= 0:00:00.1  MEM= 4351.0M)
Extracted 40.0486% (CPU Time= 0:00:00.1  MEM= 4351.0M)
Extracted 50.0608% (CPU Time= 0:00:00.1  MEM= 4351.0M)
Extracted 60.073% (CPU Time= 0:00:00.1  MEM= 4351.0M)
Extracted 70.0446% (CPU Time= 0:00:00.1  MEM= 4351.0M)
Extracted 80.0567% (CPU Time= 0:00:00.1  MEM= 4351.0M)
Extracted 90.0689% (CPU Time= 0:00:00.1  MEM= 4351.0M)
Extracted 100% (CPU Time= 0:00:00.1  MEM= 4351.0M)
Number of Extracted Resistors     : 4370
Number of Extracted Ground Cap.   : 4722
Number of Extracted Coupling Cap. : 6704
Filtering XCap in 'relativeOnly' mode using values relative_c_threshold=0.03 and total_c_threshold=5fF.
 Corner: rc_180nm
Checking LVS Completed (CPU Time= 0:00:00.0  MEM= 4319.0M)
PostRoute (effortLevel low) RC Extraction DONE (CPU Time: 0:00:00.3  Real Time: 0:00:00.0  MEM: 4318.992M)
AAE_INFO: opIsDesignInPostRouteState() is 1
AAE_INFO: resetNetProps viewIdx 0 
Starting SI iteration 1 using Infinite Timing Windows
#################################################################################
# Design Stage: PostRoute
# Design Name: aer_pending_direct_gray_sync_core_reset
# Design Mode: 180nm
# Analysis Mode: MMMC OCV 
# Parasitics Mode: SPEF/RCDB 
# Signoff Settings: SI On 
#################################################################################
Start delay calculation (fullDC) (4 T). (MEM=2779.03)
*** Calculating scaling factor for libs_slow libraries using the default operating condition of each library.
Initializing multi-corner capacitance tables ... 
Initializing multi-corner resistance tables ...
Total number of fetched objects 368
AAE_INFO: Total number of nets for which stage creation was skipped for all views 0
AAE_INFO-618: Total number of nets in the design is 370,  99.5 percent of the nets selected for SI analysis
End delay calculation. (MEM=2800.29 CPU=0:00:00.2 REAL=0:00:00.0)
End delay calculation (fullDC). (MEM=2800.29 CPU=0:00:00.3 REAL=0:00:00.0)
Save waveform <REMOTE_HOME>/aer_2026/p8dgscr_pnr_180nm_v2/innovus_temp_254741_cf8f1dbd-b95d-4fa8-8c3a-8330fd52273d_<REMOTE_HOST>_<REMOTE_USER>_Ijjls6/.AAE_T1mJXP/.AAE_254741_cf8f1dbd-b95d-4fa8-8c3a-8330fd52273d/waveform.data...
Loading CTE timing window with TwFlowType 0...(CPU = 0:00:00.0, REAL = 0:00:00.0, MEM = 2838.4M)
Add other clocks and setupCteToAAEClockMapping during iter 1
Loading CTE timing window is completed (CPU = 0:00:00.0, REAL = 0:00:00.0, MEM = 2838.7M)
Starting SI iteration 2
Start delay calculation (fullDC) (4 T). (MEM=2877.66)
Glitch Analysis: View setup_view -- Total Number of Nets Skipped = 0. 
Glitch Analysis: View setup_view -- Total Number of Nets Analyzed = 368. 
Total number of fetched objects 368
AAE_INFO: Total number of nets for which stage creation was skipped for all views 0
AAE_INFO-618: Total number of nets in the design is 370,  0.3 percent of the nets selected for SI analysis
End delay calculation. (MEM=2884.87 CPU=0:00:00.0 REAL=0:00:00.0)
End delay calculation (fullDC). (MEM=2884.87 CPU=0:00:00.1 REAL=0:00:00.0)
AAE_INFO: opIsDesignInPostRouteState() is 1
AAE_INFO: resetNetProps viewIdx 1 
Starting SI iteration 1 using Infinite Timing Windows
#################################################################################
# Design Stage: PostRoute
# Design Name: aer_pending_direct_gray_sync_core_reset
# Design Mode: 180nm
# Analysis Mode: MMMC OCV 
# Parasitics Mode: SPEF/RCDB 
# Signoff Settings: SI On 
#################################################################################
Start delay calculation (fullDC) (4 T). (MEM=2819.14)
*** Calculating scaling factor for libs_fast libraries using the default operating condition of each library.
Total number of fetched objects 368
AAE_INFO: Total number of nets for which stage creation was skipped for all views 0
AAE_INFO-618: Total number of nets in the design is 370,  99.5 percent of the nets selected for SI analysis
End delay calculation. (MEM=2858.84 CPU=0:00:00.2 REAL=0:00:00.0)
End delay calculation (fullDC). (MEM=2858.84 CPU=0:00:00.2 REAL=0:00:00.0)
Save waveform <REMOTE_HOME>/aer_2026/p8dgscr_pnr_180nm_v2/innovus_temp_254741_cf8f1dbd-b95d-4fa8-8c3a-8330fd52273d_<REMOTE_HOST>_<REMOTE_USER>_Ijjls6/.AAE_T1mJXP/.AAE_254741_cf8f1dbd-b95d-4fa8-8c3a-8330fd52273d/waveform.data...
Loading CTE timing window with TwFlowType 0...(CPU = 0:00:00.0, REAL = 0:00:00.0, MEM = 2860.3M)
Add other clocks and setupCteToAAEClockMapping during iter 1
Loading CTE timing window is completed (CPU = 0:00:00.0, REAL = 0:00:00.0, MEM = 2860.6M)
Starting SI iteration 2
Start delay calculation (fullDC) (4 T). (MEM=2871.77)
Glitch Analysis: View hold_view -- Total Number of Nets Skipped = 0. 
Glitch Analysis: View hold_view -- Total Number of Nets Analyzed = 368. 
Total number of fetched objects 368
AAE_INFO: Total number of nets for which stage creation was skipped for all views 0
AAE_INFO-618: Total number of nets in the design is 370,  5.4 percent of the nets selected for SI analysis
End delay calculation. (MEM=2877.68 CPU=0:00:00.0 REAL=0:00:00.0)
End delay calculation (fullDC). (MEM=2877.68 CPU=0:00:00.0 REAL=0:00:00.0)

Power Net Detected:
        Voltage	    Name
             0V	    VSS
          1.62V	    VDD
Using Power View: setup_view.
AAE_INFO: opIsDesignInPostRouteState() is 1
AAE_INFO: resetNetProps viewIdx 0 
Starting SI iteration 1 using Infinite Timing Windows
#################################################################################
# Design Stage: PostRoute
# Design Name: aer_pending_direct_gray_sync_core_reset
# Design Mode: 180nm
# Analysis Mode: MMMC OCV 
# Parasitics Mode: SPEF/RCDB 
# Signoff Settings: SI On 
#################################################################################
Start delay calculation (fullDC) (4 T). (MEM=2827.05)
*** Calculating scaling factor for libs_slow libraries using the default operating condition of each library.
Total number of fetched objects 368
AAE_INFO: Total number of nets for which stage creation was skipped for all views 0
AAE_INFO-618: Total number of nets in the design is 370,  99.5 percent of the nets selected for SI analysis
End delay calculation. (MEM=2860.65 CPU=0:00:00.2 REAL=0:00:00.0)
End delay calculation (fullDC). (MEM=2860.65 CPU=0:00:00.2 REAL=0:00:01.0)
Save waveform <REMOTE_HOME>/aer_2026/p8dgscr_pnr_180nm_v2/innovus_temp_254741_cf8f1dbd-b95d-4fa8-8c3a-8330fd52273d_<REMOTE_HOST>_<REMOTE_USER>_Ijjls6/.AAE_T1mJXP/.AAE_254741_cf8f1dbd-b95d-4fa8-8c3a-8330fd52273d/waveform.data...
Loading CTE timing window with TwFlowType 0...(CPU = 0:00:00.0, REAL = 0:00:00.0, MEM = 2863.1M)
Add other clocks and setupCteToAAEClockMapping during iter 1
Loading CTE timing window is completed (CPU = 0:00:00.0, REAL = 0:00:00.0, MEM = 2863.2M)
Starting SI iteration 2
Start delay calculation (fullDC) (4 T). (MEM=2891.54)
Glitch Analysis: View setup_view -- Total Number of Nets Skipped = 0. 
Glitch Analysis: View setup_view -- Total Number of Nets Analyzed = 368. 
Total number of fetched objects 368
AAE_INFO: Total number of nets for which stage creation was skipped for all views 0
AAE_INFO-618: Total number of nets in the design is 370,  0.3 percent of the nets selected for SI analysis
End delay calculation. (MEM=2900.35 CPU=0:00:00.0 REAL=0:00:00.0)
End delay calculation (fullDC). (MEM=2900.35 CPU=0:00:00.0 REAL=0:00:00.0)
Load RC corner of view setup_view

Begin Power Analysis

             0V	    VSS
          1.62V	    VDD

Begin Processing Timing Library for Power Calculation

Ended Processing Timing Library for Power Calculation: (cpu=0:00:00, real=0:00:00, mem(process/total/peak)=2891.94MB/6364.19MB/2966.26MB)



Begin Processing Power Net/Grid for Power Calculation

Ended Processing Power Net/Grid for Power Calculation: (cpu=0:00:00, real=0:00:00, mem(process/total/peak)=2891.99MB/6364.19MB/2966.26MB)

Begin Processing Timing Window Data for Power Calculation

clk(100MHz) CK: assigning clock clk to net clk
Ended Processing Timing Window Data for Power Calculation: (cpu=0:00:00, real=0:00:00, mem(process/total/peak)=2895.82MB/6628.21MB/2966.26MB)

Begin Processing User Attributes

Ended Processing User Attributes: (cpu=0:00:00, real=0:00:00, mem(process/total/peak)=2895.91MB/6628.21MB/2966.26MB)

Begin Processing Signal Activity


Starting Levelizing
2026-Aug-21 03:19:59 (2026-Aug-20 18:19:59 GMT)
2026-Aug-21 03:19:59 (2026-Aug-20 18:19:59 GMT): 10%
2026-Aug-21 03:19:59 (2026-Aug-20 18:19:59 GMT): 20%
2026-Aug-21 03:19:59 (2026-Aug-20 18:19:59 GMT): 30%
2026-Aug-21 03:19:59 (2026-Aug-20 18:19:59 GMT): 40%
2026-Aug-21 03:19:59 (2026-Aug-20 18:19:59 GMT): 50%
2026-Aug-21 03:19:59 (2026-Aug-20 18:19:59 GMT): 60%
2026-Aug-21 03:19:59 (2026-Aug-20 18:19:59 GMT): 70%
2026-Aug-21 03:19:59 (2026-Aug-20 18:19:59 GMT): 80%
2026-Aug-21 03:19:59 (2026-Aug-20 18:19:59 GMT): 90%

Finished Levelizing
2026-Aug-21 03:19:59 (2026-Aug-20 18:19:59 GMT)

Starting Activity Propagation
2026-Aug-21 03:19:59 (2026-Aug-20 18:19:59 GMT)
** INFO:  (VOLTUS_POWR-1356): No default input activity has been set. Defaulting to 0.2.
Use 'set_default_switching_activity -input_activity' command to change the default activity value.

2026-Aug-21 03:19:59 (2026-Aug-20 18:19:59 GMT): 10%
2026-Aug-21 03:19:59 (2026-Aug-20 18:19:59 GMT): 20%

Finished Activity Propagation
2026-Aug-21 03:19:59 (2026-Aug-20 18:19:59 GMT)
Ended Processing Signal Activity: (cpu=0:00:00, real=0:00:00, mem(process/total/peak)=2896.19MB/6628.21MB/2966.26MB)

Begin Power Computation

      ----------------------------------------------------------
      # of cell(s) missing both power/leakage table: 0
      # of cell(s) missing power table: 0
      # of cell(s) missing leakage table: 0
      ----------------------------------------------------------



Starting Calculating power
2026-Aug-21 03:19:59 (2026-Aug-20 18:19:59 GMT)
2026-Aug-21 03:19:59 (2026-Aug-20 18:19:59 GMT): 10%
2026-Aug-21 03:19:59 (2026-Aug-20 18:19:59 GMT): 20%
2026-Aug-21 03:19:59 (2026-Aug-20 18:19:59 GMT): 30%
2026-Aug-21 03:19:59 (2026-Aug-20 18:19:59 GMT): 40%
2026-Aug-21 03:19:59 (2026-Aug-20 18:19:59 GMT): 50%
2026-Aug-21 03:19:59 (2026-Aug-20 18:19:59 GMT): 60%
2026-Aug-21 03:19:59 (2026-Aug-20 18:19:59 GMT): 70%
2026-Aug-21 03:19:59 (2026-Aug-20 18:19:59 GMT): 80%
2026-Aug-21 03:19:59 (2026-Aug-20 18:19:59 GMT): 90%

Finished Calculating power
2026-Aug-21 03:19:59 (2026-Aug-20 18:19:59 GMT)
      # of MSMV cell(s) missing power_level: 0
Ended Power Computation: (cpu=0:00:00, real=0:00:00, mem(process/total/peak)=2900.61MB/6668.23MB/2966.26MB)

Begin Processing User Attributes

Begin Processing set_power
Ended Processing set_power: (cpu=0:00:00, real=0:00:00,
mem(process/total/peak)=2900.61MB/6668.23MB/2966.26MB)
Ended Processing User Attributes: (cpu=0:00:00, real=0:00:00, mem(process/total/peak)=2900.67MB/6668.23MB/2966.26MB)

Ended Power Analysis: (cpu=0:00:00, real=0:00:00, mem(process/total/peak)=2900.68MB/6668.23MB/2966.26MB)

Begin Boundary Leakage Calculation
Ended Boundary Leakage Calculation: (cpu=0:00:00, real=0:00:00,
mem(process/total/peak)=2900.76MB/6668.23MB/2966.26MB)
Begin Static Power Report Generation
*



Total Power
-----------------------------------------------------------------------------------------
Total Internal Power:        0.63138513 	   77.2848%
Total Switching Power:       0.18531180 	   22.6831%
Total Leakage Power:         0.00026221 	    0.0321%
Total Power:                 0.81695915
-----------------------------------------------------------------------------------------
** INFO:  (VOLTUS_POWR-3465): There are 0 decaps and 0 fillers in the design

Ended Static Power Report Generation: (cpu=0:00:00, real=0:00:00,
mem(process/total/peak)=2901.09MB/6668.23MB/2966.26MB)


Output file is <REMOTE_HOME>/aer_2026/p8dgscr_pnr_180nm_v2/reports/p8dgscr_pnr/postroute_power.rpt
#-check_same_via_cell true               # bool, default=false, user setting
#-report <REMOTE_HOME>/aer_2026/p8dgscr_pnr_180nm_v2/reports/p8dgscr_pnr/postroute_drc.rpt # string, default="", user setting
 *** Starting Verify DRC (MEM: 4304.0) ***

  VERIFY DRC ...... Starting Verification
  VERIFY DRC ...... Initializing
  VERIFY DRC ...... Deleting Existing Violations
  VERIFY DRC ...... Creating Sub-Areas
**WARN: (IMPVFG-1198):	The number of CPUs requested 4 is larger than that verify_drc used 1. In Multithreading mode, the number of CPUs verify_drc used is not larger than the number of subareas.
 Use 'setMultiCpuUsage -localCpu' to specify the less cup number if the verify area is not large.
  VERIFY DRC ...... Using new threading
  VERIFY DRC ...... Sub-Area: {0.000 0.000 146.520 141.120} 1 of 1
  VERIFY DRC ...... Sub-Area : 1 complete 0 Viols.

  Verification Complete : 0 Viols.

 *** End Verify DRC (CPU TIME: 0:00:00.1  ELAPSED TIME: 0:00:00.0  MEM: 264.1M) ***

VERIFY_CONNECTIVITY use new engine.

******** Start: VERIFY CONNECTIVITY ********
Start Time: Fri Aug 21 03:19:59 2026

Design Name: aer_pending_direct_gray_sync_core_reset
Database Units: 2000
Design Boundary: (0.0000, 0.0000) (146.5200, 141.1200)
Error Limit = 1000; Warning Limit = 50
Check specified nets
Use 4 pthreads

Begin Summary 
  Found no problems or warnings.
End Summary

End Time: Fri Aug 21 03:19:59 2026
Time Elapsed: 0:00:00.0

******** End: VERIFY CONNECTIVITY ********
  Verification Complete : 0 Viols.  0 Wrngs.
  (CPU Time: 0:00:00.0  MEM: 30.012M)

Updating ideal nets and annotations...
Clock tree spec update: Ideal nets, transition and delay annotations were updated to match active timing constraints.
Updating ideal nets and annotations done. (took cpu=0:00:00.0 real=0:00:00.0)
No differences between SDC and CTS ideal net status found.
Clock tree timing engine global stage delay update for corner_slow:setup.early...
Clock tree timing engine global stage delay update for corner_slow:setup.early done. (took cpu=0:00:00.0 real=0:00:00.0)
Clock tree timing engine global stage delay update for corner_slow:setup.late...
Clock tree timing engine global stage delay update for corner_slow:setup.late done. (took cpu=0:00:00.0 real=0:00:00.0)
Clock tree timing engine global stage delay update for corner_fast:hold.early...
Clock tree timing engine global stage delay update for corner_fast:hold.early done. (took cpu=0:00:00.0 real=0:00:00.0)
Clock tree timing engine global stage delay update for corner_fast:hold.late...
Clock tree timing engine global stage delay update for corner_fast:hold.late done. (took cpu=0:00:00.0 real=0:00:00.0)
Writing DEF file '<REMOTE_HOME>/aer_2026/p8dgscr_pnr_180nm_v2/outputs/p8dgscr_pnr/aer_pending_direct_gray_sync_core_reset_postroute.def', current time is Fri Aug 21 03:19:59 2026 ...
unitPerMicron=2000, dbgMicronPerDBU=0.000500, unitPerDBU=1.000000
DEF file '<REMOTE_HOME>/aer_2026/p8dgscr_pnr_180nm_v2/outputs/p8dgscr_pnr/aer_pending_direct_gray_sync_core_reset_postroute.def' is written, current time is Fri Aug 21 03:19:59 2026 ...
Writing Netlist "<REMOTE_HOME>/aer_2026/p8dgscr_pnr_180nm_v2/outputs/p8dgscr_pnr/aer_pending_direct_gray_sync_core_reset_postroute.v" ...
**WARN: (SDF-808):	The software is currently operating in a high performance mode which optimizes the handling of multiple timing arcs between input and output pin pairs. With the current settings, the SDF file generated will contain the same delay information for all of these arcs. To have the SDF recalculated with explicit pin pair data, you should use the option '-recompute_delay_calc'. This setting is recommended for generating SDF for functional  simulation applications.
AAE_INFO: opIsDesignInPostRouteState() is 1
AAE_INFO: resetNetProps viewIdx 0 
AAE_INFO: resetNetProps viewIdx 1 
Starting SI iteration 1 using Infinite Timing Windows
#################################################################################
# Design Stage: PostRoute
# Design Name: aer_pending_direct_gray_sync_core_reset
# Design Mode: 180nm
# Analysis Mode: MMMC OCV 
# Parasitics Mode: SPEF/RCDB 
# Signoff Settings: SI On 
#################################################################################
Start delay calculation (fullDC) (4 T). (MEM=2871)
Total number of fetched objects 368
AAE_INFO: Total number of nets for which stage creation was skipped for all views 0
AAE_INFO-618: Total number of nets in the design is 370,  99.5 percent of the nets selected for SI analysis
Total number of fetched objects 368
AAE_INFO: Total number of nets for which stage creation was skipped for all views 0
AAE_INFO-618: Total number of nets in the design is 370,  99.5 percent of the nets selected for SI analysis
End delay calculation. (MEM=2913.14 CPU=0:00:00.3 REAL=0:00:00.0)
End delay calculation (fullDC). (MEM=2913.14 CPU=0:00:00.3 REAL=0:00:00.0)
Save waveform <REMOTE_HOME>/aer_2026/p8dgscr_pnr_180nm_v2/innovus_temp_254741_cf8f1dbd-b95d-4fa8-8c3a-8330fd52273d_<REMOTE_HOST>_<REMOTE_USER>_Ijjls6/.AAE_T1mJXP/.AAE_254741_cf8f1dbd-b95d-4fa8-8c3a-8330fd52273d/waveform.data...
Loading CTE timing window with TwFlowType 0...(CPU = 0:00:00.0, REAL = 0:00:00.0, MEM = 2914.0M)
Add other clocks and setupCteToAAEClockMapping during iter 1
Loading CTE timing window is completed (CPU = 0:00:00.0, REAL = 0:00:00.0, MEM = 2914.0M)
Starting SI iteration 2
Start delay calculation (fullDC) (4 T). (MEM=2931.51)
Glitch Analysis: View setup_view -- Total Number of Nets Skipped = 0. 
Glitch Analysis: View setup_view -- Total Number of Nets Analyzed = 0. 
Total number of fetched objects 368
AAE_INFO: Total number of nets for which stage creation was skipped for all views 0
AAE_INFO-618: Total number of nets in the design is 370,  0.3 percent of the nets selected for SI analysis
Glitch Analysis: View hold_view -- Total Number of Nets Skipped = 0. 
Glitch Analysis: View hold_view -- Total Number of Nets Analyzed = 368. 
Total number of fetched objects 368
AAE_INFO: Total number of nets for which stage creation was skipped for all views 0
AAE_INFO-618: Total number of nets in the design is 370,  5.7 percent of the nets selected for SI analysis
End delay calculation. (MEM=2954.14 CPU=0:00:00.1 REAL=0:00:00.0)
End delay calculation (fullDC). (MEM=2954.14 CPU=0:00:00.1 REAL=0:00:00.0)
RC Out has the following PVT Info:
   RC-typical 
Dumping Spef file.....
Printing D_NET...
rcOut completed:: 10 % rcOut completed:: 20 % rcOut completed:: 30 % rcOut completed:: 40 % rcOut completed:: 50 % rcOut completed:: 60 % rcOut completed:: 70 % rcOut completed:: 80 % rcOut completed:: 90 % 
RC Out from RCDB Completed (CPU Time= 0:00:00.1  MEM= 4230.3M)
#% Begin save design ... (date=08/21 03:20:00, mem=2785.6M)
INFO: Current data have to be saved into a temporary db: 'aer_pending_direct_gray_sync_core_reset_postroute.enc.dat.tmp' first. It will be renamed to the correct name 'aer_pending_direct_gray_sync_core_reset_postroute.enc.dat' after the old db was deleted.
% Begin Save ccopt configuration ... (date=08/21 03:20:00, mem=2785.6M)
% End Save ccopt configuration ... (date=08/21 03:20:00, total cpu=0:00:00.0, real=0:00:00.0, peak res=2786.7M, current mem=2786.7M)
% Begin Save netlist data ... (date=08/21 03:20:01, mem=2786.7M)
Writing Binary DB to <REMOTE_HOME>/aer_2026/p8dgscr_pnr_180nm_v2/db/aer_pending_direct_gray_sync_core_reset_postroute.enc.dat.tmp/vbin/aer_pending_direct_gray_sync_core_reset.v.bin in multi-threaded mode...
% End Save netlist data ... (date=08/21 03:20:01, total cpu=0:00:00.0, real=0:00:00.0, peak res=2786.7M, current mem=2786.7M)
Saving symbol-table file in separate thread ...
Saving congestion map file in separate thread ...
Saving congestion map file <REMOTE_HOME>/aer_2026/p8dgscr_pnr_180nm_v2/db/aer_pending_direct_gray_sync_core_reset_postroute.enc.dat.tmp/aer_pending_direct_gray_sync_core_reset.route.congmap.gz ...
% Begin Save AAE data ... (date=08/21 03:20:01, mem=2787.3M)
Saving AAE Data ...
% End Save AAE data ... (date=08/21 03:20:01, total cpu=0:00:00.1, real=0:00:00.0, peak res=2787.3M, current mem=2786.7M)
Saving mode setting ...
**WARN: (IMPMF-5054):	fill_setting_save command is obsolete and should not be used any more. It still works in this release but will be removed in future release. Recommend to use Pegasus metal fill flow which is the replacement.
Saving global file ...
*info - save blackBox cells to lef file <REMOTE_HOME>/aer_2026/p8dgscr_pnr_180nm_v2/db/aer_pending_direct_gray_sync_core_reset_postroute.enc.dat.tmp/aer_pending_direct_gray_sync_core_reset.bbox.lef
Saving Drc markers ...
... No Drc file written since there is no markers found.
% Begin Save routing data ... (date=08/21 03:20:01, mem=2796.4M)
Saving route file ...
*** Completed saveRoute (cpu=0:00:00.0 real=0:00:01.0 mem=4222.3M) ***
% End Save routing data ... (date=08/21 03:20:02, total cpu=0:00:00.0, real=0:00:01.0, peak res=2796.6M, current mem=2796.6M)
Saving special route data file in separate thread ...
Saving PG file in separate thread ...
Saving placement file in separate thread ...
** Saving stdCellPlacement_binary (version# 2) ...
Saving PG file <REMOTE_HOME>/aer_2026/p8dgscr_pnr_180nm_v2/db/aer_pending_direct_gray_sync_core_reset_postroute.enc.dat.tmp/aer_pending_direct_gray_sync_core_reset.pg.gz, version#2, (Created by Innovus v23.14-s088_1 on Fri Aug 21 03:20:02 2026)
Save Adaptive View Pruning View Names to Binary file
TAT_INFO: ::saveSpecialRoute REAL = 0 : CPU = 0 : MEM = 0.
*** Completed savePGFile (cpu=0:00:00.0 real=0:00:00.0 mem=4238.3M) ***
TAT_INFO: ::savePGFile REAL = 0 : CPU = 0 : MEM = 0.
TAT_INFO: ::savePlace REAL = 0 : CPU = 0 : MEM = 0.
Saving property file <REMOTE_HOME>/aer_2026/p8dgscr_pnr_180nm_v2/db/aer_pending_direct_gray_sync_core_reset_postroute.enc.dat.tmp/aer_pending_direct_gray_sync_core_reset.prop
*** Completed saveProperty (cpu=0:00:00.1 real=0:00:00.0 mem=4238.3M) ***
#Saving pin access data to file <REMOTE_HOME>/aer_2026/p8dgscr_pnr_180nm_v2/db/aer_pending_direct_gray_sync_core_reset_postroute.enc.dat.tmp/aer_pending_direct_gray_sync_core_reset.apa ...
#
Saving parasitic data in file '<REMOTE_HOME>/aer_2026/p8dgscr_pnr_180nm_v2/db/aer_pending_direct_gray_sync_core_reset_postroute.enc.dat.tmp/aer_pending_direct_gray_sync_core_reset.rcdb.d' ...
TAT_INFO: ::db::saveSymbolTable REAL = 0 : CPU = 0 : MEM = 0.
TAT_INFO: ::saveCongMap REAL = 0 : CPU = 0 : MEM = 0.
% Begin Save power constraints data ... (date=08/21 03:20:02, mem=2799.9M)
% End Save power constraints data ... (date=08/21 03:20:02, total cpu=0:00:00.0, real=0:00:00.0, peak res=2800.0M, current mem=2800.0M)
Generated self-contained design aer_pending_direct_gray_sync_core_reset_postroute.enc.dat.tmp
#% End save design ... (date=08/21 03:20:03, total cpu=0:00:01.6, real=0:00:03.0, peak res=2801.7M, current mem=2801.7M)

*** Summary of all messages that are not suppressed in this session:
Severity  ID               Count  Summary                                  
WARNING   IMPMF-5054           1  fill_setting_save command is obsolete an...
*** Message Summary: 1 warning(s), 0 error(s)

P8DGSCR_INNOVUS_180NM_DONE

*** Memory Usage v#2 (Current mem = 4230.281M, initial mem = 831.465M) ***
*** Message Summary: 1017 warning(s), 0 error(s)

--- Ending "Innovus" (totcpu=0:02:23, real=0:03:42, mem=4230.3M) ---

