TMPDIR is being set to /tmp/genus_temp_184400_73b88f3c-9b84-4a08-af49-a226c5421fa4_<REMOTE_HOST>_<REMOTE_USER>_OXk2Le
Cadence Genus(TM) Synthesis Solution.
Copyright 2025 Cadence Design Systems, Inc. All rights reserved worldwide.
Cadence and the Cadence logo are registered trademarks and Genus is a trademark
of Cadence Design Systems, Inc. in the United States and other countries.

[02:45:18.377249] Configured Lic search path (23.02-s006): 5280@<LICENSE_SERVER>

Version: 23.14-s090_1, built Wed Feb 26 17:49:50 PST 2025
Options: -batch -files scripts/cadence/p8dgscr_genus_explore.tcl 
Date:    Fri Aug 21 02:45:18 2026
Host:    <REMOTE_HOST> (x86_64 w/Linux 3.10.0-1160.81.1.el7.x86_64) (16cores*64cpus*2physical cpus*Intel(R) Xeon(R) Gold 6246R CPU @ 3.40GHz 36608KB) (1055184748KB)
PID:     184400
OS:      CentOS Linux 7 (Core)

Checking out license: Genus_Synthesis
[02:45:18.439778] Periodic Lic check successful
[02:45:18.439810] Feature usage summary:
[02:45:18.439811] Genus_Synthesis



***********************************************************************************************************
***********************************************************************************************************



Finished executable startup (0 seconds elapsed).

Loading tool scripts...
Finished loading tool scripts (17 seconds elapsed).

#@ Processing -files option
@genus:root: 1> source scripts/cadence/p8dgscr_genus_explore.tcl
#@ Begin verbose source ./scripts/cadence/p8dgscr_genus_explore.tcl
@file(p8dgscr_genus_explore.tcl) 1: set script_dir [file dirname [file normalize [info script]]]
@file(p8dgscr_genus_explore.tcl) 2: set project_root [file normalize [file join $script_dir ../..]]
@file(p8dgscr_genus_explore.tcl) 3: set rtl_file [file join $project_root rtl improved aer_pending_direct_gray_sync_core_reset.sv]
@file(p8dgscr_genus_explore.tcl) 4: set report_dir [file join $project_root reports p8dgscr]
@file(p8dgscr_genus_explore.tcl) 5: set input_dir [file join $project_root inputs]
@file(p8dgscr_genus_explore.tcl) 7: if {![file exists $rtl_file]} {
    error "P8-DG-SCR RTL not found at repo-relative path: $rtl_file"
}
@file(p8dgscr_genus_explore.tcl) 11: set_db init_lib_search_path [list "$::env(HOME)/FPR/lib"]
  Setting attribute of root '/': 'init_lib_search_path' = <REMOTE_HOME>/FPR/lib
@file(p8dgscr_genus_explore.tcl) 12: set_db init_hdl_search_path [list $project_root [file dirname $rtl_file]]
  Setting attribute of root '/': 'init_hdl_search_path' = <REMOTE_HOME>/aer_2026/p8dgscr_pnr_180nm_v2 <REMOTE_HOME>/aer_2026/p8dgscr_pnr_180nm_v2/rtl/improved
@file(p8dgscr_genus_explore.tcl) 13: read_libs typical.lib

  Message Summary for Library typical.lib:
  ****************************************
Warning : Missing clock pin in the sequential cell. [LBR-525]
        : Clock pin absent in sequential cell(s) 'RSLATNX1' (File <REMOTE_HOME>/FPR/lib/typical.lib, Line 147265)
        : Sequential timing checks, such as 'setup_rising' or 'hold_rising', on flop and latch cells require a clock pin. Verify that the 'clock' attribute of the clock pin is set to 'true' or that the clock pin has a 'clocked_on' attribute.
Warning : Missing clock pin in the sequential cell. [LBR-525]
        : Clock pin absent in sequential cell(s) 'RSLATNX2' (File <REMOTE_HOME>/FPR/lib/typical.lib, Line 147568)
Warning : Missing clock pin in the sequential cell. [LBR-525]
        : Clock pin absent in sequential cell(s) 'RSLATNX4' (File <REMOTE_HOME>/FPR/lib/typical.lib, Line 147871)
Warning : Missing clock pin in the sequential cell. [LBR-525]
        : Clock pin absent in sequential cell(s) 'RSLATNXL' (File <REMOTE_HOME>/FPR/lib/typical.lib, Line 148174)
Warning : Missing clock pin in the sequential cell. [LBR-525]
        : Clock pin absent in sequential cell(s) 'RSLATX1' (File <REMOTE_HOME>/FPR/lib/typical.lib, Line 148477)
Warning : Missing clock pin in the sequential cell. [LBR-525]
        : Clock pin absent in sequential cell(s) 'RSLATX2' (File <REMOTE_HOME>/FPR/lib/typical.lib, Line 148841)
Warning : Missing clock pin in the sequential cell. [LBR-525]
        : Clock pin absent in sequential cell(s) 'RSLATX4' (File <REMOTE_HOME>/FPR/lib/typical.lib, Line 149205)
Warning : Missing clock pin in the sequential cell. [LBR-525]
        : Clock pin absent in sequential cell(s) 'RSLATXL' (File <REMOTE_HOME>/FPR/lib/typical.lib, Line 149569)
  Missing clock pin in the sequential cell. [LBR-525]: 8
  Missing a function attribute in the output pin definition. [LBR-518]: 1
  An unsupported construct was detected in this library. [LBR-40]: 1
  ****************************************
 
Info    : Created nominal operating condition. [LBR-412]
        : Operating condition '_nominal_' was created for the PVT values (1.000000, 1.800000, 25.000000) in library 'typical.lib'.
        : The nominal operating condition is represented, either by the nominal PVT values specified in the library source (via nom_process,nom_voltage and nom_temperature respectively), or by the default PVT values (1.0,1.0,1.0).
@file(p8dgscr_genus_explore.tcl) 14: read_hdl -sv $rtl_file
    (* ASYNC_REG = "TRUE" *) logic [1:0] reset_release_q;
       |
Warning : Unused attribute. [VLOGPT-506]
        : Attribute 'ASYNC_REG' in file '<REMOTE_HOME>/aer_2026/p8dgscr_pnr_180nm_v2/rtl/improved/aer_pending_direct_gray_sync_core_reset.sv' on line 21, column 8.
    (* ASYNC_REG = "TRUE" *) logic [15:0] req_meta_q;
       |
Warning : Unused attribute. [VLOGPT-506]
        : Attribute 'ASYNC_REG' in file '<REMOTE_HOME>/aer_2026/p8dgscr_pnr_180nm_v2/rtl/improved/aer_pending_direct_gray_sync_core_reset.sv' on line 32, column 8.
    (* ASYNC_REG = "TRUE" *) logic [15:0] req_sync_q;
       |
Warning : Unused attribute. [VLOGPT-506]
        : Attribute 'ASYNC_REG' in file '<REMOTE_HOME>/aer_2026/p8dgscr_pnr_180nm_v2/rtl/improved/aer_pending_direct_gray_sync_core_reset.sv' on line 33, column 8.
@file(p8dgscr_genus_explore.tcl) 15: elaborate aer_pending_direct_gray_sync_core_reset
Info    : Elaborating Design. [ELAB-1]
        : Elaborating top-level block 'aer_pending_direct_gray_sync_core_reset' from file '<REMOTE_HOME>/aer_2026/p8dgscr_pnr_180nm_v2/rtl/improved/aer_pending_direct_gray_sync_core_reset.sv'.
Info    : Done Elaborating Design. [ELAB-3]
        : Done elaborating 'aer_pending_direct_gray_sync_core_reset'.
Checking for source RTL...
Check completed for source RTL.
Running Unified Mux Engine Tricks...
Completed Unified Mux Engine Tricks

Stage: post_elab
-------------------------------------------------------
| Trick             | Accepts | Rejects | Runtime (s) | 
-------------------------------------------------------
| ume_constant_bmux |       0 |       0 |        0.00 | 
| ume_merge         |       0 |       0 |        0.00 | 
| ume_ssm           |       0 |       0 |        0.00 | 
| ume_cse           |       0 |       0 |        0.00 | 
| ume_shrink        |       0 |       0 |        0.00 | 
| ume_sweep         |       0 |       0 |        0.00 | 
-------------------------------------------------------
Starting optimize datapath shifters [v1.0] (stage: post_elab, startdef: aer_pending_direct_gray_sync_core_reset, recur: true)
Completed optimize datapath shifters (accepts: 0, rejects: 0, runtime: 0.000s)
Starting clip mux common data inputs [v1.0] (stage: post_elab, startdef: aer_pending_direct_gray_sync_core_reset, recur: true)
Completed clip mux common data inputs (accepts: 0, rejects: 0, runtime: 0.000s)
Starting clip the non-user hierarchies [v2.0] (stage: post_elab, startdef: aer_pending_direct_gray_sync_core_reset, recur: true)
Completed clip the non-user hierarchies (accepts: 0, rejects: 0, runtime: 0.000s)
Starting basic netlist cleanup [v1.0] (stage: post_elab, startdef: aer_pending_direct_gray_sync_core_reset, recur: true)
Completed basic netlist cleanup (accepts: 0, rejects: 0, runtime: 0.000s)

Stage: post_elab
--------------------------------------------------------------------
| Transform                      | Accepts | Rejects | Runtime (s) | 
--------------------------------------------------------------------
| hlo_optimize_datapath_shifters |       0 |       0 |        0.00 | 
| hlo_clip_mux_input             |       0 |       0 |        0.00 | 
| hlo_clip                       |       0 |       0 |        0.00 | 
| hlo_cleanup                    |       0 |       0 |        0.00 | 
--------------------------------------------------------------------
UM:   flow.cputime  flow.realtime  timing.setup.tns  timing.setup.wns  snapshot
UM:*                                                                   elaborate
@file(p8dgscr_genus_explore.tcl) 16: check_design -unresolved


 	 Check Design Report (c)
	 ------------------- 

  Unresolved References & Empty Modules
  ------------------------------------- 
No unresolved references in design 'aer_pending_direct_gray_sync_core_reset'

No empty modules in design 'aer_pending_direct_gray_sync_core_reset'

  Done Checking the design.
@file(p8dgscr_genus_explore.tcl) 18: set scan_cells [get_db lib_cells *SDFF*]
@file(p8dgscr_genus_explore.tcl) 19: if {[llength $scan_cells] > 0} {
    set_db $scan_cells .avoid true
}
  Setting attribute of lib_cell 'SDFFHQX1': 'avoid' = true
  Setting attribute of lib_cell 'SDFFHQX2': 'avoid' = true
  Setting attribute of lib_cell 'SDFFHQX4': 'avoid' = true
  Setting attribute of lib_cell 'SDFFHQXL': 'avoid' = true
  Setting attribute of lib_cell 'SDFFNRX1': 'avoid' = true
  Setting attribute of lib_cell 'SDFFNRX2': 'avoid' = true
  Setting attribute of lib_cell 'SDFFNRX4': 'avoid' = true
  Setting attribute of lib_cell 'SDFFNRXL': 'avoid' = true
  Setting attribute of lib_cell 'SDFFNSRX1': 'avoid' = true
  Setting attribute of lib_cell 'SDFFNSRX2': 'avoid' = true
  Setting attribute of lib_cell 'SDFFNSRX4': 'avoid' = true
  Setting attribute of lib_cell 'SDFFNSRXL': 'avoid' = true
  Setting attribute of lib_cell 'SDFFNSX1': 'avoid' = true
  Setting attribute of lib_cell 'SDFFNSX2': 'avoid' = true
  Setting attribute of lib_cell 'SDFFNSX4': 'avoid' = true
  Setting attribute of lib_cell 'SDFFNSXL': 'avoid' = true
  Setting attribute of lib_cell 'SDFFNX1': 'avoid' = true
  Setting attribute of lib_cell 'SDFFNX2': 'avoid' = true
  Setting attribute of lib_cell 'SDFFNX4': 'avoid' = true
  Setting attribute of lib_cell 'SDFFNXL': 'avoid' = true
  Setting attribute of lib_cell 'SDFFRHQX1': 'avoid' = true
  Setting attribute of lib_cell 'SDFFRHQX2': 'avoid' = true
  Setting attribute of lib_cell 'SDFFRHQX4': 'avoid' = true
  Setting attribute of lib_cell 'SDFFRHQXL': 'avoid' = true
  Setting attribute of lib_cell 'SDFFRX1': 'avoid' = true
  Setting attribute of lib_cell 'SDFFRX2': 'avoid' = true
  Setting attribute of lib_cell 'SDFFRX4': 'avoid' = true
  Setting attribute of lib_cell 'SDFFRXL': 'avoid' = true
  Setting attribute of lib_cell 'SDFFSHQX1': 'avoid' = true
  Setting attribute of lib_cell 'SDFFSHQX2': 'avoid' = true
  Setting attribute of lib_cell 'SDFFSHQX4': 'avoid' = true
  Setting attribute of lib_cell 'SDFFSHQXL': 'avoid' = true
  Setting attribute of lib_cell 'SDFFSRHQX1': 'avoid' = true
  Setting attribute of lib_cell 'SDFFSRHQX2': 'avoid' = true
  Setting attribute of lib_cell 'SDFFSRHQX4': 'avoid' = true
  Setting attribute of lib_cell 'SDFFSRHQXL': 'avoid' = true
  Setting attribute of lib_cell 'SDFFSRX1': 'avoid' = true
  Setting attribute of lib_cell 'SDFFSRX2': 'avoid' = true
  Setting attribute of lib_cell 'SDFFSRX4': 'avoid' = true
  Setting attribute of lib_cell 'SDFFSRXL': 'avoid' = true
  Setting attribute of lib_cell 'SDFFSX1': 'avoid' = true
  Setting attribute of lib_cell 'SDFFSX2': 'avoid' = true
  Setting attribute of lib_cell 'SDFFSX4': 'avoid' = true
  Setting attribute of lib_cell 'SDFFSXL': 'avoid' = true
  Setting attribute of lib_cell 'SDFFTRX1': 'avoid' = true
  Setting attribute of lib_cell 'SDFFTRX2': 'avoid' = true
  Setting attribute of lib_cell 'SDFFTRX4': 'avoid' = true
  Setting attribute of lib_cell 'SDFFTRXL': 'avoid' = true
  Setting attribute of lib_cell 'SDFFX1': 'avoid' = true
  Setting attribute of lib_cell 'SDFFX2': 'avoid' = true
  Setting attribute of lib_cell 'SDFFX4': 'avoid' = true
  Setting attribute of lib_cell 'SDFFXL': 'avoid' = true
@file(p8dgscr_genus_explore.tcl) 23: create_clock -name clk -period 10.000 [get_ports clk]
  Library has 278 usable logic and 120 usable sequential lib-cells.
@file(p8dgscr_genus_explore.tcl) 27: set_false_path -from [get_ports src_req_async*]
@file(p8dgscr_genus_explore.tcl) 28: set_input_delay 1.000 -clock clk [get_ports out_ready]
@file(p8dgscr_genus_explore.tcl) 29: set_output_delay 1.000 -clock clk [get_ports {src_ack_async* out_addr* out_valid}]
@file(p8dgscr_genus_explore.tcl) 30: set_max_transition 2.000 [current_design]
@file(p8dgscr_genus_explore.tcl) 31: set_max_fanout 16 [current_design]
@file(p8dgscr_genus_explore.tcl) 33: syn_generic
stamp 'PBS_Generic-Start' being created for table 'pbs_debug'

  Total Time (Wall) |  Stage Time (Wall)  |   % (Wall)   |    Date - Time     |  Memory   | Stage
--------------------+---------------------+--------------+--------------------+-----------+----------------------
 00:00:20(00:00:18) |  00:00:00(00:00:00) |   0.0(  0.0) |    2:45:37 (Aug21) |  397.1 MB | PBS_Generic-Start
--------------------+---------------------+--------------+--------------------+-----------+----------------------
Number of threads: 8 * 1   (id: pbs_debug, time_info v1.57)
Info: (*N*) indicates data that was populated from previously saved time_info database
Info: CPU time includes time of parent + longest thread

Stage: pre_early_cg
-----------------------------------------------
| Transform | Accepts | Rejects | Runtime (s) | 
-----------------------------------------------
-----------------------------------------------
Mapping ChipWare ICG instances in aer_pending_direct_gray_sync_core_reset
Found 0 unmapped ChipWare ICG instances
Mapped 0 of 0 ChipWare ICG instances
##Generic Timing Info: typical gate delay  104.7 ps   std_slew:   32.4 ps   std_load:  9.5 fF  for library domain _default_
Starting mux data reorder optimization [v1.0] (stage: pre_to_gen_setup, startdef: aer_pending_direct_gray_sync_core_reset, recur: true)
Completed mux data reorder optimization (accepts: 0, rejects: 0, runtime: 0.000s)

Stage: pre_to_gen_setup
-----------------------------------------------------
| Transform       | Accepts | Rejects | Runtime (s) | 
-----------------------------------------------------
| hlo_mux_reorder |       0 |       0 |        0.00 | 
-----------------------------------------------------
Running DP early constant propagation (netlist aer_pending_direct_gray_sync_core_reset)...
Running DP early redundancy removal
Completed DP early redundancy removal on aer_pending_direct_gray_sync_core_reset (runtime = 0.0s)
Multi-threaded constant propagation [4|0] ...
...done running DP early constant propagation (0 seconds CPU time, 0 seconds wall time, netlist aer_pending_direct_gray_sync_core_reset).
Info    : Synthesizing. [SYNTH-1]
        : Synthesizing 'aer_pending_direct_gray_sync_core_reset' to generic gates using 'medium' effort.
Running Synthesis Turbo Flow Version 3.
Info    : Partition Based Synthesis execution skipped. [PHYS-752]
        : Design size is less than the partition size '100000' for distributed generic optimization to kick in.
Starting mux data reorder optimization [v1.0] (stage: pre_to_gen_setup, startdef: aer_pending_direct_gray_sync_core_reset, recur: true)
Completed mux data reorder optimization (accepts: 0, rejects: 0, runtime: 0.001s)

Stage: pre_to_gen_setup
-----------------------------------------------------
| Transform       | Accepts | Rejects | Runtime (s) | 
-----------------------------------------------------
| hlo_mux_reorder |       0 |       0 |        0.00 | 
-----------------------------------------------------
Starting mux data reorder optimization [v1.0] (stage: post_to_gen_setup, startdef: aer_pending_direct_gray_sync_core_reset, recur: true)
Completed mux data reorder optimization (accepts: 0, rejects: 0, runtime: 0.000s)

Stage: post_to_gen_setup
-----------------------------------------------------
| Transform       | Accepts | Rejects | Runtime (s) | 
-----------------------------------------------------
| hlo_mux_reorder |       0 |       0 |        0.00 | 
-----------------------------------------------------
Running Unified Mux Engine Tricks...
Completed Unified Mux Engine Tricks

Stage: pre_hlo_rtlopt
-----------------------------------------------
| Trick     | Accepts | Rejects | Runtime (s) | 
-----------------------------------------------
| ume_ssm   |       0 |       0 |        0.00 | 
| ume_sweep |       0 |       0 |        0.00 | 
| ume_share |       0 |       0 |        0.00 | 
-----------------------------------------------
Begin SDR optimization CTX_region 
  Setting attribute of root '/': 'hier_sandbox_support_folded' = 1
#Special hiers formed inside aer_pending_direct_gray_sync_core_reset = 0
No special hier is found 
  Setting attribute of root '/': 'hier_sandbox_support_folded' = 0
End SDR optimization CTX_region 
Begin SDR optimization UME_region 
  Setting attribute of root '/': 'hier_sandbox_support_folded' = 1
#Special hiers formed inside aer_pending_direct_gray_sync_core_reset = 0
No special hier is found 
  Setting attribute of root '/': 'hier_sandbox_support_folded' = 0
End SDR optimization UME_region 
Starting timing based select reordering [v1.0] (stage: pre_rtlopt, startdef: aer_pending_direct_gray_sync_core_reset, recur: true)
Completed timing based select reordering (accepts: 0, rejects: 0, runtime: 0.025s)
Starting recase case-box optimization [v1.0] (stage: pre_rtlopt, startdef: aer_pending_direct_gray_sync_core_reset, recur: true)
Completed recase case-box optimization (accepts: 0, rejects: 0, runtime: 0.002s)
Starting infer macro optimization [v1.0] (stage: pre_rtlopt, startdef: aer_pending_direct_gray_sync_core_reset, recur: true)
Completed infer macro optimization (accepts: 0, rejects: 18, runtime: 0.001s)
Starting decode mux sandwich optimization [v2.0] (stage: pre_rtlopt, startdef: aer_pending_direct_gray_sync_core_reset, recur: true)
Completed decode mux sandwich optimization (accepts: 0, rejects: 0, runtime: 0.000s)
Starting decode mux optimization [v1.0] (stage: pre_rtlopt, startdef: aer_pending_direct_gray_sync_core_reset, recur: true)
Completed decode mux optimization (accepts: 0, rejects: 0, runtime: 0.000s)
Starting chop wide muxes [v1.0] (stage: pre_rtlopt, startdef: aer_pending_direct_gray_sync_core_reset, recur: true)
Completed chop wide muxes (accepts: 0, rejects: 0, runtime: 0.000s)
Starting common data mux cascade opt [v1.0] (stage: pre_rtlopt, startdef: aer_pending_direct_gray_sync_core_reset, recur: true)
Completed common data mux cascade opt (accepts: 0, rejects: 0, runtime: 0.000s)
Starting mux input consolidation [v1.0] (stage: pre_rtlopt, startdef: aer_pending_direct_gray_sync_core_reset, recur: true)
Completed mux input consolidation (accepts: 0, rejects: 0, runtime: 0.001s)
Starting constant-data mux optimization [v1.0] (stage: pre_rtlopt, startdef: aer_pending_direct_gray_sync_core_reset, recur: true)
Completed constant-data mux optimization (accepts: 0, rejects: 0, runtime: 0.000s)
Starting chain-to-tree inequality transform [v2.0] (stage: pre_rtlopt, startdef: aer_pending_direct_gray_sync_core_reset, recur: true)
Completed chain-to-tree inequality transform (accepts: 0, rejects: 0, runtime: 0.001s)
Starting reconvergence optimization [v1.0] (stage: pre_rtlopt, startdef: aer_pending_direct_gray_sync_core_reset, recur: true)
Completed reconvergence optimization (accepts: 0, rejects: 0, runtime: 0.000s)
Starting logic restructure optimization [v1.0] (stage: pre_rtlopt, startdef: aer_pending_direct_gray_sync_core_reset, recur: true)
Completed logic restructure optimization (accepts: 0, rejects: 0, runtime: 0.001s)
Starting identity transform [v3.0] (stage: pre_rtlopt, startdef: aer_pending_direct_gray_sync_core_reset, recur: true)
Completed identity transform (accepts: 0, rejects: 1, runtime: 0.000s)
Starting reduce operator chain [v1.0] (stage: pre_rtlopt, startdef: aer_pending_direct_gray_sync_core_reset, recur: true)
Completed reduce operator chain (accepts: 0, rejects: 0, runtime: 0.000s)
Starting common data mux cascade opt [v1.0] (stage: pre_rtlopt, startdef: aer_pending_direct_gray_sync_core_reset, recur: true)
Completed common data mux cascade opt (accepts: 0, rejects: 0, runtime: 0.000s)
Starting mux input consolidation [v1.0] (stage: pre_rtlopt, startdef: aer_pending_direct_gray_sync_core_reset, recur: true)
Completed mux input consolidation (accepts: 0, rejects: 0, runtime: 0.000s)
Starting optimize datapath elements [v1.0] (stage: pre_rtlopt, startdef: aer_pending_direct_gray_sync_core_reset, recur: true)
Completed optimize datapath elements (accepts: 0, rejects: 0, runtime: 0.000s)
Starting datapath recasting [v1.0] (stage: pre_rtlopt, startdef: aer_pending_direct_gray_sync_core_reset, recur: true)
Completed datapath recasting (accepts: 0, rejects: 0, runtime: 0.000s)
Starting word-level redundancy removal [v1.0] (stage: pre_rtlopt, startdef: aer_pending_direct_gray_sync_core_reset, recur: true)
Info    : Setting up the version of high level Redundancy Removal Optimizations. [HLO_RR-1]
        : hlo_rr=1: Enables RRv1, on by default.
Completed word-level redundancy removal (accepts: 0, rejects: 0, runtime: 0.016s)
Starting clip mux common data inputs [v1.0] (stage: pre_rtlopt, startdef: aer_pending_direct_gray_sync_core_reset, recur: true)
Completed clip mux common data inputs (accepts: 0, rejects: 0, runtime: 0.000s)
Starting clip the non-user hierarchies [v2.0] (stage: pre_rtlopt, startdef: aer_pending_direct_gray_sync_core_reset, recur: true)
Completed clip the non-user hierarchies (accepts: 0, rejects: 0, runtime: 0.000s)
Starting basic netlist cleanup [v1.0] (stage: pre_rtlopt, startdef: aer_pending_direct_gray_sync_core_reset, recur: true)
Completed basic netlist cleanup (accepts: 0, rejects: 0, runtime: 0.000s)

Stage: pre_rtlopt
-----------------------------------------------------------------
| Transform                   | Accepts | Rejects | Runtime (s) | 
-----------------------------------------------------------------
| hlo_timing_reorder          |       0 |       0 |        0.03 | 
| hlo_recase_casebox          |       0 |       0 |        0.00 | 
| hlo_infer_macro             |       0 |      18 |        0.00 | 
| hlo_decode_mux_sandwich     |       0 |       0 |        0.00 | 
| hlo_mux_decode              |       0 |       0 |        0.00 | 
| hlo_chop_mux                |       0 |       0 |        0.00 | 
| hlo_mux_cascade_opt         |       0 |       0 |        0.00 | 
| hlo_mux_consolidation       |       0 |       0 |        0.00 | 
| hlo_constant_mux_opt        |       0 |       0 |        0.00 | 
| hlo_inequality_transform    |       0 |       0 |        0.00 | 
| hlo_reconv_opt              |       0 |       0 |        0.00 | 
| hlo_restructure             |       0 |       0 |        0.00 | 
| hlo_identity_transform      |       0 |       1 |        0.00 | 
| hlo_reduce_operator_chain   |       0 |       0 |        0.00 | 
| hlo_mux_cascade_opt         |       0 |       0 |        0.00 | 
| hlo_mux_consolidation       |       0 |       0 |        0.00 | 
| hlo_optimize_datapath       |       0 |       0 |        0.00 | 
| hlo_datapath_recast         |       0 |       0 |        0.00 | 
| hlo_redundancy_removal_word |       0 |       0 |        0.02 | 
| hlo_clip_mux_input          |       0 |       0 |        0.00 | 
| hlo_clip                    |       0 |       0 |        0.00 | 
| hlo_cleanup                 |       0 |       0 |        0.00 | 
-----------------------------------------------------------------
Running Unified Mux Engine Tricks...
Completed Unified Mux Engine Tricks

Stage: post_hlo_rtlopt
----------------------------------------------------------
| Trick                | Accepts | Rejects | Runtime (s) | 
----------------------------------------------------------
| ume_sweep_aggressive |       0 |       0 |        0.00 | 
| ume_runtime          |       0 |       0 |        0.00 | 
----------------------------------------------------------
Number of big hc bmuxes before = 0
Info    : Pre-processed datapath logic. [DPOPT-6]
        : No pre-processing optimizations applied to datapath logic in 'aer_pending_direct_gray_sync_core_reset'.
Info    : Optimizing datapath logic. [DPOPT-1]
        : Optimizing datapath logic in 'aer_pending_direct_gray_sync_core_reset'.
Info    : Implementing datapath configurations. [DPOPT-3]
        : Implementing datapath configurations for 'CDN_DP_region_0_0'
CSAGen Prep Share:0 Re-Write:0 Speculation: 0
CDN_DP_region_0_0 level = 0 loads = 0 drivers = 0
CDN_DP_region_0_0_c0 in aer_pending_direct_gray_sync_core_reset: area: 7263623328 , DP = 8  Mux = 32  other = 44  sg = slow     
    wns: 0  norm_wns:  -1.0000 
    tns:  0
Combined costing for score 0.00 is 0.00
 skipped
CDN_DP_region_0_0_c1 in aer_pending_direct_gray_sync_core_reset: area: 7263623328 , Mux = 32  other = 160  sg = fast     
    wns: 0  norm_wns:  -1.0000 
    tns:  0
Combined costing for score 0.00 is 0.00
 is current best
CDN_DP_region_0_0_c2 in aer_pending_direct_gray_sync_core_reset: area: 7263623328 , Mux = 32  other = 160  sg = very_slow
    wns: 0  norm_wns:  -1.0000 
    tns:  0
Combined costing for score 0.00 is 0.00
 is current best
CDN_DP_region_0_0_c3 in aer_pending_direct_gray_sync_core_reset: area: 7263623328 , Mux = 32  other = 160  sg = very_fast
    wns: 0  norm_wns:  -1.0000 
    tns:  0
Combined costing for score 0.00 is 0.00
 is current best
CDN_DP_region_0_0_c4 in aer_pending_direct_gray_sync_core_reset: area: 7263623328 , Mux = 32  other = 160  sg = very_fast
    wns: 0  norm_wns:  -1.0000 
    tns:  0
Combined costing for score 0.00 is 0.00
 is current best
CDN_DP_region_0_0_c5 in aer_pending_direct_gray_sync_core_reset: area: 7263623328 , Mux = 32  other = 160  sg = very_fast
    wns: 0  norm_wns:  -1.0000 
    tns:  0
Combined costing for score 0.00 is 0.00
 is current best
CDN_DP_region_0_0_c6 in aer_pending_direct_gray_sync_core_reset: area: 7263623328 , Mux = 32  other = 160  sg = very_fast
    wns: 0  norm_wns:  -1.0000 
    tns:  0
Combined costing for score 0.00 is 0.00
 is current best
CDN_DP_region_0_0_c7 in aer_pending_direct_gray_sync_core_reset: area: 7263623328 , Mux = 32  other = 160  sg = very_fast
    wns: 0  norm_wns:  -1.0000 
    tns:  0
Combined costing for score 0.00 is 0.00
 is current best
Best config: CDN_DP_region_0_0_c7 in aer_pending_direct_gray_sync_core_reset: area: 7263623328 , Mux = 32  other = 160  sg = very_fast
    wns: 0  norm_wns:  -1.0000 
    tns:  0
Combined costing for score 0.00 is 0.00
  Smallest config area : 7263623328.  Fastest config wns;  0
##>+----------------------------------------------------------------------------------------------------------------------------------------------------------------+
##>Summary table of configs (Best config is CDN_DP_region_0_0_c7)
##>+----------------------------------------------------------------------------------------------------------------------------------------------------------------+
##>                     0                  1                  2                  3                  4                  5                  6                  7            
##>+----------------------------------------------------------------------------------------------------------------------------------------------------------------+
##>           Area       7263623328         7263623328         7263623328         7263623328         7263623328         7263623328         7263623328         7263623328  
##>            WNS         +7233.00           +7212.40           +7212.40           +7212.40           +7212.40           +7212.40           +7212.40           +7212.40  
##>            TNS                0                  0                  0                  0                  0                  0                  0                  0  
##>    Num Rewrite                0                  0                  0                  0                  0                  0                  0                  0  
##>     Num Factor                0                  0                  0                  0                  0                  0                  0                  0  
##>      Num Share                0                  0                  0                  0                  0                  0                  0                  0  
##>   Num CmultCse                0                  0                  0                  0                  0                  0                  0                  0  
##>   Num Downsize                0                  0                  0                  0                  0                  0                  0                  0  
##>  Num Speculate                0                  0                  0                  0                  0                  0                  0                  0  
##>     Runtime(s)                0                  0                  0                  0                  0                  0                  0                  0  
+----------------------------------------------------------------------------------------------------------------------------------------------------------------+
##>
##>
##>+-----------------------------------------------------------------------------------------------------------------------------------------------------------------------------------------------------+
##>Optimization Step DEBUG Table for config CDN_DP_region_0_0_c7
##>
##>                          Step                        Area   (  % Chg)         WNS (Change)          TNS (Change)                Power   (  % Chg)        Runtime (s)        Comment                   
##>+-----------------------------------------------------------------------------------------------------------------------------------------------------------------------------------------------------+
##>EquationExtraction              START             7263623328 (       )     7233.00 (        )          0 (        )                    0 (       )              
##>                                  END             7263623328 (  +0.00)     7233.00 (   +0.00)          0 (       0)                    0 (  +0.00)           0  
##>createMaxCarrySave              START             7263623328 (  +0.00)     7233.00 (   +0.00)          0 (       0)                    0 (  +0.00)              
##> datapath_rewrite_one_def       START             7263623328 (  +0.00)     7233.00 (   +0.00)          0 (       0)                    0 (  +0.00)              
##>                                  END             7263623328 (  +0.00)     7233.00 (   +0.00)          0 (       0)                    0 (  +0.00)           0  
##> speculate_in_gdef              START             7263623328 (  +0.00)     7233.00 (   +0.00)          0 (       0)                    0 (  +0.00)              
##>  pre_speculate_mux_merge       START             7263623328 (  +0.00)     7233.00 (   +0.00)          0 (       0)                    0 (  +0.00)              
##>                                  END             7263623328 (  +0.00)     7233.00 (   +0.00)          0 (       0)                    0 (  +0.00)           0  
##>                                  END             7263623328 (  +0.00)     7233.00 (   +0.00)          0 (       0)                    0 (  +0.00)           0  
##> csa_opto                       START             7263623328 (  +0.00)     7233.00 (   +0.00)          0 (       0)                    0 (  +0.00)              
##>                                  END             7263623328 (  +0.00)     7233.00 (   +0.00)          0 (       0)                    0 (  +0.00)           0  
##>                                  END             7263623328 (  +0.00)     7233.00 (   +0.00)          0 (       0)                    0 (  +0.00)           0  
##>canonicalize_by_names           START             7263623328 (  +0.00)     7233.00 (   +0.00)          0 (       0)                    0 (  +0.00)              
##>                                  END             7263623328 (  +0.00)     7233.00 (   +0.00)          0 (       0)                    0 (  +0.00)           0  
##>datapath_rewrite_post_csa_one_  START             7263623328 (  +0.00)     7233.00 (   +0.00)          0 (       0)                    0 (  +0.00)              
##>                                  END             7263623328 (  +0.00)     7233.00 (   +0.00)          0 (       0)                    0 (  +0.00)           0  
##>datapath_csa_factoring_one_gde  START             7263623328 (  +0.00)     7233.00 (   +0.00)          0 (       0)                    0 (  +0.00)              
##>                                  END             7263623328 (  +0.00)     7233.00 (   +0.00)          0 (       0)                    0 (  +0.00)           0  
##>dpopt_share_one_def             START             7263623328 (  +0.00)     7233.00 (   +0.00)          0 (       0)                    0 (  +0.00)              
##>                                  END             7263623328 (  +0.00)     7233.00 (   +0.00)          0 (       0)                    0 (  +0.00)           0  
##>datapath_rewrite_post_share     START             7263623328 (  +0.00)     7233.00 (   +0.00)          0 (       0)                    0 (  +0.00)              
##>                                  END             7263623328 (  +0.00)     7233.00 (   +0.00)          0 (       0)                    0 (  +0.00)           0  
##>dp_combine_const_mult_with_com  START             7263623328 (  +0.00)     7233.00 (   +0.00)          0 (       0)                    0 (  +0.00)              
##>                                  END             7263623328 (  +0.00)     7233.00 (   +0.00)          0 (       0)                    0 (  +0.00)           0  
##>speculate_in_gdef               START             7263623328 (  +0.00)     7233.00 (   +0.00)          0 (       0)                    0 (  +0.00)              
##> pre_speculate_mux_merge        START             7263623328 (  +0.00)     7233.00 (   +0.00)          0 (       0)                    0 (  +0.00)              
##>                                  END             7263623328 (  +0.00)     7233.00 (   +0.00)          0 (       0)                    0 (  +0.00)           0  
##>                                  END             7263623328 (  +0.00)     7233.00 (   +0.00)          0 (       0)                    0 (  +0.00)           0  
##>dp_operator_level_decompositio  START             7263623328 (  +0.00)     7233.00 (   +0.00)          0 (       0)                    0 (  +0.00)              
##>                                  END             7263623328 (  +0.00)     7233.00 (   +0.00)          0 (       0)                    0 (  +0.00)           0  
##>selective_flatten_dp_config     START             7263623328 (  +0.00)     7233.00 (   +0.00)          0 (       0)                    0 (  +0.00)              
##>                                  END             7263623328 (  +0.00)     7212.40 (  -20.60)          0 (       0)                    0 (  +0.00)           0  
##>createMaxCarrySave              START             7263623328 (  +0.00)     7212.40 (   +0.00)          0 (       0)                    0 (  +0.00)              
##> datapath_rewrite_one_def       START             7263623328 (  +0.00)     7212.40 (   +0.00)          0 (       0)                    0 (  +0.00)              
##>  fast_cse_elim                 START             7263623328 (  +0.00)     7212.40 (   +0.00)          0 (       0)                    0 (  +0.00)              
##>                                  END             7263623328 (  +0.00)     7212.40 (   +0.00)          0 (       0)                    0 (  +0.00)           0  
##>  fast_cse_elim                 START             7263623328 (  +0.00)     7212.40 (   +0.00)          0 (       0)                    0 (  +0.00)              
##>                                  END             7263623328 (  +0.00)     7212.40 (   +0.00)          0 (       0)                    0 (  +0.00)           0  
##>                                  END             7263623328 (  +0.00)     7212.40 (   +0.00)          0 (       0)                    0 (  +0.00)           0  
##> speculate_in_gdef              START             7263623328 (  +0.00)     7212.40 (   +0.00)          0 (       0)                    0 (  +0.00)              
##>  pre_speculate_mux_merge       START             7263623328 (  +0.00)     7212.40 (   +0.00)          0 (       0)                    0 (  +0.00)              
##>                                  END             7263623328 (  +0.00)     7212.40 (   +0.00)          0 (       0)                    0 (  +0.00)           0  
##>                                  END             7263623328 (  +0.00)     7212.40 (   +0.00)          0 (       0)                    0 (  +0.00)           0  
##> csa_opto                       START             7263623328 (  +0.00)     7212.40 (   +0.00)          0 (       0)                    0 (  +0.00)              
##>                                  END             7263623328 (  +0.00)     7212.40 (   +0.00)          0 (       0)                    0 (  +0.00)           0  
##>                                  END             7263623328 (  +0.00)     7212.40 (   +0.00)          0 (       0)                    0 (  +0.00)           0  
##>context_based_simplify          START             7263623328 (  +0.00)     7212.40 (   +0.00)          0 (       0)                    0 (  +0.00)              
##>                                  END             7263623328 (  +0.00)     7212.40 (   +0.00)          0 (       0)                    0 (  +0.00)           0  
##>group_csa_final_adder_dp        START             7263623328 (  +0.00)     7212.40 (   +0.00)          0 (       0)                    0 (  +0.00)              
##>                                  END             7263623328 (  +0.00)     7212.40 (   +0.00)          0 (       0)                    0 (  +0.00)           0  
##>dpopt_flatten_critical_muxes_i  START             7263623328 (  +0.00)     7212.40 (   +0.00)          0 (       0)                    0 (  +0.00)              
##>                                  END             7263623328 (  +0.00)     7212.40 (   +0.00)          0 (       0)                    0 (  +0.00)           0  
##>speculate_in_gdef               START             7263623328 (  +0.00)     7212.40 (   +0.00)          0 (       0)                    0 (  +0.00)              
##> pre_speculate_mux_merge        START             7263623328 (  +0.00)     7212.40 (   +0.00)          0 (       0)                    0 (  +0.00)              
##>                                  END             7263623328 (  +0.00)     7212.40 (   +0.00)          0 (       0)                    0 (  +0.00)           0  
##>                                  END             7263623328 (  +0.00)     7212.40 (   +0.00)          0 (       0)                    0 (  +0.00)           0  
##>create_score                    START             7263623328 (  +0.00)     7212.40 (   +0.00)          0 (       0)                    0 (  +0.00)              
##>                                  END             7263623328 (  +0.00)     7212.40 (   +0.00)          0 (       0)                    0 (  +0.00)           0  
##>+-----------------------------------------------------------------------------------------------------------------------------------------------------------------------------------------------------+
Committed config: CDN_DP_region_0_0_c7
Info    : Done implementing datapath configurations. [DPOPT-4]
        : Selected 'very_fast' configuration 7 for module 'CDN_DP_region_0_0_c7'.
          Optimizations applied to 'very_fast' configuration:
            rewriting(0), factoring(0), sharing(0), cmultcse(0), downsizing(0), speculation(0)
Info:  Ungrouped 0 dp-cluster instances.  0 cluster instances were left intact, to aid verification.
Info    : Done optimizing datapath logic. [DPOPT-2]
        : Done optimizing datapath logic in 'aer_pending_direct_gray_sync_core_reset'.
Number of big hc bmuxes after = 0
Starting bit-level redundancy removal [v1.0] (stage: post_rtlopt, startdef: aer_pending_direct_gray_sync_core_reset, recur: true)
Completed bit-level redundancy removal (accepts: 0, rejects: 0, runtime: 0.016s)
Starting logic reduction [v1.0] (stage: post_rtlopt, startdef: aer_pending_direct_gray_sync_core_reset, recur: true)
Completed logic reduction (accepts: 0, rejects: 0, runtime: 0.000s)
Starting mux data reorder optimization [v1.0] (stage: post_rtlopt, startdef: aer_pending_direct_gray_sync_core_reset, recur: true)
Completed mux data reorder optimization (accepts: 0, rejects: 0, runtime: 0.000s)
Starting timing based select reordering [v1.0] (stage: post_rtlopt, startdef: aer_pending_direct_gray_sync_core_reset, recur: true)
Completed timing based select reordering (accepts: 0, rejects: 0, runtime: 0.019s)

Stage: post_rtlopt
----------------------------------------------------------------
| Transform                  | Accepts | Rejects | Runtime (s) | 
----------------------------------------------------------------
| hlo_redundancy_removal_bit |       0 |       0 |        0.02 | 
| hlo_logic_reduction        |       0 |       0 |        0.00 | 
| hlo_mux_reorder            |       0 |       0 |        0.00 | 
| hlo_timing_reorder         |       0 |       0 |        0.02 | 
----------------------------------------------------------------
Running post blast mux optimization. Please follow up with Cadence support if runtime issues are seen with this optimization.
Starting mux speculation [v1.0] (stage: post_muxopt, startdef: aer_pending_direct_gray_sync_core_reset, recur: true)
Starting speculation optimization
Completed speculation optimization (accepts:0)
Completed mux speculation (accepts: 0, rejects: 0, runtime: 0.022s)
Starting timing based select reordering [v1.0] (stage: post_muxopt, startdef: aer_pending_direct_gray_sync_core_reset, recur: true)
Completed timing based select reordering (accepts: 0, rejects: 0, runtime: 0.018s)

Stage: post_muxopt
--------------------------------------------------------
| Transform          | Accepts | Rejects | Runtime (s) | 
--------------------------------------------------------
| hlo_speculation    |       0 |       0 |        0.02 | 
| hlo_timing_reorder |       0 |       0 |        0.02 | 
--------------------------------------------------------
==================================
Stage : to_generic 
==================================
  =================
   Message Summary
  =================
---------------------------------------------------------------------------
|    Id    |  Sev  |Count|                  Message Text                  |
---------------------------------------------------------------------------
|DPOPT-1   |Info   |    1|Optimizing datapath logic.                      |
|DPOPT-2   |Info   |    1|Done optimizing datapath logic.                 |
|DPOPT-3   |Info   |    1|Implementing datapath configurations.           |
|DPOPT-4   |Info   |    1|Done implementing datapath configurations.      |
|DPOPT-6   |Info   |    1|Pre-processed datapath logic.                   |
|ELAB-1    |Info   |    1|Elaborating Design.                             |
|ELAB-3    |Info   |    1|Done Elaborating Design.                        |
|HLO_RR-1  |Info   |    1|Setting up the version of high level Redundancy |
|          |       |     | Removal Optimizations.                         |
|LBR-30    |Info   |  192|Promoting a setup arc to recovery.              |
|          |       |     |Setup arcs to asynchronous input pins are not   |
|          |       |     | supported.                                     |
|LBR-31    |Info   |  208|Promoting a hold arc to removal.                |
|          |       |     |Hold arcs to asynchronous input pins are not    |
|          |       |     | supported.                                     |
|LBR-40    |Info   |    1|An unsupported construct was detected in this   |
|          |       |     | library.                                       |
|          |       |     |Check to see if this construct is really needed |
|          |       |     | for synthesis. Many liberty constructs are not |
|          |       |     | actually required.                             |
|LBR-41    |Info   |    1|An output library pin lacks a function          |
|          |       |     | attribute.                                     |
|          |       |     |If the remainder of this library cell's semantic|
|          |       |     | checks are successful, it will be considered as|
|          |       |     | a timing-model                                 |
|          |       |     | (because one of its outputs does not have a val|
|          |       |     | id function.                                   |
|LBR-155   |Info   |    7|Mismatch in unateness between 'timing_sense'    |
|          |       |     | attribute and the function.                    |
|          |       |     |The 'timing_sense' attribute will be respected. |
|LBR-162   |Info   |  154|Both 'pos_unate' and 'neg_unate' timing_sense   |
|          |       |     | arcs have been processed.                      |
|          |       |     |Setting the 'timing_sense' to non_unate.        |
|LBR-412   |Info   |    1|Created nominal operating condition.            |
|          |       |     |The nominal operating condition is represented, |
|          |       |     | either by the nominal PVT values specified in  |
|          |       |     | the library source                             |
|          |       |     | (via nom_process,nom_voltage and nom_temperatur|
|          |       |     | e respectively)                                |
|          |       |     | , or by the default PVT values (1.0,1.0,1.0).  |
|LBR-518   |Info   |    1|Missing a function attribute in the output pin  |
|          |       |     | definition.                                    |
|LBR-525   |Warning|    8|Missing clock pin in the sequential cell.       |
|          |       |     |Sequential timing checks, such as 'setup_rising'|
|          |       |     | or 'hold_rising', on flop and latch cells      |
|          |       |     | require a clock pin. Verify that the 'clock'   |
|          |       |     | attribute of the clock pin is set to 'true' or |
|          |       |     | that the clock pin has a 'clocked_on'          |
|          |       |     | attribute.                                     |
|PHYS-752  |Info   |    1|Partition Based Synthesis execution skipped.    |
|SYNTH-1   |Info   |    1|Synthesizing.                                   |
|TIM-1000  |Info   |    1|Multimode clock gating check is disabled.       |
|VLOGPT-506|Warning|    3|Unused attribute.                               |
---------------------------------------------------------------------------
Mapper: Libraries have:
	domain _default_: 278 combo usable cells and 120 sequential usable cells
Multi-threaded Virtual Mapping    (8 threads per ST process, 8 of 64 CPUs usable)
 
Global mapping target info
==========================
Cost Group 'clk' target slack:   265 ps
Target path end-point (Pin: pending_q_reg[15]/d)

<REMOTE_HOME>/aer_2026/p8dgscr_pnr_180nm_v2/.st_launch_<REMOTE_HOST>_184400

State Retention Synthesis Status
================================

Category                        Flops   Percentage
--------------------------------------------------
Total instances                    75        100.0
Excluded from State Retention      75        100.0
    - Will not convert             75        100.0
      - Preserved                   0          0.0
      - Power intent excluded      75        100.0
    - Could not convert             0          0.0
      - Scan type                   0          0.0
      - No suitable cell            0          0.0
State Retention instances           0          0.0
--------------------------------------------------

PBS_Generic_Opt-Post - Elapsed_Time 5, CPU_Time 4.635343000000002
stamp 'PBS_Generic_Opt-Post' being created for table 'pbs_debug'

  Total Time (Wall) |  Stage Time (Wall)  |   % (Wall)   |    Date - Time     |  Memory   | Stage
--------------------+---------------------+--------------+--------------------+-----------+----------------------
 00:00:20(00:00:18) |  00:00:00(00:00:00) |   0.0(  0.0) |    2:45:37 (Aug21) |  397.1 MB | PBS_Generic-Start
--------------------+---------------------+--------------+--------------------+-----------+----------------------
 00:00:24(00:00:23) |  00:00:04(00:00:05) | 100.0(100.0) |    2:45:42 (Aug21) |  833.1 MB | PBS_Generic_Opt-Post
--------------------+---------------------+--------------+--------------------+-----------+----------------------
Number of threads: 8 * 1   (id: pbs_debug, time_info v1.57)
Info: (*N*) indicates data that was populated from previously saved time_info database
Info: CPU time includes time of parent + longest thread
PBS_Generic-Postgen HBO Optimizations - Elapsed_Time 0, CPU_Time 0.0
stamp 'PBS_Generic-Postgen HBO Optimizations' being created for table 'pbs_debug'

  Total Time (Wall) |  Stage Time (Wall)  |   % (Wall)   |    Date - Time     |  Memory   | Stage
--------------------+---------------------+--------------+--------------------+-----------+----------------------
 00:00:20(00:00:18) |  00:00:00(00:00:00) |   0.0(  0.0) |    2:45:37 (Aug21) |  397.1 MB | PBS_Generic-Start
--------------------+---------------------+--------------+--------------------+-----------+----------------------
 00:00:24(00:00:23) |  00:00:04(00:00:05) | 100.0(100.0) |    2:45:42 (Aug21) |  833.1 MB | PBS_Generic_Opt-Post
--------------------+---------------------+--------------+--------------------+-----------+----------------------
 00:00:24(00:00:23) |  00:00:00(00:00:00) |   0.0(  0.0) |    2:45:42 (Aug21) |  833.1 MB | PBS_Generic-Postgen HBO Optimizations
--------------------+---------------------+--------------+--------------------+-----------+----------------------
Number of threads: 8 * 1   (id: pbs_debug, time_info v1.57)
Info: (*N*) indicates data that was populated from previously saved time_info database
Info: CPU time includes time of parent + longest thread
Starting post syn_generic ultra-effort Boolean optimization
Redundancy removal succeeded.
Done post syn_generic ultra-effort Boolean optimization (0.00 cpu seconds) (0.00 elapsed cpu seconds)
Info    : Done synthesizing. [SYNTH-2]
        : Done synthesizing 'aer_pending_direct_gray_sync_core_reset' to generic gates.
##>=================== Cadence Confidential (Generic-Logical) ===================
##>=================== Cadence Confidential (Generic-Logical) ===================
      flow.cputime  flow.realtime  timing.setup.tns  timing.setup.wns  snapshot
UM:*                                                                   syn_gen
@file(p8dgscr_genus_explore.tcl) 34: syn_map
#----------------------------------------------------------------------------------------
# Root attributes for category: opt
#----------------------------------------------------------------------------------------
# Feature                           | Attribute                    | Value            
#----------------------------------------------------------------------------------------
# Avoid tied inputs                 | avoid_tied_inputs            | false (default)  
# Allow floating outputs            | opt_allow_floating_outputs   | false (default)  
# Power optimization effort         | design_power_effort          | none (default)   
# Do not use qbar sequential pins   | dont_use_qbar_seq_pins       | false (default)  
#----------------------------------------------------------------------------------------

##Generic Timing Info: typical gate delay  104.7 ps   std_slew:   32.4 ps   std_load:  9.5 fF  for library domain _default_
Mapping ChipWare ICG instances in aer_pending_direct_gray_sync_core_reset
Found 0 unmapped ChipWare ICG instances
Mapped 0 of 0 ChipWare ICG instances
Info    : Mapping. [SYNTH-4]
        : Mapping 'aer_pending_direct_gray_sync_core_reset' using 'high' effort.
Mapper: Libraries have:
	domain _default_: 278 combo usable cells and 120 sequential usable cells
PBS_TechMap-Start - Elapsed_Time 0, CPU_Time 0.0
stamp 'PBS_TechMap-Start' being created for table 'pbs_debug'

  Total Time (Wall) |  Stage Time (Wall)  |   % (Wall)   |    Date - Time     |  Memory   | Stage
--------------------+---------------------+--------------+--------------------+-----------+----------------------
 00:00:20(00:00:18) |  00:00:00(00:00:00) |   0.0(  0.0) |    2:45:37 (Aug21) |  397.1 MB | PBS_Generic-Start
--------------------+---------------------+--------------+--------------------+-----------+----------------------
 00:00:24(00:00:23) |  00:00:04(00:00:05) |  82.3( 83.3) |    2:45:42 (Aug21) |  833.1 MB | PBS_Generic_Opt-Post
--------------------+---------------------+--------------+--------------------+-----------+----------------------
 00:00:24(00:00:23) |  00:00:00(00:00:00) |   0.0(  0.0) |    2:45:42 (Aug21) |  833.1 MB | PBS_Generic-Postgen HBO Optimizations
--------------------+---------------------+--------------+--------------------+-----------+----------------------
 00:00:25(00:00:24) |  00:00:01(00:00:01) |  17.7( 16.7) |    2:45:43 (Aug21) |  833.1 MB | PBS_TechMap-Start
--------------------+---------------------+--------------+--------------------+-----------+----------------------
Number of threads: 8 * 1   (id: pbs_debug, time_info v1.57)
Info: (*N*) indicates data that was populated from previously saved time_info database
Info: CPU time includes time of parent + longest thread
PBS_TechMap-Premap HBO Optimizations - Elapsed_Time 0, CPU_Time 0.0
stamp 'PBS_TechMap-Premap HBO Optimizations' being created for table 'pbs_debug'

  Total Time (Wall) |  Stage Time (Wall)  |   % (Wall)   |    Date - Time     |  Memory   | Stage
--------------------+---------------------+--------------+--------------------+-----------+----------------------
 00:00:20(00:00:18) |  00:00:00(00:00:00) |   0.0(  0.0) |    2:45:37 (Aug21) |  397.1 MB | PBS_Generic-Start
--------------------+---------------------+--------------+--------------------+-----------+----------------------
 00:00:24(00:00:23) |  00:00:04(00:00:05) |  82.3( 83.3) |    2:45:42 (Aug21) |  833.1 MB | PBS_Generic_Opt-Post
--------------------+---------------------+--------------+--------------------+-----------+----------------------
 00:00:24(00:00:23) |  00:00:00(00:00:00) |   0.0(  0.0) |    2:45:42 (Aug21) |  833.1 MB | PBS_Generic-Postgen HBO Optimizations
--------------------+---------------------+--------------+--------------------+-----------+----------------------
 00:00:25(00:00:24) |  00:00:01(00:00:01) |  17.7( 16.7) |    2:45:43 (Aug21) |  833.1 MB | PBS_TechMap-Start
--------------------+---------------------+--------------+--------------------+-----------+----------------------
 00:00:25(00:00:24) |  00:00:00(00:00:00) |   0.0(  0.0) |    2:45:43 (Aug21) |  833.1 MB | PBS_TechMap-Premap HBO Optimizations
--------------------+---------------------+--------------+--------------------+-----------+----------------------
Number of threads: 8 * 1   (id: pbs_debug, time_info v1.57)
Info: (*N*) indicates data that was populated from previously saved time_info database
Info: CPU time includes time of parent + longest thread
Info    : Partition Based Synthesis execution skipped. [PHYS-752]
        : Design size is less than the partition size '100000' for distributed mapping optimization to kick in.
Mapper: Libraries have:
	domain _default_: 278 combo usable cells and 120 sequential usable cells
Multi-threaded Virtual Mapping    (8 threads per ST process, 8 of 64 CPUs usable)
 
Global mapping target info
==========================
Cost Group 'clk' target slack:   265 ps
Target path end-point (Pin: pending_q_reg[15]/d)

Multi-threaded Virtual Mapping    (8 threads per ST process, 8 of 64 CPUs usable)
Multi-threaded Technology Mapping (8 threads per ST process, 8 of 64 CPUs usable)
 
Global mapping status
=====================
                                   Group   
                                  Tot Wrst 
                           Total  Weighted 
Operation                   Area   Slacks  
 global_map                 6533        0 

    Cost Group            Target    Slack    Diff.  Constr.
-----------------------------------------------------------
           clk               265     6712             10000 

 
Global incremental target info
==============================
Cost Group 'clk' target slack:   176 ps
Target path end-point (Pin: pending_q_reg[14]/D (DFFHQX1/D))

==================================
Stage : global_incr_map 
==================================
  =================
   Message Summary
  =================
------------------------------------------------------------------
|   Id   |Sev |Count|                Message Text                |
------------------------------------------------------------------
|PHYS-752|Info|    1|Partition Based Synthesis execution skipped.|
|SYNTH-2 |Info|    1|Done synthesizing.                          |
|SYNTH-4 |Info|    1|Mapping.                                    |
------------------------------------------------------------------
 
Global incremental optimization status
======================================
                                   Group   
                                  Tot Wrst 
                           Total  Weighted 
Operation                   Area   Slacks  
 global_incr                6486        0 

    Cost Group            Target    Slack    Diff.  Constr.
-----------------------------------------------------------
           clk               176     6657             10000 

<REMOTE_HOME>/aer_2026/p8dgscr_pnr_180nm_v2/.st_launch_<REMOTE_HOST>_184400

State Retention Synthesis Status
================================

Category                        Flops   Percentage
--------------------------------------------------
Total instances                    75        100.0
Excluded from State Retention      75        100.0
    - Will not convert             75        100.0
      - Preserved                   0          0.0
      - Power intent excluded      75        100.0
    - Could not convert             0          0.0
      - Scan type                   0          0.0
      - No suitable cell            0          0.0
State Retention instances           0          0.0
--------------------------------------------------

INFO: skipping constant propagation
PBS_Techmap-Global Mapping - Elapsed_Time 1, CPU_Time 1.1642539999999997
stamp 'PBS_Techmap-Global Mapping' being created for table 'pbs_debug'

  Total Time (Wall) |  Stage Time (Wall)  |   % (Wall)   |    Date - Time     |  Memory   | Stage
--------------------+---------------------+--------------+--------------------+-----------+----------------------
 00:00:20(00:00:18) |  00:00:00(00:00:00) |   0.0(  0.0) |    2:45:37 (Aug21) |  397.1 MB | PBS_Generic-Start
--------------------+---------------------+--------------+--------------------+-----------+----------------------
 00:00:24(00:00:23) |  00:00:04(00:00:05) |  68.2( 71.4) |    2:45:42 (Aug21) |  833.1 MB | PBS_Generic_Opt-Post
--------------------+---------------------+--------------+--------------------+-----------+----------------------
 00:00:24(00:00:23) |  00:00:00(00:00:00) |   0.0(  0.0) |    2:45:42 (Aug21) |  833.1 MB | PBS_Generic-Postgen HBO Optimizations
--------------------+---------------------+--------------+--------------------+-----------+----------------------
 00:00:25(00:00:24) |  00:00:01(00:00:01) |  14.7( 14.3) |    2:45:43 (Aug21) |  833.1 MB | PBS_TechMap-Start
--------------------+---------------------+--------------+--------------------+-----------+----------------------
 00:00:25(00:00:24) |  00:00:00(00:00:00) |   0.0(  0.0) |    2:45:43 (Aug21) |  833.1 MB | PBS_TechMap-Premap HBO Optimizations
--------------------+---------------------+--------------+--------------------+-----------+----------------------
 00:00:26(00:00:25) |  00:00:01(00:00:01) |  17.1( 14.3) |    2:45:44 (Aug21) |  833.1 MB | PBS_Techmap-Global Mapping
--------------------+---------------------+--------------+--------------------+-----------+----------------------
Number of threads: 8 * 1   (id: pbs_debug, time_info v1.57)
Info: (*N*) indicates data that was populated from previously saved time_info database
Info: CPU time includes time of parent + longest thread
Info    : Wrote formal verification information. [CFM-5]
        : Wrote 'fv/aer_pending_direct_gray_sync_core_reset/fv_map.fv.json' for netlist 'fv/aer_pending_direct_gray_sync_core_reset/fv_map.v.gz'.
Info    : Wrote dofile. [CFM-1]
        : Dofile is 'fv/aer_pending_direct_gray_sync_core_reset/rtl_to_fv_map.do'.
        : RTL names flow is enabled.
PBS_TechMap-Datapath Postmap Operations - Elapsed_Time 2, CPU_Time 2.0
stamp 'PBS_TechMap-Datapath Postmap Operations' being created for table 'pbs_debug'

  Total Time (Wall) |  Stage Time (Wall)  |   % (Wall)   |    Date - Time     |  Memory   | Stage
--------------------+---------------------+--------------+--------------------+-----------+----------------------
 00:00:20(00:00:18) |  00:00:00(00:00:00) |   0.0(  0.0) |    2:45:37 (Aug21) |  397.1 MB | PBS_Generic-Start
--------------------+---------------------+--------------+--------------------+-----------+----------------------
 00:00:24(00:00:23) |  00:00:04(00:00:05) |  52.7( 55.6) |    2:45:42 (Aug21) |  833.1 MB | PBS_Generic_Opt-Post
--------------------+---------------------+--------------+--------------------+-----------+----------------------
 00:00:24(00:00:23) |  00:00:00(00:00:00) |   0.0(  0.0) |    2:45:42 (Aug21) |  833.1 MB | PBS_Generic-Postgen HBO Optimizations
--------------------+---------------------+--------------+--------------------+-----------+----------------------
 00:00:25(00:00:24) |  00:00:01(00:00:01) |  11.4( 11.1) |    2:45:43 (Aug21) |  833.1 MB | PBS_TechMap-Start
--------------------+---------------------+--------------+--------------------+-----------+----------------------
 00:00:25(00:00:24) |  00:00:00(00:00:00) |   0.0(  0.0) |    2:45:43 (Aug21) |  833.1 MB | PBS_TechMap-Premap HBO Optimizations
--------------------+---------------------+--------------+--------------------+-----------+----------------------
 00:00:26(00:00:25) |  00:00:01(00:00:01) |  13.2( 11.1) |    2:45:44 (Aug21) |  833.1 MB | PBS_Techmap-Global Mapping
--------------------+---------------------+--------------+--------------------+-----------+----------------------
 00:00:28(00:00:27) |  00:00:02(00:00:02) |  22.7( 22.2) |    2:45:46 (Aug21) |  833.1 MB | PBS_TechMap-Datapath Postmap Operations
--------------------+---------------------+--------------+--------------------+-----------+----------------------
Number of threads: 8 * 1   (id: pbs_debug, time_info v1.57)
Info: (*N*) indicates data that was populated from previously saved time_info database
Info: CPU time includes time of parent + longest thread
PBS_TechMap-Postmap HBO Optimizations - Elapsed_Time 0, CPU_Time -0.0054909999999992465
stamp 'PBS_TechMap-Postmap HBO Optimizations' being created for table 'pbs_debug'

  Total Time (Wall) |  Stage Time (Wall)  |   % (Wall)   |    Date - Time     |  Memory   | Stage
--------------------+---------------------+--------------+--------------------+-----------+----------------------
 00:00:20(00:00:18) |  00:00:00(00:00:00) |   0.0(  0.0) |    2:45:37 (Aug21) |  397.1 MB | PBS_Generic-Start
--------------------+---------------------+--------------+--------------------+-----------+----------------------
 00:00:24(00:00:23) |  00:00:04(00:00:05) |  52.7( 55.6) |    2:45:42 (Aug21) |  833.1 MB | PBS_Generic_Opt-Post
--------------------+---------------------+--------------+--------------------+-----------+----------------------
 00:00:24(00:00:23) |  00:00:00(00:00:00) |   0.0(  0.0) |    2:45:42 (Aug21) |  833.1 MB | PBS_Generic-Postgen HBO Optimizations
--------------------+---------------------+--------------+--------------------+-----------+----------------------
 00:00:25(00:00:24) |  00:00:01(00:00:01) |  11.4( 11.1) |    2:45:43 (Aug21) |  833.1 MB | PBS_TechMap-Start
--------------------+---------------------+--------------+--------------------+-----------+----------------------
 00:00:25(00:00:24) |  00:00:00(00:00:00) |   0.0(  0.0) |    2:45:43 (Aug21) |  833.1 MB | PBS_TechMap-Premap HBO Optimizations
--------------------+---------------------+--------------+--------------------+-----------+----------------------
 00:00:26(00:00:25) |  00:00:01(00:00:01) |  13.2( 11.1) |    2:45:44 (Aug21) |  833.1 MB | PBS_Techmap-Global Mapping
--------------------+---------------------+--------------+--------------------+-----------+----------------------
 00:00:28(00:00:27) |  00:00:02(00:00:02) |  22.7( 22.2) |    2:45:46 (Aug21) |  833.1 MB | PBS_TechMap-Datapath Postmap Operations
--------------------+---------------------+--------------+--------------------+-----------+----------------------
 00:00:28(00:00:27) |  00:00:00(00:00:00) |  -0.1(  0.0) |    2:45:46 (Aug21) |  833.1 MB | PBS_TechMap-Postmap HBO Optimizations
--------------------+---------------------+--------------+--------------------+-----------+----------------------
Number of threads: 8 * 1   (id: pbs_debug, time_info v1.57)
Info: (*N*) indicates data that was populated from previously saved time_info database
Info: CPU time includes time of parent + longest thread
 Doing ConstProp on design:aer_pending_direct_gray_sync_core_reset ... 

Time taken by ConstProp Step: 00:00:00
PBS_TechMap-Postmap Clock Gating - Elapsed_Time 0, CPU_Time 0.0
stamp 'PBS_TechMap-Postmap Clock Gating' being created for table 'pbs_debug'

  Total Time (Wall) |  Stage Time (Wall)  |   % (Wall)   |    Date - Time     |  Memory   | Stage
--------------------+---------------------+--------------+--------------------+-----------+----------------------
 00:00:20(00:00:18) |  00:00:00(00:00:00) |   0.0(  0.0) |    2:45:37 (Aug21) |  397.1 MB | PBS_Generic-Start
--------------------+---------------------+--------------+--------------------+-----------+----------------------
 00:00:24(00:00:23) |  00:00:04(00:00:05) |  52.7( 55.6) |    2:45:42 (Aug21) |  833.1 MB | PBS_Generic_Opt-Post
--------------------+---------------------+--------------+--------------------+-----------+----------------------
 00:00:24(00:00:23) |  00:00:00(00:00:00) |   0.0(  0.0) |    2:45:42 (Aug21) |  833.1 MB | PBS_Generic-Postgen HBO Optimizations
--------------------+---------------------+--------------+--------------------+-----------+----------------------
 00:00:25(00:00:24) |  00:00:01(00:00:01) |  11.4( 11.1) |    2:45:43 (Aug21) |  833.1 MB | PBS_TechMap-Start
--------------------+---------------------+--------------+--------------------+-----------+----------------------
 00:00:25(00:00:24) |  00:00:00(00:00:00) |   0.0(  0.0) |    2:45:43 (Aug21) |  833.1 MB | PBS_TechMap-Premap HBO Optimizations
--------------------+---------------------+--------------+--------------------+-----------+----------------------
 00:00:26(00:00:25) |  00:00:01(00:00:01) |  13.2( 11.1) |    2:45:44 (Aug21) |  833.1 MB | PBS_Techmap-Global Mapping
--------------------+---------------------+--------------+--------------------+-----------+----------------------
 00:00:28(00:00:27) |  00:00:02(00:00:02) |  22.7( 22.2) |    2:45:46 (Aug21) |  833.1 MB | PBS_TechMap-Datapath Postmap Operations
--------------------+---------------------+--------------+--------------------+-----------+----------------------
 00:00:28(00:00:27) |  00:00:00(00:00:00) |  -0.1(  0.0) |    2:45:46 (Aug21) |  833.1 MB | PBS_TechMap-Postmap HBO Optimizations
--------------------+---------------------+--------------+--------------------+-----------+----------------------
 00:00:28(00:00:27) |  00:00:00(00:00:00) |   0.0(  0.0) |    2:45:46 (Aug21) |  833.1 MB | PBS_TechMap-Postmap Clock Gating
--------------------+---------------------+--------------+--------------------+-----------+----------------------
Number of threads: 8 * 1   (id: pbs_debug, time_info v1.57)
Info: (*N*) indicates data that was populated from previously saved time_info database
Info: CPU time includes time of parent + longest thread
-------------------------------------------------------------------------------
 hi_fo_buf                  6486        0         0         0        0       11

           Trick     Calls     Accepts   Attempts    Time(secs) 
-----------------------------------------------------------
       hi_fo_buf         0  (        0 /        0 )  0.00

 
Incremental optimization status
===============================
                                   Group   
                                  Tot Wrst     Total - - - - DRC Totals - - - -
                           Total  Weighted      Neg      Max       Max     Max  
Operation                   Area   Slacks      Slack    Trans      Cap   Fanout 
 init_delay                 6486        0         0         0        0       11

           Trick     Calls     Accepts   Attempts    Time(secs) 
-----------------------------------------------------------
       crit_upsz         0  (        0 /        0 )  0.00
    plc_bal_star         0  (        0 /        0 )  0.00
     drc_buftimb         0  (        0 /        0 )  0.00
          plc_st         0  (        0 /        0 )  0.00
    plc_st_fence         0  (        0 /        0 )  0.00
        plc_star         0  (        0 /        0 )  0.00
      plc_laf_st         0  (        0 /        0 )  0.00
 plc_laf_st_fence         0  (        0 /        0 )  0.00
     drc_buftims         0  (        0 /        0 )  0.00
            fopt         0  (        0 /        0 )  0.00
   plc_laf_lo_st         0  (        0 /        0 )  0.00
       plc_lo_st         0  (        0 /        0 )  0.00
        mb_split         0  (        0 /        0 )  0.00

 
Local TNS optimization status
=============================
                                   Group   
                                  Tot Wrst     Total - - - - DRC Totals - - - -
                           Total  Weighted      Neg      Max       Max     Max  
Operation                   Area   Slacks      Slack    Trans      Cap   Fanout 
 init_tns                   6486        0         0         0        0       11

           Trick     Calls     Accepts   Attempts    Time(secs) 
-----------------------------------------------------------
    plc_bal_star         0  (        0 /        0 )  0.00
     drc_buftimb         0  (        0 /        0 )  0.00
     drc_buftims         0  (        0 /        0 )  0.00
       crit_upsz         0  (        0 /        0 )  0.00
   plc_laf_lo_st         0  (        0 /        0 )  0.00
       plc_lo_st         0  (        0 /        0 )  0.00
            fopt         0  (        0 /        0 )  0.00
       crit_dnsz         0  (        0 /        0 )  0.00
             dup         0  (        0 /        0 )  0.00
        setup_dn         0  (        0 /        0 )  0.00
        mb_split         0  (        0 /        0 )  0.00

PBS_TechMap-Postmap Cleanup - Elapsed_Time 0, CPU_Time -0.004172000000000509
stamp 'PBS_TechMap-Postmap Cleanup' being created for table 'pbs_debug'

  Total Time (Wall) |  Stage Time (Wall)  |   % (Wall)   |    Date - Time     |  Memory   | Stage
--------------------+---------------------+--------------+--------------------+-----------+----------------------
 00:00:20(00:00:18) |  00:00:00(00:00:00) |   0.0(  0.0) |    2:45:37 (Aug21) |  397.1 MB | PBS_Generic-Start
--------------------+---------------------+--------------+--------------------+-----------+----------------------
 00:00:24(00:00:23) |  00:00:04(00:00:05) |  52.7( 55.6) |    2:45:42 (Aug21) |  833.1 MB | PBS_Generic_Opt-Post
--------------------+---------------------+--------------+--------------------+-----------+----------------------
 00:00:24(00:00:23) |  00:00:00(00:00:00) |   0.0(  0.0) |    2:45:42 (Aug21) |  833.1 MB | PBS_Generic-Postgen HBO Optimizations
--------------------+---------------------+--------------+--------------------+-----------+----------------------
 00:00:25(00:00:24) |  00:00:01(00:00:01) |  11.4( 11.1) |    2:45:43 (Aug21) |  833.1 MB | PBS_TechMap-Start
--------------------+---------------------+--------------+--------------------+-----------+----------------------
 00:00:25(00:00:24) |  00:00:00(00:00:00) |   0.0(  0.0) |    2:45:43 (Aug21) |  833.1 MB | PBS_TechMap-Premap HBO Optimizations
--------------------+---------------------+--------------+--------------------+-----------+----------------------
 00:00:26(00:00:25) |  00:00:01(00:00:01) |  13.2( 11.1) |    2:45:44 (Aug21) |  833.1 MB | PBS_Techmap-Global Mapping
--------------------+---------------------+--------------+--------------------+-----------+----------------------
 00:00:28(00:00:27) |  00:00:02(00:00:02) |  22.8( 22.2) |    2:45:46 (Aug21) |  833.1 MB | PBS_TechMap-Datapath Postmap Operations
--------------------+---------------------+--------------+--------------------+-----------+----------------------
 00:00:28(00:00:27) |  00:00:00(00:00:00) |  -0.1(  0.0) |    2:45:46 (Aug21) |  833.1 MB | PBS_TechMap-Postmap HBO Optimizations
--------------------+---------------------+--------------+--------------------+-----------+----------------------
 00:00:28(00:00:27) |  00:00:00(00:00:00) |   0.0(  0.0) |    2:45:46 (Aug21) |  833.1 MB | PBS_TechMap-Postmap Clock Gating
--------------------+---------------------+--------------+--------------------+-----------+----------------------
 00:00:28(00:00:27) |  00:00:00(00:00:00) |  -0.0(  0.0) |    2:45:46 (Aug21) |  833.1 MB | PBS_TechMap-Postmap Cleanup
--------------------+---------------------+--------------+--------------------+-----------+----------------------
Number of threads: 8 * 1   (id: pbs_debug, time_info v1.57)
Info: (*N*) indicates data that was populated from previously saved time_info database
Info: CPU time includes time of parent + longest thread
PBS_Techmap-Post_MBCI - Elapsed_Time 0, CPU_Time 0.0
stamp 'PBS_Techmap-Post_MBCI' being created for table 'pbs_debug'

  Total Time (Wall) |  Stage Time (Wall)  |   % (Wall)   |    Date - Time     |  Memory   | Stage
--------------------+---------------------+--------------+--------------------+-----------+----------------------
 00:00:20(00:00:18) |  00:00:00(00:00:00) |   0.0(  0.0) |    2:45:37 (Aug21) |  397.1 MB | PBS_Generic-Start
--------------------+---------------------+--------------+--------------------+-----------+----------------------
 00:00:24(00:00:23) |  00:00:04(00:00:05) |  52.7( 55.6) |    2:45:42 (Aug21) |  833.1 MB | PBS_Generic_Opt-Post
--------------------+---------------------+--------------+--------------------+-----------+----------------------
 00:00:24(00:00:23) |  00:00:00(00:00:00) |   0.0(  0.0) |    2:45:42 (Aug21) |  833.1 MB | PBS_Generic-Postgen HBO Optimizations
--------------------+---------------------+--------------+--------------------+-----------+----------------------
 00:00:25(00:00:24) |  00:00:01(00:00:01) |  11.4( 11.1) |    2:45:43 (Aug21) |  833.1 MB | PBS_TechMap-Start
--------------------+---------------------+--------------+--------------------+-----------+----------------------
 00:00:25(00:00:24) |  00:00:00(00:00:00) |   0.0(  0.0) |    2:45:43 (Aug21) |  833.1 MB | PBS_TechMap-Premap HBO Optimizations
--------------------+---------------------+--------------+--------------------+-----------+----------------------
 00:00:26(00:00:25) |  00:00:01(00:00:01) |  13.2( 11.1) |    2:45:44 (Aug21) |  833.1 MB | PBS_Techmap-Global Mapping
--------------------+---------------------+--------------+--------------------+-----------+----------------------
 00:00:28(00:00:27) |  00:00:02(00:00:02) |  22.8( 22.2) |    2:45:46 (Aug21) |  833.1 MB | PBS_TechMap-Datapath Postmap Operations
--------------------+---------------------+--------------+--------------------+-----------+----------------------
 00:00:28(00:00:27) |  00:00:00(00:00:00) |  -0.1(  0.0) |    2:45:46 (Aug21) |  833.1 MB | PBS_TechMap-Postmap HBO Optimizations
--------------------+---------------------+--------------+--------------------+-----------+----------------------
 00:00:28(00:00:27) |  00:00:00(00:00:00) |   0.0(  0.0) |    2:45:46 (Aug21) |  833.1 MB | PBS_TechMap-Postmap Clock Gating
--------------------+---------------------+--------------+--------------------+-----------+----------------------
 00:00:28(00:00:27) |  00:00:00(00:00:00) |  -0.0(  0.0) |    2:45:46 (Aug21) |  833.1 MB | PBS_TechMap-Postmap Cleanup
--------------------+---------------------+--------------+--------------------+-----------+----------------------
 00:00:28(00:00:27) |  00:00:00(00:00:00) |   0.0(  0.0) |    2:45:46 (Aug21) |  833.1 MB | PBS_Techmap-Post_MBCI
--------------------+---------------------+--------------+--------------------+-----------+----------------------
Number of threads: 8 * 1   (id: pbs_debug, time_info v1.57)
Info: (*N*) indicates data that was populated from previously saved time_info database
Info: CPU time includes time of parent + longest thread
##>=================== Cadence Confidential (Mapping-Logical) ===================
##>Main Thread Summary:
##>----------------------------------------------------------------------------------------
##>STEP                           Elapsed       WNS       TNS     Insts      Area    Memory
##>----------------------------------------------------------------------------------------
##>M:Initial                            0         -         -       358     12664       833
##>M:Early Clock Gating                 0         -         -         -         -         -
##>M:Pre Cleanup                        0         -         -       358     12664       833
##>M:Setup                              0         -         -         -         -         -
##>M:Launch ST                          0         -         -         -         -         -
##>M:Design Partition                   0         -         -         -         -         -
##>M:Create Partition Netlists          0         -         -         -         -         -
##>M:Init Power                         0         -         -         -         -         -
##>M:Budgeting                          0         -         -         -         -         -
##>M:Derenv-DB                          0         -         -         -         -         -
##>M:Debug Outputs                      0         -         -         -         -         -
##>M:ST loading                         0         -         -         -         -         -
##>M:Distributed                        0         -         -         -         -         -
##>M:Timer                              0         -         -         -         -         -
##>M:Assembly                           0         -         -         -         -         -
##>M:DFT                                0         -         -         -         -         -
##>M:DP Operations                      2         -         -       253      6486       833
##>M:Const Prop                         0      6656         0       253      6486       833
##>M:Cleanup                            0      6656         0       253      6486       833
##>M:MBCI                               0         -         -       253      6486       833
##>M:PostGen Opt                        0         -         -         -         -         -
##>M:Const Gate Removal                 0         -         -         -         -         -
##>M:Early Clock Gating Cleanup         0         -         -         -         -         -
##>M:Misc                               1
##>----------------------------------------------------------------------------------------
##>Total Elapsed                        3
##>========================================================================================
Info    : Done mapping. [SYNTH-5]
        : Done mapping 'aer_pending_direct_gray_sync_core_reset'.
      flow.cputime  flow.realtime  timing.setup.tns  timing.setup.wns  snapshot
UM:*                                                                   syn_map
@file(p8dgscr_genus_explore.tcl) 38: set synchronizer_insts [concat \
    [get_db insts *req_meta_q_reg*] \
    [get_db insts *req_sync_q_reg*] \
    [get_db insts *reset_release_q_reg*]]
@file(p8dgscr_genus_explore.tcl) 42: set_db $synchronizer_insts .preserve true
  Setting attribute of inst 'req_meta_q_reg[2]': 'preserve' = true
  Setting attribute of inst 'req_meta_q_reg[13]': 'preserve' = true
  Setting attribute of inst 'req_meta_q_reg[4]': 'preserve' = true
  Setting attribute of inst 'req_meta_q_reg[6]': 'preserve' = true
  Setting attribute of inst 'req_meta_q_reg[12]': 'preserve' = true
  Setting attribute of inst 'req_meta_q_reg[11]': 'preserve' = true
  Setting attribute of inst 'req_meta_q_reg[5]': 'preserve' = true
  Setting attribute of inst 'req_meta_q_reg[9]': 'preserve' = true
  Setting attribute of inst 'req_meta_q_reg[3]': 'preserve' = true
  Setting attribute of inst 'req_meta_q_reg[0]': 'preserve' = true
  Setting attribute of inst 'req_meta_q_reg[1]': 'preserve' = true
  Setting attribute of inst 'req_meta_q_reg[10]': 'preserve' = true
  Setting attribute of inst 'req_meta_q_reg[7]': 'preserve' = true
  Setting attribute of inst 'req_meta_q_reg[14]': 'preserve' = true
  Setting attribute of inst 'req_meta_q_reg[8]': 'preserve' = true
  Setting attribute of inst 'req_meta_q_reg[15]': 'preserve' = true
  Setting attribute of inst 'req_sync_q_reg[12]': 'preserve' = true
  Setting attribute of inst 'req_sync_q_reg[2]': 'preserve' = true
  Setting attribute of inst 'req_sync_q_reg[0]': 'preserve' = true
  Setting attribute of inst 'req_sync_q_reg[7]': 'preserve' = true
  Setting attribute of inst 'req_sync_q_reg[9]': 'preserve' = true
  Setting attribute of inst 'req_sync_q_reg[8]': 'preserve' = true
  Setting attribute of inst 'req_sync_q_reg[13]': 'preserve' = true
  Setting attribute of inst 'req_sync_q_reg[3]': 'preserve' = true
  Setting attribute of inst 'req_sync_q_reg[1]': 'preserve' = true
  Setting attribute of inst 'req_sync_q_reg[6]': 'preserve' = true
  Setting attribute of inst 'req_sync_q_reg[14]': 'preserve' = true
  Setting attribute of inst 'req_sync_q_reg[4]': 'preserve' = true
  Setting attribute of inst 'req_sync_q_reg[15]': 'preserve' = true
  Setting attribute of inst 'req_sync_q_reg[5]': 'preserve' = true
  Setting attribute of inst 'req_sync_q_reg[11]': 'preserve' = true
  Setting attribute of inst 'req_sync_q_reg[10]': 'preserve' = true
  Setting attribute of inst 'reset_release_q_reg[1]': 'preserve' = true
  Setting attribute of inst 'reset_release_q_reg[0]': 'preserve' = true
@file(p8dgscr_genus_explore.tcl) 43: puts "P8DGSCR_SYNCHRONIZER_INSTS_PRESERVED=[llength $synchronizer_insts]"
P8DGSCR_SYNCHRONIZER_INSTS_PRESERVED=34
@file(p8dgscr_genus_explore.tcl) 44: syn_opt
Warning : The selected flow setting will be removed in a future release. [SYNTH-33]
        : The use of 'syn_opt' for logical only optimization will be obsolete in a future release.
	Transition to 'syn_opt -logical' or 'syn_opt -spatial'.

        : Contact Cadence support to understand current flows.
Info    : Incrementally optimizing. [SYNTH-7]
        : Incrementally optimizing 'aer_pending_direct_gray_sync_core_reset' using 'high' effort.
 
Incremental optimization status
===============================
                                   Group   
                                  Tot Wrst     Total - - - - DRC Totals - - - -
                           Total  Weighted      Neg      Max       Max     Max  
Operation                   Area   Slacks      Slack    Trans      Cap   Fanout 
 init_iopt                  6486        0         0         0        0       11
-------------------------------------------------------------------------------
 const_prop                 6486        0         0         0        0       11
 simp_cc_inputs             6486        0         0         0        0       11
-------------------------------------------------------------------------------
 hi_fo_buf                  6486        0         0         0        0       11

           Trick     Calls     Accepts   Attempts    Time(secs) 
-----------------------------------------------------------
       hi_fo_buf         0  (        0 /        0 )  0.00

 
Incremental optimization status
===============================
                                   Group   
                                  Tot Wrst     Total - - - - DRC Totals - - - -
                           Total  Weighted      Neg      Max       Max     Max  
Operation                   Area   Slacks      Slack    Trans      Cap   Fanout 
 init_delay                 6486        0         0         0        0       11

           Trick     Calls     Accepts   Attempts    Time(secs) 
-----------------------------------------------------------
        crit_msz         0  (        0 /        0 )  0.00
       crit_upsz         0  (        0 /        0 )  0.00
       crit_slew         0  (        0 /        0 )  0.00
        setup_dn         0  (        0 /        0 )  0.00
    plc_bal_star         0  (        0 /        0 )  0.00
     drc_buftimb         0  (        0 /        0 )  0.00
          plc_st         0  (        0 /        0 )  0.00
    plc_st_fence         0  (        0 /        0 )  0.00
        plc_star         0  (        0 /        0 )  0.00
      plc_laf_st         0  (        0 /        0 )  0.00
 plc_laf_st_fence         0  (        0 /        0 )  0.00
     drc_buftims         0  (        0 /        0 )  0.00
   plc_laf_lo_st         0  (        0 /        0 )  0.00
       plc_lo_st         0  (        0 /        0 )  0.00
            fopt         0  (        0 /        0 )  0.00
       crit_swap         0  (        0 /        0 )  0.00
       mux2_swap         0  (        0 /        0 )  0.00
       crit_dnsz         0  (        0 /        0 )  0.00
       load_swap         0  (        0 /        0 )  0.00
            fopt         0  (        0 /        0 )  0.00
        setup_dn         0  (        0 /        0 )  0.00
       load_isol         0  (        0 /        0 )  0.00
       load_isol         0  (        0 /        0 )  0.00
        move_for         0  (        0 /        0 )  0.00
        move_for         0  (        0 /        0 )  0.00
          rem_bi         0  (        0 /        0 )  0.00
         offload         0  (        0 /        0 )  0.00
          rem_bi         0  (        0 /        0 )  0.00
         offload         0  (        0 /        0 )  0.00
           phase         0  (        0 /        0 )  0.00
        in_phase         0  (        0 /        0 )  0.00
       merge_bit         0  (        0 /        0 )  0.00
     merge_idrvr         0  (        0 /        0 )  0.00
     merge_iload         0  (        0 /        0 )  0.00
    merge_idload         0  (        0 /        0 )  0.00
      merge_drvr         0  (        0 /        0 )  0.00
      merge_load         0  (        0 /        0 )  0.00
          decomp         0  (        0 /        0 )  0.00
        p_decomp         0  (        0 /        0 )  0.00
        levelize         0  (        0 /        0 )  0.00
        mb_split         0  (        0 /        0 )  0.00
             dup         0  (        0 /        0 )  0.00
      mux_retime         0  (        0 /        0 )  0.00
         buf2inv         0  (        0 /        0 )  0.00
             exp         0  (        0 /        0 )  0.00
       gate_deco         0  (        0 /        0 )  0.00
       gcomp_tim         0  (        0 /        0 )  0.00
  inv_pair_2_buf         0  (        0 /        0 )  0.00


           Trick     Calls     Accepts   Attempts    Time(secs) 
-----------------------------------------------------------
         crr_220         0  (        0 /        0 )  0.00
        crr_glob         0  (        0 /        0 )  0.00
         crr_200         0  (        0 /        0 )  0.00
        crr_glob         0  (        0 /        0 )  0.00
         crr_300         0  (        0 /        0 )  0.00
        crr_glob         0  (        0 /        0 )  0.00
         crr_400         0  (        0 /        0 )  0.00
        crr_glob         0  (        0 /        0 )  0.00
         crr_111         0  (        0 /        0 )  0.00
        crr_glob         0  (        0 /        0 )  0.00
         crr_210         0  (        0 /        0 )  0.00
        crr_glob         0  (        0 /        0 )  0.00
         crr_110         0  (        0 /        0 )  0.00
        crr_glob         0  (        0 /        0 )  0.00
         crr_101         0  (        0 /        0 )  0.00
        crr_glob         0  (        0 /        0 )  0.00
         crr_201         0  (        0 /        0 )  0.00
        crr_glob         0  (        0 /        0 )  0.00
         crr_211         0  (        0 /        0 )  0.00
        crr_glob         0  (        0 /        0 )  0.00
        crit_msz         0  (        0 /        0 )  0.00
       crit_upsz         0  (        0 /        0 )  0.00
       crit_slew         0  (        0 /        0 )  0.00
        setup_dn         0  (        0 /        0 )  0.00
    plc_bal_star         0  (        0 /        0 )  0.00
     drc_buftimb         0  (        0 /        0 )  0.00
          plc_st         0  (        0 /        0 )  0.00
    plc_st_fence         0  (        0 /        0 )  0.00
        plc_star         0  (        0 /        0 )  0.00
      plc_laf_st         0  (        0 /        0 )  0.00
 plc_laf_st_fence         0  (        0 /        0 )  0.00
     drc_buftims         0  (        0 /        0 )  0.00
       plc_lo_st         0  (        0 /        0 )  0.00
            fopt         0  (        0 /        0 )  0.00
       crit_swap         0  (        0 /        0 )  0.00
       mux2_swap         0  (        0 /        0 )  0.00
       crit_dnsz         0  (        0 /        0 )  0.00
       load_swap         0  (        0 /        0 )  0.00
            fopt         0  (        0 /        0 )  0.00
        setup_dn         0  (        0 /        0 )  0.00
       load_isol         0  (        0 /        0 )  0.00
       load_isol         0  (        0 /        0 )  0.00
        move_for         0  (        0 /        0 )  0.00
        move_for         0  (        0 /        0 )  0.00
          rem_bi         0  (        0 /        0 )  0.00
         offload         0  (        0 /        0 )  0.00
          rem_bi         0  (        0 /        0 )  0.00
         offload         0  (        0 /        0 )  0.00
       merge_bit         0  (        0 /        0 )  0.00
     merge_idrvr         0  (        0 /        0 )  0.00
     merge_iload         0  (        0 /        0 )  0.00
    merge_idload         0  (        0 /        0 )  0.00
      merge_drvr         0  (        0 /        0 )  0.00
      merge_load         0  (        0 /        0 )  0.00
           phase         0  (        0 /        0 )  0.00
          decomp         0  (        0 /        0 )  0.00
        p_decomp         0  (        0 /        0 )  0.00
        levelize         0  (        0 /        0 )  0.00
        mb_split         0  (        0 /        0 )  0.00
        in_phase         0  (        0 /        0 )  0.00
             dup         0  (        0 /        0 )  0.00
      mux_retime         0  (        0 /        0 )  0.00
         buf2inv         0  (        0 /        0 )  0.00
             exp         0  (        0 /        0 )  0.00
       gate_deco         0  (        0 /        0 )  0.00
       gcomp_tim         0  (        0 /        0 )  0.00
  inv_pair_2_buf         0  (        0 /        0 )  0.00
 init_drc                   6486        0         0         0        0       11

           Trick     Calls     Accepts   Attempts    Time(secs) 
-----------------------------------------------------------
          plc_st         0  (        0 /        0 )  0.00
        plc_star         0  (        0 /        0 )  0.00
        drc_bufs         0  (        0 /        0 )  0.00
        drc_fopt         0  (        0 /        0 )  0.00
        drc_bufb         0  (        0 /        0 )  0.00
      simple_buf         0  (        0 /        0 )  0.00
             dup         0  (        0 /        0 )  0.00
       crit_dnsz         0  (        0 /        0 )  0.00
       crit_upsz         0  (        0 /        0 )  0.00
       crit_slew         0  (        0 /        0 )  0.00


           Trick     Calls     Accepts   Attempts    Time(secs) 
-----------------------------------------------------------
          plc_st         0  (        0 /        0 )  0.00
        plc_star         0  (        0 /        0 )  0.00
      drc_buf_sp         0  (        0 /        0 )  0.00
        drc_bufs         0  (        0 /        0 )  0.00
        drc_fopt         0  (        0 /        0 )  0.00
        drc_bufb         0  (        0 /        0 )  0.00
      simple_buf         0  (        0 /        0 )  0.00
             dup         0  (        0 /        0 )  0.00
       crit_dnsz         0  (        0 /        0 )  0.00
       crit_upsz         0  (        0 /        0 )  0.00

 incr_max_fo                6580        0         0         0        0        0

           Trick     Calls     Accepts   Attempts    Time(secs) 
-----------------------------------------------------------
          plc_st         2  (        0 /        0 )  0.00
        plc_star         2  (        0 /        0 )  0.00
      drc_buf_sp         4  (        2 /        2 )  0.01
        drc_bufs         0  (        0 /        0 )  0.00
        drc_fopt         0  (        0 /        0 )  0.00
        drc_bufb         0  (        0 /        0 )  0.00
             dup         0  (        0 /        0 )  0.00
       crit_dnsz         0  (        0 /        0 )  0.00
       crit_upsz         0  (        0 /        0 )  0.00

 init_tns                   6580        0         0         0        0        0

           Trick     Calls     Accepts   Attempts    Time(secs) 
-----------------------------------------------------------
            fopt         0  (        0 /        0 )  0.00
    plc_bal_star         0  (        0 /        0 )  0.00
     drc_buftimb         0  (        0 /        0 )  0.00
     drc_buftims         0  (        0 /        0 )  0.00
        crit_msz         0  (        0 /        0 )  0.00
       crit_upsz         0  (        0 /        0 )  0.00
   plc_laf_lo_st         0  (        0 /        0 )  0.00
       plc_lo_st         0  (        0 /        0 )  0.00
       crit_swap         0  (        0 /        0 )  0.00
       mux2_swap         0  (        0 /        0 )  0.00
       crit_dnsz         0  (        0 /        0 )  0.00
       load_swap         0  (        0 /        0 )  0.00
            fopt         0  (        0 /        0 )  0.00
        setup_dn         0  (        0 /        0 )  0.00
       load_isol         0  (        0 /        0 )  0.00
       load_isol         0  (        0 /        0 )  0.00
        move_for         0  (        0 /        0 )  0.00
        move_for         0  (        0 /        0 )  0.00
          rem_bi         0  (        0 /        0 )  0.00
         offload         0  (        0 /        0 )  0.00
          rem_bi         0  (        0 /        0 )  0.00
         offload         0  (        0 /        0 )  0.00
       merge_bit         0  (        0 /        0 )  0.00
     merge_idrvr         0  (        0 /        0 )  0.00
     merge_iload         0  (        0 /        0 )  0.00
    merge_idload         0  (        0 /        0 )  0.00
      merge_drvr         0  (        0 /        0 )  0.00
      merge_load         0  (        0 /        0 )  0.00
           phase         0  (        0 /        0 )  0.00
          decomp         0  (        0 /        0 )  0.00
        p_decomp         0  (        0 /        0 )  0.00
        levelize         0  (        0 /        0 )  0.00
        mb_split         0  (        0 /        0 )  0.00
             dup         0  (        0 /        0 )  0.00
      mux_retime         0  (        0 /        0 )  0.00
       crr_local         0  (        0 /        0 )  0.00
         buf2inv         0  (        0 /        0 )  0.00

 init_area                  6580        0         0         0        0        0
 rem_buf                    6520        0         0         0        0        0
 rem_inv                    6513        0         0         0        0        0
 rem_inv_qb                 6393        0         0         0        0        0
 io_phase                   6390        0         0         0        0        0
 glob_area                  6383        0         0         0        0        0

           Trick     Calls     Accepts   Attempts    Time(secs) 
-----------------------------------------------------------
           undup         0  (        0 /        0 )  0.00
         rem_buf         6  (        4 /        4 )  0.01
         rem_inv         1  (        1 /        1 )  0.00
        merge_bi         0  (        0 /        0 )  0.00
      rem_inv_qb        20  (        2 /        2 )  0.03
    seq_res_area         3  (        0 /        0 )  0.20
        io_phase         3  (        1 /        1 )  0.01
       gate_comp         3  (        0 /        0 )  0.02
       gcomp_mog         0  (        0 /        0 )  0.01
       glob_area        25  (        4 /       25 )  0.00
       area_down         0  (        0 /        0 )  0.00
      size_n_buf         0  (        0 /        0 )  0.00
  gate_deco_area         0  (        0 /        0 )  0.00
         rem_buf         2  (        0 /        0 )  0.00
         rem_inv         0  (        0 /        0 )  0.00
        merge_bi         0  (        0 /        0 )  0.00
      rem_inv_qb         0  (        0 /        0 )  0.00

 
Incremental optimization status
===============================
                                   Group   
                                  Tot Wrst     Total - - - - DRC Totals - - - -
                           Total  Weighted      Neg      Max       Max     Max  
Operation                   Area   Slacks      Slack    Trans      Cap   Fanout 
 init_delay                 6383        0         0         0        0        0

           Trick     Calls     Accepts   Attempts    Time(secs) 
-----------------------------------------------------------
         crr_220         0  (        0 /        0 )  0.00
        crr_glob         0  (        0 /        0 )  0.00
         crr_200         0  (        0 /        0 )  0.00
        crr_glob         0  (        0 /        0 )  0.00
         crr_300         0  (        0 /        0 )  0.00
        crr_glob         0  (        0 /        0 )  0.00
         crr_400         0  (        0 /        0 )  0.00
        crr_glob         0  (        0 /        0 )  0.00
         crr_111         0  (        0 /        0 )  0.00
        crr_glob         0  (        0 /        0 )  0.00
         crr_210         0  (        0 /        0 )  0.00
        crr_glob         0  (        0 /        0 )  0.00
         crr_110         0  (        0 /        0 )  0.00
        crr_glob         0  (        0 /        0 )  0.00
         crr_101         0  (        0 /        0 )  0.00
        crr_glob         0  (        0 /        0 )  0.00
         crr_201         0  (        0 /        0 )  0.00
        crr_glob         0  (        0 /        0 )  0.00
         crr_211         0  (        0 /        0 )  0.00
        crr_glob         0  (        0 /        0 )  0.00
        crit_msz         0  (        0 /        0 )  0.00
       crit_upsz         0  (        0 /        0 )  0.00
       crit_slew         0  (        0 /        0 )  0.00
        setup_dn         0  (        0 /        0 )  0.00
    plc_bal_star         0  (        0 /        0 )  0.00
     drc_buftimb         0  (        0 /        0 )  0.00
          plc_st         0  (        0 /        0 )  0.00
    plc_st_fence         0  (        0 /        0 )  0.00
        plc_star         0  (        0 /        0 )  0.00
      plc_laf_st         0  (        0 /        0 )  0.00
 plc_laf_st_fence         0  (        0 /        0 )  0.00
     drc_buftims         0  (        0 /        0 )  0.00
       plc_lo_st         0  (        0 /        0 )  0.00
            fopt         0  (        0 /        0 )  0.00
       crit_swap         0  (        0 /        0 )  0.00
       mux2_swap         0  (        0 /        0 )  0.00
       crit_dnsz         0  (        0 /        0 )  0.00
       load_swap         0  (        0 /        0 )  0.00
            fopt         0  (        0 /        0 )  0.00
        setup_dn         0  (        0 /        0 )  0.00
       load_isol         0  (        0 /        0 )  0.00
       load_isol         0  (        0 /        0 )  0.00
        move_for         0  (        0 /        0 )  0.00
        move_for         0  (        0 /        0 )  0.00
          rem_bi         0  (        0 /        0 )  0.00
         offload         0  (        0 /        0 )  0.00
          rem_bi         0  (        0 /        0 )  0.00
         offload         0  (        0 /        0 )  0.00
       merge_bit         0  (        0 /        0 )  0.00
     merge_idrvr         0  (        0 /        0 )  0.00
     merge_iload         0  (        0 /        0 )  0.00
    merge_idload         0  (        0 /        0 )  0.00
      merge_drvr         0  (        0 /        0 )  0.00
      merge_load         0  (        0 /        0 )  0.00
           phase         0  (        0 /        0 )  0.00
          decomp         0  (        0 /        0 )  0.00
        p_decomp         0  (        0 /        0 )  0.00
        levelize         0  (        0 /        0 )  0.00
        mb_split         0  (        0 /        0 )  0.00
        in_phase         0  (        0 /        0 )  0.00
             dup         0  (        0 /        0 )  0.00
      mux_retime         0  (        0 /        0 )  0.00
         buf2inv         0  (        0 /        0 )  0.00
             exp         0  (        0 /        0 )  0.00
       gate_deco         0  (        0 /        0 )  0.00
       gcomp_tim         0  (        0 /        0 )  0.00
  inv_pair_2_buf         0  (        0 /        0 )  0.00
 init_drc                   6383        0         0         0        0        0

           Trick     Calls     Accepts   Attempts    Time(secs) 
-----------------------------------------------------------
          plc_st         0  (        0 /        0 )  0.00
        plc_star         0  (        0 /        0 )  0.00
        drc_bufs         0  (        0 /        0 )  0.00
        drc_fopt         0  (        0 /        0 )  0.00
        drc_bufb         0  (        0 /        0 )  0.00
      simple_buf         0  (        0 /        0 )  0.00
             dup         0  (        0 /        0 )  0.00
       crit_dnsz         0  (        0 /        0 )  0.00
       crit_upsz         0  (        0 /        0 )  0.00
       crit_slew         0  (        0 /        0 )  0.00


           Trick     Calls     Accepts   Attempts    Time(secs) 
-----------------------------------------------------------
          plc_st         0  (        0 /        0 )  0.00
        plc_star         0  (        0 /        0 )  0.00
        drc_bufs         0  (        0 /        0 )  0.00
        drc_fopt         0  (        0 /        0 )  0.00
        drc_bufb         0  (        0 /        0 )  0.00
      simple_buf         0  (        0 /        0 )  0.00
             dup         0  (        0 /        0 )  0.00
       crit_dnsz         0  (        0 /        0 )  0.00
       crit_upsz         0  (        0 /        0 )  0.00


           Trick     Calls     Accepts   Attempts    Time(secs) 
-----------------------------------------------------------
          plc_st         0  (        0 /        0 )  0.00
        plc_star         0  (        0 /        0 )  0.00
        drc_bufs         0  (        0 /        0 )  0.00
        drc_fopt         0  (        0 /        0 )  0.00
        drc_bufb         0  (        0 /        0 )  0.00
             dup         0  (        0 /        0 )  0.00
       crit_dnsz         0  (        0 /        0 )  0.00
       crit_upsz         0  (        0 /        0 )  0.00

 init_tns                   6383        0         0         0        0        0

           Trick     Calls     Accepts   Attempts    Time(secs) 
-----------------------------------------------------------
            fopt         0  (        0 /        0 )  0.00
    plc_bal_star         0  (        0 /        0 )  0.00
     drc_buftimb         0  (        0 /        0 )  0.00
     drc_buftims         0  (        0 /        0 )  0.00
        crit_msz         0  (        0 /        0 )  0.00
       crit_upsz         0  (        0 /        0 )  0.00
   plc_laf_lo_st         0  (        0 /        0 )  0.00
       plc_lo_st         0  (        0 /        0 )  0.00
       crit_swap         0  (        0 /        0 )  0.00
       mux2_swap         0  (        0 /        0 )  0.00
       crit_dnsz         0  (        0 /        0 )  0.00
       load_swap         0  (        0 /        0 )  0.00
            fopt         0  (        0 /        0 )  0.00
        setup_dn         0  (        0 /        0 )  0.00
       load_isol         0  (        0 /        0 )  0.00
       load_isol         0  (        0 /        0 )  0.00
        move_for         0  (        0 /        0 )  0.00
        move_for         0  (        0 /        0 )  0.00
          rem_bi         0  (        0 /        0 )  0.00
         offload         0  (        0 /        0 )  0.00
          rem_bi         0  (        0 /        0 )  0.00
         offload         0  (        0 /        0 )  0.00
       merge_bit         0  (        0 /        0 )  0.00
     merge_idrvr         0  (        0 /        0 )  0.00
     merge_iload         0  (        0 /        0 )  0.00
    merge_idload         0  (        0 /        0 )  0.00
      merge_drvr         0  (        0 /        0 )  0.00
      merge_load         0  (        0 /        0 )  0.00
           phase         0  (        0 /        0 )  0.00
          decomp         0  (        0 /        0 )  0.00
        p_decomp         0  (        0 /        0 )  0.00
        levelize         0  (        0 /        0 )  0.00
        mb_split         0  (        0 /        0 )  0.00
             dup         0  (        0 /        0 )  0.00
      mux_retime         0  (        0 /        0 )  0.00
       crr_local         0  (        0 /        0 )  0.00
         buf2inv         0  (        0 /        0 )  0.00

 init_area                  6383        0         0         0        0        0

           Trick     Calls     Accepts   Attempts    Time(secs) 
-----------------------------------------------------------
           undup         0  (        0 /        0 )  0.00
         rem_buf         2  (        0 /        0 )  0.00
         rem_inv         0  (        0 /        0 )  0.00
        merge_bi         0  (        0 /        0 )  0.00
      rem_inv_qb         0  (        0 /        0 )  0.00
        io_phase         2  (        0 /        0 )  0.01
       gate_comp         3  (        0 /        0 )  0.02
       gcomp_mog         0  (        0 /        0 )  0.01
       glob_area        23  (        0 /       23 )  0.00
       area_down         0  (        0 /        0 )  0.00
      size_n_buf         0  (        0 /        0 )  0.00
  gate_deco_area         0  (        0 /        0 )  0.00

 
Incremental optimization status
===============================
                                   Group   
                                  Tot Wrst     Total - - - - DRC Totals - - - -
                           Total  Weighted      Neg      Max       Max     Max  
Operation                   Area   Slacks      Slack    Trans      Cap   Fanout 
 init_delay                 6383        0         0         0        0        0

           Trick     Calls     Accepts   Attempts    Time(secs) 
-----------------------------------------------------------
        crit_msz         0  (        0 /        0 )  0.00
       crit_upsz         0  (        0 /        0 )  0.00
       crit_slew         0  (        0 /        0 )  0.00
        setup_dn         0  (        0 /        0 )  0.00
    plc_bal_star         0  (        0 /        0 )  0.00
     drc_buftimb         0  (        0 /        0 )  0.00
          plc_st         0  (        0 /        0 )  0.00
    plc_st_fence         0  (        0 /        0 )  0.00
        plc_star         0  (        0 /        0 )  0.00
      plc_laf_st         0  (        0 /        0 )  0.00
 plc_laf_st_fence         0  (        0 /        0 )  0.00
     drc_buftims         0  (        0 /        0 )  0.00
   plc_laf_lo_st         0  (        0 /        0 )  0.00
       plc_lo_st         0  (        0 /        0 )  0.00
            fopt         0  (        0 /        0 )  0.00
       crit_swap         0  (        0 /        0 )  0.00
       mux2_swap         0  (        0 /        0 )  0.00
       crit_dnsz         0  (        0 /        0 )  0.00
       load_swap         0  (        0 /        0 )  0.00
            fopt         0  (        0 /        0 )  0.00
        setup_dn         0  (        0 /        0 )  0.00
       load_isol         0  (        0 /        0 )  0.00
       load_isol         0  (        0 /        0 )  0.00
        move_for         0  (        0 /        0 )  0.00
        move_for         0  (        0 /        0 )  0.00
          rem_bi         0  (        0 /        0 )  0.00
         offload         0  (        0 /        0 )  0.00
          rem_bi         0  (        0 /        0 )  0.00
         offload         0  (        0 /        0 )  0.00
           phase         0  (        0 /        0 )  0.00
        in_phase         0  (        0 /        0 )  0.00
       merge_bit         0  (        0 /        0 )  0.00
     merge_idrvr         0  (        0 /        0 )  0.00
     merge_iload         0  (        0 /        0 )  0.00
    merge_idload         0  (        0 /        0 )  0.00
      merge_drvr         0  (        0 /        0 )  0.00
      merge_load         0  (        0 /        0 )  0.00
          decomp         0  (        0 /        0 )  0.00
        p_decomp         0  (        0 /        0 )  0.00
        levelize         0  (        0 /        0 )  0.00
        mb_split         0  (        0 /        0 )  0.00
             dup         0  (        0 /        0 )  0.00
      mux_retime         0  (        0 /        0 )  0.00
         buf2inv         0  (        0 /        0 )  0.00
             exp         0  (        0 /        0 )  0.00
       gate_deco         0  (        0 /        0 )  0.00
       gcomp_tim         0  (        0 /        0 )  0.00
  inv_pair_2_buf         0  (        0 /        0 )  0.00

 init_drc                   6383        0         0         0        0        0

           Trick     Calls     Accepts   Attempts    Time(secs) 
-----------------------------------------------------------
          plc_st         0  (        0 /        0 )  0.00
        plc_star         0  (        0 /        0 )  0.00
        drc_bufs         0  (        0 /        0 )  0.00
        drc_fopt         0  (        0 /        0 )  0.00
        drc_bufb         0  (        0 /        0 )  0.00
      simple_buf         0  (        0 /        0 )  0.00
             dup         0  (        0 /        0 )  0.00
       crit_dnsz         0  (        0 /        0 )  0.00
       crit_upsz         0  (        0 /        0 )  0.00
       crit_slew         0  (        0 /        0 )  0.00


           Trick     Calls     Accepts   Attempts    Time(secs) 
-----------------------------------------------------------
          plc_st         0  (        0 /        0 )  0.00
        plc_star         0  (        0 /        0 )  0.00
        drc_bufs         0  (        0 /        0 )  0.00
        drc_fopt         0  (        0 /        0 )  0.00
        drc_bufb         0  (        0 /        0 )  0.00
      simple_buf         0  (        0 /        0 )  0.00
             dup         0  (        0 /        0 )  0.00
       crit_dnsz         0  (        0 /        0 )  0.00
       crit_upsz         0  (        0 /        0 )  0.00


           Trick     Calls     Accepts   Attempts    Time(secs) 
-----------------------------------------------------------
          plc_st         0  (        0 /        0 )  0.00
        plc_star         0  (        0 /        0 )  0.00
        drc_bufs         0  (        0 /        0 )  0.00
        drc_fopt         0  (        0 /        0 )  0.00
        drc_bufb         0  (        0 /        0 )  0.00
             dup         0  (        0 /        0 )  0.00
       crit_dnsz         0  (        0 /        0 )  0.00
       crit_upsz         0  (        0 /        0 )  0.00

==================================
Stage : incr_opt 
==================================
  =================
   Message Summary
  =================
---------------------------------------------------------------------------
|   Id   |  Sev  |Count|                   Message Text                   |
---------------------------------------------------------------------------
|CFM-1   |Info   |    1|Wrote dofile.                                     |
|CFM-5   |Info   |    1|Wrote formal verification information.            |
|PA-7    |Info   |    4|Resetting power analysis results.                 |
|        |       |     |All computed switching activities are removed.    |
|SYNTH-5 |Info   |    1|Done mapping.                                     |
|SYNTH-7 |Info   |    1|Incrementally optimizing.                         |
|SYNTH-33|Warning|    1|The selected flow setting will be removed in a    |
|        |       |     | future release.                                  |
|        |       |     |Contact Cadence support to understand current     |
|        |       |     | flows.                                           |
---------------------------------------------------------------------------
Info    : Done incrementally optimizing. [SYNTH-8]
        : Done incrementally optimizing 'aer_pending_direct_gray_sync_core_reset'.
      flow.cputime  flow.realtime  timing.setup.tns  timing.setup.wns  snapshot
UM:*                                                                   syn_opt
@file(p8dgscr_genus_explore.tcl) 46: file mkdir $report_dir $input_dir
@file(p8dgscr_genus_explore.tcl) 47: report_area > [file join $report_dir genus_area.rpt]
@file(p8dgscr_genus_explore.tcl) 48: report_gates > [file join $report_dir genus_gates.rpt]
@file(p8dgscr_genus_explore.tcl) 49: report_timing -max_paths 50 > [file join $report_dir genus_timing.rpt]
@file(p8dgscr_genus_explore.tcl) 50: report_power > [file join $report_dir genus_power.rpt]
Info    : Joules engine is used. [RPT-16]
        : Joules engine is being used for the command report_power.
Info   : ACTP-0001 [ACTPInfo] Activity propagation started for stim#0 netlist
       : aer_pending_direct_gray_sync_core_reset
Info   : ACTP-0009 [ACTPInfo] Activity Propagation Progress Report :   0%   1%   2%   3%   4%   5%   6%   7%   8%   9%  10%  11%  12%  13%  14%  15%  16%  17%  18%  19%  20%  21%  22%  23%  24%  25%  26%  27%  28%  29%  30%  31%  32%  33%  34%  35%  36%  37%  38%  39%  40%  41%  42%  43%  44%  45%  46%  47%  48%  49%  50%  51%  52%  53%  54%  55%  56%  57%  58%  59%  60%  61%  62%  63%  64%  65%  66%  67%  68%  69%  70%  71%  72%  73%  74%  75%  76%  77%  78%  79%  80%  81%  82%  83%  84%  85%  86%  87%  88%  89%  90%  91%  92%  93%  94%  95%  96%  97%  98%  99% 100%
Info   : ACTP-0001 Activity propagation ended for stim#0
Info   : PWRA-0001 [PwrInfo] compute_power effective options 
       : -mode : vectorless
       : -skip_propagation : 1
       : -frequency_scaling_factor : 1.0
       : -use_clock_freq : stim
       : -stim :/stim#0
       : -fromGenus : 1
Info   : ACTP-0001 Timing initialization started
Info   : ACTP-0001 Timing initialization ended
Info   : PWRA-0002 [PwrInfo] Skipping activity propagation due to -skip_ap
       : option....
Warning: PWRA-0302 [PwrWarn] Frequency scaling is not applicable for vectorless
       : flow. Ignoring frequency scaling.
Warning: PWRA-0304 [PwrWarn] -stim option is not applicable with vectorless mode
       : of power analysis, ignored this option.
Info   : PWRA-0002 Started 'vectorless' power computation.
Info   : PWRA-0009 [PwrInfo] Power Computation Progress Report :   0%   1%   2%   3%   4%   5%   6%   7%   8%   9%  10%  11%  12%  13%  14%  15%  16%  17%  18%  19%  20%  21%  22%  23%  24%  25%  26%  27%  28%  29%  30%  31%  32%  33%  34%  35%  36%  37%  38%  39%  40%  41%  42%  43%  44%  45%  46%  47%  48%  49%  50%  51%  52%  53%  54%  55%  56%  57%  58%  59%  60%  61%  62%  63%  64%  65%  66%  67%  68%  69%  70%  71%  72%  73%  74%  75%  76%  77%  78%  79%  80%  81%  82%  83%  84%  85%  86%  87%  88%  89%  90%  91%  92%  93%  94%  95%  96%  97%  98%  99% 100%
Info   : PWRA-0002 Finished power computation.
Info   : PWRA-0007 [PwrInfo] Completed successfully.
       : Info=6, Warn=2, Error=0, Fatal=0
Output file: <REMOTE_HOME>/aer_2026/p8dgscr_pnr_180nm_v2/reports/p8dgscr/genus_power.rpt
@file(p8dgscr_genus_explore.tcl) 51: report_qor > [file join $report_dir genus_qor.rpt]
@file(p8dgscr_genus_explore.tcl) 52: write_hdl > [file join $input_dir aer_pending_direct_gray_sync_core_reset_pnr.v]
@file(p8dgscr_genus_explore.tcl) 53: puts "P8DGSCR_GENUS_DONE"
P8DGSCR_GENUS_DONE
@file(p8dgscr_genus_explore.tcl) 54: exit

Lic Summary:
[02:45:47.142496] Cdslmd servers: snu
[02:45:47.666793] Feature usage summary:
[02:45:47.666794] Genus_Synthesis

Normal exit.
