###############################################################
#  Generated by:      Cadence Innovus 23.14-s088_1
#  OS:                Linux x86_64(Host ID <REMOTE_HOST>)
#  Generated on:      Fri Aug 21 04:16:25 2026
#  Design:            aer_pending_direct_gray_sync_core_reset
#  Command:           report_timing -max_paths 50 > [file join $report_dir postroute_setup_timing.rpt]
###############################################################
Path 1: MET Setup Check with Pin req_sync_q_reg[7]/CK 
Endpoint:   req_sync_q_reg[7]/D (v) checked with  leading edge of 'clk'
Beginpoint: req_meta_q_reg[7]/Q (v) triggered by  leading edge of '@'
Path Groups: {clk}
Analysis View: setup_view
Other End Arrival Time          0.174
- Setup                         0.249
+ Path Delay                    0.900
- Uncertainty                   0.200
= Required Time                 0.625
- Arrival Time                  0.425
= Slack Time                    0.200
     Clock Rise Edge                      0.000
     = Beginpoint Arrival Time            0.000
     +----------------------------------------------------------------------------+ 
     |       Instance        |    Arc     |   Cell   | Delay | Arrival | Required | 
     |                       |            |          |       |  Time   |   Time   | 
     |-----------------------+------------+----------+-------+---------+----------| 
     | req_meta_q_reg[7]     | Q v        |          |       |   0.000 |    0.200 | 
     | FE_PHC11_req_meta_q_7 | A v -> Y v | BUFX3    | 0.157 |   0.157 |    0.357 | 
     | FE_PHC66_req_meta_q_7 | A v -> Y v | BUFX3    | 0.139 |   0.296 |    0.496 | 
     | FE_PHC49_req_meta_q_7 | A v -> Y v | CLKBUFX1 | 0.129 |   0.425 |    0.625 | 
     | req_sync_q_reg[7]     | D v        | DFFX1    | 0.000 |   0.425 |    0.625 | 
     +----------------------------------------------------------------------------+ 
Path 2: MET Setup Check with Pin req_sync_q_reg[9]/CK 
Endpoint:   req_sync_q_reg[9]/D (v) checked with  leading edge of 'clk'
Beginpoint: req_meta_q_reg[9]/Q (v) triggered by  leading edge of '@'
Path Groups: {clk}
Analysis View: setup_view
Other End Arrival Time          0.174
- Setup                         0.247
+ Path Delay                    0.900
- Uncertainty                   0.200
= Required Time                 0.627
- Arrival Time                  0.411
= Slack Time                    0.216
     Clock Rise Edge                      0.000
     = Beginpoint Arrival Time            0.000
     +----------------------------------------------------------------------------+ 
     |       Instance        |    Arc     |   Cell   | Delay | Arrival | Required | 
     |                       |            |          |       |  Time   |   Time   | 
     |-----------------------+------------+----------+-------+---------+----------| 
     | req_meta_q_reg[9]     | Q v        |          |       |   0.000 |    0.216 | 
     | FE_PHC15_req_meta_q_9 | A v -> Y v | CLKBUFX3 | 0.155 |   0.155 |    0.371 | 
     | FE_PHC63_req_meta_q_9 | A v -> Y v | BUFX3    | 0.135 |   0.290 |    0.506 | 
     | FE_PHC48_req_meta_q_9 | A v -> Y v | CLKBUFX1 | 0.121 |   0.411 |    0.627 | 
     | req_sync_q_reg[9]     | D v        | DFFX1    | 0.000 |   0.411 |    0.627 | 
     +----------------------------------------------------------------------------+ 
Path 3: MET Setup Check with Pin req_sync_q_reg[15]/CK 
Endpoint:   req_sync_q_reg[15]/D (v) checked with  leading edge of 'clk'
Beginpoint: req_meta_q_reg[15]/Q (v) triggered by  leading edge of '@'
Path Groups: {clk}
Analysis View: setup_view
Other End Arrival Time          0.174
- Setup                         0.247
+ Path Delay                    0.900
- Uncertainty                   0.200
= Required Time                 0.627
- Arrival Time                  0.407
= Slack Time                    0.221
     Clock Rise Edge                      0.000
     = Beginpoint Arrival Time            0.000
     +-----------------------------------------------------------------------------+ 
     |        Instance        |    Arc     |   Cell   | Delay | Arrival | Required | 
     |                        |            |          |       |  Time   |   Time   | 
     |------------------------+------------+----------+-------+---------+----------| 
     | req_meta_q_reg[15]     | Q v        |          |       |   0.000 |    0.221 | 
     | FE_PHC14_req_meta_q_15 | A v -> Y v | CLKBUFX3 | 0.155 |   0.155 |    0.376 | 
     | FE_PHC62_req_meta_q_15 | A v -> Y v | BUFX3    | 0.133 |   0.289 |    0.509 | 
     | FE_PHC46_req_meta_q_15 | A v -> Y v | CLKBUFX1 | 0.118 |   0.407 |    0.627 | 
     | req_sync_q_reg[15]     | D v        | DFFX1    | 0.000 |   0.407 |    0.627 | 
     +-----------------------------------------------------------------------------+ 
Path 4: MET Setup Check with Pin req_sync_q_reg[8]/CK 
Endpoint:   req_sync_q_reg[8]/D (v) checked with  leading edge of 'clk'
Beginpoint: req_meta_q_reg[8]/Q (v) triggered by  leading edge of '@'
Path Groups: {clk}
Analysis View: setup_view
Other End Arrival Time          0.174
- Setup                         0.249
+ Path Delay                    0.900
- Uncertainty                   0.200
= Required Time                 0.624
- Arrival Time                  0.404
= Slack Time                    0.221
     Clock Rise Edge                      0.000
     = Beginpoint Arrival Time            0.000
     +----------------------------------------------------------------------------+ 
     |       Instance        |    Arc     |   Cell   | Delay | Arrival | Required | 
     |                       |            |          |       |  Time   |   Time   | 
     |-----------------------+------------+----------+-------+---------+----------| 
     | req_meta_q_reg[8]     | Q v        |          |       |   0.000 |    0.221 | 
     | FE_PHC7_req_meta_q_8  | A v -> Y v | BUFX3    | 0.145 |   0.145 |    0.365 | 
     | FE_PHC65_req_meta_q_8 | A v -> Y v | BUFX3    | 0.130 |   0.275 |    0.496 | 
     | FE_PHC43_req_meta_q_8 | A v -> Y v | CLKBUFX1 | 0.129 |   0.403 |    0.624 | 
     | req_sync_q_reg[8]     | D v        | DFFX1    | 0.000 |   0.404 |    0.624 | 
     +----------------------------------------------------------------------------+ 
Path 5: MET Setup Check with Pin req_sync_q_reg[5]/CK 
Endpoint:   req_sync_q_reg[5]/D (v) checked with  leading edge of 'clk'
Beginpoint: req_meta_q_reg[5]/Q (v) triggered by  leading edge of '@'
Path Groups: {clk}
Analysis View: setup_view
Other End Arrival Time          0.174
- Setup                         0.248
+ Path Delay                    0.900
- Uncertainty                   0.200
= Required Time                 0.625
- Arrival Time                  0.404
= Slack Time                    0.221
     Clock Rise Edge                      0.000
     = Beginpoint Arrival Time            0.000
     +----------------------------------------------------------------------------+ 
     |       Instance        |    Arc     |   Cell   | Delay | Arrival | Required | 
     |                       |            |          |       |  Time   |   Time   | 
     |-----------------------+------------+----------+-------+---------+----------| 
     | req_meta_q_reg[5]     | Q v        |          |       |   0.000 |    0.221 | 
     | FE_PHC64_req_meta_q_5 | A v -> Y v | BUFX3    | 0.152 |   0.152 |    0.373 | 
     | FE_PHC41_req_meta_q_5 | A v -> Y v | BUFX3    | 0.127 |   0.280 |    0.501 | 
     | FE_PHC16_req_meta_q_5 | A v -> Y v | CLKBUFX1 | 0.124 |   0.404 |    0.625 | 
     | req_sync_q_reg[5]     | D v        | DFFX1    | 0.000 |   0.404 |    0.625 | 
     +----------------------------------------------------------------------------+ 
Path 6: MET Setup Check with Pin req_sync_q_reg[14]/CK 
Endpoint:   req_sync_q_reg[14]/D (v) checked with  leading edge of 'clk'
Beginpoint: req_meta_q_reg[14]/Q (v) triggered by  leading edge of '@'
Path Groups: {clk}
Analysis View: setup_view
Other End Arrival Time          0.175
- Setup                         0.247
+ Path Delay                    0.900
- Uncertainty                   0.200
= Required Time                 0.628
- Arrival Time                  0.396
= Slack Time                    0.233
     Clock Rise Edge                      0.000
     = Beginpoint Arrival Time            0.000
     +-----------------------------------------------------------------------------+ 
     |        Instance        |    Arc     |   Cell   | Delay | Arrival | Required | 
     |                        |            |          |       |  Time   |   Time   | 
     |------------------------+------------+----------+-------+---------+----------| 
     | req_meta_q_reg[14]     | Q v        |          |       |   0.000 |    0.233 | 
     | FE_PHC9_req_meta_q_14  | A v -> Y v | BUFX3    | 0.148 |   0.148 |    0.380 | 
     | FE_PHC60_req_meta_q_14 | A v -> Y v | BUFX3    | 0.129 |   0.277 |    0.509 | 
     | FE_PHC39_req_meta_q_14 | A v -> Y v | CLKBUFX1 | 0.119 |   0.396 |    0.628 | 
     | req_sync_q_reg[14]     | D v        | DFFX1    | 0.000 |   0.396 |    0.628 | 
     +-----------------------------------------------------------------------------+ 
Path 7: MET Setup Check with Pin req_sync_q_reg[2]/CK 
Endpoint:   req_sync_q_reg[2]/D (v) checked with  leading edge of 'clk'
Beginpoint: req_meta_q_reg[2]/Q (v) triggered by  leading edge of '@'
Path Groups: {clk}
Analysis View: setup_view
Other End Arrival Time          0.173
- Setup                         0.247
+ Path Delay                    0.900
- Uncertainty                   0.200
= Required Time                 0.626
- Arrival Time                  0.391
= Slack Time                    0.235
     Clock Rise Edge                      0.000
     = Beginpoint Arrival Time            0.000
     +----------------------------------------------------------------------------+ 
     |       Instance        |    Arc     |   Cell   | Delay | Arrival | Required | 
     |                       |            |          |       |  Time   |   Time   | 
     |-----------------------+------------+----------+-------+---------+----------| 
     | req_meta_q_reg[2]     | Q v        |          |       |   0.000 |    0.235 | 
     | FE_PHC3_req_meta_q_2  | A v -> Y v | BUFX3    | 0.143 |   0.143 |    0.378 | 
     | FE_PHC61_req_meta_q_2 | A v -> Y v | BUFX3    | 0.127 |   0.271 |    0.506 | 
     | FE_PHC42_req_meta_q_2 | A v -> Y v | CLKBUFX1 | 0.120 |   0.391 |    0.626 | 
     | req_sync_q_reg[2]     | D v        | DFFX1    | 0.000 |   0.391 |    0.626 | 
     +----------------------------------------------------------------------------+ 
Path 8: MET Setup Check with Pin req_sync_q_reg[13]/CK 
Endpoint:   req_sync_q_reg[13]/D (v) checked with  leading edge of 'clk'
Beginpoint: req_meta_q_reg[13]/Q (v) triggered by  leading edge of '@'
Path Groups: {clk}
Analysis View: setup_view
Other End Arrival Time          0.174
- Setup                         0.246
+ Path Delay                    0.900
- Uncertainty                   0.200
= Required Time                 0.628
- Arrival Time                  0.382
= Slack Time                    0.246
     Clock Rise Edge                      0.000
     = Beginpoint Arrival Time            0.000
     +-----------------------------------------------------------------------------+ 
     |        Instance        |    Arc     |   Cell   | Delay | Arrival | Required | 
     |                        |            |          |       |  Time   |   Time   | 
     |------------------------+------------+----------+-------+---------+----------| 
     | req_meta_q_reg[13]     | Q v        |          |       |   0.000 |    0.246 | 
     | FE_PHC13_req_meta_q_13 | A v -> Y v | BUFX3    | 0.140 |   0.140 |    0.387 | 
     | FE_PHC59_req_meta_q_13 | A v -> Y v | BUFX3    | 0.126 |   0.266 |    0.513 | 
     | FE_PHC38_req_meta_q_13 | A v -> Y v | CLKBUFX1 | 0.116 |   0.382 |    0.628 | 
     | req_sync_q_reg[13]     | D v        | DFFX1    | 0.000 |   0.382 |    0.628 | 
     +-----------------------------------------------------------------------------+ 
Path 9: MET Setup Check with Pin req_sync_q_reg[0]/CK 
Endpoint:   req_sync_q_reg[0]/D (v) checked with  leading edge of 'clk'
Beginpoint: req_meta_q_reg[0]/Q (v) triggered by  leading edge of '@'
Path Groups: {clk}
Analysis View: setup_view
Other End Arrival Time          0.173
- Setup                         0.242
+ Path Delay                    0.900
- Uncertainty                   0.200
= Required Time                 0.631
- Arrival Time                  0.340
= Slack Time                    0.291
     Clock Rise Edge                      0.000
     = Beginpoint Arrival Time            0.000
     +----------------------------------------------------------------------------+ 
     |       Instance        |    Arc     |   Cell   | Delay | Arrival | Required | 
     |                       |            |          |       |  Time   |   Time   | 
     |-----------------------+------------+----------+-------+---------+----------| 
     | req_meta_q_reg[0]     | Q v        |          |       |   0.000 |    0.291 | 
     | FE_PHC2_req_meta_q_0  | A v -> Y v | CLKBUFX1 | 0.188 |   0.188 |    0.479 | 
     | FE_PHC52_req_meta_q_0 | A v -> Y v | CLKBUFX8 | 0.152 |   0.340 |    0.631 | 
     | req_sync_q_reg[0]     | D v        | DFFX1    | 0.000 |   0.340 |    0.631 | 
     +----------------------------------------------------------------------------+ 
Path 10: MET Setup Check with Pin req_sync_q_reg[3]/CK 
Endpoint:   req_sync_q_reg[3]/D (v) checked with  leading edge of 'clk'
Beginpoint: req_meta_q_reg[3]/Q (v) triggered by  leading edge of '@'
Path Groups: {clk}
Analysis View: setup_view
Other End Arrival Time          0.172
- Setup                         0.242
+ Path Delay                    0.900
- Uncertainty                   0.200
= Required Time                 0.630
- Arrival Time                  0.339
= Slack Time                    0.292
     Clock Rise Edge                      0.000
     = Beginpoint Arrival Time            0.000
     +----------------------------------------------------------------------------+ 
     |       Instance        |    Arc     |   Cell   | Delay | Arrival | Required | 
     |                       |            |          |       |  Time   |   Time   | 
     |-----------------------+------------+----------+-------+---------+----------| 
     | req_meta_q_reg[3]     | Q v        |          |       |   0.000 |    0.292 | 
     | FE_PHC4_req_meta_q_3  | A v -> Y v | CLKBUFX1 | 0.187 |   0.187 |    0.479 | 
     | FE_PHC51_req_meta_q_3 | A v -> Y v | CLKBUFX8 | 0.152 |   0.339 |    0.630 | 
     | req_sync_q_reg[3]     | D v        | DFFX1    | 0.000 |   0.339 |    0.630 | 
     +----------------------------------------------------------------------------+ 
Path 11: MET Setup Check with Pin req_sync_q_reg[1]/CK 
Endpoint:   req_sync_q_reg[1]/D (v) checked with  leading edge of 'clk'
Beginpoint: req_meta_q_reg[1]/Q (v) triggered by  leading edge of '@'
Path Groups: {clk}
Analysis View: setup_view
Other End Arrival Time          0.174
- Setup                         0.242
+ Path Delay                    0.900
- Uncertainty                   0.200
= Required Time                 0.632
- Arrival Time                  0.318
= Slack Time                    0.313
     Clock Rise Edge                      0.000
     = Beginpoint Arrival Time            0.000
     +----------------------------------------------------------------------------+ 
     |       Instance        |    Arc     |   Cell   | Delay | Arrival | Required | 
     |                       |            |          |       |  Time   |   Time   | 
     |-----------------------+------------+----------+-------+---------+----------| 
     | req_meta_q_reg[1]     | Q v        |          |       |   0.000 |    0.313 | 
     | FE_PHC6_req_meta_q_1  | A v -> Y v | CLKBUFX1 | 0.173 |   0.173 |    0.487 | 
     | FE_PHC47_req_meta_q_1 | A v -> Y v | CLKBUFX8 | 0.145 |   0.318 |    0.632 | 
     | req_sync_q_reg[1]     | D v        | DFFX1    | 0.000 |   0.318 |    0.632 | 
     +----------------------------------------------------------------------------+ 
Path 12: MET Setup Check with Pin req_sync_q_reg[11]/CK 
Endpoint:   req_sync_q_reg[11]/D (v) checked with  leading edge of 'clk'
Beginpoint: req_meta_q_reg[11]/Q (v) triggered by  leading edge of '@'
Path Groups: {clk}
Analysis View: setup_view
Other End Arrival Time          0.174
- Setup                         0.243
+ Path Delay                    0.900
- Uncertainty                   0.200
= Required Time                 0.631
- Arrival Time                  0.312
= Slack Time                    0.319
     Clock Rise Edge                      0.000
     = Beginpoint Arrival Time            0.000
     +-----------------------------------------------------------------------------+ 
     |        Instance        |    Arc     |   Cell   | Delay | Arrival | Required | 
     |                        |            |          |       |  Time   |   Time   | 
     |------------------------+------------+----------+-------+---------+----------| 
     | req_meta_q_reg[11]     | Q v        |          |       |   0.000 |    0.319 | 
     | FE_PHC8_req_meta_q_11  | A v -> Y v | CLKBUFX1 | 0.159 |   0.159 |    0.478 | 
     | FE_PHC45_req_meta_q_11 | A v -> Y v | CLKBUFX4 | 0.153 |   0.312 |    0.631 | 
     | req_sync_q_reg[11]     | D v        | DFFX1    | 0.000 |   0.312 |    0.631 | 
     +-----------------------------------------------------------------------------+ 
Path 13: MET Setup Check with Pin req_sync_q_reg[4]/CK 
Endpoint:   req_sync_q_reg[4]/D (v) checked with  leading edge of 'clk'
Beginpoint: req_meta_q_reg[4]/Q (v) triggered by  leading edge of '@'
Path Groups: {clk}
Analysis View: setup_view
Other End Arrival Time          0.174
- Setup                         0.247
+ Path Delay                    0.900
- Uncertainty                   0.200
= Required Time                 0.626
- Arrival Time                  0.302
= Slack Time                    0.325
     Clock Rise Edge                      0.000
     = Beginpoint Arrival Time            0.000
     +----------------------------------------------------------------------------+ 
     |       Instance        |    Arc     |   Cell   | Delay | Arrival | Required | 
     |                       |            |          |       |  Time   |   Time   | 
     |-----------------------+------------+----------+-------+---------+----------| 
     | req_meta_q_reg[4]     | Q v        |          |       |   0.000 |    0.325 | 
     | FE_PHC10_req_meta_q_4 | A v -> Y v | CLKBUFX1 | 0.164 |   0.164 |    0.488 | 
     | FE_PHC36_req_meta_q_4 | A v -> Y v | CLKBUFX1 | 0.138 |   0.302 |    0.626 | 
     | req_sync_q_reg[4]     | D v        | DFFX1    | 0.000 |   0.302 |    0.626 | 
     +----------------------------------------------------------------------------+ 
Path 14: MET Setup Check with Pin reset_release_q_reg[1]/CK 
Endpoint:   reset_release_q_reg[1]/D (v) checked with  leading edge of 'clk'
Beginpoint: reset_release_q_reg[0]/Q (v) triggered by  leading edge of '@'
Path Groups: {clk}
Analysis View: setup_view
Other End Arrival Time          0.171
- Setup                         0.350
+ Path Delay                    1.000
- Uncertainty                   0.200
= Required Time                 0.621
- Arrival Time                  0.294
= Slack Time                    0.327
     Clock Rise Edge                      0.000
     = Beginpoint Arrival Time            0.000
     +---------------------------------------------------------------------------------+ 
     |          Instance          |    Arc     |   Cell   | Delay | Arrival | Required | 
     |                            |            |          |       |  Time   |   Time   | 
     |----------------------------+------------+----------+-------+---------+----------| 
     | reset_release_q_reg[0]     | Q v        |          |       |   0.000 |    0.327 | 
     | FE_PHC18_reset_release_q_0 | A v -> Y v | CLKBUFX1 | 0.148 |   0.148 |    0.475 | 
     | FE_PHC58_reset_release_q_0 | A v -> Y v | CLKBUFX1 | 0.145 |   0.294 |    0.620 | 
     | reset_release_q_reg[1]     | D v        | DFFRHQX1 | 0.000 |   0.294 |    0.621 | 
     +---------------------------------------------------------------------------------+ 
Path 15: MET Setup Check with Pin req_sync_q_reg[10]/CK 
Endpoint:   req_sync_q_reg[10]/D (v) checked with  leading edge of 'clk'
Beginpoint: req_meta_q_reg[10]/Q (v) triggered by  leading edge of '@'
Path Groups: {clk}
Analysis View: setup_view
Other End Arrival Time          0.174
- Setup                         0.245
+ Path Delay                    0.900
- Uncertainty                   0.200
= Required Time                 0.628
- Arrival Time                  0.295
= Slack Time                    0.333
     Clock Rise Edge                      0.000
     = Beginpoint Arrival Time            0.000
     +-----------------------------------------------------------------------------+ 
     |        Instance        |    Arc     |   Cell   | Delay | Arrival | Required | 
     |                        |            |          |       |  Time   |   Time   | 
     |------------------------+------------+----------+-------+---------+----------| 
     | req_meta_q_reg[10]     | Q v        |          |       |   0.000 |    0.333 | 
     | FE_PHC12_req_meta_q_10 | A v -> Y v | BUFX3    | 0.149 |   0.149 |    0.482 | 
     | FE_PHC50_req_meta_q_10 | A v -> Y v | CLKBUFX3 | 0.146 |   0.295 |    0.628 | 
     | req_sync_q_reg[10]     | D v        | DFFX1    | 0.000 |   0.295 |    0.628 | 
     +-----------------------------------------------------------------------------+ 
Path 16: MET Setup Check with Pin req_sync_q_reg[12]/CK 
Endpoint:   req_sync_q_reg[12]/D (v) checked with  leading edge of 'clk'
Beginpoint: req_meta_q_reg[12]/Q (v) triggered by  leading edge of '@'
Path Groups: {clk}
Analysis View: setup_view
Other End Arrival Time          0.174
- Setup                         0.243
+ Path Delay                    0.900
- Uncertainty                   0.200
= Required Time                 0.632
- Arrival Time                  0.289
= Slack Time                    0.343
     Clock Rise Edge                      0.000
     = Beginpoint Arrival Time            0.000
     +-----------------------------------------------------------------------------+ 
     |        Instance        |    Arc     |   Cell   | Delay | Arrival | Required | 
     |                        |            |          |       |  Time   |   Time   | 
     |------------------------+------------+----------+-------+---------+----------| 
     | req_meta_q_reg[12]     | Q v        |          |       |   0.000 |    0.343 | 
     | FE_PHC5_req_meta_q_12  | A v -> Y v | CLKBUFX1 | 0.144 |   0.144 |    0.487 | 
     | FE_PHC44_req_meta_q_12 | A v -> Y v | CLKBUFX4 | 0.145 |   0.289 |    0.632 | 
     | req_sync_q_reg[12]     | D v        | DFFX1    | 0.000 |   0.289 |    0.632 | 
     +-----------------------------------------------------------------------------+ 
Path 17: MET Setup Check with Pin req_sync_q_reg[6]/CK 
Endpoint:   req_sync_q_reg[6]/D (v) checked with  leading edge of 'clk'
Beginpoint: req_meta_q_reg[6]/Q (v) triggered by  leading edge of '@'
Path Groups: {clk}
Analysis View: setup_view
Other End Arrival Time          0.174
- Setup                         0.248
+ Path Delay                    0.900
- Uncertainty                   0.200
= Required Time                 0.626
- Arrival Time                  0.278
= Slack Time                    0.348
     Clock Rise Edge                      0.000
     = Beginpoint Arrival Time            0.000
     +----------------------------------------------------------------------------+ 
     |       Instance        |    Arc     |   Cell   | Delay | Arrival | Required | 
     |                       |            |          |       |  Time   |   Time   | 
     |-----------------------+------------+----------+-------+---------+----------| 
     | req_meta_q_reg[6]     | Q v        |          |       |   0.000 |    0.348 | 
     | FE_PHC17_req_meta_q_6 | A v -> Y v | CLKBUFX1 | 0.143 |   0.143 |    0.491 | 
     | FE_PHC53_req_meta_q_6 | A v -> Y v | CLKBUFX1 | 0.134 |   0.278 |    0.626 | 
     | req_sync_q_reg[6]     | D v        | DFFX1    | 0.000 |   0.278 |    0.626 | 
     +----------------------------------------------------------------------------+ 
Path 18: MET Setup Check with Pin pending_q_reg[4]/CK 
Endpoint:   pending_q_reg[4]/D   (v) checked with  leading edge of 'clk'
Beginpoint: req_sync_q_reg[4]/QN (v) triggered by  leading edge of 'clk'
Path Groups: {clk}
Analysis View: setup_view
Other End Arrival Time          0.176
- Setup                         0.342
+ Phase Shift                  10.000
- Uncertainty                   0.200
= Required Time                 9.634
- Arrival Time                  6.356
= Slack Time                    3.278
     Clock Rise Edge                 0.000
     + Clock Network Latency (Prop)  -0.000
     = Beginpoint Arrival Time       -0.000
     +---------------------------------------------------------------------------+ 
     |     Instance      |     Arc      |   Cell    | Delay | Arrival | Required | 
     |                   |              |           |       |  Time   |   Time   | 
     |-------------------+--------------+-----------+-------+---------+----------| 
     | req_sync_q_reg[4] | CK ^         |           |       |  -0.000 |    3.278 | 
     | req_sync_q_reg[4] | CK ^ -> QN v | DFFX1     | 0.577 |   0.577 |    3.855 | 
     | g5879__5526       | A1N v -> Y v | AOI2BB1XL | 0.376 |   0.952 |    4.231 | 
     | g5858__2398       | B v -> Y ^   | NAND2X1   | 0.202 |   1.154 |    4.432 | 
     | g5838__9945       | B ^ -> Y v   | NOR2X1    | 0.127 |   1.281 |    4.559 | 
     | g5831__5122       | A v -> Y ^   | NAND2X1   | 0.141 |   1.422 |    4.700 | 
     | g5829             | A ^ -> Y v   | INVX1     | 0.064 |   1.486 |    4.764 | 
     | g5821__5526       | A0 v -> Y ^  | OAI21XL   | 0.757 |   2.243 |    5.521 | 
     | g5820             | A ^ -> Y v   | INVX1     | 0.351 |   2.594 |    5.872 | 
     | g5816__5107       | A0 v -> Y ^  | AOI22X1   | 0.269 |   2.863 |    6.141 | 
     | g5799__9945       | A1N ^ -> Y ^ | OAI2BB2X1 | 0.425 |   3.288 |    6.566 | 
     | g5798             | A ^ -> Y v   | INVX1     | 0.199 |   3.487 |    6.765 | 
     | g5794__6161       | A0 v -> Y ^  | AOI22X1   | 0.224 |   3.711 |    6.989 | 
     | g5792__4733       | A1N ^ -> Y ^ | OAI2BB2X1 | 0.418 |   4.129 |    7.408 | 
     | g5789__1881       | A ^ -> Y v   | NAND2X1   | 0.244 |   4.373 |    7.652 | 
     | g5779__5107       | A0N v -> Y v | AOI2BB1XL | 0.307 |   4.680 |    7.958 | 
     | g5770__7410       | C0 v -> Y ^  | OAI221XL  | 0.145 |   4.825 |    8.103 | 
     | g5768__2346       | B0 ^ -> Y v  | AOI22X1   | 0.187 |   5.012 |    8.290 | 
     | g5767__2883       | B0 v -> Y ^  | OAI22X1   | 0.260 |   5.272 |    8.550 | 
     | g5766__9945       | S0 ^ -> Y ^  | MXI2X1    | 0.328 |   5.600 |    8.879 | 
     | g5765             | A ^ -> Y v   | INVX1     | 0.131 |   5.732 |    9.010 | 
     | g5764__7482       | A0 v -> Y ^  | OAI21XL   | 0.421 |   6.153 |    9.431 | 
     | g5754__6783       | A0 ^ -> Y v  | AOI21XL   | 0.203 |   6.356 |    9.634 | 
     | pending_q_reg[4]  | D v          | DFFHQX1   | 0.000 |   6.356 |    9.634 | 
     +---------------------------------------------------------------------------+ 
Path 19: MET Setup Check with Pin pending_q_reg[10]/CK 
Endpoint:   pending_q_reg[10]/D  (v) checked with  leading edge of 'clk'
Beginpoint: req_sync_q_reg[4]/QN (v) triggered by  leading edge of 'clk'
Path Groups: {clk}
Analysis View: setup_view
Other End Arrival Time          0.174
- Setup                         0.341
+ Phase Shift                  10.000
- Uncertainty                   0.200
= Required Time                 9.633
- Arrival Time                  6.347
= Slack Time                    3.286
     Clock Rise Edge                 0.000
     + Clock Network Latency (Prop)  -0.000
     = Beginpoint Arrival Time       -0.000
     +---------------------------------------------------------------------------+ 
     |     Instance      |     Arc      |   Cell    | Delay | Arrival | Required | 
     |                   |              |           |       |  Time   |   Time   | 
     |-------------------+--------------+-----------+-------+---------+----------| 
     | req_sync_q_reg[4] | CK ^         |           |       |  -0.000 |    3.286 | 
     | req_sync_q_reg[4] | CK ^ -> QN v | DFFX1     | 0.577 |   0.577 |    3.863 | 
     | g5879__5526       | A1N v -> Y v | AOI2BB1XL | 0.376 |   0.952 |    4.239 | 
     | g5858__2398       | B v -> Y ^   | NAND2X1   | 0.202 |   1.154 |    4.441 | 
     | g5838__9945       | B ^ -> Y v   | NOR2X1    | 0.127 |   1.281 |    4.568 | 
     | g5831__5122       | A v -> Y ^   | NAND2X1   | 0.141 |   1.422 |    4.709 | 
     | g5829             | A ^ -> Y v   | INVX1     | 0.064 |   1.486 |    4.772 | 
     | g5821__5526       | A0 v -> Y ^  | OAI21XL   | 0.757 |   2.243 |    5.529 | 
     | g5820             | A ^ -> Y v   | INVX1     | 0.351 |   2.594 |    5.881 | 
     | g5816__5107       | A0 v -> Y ^  | AOI22X1   | 0.269 |   2.863 |    6.150 | 
     | g5799__9945       | A1N ^ -> Y ^ | OAI2BB2X1 | 0.425 |   3.288 |    6.575 | 
     | g5798             | A ^ -> Y v   | INVX1     | 0.199 |   3.487 |    6.774 | 
     | g5794__6161       | A0 v -> Y ^  | AOI22X1   | 0.224 |   3.711 |    6.998 | 
     | g5792__4733       | A1N ^ -> Y ^ | OAI2BB2X1 | 0.418 |   4.129 |    7.416 | 
     | g5789__1881       | A ^ -> Y v   | NAND2X1   | 0.244 |   4.373 |    7.660 | 
     | g5779__5107       | A0N v -> Y v | AOI2BB1XL | 0.307 |   4.680 |    7.967 | 
     | g5770__7410       | C0 v -> Y ^  | OAI221XL  | 0.145 |   4.825 |    8.111 | 
     | g5768__2346       | B0 ^ -> Y v  | AOI22X1   | 0.187 |   5.012 |    8.298 | 
     | g5767__2883       | B0 v -> Y ^  | OAI22X1   | 0.260 |   5.272 |    8.558 | 
     | g5766__9945       | S0 ^ -> Y ^  | MXI2X1    | 0.328 |   5.600 |    8.887 | 
     | g5765             | A ^ -> Y v   | INVX1     | 0.131 |   5.732 |    9.018 | 
     | g5760__5115       | A0 v -> Y ^  | OAI21XL   | 0.426 |   6.158 |    9.444 | 
     | g5745__8428       | A0 ^ -> Y v  | AOI21XL   | 0.189 |   6.347 |    9.633 | 
     | pending_q_reg[10] | D v          | DFFHQX1   | 0.000 |   6.347 |    9.633 | 
     +---------------------------------------------------------------------------+ 
Path 20: MET Setup Check with Pin pending_q_reg[14]/CK 
Endpoint:   pending_q_reg[14]/D  (v) checked with  leading edge of 'clk'
Beginpoint: req_sync_q_reg[4]/QN (v) triggered by  leading edge of 'clk'
Path Groups: {clk}
Analysis View: setup_view
Other End Arrival Time          0.174
- Setup                         0.341
+ Phase Shift                  10.000
- Uncertainty                   0.200
= Required Time                 9.633
- Arrival Time                  6.347
= Slack Time                    3.287
     Clock Rise Edge                 0.000
     + Clock Network Latency (Prop)  -0.000
     = Beginpoint Arrival Time       -0.000
     +---------------------------------------------------------------------------+ 
     |     Instance      |     Arc      |   Cell    | Delay | Arrival | Required | 
     |                   |              |           |       |  Time   |   Time   | 
     |-------------------+--------------+-----------+-------+---------+----------| 
     | req_sync_q_reg[4] | CK ^         |           |       |  -0.000 |    3.287 | 
     | req_sync_q_reg[4] | CK ^ -> QN v | DFFX1     | 0.577 |   0.577 |    3.863 | 
     | g5879__5526       | A1N v -> Y v | AOI2BB1XL | 0.376 |   0.952 |    4.239 | 
     | g5858__2398       | B v -> Y ^   | NAND2X1   | 0.202 |   1.154 |    4.441 | 
     | g5838__9945       | B ^ -> Y v   | NOR2X1    | 0.127 |   1.281 |    4.568 | 
     | g5831__5122       | A v -> Y ^   | NAND2X1   | 0.141 |   1.422 |    4.709 | 
     | g5829             | A ^ -> Y v   | INVX1     | 0.064 |   1.486 |    4.772 | 
     | g5821__5526       | A0 v -> Y ^  | OAI21XL   | 0.757 |   2.243 |    5.530 | 
     | g5820             | A ^ -> Y v   | INVX1     | 0.351 |   2.594 |    5.881 | 
     | g5816__5107       | A0 v -> Y ^  | AOI22X1   | 0.269 |   2.863 |    6.150 | 
     | g5799__9945       | A1N ^ -> Y ^ | OAI2BB2X1 | 0.425 |   3.288 |    6.575 | 
     | g5798             | A ^ -> Y v   | INVX1     | 0.199 |   3.487 |    6.774 | 
     | g5794__6161       | A0 v -> Y ^  | AOI22X1   | 0.224 |   3.711 |    6.998 | 
     | g5792__4733       | A1N ^ -> Y ^ | OAI2BB2X1 | 0.418 |   4.129 |    7.416 | 
     | g5789__1881       | A ^ -> Y v   | NAND2X1   | 0.244 |   4.373 |    7.660 | 
     | g5779__5107       | A0N v -> Y v | AOI2BB1XL | 0.307 |   4.680 |    7.967 | 
     | g5770__7410       | C0 v -> Y ^  | OAI221XL  | 0.145 |   4.825 |    8.112 | 
     | g5768__2346       | B0 ^ -> Y v  | AOI22X1   | 0.187 |   5.012 |    8.299 | 
     | g5767__2883       | B0 v -> Y ^  | OAI22X1   | 0.260 |   5.272 |    8.559 | 
     | g5766__9945       | S0 ^ -> Y ^  | MXI2X1    | 0.328 |   5.600 |    8.887 | 
     | g5765             | A ^ -> Y v   | INVX1     | 0.131 |   5.732 |    9.018 | 
     | g5760__5115       | A0 v -> Y ^  | OAI21XL   | 0.426 |   6.158 |    9.444 | 
     | g5749__4319       | A0 ^ -> Y v  | AOI21XL   | 0.189 |   6.346 |    9.633 | 
     | pending_q_reg[14] | D v          | DFFHQX1   | 0.000 |   6.347 |    9.633 | 
     +---------------------------------------------------------------------------+ 
Path 21: MET Setup Check with Pin pending_q_reg[12]/CK 
Endpoint:   pending_q_reg[12]/D  (v) checked with  leading edge of 'clk'
Beginpoint: req_sync_q_reg[4]/QN (v) triggered by  leading edge of 'clk'
Path Groups: {clk}
Analysis View: setup_view
Other End Arrival Time          0.176
- Setup                         0.341
+ Phase Shift                  10.000
- Uncertainty                   0.200
= Required Time                 9.635
- Arrival Time                  6.348
= Slack Time                    3.287
     Clock Rise Edge                 0.000
     + Clock Network Latency (Prop)  -0.000
     = Beginpoint Arrival Time       -0.000
     +---------------------------------------------------------------------------+ 
     |     Instance      |     Arc      |   Cell    | Delay | Arrival | Required | 
     |                   |              |           |       |  Time   |   Time   | 
     |-------------------+--------------+-----------+-------+---------+----------| 
     | req_sync_q_reg[4] | CK ^         |           |       |  -0.000 |    3.287 | 
     | req_sync_q_reg[4] | CK ^ -> QN v | DFFX1     | 0.577 |   0.577 |    3.863 | 
     | g5879__5526       | A1N v -> Y v | AOI2BB1XL | 0.376 |   0.952 |    4.239 | 
     | g5858__2398       | B v -> Y ^   | NAND2X1   | 0.202 |   1.154 |    4.441 | 
     | g5838__9945       | B ^ -> Y v   | NOR2X1    | 0.127 |   1.281 |    4.568 | 
     | g5831__5122       | A v -> Y ^   | NAND2X1   | 0.141 |   1.422 |    4.709 | 
     | g5829             | A ^ -> Y v   | INVX1     | 0.064 |   1.486 |    4.773 | 
     | g5821__5526       | A0 v -> Y ^  | OAI21XL   | 0.757 |   2.243 |    5.530 | 
     | g5820             | A ^ -> Y v   | INVX1     | 0.351 |   2.594 |    5.881 | 
     | g5816__5107       | A0 v -> Y ^  | AOI22X1   | 0.269 |   2.863 |    6.150 | 
     | g5799__9945       | A1N ^ -> Y ^ | OAI2BB2X1 | 0.425 |   3.288 |    6.575 | 
     | g5798             | A ^ -> Y v   | INVX1     | 0.199 |   3.487 |    6.774 | 
     | g5794__6161       | A0 v -> Y ^  | AOI22X1   | 0.224 |   3.711 |    6.998 | 
     | g5792__4733       | A1N ^ -> Y ^ | OAI2BB2X1 | 0.418 |   4.129 |    7.416 | 
     | g5789__1881       | A ^ -> Y v   | NAND2X1   | 0.244 |   4.373 |    7.660 | 
     | g5779__5107       | A0N v -> Y v | AOI2BB1XL | 0.307 |   4.680 |    7.967 | 
     | g5770__7410       | C0 v -> Y ^  | OAI221XL  | 0.145 |   4.825 |    8.112 | 
     | g5768__2346       | B0 ^ -> Y v  | AOI22X1   | 0.187 |   5.012 |    8.299 | 
     | g5767__2883       | B0 v -> Y ^  | OAI22X1   | 0.260 |   5.272 |    8.559 | 
     | g5766__9945       | S0 ^ -> Y ^  | MXI2X1    | 0.328 |   5.600 |    8.887 | 
     | g5765             | A ^ -> Y v   | INVX1     | 0.131 |   5.732 |    9.018 | 
     | g5760__5115       | A0 v -> Y ^  | OAI21XL   | 0.426 |   6.158 |    9.444 | 
     | g5746__2398       | A0 ^ -> Y v  | AOI21XL   | 0.190 |   6.348 |    9.635 | 
     | pending_q_reg[12] | D v          | DFFHQX1   | 0.000 |   6.348 |    9.635 | 
     +---------------------------------------------------------------------------+ 
Path 22: MET Setup Check with Pin pending_q_reg[8]/CK 
Endpoint:   pending_q_reg[8]/D   (v) checked with  leading edge of 'clk'
Beginpoint: req_sync_q_reg[4]/QN (v) triggered by  leading edge of 'clk'
Path Groups: {clk}
Analysis View: setup_view
Other End Arrival Time          0.175
- Setup                         0.340
+ Phase Shift                  10.000
- Uncertainty                   0.200
= Required Time                 9.636
- Arrival Time                  6.341
= Slack Time                    3.295
     Clock Rise Edge                 0.000
     + Clock Network Latency (Prop)  -0.000
     = Beginpoint Arrival Time       -0.000
     +---------------------------------------------------------------------------+ 
     |     Instance      |     Arc      |   Cell    | Delay | Arrival | Required | 
     |                   |              |           |       |  Time   |   Time   | 
     |-------------------+--------------+-----------+-------+---------+----------| 
     | req_sync_q_reg[4] | CK ^         |           |       |  -0.000 |    3.295 | 
     | req_sync_q_reg[4] | CK ^ -> QN v | DFFX1     | 0.577 |   0.577 |    3.871 | 
     | g5879__5526       | A1N v -> Y v | AOI2BB1XL | 0.376 |   0.952 |    4.247 | 
     | g5858__2398       | B v -> Y ^   | NAND2X1   | 0.202 |   1.154 |    4.449 | 
     | g5838__9945       | B ^ -> Y v   | NOR2X1    | 0.127 |   1.281 |    4.576 | 
     | g5831__5122       | A v -> Y ^   | NAND2X1   | 0.141 |   1.422 |    4.717 | 
     | g5829             | A ^ -> Y v   | INVX1     | 0.064 |   1.486 |    4.781 | 
     | g5821__5526       | A0 v -> Y ^  | OAI21XL   | 0.757 |   2.243 |    5.538 | 
     | g5820             | A ^ -> Y v   | INVX1     | 0.351 |   2.594 |    5.889 | 
     | g5816__5107       | A0 v -> Y ^  | AOI22X1   | 0.269 |   2.863 |    6.158 | 
     | g5799__9945       | A1N ^ -> Y ^ | OAI2BB2X1 | 0.425 |   3.288 |    6.583 | 
     | g5798             | A ^ -> Y v   | INVX1     | 0.199 |   3.487 |    6.782 | 
     | g5794__6161       | A0 v -> Y ^  | AOI22X1   | 0.224 |   3.711 |    7.006 | 
     | g5792__4733       | A1N ^ -> Y ^ | OAI2BB2X1 | 0.418 |   4.129 |    7.424 | 
     | g5789__1881       | A ^ -> Y v   | NAND2X1   | 0.244 |   4.373 |    7.668 | 
     | g5779__5107       | A0N v -> Y v | AOI2BB1XL | 0.307 |   4.680 |    7.975 | 
     | g5770__7410       | C0 v -> Y ^  | OAI221XL  | 0.145 |   4.825 |    8.120 | 
     | g5768__2346       | B0 ^ -> Y v  | AOI22X1   | 0.187 |   5.012 |    8.307 | 
     | g5767__2883       | B0 v -> Y ^  | OAI22X1   | 0.260 |   5.272 |    8.567 | 
     | g5766__9945       | S0 ^ -> Y ^  | MXI2X1    | 0.328 |   5.600 |    8.895 | 
     | g5765             | A ^ -> Y v   | INVX1     | 0.131 |   5.732 |    9.027 | 
     | g5760__5115       | A0 v -> Y ^  | OAI21XL   | 0.426 |   6.158 |    9.453 | 
     | g5747__5107       | A0 ^ -> Y v  | AOI21XL   | 0.183 |   6.341 |    9.636 | 
     | pending_q_reg[8]  | D v          | DFFHQX1   | 0.000 |   6.341 |    9.636 | 
     +---------------------------------------------------------------------------+ 
Path 23: MET Setup Check with Pin pending_q_reg[0]/CK 
Endpoint:   pending_q_reg[0]/D   (v) checked with  leading edge of 'clk'
Beginpoint: req_sync_q_reg[4]/QN (v) triggered by  leading edge of 'clk'
Path Groups: {clk}
Analysis View: setup_view
Other End Arrival Time          0.176
- Setup                         0.338
+ Phase Shift                  10.000
- Uncertainty                   0.200
= Required Time                 9.638
- Arrival Time                  6.328
= Slack Time                    3.310
     Clock Rise Edge                 0.000
     + Clock Network Latency (Prop)  -0.000
     = Beginpoint Arrival Time       -0.000
     +---------------------------------------------------------------------------+ 
     |     Instance      |     Arc      |   Cell    | Delay | Arrival | Required | 
     |                   |              |           |       |  Time   |   Time   | 
     |-------------------+--------------+-----------+-------+---------+----------| 
     | req_sync_q_reg[4] | CK ^         |           |       |  -0.000 |    3.310 | 
     | req_sync_q_reg[4] | CK ^ -> QN v | DFFX1     | 0.577 |   0.577 |    3.886 | 
     | g5879__5526       | A1N v -> Y v | AOI2BB1XL | 0.376 |   0.952 |    4.262 | 
     | g5858__2398       | B v -> Y ^   | NAND2X1   | 0.202 |   1.154 |    4.464 | 
     | g5838__9945       | B ^ -> Y v   | NOR2X1    | 0.127 |   1.281 |    4.591 | 
     | g5831__5122       | A v -> Y ^   | NAND2X1   | 0.141 |   1.422 |    4.732 | 
     | g5829             | A ^ -> Y v   | INVX1     | 0.064 |   1.486 |    4.796 | 
     | g5821__5526       | A0 v -> Y ^  | OAI21XL   | 0.757 |   2.243 |    5.553 | 
     | g5820             | A ^ -> Y v   | INVX1     | 0.351 |   2.594 |    5.904 | 
     | g5816__5107       | A0 v -> Y ^  | AOI22X1   | 0.269 |   2.863 |    6.173 | 
     | g5799__9945       | A1N ^ -> Y ^ | OAI2BB2X1 | 0.425 |   3.288 |    6.598 | 
     | g5798             | A ^ -> Y v   | INVX1     | 0.199 |   3.487 |    6.797 | 
     | g5794__6161       | A0 v -> Y ^  | AOI22X1   | 0.224 |   3.711 |    7.021 | 
     | g5792__4733       | A1N ^ -> Y ^ | OAI2BB2X1 | 0.418 |   4.129 |    7.439 | 
     | g5789__1881       | A ^ -> Y v   | NAND2X1   | 0.244 |   4.373 |    7.683 | 
     | g5779__5107       | A0N v -> Y v | AOI2BB1XL | 0.307 |   4.680 |    7.990 | 
     | g5770__7410       | C0 v -> Y ^  | OAI221XL  | 0.145 |   4.825 |    8.135 | 
     | g5768__2346       | B0 ^ -> Y v  | AOI22X1   | 0.187 |   5.012 |    8.322 | 
     | g5767__2883       | B0 v -> Y ^  | OAI22X1   | 0.260 |   5.272 |    8.582 | 
     | g5766__9945       | S0 ^ -> Y ^  | MXI2X1    | 0.328 |   5.600 |    8.910 | 
     | g5765             | A ^ -> Y v   | INVX1     | 0.131 |   5.732 |    9.042 | 
     | g5764__7482       | A0 v -> Y ^  | OAI21XL   | 0.421 |   6.153 |    9.463 | 
     | g5756__3680       | A0 ^ -> Y v  | AOI21XL   | 0.175 |   6.328 |    9.638 | 
     | pending_q_reg[0]  | D v          | DFFHQX1   | 0.000 |   6.328 |    9.638 | 
     +---------------------------------------------------------------------------+ 
Path 24: MET Setup Check with Pin pending_q_reg[6]/CK 
Endpoint:   pending_q_reg[6]/D   (v) checked with  leading edge of 'clk'
Beginpoint: req_sync_q_reg[4]/QN (v) triggered by  leading edge of 'clk'
Path Groups: {clk}
Analysis View: setup_view
Other End Arrival Time          0.175
- Setup                         0.337
+ Phase Shift                  10.000
- Uncertainty                   0.200
= Required Time                 9.638
- Arrival Time                  6.323
= Slack Time                    3.315
     Clock Rise Edge                 0.000
     + Clock Network Latency (Prop)  -0.000
     = Beginpoint Arrival Time       -0.000
     +---------------------------------------------------------------------------+ 
     |     Instance      |     Arc      |   Cell    | Delay | Arrival | Required | 
     |                   |              |           |       |  Time   |   Time   | 
     |-------------------+--------------+-----------+-------+---------+----------| 
     | req_sync_q_reg[4] | CK ^         |           |       |  -0.000 |    3.315 | 
     | req_sync_q_reg[4] | CK ^ -> QN v | DFFX1     | 0.577 |   0.576 |    3.891 | 
     | g5879__5526       | A1N v -> Y v | AOI2BB1XL | 0.376 |   0.952 |    4.267 | 
     | g5858__2398       | B v -> Y ^   | NAND2X1   | 0.202 |   1.154 |    4.469 | 
     | g5838__9945       | B ^ -> Y v   | NOR2X1    | 0.127 |   1.281 |    4.596 | 
     | g5831__5122       | A v -> Y ^   | NAND2X1   | 0.141 |   1.422 |    4.737 | 
     | g5829             | A ^ -> Y v   | INVX1     | 0.064 |   1.486 |    4.801 | 
     | g5821__5526       | A0 v -> Y ^  | OAI21XL   | 0.757 |   2.243 |    5.558 | 
     | g5820             | A ^ -> Y v   | INVX1     | 0.351 |   2.594 |    5.909 | 
     | g5816__5107       | A0 v -> Y ^  | AOI22X1   | 0.269 |   2.863 |    6.178 | 
     | g5799__9945       | A1N ^ -> Y ^ | OAI2BB2X1 | 0.425 |   3.288 |    6.603 | 
     | g5798             | A ^ -> Y v   | INVX1     | 0.199 |   3.487 |    6.802 | 
     | g5794__6161       | A0 v -> Y ^  | AOI22X1   | 0.224 |   3.711 |    7.026 | 
     | g5792__4733       | A1N ^ -> Y ^ | OAI2BB2X1 | 0.418 |   4.129 |    7.444 | 
     | g5789__1881       | A ^ -> Y v   | NAND2X1   | 0.244 |   4.373 |    7.688 | 
     | g5779__5107       | A0N v -> Y v | AOI2BB1XL | 0.307 |   4.680 |    7.995 | 
     | g5770__7410       | C0 v -> Y ^  | OAI221XL  | 0.145 |   4.825 |    8.140 | 
     | g5768__2346       | B0 ^ -> Y v  | AOI22X1   | 0.187 |   5.012 |    8.327 | 
     | g5767__2883       | B0 v -> Y ^  | OAI22X1   | 0.260 |   5.272 |    8.587 | 
     | g5766__9945       | S0 ^ -> Y ^  | MXI2X1    | 0.328 |   5.600 |    8.915 | 
     | g5765             | A ^ -> Y v   | INVX1     | 0.131 |   5.732 |    9.046 | 
     | g5764__7482       | A0 v -> Y ^  | OAI21XL   | 0.421 |   6.153 |    9.468 | 
     | g5757__6260       | A0 ^ -> Y v  | AOI21XL   | 0.170 |   6.323 |    9.638 | 
     | pending_q_reg[6]  | D v          | DFFHQX1   | 0.000 |   6.323 |    9.638 | 
     +---------------------------------------------------------------------------+ 
Path 25: MET Setup Check with Pin pending_q_reg[2]/CK 
Endpoint:   pending_q_reg[2]/D   (v) checked with  leading edge of 'clk'
Beginpoint: req_sync_q_reg[4]/QN (v) triggered by  leading edge of 'clk'
Path Groups: {clk}
Analysis View: setup_view
Other End Arrival Time          0.176
- Setup                         0.337
+ Phase Shift                  10.000
- Uncertainty                   0.200
= Required Time                 9.639
- Arrival Time                  6.321
= Slack Time                    3.318
     Clock Rise Edge                 0.000
     + Clock Network Latency (Prop)  -0.000
     = Beginpoint Arrival Time       -0.000
     +---------------------------------------------------------------------------+ 
     |     Instance      |     Arc      |   Cell    | Delay | Arrival | Required | 
     |                   |              |           |       |  Time   |   Time   | 
     |-------------------+--------------+-----------+-------+---------+----------| 
     | req_sync_q_reg[4] | CK ^         |           |       |  -0.000 |    3.318 | 
     | req_sync_q_reg[4] | CK ^ -> QN v | DFFX1     | 0.577 |   0.577 |    3.894 | 
     | g5879__5526       | A1N v -> Y v | AOI2BB1XL | 0.376 |   0.952 |    4.270 | 
     | g5858__2398       | B v -> Y ^   | NAND2X1   | 0.202 |   1.154 |    4.472 | 
     | g5838__9945       | B ^ -> Y v   | NOR2X1    | 0.127 |   1.281 |    4.599 | 
     | g5831__5122       | A v -> Y ^   | NAND2X1   | 0.141 |   1.422 |    4.740 | 
     | g5829             | A ^ -> Y v   | INVX1     | 0.064 |   1.486 |    4.804 | 
     | g5821__5526       | A0 v -> Y ^  | OAI21XL   | 0.757 |   2.243 |    5.561 | 
     | g5820             | A ^ -> Y v   | INVX1     | 0.351 |   2.594 |    5.912 | 
     | g5816__5107       | A0 v -> Y ^  | AOI22X1   | 0.269 |   2.863 |    6.181 | 
     | g5799__9945       | A1N ^ -> Y ^ | OAI2BB2X1 | 0.425 |   3.288 |    6.606 | 
     | g5798             | A ^ -> Y v   | INVX1     | 0.199 |   3.487 |    6.805 | 
     | g5794__6161       | A0 v -> Y ^  | AOI22X1   | 0.224 |   3.711 |    7.029 | 
     | g5792__4733       | A1N ^ -> Y ^ | OAI2BB2X1 | 0.418 |   4.129 |    7.447 | 
     | g5789__1881       | A ^ -> Y v   | NAND2X1   | 0.244 |   4.373 |    7.691 | 
     | g5779__5107       | A0N v -> Y v | AOI2BB1XL | 0.307 |   4.680 |    7.998 | 
     | g5770__7410       | C0 v -> Y ^  | OAI221XL  | 0.145 |   4.825 |    8.143 | 
     | g5768__2346       | B0 ^ -> Y v  | AOI22X1   | 0.187 |   5.012 |    8.330 | 
     | g5767__2883       | B0 v -> Y ^  | OAI22X1   | 0.260 |   5.272 |    8.590 | 
     | g5766__9945       | S0 ^ -> Y ^  | MXI2X1    | 0.328 |   5.600 |    8.918 | 
     | g5765             | A ^ -> Y v   | INVX1     | 0.131 |   5.732 |    9.050 | 
     | g5764__7482       | A0 v -> Y ^  | OAI21XL   | 0.421 |   6.153 |    9.471 | 
     | g5755__5526       | A0 ^ -> Y v  | AOI21XL   | 0.168 |   6.321 |    9.639 | 
     | pending_q_reg[2]  | D v          | DFFHQX1   | 0.000 |   6.321 |    9.639 | 
     +---------------------------------------------------------------------------+ 
Path 26: MET Setup Check with Pin pending_q_reg[9]/CK 
Endpoint:   pending_q_reg[9]/D   (v) checked with  leading edge of 'clk'
Beginpoint: req_sync_q_reg[4]/QN (v) triggered by  leading edge of 'clk'
Path Groups: {clk}
Analysis View: setup_view
Other End Arrival Time          0.175
- Setup                         0.347
+ Phase Shift                  10.000
- Uncertainty                   0.200
= Required Time                 9.629
- Arrival Time                  6.196
= Slack Time                    3.433
     Clock Rise Edge                 0.000
     + Clock Network Latency (Prop)  -0.000
     = Beginpoint Arrival Time       -0.000
     +---------------------------------------------------------------------------+ 
     |     Instance      |     Arc      |   Cell    | Delay | Arrival | Required | 
     |                   |              |           |       |  Time   |   Time   | 
     |-------------------+--------------+-----------+-------+---------+----------| 
     | req_sync_q_reg[4] | CK ^         |           |       |  -0.000 |    3.433 | 
     | req_sync_q_reg[4] | CK ^ -> QN v | DFFX1     | 0.577 |   0.576 |    4.010 | 
     | g5879__5526       | A1N v -> Y v | AOI2BB1XL | 0.376 |   0.952 |    4.386 | 
     | g5858__2398       | B v -> Y ^   | NAND2X1   | 0.202 |   1.154 |    4.587 | 
     | g5838__9945       | B ^ -> Y v   | NOR2X1    | 0.127 |   1.281 |    4.714 | 
     | g5831__5122       | A v -> Y ^   | NAND2X1   | 0.141 |   1.422 |    4.855 | 
     | g5829             | A ^ -> Y v   | INVX1     | 0.064 |   1.486 |    4.919 | 
     | g5821__5526       | A0 v -> Y ^  | OAI21XL   | 0.757 |   2.243 |    5.676 | 
     | g5820             | A ^ -> Y v   | INVX1     | 0.351 |   2.594 |    6.027 | 
     | g5816__5107       | A0 v -> Y ^  | AOI22X1   | 0.269 |   2.863 |    6.296 | 
     | g5799__9945       | A1N ^ -> Y ^ | OAI2BB2X1 | 0.425 |   3.288 |    6.721 | 
     | g5798             | A ^ -> Y v   | INVX1     | 0.199 |   3.487 |    6.920 | 
     | g5794__6161       | A0 v -> Y ^  | AOI22X1   | 0.224 |   3.711 |    7.144 | 
     | g5792__4733       | A1N ^ -> Y ^ | OAI2BB2X1 | 0.418 |   4.129 |    7.563 | 
     | g5789__1881       | A ^ -> Y v   | NAND2X1   | 0.244 |   4.373 |    7.807 | 
     | g5779__5107       | A0N v -> Y v | AOI2BB1XL | 0.307 |   4.680 |    8.113 | 
     | g5770__7410       | C0 v -> Y ^  | OAI221XL  | 0.145 |   4.825 |    8.258 | 
     | g5768__2346       | B0 ^ -> Y v  | AOI22X1   | 0.187 |   5.012 |    8.445 | 
     | g5767__2883       | B0 v -> Y ^  | OAI22X1   | 0.260 |   5.272 |    8.705 | 
     | g5766__9945       | S0 ^ -> Y v  | MXI2X1    | 0.228 |   5.500 |    8.933 | 
     | g5761__4733       | A0 v -> Y ^  | OAI21XL   | 0.463 |   5.963 |    9.396 | 
     | g5744__6131       | A0 ^ -> Y v  | AOI21XL   | 0.232 |   6.195 |    9.628 | 
     | pending_q_reg[9]  | D v          | DFFHQX1   | 0.000 |   6.196 |    9.629 | 
     +---------------------------------------------------------------------------+ 
Path 27: MET Setup Check with Pin pending_q_reg[15]/CK 
Endpoint:   pending_q_reg[15]/D  (v) checked with  leading edge of 'clk'
Beginpoint: req_sync_q_reg[4]/QN (v) triggered by  leading edge of 'clk'
Path Groups: {clk}
Analysis View: setup_view
Other End Arrival Time          0.174
- Setup                         0.345
+ Phase Shift                  10.000
- Uncertainty                   0.200
= Required Time                 9.629
- Arrival Time                  6.176
= Slack Time                    3.453
     Clock Rise Edge                 0.000
     + Clock Network Latency (Prop)  -0.000
     = Beginpoint Arrival Time       -0.000
     +---------------------------------------------------------------------------+ 
     |     Instance      |     Arc      |   Cell    | Delay | Arrival | Required | 
     |                   |              |           |       |  Time   |   Time   | 
     |-------------------+--------------+-----------+-------+---------+----------| 
     | req_sync_q_reg[4] | CK ^         |           |       |  -0.000 |    3.453 | 
     | req_sync_q_reg[4] | CK ^ -> QN v | DFFX1     | 0.577 |   0.577 |    4.029 | 
     | g5879__5526       | A1N v -> Y v | AOI2BB1XL | 0.376 |   0.952 |    4.405 | 
     | g5858__2398       | B v -> Y ^   | NAND2X1   | 0.202 |   1.154 |    4.607 | 
     | g5838__9945       | B ^ -> Y v   | NOR2X1    | 0.127 |   1.281 |    4.734 | 
     | g5831__5122       | A v -> Y ^   | NAND2X1   | 0.141 |   1.422 |    4.875 | 
     | g5829             | A ^ -> Y v   | INVX1     | 0.064 |   1.486 |    4.939 | 
     | g5821__5526       | A0 v -> Y ^  | OAI21XL   | 0.757 |   2.243 |    5.696 | 
     | g5820             | A ^ -> Y v   | INVX1     | 0.351 |   2.594 |    6.047 | 
     | g5816__5107       | A0 v -> Y ^  | AOI22X1   | 0.269 |   2.863 |    6.316 | 
     | g5799__9945       | A1N ^ -> Y ^ | OAI2BB2X1 | 0.425 |   3.288 |    6.741 | 
     | g5798             | A ^ -> Y v   | INVX1     | 0.199 |   3.487 |    6.940 | 
     | g5794__6161       | A0 v -> Y ^  | AOI22X1   | 0.224 |   3.711 |    7.164 | 
     | g5792__4733       | A1N ^ -> Y ^ | OAI2BB2X1 | 0.418 |   4.129 |    7.582 | 
     | g5789__1881       | A ^ -> Y v   | NAND2X1   | 0.244 |   4.373 |    7.826 | 
     | g5779__5107       | A0N v -> Y v | AOI2BB1XL | 0.307 |   4.680 |    8.133 | 
     | g5770__7410       | C0 v -> Y ^  | OAI221XL  | 0.145 |   4.825 |    8.278 | 
     | g5768__2346       | B0 ^ -> Y v  | AOI22X1   | 0.187 |   5.012 |    8.465 | 
     | g5767__2883       | B0 v -> Y ^  | OAI22X1   | 0.260 |   5.272 |    8.725 | 
     | g5766__9945       | S0 ^ -> Y v  | MXI2X1    | 0.228 |   5.500 |    8.953 | 
     | g5761__4733       | A0 v -> Y ^  | OAI21XL   | 0.463 |   5.963 |    9.416 | 
     | g5750__1617       | A0 ^ -> Y v  | AOI21XL   | 0.213 |   6.176 |    9.629 | 
     | pending_q_reg[15] | D v          | DFFHQX1   | 0.000 |   6.176 |    9.629 | 
     +---------------------------------------------------------------------------+ 
Path 28: MET Setup Check with Pin pending_q_reg[11]/CK 
Endpoint:   pending_q_reg[11]/D  (v) checked with  leading edge of 'clk'
Beginpoint: req_sync_q_reg[4]/QN (v) triggered by  leading edge of 'clk'
Path Groups: {clk}
Analysis View: setup_view
Other End Arrival Time          0.175
- Setup                         0.342
+ Phase Shift                  10.000
- Uncertainty                   0.200
= Required Time                 9.633
- Arrival Time                  6.160
= Slack Time                    3.473
     Clock Rise Edge                 0.000
     + Clock Network Latency (Prop)  -0.000
     = Beginpoint Arrival Time       -0.000
     +---------------------------------------------------------------------------+ 
     |     Instance      |     Arc      |   Cell    | Delay | Arrival | Required | 
     |                   |              |           |       |  Time   |   Time   | 
     |-------------------+--------------+-----------+-------+---------+----------| 
     | req_sync_q_reg[4] | CK ^         |           |       |  -0.000 |    3.473 | 
     | req_sync_q_reg[4] | CK ^ -> QN v | DFFX1     | 0.577 |   0.577 |    4.049 | 
     | g5879__5526       | A1N v -> Y v | AOI2BB1XL | 0.376 |   0.952 |    4.425 | 
     | g5858__2398       | B v -> Y ^   | NAND2X1   | 0.202 |   1.154 |    4.627 | 
     | g5838__9945       | B ^ -> Y v   | NOR2X1    | 0.127 |   1.281 |    4.754 | 
     | g5831__5122       | A v -> Y ^   | NAND2X1   | 0.141 |   1.422 |    4.895 | 
     | g5829             | A ^ -> Y v   | INVX1     | 0.064 |   1.486 |    4.958 | 
     | g5821__5526       | A0 v -> Y ^  | OAI21XL   | 0.757 |   2.243 |    5.716 | 
     | g5820             | A ^ -> Y v   | INVX1     | 0.351 |   2.594 |    6.067 | 
     | g5816__5107       | A0 v -> Y ^  | AOI22X1   | 0.269 |   2.863 |    6.336 | 
     | g5799__9945       | A1N ^ -> Y ^ | OAI2BB2X1 | 0.425 |   3.288 |    6.761 | 
     | g5798             | A ^ -> Y v   | INVX1     | 0.199 |   3.487 |    6.960 | 
     | g5794__6161       | A0 v -> Y ^  | AOI22X1   | 0.224 |   3.711 |    7.184 | 
     | g5792__4733       | A1N ^ -> Y ^ | OAI2BB2X1 | 0.418 |   4.129 |    7.602 | 
     | g5789__1881       | A ^ -> Y v   | NAND2X1   | 0.244 |   4.373 |    7.846 | 
     | g5779__5107       | A0N v -> Y v | AOI2BB1XL | 0.307 |   4.680 |    8.153 | 
     | g5770__7410       | C0 v -> Y ^  | OAI221XL  | 0.145 |   4.825 |    8.298 | 
     | g5768__2346       | B0 ^ -> Y v  | AOI22X1   | 0.187 |   5.012 |    8.485 | 
     | g5767__2883       | B0 v -> Y ^  | OAI22X1   | 0.260 |   5.272 |    8.745 | 
     | g5766__9945       | S0 ^ -> Y v  | MXI2X1    | 0.228 |   5.500 |    8.973 | 
     | g5761__4733       | A0 v -> Y ^  | OAI21XL   | 0.463 |   5.963 |    9.436 | 
     | g5743__1881       | A0 ^ -> Y v  | AOI21XL   | 0.197 |   6.160 |    9.632 | 
     | pending_q_reg[11] | D v          | DFFHQX1   | 0.000 |   6.160 |    9.633 | 
     +---------------------------------------------------------------------------+ 
Path 29: MET Setup Check with Pin pending_q_reg[13]/CK 
Endpoint:   pending_q_reg[13]/D  (v) checked with  leading edge of 'clk'
Beginpoint: req_sync_q_reg[4]/QN (v) triggered by  leading edge of 'clk'
Path Groups: {clk}
Analysis View: setup_view
Other End Arrival Time          0.176
- Setup                         0.340
+ Phase Shift                  10.000
- Uncertainty                   0.200
= Required Time                 9.635
- Arrival Time                  6.150
= Slack Time                    3.486
     Clock Rise Edge                 0.000
     + Clock Network Latency (Prop)  -0.000
     = Beginpoint Arrival Time       -0.000
     +---------------------------------------------------------------------------+ 
     |     Instance      |     Arc      |   Cell    | Delay | Arrival | Required | 
     |                   |              |           |       |  Time   |   Time   | 
     |-------------------+--------------+-----------+-------+---------+----------| 
     | req_sync_q_reg[4] | CK ^         |           |       |  -0.000 |    3.485 | 
     | req_sync_q_reg[4] | CK ^ -> QN v | DFFX1     | 0.577 |   0.577 |    4.062 | 
     | g5879__5526       | A1N v -> Y v | AOI2BB1XL | 0.376 |   0.952 |    4.438 | 
     | g5858__2398       | B v -> Y ^   | NAND2X1   | 0.202 |   1.154 |    4.640 | 
     | g5838__9945       | B ^ -> Y v   | NOR2X1    | 0.127 |   1.281 |    4.767 | 
     | g5831__5122       | A v -> Y ^   | NAND2X1   | 0.141 |   1.422 |    4.908 | 
     | g5829             | A ^ -> Y v   | INVX1     | 0.064 |   1.486 |    4.971 | 
     | g5821__5526       | A0 v -> Y ^  | OAI21XL   | 0.757 |   2.243 |    5.729 | 
     | g5820             | A ^ -> Y v   | INVX1     | 0.351 |   2.594 |    6.080 | 
     | g5816__5107       | A0 v -> Y ^  | AOI22X1   | 0.269 |   2.863 |    6.349 | 
     | g5799__9945       | A1N ^ -> Y ^ | OAI2BB2X1 | 0.425 |   3.288 |    6.774 | 
     | g5798             | A ^ -> Y v   | INVX1     | 0.199 |   3.487 |    6.973 | 
     | g5794__6161       | A0 v -> Y ^  | AOI22X1   | 0.224 |   3.711 |    7.197 | 
     | g5792__4733       | A1N ^ -> Y ^ | OAI2BB2X1 | 0.418 |   4.129 |    7.615 | 
     | g5789__1881       | A ^ -> Y v   | NAND2X1   | 0.244 |   4.373 |    7.859 | 
     | g5779__5107       | A0N v -> Y v | AOI2BB1XL | 0.307 |   4.680 |    8.166 | 
     | g5770__7410       | C0 v -> Y ^  | OAI221XL  | 0.145 |   4.825 |    8.311 | 
     | g5768__2346       | B0 ^ -> Y v  | AOI22X1   | 0.187 |   5.012 |    8.497 | 
     | g5767__2883       | B0 v -> Y ^  | OAI22X1   | 0.260 |   5.272 |    8.758 | 
     | g5766__9945       | S0 ^ -> Y v  | MXI2X1    | 0.228 |   5.500 |    8.986 | 
     | g5761__4733       | A0 v -> Y ^  | OAI21XL   | 0.463 |   5.963 |    9.449 | 
     | g5748__2802       | A0 ^ -> Y v  | AOI21XL   | 0.187 |   6.150 |    9.635 | 
     | pending_q_reg[13] | D v          | DFFHQX1   | 0.000 |   6.150 |    9.635 | 
     +---------------------------------------------------------------------------+ 
Path 30: MET Setup Check with Pin pending_q_reg[3]/CK 
Endpoint:   pending_q_reg[3]/D   (v) checked with  leading edge of 'clk'
Beginpoint: req_sync_q_reg[4]/QN (v) triggered by  leading edge of 'clk'
Path Groups: {clk}
Analysis View: setup_view
Other End Arrival Time          0.175
- Setup                         0.340
+ Phase Shift                  10.000
- Uncertainty                   0.200
= Required Time                 9.636
- Arrival Time                  6.126
= Slack Time                    3.510
     Clock Rise Edge                 0.000
     + Clock Network Latency (Prop)  -0.000
     = Beginpoint Arrival Time       -0.000
     +---------------------------------------------------------------------------+ 
     |     Instance      |     Arc      |   Cell    | Delay | Arrival | Required | 
     |                   |              |           |       |  Time   |   Time   | 
     |-------------------+--------------+-----------+-------+---------+----------| 
     | req_sync_q_reg[4] | CK ^         |           |       |  -0.000 |    3.510 | 
     | req_sync_q_reg[4] | CK ^ -> QN v | DFFX1     | 0.577 |   0.577 |    4.087 | 
     | g5879__5526       | A1N v -> Y v | AOI2BB1XL | 0.376 |   0.952 |    4.462 | 
     | g5858__2398       | B v -> Y ^   | NAND2X1   | 0.202 |   1.154 |    4.664 | 
     | g5838__9945       | B ^ -> Y v   | NOR2X1    | 0.127 |   1.281 |    4.791 | 
     | g5831__5122       | A v -> Y ^   | NAND2X1   | 0.141 |   1.422 |    4.932 | 
     | g5829             | A ^ -> Y v   | INVX1     | 0.064 |   1.486 |    4.996 | 
     | g5821__5526       | A0 v -> Y ^  | OAI21XL   | 0.757 |   2.243 |    5.753 | 
     | g5820             | A ^ -> Y v   | INVX1     | 0.351 |   2.594 |    6.104 | 
     | g5816__5107       | A0 v -> Y ^  | AOI22X1   | 0.269 |   2.863 |    6.373 | 
     | g5799__9945       | A1N ^ -> Y ^ | OAI2BB2X1 | 0.425 |   3.288 |    6.798 | 
     | g5798             | A ^ -> Y v   | INVX1     | 0.199 |   3.487 |    6.997 | 
     | g5794__6161       | A0 v -> Y ^  | AOI22X1   | 0.224 |   3.711 |    7.221 | 
     | g5792__4733       | A1N ^ -> Y ^ | OAI2BB2X1 | 0.418 |   4.129 |    7.639 | 
     | g5789__1881       | A ^ -> Y v   | NAND2X1   | 0.244 |   4.373 |    7.883 | 
     | g5779__5107       | A0N v -> Y v | AOI2BB1XL | 0.307 |   4.680 |    8.190 | 
     | g5770__7410       | C0 v -> Y ^  | OAI221XL  | 0.145 |   4.825 |    8.335 | 
     | g5768__2346       | B0 ^ -> Y v  | AOI22X1   | 0.187 |   5.012 |    8.522 | 
     | g5767__2883       | B0 v -> Y ^  | OAI22X1   | 0.260 |   5.272 |    8.782 | 
     | g5766__9945       | S0 ^ -> Y v  | MXI2X1    | 0.228 |   5.500 |    9.010 | 
     | g5763__9315       | A0 v -> Y ^  | OAI21XL   | 0.440 |   5.941 |    9.451 | 
     | g5753__8246       | A0 ^ -> Y v  | AOI21XL   | 0.185 |   6.126 |    9.636 | 
     | pending_q_reg[3]  | D v          | DFFHQX1   | 0.000 |   6.126 |    9.636 | 
     +---------------------------------------------------------------------------+ 
Path 31: MET Setup Check with Pin pending_q_reg[5]/CK 
Endpoint:   pending_q_reg[5]/D   (v) checked with  leading edge of 'clk'
Beginpoint: req_sync_q_reg[4]/QN (v) triggered by  leading edge of 'clk'
Path Groups: {clk}
Analysis View: setup_view
Other End Arrival Time          0.176
- Setup                         0.340
+ Phase Shift                  10.000
- Uncertainty                   0.200
= Required Time                 9.637
- Arrival Time                  6.125
= Slack Time                    3.512
     Clock Rise Edge                 0.000
     + Clock Network Latency (Prop)  -0.000
     = Beginpoint Arrival Time       -0.000
     +---------------------------------------------------------------------------+ 
     |     Instance      |     Arc      |   Cell    | Delay | Arrival | Required | 
     |                   |              |           |       |  Time   |   Time   | 
     |-------------------+--------------+-----------+-------+---------+----------| 
     | req_sync_q_reg[4] | CK ^         |           |       |  -0.000 |    3.512 | 
     | req_sync_q_reg[4] | CK ^ -> QN v | DFFX1     | 0.577 |   0.577 |    4.088 | 
     | g5879__5526       | A1N v -> Y v | AOI2BB1XL | 0.376 |   0.952 |    4.464 | 
     | g5858__2398       | B v -> Y ^   | NAND2X1   | 0.202 |   1.154 |    4.666 | 
     | g5838__9945       | B ^ -> Y v   | NOR2X1    | 0.127 |   1.281 |    4.793 | 
     | g5831__5122       | A v -> Y ^   | NAND2X1   | 0.141 |   1.422 |    4.934 | 
     | g5829             | A ^ -> Y v   | INVX1     | 0.064 |   1.486 |    4.998 | 
     | g5821__5526       | A0 v -> Y ^  | OAI21XL   | 0.757 |   2.243 |    5.755 | 
     | g5820             | A ^ -> Y v   | INVX1     | 0.351 |   2.594 |    6.106 | 
     | g5816__5107       | A0 v -> Y ^  | AOI22X1   | 0.269 |   2.863 |    6.375 | 
     | g5799__9945       | A1N ^ -> Y ^ | OAI2BB2X1 | 0.425 |   3.288 |    6.800 | 
     | g5798             | A ^ -> Y v   | INVX1     | 0.199 |   3.487 |    6.999 | 
     | g5794__6161       | A0 v -> Y ^  | AOI22X1   | 0.224 |   3.711 |    7.223 | 
     | g5792__4733       | A1N ^ -> Y ^ | OAI2BB2X1 | 0.418 |   4.129 |    7.641 | 
     | g5789__1881       | A ^ -> Y v   | NAND2X1   | 0.244 |   4.373 |    7.885 | 
     | g5779__5107       | A0N v -> Y v | AOI2BB1XL | 0.307 |   4.680 |    8.192 | 
     | g5770__7410       | C0 v -> Y ^  | OAI221XL  | 0.145 |   4.825 |    8.337 | 
     | g5768__2346       | B0 ^ -> Y v  | AOI22X1   | 0.187 |   5.012 |    8.524 | 
     | g5767__2883       | B0 v -> Y ^  | OAI22X1   | 0.260 |   5.272 |    8.784 | 
     | g5766__9945       | S0 ^ -> Y v  | MXI2X1    | 0.228 |   5.500 |    9.012 | 
     | g5763__9315       | A0 v -> Y ^  | OAI21XL   | 0.440 |   5.941 |    9.452 | 
     | g5751__5122       | A0 ^ -> Y v  | AOI21XL   | 0.184 |   6.125 |    9.637 | 
     | pending_q_reg[5]  | D v          | DFFHQX1   | 0.000 |   6.125 |    9.637 | 
     +---------------------------------------------------------------------------+ 
Path 32: MET Setup Check with Pin pending_q_reg[7]/CK 
Endpoint:   pending_q_reg[7]/D   (v) checked with  leading edge of 'clk'
Beginpoint: req_sync_q_reg[4]/QN (v) triggered by  leading edge of 'clk'
Path Groups: {clk}
Analysis View: setup_view
Other End Arrival Time          0.176
- Setup                         0.336
+ Phase Shift                  10.000
- Uncertainty                   0.200
= Required Time                 9.639
- Arrival Time                  6.106
= Slack Time                    3.533
     Clock Rise Edge                 0.000
     + Clock Network Latency (Prop)  -0.000
     = Beginpoint Arrival Time       -0.000
     +---------------------------------------------------------------------------+ 
     |     Instance      |     Arc      |   Cell    | Delay | Arrival | Required | 
     |                   |              |           |       |  Time   |   Time   | 
     |-------------------+--------------+-----------+-------+---------+----------| 
     | req_sync_q_reg[4] | CK ^         |           |       |  -0.000 |    3.533 | 
     | req_sync_q_reg[4] | CK ^ -> QN v | DFFX1     | 0.577 |   0.577 |    4.110 | 
     | g5879__5526       | A1N v -> Y v | AOI2BB1XL | 0.376 |   0.952 |    4.485 | 
     | g5858__2398       | B v -> Y ^   | NAND2X1   | 0.202 |   1.154 |    4.687 | 
     | g5838__9945       | B ^ -> Y v   | NOR2X1    | 0.127 |   1.281 |    4.814 | 
     | g5831__5122       | A v -> Y ^   | NAND2X1   | 0.141 |   1.422 |    4.955 | 
     | g5829             | A ^ -> Y v   | INVX1     | 0.064 |   1.486 |    5.019 | 
     | g5821__5526       | A0 v -> Y ^  | OAI21XL   | 0.757 |   2.243 |    5.776 | 
     | g5820             | A ^ -> Y v   | INVX1     | 0.351 |   2.594 |    6.127 | 
     | g5816__5107       | A0 v -> Y ^  | AOI22X1   | 0.269 |   2.863 |    6.396 | 
     | g5799__9945       | A1N ^ -> Y ^ | OAI2BB2X1 | 0.425 |   3.288 |    6.821 | 
     | g5798             | A ^ -> Y v   | INVX1     | 0.199 |   3.487 |    7.020 | 
     | g5794__6161       | A0 v -> Y ^  | AOI22X1   | 0.224 |   3.711 |    7.244 | 
     | g5792__4733       | A1N ^ -> Y ^ | OAI2BB2X1 | 0.418 |   4.129 |    7.662 | 
     | g5789__1881       | A ^ -> Y v   | NAND2X1   | 0.244 |   4.373 |    7.906 | 
     | g5779__5107       | A0N v -> Y v | AOI2BB1XL | 0.307 |   4.680 |    8.213 | 
     | g5770__7410       | C0 v -> Y ^  | OAI221XL  | 0.145 |   4.825 |    8.358 | 
     | g5768__2346       | B0 ^ -> Y v  | AOI22X1   | 0.187 |   5.012 |    8.545 | 
     | g5767__2883       | B0 v -> Y ^  | OAI22X1   | 0.260 |   5.272 |    8.805 | 
     | g5766__9945       | S0 ^ -> Y v  | MXI2X1    | 0.228 |   5.500 |    9.033 | 
     | g5763__9315       | A0 v -> Y ^  | OAI21XL   | 0.440 |   5.941 |    9.474 | 
     | g5758__1705       | A0 ^ -> Y v  | AOI21XL   | 0.166 |   6.106 |    9.639 | 
     | pending_q_reg[7]  | D v          | DFFHQX1   | 0.000 |   6.106 |    9.639 | 
     +---------------------------------------------------------------------------+ 
Path 33: MET Setup Check with Pin pending_q_reg[1]/CK 
Endpoint:   pending_q_reg[1]/D   (v) checked with  leading edge of 'clk'
Beginpoint: req_sync_q_reg[4]/QN (v) triggered by  leading edge of 'clk'
Path Groups: {clk}
Analysis View: setup_view
Other End Arrival Time          0.176
- Setup                         0.336
+ Phase Shift                  10.000
- Uncertainty                   0.200
= Required Time                 9.640
- Arrival Time                  6.106
= Slack Time                    3.534
     Clock Rise Edge                 0.000
     + Clock Network Latency (Prop)  -0.000
     = Beginpoint Arrival Time       -0.000
     +---------------------------------------------------------------------------+ 
     |     Instance      |     Arc      |   Cell    | Delay | Arrival | Required | 
     |                   |              |           |       |  Time   |   Time   | 
     |-------------------+--------------+-----------+-------+---------+----------| 
     | req_sync_q_reg[4] | CK ^         |           |       |  -0.000 |    3.534 | 
     | req_sync_q_reg[4] | CK ^ -> QN v | DFFX1     | 0.577 |   0.577 |    4.111 | 
     | g5879__5526       | A1N v -> Y v | AOI2BB1XL | 0.376 |   0.952 |    4.486 | 
     | g5858__2398       | B v -> Y ^   | NAND2X1   | 0.202 |   1.154 |    4.688 | 
     | g5838__9945       | B ^ -> Y v   | NOR2X1    | 0.127 |   1.281 |    4.815 | 
     | g5831__5122       | A v -> Y ^   | NAND2X1   | 0.141 |   1.422 |    4.956 | 
     | g5829             | A ^ -> Y v   | INVX1     | 0.064 |   1.486 |    5.020 | 
     | g5821__5526       | A0 v -> Y ^  | OAI21XL   | 0.757 |   2.243 |    5.777 | 
     | g5820             | A ^ -> Y v   | INVX1     | 0.351 |   2.594 |    6.128 | 
     | g5816__5107       | A0 v -> Y ^  | AOI22X1   | 0.269 |   2.863 |    6.397 | 
     | g5799__9945       | A1N ^ -> Y ^ | OAI2BB2X1 | 0.425 |   3.288 |    6.822 | 
     | g5798             | A ^ -> Y v   | INVX1     | 0.199 |   3.487 |    7.021 | 
     | g5794__6161       | A0 v -> Y ^  | AOI22X1   | 0.224 |   3.711 |    7.245 | 
     | g5792__4733       | A1N ^ -> Y ^ | OAI2BB2X1 | 0.418 |   4.129 |    7.663 | 
     | g5789__1881       | A ^ -> Y v   | NAND2X1   | 0.244 |   4.373 |    7.907 | 
     | g5779__5107       | A0N v -> Y v | AOI2BB1XL | 0.307 |   4.680 |    8.214 | 
     | g5770__7410       | C0 v -> Y ^  | OAI221XL  | 0.145 |   4.825 |    8.359 | 
     | g5768__2346       | B0 ^ -> Y v  | AOI22X1   | 0.187 |   5.012 |    8.546 | 
     | g5767__2883       | B0 v -> Y ^  | OAI22X1   | 0.260 |   5.272 |    8.806 | 
     | g5766__9945       | S0 ^ -> Y v  | MXI2X1    | 0.228 |   5.500 |    9.034 | 
     | g5763__9315       | A0 v -> Y ^  | OAI21XL   | 0.440 |   5.941 |    9.475 | 
     | g5752__7098       | A0 ^ -> Y v  | AOI21XL   | 0.165 |   6.106 |    9.640 | 
     | pending_q_reg[1]  | D v          | DFFHQX1   | 0.000 |   6.106 |    9.640 | 
     +---------------------------------------------------------------------------+ 
Path 34: MET Setup Check with Pin out_addr_q_reg[0]/CK 
Endpoint:   out_addr_q_reg[0]/D  (v) checked with  leading edge of 'clk'
Beginpoint: req_sync_q_reg[4]/QN (v) triggered by  leading edge of 'clk'
Path Groups: {clk}
Analysis View: setup_view
Other End Arrival Time          0.175
- Setup                         0.337
+ Phase Shift                  10.000
- Uncertainty                   0.200
= Required Time                 9.638
- Arrival Time                  5.705
= Slack Time                    3.933
     Clock Rise Edge                 0.000
     + Clock Network Latency (Prop)  -0.000
     = Beginpoint Arrival Time       -0.000
     +---------------------------------------------------------------------------+ 
     |     Instance      |     Arc      |   Cell    | Delay | Arrival | Required | 
     |                   |              |           |       |  Time   |   Time   | 
     |-------------------+--------------+-----------+-------+---------+----------| 
     | req_sync_q_reg[4] | CK ^         |           |       |  -0.000 |    3.933 | 
     | req_sync_q_reg[4] | CK ^ -> QN v | DFFX1     | 0.577 |   0.576 |    4.510 | 
     | g5879__5526       | A1N v -> Y v | AOI2BB1XL | 0.376 |   0.952 |    4.886 | 
     | g5858__2398       | B v -> Y ^   | NAND2X1   | 0.202 |   1.154 |    5.087 | 
     | g5838__9945       | B ^ -> Y v   | NOR2X1    | 0.127 |   1.281 |    5.214 | 
     | g5831__5122       | A v -> Y ^   | NAND2X1   | 0.141 |   1.422 |    5.355 | 
     | g5829             | A ^ -> Y v   | INVX1     | 0.064 |   1.486 |    5.419 | 
     | g5821__5526       | A0 v -> Y ^  | OAI21XL   | 0.757 |   2.243 |    6.176 | 
     | g5820             | A ^ -> Y v   | INVX1     | 0.351 |   2.594 |    6.527 | 
     | g5816__5107       | A0 v -> Y ^  | AOI22X1   | 0.269 |   2.863 |    6.796 | 
     | g5799__9945       | A1N ^ -> Y ^ | OAI2BB2X1 | 0.425 |   3.288 |    7.221 | 
     | g5798             | A ^ -> Y v   | INVX1     | 0.199 |   3.487 |    7.420 | 
     | g5794__6161       | A0 v -> Y ^  | AOI22X1   | 0.224 |   3.711 |    7.644 | 
     | g5792__4733       | A1N ^ -> Y ^ | OAI2BB2X1 | 0.418 |   4.129 |    8.063 | 
     | g5789__1881       | A ^ -> Y v   | NAND2X1   | 0.244 |   4.373 |    8.307 | 
     | g5779__5107       | A0N v -> Y v | AOI2BB1XL | 0.307 |   4.680 |    8.613 | 
     | g5770__7410       | C0 v -> Y ^  | OAI221XL  | 0.145 |   4.825 |    8.758 | 
     | g5768__2346       | B0 ^ -> Y v  | AOI22X1   | 0.187 |   5.012 |    8.945 | 
     | g5767__2883       | B0 v -> Y ^  | OAI22X1   | 0.260 |   5.272 |    9.205 | 
     | g5766__9945       | S0 ^ -> Y ^  | MXI2X1    | 0.328 |   5.600 |    9.534 | 
     | g5762__6161       | B0 ^ -> Y v  | OAI2BB2X1 | 0.104 |   5.705 |    9.638 | 
     | out_addr_q_reg[0] | D v          | DFFHQX1   | 0.000 |   5.705 |    9.638 | 
     +---------------------------------------------------------------------------+ 
Path 35: MET Setup Check with Pin out_addr_q_reg[1]/CK 
Endpoint:   out_addr_q_reg[1]/D  (v) checked with  leading edge of 'clk'
Beginpoint: req_sync_q_reg[4]/QN (v) triggered by  leading edge of 'clk'
Path Groups: {clk}
Analysis View: setup_view
Other End Arrival Time          0.175
- Setup                         0.338
+ Phase Shift                  10.000
- Uncertainty                   0.200
= Required Time                 9.637
- Arrival Time                  4.238
= Slack Time                    5.400
     Clock Rise Edge                 0.000
     + Clock Network Latency (Prop)  -0.000
     = Beginpoint Arrival Time       -0.000
     +---------------------------------------------------------------------------+ 
     |     Instance      |     Arc      |   Cell    | Delay | Arrival | Required | 
     |                   |              |           |       |  Time   |   Time   | 
     |-------------------+--------------+-----------+-------+---------+----------| 
     | req_sync_q_reg[4] | CK ^         |           |       |  -0.000 |    5.400 | 
     | req_sync_q_reg[4] | CK ^ -> QN v | DFFX1     | 0.577 |   0.576 |    5.976 | 
     | g5879__5526       | A1N v -> Y v | AOI2BB1XL | 0.376 |   0.952 |    6.352 | 
     | g5858__2398       | B v -> Y ^   | NAND2X1   | 0.202 |   1.154 |    6.554 | 
     | g5838__9945       | B ^ -> Y v   | NOR2X1    | 0.127 |   1.281 |    6.681 | 
     | g5831__5122       | A v -> Y ^   | NAND2X1   | 0.141 |   1.422 |    6.822 | 
     | g5829             | A ^ -> Y v   | INVX1     | 0.064 |   1.486 |    6.886 | 
     | g5821__5526       | A0 v -> Y ^  | OAI21XL   | 0.757 |   2.243 |    7.643 | 
     | g5820             | A ^ -> Y v   | INVX1     | 0.351 |   2.594 |    7.994 | 
     | g5816__5107       | A0 v -> Y ^  | AOI22X1   | 0.269 |   2.863 |    8.263 | 
     | g5799__9945       | A1N ^ -> Y ^ | OAI2BB2X1 | 0.425 |   3.288 |    8.688 | 
     | g5798             | A ^ -> Y v   | INVX1     | 0.199 |   3.487 |    8.887 | 
     | g5794__6161       | A0 v -> Y ^  | AOI22X1   | 0.224 |   3.711 |    9.111 | 
     | g5792__4733       | A1N ^ -> Y ^ | OAI2BB2X1 | 0.418 |   4.129 |    9.529 | 
     | g5787__7098       | B0 ^ -> Y v  | OAI2BB2X1 | 0.108 |   4.237 |    9.637 | 
     | out_addr_q_reg[1] | D v          | DFFHQX1   | 0.000 |   4.238 |    9.637 | 
     +---------------------------------------------------------------------------+ 
Path 36: MET Setup Check with Pin out_addr_q_reg[2]/CK 
Endpoint:   out_addr_q_reg[2]/D  (v) checked with  leading edge of 'clk'
Beginpoint: req_sync_q_reg[4]/QN (v) triggered by  leading edge of 'clk'
Path Groups: {clk}
Analysis View: setup_view
Other End Arrival Time          0.175
- Setup                         0.338
+ Phase Shift                  10.000
- Uncertainty                   0.200
= Required Time                 9.637
- Arrival Time                  3.397
= Slack Time                    6.240
     Clock Rise Edge                 0.000
     + Clock Network Latency (Prop)  -0.000
     = Beginpoint Arrival Time       -0.000
     +---------------------------------------------------------------------------+ 
     |     Instance      |     Arc      |   Cell    | Delay | Arrival | Required | 
     |                   |              |           |       |  Time   |   Time   | 
     |-------------------+--------------+-----------+-------+---------+----------| 
     | req_sync_q_reg[4] | CK ^         |           |       |  -0.000 |    6.240 | 
     | req_sync_q_reg[4] | CK ^ -> QN v | DFFX1     | 0.577 |   0.577 |    6.817 | 
     | g5879__5526       | A1N v -> Y v | AOI2BB1XL | 0.376 |   0.952 |    7.193 | 
     | g5858__2398       | B v -> Y ^   | NAND2X1   | 0.202 |   1.154 |    7.394 | 
     | g5838__9945       | B ^ -> Y v   | NOR2X1    | 0.127 |   1.281 |    7.521 | 
     | g5831__5122       | A v -> Y ^   | NAND2X1   | 0.141 |   1.422 |    7.662 | 
     | g5829             | A ^ -> Y v   | INVX1     | 0.064 |   1.486 |    7.726 | 
     | g5821__5526       | A0 v -> Y ^  | OAI21XL   | 0.757 |   2.243 |    8.483 | 
     | g5820             | A ^ -> Y v   | INVX1     | 0.351 |   2.594 |    8.834 | 
     | g5816__5107       | A0 v -> Y ^  | AOI22X1   | 0.269 |   2.863 |    9.103 | 
     | g5799__9945       | A1N ^ -> Y ^ | OAI2BB2X1 | 0.425 |   3.288 |    9.528 | 
     | g5795__9315       | B0 ^ -> Y v  | OAI2BB2X1 | 0.109 |   3.397 |    9.637 | 
     | out_addr_q_reg[2] | D v          | DFFHQX1   | 0.000 |   3.397 |    9.637 | 
     +---------------------------------------------------------------------------+ 
Path 37: MET Setup Check with Pin epoch_gray_q_reg[3]/CK 
Endpoint:   epoch_gray_q_reg[3]/D (^) checked with  leading edge of 'clk'
Beginpoint: req_sync_q_reg[4]/QN  (^) triggered by  leading edge of 'clk'
Path Groups: {clk}
Analysis View: setup_view
Other End Arrival Time          0.175
- Setup                         0.154
+ Phase Shift                  10.000
- Uncertainty                   0.200
= Required Time                 9.820
- Arrival Time                  3.124
= Slack Time                    6.696
     Clock Rise Edge                 0.000
     + Clock Network Latency (Prop)  -0.000
     = Beginpoint Arrival Time       -0.000
     +-----------------------------------------------------------------------------+ 
     |      Instance       |     Arc      |   Cell    | Delay | Arrival | Required | 
     |                     |              |           |       |  Time   |   Time   | 
     |---------------------+--------------+-----------+-------+---------+----------| 
     | req_sync_q_reg[4]   | CK ^         |           |       |  -0.000 |    6.696 | 
     | req_sync_q_reg[4]   | CK ^ -> QN ^ | DFFX1     | 0.513 |   0.513 |    7.209 | 
     | g5879__5526         | A1N ^ -> Y ^ | AOI2BB1XL | 0.442 |   0.955 |    7.651 | 
     | g5858__2398         | B ^ -> Y v   | NAND2X1   | 0.171 |   1.126 |    7.822 | 
     | g5838__9945         | B v -> Y ^   | NOR2X1    | 0.222 |   1.348 |    8.044 | 
     | g5831__5122         | A ^ -> Y v   | NAND2X1   | 0.127 |   1.475 |    8.171 | 
     | g5824__6783         | A1 v -> Y ^  | OAI22X1   | 0.557 |   2.032 |    8.728 | 
     | g6100               | AN ^ -> Y ^  | NOR2BX1   | 0.746 |   2.778 |    9.474 | 
     | g5809__2346         | B0 ^ -> Y v  | AOI22X1   | 0.233 |   3.011 |    9.707 | 
     | g5806               | A v -> Y ^   | INVX1     | 0.113 |   3.124 |    9.820 | 
     | epoch_gray_q_reg[3] | D ^          | DFFHQX1   | 0.000 |   3.124 |    9.820 | 
     +-----------------------------------------------------------------------------+ 
Path 38: MET Setup Check with Pin epoch_gray_q_reg[0]/CK 
Endpoint:   epoch_gray_q_reg[0]/D (^) checked with  leading edge of 'clk'
Beginpoint: req_sync_q_reg[4]/QN  (^) triggered by  leading edge of 'clk'
Path Groups: {clk}
Analysis View: setup_view
Other End Arrival Time          0.174
- Setup                         0.121
+ Phase Shift                  10.000
- Uncertainty                   0.200
= Required Time                 9.853
- Arrival Time                  3.125
= Slack Time                    6.727
     Clock Rise Edge                 0.000
     + Clock Network Latency (Prop)  -0.000
     = Beginpoint Arrival Time       -0.000
     +-----------------------------------------------------------------------------+ 
     |      Instance       |     Arc      |   Cell    | Delay | Arrival | Required | 
     |                     |              |           |       |  Time   |   Time   | 
     |---------------------+--------------+-----------+-------+---------+----------| 
     | req_sync_q_reg[4]   | CK ^         |           |       |  -0.000 |    6.727 | 
     | req_sync_q_reg[4]   | CK ^ -> QN ^ | DFFX1     | 0.513 |   0.513 |    7.240 | 
     | g5879__5526         | A1N ^ -> Y ^ | AOI2BB1XL | 0.442 |   0.955 |    7.682 | 
     | g5858__2398         | B ^ -> Y v   | NAND2X1   | 0.171 |   1.126 |    7.853 | 
     | g5838__9945         | B v -> Y ^   | NOR2X1    | 0.222 |   1.348 |    8.075 | 
     | g5831__5122         | A ^ -> Y v   | NAND2X1   | 0.127 |   1.475 |    8.203 | 
     | g5824__6783         | A1 v -> Y ^  | OAI22X1   | 0.557 |   2.032 |    8.759 | 
     | g6100               | AN ^ -> Y ^  | NOR2BX1   | 0.746 |   2.778 |    9.506 | 
     | g5803__2883         | B0 ^ -> Y v  | AOI22X1   | 0.232 |   3.010 |    9.737 | 
     | g5802               | A v -> Y ^   | INVX1     | 0.115 |   3.125 |    9.853 | 
     | epoch_gray_q_reg[0] | D ^          | DFFX1     | 0.000 |   3.125 |    9.853 | 
     +-----------------------------------------------------------------------------+ 
Path 39: MET Setup Check with Pin epoch_gray_q_reg[1]/CK 
Endpoint:   epoch_gray_q_reg[1]/D (^) checked with  leading edge of 'clk'
Beginpoint: req_sync_q_reg[4]/QN  (^) triggered by  leading edge of 'clk'
Path Groups: {clk}
Analysis View: setup_view
Other End Arrival Time          0.174
- Setup                         0.121
+ Phase Shift                  10.000
- Uncertainty                   0.200
= Required Time                 9.853
- Arrival Time                  3.114
= Slack Time                    6.739
     Clock Rise Edge                 0.000
     + Clock Network Latency (Prop)  -0.000
     = Beginpoint Arrival Time       -0.000
     +-----------------------------------------------------------------------------+ 
     |      Instance       |     Arc      |   Cell    | Delay | Arrival | Required | 
     |                     |              |           |       |  Time   |   Time   | 
     |---------------------+--------------+-----------+-------+---------+----------| 
     | req_sync_q_reg[4]   | CK ^         |           |       |  -0.000 |    6.739 | 
     | req_sync_q_reg[4]   | CK ^ -> QN ^ | DFFX1     | 0.513 |   0.513 |    7.252 | 
     | g5879__5526         | A1N ^ -> Y ^ | AOI2BB1XL | 0.442 |   0.955 |    7.694 | 
     | g5858__2398         | B ^ -> Y v   | NAND2X1   | 0.171 |   1.126 |    7.864 | 
     | g5838__9945         | B v -> Y ^   | NOR2X1    | 0.222 |   1.348 |    8.087 | 
     | g5831__5122         | A ^ -> Y v   | NAND2X1   | 0.127 |   1.475 |    8.214 | 
     | g5824__6783         | A1 v -> Y ^  | OAI22X1   | 0.557 |   2.032 |    8.771 | 
     | g6100               | AN ^ -> Y ^  | NOR2BX1   | 0.746 |   2.778 |    9.517 | 
     | g5811__7410         | B0 ^ -> Y v  | AOI22X1   | 0.223 |   3.002 |    9.740 | 
     | g5808               | A v -> Y ^   | INVX1     | 0.112 |   3.114 |    9.853 | 
     | epoch_gray_q_reg[1] | D ^          | DFFX1     | 0.000 |   3.114 |    9.853 | 
     +-----------------------------------------------------------------------------+ 
Path 40: MET Setup Check with Pin epoch_gray_q_reg[2]/CK 
Endpoint:   epoch_gray_q_reg[2]/D (^) checked with  leading edge of 'clk'
Beginpoint: req_sync_q_reg[4]/QN  (^) triggered by  leading edge of 'clk'
Path Groups: {clk}
Analysis View: setup_view
Other End Arrival Time          0.175
- Setup                         0.121
+ Phase Shift                  10.000
- Uncertainty                   0.200
= Required Time                 9.854
- Arrival Time                  3.112
= Slack Time                    6.742
     Clock Rise Edge                 0.000
     + Clock Network Latency (Prop)  -0.000
     = Beginpoint Arrival Time       -0.000
     +-----------------------------------------------------------------------------+ 
     |      Instance       |     Arc      |   Cell    | Delay | Arrival | Required | 
     |                     |              |           |       |  Time   |   Time   | 
     |---------------------+--------------+-----------+-------+---------+----------| 
     | req_sync_q_reg[4]   | CK ^         |           |       |  -0.000 |    6.742 | 
     | req_sync_q_reg[4]   | CK ^ -> QN ^ | DFFX1     | 0.513 |   0.513 |    7.255 | 
     | g5879__5526         | A1N ^ -> Y ^ | AOI2BB1XL | 0.442 |   0.955 |    7.697 | 
     | g5858__2398         | B ^ -> Y v   | NAND2X1   | 0.171 |   1.126 |    7.868 | 
     | g5838__9945         | B v -> Y ^   | NOR2X1    | 0.222 |   1.348 |    8.090 | 
     | g5831__5122         | A ^ -> Y v   | NAND2X1   | 0.127 |   1.475 |    8.217 | 
     | g5824__6783         | A1 v -> Y ^  | OAI22X1   | 0.557 |   2.032 |    8.774 | 
     | g6100               | AN ^ -> Y ^  | NOR2BX1   | 0.746 |   2.778 |    9.520 | 
     | g5810__1666         | B0 ^ -> Y v  | AOI22X1   | 0.224 |   3.002 |    9.744 | 
     | g5807               | A v -> Y ^   | INVX1     | 0.110 |   3.112 |    9.854 | 
     | epoch_gray_q_reg[2] | D ^          | DFFX1     | 0.000 |   3.112 |    9.854 | 
     +-----------------------------------------------------------------------------+ 
Path 41: MET Late External Delay Assertion 
Endpoint:   src_ack_async[0]         (v) checked with  leading edge of 'clk'
Beginpoint: reset_release_q_reg[1]/Q (v) triggered by  leading edge of 'clk'
Path Groups: {clk}
Analysis View: setup_view
Other End Arrival Time          0.000
- External Delay                1.000
+ Phase Shift                  10.000
- Uncertainty                   0.200
= Required Time                 8.800
- Arrival Time                  1.791
= Slack Time                    7.009
     Clock Rise Edge                 0.000
     + Clock Network Latency (Prop)  -0.003
     = Beginpoint Arrival Time       -0.003
     +----------------------------------------------------------------------------------------+ 
     |         Instance          |        Arc         |   Cell   | Delay | Arrival | Required | 
     |                           |                    |          |       |  Time   |   Time   | 
     |---------------------------+--------------------+----------+-------+---------+----------| 
     | reset_release_q_reg[1]    | CK ^               |          |       |  -0.003 |    7.006 | 
     | reset_release_q_reg[1]    | CK ^ -> Q v        | DFFRHQX1 | 0.311 |   0.307 |    7.317 | 
     | FE_OFC0_reset_release_q_1 | A v -> Y v         | CLKBUFX2 | 0.556 |   0.864 |    7.873 | 
     | g5922                     | A v -> Y ^         | INVX1    | 0.739 |   1.603 |    8.612 | 
     | g5888__2346               | B ^ -> Y v         | NOR2BXL  | 0.188 |   1.790 |    8.800 | 
     |                           | src_ack_async[0] v |          | 0.000 |   1.791 |    8.800 | 
     +----------------------------------------------------------------------------------------+ 
Path 42: MET Late External Delay Assertion 
Endpoint:   src_ack_async[1]         (v) checked with  leading edge of 'clk'
Beginpoint: reset_release_q_reg[1]/Q (v) triggered by  leading edge of 'clk'
Path Groups: {clk}
Analysis View: setup_view
Other End Arrival Time          0.000
- External Delay                1.000
+ Phase Shift                  10.000
- Uncertainty                   0.200
= Required Time                 8.800
- Arrival Time                  1.786
= Slack Time                    7.014
     Clock Rise Edge                 0.000
     + Clock Network Latency (Prop)  -0.003
     = Beginpoint Arrival Time       -0.003
     +----------------------------------------------------------------------------------------+ 
     |         Instance          |        Arc         |   Cell   | Delay | Arrival | Required | 
     |                           |                    |          |       |  Time   |   Time   | 
     |---------------------------+--------------------+----------+-------+---------+----------| 
     | reset_release_q_reg[1]    | CK ^               |          |       |  -0.003 |    7.011 | 
     | reset_release_q_reg[1]    | CK ^ -> Q v        | DFFRHQX1 | 0.311 |   0.307 |    7.322 | 
     | FE_OFC0_reset_release_q_1 | A v -> Y v         | CLKBUFX2 | 0.556 |   0.864 |    7.878 | 
     | g5922                     | A v -> Y ^         | INVX1    | 0.739 |   1.602 |    8.617 | 
     | g5903__1617               | B ^ -> Y v         | NOR2BXL  | 0.183 |   1.786 |    8.800 | 
     |                           | src_ack_async[1] v |          | 0.000 |   1.786 |    8.800 | 
     +----------------------------------------------------------------------------------------+ 
Path 43: MET Late External Delay Assertion 
Endpoint:   src_ack_async[2]         (v) checked with  leading edge of 'clk'
Beginpoint: reset_release_q_reg[1]/Q (v) triggered by  leading edge of 'clk'
Path Groups: {clk}
Analysis View: setup_view
Other End Arrival Time          0.000
- External Delay                1.000
+ Phase Shift                  10.000
- Uncertainty                   0.200
= Required Time                 8.800
- Arrival Time                  1.771
= Slack Time                    7.029
     Clock Rise Edge                 0.000
     + Clock Network Latency (Prop)  -0.003
     = Beginpoint Arrival Time       -0.003
     +----------------------------------------------------------------------------------------+ 
     |         Instance          |        Arc         |   Cell   | Delay | Arrival | Required | 
     |                           |                    |          |       |  Time   |   Time   | 
     |---------------------------+--------------------+----------+-------+---------+----------| 
     | reset_release_q_reg[1]    | CK ^               |          |       |  -0.003 |    7.026 | 
     | reset_release_q_reg[1]    | CK ^ -> Q v        | DFFRHQX1 | 0.311 |   0.307 |    7.337 | 
     | FE_OFC0_reset_release_q_1 | A v -> Y v         | CLKBUFX2 | 0.556 |   0.864 |    7.893 | 
     | g5922                     | A v -> Y ^         | INVX1    | 0.739 |   1.603 |    8.632 | 
     | g5887__8246               | B ^ -> Y v         | NOR2BXL  | 0.168 |   1.771 |    8.800 | 
     |                           | src_ack_async[2] v |          | 0.000 |   1.771 |    8.800 | 
     +----------------------------------------------------------------------------------------+ 
Path 44: MET Late External Delay Assertion 
Endpoint:   src_ack_async[3]         (v) checked with  leading edge of 'clk'
Beginpoint: reset_release_q_reg[1]/Q (v) triggered by  leading edge of 'clk'
Path Groups: {clk}
Analysis View: setup_view
Other End Arrival Time          0.000
- External Delay                1.000
+ Phase Shift                  10.000
- Uncertainty                   0.200
= Required Time                 8.800
- Arrival Time                  1.768
= Slack Time                    7.032
     Clock Rise Edge                 0.000
     + Clock Network Latency (Prop)  -0.003
     = Beginpoint Arrival Time       -0.003
     +----------------------------------------------------------------------------------------+ 
     |         Instance          |        Arc         |   Cell   | Delay | Arrival | Required | 
     |                           |                    |          |       |  Time   |   Time   | 
     |---------------------------+--------------------+----------+-------+---------+----------| 
     | reset_release_q_reg[1]    | CK ^               |          |       |  -0.003 |    7.028 | 
     | reset_release_q_reg[1]    | CK ^ -> Q v        | DFFRHQX1 | 0.311 |   0.307 |    7.339 | 
     | FE_OFC0_reset_release_q_1 | A v -> Y v         | CLKBUFX2 | 0.556 |   0.864 |    7.895 | 
     | g5922                     | A v -> Y ^         | INVX1    | 0.739 |   1.603 |    8.634 | 
     | g5899__7410               | B ^ -> Y v         | NOR2BXL  | 0.166 |   1.768 |    8.800 | 
     |                           | src_ack_async[3] v |          | 0.000 |   1.768 |    8.800 | 
     +----------------------------------------------------------------------------------------+ 
Path 45: MET Late External Delay Assertion 
Endpoint:   src_ack_async[12]        (v) checked with  leading edge of 'clk'
Beginpoint: reset_release_q_reg[1]/Q (v) triggered by  leading edge of 'clk'
Path Groups: {clk}
Analysis View: setup_view
Other End Arrival Time          0.000
- External Delay                1.000
+ Phase Shift                  10.000
- Uncertainty                   0.200
= Required Time                 8.800
- Arrival Time                  1.760
= Slack Time                    7.040
     Clock Rise Edge                 0.000
     + Clock Network Latency (Prop)  -0.003
     = Beginpoint Arrival Time       -0.003
     +-----------------------------------------------------------------------------------------+ 
     |         Instance          |         Arc         |   Cell   | Delay | Arrival | Required | 
     |                           |                     |          |       |  Time   |   Time   | 
     |---------------------------+---------------------+----------+-------+---------+----------| 
     | reset_release_q_reg[1]    | CK ^                |          |       |  -0.003 |    7.037 | 
     | reset_release_q_reg[1]    | CK ^ -> Q v         | DFFRHQX1 | 0.311 |   0.307 |    7.348 | 
     | FE_OFC0_reset_release_q_1 | A v -> Y v          | CLKBUFX2 | 0.556 |   0.864 |    7.904 | 
     | g5922                     | A v -> Y ^          | INVX1    | 0.739 |   1.603 |    8.643 | 
     | g5893__4319               | B ^ -> Y v          | NOR2BXL  | 0.157 |   1.760 |    8.800 | 
     |                           | src_ack_async[12] v |          | 0.000 |   1.760 |    8.800 | 
     +-----------------------------------------------------------------------------------------+ 
Path 46: MET Late External Delay Assertion 
Endpoint:   src_ack_async[9]         (v) checked with  leading edge of 'clk'
Beginpoint: reset_release_q_reg[1]/Q (v) triggered by  leading edge of 'clk'
Path Groups: {clk}
Analysis View: setup_view
Other End Arrival Time          0.000
- External Delay                1.000
+ Phase Shift                  10.000
- Uncertainty                   0.200
= Required Time                 8.800
- Arrival Time                  1.758
= Slack Time                    7.042
     Clock Rise Edge                 0.000
     + Clock Network Latency (Prop)  -0.003
     = Beginpoint Arrival Time       -0.003
     +----------------------------------------------------------------------------------------+ 
     |         Instance          |        Arc         |   Cell   | Delay | Arrival | Required | 
     |                           |                    |          |       |  Time   |   Time   | 
     |---------------------------+--------------------+----------+-------+---------+----------| 
     | reset_release_q_reg[1]    | CK ^               |          |       |  -0.003 |    7.039 | 
     | reset_release_q_reg[1]    | CK ^ -> Q v        | DFFRHQX1 | 0.311 |   0.307 |    7.349 | 
     | FE_OFC0_reset_release_q_1 | A v -> Y v         | CLKBUFX2 | 0.556 |   0.864 |    7.906 | 
     | g5922                     | A v -> Y ^         | INVX1    | 0.739 |   1.603 |    8.644 | 
     | g5901__6783               | B ^ -> Y v         | NOR2BXL  | 0.156 |   1.758 |    8.800 | 
     |                           | src_ack_async[9] v |          | 0.000 |   1.758 |    8.800 | 
     +----------------------------------------------------------------------------------------+ 
Path 47: MET Late External Delay Assertion 
Endpoint:   src_ack_async[7]         (v) checked with  leading edge of 'clk'
Beginpoint: reset_release_q_reg[1]/Q (v) triggered by  leading edge of 'clk'
Path Groups: {clk}
Analysis View: setup_view
Other End Arrival Time          0.000
- External Delay                1.000
+ Phase Shift                  10.000
- Uncertainty                   0.200
= Required Time                 8.800
- Arrival Time                  1.757
= Slack Time                    7.043
     Clock Rise Edge                 0.000
     + Clock Network Latency (Prop)  -0.003
     = Beginpoint Arrival Time       -0.003
     +----------------------------------------------------------------------------------------+ 
     |         Instance          |        Arc         |   Cell   | Delay | Arrival | Required | 
     |                           |                    |          |       |  Time   |   Time   | 
     |---------------------------+--------------------+----------+-------+---------+----------| 
     | reset_release_q_reg[1]    | CK ^               |          |       |  -0.003 |    7.040 | 
     | reset_release_q_reg[1]    | CK ^ -> Q v        | DFFRHQX1 | 0.311 |   0.307 |    7.350 | 
     | FE_OFC0_reset_release_q_1 | A v -> Y v         | CLKBUFX2 | 0.556 |   0.864 |    7.907 | 
     | g5922                     | A v -> Y ^         | INVX1    | 0.739 |   1.603 |    8.645 | 
     | g5891__3680               | B ^ -> Y v         | NOR2BXL  | 0.155 |   1.757 |    8.800 | 
     |                           | src_ack_async[7] v |          | 0.000 |   1.757 |    8.800 | 
     +----------------------------------------------------------------------------------------+ 
Path 48: MET Late External Delay Assertion 
Endpoint:   src_ack_async[13]        (v) checked with  leading edge of 'clk'
Beginpoint: reset_release_q_reg[1]/Q (v) triggered by  leading edge of 'clk'
Path Groups: {clk}
Analysis View: setup_view
Other End Arrival Time          0.000
- External Delay                1.000
+ Phase Shift                  10.000
- Uncertainty                   0.200
= Required Time                 8.800
- Arrival Time                  1.755
= Slack Time                    7.045
     Clock Rise Edge                 0.000
     + Clock Network Latency (Prop)  -0.003
     = Beginpoint Arrival Time       -0.003
     +-----------------------------------------------------------------------------------------+ 
     |         Instance          |         Arc         |   Cell   | Delay | Arrival | Required | 
     |                           |                     |          |       |  Time   |   Time   | 
     |---------------------------+---------------------+----------+-------+---------+----------| 
     | reset_release_q_reg[1]    | CK ^                |          |       |  -0.003 |    7.042 | 
     | reset_release_q_reg[1]    | CK ^ -> Q v         | DFFRHQX1 | 0.311 |   0.307 |    7.353 | 
     | FE_OFC0_reset_release_q_1 | A v -> Y v          | CLKBUFX2 | 0.556 |   0.864 |    7.909 | 
     | g5922                     | A v -> Y ^          | INVX1    | 0.739 |   1.603 |    8.648 | 
     | g5900__5107               | B ^ -> Y v          | NOR2BXL  | 0.152 |   1.755 |    8.800 | 
     |                           | src_ack_async[13] v |          | 0.000 |   1.755 |    8.800 | 
     +-----------------------------------------------------------------------------------------+ 
Path 49: MET Late External Delay Assertion 
Endpoint:   src_ack_async[15]        (v) checked with  leading edge of 'clk'
Beginpoint: reset_release_q_reg[1]/Q (v) triggered by  leading edge of 'clk'
Path Groups: {clk}
Analysis View: setup_view
Other End Arrival Time          0.000
- External Delay                1.000
+ Phase Shift                  10.000
- Uncertainty                   0.200
= Required Time                 8.800
- Arrival Time                  1.754
= Slack Time                    7.046
     Clock Rise Edge                 0.000
     + Clock Network Latency (Prop)  -0.003
     = Beginpoint Arrival Time       -0.003
     +-----------------------------------------------------------------------------------------+ 
     |         Instance          |         Arc         |   Cell   | Delay | Arrival | Required | 
     |                           |                     |          |       |  Time   |   Time   | 
     |---------------------------+---------------------+----------+-------+---------+----------| 
     | reset_release_q_reg[1]    | CK ^                |          |       |  -0.003 |    7.043 | 
     | reset_release_q_reg[1]    | CK ^ -> Q v         | DFFRHQX1 | 0.311 |   0.307 |    7.354 | 
     | FE_OFC0_reset_release_q_1 | A v -> Y v          | CLKBUFX2 | 0.556 |   0.864 |    7.910 | 
     | g5922                     | A v -> Y ^          | INVX1    | 0.739 |   1.603 |    8.649 | 
     | g5898__6417               | B ^ -> Y v          | NOR2BXL  | 0.151 |   1.754 |    8.800 | 
     |                           | src_ack_async[15] v |          | 0.000 |   1.754 |    8.800 | 
     +-----------------------------------------------------------------------------------------+ 
Path 50: MET Late External Delay Assertion 
Endpoint:   src_ack_async[5]         (v) checked with  leading edge of 'clk'
Beginpoint: reset_release_q_reg[1]/Q (v) triggered by  leading edge of 'clk'
Path Groups: {clk}
Analysis View: setup_view
Other End Arrival Time          0.000
- External Delay                1.000
+ Phase Shift                  10.000
- Uncertainty                   0.200
= Required Time                 8.800
- Arrival Time                  1.753
= Slack Time                    7.047
     Clock Rise Edge                 0.000
     + Clock Network Latency (Prop)  -0.003
     = Beginpoint Arrival Time       -0.003
     +----------------------------------------------------------------------------------------+ 
     |         Instance          |        Arc         |   Cell   | Delay | Arrival | Required | 
     |                           |                    |          |       |  Time   |   Time   | 
     |---------------------------+--------------------+----------+-------+---------+----------| 
     | reset_release_q_reg[1]    | CK ^               |          |       |  -0.003 |    7.044 | 
     | reset_release_q_reg[1]    | CK ^ -> Q v        | DFFRHQX1 | 0.311 |   0.307 |    7.355 | 
     | FE_OFC0_reset_release_q_1 | A v -> Y v         | CLKBUFX2 | 0.556 |   0.864 |    7.911 | 
     | g5922                     | A v -> Y ^         | INVX1    | 0.739 |   1.602 |    8.650 | 
     | g5895__1666               | B ^ -> Y v         | NOR2BXL  | 0.150 |   1.753 |    8.800 | 
     |                           | src_ack_async[5] v |          | 0.000 |   1.753 |    8.800 | 
     +----------------------------------------------------------------------------------------+ 

