###############################################################
#  Generated by:      Cadence Innovus 23.14-s088_1
#  OS:                Linux x86_64(Host ID <REMOTE_HOST>)
#  Generated on:      Wed Aug 26 16:59:40 2026
#  Design:            aer_pending_xor1_rank_reuse_sync_core_reset
#  Command:           report_timing -max_paths 100 > [file join $report_dir postroute_hold_timing.rpt]
###############################################################
Path 1: MET Hold Check with Pin req_sync_q_reg[13]/CK 
Endpoint:   req_sync_q_reg[13]/D (v) checked with  leading edge of 'clk'
Beginpoint: req_meta_q_reg[13]/Q (v) triggered by  leading edge of 'clk'
Path Groups: {clk}
Analysis View: hold_view
Other End Arrival Time          0.001
+ Hold                         -0.000
+ Phase Shift                   0.000
+ Uncertainty                   0.020
= Required Time                 0.021
  Arrival Time                  0.045
  Slack Time                    0.024
     Clock Rise Edge                 0.000
     + Clock Network Latency (Prop)  -0.000
     = Beginpoint Arrival Time       -0.000
     +-------------------------------------------------------------------------+ 
     |      Instance      |     Arc     |  Cell   | Delay | Arrival | Required | 
     |                    |             |         |       |  Time   |   Time   | 
     |--------------------+-------------+---------+-------+---------+----------| 
     | req_meta_q_reg[13] | CK ^        |         |       |  -0.000 |   -0.024 | 
     | req_meta_q_reg[13] | CK ^ -> Q v | DFFQXL  | 0.045 |   0.045 |    0.021 | 
     | req_sync_q_reg[13] | D v         | DFFHQX1 | 0.000 |   0.045 |    0.021 | 
     +-------------------------------------------------------------------------+ 
Path 2: MET Hold Check with Pin req_sync_q_reg[7]/CK 
Endpoint:   req_sync_q_reg[7]/D (v) checked with  leading edge of 'clk'
Beginpoint: req_meta_q_reg[7]/Q (v) triggered by  leading edge of 'clk'
Path Groups: {clk}
Analysis View: hold_view
Other End Arrival Time          0.001
+ Hold                         -0.001
+ Phase Shift                   0.000
+ Uncertainty                   0.020
= Required Time                 0.020
  Arrival Time                  0.046
  Slack Time                    0.025
     Clock Rise Edge                 0.000
     + Clock Network Latency (Prop)  -0.001
     = Beginpoint Arrival Time       -0.001
     +------------------------------------------------------------------------+ 
     |     Instance      |     Arc     |  Cell   | Delay | Arrival | Required | 
     |                   |             |         |       |  Time   |   Time   | 
     |-------------------+-------------+---------+-------+---------+----------| 
     | req_meta_q_reg[7] | CK ^        |         |       |  -0.001 |   -0.026 | 
     | req_meta_q_reg[7] | CK ^ -> Q v | DFFQXL  | 0.046 |   0.046 |    0.020 | 
     | req_sync_q_reg[7] | D v         | DFFHQX1 | 0.000 |   0.046 |    0.020 | 
     +------------------------------------------------------------------------+ 
Path 3: MET Hold Check with Pin req_sync_q_reg[14]/CK 
Endpoint:   req_sync_q_reg[14]/D (v) checked with  leading edge of 'clk'
Beginpoint: req_meta_q_reg[14]/Q (v) triggered by  leading edge of 'clk'
Path Groups: {clk}
Analysis View: hold_view
Other End Arrival Time          0.001
+ Hold                         -0.001
+ Phase Shift                   0.000
+ Uncertainty                   0.020
= Required Time                 0.021
  Arrival Time                  0.046
  Slack Time                    0.025
     Clock Rise Edge                 0.000
     + Clock Network Latency (Prop)  -0.000
     = Beginpoint Arrival Time       -0.000
     +-------------------------------------------------------------------------+ 
     |      Instance      |     Arc     |  Cell   | Delay | Arrival | Required | 
     |                    |             |         |       |  Time   |   Time   | 
     |--------------------+-------------+---------+-------+---------+----------| 
     | req_meta_q_reg[14] | CK ^        |         |       |  -0.000 |   -0.026 | 
     | req_meta_q_reg[14] | CK ^ -> Q v | DFFQXL  | 0.046 |   0.046 |    0.021 | 
     | req_sync_q_reg[14] | D v         | DFFHQX1 | 0.000 |   0.046 |    0.021 | 
     +-------------------------------------------------------------------------+ 
Path 4: MET Hold Check with Pin req_sync_q_reg[3]/CK 
Endpoint:   req_sync_q_reg[3]/D (v) checked with  leading edge of 'clk'
Beginpoint: req_meta_q_reg[3]/Q (v) triggered by  leading edge of 'clk'
Path Groups: {clk}
Analysis View: hold_view
Other End Arrival Time          0.001
+ Hold                         -0.001
+ Phase Shift                   0.000
+ Uncertainty                   0.020
= Required Time                 0.020
  Arrival Time                  0.046
  Slack Time                    0.026
     Clock Rise Edge                 0.000
     + Clock Network Latency (Prop)  -0.001
     = Beginpoint Arrival Time       -0.001
     +------------------------------------------------------------------------+ 
     |     Instance      |     Arc     |  Cell   | Delay | Arrival | Required | 
     |                   |             |         |       |  Time   |   Time   | 
     |-------------------+-------------+---------+-------+---------+----------| 
     | req_meta_q_reg[3] | CK ^        |         |       |  -0.001 |   -0.026 | 
     | req_meta_q_reg[3] | CK ^ -> Q v | DFFQXL  | 0.047 |   0.046 |    0.020 | 
     | req_sync_q_reg[3] | D v         | DFFHQX1 | 0.000 |   0.046 |    0.020 | 
     +------------------------------------------------------------------------+ 
Path 5: MET Hold Check with Pin req_sync_q_reg[8]/CK 
Endpoint:   req_sync_q_reg[8]/D (v) checked with  leading edge of 'clk'
Beginpoint: req_meta_q_reg[8]/Q (v) triggered by  leading edge of 'clk'
Path Groups: {clk}
Analysis View: hold_view
Other End Arrival Time          0.001
+ Hold                         -0.000
+ Phase Shift                   0.000
+ Uncertainty                   0.020
= Required Time                 0.021
  Arrival Time                  0.048
  Slack Time                    0.027
     Clock Rise Edge                 0.000
     + Clock Network Latency (Prop)  -0.001
     = Beginpoint Arrival Time       -0.001
     +------------------------------------------------------------------------+ 
     |     Instance      |     Arc     |  Cell   | Delay | Arrival | Required | 
     |                   |             |         |       |  Time   |   Time   | 
     |-------------------+-------------+---------+-------+---------+----------| 
     | req_meta_q_reg[8] | CK ^        |         |       |  -0.001 |   -0.027 | 
     | req_meta_q_reg[8] | CK ^ -> Q v | DFFQXL  | 0.048 |   0.048 |    0.021 | 
     | req_sync_q_reg[8] | D v         | DFFHQX1 | 0.000 |   0.048 |    0.021 | 
     +------------------------------------------------------------------------+ 
Path 6: MET Hold Check with Pin req_sync_q_reg[6]/CK 
Endpoint:   req_sync_q_reg[6]/D (v) checked with  leading edge of 'clk'
Beginpoint: req_meta_q_reg[6]/Q (v) triggered by  leading edge of 'clk'
Path Groups: {clk}
Analysis View: hold_view
Other End Arrival Time          0.001
+ Hold                         -0.000
+ Phase Shift                   0.000
+ Uncertainty                   0.020
= Required Time                 0.021
  Arrival Time                  0.048
  Slack Time                    0.027
     Clock Rise Edge                 0.000
     + Clock Network Latency (Prop)  -0.001
     = Beginpoint Arrival Time       -0.001
     +------------------------------------------------------------------------+ 
     |     Instance      |     Arc     |  Cell   | Delay | Arrival | Required | 
     |                   |             |         |       |  Time   |   Time   | 
     |-------------------+-------------+---------+-------+---------+----------| 
     | req_meta_q_reg[6] | CK ^        |         |       |  -0.001 |   -0.027 | 
     | req_meta_q_reg[6] | CK ^ -> Q v | DFFQXL  | 0.048 |   0.048 |    0.021 | 
     | req_sync_q_reg[6] | D v         | DFFHQX1 | 0.000 |   0.048 |    0.021 | 
     +------------------------------------------------------------------------+ 
Path 7: MET Hold Check with Pin req_sync_q_reg[2]/CK 
Endpoint:   req_sync_q_reg[2]/D (v) checked with  leading edge of 'clk'
Beginpoint: req_meta_q_reg[2]/Q (v) triggered by  leading edge of 'clk'
Path Groups: {clk}
Analysis View: hold_view
Other End Arrival Time          0.001
+ Hold                         -0.000
+ Phase Shift                   0.000
+ Uncertainty                   0.020
= Required Time                 0.021
  Arrival Time                  0.048
  Slack Time                    0.027
     Clock Rise Edge                 0.000
     + Clock Network Latency (Prop)  -0.001
     = Beginpoint Arrival Time       -0.001
     +------------------------------------------------------------------------+ 
     |     Instance      |     Arc     |  Cell   | Delay | Arrival | Required | 
     |                   |             |         |       |  Time   |   Time   | 
     |-------------------+-------------+---------+-------+---------+----------| 
     | req_meta_q_reg[2] | CK ^        |         |       |  -0.001 |   -0.028 | 
     | req_meta_q_reg[2] | CK ^ -> Q v | DFFQXL  | 0.048 |   0.048 |    0.021 | 
     | req_sync_q_reg[2] | D v         | DFFHQX1 | 0.000 |   0.048 |    0.021 | 
     +------------------------------------------------------------------------+ 
Path 8: MET Hold Check with Pin req_sync_q_reg[10]/CK 
Endpoint:   req_sync_q_reg[10]/D (v) checked with  leading edge of 'clk'
Beginpoint: req_meta_q_reg[10]/Q (v) triggered by  leading edge of 'clk'
Path Groups: {clk}
Analysis View: hold_view
Other End Arrival Time          0.001
+ Hold                         -0.001
+ Phase Shift                   0.000
+ Uncertainty                   0.020
= Required Time                 0.020
  Arrival Time                  0.047
  Slack Time                    0.027
     Clock Rise Edge                 0.000
     + Clock Network Latency (Prop)  -0.001
     = Beginpoint Arrival Time       -0.001
     +-------------------------------------------------------------------------+ 
     |      Instance      |     Arc     |  Cell   | Delay | Arrival | Required | 
     |                    |             |         |       |  Time   |   Time   | 
     |--------------------+-------------+---------+-------+---------+----------| 
     | req_meta_q_reg[10] | CK ^        |         |       |  -0.001 |   -0.028 | 
     | req_meta_q_reg[10] | CK ^ -> Q v | DFFQXL  | 0.048 |   0.047 |    0.020 | 
     | req_sync_q_reg[10] | D v         | DFFHQX1 | 0.000 |   0.047 |    0.020 | 
     +-------------------------------------------------------------------------+ 
Path 9: MET Hold Check with Pin req_sync_q_reg[9]/CK 
Endpoint:   req_sync_q_reg[9]/D (v) checked with  leading edge of 'clk'
Beginpoint: req_meta_q_reg[9]/Q (v) triggered by  leading edge of 'clk'
Path Groups: {clk}
Analysis View: hold_view
Other End Arrival Time          0.001
+ Hold                         -0.000
+ Phase Shift                   0.000
+ Uncertainty                   0.020
= Required Time                 0.021
  Arrival Time                  0.048
  Slack Time                    0.027
     Clock Rise Edge                 0.000
     + Clock Network Latency (Prop)  -0.001
     = Beginpoint Arrival Time       -0.001
     +------------------------------------------------------------------------+ 
     |     Instance      |     Arc     |  Cell   | Delay | Arrival | Required | 
     |                   |             |         |       |  Time   |   Time   | 
     |-------------------+-------------+---------+-------+---------+----------| 
     | req_meta_q_reg[9] | CK ^        |         |       |  -0.001 |   -0.028 | 
     | req_meta_q_reg[9] | CK ^ -> Q v | DFFQXL  | 0.048 |   0.048 |    0.021 | 
     | req_sync_q_reg[9] | D v         | DFFHQX1 | 0.000 |   0.048 |    0.021 | 
     +------------------------------------------------------------------------+ 
Path 10: MET Hold Check with Pin req_sync_q_reg[12]/CK 
Endpoint:   req_sync_q_reg[12]/D (v) checked with  leading edge of 'clk'
Beginpoint: req_meta_q_reg[12]/Q (v) triggered by  leading edge of 'clk'
Path Groups: {clk}
Analysis View: hold_view
Other End Arrival Time          0.001
+ Hold                         -0.000
+ Phase Shift                   0.000
+ Uncertainty                   0.020
= Required Time                 0.021
  Arrival Time                  0.048
  Slack Time                    0.027
     Clock Rise Edge                 0.000
     + Clock Network Latency (Prop)  -0.000
     = Beginpoint Arrival Time       -0.000
     +-------------------------------------------------------------------------+ 
     |      Instance      |     Arc     |  Cell   | Delay | Arrival | Required | 
     |                    |             |         |       |  Time   |   Time   | 
     |--------------------+-------------+---------+-------+---------+----------| 
     | req_meta_q_reg[12] | CK ^        |         |       |  -0.000 |   -0.028 | 
     | req_meta_q_reg[12] | CK ^ -> Q v | DFFQXL  | 0.048 |   0.048 |    0.021 | 
     | req_sync_q_reg[12] | D v         | DFFHQX1 | 0.000 |   0.048 |    0.021 | 
     +-------------------------------------------------------------------------+ 
Path 11: MET Hold Check with Pin req_sync_q_reg[1]/CK 
Endpoint:   req_sync_q_reg[1]/D (v) checked with  leading edge of 'clk'
Beginpoint: req_meta_q_reg[1]/Q (v) triggered by  leading edge of 'clk'
Path Groups: {clk}
Analysis View: hold_view
Other End Arrival Time          0.001
+ Hold                         -0.000
+ Phase Shift                   0.000
+ Uncertainty                   0.020
= Required Time                 0.020
  Arrival Time                  0.048
  Slack Time                    0.028
     Clock Rise Edge                 0.000
     + Clock Network Latency (Prop)  -0.000
     = Beginpoint Arrival Time       -0.000
     +------------------------------------------------------------------------+ 
     |     Instance      |     Arc     |  Cell   | Delay | Arrival | Required | 
     |                   |             |         |       |  Time   |   Time   | 
     |-------------------+-------------+---------+-------+---------+----------| 
     | req_meta_q_reg[1] | CK ^        |         |       |  -0.000 |   -0.028 | 
     | req_meta_q_reg[1] | CK ^ -> Q v | DFFQXL  | 0.049 |   0.048 |    0.020 | 
     | req_sync_q_reg[1] | D v         | DFFHQX1 | 0.000 |   0.048 |    0.020 | 
     +------------------------------------------------------------------------+ 
Path 12: MET Hold Check with Pin req_sync_q_reg[4]/CK 
Endpoint:   req_sync_q_reg[4]/D (v) checked with  leading edge of 'clk'
Beginpoint: req_meta_q_reg[4]/Q (v) triggered by  leading edge of 'clk'
Path Groups: {clk}
Analysis View: hold_view
Other End Arrival Time          0.001
+ Hold                         -0.001
+ Phase Shift                   0.000
+ Uncertainty                   0.020
= Required Time                 0.021
  Arrival Time                  0.048
  Slack Time                    0.028
     Clock Rise Edge                 0.000
     + Clock Network Latency (Prop)  -0.001
     = Beginpoint Arrival Time       -0.001
     +------------------------------------------------------------------------+ 
     |     Instance      |     Arc     |  Cell   | Delay | Arrival | Required | 
     |                   |             |         |       |  Time   |   Time   | 
     |-------------------+-------------+---------+-------+---------+----------| 
     | req_meta_q_reg[4] | CK ^        |         |       |  -0.001 |   -0.028 | 
     | req_meta_q_reg[4] | CK ^ -> Q v | DFFQXL  | 0.049 |   0.048 |    0.021 | 
     | req_sync_q_reg[4] | D v         | DFFHQX1 | 0.000 |   0.048 |    0.021 | 
     +------------------------------------------------------------------------+ 
Path 13: MET Hold Check with Pin req_sync_q_reg[15]/CK 
Endpoint:   req_sync_q_reg[15]/D (v) checked with  leading edge of 'clk'
Beginpoint: req_meta_q_reg[15]/Q (v) triggered by  leading edge of 'clk'
Path Groups: {clk}
Analysis View: hold_view
Other End Arrival Time          0.001
+ Hold                         -0.001
+ Phase Shift                   0.000
+ Uncertainty                   0.020
= Required Time                 0.020
  Arrival Time                  0.049
  Slack Time                    0.028
     Clock Rise Edge                 0.000
     + Clock Network Latency (Prop)  -0.001
     = Beginpoint Arrival Time       -0.001
     +-------------------------------------------------------------------------+ 
     |      Instance      |     Arc     |  Cell   | Delay | Arrival | Required | 
     |                    |             |         |       |  Time   |   Time   | 
     |--------------------+-------------+---------+-------+---------+----------| 
     | req_meta_q_reg[15] | CK ^        |         |       |  -0.001 |   -0.029 | 
     | req_meta_q_reg[15] | CK ^ -> Q v | DFFQXL  | 0.049 |   0.049 |    0.020 | 
     | req_sync_q_reg[15] | D v         | DFFHQX1 | 0.000 |   0.049 |    0.020 | 
     +-------------------------------------------------------------------------+ 
Path 14: MET Hold Check with Pin req_sync_q_reg[0]/CK 
Endpoint:   req_sync_q_reg[0]/D (v) checked with  leading edge of 'clk'
Beginpoint: req_meta_q_reg[0]/Q (v) triggered by  leading edge of 'clk'
Path Groups: {clk}
Analysis View: hold_view
Other End Arrival Time          0.001
+ Hold                         -0.001
+ Phase Shift                   0.000
+ Uncertainty                   0.020
= Required Time                 0.020
  Arrival Time                  0.049
  Slack Time                    0.028
     Clock Rise Edge                 0.000
     + Clock Network Latency (Prop)  -0.001
     = Beginpoint Arrival Time       -0.001
     +------------------------------------------------------------------------+ 
     |     Instance      |     Arc     |  Cell   | Delay | Arrival | Required | 
     |                   |             |         |       |  Time   |   Time   | 
     |-------------------+-------------+---------+-------+---------+----------| 
     | req_meta_q_reg[0] | CK ^        |         |       |  -0.001 |   -0.029 | 
     | req_meta_q_reg[0] | CK ^ -> Q v | DFFQXL  | 0.049 |   0.049 |    0.020 | 
     | req_sync_q_reg[0] | D v         | DFFHQX1 | 0.000 |   0.049 |    0.020 | 
     +------------------------------------------------------------------------+ 
Path 15: MET Hold Check with Pin req_sync_q_reg[11]/CK 
Endpoint:   req_sync_q_reg[11]/D (v) checked with  leading edge of 'clk'
Beginpoint: req_meta_q_reg[11]/Q (v) triggered by  leading edge of 'clk'
Path Groups: {clk}
Analysis View: hold_view
Other End Arrival Time          0.001
+ Hold                         -0.001
+ Phase Shift                   0.000
+ Uncertainty                   0.020
= Required Time                 0.020
  Arrival Time                  0.049
  Slack Time                    0.028
     Clock Rise Edge                 0.000
     + Clock Network Latency (Prop)  -0.001
     = Beginpoint Arrival Time       -0.001
     +-------------------------------------------------------------------------+ 
     |      Instance      |     Arc     |  Cell   | Delay | Arrival | Required | 
     |                    |             |         |       |  Time   |   Time   | 
     |--------------------+-------------+---------+-------+---------+----------| 
     | req_meta_q_reg[11] | CK ^        |         |       |  -0.001 |   -0.029 | 
     | req_meta_q_reg[11] | CK ^ -> Q v | DFFQXL  | 0.049 |   0.049 |    0.020 | 
     | req_sync_q_reg[11] | D v         | DFFHQX1 | 0.000 |   0.049 |    0.020 | 
     +-------------------------------------------------------------------------+ 
Path 16: MET Hold Check with Pin req_sync_q_reg[5]/CK 
Endpoint:   req_sync_q_reg[5]/D (v) checked with  leading edge of 'clk'
Beginpoint: req_meta_q_reg[5]/Q (v) triggered by  leading edge of 'clk'
Path Groups: {clk}
Analysis View: hold_view
Other End Arrival Time          0.001
+ Hold                         -0.001
+ Phase Shift                   0.000
+ Uncertainty                   0.020
= Required Time                 0.020
  Arrival Time                  0.048
  Slack Time                    0.028
     Clock Rise Edge                 0.000
     + Clock Network Latency (Prop)  -0.001
     = Beginpoint Arrival Time       -0.001
     +------------------------------------------------------------------------+ 
     |     Instance      |     Arc     |  Cell   | Delay | Arrival | Required | 
     |                   |             |         |       |  Time   |   Time   | 
     |-------------------+-------------+---------+-------+---------+----------| 
     | req_meta_q_reg[5] | CK ^        |         |       |  -0.001 |   -0.029 | 
     | req_meta_q_reg[5] | CK ^ -> Q v | DFFQXL  | 0.049 |   0.048 |    0.020 | 
     | req_sync_q_reg[5] | D v         | DFFHQX1 | 0.000 |   0.048 |    0.020 | 
     +------------------------------------------------------------------------+ 
Path 17: MET Hold Check with Pin reset_release_q_reg[1]/CK 
Endpoint:   reset_release_q_reg[1]/D (v) checked with  leading edge of 'clk'
Beginpoint: reset_release_q_reg[0]/Q (v) triggered by  leading edge of 'clk'
Path Groups: {clk}
Analysis View: hold_view
Other End Arrival Time          0.001
+ Hold                          0.001
+ Phase Shift                   0.000
+ Uncertainty                   0.020
= Required Time                 0.021
  Arrival Time                  0.052
  Slack Time                    0.031
     Clock Rise Edge                 0.000
     + Clock Network Latency (Prop)  -0.001
     = Beginpoint Arrival Time       -0.001
     +------------------------------------------------------------------------------+ 
     |        Instance        |     Arc     |   Cell   | Delay | Arrival | Required | 
     |                        |             |          |       |  Time   |   Time   | 
     |------------------------+-------------+----------+-------+---------+----------| 
     | reset_release_q_reg[0] | CK ^        |          |       |  -0.001 |   -0.032 | 
     | reset_release_q_reg[0] | CK ^ -> Q v | DFFRHQX1 | 0.053 |   0.052 |    0.021 | 
     | reset_release_q_reg[1] | D v         | DFFRHQX1 | 0.000 |   0.052 |    0.021 | 
     +------------------------------------------------------------------------------+ 
Path 18: MET Hold Check with Pin ack_rank_q_reg[14]/CK 
Endpoint:   ack_rank_q_reg[14]/D     (v) checked with  leading edge of 'clk'
Beginpoint: pending_rank_q_reg[14]/Q (^) triggered by  leading edge of 'clk'
Path Groups: {clk}
Analysis View: hold_view
Other End Arrival Time          0.001
+ Hold                         -0.003
+ Phase Shift                   0.000
+ Uncertainty                   0.020
= Required Time                 0.018
  Arrival Time                  0.068
  Slack Time                    0.050
     Clock Rise Edge                 0.000
     + Clock Network Latency (Prop)  -0.000
     = Beginpoint Arrival Time       -0.000
     +------------------------------------------------------------------------------+ 
     |        Instance        |     Arc     |   Cell   | Delay | Arrival | Required | 
     |                        |             |          |       |  Time   |   Time   | 
     |------------------------+-------------+----------+-------+---------+----------| 
     | pending_rank_q_reg[14] | CK ^        |          |       |  -0.000 |   -0.051 | 
     | pending_rank_q_reg[14] | CK ^ -> Q ^ | DFFQXL   | 0.044 |   0.044 |   -0.007 | 
     | g6965__8428            | A0 ^ -> Y v | AOI211XL | 0.024 |   0.068 |    0.018 | 
     | ack_rank_q_reg[14]     | D v         | DFFQXL   | 0.000 |   0.068 |    0.018 | 
     +------------------------------------------------------------------------------+ 
Path 19: MET Hold Check with Pin ack_rank_q_reg[15]/CK 
Endpoint:   ack_rank_q_reg[15]/D     (v) checked with  leading edge of 'clk'
Beginpoint: pending_rank_q_reg[15]/Q (^) triggered by  leading edge of 'clk'
Path Groups: {clk}
Analysis View: hold_view
Other End Arrival Time          0.001
+ Hold                         -0.003
+ Phase Shift                   0.000
+ Uncertainty                   0.020
= Required Time                 0.018
  Arrival Time                  0.069
  Slack Time                    0.051
     Clock Rise Edge                 0.000
     + Clock Network Latency (Prop)  -0.001
     = Beginpoint Arrival Time       -0.001
     +------------------------------------------------------------------------------+ 
     |        Instance        |     Arc     |   Cell   | Delay | Arrival | Required | 
     |                        |             |          |       |  Time   |   Time   | 
     |------------------------+-------------+----------+-------+---------+----------| 
     | pending_rank_q_reg[15] | CK ^        |          |       |  -0.001 |   -0.052 | 
     | pending_rank_q_reg[15] | CK ^ -> Q ^ | DFFQXL   | 0.045 |   0.044 |   -0.007 | 
     | g6966__5526            | A0 ^ -> Y v | AOI211XL | 0.025 |   0.069 |    0.018 | 
     | ack_rank_q_reg[15]     | D v         | DFFQXL   | 0.000 |   0.069 |    0.018 | 
     +------------------------------------------------------------------------------+ 
Path 20: MET Hold Check with Pin ack_rank_q_reg[5]/CK 
Endpoint:   ack_rank_q_reg[5]/D     (v) checked with  leading edge of 'clk'
Beginpoint: pending_rank_q_reg[5]/Q (^) triggered by  leading edge of 'clk'
Path Groups: {clk}
Analysis View: hold_view
Other End Arrival Time          0.001
+ Hold                         -0.004
+ Phase Shift                   0.000
+ Uncertainty                   0.020
= Required Time                 0.018
  Arrival Time                  0.069
  Slack Time                    0.051
     Clock Rise Edge                 0.000
     + Clock Network Latency (Prop)  -0.000
     = Beginpoint Arrival Time       -0.000
     +-----------------------------------------------------------------------------+ 
     |       Instance        |     Arc     |   Cell   | Delay | Arrival | Required | 
     |                       |             |          |       |  Time   |   Time   | 
     |-----------------------+-------------+----------+-------+---------+----------| 
     | pending_rank_q_reg[5] | CK ^        |          |       |  -0.000 |   -0.052 | 
     | pending_rank_q_reg[5] | CK ^ -> Q ^ | DFFQXL   | 0.044 |   0.044 |   -0.008 | 
     | g6969__1617           | A0 ^ -> Y v | AOI211XL | 0.025 |   0.069 |    0.018 | 
     | ack_rank_q_reg[5]     | D v         | DFFQXL   | 0.000 |   0.069 |    0.018 | 
     +-----------------------------------------------------------------------------+ 
Path 21: MET Hold Check with Pin ack_rank_q_reg[3]/CK 
Endpoint:   ack_rank_q_reg[3]/D     (v) checked with  leading edge of 'clk'
Beginpoint: pending_rank_q_reg[3]/Q (^) triggered by  leading edge of 'clk'
Path Groups: {clk}
Analysis View: hold_view
Other End Arrival Time          0.001
+ Hold                         -0.003
+ Phase Shift                   0.000
+ Uncertainty                   0.020
= Required Time                 0.018
  Arrival Time                  0.070
  Slack Time                    0.052
     Clock Rise Edge                 0.000
     + Clock Network Latency (Prop)  -0.000
     = Beginpoint Arrival Time       -0.000
     +-----------------------------------------------------------------------------+ 
     |       Instance        |     Arc     |   Cell   | Delay | Arrival | Required | 
     |                       |             |          |       |  Time   |   Time   | 
     |-----------------------+-------------+----------+-------+---------+----------| 
     | pending_rank_q_reg[3] | CK ^        |          |       |  -0.000 |   -0.052 | 
     | pending_rank_q_reg[3] | CK ^ -> Q ^ | DFFQXL   | 0.045 |   0.045 |   -0.007 | 
     | g6967__1705           | A0 ^ -> Y v | AOI211XL | 0.025 |   0.070 |    0.018 | 
     | ack_rank_q_reg[3]     | D v         | DFFQXL   | 0.000 |   0.070 |    0.018 | 
     +-----------------------------------------------------------------------------+ 
Path 22: MET Hold Check with Pin ack_rank_q_reg[1]/CK 
Endpoint:   ack_rank_q_reg[1]/D     (v) checked with  leading edge of 'clk'
Beginpoint: pending_rank_q_reg[1]/Q (^) triggered by  leading edge of 'clk'
Path Groups: {clk}
Analysis View: hold_view
Other End Arrival Time          0.001
+ Hold                         -0.003
+ Phase Shift                   0.000
+ Uncertainty                   0.020
= Required Time                 0.018
  Arrival Time                  0.070
  Slack Time                    0.052
     Clock Rise Edge                 0.000
     + Clock Network Latency (Prop)  -0.000
     = Beginpoint Arrival Time       -0.000
     +-----------------------------------------------------------------------------+ 
     |       Instance        |     Arc     |   Cell   | Delay | Arrival | Required | 
     |                       |             |          |       |  Time   |   Time   | 
     |-----------------------+-------------+----------+-------+---------+----------| 
     | pending_rank_q_reg[1] | CK ^        |          |       |  -0.000 |   -0.052 | 
     | pending_rank_q_reg[1] | CK ^ -> Q ^ | DFFQXL   | 0.045 |   0.045 |   -0.007 | 
     | g6964__4319           | A0 ^ -> Y v | AOI211XL | 0.025 |   0.070 |    0.018 | 
     | ack_rank_q_reg[1]     | D v         | DFFQXL   | 0.000 |   0.070 |    0.018 | 
     +-----------------------------------------------------------------------------+ 
Path 23: MET Hold Check with Pin ack_rank_q_reg[6]/CK 
Endpoint:   ack_rank_q_reg[6]/D     (v) checked with  leading edge of 'clk'
Beginpoint: pending_rank_q_reg[6]/Q (^) triggered by  leading edge of 'clk'
Path Groups: {clk}
Analysis View: hold_view
Other End Arrival Time          0.001
+ Hold                         -0.003
+ Phase Shift                   0.000
+ Uncertainty                   0.020
= Required Time                 0.018
  Arrival Time                  0.070
  Slack Time                    0.052
     Clock Rise Edge                 0.000
     + Clock Network Latency (Prop)  -0.000
     = Beginpoint Arrival Time       -0.000
     +-----------------------------------------------------------------------------+ 
     |       Instance        |     Arc     |   Cell   | Delay | Arrival | Required | 
     |                       |             |          |       |  Time   |   Time   | 
     |-----------------------+-------------+----------+-------+---------+----------| 
     | pending_rank_q_reg[6] | CK ^        |          |       |  -0.000 |   -0.053 | 
     | pending_rank_q_reg[6] | CK ^ -> Q ^ | DFFQXL   | 0.045 |   0.045 |   -0.007 | 
     | g6971__6783           | A0 ^ -> Y v | AOI211XL | 0.025 |   0.070 |    0.018 | 
     | ack_rank_q_reg[6]     | D v         | DFFQXL   | 0.000 |   0.070 |    0.018 | 
     +-----------------------------------------------------------------------------+ 
Path 24: MET Hold Check with Pin ack_rank_q_reg[13]/CK 
Endpoint:   ack_rank_q_reg[13]/D     (v) checked with  leading edge of 'clk'
Beginpoint: pending_rank_q_reg[13]/Q (^) triggered by  leading edge of 'clk'
Path Groups: {clk}
Analysis View: hold_view
Other End Arrival Time          0.001
+ Hold                         -0.004
+ Phase Shift                   0.000
+ Uncertainty                   0.020
= Required Time                 0.018
  Arrival Time                  0.070
  Slack Time                    0.053
     Clock Rise Edge                 0.000
     + Clock Network Latency (Prop)  -0.000
     = Beginpoint Arrival Time       -0.000
     +------------------------------------------------------------------------------+ 
     |        Instance        |     Arc     |   Cell   | Delay | Arrival | Required | 
     |                        |             |          |       |  Time   |   Time   | 
     |------------------------+-------------+----------+-------+---------+----------| 
     | pending_rank_q_reg[13] | CK ^        |          |       |  -0.000 |   -0.053 | 
     | pending_rank_q_reg[13] | CK ^ -> Q ^ | DFFQXL   | 0.045 |   0.044 |   -0.009 | 
     | g6962__5107            | A0 ^ -> Y v | AOI211XL | 0.026 |   0.070 |    0.018 | 
     | ack_rank_q_reg[13]     | D v         | DFFQXL   | 0.000 |   0.070 |    0.018 | 
     +------------------------------------------------------------------------------+ 
Path 25: MET Hold Check with Pin ack_rank_q_reg[0]/CK 
Endpoint:   ack_rank_q_reg[0]/D     (v) checked with  leading edge of 'clk'
Beginpoint: pending_rank_q_reg[0]/Q (^) triggered by  leading edge of 'clk'
Path Groups: {clk}
Analysis View: hold_view
Other End Arrival Time          0.001
+ Hold                         -0.003
+ Phase Shift                   0.000
+ Uncertainty                   0.020
= Required Time                 0.018
  Arrival Time                  0.071
  Slack Time                    0.053
     Clock Rise Edge                 0.000
     + Clock Network Latency (Prop)  -0.000
     = Beginpoint Arrival Time       -0.000
     +-----------------------------------------------------------------------------+ 
     |       Instance        |     Arc     |   Cell   | Delay | Arrival | Required | 
     |                       |             |          |       |  Time   |   Time   | 
     |-----------------------+-------------+----------+-------+---------+----------| 
     | pending_rank_q_reg[0] | CK ^        |          |       |  -0.000 |   -0.053 | 
     | pending_rank_q_reg[0] | CK ^ -> Q ^ | DFFQXL   | 0.046 |   0.046 |   -0.007 | 
     | g6974__7098           | A0 ^ -> Y v | AOI211XL | 0.025 |   0.071 |    0.018 | 
     | ack_rank_q_reg[0]     | D v         | DFFQXL   | 0.000 |   0.071 |    0.018 | 
     +-----------------------------------------------------------------------------+ 
Path 26: MET Hold Check with Pin ack_rank_q_reg[9]/CK 
Endpoint:   ack_rank_q_reg[9]/D     (v) checked with  leading edge of 'clk'
Beginpoint: pending_rank_q_reg[9]/Q (^) triggered by  leading edge of 'clk'
Path Groups: {clk}
Analysis View: hold_view
Other End Arrival Time          0.001
+ Hold                         -0.004
+ Phase Shift                   0.000
+ Uncertainty                   0.020
= Required Time                 0.018
  Arrival Time                  0.071
  Slack Time                    0.053
     Clock Rise Edge                 0.000
     + Clock Network Latency (Prop)  -0.000
     = Beginpoint Arrival Time       -0.000
     +-----------------------------------------------------------------------------+ 
     |       Instance        |     Arc     |   Cell   | Delay | Arrival | Required | 
     |                       |             |          |       |  Time   |   Time   | 
     |-----------------------+-------------+----------+-------+---------+----------| 
     | pending_rank_q_reg[9] | CK ^        |          |       |  -0.000 |   -0.053 | 
     | pending_rank_q_reg[9] | CK ^ -> Q ^ | DFFQXL   | 0.045 |   0.045 |   -0.008 | 
     | g6973__8246           | A0 ^ -> Y v | AOI211XL | 0.026 |   0.071 |    0.018 | 
     | ack_rank_q_reg[9]     | D v         | DFFQXL   | 0.000 |   0.071 |    0.018 | 
     +-----------------------------------------------------------------------------+ 
Path 27: MET Hold Check with Pin ack_rank_q_reg[4]/CK 
Endpoint:   ack_rank_q_reg[4]/D     (v) checked with  leading edge of 'clk'
Beginpoint: pending_rank_q_reg[4]/Q (^) triggered by  leading edge of 'clk'
Path Groups: {clk}
Analysis View: hold_view
Other End Arrival Time          0.001
+ Hold                         -0.003
+ Phase Shift                   0.000
+ Uncertainty                   0.020
= Required Time                 0.018
  Arrival Time                  0.071
  Slack Time                    0.053
     Clock Rise Edge                 0.000
     + Clock Network Latency (Prop)  -0.000
     = Beginpoint Arrival Time       -0.000
     +-----------------------------------------------------------------------------+ 
     |       Instance        |     Arc     |   Cell   | Delay | Arrival | Required | 
     |                       |             |          |       |  Time   |   Time   | 
     |-----------------------+-------------+----------+-------+---------+----------| 
     | pending_rank_q_reg[4] | CK ^        |          |       |  -0.000 |   -0.054 | 
     | pending_rank_q_reg[4] | CK ^ -> Q ^ | DFFQXL   | 0.046 |   0.046 |   -0.008 | 
     | g6968__3680           | A0 ^ -> Y v | AOI211XL | 0.025 |   0.071 |    0.018 | 
     | ack_rank_q_reg[4]     | D v         | DFFQXL   | 0.000 |   0.071 |    0.018 | 
     +-----------------------------------------------------------------------------+ 
Path 28: MET Hold Check with Pin ack_rank_q_reg[11]/CK 
Endpoint:   ack_rank_q_reg[11]/D     (v) checked with  leading edge of 'clk'
Beginpoint: pending_rank_q_reg[11]/Q (^) triggered by  leading edge of 'clk'
Path Groups: {clk}
Analysis View: hold_view
Other End Arrival Time          0.001
+ Hold                         -0.004
+ Phase Shift                   0.000
+ Uncertainty                   0.020
= Required Time                 0.017
  Arrival Time                  0.071
  Slack Time                    0.054
     Clock Rise Edge                 0.000
     + Clock Network Latency (Prop)  -0.000
     = Beginpoint Arrival Time       -0.000
     +------------------------------------------------------------------------------+ 
     |        Instance        |     Arc     |   Cell   | Delay | Arrival | Required | 
     |                        |             |          |       |  Time   |   Time   | 
     |------------------------+-------------+----------+-------+---------+----------| 
     | pending_rank_q_reg[11] | CK ^        |          |       |  -0.000 |   -0.054 | 
     | pending_rank_q_reg[11] | CK ^ -> Q ^ | DFFQXL   | 0.045 |   0.044 |   -0.009 | 
     | g6960__5477            | A0 ^ -> Y v | AOI211XL | 0.027 |   0.071 |    0.017 | 
     | ack_rank_q_reg[11]     | D v         | DFFQXL   | 0.000 |   0.071 |    0.017 | 
     +------------------------------------------------------------------------------+ 
Path 29: MET Hold Check with Pin ack_rank_q_reg[12]/CK 
Endpoint:   ack_rank_q_reg[12]/D     (v) checked with  leading edge of 'clk'
Beginpoint: pending_rank_q_reg[12]/Q (^) triggered by  leading edge of 'clk'
Path Groups: {clk}
Analysis View: hold_view
Other End Arrival Time          0.001
+ Hold                         -0.004
+ Phase Shift                   0.000
+ Uncertainty                   0.020
= Required Time                 0.018
  Arrival Time                  0.072
  Slack Time                    0.054
     Clock Rise Edge                 0.000
     + Clock Network Latency (Prop)  -0.000
     = Beginpoint Arrival Time       -0.000
     +------------------------------------------------------------------------------+ 
     |        Instance        |     Arc     |   Cell   | Delay | Arrival | Required | 
     |                        |             |          |       |  Time   |   Time   | 
     |------------------------+-------------+----------+-------+---------+----------| 
     | pending_rank_q_reg[12] | CK ^        |          |       |  -0.000 |   -0.054 | 
     | pending_rank_q_reg[12] | CK ^ -> Q ^ | DFFQXL   | 0.045 |   0.045 |   -0.009 | 
     | g6961__2398            | A0 ^ -> Y v | AOI211XL | 0.027 |   0.072 |    0.018 | 
     | ack_rank_q_reg[12]     | D v         | DFFQXL   | 0.000 |   0.072 |    0.018 | 
     +------------------------------------------------------------------------------+ 
Path 30: MET Hold Check with Pin ack_rank_q_reg[8]/CK 
Endpoint:   ack_rank_q_reg[8]/D     (v) checked with  leading edge of 'clk'
Beginpoint: pending_rank_q_reg[8]/Q (^) triggered by  leading edge of 'clk'
Path Groups: {clk}
Analysis View: hold_view
Other End Arrival Time          0.001
+ Hold                         -0.004
+ Phase Shift                   0.000
+ Uncertainty                   0.020
= Required Time                 0.018
  Arrival Time                  0.072
  Slack Time                    0.054
     Clock Rise Edge                 0.000
     + Clock Network Latency (Prop)  -0.000
     = Beginpoint Arrival Time       -0.000
     +-----------------------------------------------------------------------------+ 
     |       Instance        |     Arc     |   Cell   | Delay | Arrival | Required | 
     |                       |             |          |       |  Time   |   Time   | 
     |-----------------------+-------------+----------+-------+---------+----------| 
     | pending_rank_q_reg[8] | CK ^        |          |       |  -0.000 |   -0.054 | 
     | pending_rank_q_reg[8] | CK ^ -> Q ^ | DFFQXL   | 0.045 |   0.045 |   -0.009 | 
     | g6972__5122           | A0 ^ -> Y v | AOI211XL | 0.027 |   0.072 |    0.018 | 
     | ack_rank_q_reg[8]     | D v         | DFFQXL   | 0.000 |   0.072 |    0.018 | 
     +-----------------------------------------------------------------------------+ 
Path 31: MET Hold Check with Pin ack_rank_q_reg[2]/CK 
Endpoint:   ack_rank_q_reg[2]/D     (v) checked with  leading edge of 'clk'
Beginpoint: pending_rank_q_reg[2]/Q (^) triggered by  leading edge of 'clk'
Path Groups: {clk}
Analysis View: hold_view
Other End Arrival Time          0.001
+ Hold                         -0.004
+ Phase Shift                   0.000
+ Uncertainty                   0.020
= Required Time                 0.017
  Arrival Time                  0.072
  Slack Time                    0.054
     Clock Rise Edge                 0.000
     + Clock Network Latency (Prop)  -0.000
     = Beginpoint Arrival Time       -0.000
     +-----------------------------------------------------------------------------+ 
     |       Instance        |     Arc     |   Cell   | Delay | Arrival | Required | 
     |                       |             |          |       |  Time   |   Time   | 
     |-----------------------+-------------+----------+-------+---------+----------| 
     | pending_rank_q_reg[2] | CK ^        |          |       |  -0.000 |   -0.054 | 
     | pending_rank_q_reg[2] | CK ^ -> Q ^ | DFFQXL   | 0.044 |   0.044 |   -0.010 | 
     | g6963__6417           | A0 ^ -> Y v | AOI211XL | 0.027 |   0.072 |    0.017 | 
     | ack_rank_q_reg[2]     | D v         | DFFQXL   | 0.000 |   0.072 |    0.017 | 
     +-----------------------------------------------------------------------------+ 
Path 32: MET Hold Check with Pin ack_rank_q_reg[7]/CK 
Endpoint:   ack_rank_q_reg[7]/D     (v) checked with  leading edge of 'clk'
Beginpoint: pending_rank_q_reg[7]/Q (^) triggered by  leading edge of 'clk'
Path Groups: {clk}
Analysis View: hold_view
Other End Arrival Time          0.001
+ Hold                         -0.004
+ Phase Shift                   0.000
+ Uncertainty                   0.020
= Required Time                 0.018
  Arrival Time                  0.072
  Slack Time                    0.054
     Clock Rise Edge                 0.000
     + Clock Network Latency (Prop)  -0.000
     = Beginpoint Arrival Time       -0.000
     +-----------------------------------------------------------------------------+ 
     |       Instance        |     Arc     |   Cell   | Delay | Arrival | Required | 
     |                       |             |          |       |  Time   |   Time   | 
     |-----------------------+-------------+----------+-------+---------+----------| 
     | pending_rank_q_reg[7] | CK ^        |          |       |  -0.000 |   -0.054 | 
     | pending_rank_q_reg[7] | CK ^ -> Q ^ | DFFQXL   | 0.045 |   0.045 |   -0.010 | 
     | g6970__2802           | A0 ^ -> Y v | AOI211XL | 0.027 |   0.072 |    0.018 | 
     | ack_rank_q_reg[7]     | D v         | DFFQXL   | 0.000 |   0.072 |    0.018 | 
     +-----------------------------------------------------------------------------+ 
Path 33: MET Hold Check with Pin ack_rank_q_reg[10]/CK 
Endpoint:   ack_rank_q_reg[10]/D     (v) checked with  leading edge of 'clk'
Beginpoint: pending_rank_q_reg[10]/Q (^) triggered by  leading edge of 'clk'
Path Groups: {clk}
Analysis View: hold_view
Other End Arrival Time          0.001
+ Hold                         -0.004
+ Phase Shift                   0.000
+ Uncertainty                   0.020
= Required Time                 0.018
  Arrival Time                  0.073
  Slack Time                    0.055
     Clock Rise Edge                 0.000
     + Clock Network Latency (Prop)  -0.000
     = Beginpoint Arrival Time       -0.000
     +------------------------------------------------------------------------------+ 
     |        Instance        |     Arc     |   Cell   | Delay | Arrival | Required | 
     |                        |             |          |       |  Time   |   Time   | 
     |------------------------+-------------+----------+-------+---------+----------| 
     | pending_rank_q_reg[10] | CK ^        |          |       |  -0.000 |   -0.055 | 
     | pending_rank_q_reg[10] | CK ^ -> Q ^ | DFFQXL   | 0.045 |   0.045 |   -0.010 | 
     | g6959__6260            | A0 ^ -> Y v | AOI211XL | 0.028 |   0.073 |    0.018 | 
     | ack_rank_q_reg[10]     | D v         | DFFQXL   | 0.000 |   0.073 |    0.018 | 
     +------------------------------------------------------------------------------+ 
Path 34: MET Removal Check with Pin reset_release_q_reg[1]/CK 
Endpoint:   reset_release_q_reg[1]/RN (^) checked with  leading edge of 'clk'
Beginpoint: rst_n                     (^) triggered by  leading edge of '@'
Path Groups: {async_default}
Analysis View: hold_view
Other End Arrival Time          0.001
+ Removal                       0.030
+ Phase Shift                   0.000
+ Uncertainty                   0.020
= Required Time                 0.050
  Arrival Time                  0.112
  Slack Time                    0.061
     Clock Rise Edge                      0.000
     + Input Delay                        0.000
     = Beginpoint Arrival Time            0.000
     +-----------------------------------------------------------------------------+ 
     |        Instance        |    Arc     |   Cell   | Delay | Arrival | Required | 
     |                        |            |          |       |  Time   |   Time   | 
     |------------------------+------------+----------+-------+---------+----------| 
     |                        | rst_n ^    |          |       |   0.000 |   -0.061 | 
     | FE_PHC11_rst_n         | A ^ -> Y ^ | DLY3X1   | 0.112 |   0.112 |    0.050 | 
     | reset_release_q_reg[1] | RN ^       | DFFRHQX1 | 0.000 |   0.112 |    0.050 | 
     +-----------------------------------------------------------------------------+ 
Path 35: MET Removal Check with Pin reset_release_q_reg[0]/CK 
Endpoint:   reset_release_q_reg[0]/RN (^) checked with  leading edge of 'clk'
Beginpoint: rst_n                     (^) triggered by  leading edge of '@'
Path Groups: {async_default}
Analysis View: hold_view
Other End Arrival Time          0.001
+ Removal                       0.030
+ Phase Shift                   0.000
+ Uncertainty                   0.020
= Required Time                 0.050
  Arrival Time                  0.112
  Slack Time                    0.062
     Clock Rise Edge                      0.000
     + Input Delay                        0.000
     = Beginpoint Arrival Time            0.000
     +-----------------------------------------------------------------------------+ 
     |        Instance        |    Arc     |   Cell   | Delay | Arrival | Required | 
     |                        |            |          |       |  Time   |   Time   | 
     |------------------------+------------+----------+-------+---------+----------| 
     |                        | rst_n ^    |          |       |   0.000 |   -0.062 | 
     | FE_PHC11_rst_n         | A ^ -> Y ^ | DLY3X1   | 0.112 |   0.112 |    0.050 | 
     | reset_release_q_reg[0] | RN ^       | DFFRHQX1 | 0.000 |   0.112 |    0.050 | 
     +-----------------------------------------------------------------------------+ 
Path 36: MET Hold Check with Pin out_rank_q_reg[1]/CK 
Endpoint:   out_rank_q_reg[1]/D (v) checked with  leading edge of 'clk'
Beginpoint: out_rank_q_reg[1]/Q (v) triggered by  leading edge of 'clk'
Path Groups: {clk}
Analysis View: hold_view
Other End Arrival Time          0.001
+ Hold                         -0.001
+ Phase Shift                   0.000
+ Uncertainty                   0.020
= Required Time                 0.020
  Arrival Time                  0.086
  Slack Time                    0.066
     Clock Rise Edge                 0.000
     + Clock Network Latency (Prop)  -0.000
     = Beginpoint Arrival Time       -0.000
     +---------------------------------------------------------------------------+ 
     |     Instance      |     Arc      |   Cell    | Delay | Arrival | Required | 
     |                   |              |           |       |  Time   |   Time   | 
     |-------------------+--------------+-----------+-------+---------+----------| 
     | out_rank_q_reg[1] | CK ^         |           |       |  -0.000 |   -0.066 | 
     | out_rank_q_reg[1] | CK ^ -> Q v  | DFFHQX1   | 0.059 |   0.059 |   -0.007 | 
     | g6858__1666       | A0N v -> Y v | OAI2BB1X1 | 0.027 |   0.086 |    0.020 | 
     | out_rank_q_reg[1] | D v          | DFFHQX1   | 0.000 |   0.086 |    0.020 | 
     +---------------------------------------------------------------------------+ 
Path 37: MET Hold Check with Pin out_valid_q_reg/CK 
Endpoint:   out_valid_q_reg/D        (v) checked with  leading edge of 'clk'
Beginpoint: reset_release_q_reg[1]/Q (v) triggered by  leading edge of 'clk'
Path Groups: {clk}
Analysis View: hold_view
Other End Arrival Time          0.001
+ Hold                          0.000
+ Phase Shift                   0.000
+ Uncertainty                   0.020
= Required Time                 0.021
  Arrival Time                  0.088
  Slack Time                    0.067
     Clock Rise Edge                 0.000
     + Clock Network Latency (Prop)  -0.001
     = Beginpoint Arrival Time       -0.001
     +------------------------------------------------------------------------------+ 
     |        Instance        |     Arc     |   Cell   | Delay | Arrival | Required | 
     |                        |             |          |       |  Time   |   Time   | 
     |------------------------+-------------+----------+-------+---------+----------| 
     | reset_release_q_reg[1] | CK ^        |          |       |  -0.001 |   -0.068 | 
     | reset_release_q_reg[1] | CK ^ -> Q v | DFFRHQX1 | 0.067 |   0.066 |   -0.001 | 
     | g6893__1666            | A v -> Y v  | AND2XL   | 0.022 |   0.088 |    0.021 | 
     | out_valid_q_reg        | D v         | DFFHQX1  | 0.000 |   0.088 |    0.021 | 
     +------------------------------------------------------------------------------+ 
Path 38: MET Hold Check with Pin pending_rank_q_reg[15]/CK 
Endpoint:   pending_rank_q_reg[15]/D (v) checked with  leading edge of 'clk'
Beginpoint: pending_rank_q_reg[15]/Q (v) triggered by  leading edge of 'clk'
Path Groups: {clk}
Analysis View: hold_view
Other End Arrival Time          0.001
+ Hold                         -0.003
+ Phase Shift                   0.000
+ Uncertainty                   0.020
= Required Time                 0.017
  Arrival Time                  0.088
  Slack Time                    0.070
     Clock Rise Edge                 0.000
     + Clock Network Latency (Prop)  -0.001
     = Beginpoint Arrival Time       -0.001
     +-----------------------------------------------------------------------------+ 
     |        Instance        |     Arc     |  Cell   | Delay | Arrival | Required | 
     |                        |             |         |       |  Time   |   Time   | 
     |------------------------+-------------+---------+-------+---------+----------| 
     | pending_rank_q_reg[15] | CK ^        |         |       |  -0.001 |   -0.071 | 
     | pending_rank_q_reg[15] | CK ^ -> Q v | DFFQXL  | 0.049 |   0.049 |   -0.022 | 
     | g6948__2883            | B0 v -> Y ^ | AOI21X1 | 0.024 |   0.072 |    0.002 | 
     | g6840__8246            | B0 ^ -> Y v | AOI21XL | 0.016 |   0.088 |    0.017 | 
     | pending_rank_q_reg[15] | D v         | DFFQXL  | 0.000 |   0.088 |    0.017 | 
     +-----------------------------------------------------------------------------+ 
Path 39: MET Hold Check with Pin pending_rank_q_reg[11]/CK 
Endpoint:   pending_rank_q_reg[11]/D (v) checked with  leading edge of 'clk'
Beginpoint: pending_rank_q_reg[11]/Q (v) triggered by  leading edge of 'clk'
Path Groups: {clk}
Analysis View: hold_view
Other End Arrival Time          0.001
+ Hold                         -0.004
+ Phase Shift                   0.000
+ Uncertainty                   0.020
= Required Time                 0.017
  Arrival Time                  0.092
  Slack Time                    0.075
     Clock Rise Edge                 0.000
     + Clock Network Latency (Prop)  -0.000
     = Beginpoint Arrival Time       -0.000
     +-----------------------------------------------------------------------------+ 
     |        Instance        |     Arc     |  Cell   | Delay | Arrival | Required | 
     |                        |             |         |       |  Time   |   Time   | 
     |------------------------+-------------+---------+-------+---------+----------| 
     | pending_rank_q_reg[11] | CK ^        |         |       |  -0.000 |   -0.075 | 
     | pending_rank_q_reg[11] | CK ^ -> Q v | DFFQXL  | 0.049 |   0.049 |   -0.026 | 
     | g6944__7410            | B0 v -> Y ^ | AOI21X1 | 0.026 |   0.074 |   -0.001 | 
     | g6847__5107            | B0 ^ -> Y v | AOI21XL | 0.018 |   0.092 |    0.017 | 
     | pending_rank_q_reg[11] | D v         | DFFQXL  | 0.000 |   0.092 |    0.017 | 
     +-----------------------------------------------------------------------------+ 
Path 40: MET Hold Check with Pin out_rank_q_reg[0]/CK 
Endpoint:   out_rank_q_reg[0]/D (^) checked with  leading edge of 'clk'
Beginpoint: out_rank_q_reg[0]/Q (^) triggered by  leading edge of 'clk'
Path Groups: {clk}
Analysis View: hold_view
Other End Arrival Time          0.001
+ Hold                         -0.015
+ Phase Shift                   0.000
+ Uncertainty                   0.020
= Required Time                 0.007
  Arrival Time                  0.082
  Slack Time                    0.075
     Clock Rise Edge                 0.000
     + Clock Network Latency (Prop)  -0.000
     = Beginpoint Arrival Time       -0.000
     +------------------------------------------------------------------------+ 
     |     Instance      |     Arc     |  Cell   | Delay | Arrival | Required | 
     |                   |             |         |       |  Time   |   Time   | 
     |-------------------+-------------+---------+-------+---------+----------| 
     | out_rank_q_reg[0] | CK ^        |         |       |  -0.000 |   -0.075 | 
     | out_rank_q_reg[0] | CK ^ -> Q ^ | DFFHQX1 | 0.051 |   0.051 |   -0.024 | 
     | g6853__6161       | B0 ^ -> Y v | AOI22X1 | 0.018 |   0.069 |   -0.006 | 
     | g6849__5115       | B v -> Y ^  | NAND2X1 | 0.013 |   0.082 |    0.007 | 
     | out_rank_q_reg[0] | D ^         | DFFHQX1 | 0.000 |   0.082 |    0.007 | 
     +------------------------------------------------------------------------+ 
Path 41: MET Hold Check with Pin pending_rank_q_reg[7]/CK 
Endpoint:   pending_rank_q_reg[7]/D (^) checked with  leading edge of 'clk'
Beginpoint: pending_rank_q_reg[7]/Q (^) triggered by  leading edge of 'clk'
Path Groups: {clk}
Analysis View: hold_view
Other End Arrival Time          0.001
+ Hold                         -0.016
+ Phase Shift                   0.000
+ Uncertainty                   0.020
= Required Time                 0.006
  Arrival Time                  0.081
  Slack Time                    0.075
     Clock Rise Edge                 0.000
     + Clock Network Latency (Prop)  -0.000
     = Beginpoint Arrival Time       -0.000
     +----------------------------------------------------------------------------+ 
     |       Instance        |     Arc     |  Cell   | Delay | Arrival | Required | 
     |                       |             |         |       |  Time   |   Time   | 
     |-----------------------+-------------+---------+-------+---------+----------| 
     | pending_rank_q_reg[7] | CK ^        |         |       |  -0.000 |   -0.075 | 
     | pending_rank_q_reg[7] | CK ^ -> Q ^ | DFFQXL  | 0.045 |   0.045 |   -0.030 | 
     | g6945__4733           | B0 ^ -> Y v | AOI21X1 | 0.015 |   0.060 |   -0.015 | 
     | g6846__8428           | B0 v -> Y ^ | AOI21XL | 0.021 |   0.081 |    0.006 | 
     | pending_rank_q_reg[7] | D ^         | DFFQXL  | 0.000 |   0.081 |    0.006 | 
     +----------------------------------------------------------------------------+ 
Path 42: MET Hold Check with Pin pending_rank_q_reg[8]/CK 
Endpoint:   pending_rank_q_reg[8]/D (^) checked with  leading edge of 'clk'
Beginpoint: pending_rank_q_reg[8]/Q (^) triggered by  leading edge of 'clk'
Path Groups: {clk}
Analysis View: hold_view
Other End Arrival Time          0.001
+ Hold                         -0.016
+ Phase Shift                   0.000
+ Uncertainty                   0.020
= Required Time                 0.005
  Arrival Time                  0.081
  Slack Time                    0.076
     Clock Rise Edge                 0.000
     + Clock Network Latency (Prop)  -0.000
     = Beginpoint Arrival Time       -0.000
     +----------------------------------------------------------------------------+ 
     |       Instance        |     Arc     |  Cell   | Delay | Arrival | Required | 
     |                       |             |         |       |  Time   |   Time   | 
     |-----------------------+-------------+---------+-------+---------+----------| 
     | pending_rank_q_reg[8] | CK ^        |         |       |  -0.000 |   -0.076 | 
     | pending_rank_q_reg[8] | CK ^ -> Q ^ | DFFQXL  | 0.045 |   0.045 |   -0.031 | 
     | g6943__2346           | B0 ^ -> Y v | AOI21X1 | 0.015 |   0.060 |   -0.015 | 
     | g6836__4319           | B0 v -> Y ^ | AOI21XL | 0.021 |   0.081 |    0.005 | 
     | pending_rank_q_reg[8] | D ^         | DFFQXL  | 0.000 |   0.081 |    0.005 | 
     +----------------------------------------------------------------------------+ 
Path 43: MET Hold Check with Pin out_rank_q_reg[3]/CK 
Endpoint:   out_rank_q_reg[3]/D (v) checked with  leading edge of 'clk'
Beginpoint: out_rank_q_reg[3]/Q (v) triggered by  leading edge of 'clk'
Path Groups: {clk}
Analysis View: hold_view
Other End Arrival Time          0.001
+ Hold                         -0.000
+ Phase Shift                   0.000
+ Uncertainty                   0.020
= Required Time                 0.021
  Arrival Time                  0.097
  Slack Time                    0.076
     Clock Rise Edge                 0.000
     + Clock Network Latency (Prop)  -0.000
     = Beginpoint Arrival Time       -0.000
     +------------------------------------------------------------------------+ 
     |     Instance      |     Arc     |  Cell   | Delay | Arrival | Required | 
     |                   |             |         |       |  Time   |   Time   | 
     |-------------------+-------------+---------+-------+---------+----------| 
     | out_rank_q_reg[3] | CK ^        |         |       |  -0.000 |   -0.077 | 
     | out_rank_q_reg[3] | CK ^ -> Q v | DFFHQX1 | 0.063 |   0.062 |   -0.014 | 
     | g6875__1705       | A v -> Y v  | MX2XL   | 0.035 |   0.097 |    0.021 | 
     | out_rank_q_reg[3] | D v         | DFFHQX1 | 0.000 |   0.097 |    0.021 | 
     +------------------------------------------------------------------------+ 
Path 44: MET Hold Check with Pin pending_rank_q_reg[4]/CK 
Endpoint:   pending_rank_q_reg[4]/D (v) checked with  leading edge of 'clk'
Beginpoint: pending_rank_q_reg[4]/Q (v) triggered by  leading edge of 'clk'
Path Groups: {clk}
Analysis View: hold_view
Other End Arrival Time          0.001
+ Hold                         -0.004
+ Phase Shift                   0.000
+ Uncertainty                   0.020
= Required Time                 0.017
  Arrival Time                  0.094
  Slack Time                    0.076
     Clock Rise Edge                 0.000
     + Clock Network Latency (Prop)  -0.000
     = Beginpoint Arrival Time       -0.000
     +----------------------------------------------------------------------------+ 
     |       Instance        |     Arc     |  Cell   | Delay | Arrival | Required | 
     |                       |             |         |       |  Time   |   Time   | 
     |-----------------------+-------------+---------+-------+---------+----------| 
     | pending_rank_q_reg[4] | CK ^        |         |       |  -0.000 |   -0.077 | 
     | pending_rank_q_reg[4] | CK ^ -> Q v | DFFQXL  | 0.050 |   0.050 |   -0.026 | 
     | g6946__6161           | B0 v -> Y ^ | AOI21X1 | 0.025 |   0.075 |   -0.001 | 
     | g6832__1617           | B0 ^ -> Y v | AOI21XL | 0.018 |   0.094 |    0.017 | 
     | pending_rank_q_reg[4] | D v         | DFFQXL  | 0.000 |   0.094 |    0.017 | 
     +----------------------------------------------------------------------------+ 
Path 45: MET Hold Check with Pin pending_rank_q_reg[14]/CK 
Endpoint:   pending_rank_q_reg[14]/D (^) checked with  leading edge of 'clk'
Beginpoint: pending_rank_q_reg[14]/Q (^) triggered by  leading edge of 'clk'
Path Groups: {clk}
Analysis View: hold_view
Other End Arrival Time          0.001
+ Hold                         -0.016
+ Phase Shift                   0.000
+ Uncertainty                   0.020
= Required Time                 0.005
  Arrival Time                  0.082
  Slack Time                    0.076
     Clock Rise Edge                 0.000
     + Clock Network Latency (Prop)  -0.000
     = Beginpoint Arrival Time       -0.000
     +-----------------------------------------------------------------------------+ 
     |        Instance        |     Arc     |  Cell   | Delay | Arrival | Required | 
     |                        |             |         |       |  Time   |   Time   | 
     |------------------------+-------------+---------+-------+---------+----------| 
     | pending_rank_q_reg[14] | CK ^        |         |       |  -0.000 |   -0.077 | 
     | pending_rank_q_reg[14] | CK ^ -> Q ^ | DFFQXL  | 0.044 |   0.044 |   -0.033 | 
     | g6955__5107            | B0 ^ -> Y v | AOI21X1 | 0.016 |   0.060 |   -0.017 | 
     | g6844__7098            | B0 v -> Y ^ | AOI21XL | 0.022 |   0.082 |    0.005 | 
     | pending_rank_q_reg[14] | D ^         | DFFQXL  | 0.000 |   0.082 |    0.005 | 
     +-----------------------------------------------------------------------------+ 
Path 46: MET Hold Check with Pin pending_rank_q_reg[13]/CK 
Endpoint:   pending_rank_q_reg[13]/D (^) checked with  leading edge of 'clk'
Beginpoint: pending_rank_q_reg[13]/Q (^) triggered by  leading edge of 'clk'
Path Groups: {clk}
Analysis View: hold_view
Other End Arrival Time          0.001
+ Hold                         -0.016
+ Phase Shift                   0.000
+ Uncertainty                   0.020
= Required Time                 0.006
  Arrival Time                  0.083
  Slack Time                    0.077
     Clock Rise Edge                 0.000
     + Clock Network Latency (Prop)  -0.000
     = Beginpoint Arrival Time       -0.000
     +-----------------------------------------------------------------------------+ 
     |        Instance        |     Arc     |  Cell   | Delay | Arrival | Required | 
     |                        |             |         |       |  Time   |   Time   | 
     |------------------------+-------------+---------+-------+---------+----------| 
     | pending_rank_q_reg[13] | CK ^        |         |       |  -0.000 |   -0.077 | 
     | pending_rank_q_reg[13] | CK ^ -> Q ^ | DFFQXL  | 0.045 |   0.044 |   -0.033 | 
     | g6952__6417            | B0 ^ -> Y v | AOI21X1 | 0.016 |   0.060 |   -0.017 | 
     | g6843__5122            | B0 v -> Y ^ | AOI21XL | 0.022 |   0.083 |    0.006 | 
     | pending_rank_q_reg[13] | D ^         | DFFQXL  | 0.000 |   0.083 |    0.006 | 
     +-----------------------------------------------------------------------------+ 
Path 47: MET Hold Check with Pin out_rank_q_reg[2]/CK 
Endpoint:   out_rank_q_reg[2]/D      (^) checked with  leading edge of 'clk'
Beginpoint: reset_release_q_reg[1]/Q (v) triggered by  leading edge of 'clk'
Path Groups: {clk}
Analysis View: hold_view
Other End Arrival Time          0.001
+ Hold                         -0.017
+ Phase Shift                   0.000
+ Uncertainty                   0.020
= Required Time                 0.005
  Arrival Time                  0.083
  Slack Time                    0.079
     Clock Rise Edge                 0.000
     + Clock Network Latency (Prop)  -0.001
     = Beginpoint Arrival Time       -0.001
     +------------------------------------------------------------------------------+ 
     |        Instance        |     Arc     |   Cell   | Delay | Arrival | Required | 
     |                        |             |          |       |  Time   |   Time   | 
     |------------------------+-------------+----------+-------+---------+----------| 
     | reset_release_q_reg[1] | CK ^        |          |       |  -0.001 |   -0.079 | 
     | reset_release_q_reg[1] | CK ^ -> Q v | DFFRHQX1 | 0.067 |   0.066 |   -0.013 | 
     | g6870__1617            | C0 v -> Y ^ | OAI221X1 | 0.017 |   0.083 |    0.005 | 
     | out_rank_q_reg[2]      | D ^         | DFFHQX1  | 0.000 |   0.083 |    0.005 | 
     +------------------------------------------------------------------------------+ 
Path 48: MET Hold Check with Pin pending_rank_q_reg[5]/CK 
Endpoint:   pending_rank_q_reg[5]/D (^) checked with  leading edge of 'clk'
Beginpoint: pending_rank_q_reg[5]/Q (^) triggered by  leading edge of 'clk'
Path Groups: {clk}
Analysis View: hold_view
Other End Arrival Time          0.001
+ Hold                         -0.015
+ Phase Shift                   0.000
+ Uncertainty                   0.020
= Required Time                 0.006
  Arrival Time                  0.085
  Slack Time                    0.079
     Clock Rise Edge                 0.000
     + Clock Network Latency (Prop)  -0.000
     = Beginpoint Arrival Time       -0.000
     +----------------------------------------------------------------------------+ 
     |       Instance        |     Arc     |  Cell   | Delay | Arrival | Required | 
     |                       |             |         |       |  Time   |   Time   | 
     |-----------------------+-------------+---------+-------+---------+----------| 
     | pending_rank_q_reg[5] | CK ^        |         |       |  -0.000 |   -0.079 | 
     | pending_rank_q_reg[5] | CK ^ -> Q ^ | DFFQXL  | 0.044 |   0.044 |   -0.035 | 
     | g6957__7482           | B0 ^ -> Y v | AOI21X1 | 0.018 |   0.062 |   -0.017 | 
     | g6837__5526           | B0 v -> Y ^ | AOI21XL | 0.023 |   0.085 |    0.006 | 
     | pending_rank_q_reg[5] | D ^         | DFFQXL  | 0.000 |   0.085 |    0.006 | 
     +----------------------------------------------------------------------------+ 
Path 49: MET Hold Check with Pin pending_rank_q_reg[6]/CK 
Endpoint:   pending_rank_q_reg[6]/D (^) checked with  leading edge of 'clk'
Beginpoint: pending_rank_q_reg[6]/Q (^) triggered by  leading edge of 'clk'
Path Groups: {clk}
Analysis View: hold_view
Other End Arrival Time          0.001
+ Hold                         -0.016
+ Phase Shift                   0.000
+ Uncertainty                   0.020
= Required Time                 0.006
  Arrival Time                  0.085
  Slack Time                    0.079
     Clock Rise Edge                 0.000
     + Clock Network Latency (Prop)  -0.000
     = Beginpoint Arrival Time       -0.000
     +----------------------------------------------------------------------------+ 
     |       Instance        |     Arc     |  Cell   | Delay | Arrival | Required | 
     |                       |             |         |       |  Time   |   Time   | 
     |-----------------------+-------------+---------+-------+---------+----------| 
     | pending_rank_q_reg[6] | CK ^        |         |       |  -0.000 |   -0.079 | 
     | pending_rank_q_reg[6] | CK ^ -> Q ^ | DFFQXL  | 0.045 |   0.045 |   -0.034 | 
     | g6958__4733           | B0 ^ -> Y v | AOI21X1 | 0.017 |   0.063 |   -0.016 | 
     | g6838__6783           | B0 v -> Y ^ | AOI21XL | 0.022 |   0.085 |    0.006 | 
     | pending_rank_q_reg[6] | D ^         | DFFQXL  | 0.000 |   0.085 |    0.006 | 
     +----------------------------------------------------------------------------+ 
Path 50: MET Hold Check with Pin pending_rank_q_reg[2]/CK 
Endpoint:   pending_rank_q_reg[2]/D (^) checked with  leading edge of 'clk'
Beginpoint: pending_rank_q_reg[2]/Q (^) triggered by  leading edge of 'clk'
Path Groups: {clk}
Analysis View: hold_view
Other End Arrival Time          0.001
+ Hold                         -0.016
+ Phase Shift                   0.000
+ Uncertainty                   0.020
= Required Time                 0.005
  Arrival Time                  0.085
  Slack Time                    0.080
     Clock Rise Edge                 0.000
     + Clock Network Latency (Prop)  -0.000
     = Beginpoint Arrival Time       -0.000
     +----------------------------------------------------------------------------+ 
     |       Instance        |     Arc     |  Cell   | Delay | Arrival | Required | 
     |                       |             |         |       |  Time   |   Time   | 
     |-----------------------+-------------+---------+-------+---------+----------| 
     | pending_rank_q_reg[2] | CK ^        |         |       |  -0.000 |   -0.080 | 
     | pending_rank_q_reg[2] | CK ^ -> Q ^ | DFFQXL  | 0.044 |   0.044 |   -0.036 | 
     | g6953__5477           | B0 ^ -> Y v | AOI21X1 | 0.017 |   0.061 |   -0.018 | 
     | g6833__3680           | B0 v -> Y ^ | AOI21XL | 0.023 |   0.085 |    0.005 | 
     | pending_rank_q_reg[2] | D ^         | DFFQXL  | 0.000 |   0.085 |    0.005 | 
     +----------------------------------------------------------------------------+ 
Path 51: MET Hold Check with Pin pending_rank_q_reg[12]/CK 
Endpoint:   pending_rank_q_reg[12]/D (^) checked with  leading edge of 'clk'
Beginpoint: pending_rank_q_reg[12]/Q (^) triggered by  leading edge of 'clk'
Path Groups: {clk}
Analysis View: hold_view
Other End Arrival Time          0.001
+ Hold                         -0.016
+ Phase Shift                   0.000
+ Uncertainty                   0.020
= Required Time                 0.005
  Arrival Time                  0.085
  Slack Time                    0.080
     Clock Rise Edge                 0.000
     + Clock Network Latency (Prop)  -0.000
     = Beginpoint Arrival Time       -0.000
     +-----------------------------------------------------------------------------+ 
     |        Instance        |     Arc     |  Cell   | Delay | Arrival | Required | 
     |                        |             |         |       |  Time   |   Time   | 
     |------------------------+-------------+---------+-------+---------+----------| 
     | pending_rank_q_reg[12] | CK ^        |         |       |  -0.000 |   -0.080 | 
     | pending_rank_q_reg[12] | CK ^ -> Q ^ | DFFQXL  | 0.045 |   0.045 |   -0.035 | 
     | g6947__9945            | B0 ^ -> Y v | AOI21X1 | 0.017 |   0.061 |   -0.018 | 
     | g6842__1705            | B0 v -> Y ^ | AOI21XL | 0.024 |   0.085 |    0.005 | 
     | pending_rank_q_reg[12] | D ^         | DFFQXL  | 0.000 |   0.085 |    0.005 | 
     +-----------------------------------------------------------------------------+ 
Path 52: MET Hold Check with Pin pending_rank_q_reg[9]/CK 
Endpoint:   pending_rank_q_reg[9]/D (^) checked with  leading edge of 'clk'
Beginpoint: pending_rank_q_reg[9]/Q (^) triggered by  leading edge of 'clk'
Path Groups: {clk}
Analysis View: hold_view
Other End Arrival Time          0.001
+ Hold                         -0.016
+ Phase Shift                   0.000
+ Uncertainty                   0.020
= Required Time                 0.005
  Arrival Time                  0.085
  Slack Time                    0.080
     Clock Rise Edge                 0.000
     + Clock Network Latency (Prop)  -0.000
     = Beginpoint Arrival Time       -0.000
     +----------------------------------------------------------------------------+ 
     |       Instance        |     Arc     |  Cell   | Delay | Arrival | Required | 
     |                       |             |         |       |  Time   |   Time   | 
     |-----------------------+-------------+---------+-------+---------+----------| 
     | pending_rank_q_reg[9] | CK ^        |         |       |  -0.000 |   -0.080 | 
     | pending_rank_q_reg[9] | CK ^ -> Q ^ | DFFQXL  | 0.045 |   0.045 |   -0.035 | 
     | g6954__2398           | B0 ^ -> Y v | AOI21X1 | 0.017 |   0.062 |   -0.018 | 
     | g6848__6260           | B0 v -> Y ^ | AOI21XL | 0.023 |   0.085 |    0.005 | 
     | pending_rank_q_reg[9] | D ^         | DFFQXL  | 0.000 |   0.085 |    0.005 | 
     +----------------------------------------------------------------------------+ 
Path 53: MET Hold Check with Pin pending_rank_q_reg[3]/CK 
Endpoint:   pending_rank_q_reg[3]/D (^) checked with  leading edge of 'clk'
Beginpoint: pending_rank_q_reg[3]/Q (^) triggered by  leading edge of 'clk'
Path Groups: {clk}
Analysis View: hold_view
Other End Arrival Time          0.001
+ Hold                         -0.016
+ Phase Shift                   0.000
+ Uncertainty                   0.020
= Required Time                 0.005
  Arrival Time                  0.086
  Slack Time                    0.081
     Clock Rise Edge                 0.000
     + Clock Network Latency (Prop)  -0.000
     = Beginpoint Arrival Time       -0.000
     +----------------------------------------------------------------------------+ 
     |       Instance        |     Arc     |  Cell   | Delay | Arrival | Required | 
     |                       |             |         |       |  Time   |   Time   | 
     |-----------------------+-------------+---------+-------+---------+----------| 
     | pending_rank_q_reg[3] | CK ^        |         |       |  -0.000 |   -0.081 | 
     | pending_rank_q_reg[3] | CK ^ -> Q ^ | DFFQXL  | 0.045 |   0.045 |   -0.036 | 
     | g6949__9315           | B0 ^ -> Y v | AOI21X1 | 0.016 |   0.061 |   -0.020 | 
     | g6845__1881           | B0 v -> Y ^ | AOI21XL | 0.025 |   0.086 |    0.005 | 
     | pending_rank_q_reg[3] | D ^         | DFFQXL  | 0.000 |   0.086 |    0.005 | 
     +----------------------------------------------------------------------------+ 
Path 54: MET Hold Check with Pin pending_rank_q_reg[10]/CK 
Endpoint:   pending_rank_q_reg[10]/D (^) checked with  leading edge of 'clk'
Beginpoint: pending_rank_q_reg[10]/Q (^) triggered by  leading edge of 'clk'
Path Groups: {clk}
Analysis View: hold_view
Other End Arrival Time          0.001
+ Hold                         -0.016
+ Phase Shift                   0.000
+ Uncertainty                   0.020
= Required Time                 0.006
  Arrival Time                  0.087
  Slack Time                    0.081
     Clock Rise Edge                 0.000
     + Clock Network Latency (Prop)  -0.000
     = Beginpoint Arrival Time       -0.000
     +-----------------------------------------------------------------------------+ 
     |        Instance        |     Arc     |  Cell   | Delay | Arrival | Required | 
     |                        |             |         |       |  Time   |   Time   | 
     |------------------------+-------------+---------+-------+---------+----------| 
     | pending_rank_q_reg[10] | CK ^        |         |       |  -0.000 |   -0.081 | 
     | pending_rank_q_reg[10] | CK ^ -> Q ^ | DFFQXL  | 0.045 |   0.045 |   -0.037 | 
     | g6951__4319            | B0 ^ -> Y v | AOI21X1 | 0.019 |   0.064 |   -0.018 | 
     | g6841__2802            | B0 v -> Y ^ | AOI21XL | 0.023 |   0.087 |    0.006 | 
     | pending_rank_q_reg[10] | D ^         | DFFQXL  | 0.000 |   0.087 |    0.006 | 
     +-----------------------------------------------------------------------------+ 
Path 55: MET Hold Check with Pin pending_rank_q_reg[1]/CK 
Endpoint:   pending_rank_q_reg[1]/D (^) checked with  leading edge of 'clk'
Beginpoint: pending_rank_q_reg[1]/Q (^) triggered by  leading edge of 'clk'
Path Groups: {clk}
Analysis View: hold_view
Other End Arrival Time          0.001
+ Hold                         -0.016
+ Phase Shift                   0.000
+ Uncertainty                   0.020
= Required Time                 0.006
  Arrival Time                  0.088
  Slack Time                    0.082
     Clock Rise Edge                 0.000
     + Clock Network Latency (Prop)  -0.000
     = Beginpoint Arrival Time       -0.000
     +----------------------------------------------------------------------------+ 
     |       Instance        |     Arc     |  Cell   | Delay | Arrival | Required | 
     |                       |             |         |       |  Time   |   Time   | 
     |-----------------------+-------------+---------+-------+---------+----------| 
     | pending_rank_q_reg[1] | CK ^        |         |       |  -0.000 |   -0.082 | 
     | pending_rank_q_reg[1] | CK ^ -> Q ^ | DFFQXL  | 0.045 |   0.045 |   -0.037 | 
     | g6956__6260           | B0 ^ -> Y v | AOI21X1 | 0.019 |   0.064 |   -0.018 | 
     | g6835__2398           | B0 v -> Y ^ | AOI21XL | 0.024 |   0.088 |    0.006 | 
     | pending_rank_q_reg[1] | D ^         | DFFQXL  | 0.000 |   0.088 |    0.006 | 
     +----------------------------------------------------------------------------+ 
Path 56: MET Hold Check with Pin pending_rank_q_reg[0]/CK 
Endpoint:   pending_rank_q_reg[0]/D (^) checked with  leading edge of 'clk'
Beginpoint: pending_rank_q_reg[0]/Q (^) triggered by  leading edge of 'clk'
Path Groups: {clk}
Analysis View: hold_view
Other End Arrival Time          0.001
+ Hold                         -0.017
+ Phase Shift                   0.000
+ Uncertainty                   0.020
= Required Time                 0.005
  Arrival Time                  0.088
  Slack Time                    0.083
     Clock Rise Edge                 0.000
     + Clock Network Latency (Prop)  -0.000
     = Beginpoint Arrival Time       -0.000
     +----------------------------------------------------------------------------+ 
     |       Instance        |     Arc     |  Cell   | Delay | Arrival | Required | 
     |                       |             |         |       |  Time   |   Time   | 
     |-----------------------+-------------+---------+-------+---------+----------| 
     | pending_rank_q_reg[0] | CK ^        |         |       |  -0.000 |   -0.083 | 
     | pending_rank_q_reg[0] | CK ^ -> Q ^ | DFFQXL  | 0.046 |   0.046 |   -0.037 | 
     | g6950__1666           | B0 ^ -> Y v | AOI21X1 | 0.017 |   0.063 |   -0.020 | 
     | g6834__6131           | B0 v -> Y ^ | AOI21XL | 0.025 |   0.088 |    0.005 | 
     | pending_rank_q_reg[0] | D ^         | DFFQXL  | 0.000 |   0.088 |    0.005 | 
     +----------------------------------------------------------------------------+ 
Path 57: MET Early External Delay Assertion 
Endpoint:   out_addr[1]         (^) checked with  leading edge of 'clk'
Beginpoint: out_rank_q_reg[1]/Q (^) triggered by  leading edge of 'clk'
Path Groups: {clk}
Analysis View: hold_view
Other End Arrival Time          0.000
- External Delay                1.000
+ Phase Shift                   0.000
+ Uncertainty                   0.020
= Required Time                -0.980
  Arrival Time                  0.053
  Slack Time                    1.033
     Clock Rise Edge                 0.000
     + Clock Network Latency (Prop)  -0.000
     = Beginpoint Arrival Time       -0.000
     +--------------------------------------------------------------------------+ 
     |     Instance      |      Arc      |  Cell   | Delay | Arrival | Required | 
     |                   |               |         |       |  Time   |   Time   | 
     |-------------------+---------------+---------+-------+---------+----------| 
     | out_rank_q_reg[1] | CK ^          |         |       |  -0.000 |   -1.034 | 
     | out_rank_q_reg[1] | CK ^ -> Q ^   | DFFHQX1 | 0.054 |   0.053 |   -0.980 | 
     |                   | out_addr[1] ^ |         | 0.000 |   0.053 |   -0.980 | 
     +--------------------------------------------------------------------------+ 
Path 58: MET Early External Delay Assertion 
Endpoint:   out_addr[3]         (^) checked with  leading edge of 'clk'
Beginpoint: out_rank_q_reg[3]/Q (^) triggered by  leading edge of 'clk'
Path Groups: {clk}
Analysis View: hold_view
Other End Arrival Time          0.000
- External Delay                1.000
+ Phase Shift                   0.000
+ Uncertainty                   0.020
= Required Time                -0.980
  Arrival Time                  0.057
  Slack Time                    1.037
     Clock Rise Edge                 0.000
     + Clock Network Latency (Prop)  -0.000
     = Beginpoint Arrival Time       -0.000
     +--------------------------------------------------------------------------+ 
     |     Instance      |      Arc      |  Cell   | Delay | Arrival | Required | 
     |                   |               |         |       |  Time   |   Time   | 
     |-------------------+---------------+---------+-------+---------+----------| 
     | out_rank_q_reg[3] | CK ^          |         |       |  -0.000 |   -1.038 | 
     | out_rank_q_reg[3] | CK ^ -> Q ^   | DFFHQX1 | 0.058 |   0.057 |   -0.980 | 
     |                   | out_addr[3] ^ |         | 0.000 |   0.057 |   -0.980 | 
     +--------------------------------------------------------------------------+ 
Path 59: MET Early External Delay Assertion 
Endpoint:   out_addr[2]         (^) checked with  leading edge of 'clk'
Beginpoint: out_rank_q_reg[2]/Q (^) triggered by  leading edge of 'clk'
Path Groups: {clk}
Analysis View: hold_view
Other End Arrival Time          0.000
- External Delay                1.000
+ Phase Shift                   0.000
+ Uncertainty                   0.020
= Required Time                -0.980
  Arrival Time                  0.061
  Slack Time                    1.041
     Clock Rise Edge                 0.000
     + Clock Network Latency (Prop)  -0.000
     = Beginpoint Arrival Time       -0.000
     +--------------------------------------------------------------------------+ 
     |     Instance      |      Arc      |  Cell   | Delay | Arrival | Required | 
     |                   |               |         |       |  Time   |   Time   | 
     |-------------------+---------------+---------+-------+---------+----------| 
     | out_rank_q_reg[2] | CK ^          |         |       |  -0.000 |   -1.041 | 
     | out_rank_q_reg[2] | CK ^ -> Q ^   | DFFHQX1 | 0.061 |   0.061 |   -0.980 | 
     |                   | out_addr[2] ^ |         | 0.000 |   0.061 |   -0.980 | 
     +--------------------------------------------------------------------------+ 
Path 60: MET Early External Delay Assertion 
Endpoint:   src_ack_async[10]    (v) checked with  leading edge of 'clk'
Beginpoint: ack_rank_q_reg[11]/Q (v) triggered by  leading edge of 'clk'
Path Groups: {clk}
Analysis View: hold_view
Other End Arrival Time          0.000
- External Delay                1.000
+ Phase Shift                   0.000
+ Uncertainty                   0.020
= Required Time                -0.980
  Arrival Time                  0.069
  Slack Time                    1.049
     Clock Rise Edge                 0.000
     + Clock Network Latency (Prop)  -0.000
     = Beginpoint Arrival Time       -0.000
     +--------------------------------------------------------------------------------+ 
     |      Instance      |         Arc         |  Cell  | Delay | Arrival | Required | 
     |                    |                     |        |       |  Time   |   Time   | 
     |--------------------+---------------------+--------+-------+---------+----------| 
     | ack_rank_q_reg[11] | CK ^                |        |       |  -0.000 |   -1.050 | 
     | ack_rank_q_reg[11] | CK ^ -> Q v         | DFFQXL | 0.048 |   0.048 |   -1.002 | 
     | g7059              | A v -> Y ^          | INVX1  | 0.012 |   0.060 |   -0.990 | 
     | g6976__1705        | B ^ -> Y v          | NOR2XL | 0.010 |   0.069 |   -0.980 | 
     |                    | src_ack_async[10] v |        | 0.000 |   0.069 |   -0.980 | 
     +--------------------------------------------------------------------------------+ 
Path 61: MET Early External Delay Assertion 
Endpoint:   src_ack_async[2]    (v) checked with  leading edge of 'clk'
Beginpoint: ack_rank_q_reg[3]/Q (v) triggered by  leading edge of 'clk'
Path Groups: {clk}
Analysis View: hold_view
Other End Arrival Time          0.000
- External Delay                1.000
+ Phase Shift                   0.000
+ Uncertainty                   0.020
= Required Time                -0.980
  Arrival Time                  0.072
  Slack Time                    1.052
     Clock Rise Edge                 0.000
     + Clock Network Latency (Prop)  -0.000
     = Beginpoint Arrival Time       -0.000
     +------------------------------------------------------------------------------+ 
     |     Instance      |        Arc         |  Cell  | Delay | Arrival | Required | 
     |                   |                    |        |       |  Time   |   Time   | 
     |-------------------+--------------------+--------+-------+---------+----------| 
     | ack_rank_q_reg[3] | CK ^               |        |       |  -0.000 |   -1.052 | 
     | ack_rank_q_reg[3] | CK ^ -> Q v        | DFFQXL | 0.048 |   0.048 |   -1.004 | 
     | g7062             | A v -> Y ^         | INVX1  | 0.013 |   0.061 |   -0.991 | 
     | g6978__5526       | B ^ -> Y v         | NOR2XL | 0.011 |   0.072 |   -0.980 | 
     |                   | src_ack_async[2] v |        | 0.000 |   0.072 |   -0.980 | 
     +------------------------------------------------------------------------------+ 
Path 62: MET Early External Delay Assertion 
Endpoint:   src_ack_async[8]    (v) checked with  leading edge of 'clk'
Beginpoint: ack_rank_q_reg[8]/Q (v) triggered by  leading edge of 'clk'
Path Groups: {clk}
Analysis View: hold_view
Other End Arrival Time          0.000
- External Delay                1.000
+ Phase Shift                   0.000
+ Uncertainty                   0.020
= Required Time                -0.980
  Arrival Time                  0.073
  Slack Time                    1.053
     Clock Rise Edge                 0.000
     + Clock Network Latency (Prop)  -0.000
     = Beginpoint Arrival Time       -0.000
     +------------------------------------------------------------------------------+ 
     |     Instance      |        Arc         |  Cell  | Delay | Arrival | Required | 
     |                   |                    |        |       |  Time   |   Time   | 
     |-------------------+--------------------+--------+-------+---------+----------| 
     | ack_rank_q_reg[8] | CK ^               |        |       |  -0.000 |   -1.053 | 
     | ack_rank_q_reg[8] | CK ^ -> Q v        | DFFQXL | 0.048 |   0.048 |   -1.005 | 
     | g7070             | A v -> Y ^         | INVX1  | 0.014 |   0.062 |   -0.991 | 
     | g6979__2802       | B ^ -> Y v         | NOR2XL | 0.011 |   0.073 |   -0.980 | 
     |                   | src_ack_async[8] v |        | 0.000 |   0.073 |   -0.980 | 
     +------------------------------------------------------------------------------+ 
Path 63: MET Early External Delay Assertion 
Endpoint:   src_ack_async[5]    (v) checked with  leading edge of 'clk'
Beginpoint: ack_rank_q_reg[5]/Q (v) triggered by  leading edge of 'clk'
Path Groups: {clk}
Analysis View: hold_view
Other End Arrival Time          0.000
- External Delay                1.000
+ Phase Shift                   0.000
+ Uncertainty                   0.020
= Required Time                -0.980
  Arrival Time                  0.074
  Slack Time                    1.054
     Clock Rise Edge                 0.000
     + Clock Network Latency (Prop)  -0.000
     = Beginpoint Arrival Time       -0.000
     +------------------------------------------------------------------------------+ 
     |     Instance      |        Arc         |  Cell  | Delay | Arrival | Required | 
     |                   |                    |        |       |  Time   |   Time   | 
     |-------------------+--------------------+--------+-------+---------+----------| 
     | ack_rank_q_reg[5] | CK ^               |        |       |  -0.000 |   -1.054 | 
     | ack_rank_q_reg[5] | CK ^ -> Q v        | DFFQXL | 0.048 |   0.048 |   -1.006 | 
     | g7063             | A v -> Y ^         | INVX1  | 0.014 |   0.062 |   -0.992 | 
     | g6992__5122       | B ^ -> Y v         | NOR2XL | 0.012 |   0.074 |   -0.980 | 
     |                   | src_ack_async[5] v |        | 0.000 |   0.074 |   -0.980 | 
     +------------------------------------------------------------------------------+ 
Path 64: MET Early External Delay Assertion 
Endpoint:   src_ack_async[3]    (v) checked with  leading edge of 'clk'
Beginpoint: ack_rank_q_reg[2]/Q (v) triggered by  leading edge of 'clk'
Path Groups: {clk}
Analysis View: hold_view
Other End Arrival Time          0.000
- External Delay                1.000
+ Phase Shift                   0.000
+ Uncertainty                   0.020
= Required Time                -0.980
  Arrival Time                  0.074
  Slack Time                    1.054
     Clock Rise Edge                 0.000
     + Clock Network Latency (Prop)  -0.000
     = Beginpoint Arrival Time       -0.000
     +------------------------------------------------------------------------------+ 
     |     Instance      |        Arc         |  Cell  | Delay | Arrival | Required | 
     |                   |                    |        |       |  Time   |   Time   | 
     |-------------------+--------------------+--------+-------+---------+----------| 
     | ack_rank_q_reg[2] | CK ^               |        |       |  -0.000 |   -1.054 | 
     | ack_rank_q_reg[2] | CK ^ -> Q v        | DFFQXL | 0.048 |   0.048 |   -1.006 | 
     | g7071             | A v -> Y ^         | INVX1  | 0.014 |   0.062 |   -0.992 | 
     | g6988__3680       | B ^ -> Y v         | NOR2XL | 0.012 |   0.074 |   -0.980 | 
     |                   | src_ack_async[3] v |        | 0.000 |   0.074 |   -0.980 | 
     +------------------------------------------------------------------------------+ 
Path 65: MET Early External Delay Assertion 
Endpoint:   src_ack_async[9]    (v) checked with  leading edge of 'clk'
Beginpoint: ack_rank_q_reg[9]/Q (v) triggered by  leading edge of 'clk'
Path Groups: {clk}
Analysis View: hold_view
Other End Arrival Time          0.000
- External Delay                1.000
+ Phase Shift                   0.000
+ Uncertainty                   0.020
= Required Time                -0.980
  Arrival Time                  0.074
  Slack Time                    1.054
     Clock Rise Edge                 0.000
     + Clock Network Latency (Prop)  -0.000
     = Beginpoint Arrival Time       -0.000
     +------------------------------------------------------------------------------+ 
     |     Instance      |        Arc         |  Cell  | Delay | Arrival | Required | 
     |                   |                    |        |       |  Time   |   Time   | 
     |-------------------+--------------------+--------+-------+---------+----------| 
     | ack_rank_q_reg[9] | CK ^               |        |       |  -0.000 |   -1.054 | 
     | ack_rank_q_reg[9] | CK ^ -> Q v        | DFFQXL | 0.048 |   0.048 |   -1.006 | 
     | g7057             | A v -> Y ^         | INVX1  | 0.015 |   0.062 |   -0.992 | 
     | g6990__8246       | B ^ -> Y v         | NOR2XL | 0.012 |   0.074 |   -0.980 | 
     |                   | src_ack_async[9] v |        | 0.000 |   0.074 |   -0.980 | 
     +------------------------------------------------------------------------------+ 
Path 66: MET Early External Delay Assertion 
Endpoint:   src_ack_async[11]    (v) checked with  leading edge of 'clk'
Beginpoint: ack_rank_q_reg[10]/Q (v) triggered by  leading edge of 'clk'
Path Groups: {clk}
Analysis View: hold_view
Other End Arrival Time          0.000
- External Delay                1.000
+ Phase Shift                   0.000
+ Uncertainty                   0.020
= Required Time                -0.980
  Arrival Time                  0.074
  Slack Time                    1.054
     Clock Rise Edge                 0.000
     + Clock Network Latency (Prop)  -0.000
     = Beginpoint Arrival Time       -0.000
     +--------------------------------------------------------------------------------+ 
     |      Instance      |         Arc         |  Cell  | Delay | Arrival | Required | 
     |                    |                     |        |       |  Time   |   Time   | 
     |--------------------+---------------------+--------+-------+---------+----------| 
     | ack_rank_q_reg[10] | CK ^                |        |       |  -0.000 |   -1.054 | 
     | ack_rank_q_reg[10] | CK ^ -> Q v         | DFFQXL | 0.048 |   0.048 |   -1.006 | 
     | g7060              | A v -> Y ^          | INVX1  | 0.014 |   0.062 |   -0.992 | 
     | g6987__8428        | B ^ -> Y v          | NOR2XL | 0.012 |   0.074 |   -0.980 | 
     |                    | src_ack_async[11] v |        | 0.000 |   0.074 |   -0.980 | 
     +--------------------------------------------------------------------------------+ 
Path 67: MET Early External Delay Assertion 
Endpoint:   src_ack_async[1]    (v) checked with  leading edge of 'clk'
Beginpoint: ack_rank_q_reg[1]/Q (v) triggered by  leading edge of 'clk'
Path Groups: {clk}
Analysis View: hold_view
Other End Arrival Time          0.000
- External Delay                1.000
+ Phase Shift                   0.000
+ Uncertainty                   0.020
= Required Time                -0.980
  Arrival Time                  0.074
  Slack Time                    1.054
     Clock Rise Edge                 0.000
     + Clock Network Latency (Prop)  -0.000
     = Beginpoint Arrival Time       -0.000
     +------------------------------------------------------------------------------+ 
     |     Instance      |        Arc         |  Cell  | Delay | Arrival | Required | 
     |                   |                    |        |       |  Time   |   Time   | 
     |-------------------+--------------------+--------+-------+---------+----------| 
     | ack_rank_q_reg[1] | CK ^               |        |       |  -0.000 |   -1.054 | 
     | ack_rank_q_reg[1] | CK ^ -> Q v        | DFFQXL | 0.048 |   0.048 |   -1.006 | 
     | g7065             | A v -> Y ^         | INVX1  | 0.013 |   0.061 |   -0.993 | 
     | g6991__6131       | B ^ -> Y v         | NOR2XL | 0.013 |   0.074 |   -0.980 | 
     |                   | src_ack_async[1] v |        | 0.000 |   0.074 |   -0.980 | 
     +------------------------------------------------------------------------------+ 
Path 68: MET Early External Delay Assertion 
Endpoint:   src_ack_async[15]    (v) checked with  leading edge of 'clk'
Beginpoint: ack_rank_q_reg[14]/Q (v) triggered by  leading edge of 'clk'
Path Groups: {clk}
Analysis View: hold_view
Other End Arrival Time          0.000
- External Delay                1.000
+ Phase Shift                   0.000
+ Uncertainty                   0.020
= Required Time                -0.980
  Arrival Time                  0.074
  Slack Time                    1.054
     Clock Rise Edge                 0.000
     + Clock Network Latency (Prop)  -0.000
     = Beginpoint Arrival Time       -0.000
     +--------------------------------------------------------------------------------+ 
     |      Instance      |         Arc         |  Cell  | Delay | Arrival | Required | 
     |                    |                     |        |       |  Time   |   Time   | 
     |--------------------+---------------------+--------+-------+---------+----------| 
     | ack_rank_q_reg[14] | CK ^                |        |       |  -0.000 |   -1.055 | 
     | ack_rank_q_reg[14] | CK ^ -> Q v         | DFFQXL | 0.047 |   0.046 |   -1.008 | 
     | g7064              | A v -> Y ^          | INVX1  | 0.016 |   0.062 |   -0.993 | 
     | g6989__7482        | B ^ -> Y v          | NOR2XL | 0.013 |   0.074 |   -0.980 | 
     |                    | src_ack_async[15] v |        | 0.000 |   0.074 |   -0.980 | 
     +--------------------------------------------------------------------------------+ 
Path 69: MET Early External Delay Assertion 
Endpoint:   src_ack_async[0]    (v) checked with  leading edge of 'clk'
Beginpoint: ack_rank_q_reg[0]/Q (v) triggered by  leading edge of 'clk'
Path Groups: {clk}
Analysis View: hold_view
Other End Arrival Time          0.000
- External Delay                1.000
+ Phase Shift                   0.000
+ Uncertainty                   0.020
= Required Time                -0.980
  Arrival Time                  0.075
  Slack Time                    1.055
     Clock Rise Edge                 0.000
     + Clock Network Latency (Prop)  -0.000
     = Beginpoint Arrival Time       -0.000
     +------------------------------------------------------------------------------+ 
     |     Instance      |        Arc         |  Cell  | Delay | Arrival | Required | 
     |                   |                    |        |       |  Time   |   Time   | 
     |-------------------+--------------------+--------+-------+---------+----------| 
     | ack_rank_q_reg[0] | CK ^               |        |       |  -0.000 |   -1.055 | 
     | ack_rank_q_reg[0] | CK ^ -> Q v        | DFFQXL | 0.048 |   0.048 |   -1.007 | 
     | g7073             | A v -> Y ^         | INVX1  | 0.014 |   0.061 |   -0.994 | 
     | g6977__6783       | B ^ -> Y v         | NOR2XL | 0.014 |   0.075 |   -0.980 | 
     |                   | src_ack_async[0] v |        | 0.000 |   0.075 |   -0.980 | 
     +------------------------------------------------------------------------------+ 
Path 70: MET Early External Delay Assertion 
Endpoint:   src_ack_async[7]    (v) checked with  leading edge of 'clk'
Beginpoint: ack_rank_q_reg[6]/Q (v) triggered by  leading edge of 'clk'
Path Groups: {clk}
Analysis View: hold_view
Other End Arrival Time          0.000
- External Delay                1.000
+ Phase Shift                   0.000
+ Uncertainty                   0.020
= Required Time                -0.980
  Arrival Time                  0.075
  Slack Time                    1.055
     Clock Rise Edge                 0.000
     + Clock Network Latency (Prop)  -0.000
     = Beginpoint Arrival Time       -0.000
     +------------------------------------------------------------------------------+ 
     |     Instance      |        Arc         |  Cell  | Delay | Arrival | Required | 
     |                   |                    |        |       |  Time   |   Time   | 
     |-------------------+--------------------+--------+-------+---------+----------| 
     | ack_rank_q_reg[6] | CK ^               |        |       |  -0.000 |   -1.056 | 
     | ack_rank_q_reg[6] | CK ^ -> Q v        | DFFQXL | 0.048 |   0.047 |   -1.008 | 
     | g7069             | A v -> Y ^         | INVX1  | 0.015 |   0.063 |   -0.992 | 
     | g6983__1617       | B ^ -> Y v         | NOR2XL | 0.012 |   0.075 |   -0.980 | 
     |                   | src_ack_async[7] v |        | 0.000 |   0.075 |   -0.980 | 
     +------------------------------------------------------------------------------+ 
Path 71: MET Early External Delay Assertion 
Endpoint:   src_ack_async[6]    (v) checked with  leading edge of 'clk'
Beginpoint: ack_rank_q_reg[7]/Q (v) triggered by  leading edge of 'clk'
Path Groups: {clk}
Analysis View: hold_view
Other End Arrival Time          0.000
- External Delay                1.000
+ Phase Shift                   0.000
+ Uncertainty                   0.020
= Required Time                -0.980
  Arrival Time                  0.076
  Slack Time                    1.056
     Clock Rise Edge                 0.000
     + Clock Network Latency (Prop)  -0.000
     = Beginpoint Arrival Time       -0.000
     +------------------------------------------------------------------------------+ 
     |     Instance      |        Arc         |  Cell  | Delay | Arrival | Required | 
     |                   |                    |        |       |  Time   |   Time   | 
     |-------------------+--------------------+--------+-------+---------+----------| 
     | ack_rank_q_reg[7] | CK ^               |        |       |  -0.000 |   -1.056 | 
     | ack_rank_q_reg[7] | CK ^ -> Q v        | DFFQXL | 0.047 |   0.047 |   -1.009 | 
     | g7068             | A v -> Y ^         | INVX1  | 0.016 |   0.062 |   -0.994 | 
     | g6982__7098       | B ^ -> Y v         | NOR2XL | 0.014 |   0.076 |   -0.980 | 
     |                   | src_ack_async[6] v |        | 0.000 |   0.076 |   -0.980 | 
     +------------------------------------------------------------------------------+ 
Path 72: MET Early External Delay Assertion 
Endpoint:   src_ack_async[13]    (v) checked with  leading edge of 'clk'
Beginpoint: ack_rank_q_reg[13]/Q (v) triggered by  leading edge of 'clk'
Path Groups: {clk}
Analysis View: hold_view
Other End Arrival Time          0.000
- External Delay                1.000
+ Phase Shift                   0.000
+ Uncertainty                   0.020
= Required Time                -0.980
  Arrival Time                  0.076
  Slack Time                    1.056
     Clock Rise Edge                 0.000
     + Clock Network Latency (Prop)  -0.000
     = Beginpoint Arrival Time       -0.000
     +--------------------------------------------------------------------------------+ 
     |      Instance      |         Arc         |  Cell  | Delay | Arrival | Required | 
     |                    |                     |        |       |  Time   |   Time   | 
     |--------------------+---------------------+--------+-------+---------+----------| 
     | ack_rank_q_reg[13] | CK ^                |        |       |  -0.000 |   -1.057 | 
     | ack_rank_q_reg[13] | CK ^ -> Q v         | DFFQXL | 0.048 |   0.048 |   -1.009 | 
     | g7058              | A v -> Y ^          | INVX1  | 0.016 |   0.064 |   -0.993 | 
     | g6985__5115        | B ^ -> Y v          | NOR2XL | 0.013 |   0.076 |   -0.980 | 
     |                    | src_ack_async[13] v |        | 0.000 |   0.076 |   -0.980 | 
     +--------------------------------------------------------------------------------+ 
Path 73: MET Early External Delay Assertion 
Endpoint:   src_ack_async[4]    (v) checked with  leading edge of 'clk'
Beginpoint: ack_rank_q_reg[4]/Q (v) triggered by  leading edge of 'clk'
Path Groups: {clk}
Analysis View: hold_view
Other End Arrival Time          0.000
- External Delay                1.000
+ Phase Shift                   0.000
+ Uncertainty                   0.020
= Required Time                -0.980
  Arrival Time                  0.077
  Slack Time                    1.057
     Clock Rise Edge                 0.000
     + Clock Network Latency (Prop)  -0.000
     = Beginpoint Arrival Time       -0.000
     +------------------------------------------------------------------------------+ 
     |     Instance      |        Arc         |  Cell  | Delay | Arrival | Required | 
     |                   |                    |        |       |  Time   |   Time   | 
     |-------------------+--------------------+--------+-------+---------+----------| 
     | ack_rank_q_reg[4] | CK ^               |        |       |  -0.000 |   -1.057 | 
     | ack_rank_q_reg[4] | CK ^ -> Q v        | DFFQXL | 0.047 |   0.047 |   -1.009 | 
     | g7074             | A v -> Y ^         | INVX1  | 0.016 |   0.063 |   -0.994 | 
     | g6986__1881       | B ^ -> Y v         | NOR2XL | 0.014 |   0.077 |   -0.980 | 
     |                   | src_ack_async[4] v |        | 0.000 |   0.077 |   -0.980 | 
     +------------------------------------------------------------------------------+ 
Path 74: MET Early External Delay Assertion 
Endpoint:   src_ack_async[12]    (v) checked with  leading edge of 'clk'
Beginpoint: ack_rank_q_reg[12]/Q (v) triggered by  leading edge of 'clk'
Path Groups: {clk}
Analysis View: hold_view
Other End Arrival Time          0.000
- External Delay                1.000
+ Phase Shift                   0.000
+ Uncertainty                   0.020
= Required Time                -0.980
  Arrival Time                  0.077
  Slack Time                    1.057
     Clock Rise Edge                 0.000
     + Clock Network Latency (Prop)  -0.000
     = Beginpoint Arrival Time       -0.000
     +--------------------------------------------------------------------------------+ 
     |      Instance      |         Arc         |  Cell  | Delay | Arrival | Required | 
     |                    |                     |        |       |  Time   |   Time   | 
     |--------------------+---------------------+--------+-------+---------+----------| 
     | ack_rank_q_reg[12] | CK ^                |        |       |  -0.000 |   -1.057 | 
     | ack_rank_q_reg[12] | CK ^ -> Q v         | DFFQXL | 0.046 |   0.046 |   -1.010 | 
     | g7061              | A v -> Y ^          | INVX1  | 0.016 |   0.063 |   -0.994 | 
     | g6980__1881        | B ^ -> Y v          | NOR2XL | 0.014 |   0.077 |   -0.980 | 
     |                    | src_ack_async[12] v |        | 0.000 |   0.077 |   -0.980 | 
     +--------------------------------------------------------------------------------+ 
Path 75: MET Early External Delay Assertion 
Endpoint:   src_ack_async[14]    (v) checked with  leading edge of 'clk'
Beginpoint: ack_rank_q_reg[15]/Q (v) triggered by  leading edge of 'clk'
Path Groups: {clk}
Analysis View: hold_view
Other End Arrival Time          0.000
- External Delay                1.000
+ Phase Shift                   0.000
+ Uncertainty                   0.020
= Required Time                -0.980
  Arrival Time                  0.079
  Slack Time                    1.059
     Clock Rise Edge                 0.000
     + Clock Network Latency (Prop)  -0.000
     = Beginpoint Arrival Time       -0.000
     +--------------------------------------------------------------------------------+ 
     |      Instance      |         Arc         |  Cell  | Delay | Arrival | Required | 
     |                    |                     |        |       |  Time   |   Time   | 
     |--------------------+---------------------+--------+-------+---------+----------| 
     | ack_rank_q_reg[15] | CK ^                |        |       |  -0.000 |   -1.060 | 
     | ack_rank_q_reg[15] | CK ^ -> Q v         | DFFQXL | 0.048 |   0.047 |   -1.012 | 
     | g7072              | A v -> Y ^          | INVX1  | 0.018 |   0.065 |   -0.994 | 
     | g6981__6131        | B ^ -> Y v          | NOR2XL | 0.014 |   0.079 |   -0.980 | 
     |                    | src_ack_async[14] v |        | 0.000 |   0.079 |   -0.980 | 
     +--------------------------------------------------------------------------------+ 
Path 76: MET Early External Delay Assertion 
Endpoint:   out_addr[0]         (v) checked with  leading edge of 'clk'
Beginpoint: out_rank_q_reg[0]/Q (^) triggered by  leading edge of 'clk'
Path Groups: {clk}
Analysis View: hold_view
Other End Arrival Time          0.000
- External Delay                1.000
+ Phase Shift                   0.000
+ Uncertainty                   0.020
= Required Time                -0.980
  Arrival Time                  0.080
  Slack Time                    1.060
     Clock Rise Edge                 0.000
     + Clock Network Latency (Prop)  -0.000
     = Beginpoint Arrival Time       -0.000
     +--------------------------------------------------------------------------+ 
     |     Instance      |      Arc      |  Cell   | Delay | Arrival | Required | 
     |                   |               |         |       |  Time   |   Time   | 
     |-------------------+---------------+---------+-------+---------+----------| 
     | out_rank_q_reg[0] | CK ^          |         |       |  -0.000 |   -1.060 | 
     | out_rank_q_reg[0] | CK ^ -> Q ^   | DFFHQX1 | 0.051 |   0.051 |   -1.009 | 
     | g7025__9945       | B0 ^ -> Y v   | OAI22XL | 0.029 |   0.080 |   -0.980 | 
     |                   | out_addr[0] v |         | 0.000 |   0.080 |   -0.980 | 
     +--------------------------------------------------------------------------+ 
Path 77: MET Early External Delay Assertion 
Endpoint:   out_valid         (v) checked with  leading edge of 'clk'
Beginpoint: out_valid_q_reg/Q (v) triggered by  leading edge of 'clk'
Path Groups: {clk}
Analysis View: hold_view
Other End Arrival Time          0.000
- External Delay                1.000
+ Phase Shift                   0.000
+ Uncertainty                   0.020
= Required Time                -0.980
  Arrival Time                  0.082
  Slack Time                    1.062
     Clock Rise Edge                 0.000
     + Clock Network Latency (Prop)  -0.000
     = Beginpoint Arrival Time       -0.000
     +----------------------------------------------------------------------+ 
     |    Instance     |     Arc     |  Cell   | Delay | Arrival | Required | 
     |                 |             |         |       |  Time   |   Time   | 
     |-----------------+-------------+---------+-------+---------+----------| 
     | out_valid_q_reg | CK ^        |         |       |  -0.000 |   -1.062 | 
     | out_valid_q_reg | CK ^ -> Q v | DFFHQX1 | 0.055 |   0.054 |   -1.007 | 
     | g6984__6161     | B v -> Y ^  | NAND2X2 | 0.014 |   0.068 |   -0.993 | 
     | g6975           | A ^ -> Y v  | INVXL   | 0.013 |   0.082 |   -0.980 | 
     |                 | out_valid v |         | 0.000 |   0.082 |   -0.980 | 
     +----------------------------------------------------------------------+ 

