###############################################################
#  Generated by:      Cadence Innovus 23.14-s088_1
#  OS:                Linux x86_64(Host ID <REMOTE_HOST>)
#  Generated on:      Wed Aug 26 16:59:39 2026
#  Design:            aer_pending_xor1_rank_reuse_sync_core_reset
#  Command:           report_timing -max_paths 100 > [file join $report_dir postroute_setup_timing.rpt]
###############################################################
Path 1: MET Setup Check with Pin req_sync_q_reg[5]/CK 
Endpoint:   req_sync_q_reg[5]/D (^) checked with  leading edge of 'clk'
Beginpoint: req_meta_q_reg[5]/Q (^) triggered by  leading edge of '@'
Path Groups: {clk}
Analysis View: setup_view
Other End Arrival Time          0.001
- Setup                         0.133
+ Path Delay                    0.800
- Uncertainty                   0.200
= Required Time                 0.468
- Arrival Time                  0.000
= Slack Time                    0.468
     Clock Rise Edge                      0.000
     = Beginpoint Arrival Time            0.000
     +----------------------------------------------------------------+ 
     |     Instance      | Arc |  Cell   | Delay | Arrival | Required | 
     |                   |     |         |       |  Time   |   Time   | 
     |-------------------+-----+---------+-------+---------+----------| 
     | req_meta_q_reg[5] | Q ^ |         |       |   0.000 |    0.468 | 
     | req_sync_q_reg[5] | D ^ | DFFHQX1 | 0.000 |   0.000 |    0.468 | 
     +----------------------------------------------------------------+ 
Path 2: MET Setup Check with Pin req_sync_q_reg[10]/CK 
Endpoint:   req_sync_q_reg[10]/D (^) checked with  leading edge of 'clk'
Beginpoint: req_meta_q_reg[10]/Q (^) triggered by  leading edge of '@'
Path Groups: {clk}
Analysis View: setup_view
Other End Arrival Time          0.001
- Setup                         0.128
+ Path Delay                    0.800
- Uncertainty                   0.200
= Required Time                 0.473
- Arrival Time                  0.000
= Slack Time                    0.473
     Clock Rise Edge                      0.000
     = Beginpoint Arrival Time            0.000
     +-----------------------------------------------------------------+ 
     |      Instance      | Arc |  Cell   | Delay | Arrival | Required | 
     |                    |     |         |       |  Time   |   Time   | 
     |--------------------+-----+---------+-------+---------+----------| 
     | req_meta_q_reg[10] | Q ^ |         |       |   0.000 |    0.473 | 
     | req_sync_q_reg[10] | D ^ | DFFHQX1 | 0.000 |   0.000 |    0.473 | 
     +-----------------------------------------------------------------+ 
Path 3: MET Setup Check with Pin req_sync_q_reg[3]/CK 
Endpoint:   req_sync_q_reg[3]/D (^) checked with  leading edge of 'clk'
Beginpoint: req_meta_q_reg[3]/Q (^) triggered by  leading edge of '@'
Path Groups: {clk}
Analysis View: setup_view
Other End Arrival Time          0.001
- Setup                         0.126
+ Path Delay                    0.800
- Uncertainty                   0.200
= Required Time                 0.475
- Arrival Time                  0.000
= Slack Time                    0.475
     Clock Rise Edge                      0.000
     = Beginpoint Arrival Time            0.000
     +----------------------------------------------------------------+ 
     |     Instance      | Arc |  Cell   | Delay | Arrival | Required | 
     |                   |     |         |       |  Time   |   Time   | 
     |-------------------+-----+---------+-------+---------+----------| 
     | req_meta_q_reg[3] | Q ^ |         |       |   0.000 |    0.475 | 
     | req_sync_q_reg[3] | D ^ | DFFHQX1 | 0.000 |   0.000 |    0.475 | 
     +----------------------------------------------------------------+ 
Path 4: MET Setup Check with Pin req_sync_q_reg[11]/CK 
Endpoint:   req_sync_q_reg[11]/D (^) checked with  leading edge of 'clk'
Beginpoint: req_meta_q_reg[11]/Q (^) triggered by  leading edge of '@'
Path Groups: {clk}
Analysis View: setup_view
Other End Arrival Time          0.001
- Setup                         0.126
+ Path Delay                    0.800
- Uncertainty                   0.200
= Required Time                 0.475
- Arrival Time                  0.000
= Slack Time                    0.475
     Clock Rise Edge                      0.000
     = Beginpoint Arrival Time            0.000
     +-----------------------------------------------------------------+ 
     |      Instance      | Arc |  Cell   | Delay | Arrival | Required | 
     |                    |     |         |       |  Time   |   Time   | 
     |--------------------+-----+---------+-------+---------+----------| 
     | req_meta_q_reg[11] | Q ^ |         |       |   0.000 |    0.475 | 
     | req_sync_q_reg[11] | D ^ | DFFHQX1 | 0.000 |   0.000 |    0.475 | 
     +-----------------------------------------------------------------+ 
Path 5: MET Setup Check with Pin req_sync_q_reg[0]/CK 
Endpoint:   req_sync_q_reg[0]/D (^) checked with  leading edge of 'clk'
Beginpoint: req_meta_q_reg[0]/Q (^) triggered by  leading edge of '@'
Path Groups: {clk}
Analysis View: setup_view
Other End Arrival Time          0.001
- Setup                         0.126
+ Path Delay                    0.800
- Uncertainty                   0.200
= Required Time                 0.475
- Arrival Time                  0.000
= Slack Time                    0.475
     Clock Rise Edge                      0.000
     = Beginpoint Arrival Time            0.000
     +----------------------------------------------------------------+ 
     |     Instance      | Arc |  Cell   | Delay | Arrival | Required | 
     |                   |     |         |       |  Time   |   Time   | 
     |-------------------+-----+---------+-------+---------+----------| 
     | req_meta_q_reg[0] | Q ^ |         |       |   0.000 |    0.475 | 
     | req_sync_q_reg[0] | D ^ | DFFHQX1 | 0.000 |   0.000 |    0.475 | 
     +----------------------------------------------------------------+ 
Path 6: MET Setup Check with Pin req_sync_q_reg[7]/CK 
Endpoint:   req_sync_q_reg[7]/D (^) checked with  leading edge of 'clk'
Beginpoint: req_meta_q_reg[7]/Q (^) triggered by  leading edge of '@'
Path Groups: {clk}
Analysis View: setup_view
Other End Arrival Time          0.001
- Setup                         0.126
+ Path Delay                    0.800
- Uncertainty                   0.200
= Required Time                 0.475
- Arrival Time                  0.000
= Slack Time                    0.475
     Clock Rise Edge                      0.000
     = Beginpoint Arrival Time            0.000
     +----------------------------------------------------------------+ 
     |     Instance      | Arc |  Cell   | Delay | Arrival | Required | 
     |                   |     |         |       |  Time   |   Time   | 
     |-------------------+-----+---------+-------+---------+----------| 
     | req_meta_q_reg[7] | Q ^ |         |       |   0.000 |    0.475 | 
     | req_sync_q_reg[7] | D ^ | DFFHQX1 | 0.000 |   0.000 |    0.475 | 
     +----------------------------------------------------------------+ 
Path 7: MET Setup Check with Pin req_sync_q_reg[15]/CK 
Endpoint:   req_sync_q_reg[15]/D (^) checked with  leading edge of 'clk'
Beginpoint: req_meta_q_reg[15]/Q (^) triggered by  leading edge of '@'
Path Groups: {clk}
Analysis View: setup_view
Other End Arrival Time          0.001
- Setup                         0.126
+ Path Delay                    0.800
- Uncertainty                   0.200
= Required Time                 0.475
- Arrival Time                  0.000
= Slack Time                    0.475
     Clock Rise Edge                      0.000
     = Beginpoint Arrival Time            0.000
     +-----------------------------------------------------------------+ 
     |      Instance      | Arc |  Cell   | Delay | Arrival | Required | 
     |                    |     |         |       |  Time   |   Time   | 
     |--------------------+-----+---------+-------+---------+----------| 
     | req_meta_q_reg[15] | Q ^ |         |       |   0.000 |    0.475 | 
     | req_sync_q_reg[15] | D ^ | DFFHQX1 | 0.000 |   0.000 |    0.475 | 
     +-----------------------------------------------------------------+ 
Path 8: MET Setup Check with Pin req_sync_q_reg[14]/CK 
Endpoint:   req_sync_q_reg[14]/D (^) checked with  leading edge of 'clk'
Beginpoint: req_meta_q_reg[14]/Q (^) triggered by  leading edge of '@'
Path Groups: {clk}
Analysis View: setup_view
Other End Arrival Time          0.001
- Setup                         0.125
+ Path Delay                    0.800
- Uncertainty                   0.200
= Required Time                 0.476
- Arrival Time                  0.000
= Slack Time                    0.476
     Clock Rise Edge                      0.000
     = Beginpoint Arrival Time            0.000
     +-----------------------------------------------------------------+ 
     |      Instance      | Arc |  Cell   | Delay | Arrival | Required | 
     |                    |     |         |       |  Time   |   Time   | 
     |--------------------+-----+---------+-------+---------+----------| 
     | req_meta_q_reg[14] | Q ^ |         |       |   0.000 |    0.476 | 
     | req_sync_q_reg[14] | D ^ | DFFHQX1 | 0.000 |   0.000 |    0.476 | 
     +-----------------------------------------------------------------+ 
Path 9: MET Setup Check with Pin req_sync_q_reg[4]/CK 
Endpoint:   req_sync_q_reg[4]/D (^) checked with  leading edge of 'clk'
Beginpoint: req_meta_q_reg[4]/Q (^) triggered by  leading edge of '@'
Path Groups: {clk}
Analysis View: setup_view
Other End Arrival Time          0.001
- Setup                         0.125
+ Path Delay                    0.800
- Uncertainty                   0.200
= Required Time                 0.476
- Arrival Time                  0.000
= Slack Time                    0.476
     Clock Rise Edge                      0.000
     = Beginpoint Arrival Time            0.000
     +----------------------------------------------------------------+ 
     |     Instance      | Arc |  Cell   | Delay | Arrival | Required | 
     |                   |     |         |       |  Time   |   Time   | 
     |-------------------+-----+---------+-------+---------+----------| 
     | req_meta_q_reg[4] | Q ^ |         |       |   0.000 |    0.476 | 
     | req_sync_q_reg[4] | D ^ | DFFHQX1 | 0.000 |   0.000 |    0.476 | 
     +----------------------------------------------------------------+ 
Path 10: MET Setup Check with Pin req_sync_q_reg[1]/CK 
Endpoint:   req_sync_q_reg[1]/D (^) checked with  leading edge of 'clk'
Beginpoint: req_meta_q_reg[1]/Q (^) triggered by  leading edge of '@'
Path Groups: {clk}
Analysis View: setup_view
Other End Arrival Time          0.001
- Setup                         0.124
+ Path Delay                    0.800
- Uncertainty                   0.200
= Required Time                 0.477
- Arrival Time                  0.000
= Slack Time                    0.477
     Clock Rise Edge                      0.000
     = Beginpoint Arrival Time            0.000
     +----------------------------------------------------------------+ 
     |     Instance      | Arc |  Cell   | Delay | Arrival | Required | 
     |                   |     |         |       |  Time   |   Time   | 
     |-------------------+-----+---------+-------+---------+----------| 
     | req_meta_q_reg[1] | Q ^ |         |       |   0.000 |    0.477 | 
     | req_sync_q_reg[1] | D ^ | DFFHQX1 | 0.000 |   0.000 |    0.477 | 
     +----------------------------------------------------------------+ 
Path 11: MET Setup Check with Pin req_sync_q_reg[9]/CK 
Endpoint:   req_sync_q_reg[9]/D (^) checked with  leading edge of 'clk'
Beginpoint: req_meta_q_reg[9]/Q (^) triggered by  leading edge of '@'
Path Groups: {clk}
Analysis View: setup_view
Other End Arrival Time          0.001
- Setup                         0.123
+ Path Delay                    0.800
- Uncertainty                   0.200
= Required Time                 0.478
- Arrival Time                  0.000
= Slack Time                    0.478
     Clock Rise Edge                      0.000
     = Beginpoint Arrival Time            0.000
     +----------------------------------------------------------------+ 
     |     Instance      | Arc |  Cell   | Delay | Arrival | Required | 
     |                   |     |         |       |  Time   |   Time   | 
     |-------------------+-----+---------+-------+---------+----------| 
     | req_meta_q_reg[9] | Q ^ |         |       |   0.000 |    0.478 | 
     | req_sync_q_reg[9] | D ^ | DFFHQX1 | 0.000 |   0.000 |    0.478 | 
     +----------------------------------------------------------------+ 
Path 12: MET Setup Check with Pin req_sync_q_reg[12]/CK 
Endpoint:   req_sync_q_reg[12]/D (^) checked with  leading edge of 'clk'
Beginpoint: req_meta_q_reg[12]/Q (^) triggered by  leading edge of '@'
Path Groups: {clk}
Analysis View: setup_view
Other End Arrival Time          0.001
- Setup                         0.123
+ Path Delay                    0.800
- Uncertainty                   0.200
= Required Time                 0.478
- Arrival Time                  0.000
= Slack Time                    0.478
     Clock Rise Edge                      0.000
     = Beginpoint Arrival Time            0.000
     +-----------------------------------------------------------------+ 
     |      Instance      | Arc |  Cell   | Delay | Arrival | Required | 
     |                    |     |         |       |  Time   |   Time   | 
     |--------------------+-----+---------+-------+---------+----------| 
     | req_meta_q_reg[12] | Q ^ |         |       |   0.000 |    0.478 | 
     | req_sync_q_reg[12] | D ^ | DFFHQX1 | 0.000 |   0.000 |    0.478 | 
     +-----------------------------------------------------------------+ 
Path 13: MET Setup Check with Pin req_sync_q_reg[2]/CK 
Endpoint:   req_sync_q_reg[2]/D (^) checked with  leading edge of 'clk'
Beginpoint: req_meta_q_reg[2]/Q (^) triggered by  leading edge of '@'
Path Groups: {clk}
Analysis View: setup_view
Other End Arrival Time          0.001
- Setup                         0.122
+ Path Delay                    0.800
- Uncertainty                   0.200
= Required Time                 0.479
- Arrival Time                  0.000
= Slack Time                    0.479
     Clock Rise Edge                      0.000
     = Beginpoint Arrival Time            0.000
     +----------------------------------------------------------------+ 
     |     Instance      | Arc |  Cell   | Delay | Arrival | Required | 
     |                   |     |         |       |  Time   |   Time   | 
     |-------------------+-----+---------+-------+---------+----------| 
     | req_meta_q_reg[2] | Q ^ |         |       |   0.000 |    0.479 | 
     | req_sync_q_reg[2] | D ^ | DFFHQX1 | 0.000 |   0.000 |    0.479 | 
     +----------------------------------------------------------------+ 
Path 14: MET Setup Check with Pin req_sync_q_reg[6]/CK 
Endpoint:   req_sync_q_reg[6]/D (^) checked with  leading edge of 'clk'
Beginpoint: req_meta_q_reg[6]/Q (^) triggered by  leading edge of '@'
Path Groups: {clk}
Analysis View: setup_view
Other End Arrival Time          0.001
- Setup                         0.122
+ Path Delay                    0.800
- Uncertainty                   0.200
= Required Time                 0.479
- Arrival Time                  0.000
= Slack Time                    0.479
     Clock Rise Edge                      0.000
     = Beginpoint Arrival Time            0.000
     +----------------------------------------------------------------+ 
     |     Instance      | Arc |  Cell   | Delay | Arrival | Required | 
     |                   |     |         |       |  Time   |   Time   | 
     |-------------------+-----+---------+-------+---------+----------| 
     | req_meta_q_reg[6] | Q ^ |         |       |   0.000 |    0.479 | 
     | req_sync_q_reg[6] | D ^ | DFFHQX1 | 0.000 |   0.000 |    0.479 | 
     +----------------------------------------------------------------+ 
Path 15: MET Setup Check with Pin req_sync_q_reg[8]/CK 
Endpoint:   req_sync_q_reg[8]/D (^) checked with  leading edge of 'clk'
Beginpoint: req_meta_q_reg[8]/Q (^) triggered by  leading edge of '@'
Path Groups: {clk}
Analysis View: setup_view
Other End Arrival Time          0.001
- Setup                         0.122
+ Path Delay                    0.800
- Uncertainty                   0.200
= Required Time                 0.479
- Arrival Time                  0.000
= Slack Time                    0.479
     Clock Rise Edge                      0.000
     = Beginpoint Arrival Time            0.000
     +----------------------------------------------------------------+ 
     |     Instance      | Arc |  Cell   | Delay | Arrival | Required | 
     |                   |     |         |       |  Time   |   Time   | 
     |-------------------+-----+---------+-------+---------+----------| 
     | req_meta_q_reg[8] | Q ^ |         |       |   0.000 |    0.479 | 
     | req_sync_q_reg[8] | D ^ | DFFHQX1 | 0.000 |   0.000 |    0.479 | 
     +----------------------------------------------------------------+ 
Path 16: MET Setup Check with Pin req_sync_q_reg[13]/CK 
Endpoint:   req_sync_q_reg[13]/D (^) checked with  leading edge of 'clk'
Beginpoint: req_meta_q_reg[13]/Q (^) triggered by  leading edge of '@'
Path Groups: {clk}
Analysis View: setup_view
Other End Arrival Time          0.001
- Setup                         0.122
+ Path Delay                    0.800
- Uncertainty                   0.200
= Required Time                 0.479
- Arrival Time                  0.000
= Slack Time                    0.479
     Clock Rise Edge                      0.000
     = Beginpoint Arrival Time            0.000
     +-----------------------------------------------------------------+ 
     |      Instance      | Arc |  Cell   | Delay | Arrival | Required | 
     |                    |     |         |       |  Time   |   Time   | 
     |--------------------+-----+---------+-------+---------+----------| 
     | req_meta_q_reg[13] | Q ^ |         |       |   0.000 |    0.479 | 
     | req_sync_q_reg[13] | D ^ | DFFHQX1 | 0.000 |   0.000 |    0.479 | 
     +-----------------------------------------------------------------+ 
Path 17: MET Setup Check with Pin reset_release_q_reg[1]/CK 
Endpoint:   reset_release_q_reg[1]/D (^) checked with  leading edge of 'clk'
Beginpoint: reset_release_q_reg[0]/Q (^) triggered by  leading edge of '@'
Path Groups: {clk}
Analysis View: setup_view
Other End Arrival Time          0.001
- Setup                         0.121
+ Path Delay                    1.000
- Uncertainty                   0.200
= Required Time                 0.679
- Arrival Time                  0.000
= Slack Time                    0.679
     Clock Rise Edge                      0.000
     = Beginpoint Arrival Time            0.000
     +----------------------------------------------------------------------+ 
     |        Instance        | Arc |   Cell   | Delay | Arrival | Required | 
     |                        |     |          |       |  Time   |   Time   | 
     |------------------------+-----+----------+-------+---------+----------| 
     | reset_release_q_reg[0] | Q ^ |          |       |   0.000 |    0.679 | 
     | reset_release_q_reg[1] | D ^ | DFFRHQX1 | 0.000 |   0.000 |    0.679 | 
     +----------------------------------------------------------------------+ 
Path 18: MET Setup Check with Pin pending_rank_q_reg[9]/CK 
Endpoint:   pending_rank_q_reg[9]/D (^) checked with  leading edge of 'clk'
Beginpoint: ack_rank_q_reg[12]/Q    (^) triggered by  leading edge of 'clk'
Path Groups: {clk}
Analysis View: setup_view
Other End Arrival Time          0.001
- Setup                         0.148
+ Phase Shift                  10.000
- Uncertainty                   0.200
= Required Time                 9.654
- Arrival Time                  2.640
= Slack Time                    7.014
     Clock Rise Edge                 0.000
     + Clock Network Latency (Prop)  -0.000
     = Beginpoint Arrival Time       -0.000
     +-------------------------------------------------------------------------------+ 
     |       Instance        |     Arc      |   Cell    | Delay | Arrival | Required | 
     |                       |              |           |       |  Time   |   Time   | 
     |-----------------------+--------------+-----------+-------+---------+----------| 
     | ack_rank_q_reg[12]    | CK ^         |           |       |  -0.000 |    7.013 | 
     | ack_rank_q_reg[12]    | CK ^ -> Q ^  | DFFQXL    | 0.171 |   0.171 |    7.184 | 
     | g7061                 | A ^ -> Y v   | INVX1     | 0.072 |   0.243 |    7.256 | 
     | g6947__9945           | A1 v -> Y ^  | AOI21X1   | 0.139 |   0.382 |    7.396 | 
     | g6920__7482           | A ^ -> Y v   | NAND4XL   | 0.260 |   0.643 |    7.656 | 
     | FE_OFC1_n_92          | A v -> Y v   | BUFX2     | 0.163 |   0.806 |    7.819 | 
     | g6912__7098           | B v -> Y ^   | NOR2X1    | 0.057 |   0.863 |    7.876 | 
     | g6908__1617           | B ^ -> Y ^   | OR2XL     | 0.091 |   0.954 |    7.967 | 
     | g6904__8428           | AN ^ -> Y ^  | NOR2BX1   | 0.103 |   1.056 |    8.070 | 
     | g6894__6417           | B1 ^ -> Y v  | OAI22X1   | 0.102 |   1.159 |    8.172 | 
     | g6888__9945           | A1N v -> Y v | OAI2BB1X2 | 0.186 |   1.345 |    8.359 | 
     | g6887                 | A v -> Y ^   | INVX1     | 0.114 |   1.459 |    8.473 | 
     | g6878__7098           | B1 ^ -> Y v  | OAI22X1   | 0.110 |   1.569 |    8.583 | 
     | g6871__3680           | A1 v -> Y ^  | AOI22X1   | 0.146 |   1.716 |    8.729 | 
     | g6869__6783           | C0 ^ -> Y v  | OAI221X1  | 0.202 |   1.917 |    8.931 | 
     | g6865__4319           | A2 v -> Y ^  | AOI32X1   | 0.177 |   2.094 |    9.108 | 
     | g6861__5477           | B ^ -> Y v   | NAND2X1   | 0.167 |   2.262 |    9.275 | 
     | g6854__9945           | A1N v -> Y v | OAI2BB1X1 | 0.227 |   2.489 |    9.502 | 
     | g6848__6260           | A1 v -> Y ^  | AOI21XL   | 0.151 |   2.640 |    9.654 | 
     | pending_rank_q_reg[9] | D ^          | DFFQXL    | 0.000 |   2.640 |    9.654 | 
     +-------------------------------------------------------------------------------+ 
Path 19: MET Setup Check with Pin pending_rank_q_reg[11]/CK 
Endpoint:   pending_rank_q_reg[11]/D (^) checked with  leading edge of 'clk'
Beginpoint: ack_rank_q_reg[12]/Q     (^) triggered by  leading edge of 'clk'
Path Groups: {clk}
Analysis View: setup_view
Other End Arrival Time          0.001
- Setup                         0.144
+ Phase Shift                  10.000
- Uncertainty                   0.200
= Required Time                 9.657
- Arrival Time                  2.637
= Slack Time                    7.020
     Clock Rise Edge                 0.000
     + Clock Network Latency (Prop)  -0.000
     = Beginpoint Arrival Time       -0.000
     +--------------------------------------------------------------------------------+ 
     |        Instance        |     Arc      |   Cell    | Delay | Arrival | Required | 
     |                        |              |           |       |  Time   |   Time   | 
     |------------------------+--------------+-----------+-------+---------+----------| 
     | ack_rank_q_reg[12]     | CK ^         |           |       |  -0.000 |    7.019 | 
     | ack_rank_q_reg[12]     | CK ^ -> Q ^  | DFFQXL    | 0.171 |   0.171 |    7.190 | 
     | g7061                  | A ^ -> Y v   | INVX1     | 0.072 |   0.243 |    7.262 | 
     | g6947__9945            | A1 v -> Y ^  | AOI21X1   | 0.139 |   0.382 |    7.402 | 
     | g6920__7482            | A ^ -> Y v   | NAND4XL   | 0.260 |   0.643 |    7.662 | 
     | FE_OFC1_n_92           | A v -> Y v   | BUFX2     | 0.163 |   0.806 |    7.825 | 
     | g6912__7098            | B v -> Y ^   | NOR2X1    | 0.057 |   0.863 |    7.882 | 
     | g6908__1617            | B ^ -> Y ^   | OR2XL     | 0.091 |   0.954 |    7.973 | 
     | g6904__8428            | AN ^ -> Y ^  | NOR2BX1   | 0.103 |   1.056 |    8.076 | 
     | g6894__6417            | B1 ^ -> Y v  | OAI22X1   | 0.102 |   1.159 |    8.178 | 
     | g6888__9945            | A1N v -> Y v | OAI2BB1X2 | 0.186 |   1.345 |    8.365 | 
     | g6887                  | A v -> Y ^   | INVX1     | 0.114 |   1.459 |    8.479 | 
     | g6878__7098            | B1 ^ -> Y v  | OAI22X1   | 0.110 |   1.569 |    8.589 | 
     | g6871__3680            | A1 v -> Y ^  | AOI22X1   | 0.146 |   1.716 |    8.735 | 
     | g6869__6783            | C0 ^ -> Y v  | OAI221X1  | 0.202 |   1.917 |    8.937 | 
     | g6865__4319            | A2 v -> Y ^  | AOI32X1   | 0.177 |   2.094 |    9.114 | 
     | g6861__5477            | B ^ -> Y v   | NAND2X1   | 0.167 |   2.262 |    9.281 | 
     | g6854__9945            | A1N v -> Y v | OAI2BB1X1 | 0.227 |   2.489 |    9.508 | 
     | g6847__5107            | A1 v -> Y ^  | AOI21XL   | 0.148 |   2.637 |    9.657 | 
     | pending_rank_q_reg[11] | D ^          | DFFQXL    | 0.000 |   2.637 |    9.657 | 
     +--------------------------------------------------------------------------------+ 
Path 20: MET Setup Check with Pin pending_rank_q_reg[13]/CK 
Endpoint:   pending_rank_q_reg[13]/D (^) checked with  leading edge of 'clk'
Beginpoint: ack_rank_q_reg[12]/Q     (^) triggered by  leading edge of 'clk'
Path Groups: {clk}
Analysis View: setup_view
Other End Arrival Time          0.001
- Setup                         0.144
+ Phase Shift                  10.000
- Uncertainty                   0.200
= Required Time                 9.657
- Arrival Time                  2.635
= Slack Time                    7.023
     Clock Rise Edge                 0.000
     + Clock Network Latency (Prop)  -0.000
     = Beginpoint Arrival Time       -0.000
     +--------------------------------------------------------------------------------+ 
     |        Instance        |     Arc      |   Cell    | Delay | Arrival | Required | 
     |                        |              |           |       |  Time   |   Time   | 
     |------------------------+--------------+-----------+-------+---------+----------| 
     | ack_rank_q_reg[12]     | CK ^         |           |       |  -0.000 |    7.022 | 
     | ack_rank_q_reg[12]     | CK ^ -> Q ^  | DFFQXL    | 0.171 |   0.171 |    7.193 | 
     | g7061                  | A ^ -> Y v   | INVX1     | 0.072 |   0.243 |    7.265 | 
     | g6947__9945            | A1 v -> Y ^  | AOI21X1   | 0.139 |   0.382 |    7.405 | 
     | g6920__7482            | A ^ -> Y v   | NAND4XL   | 0.260 |   0.643 |    7.665 | 
     | FE_OFC1_n_92           | A v -> Y v   | BUFX2     | 0.163 |   0.806 |    7.828 | 
     | g6912__7098            | B v -> Y ^   | NOR2X1    | 0.057 |   0.863 |    7.885 | 
     | g6908__1617            | B ^ -> Y ^   | OR2XL     | 0.091 |   0.954 |    7.976 | 
     | g6904__8428            | AN ^ -> Y ^  | NOR2BX1   | 0.103 |   1.056 |    8.079 | 
     | g6894__6417            | B1 ^ -> Y v  | OAI22X1   | 0.102 |   1.159 |    8.181 | 
     | g6888__9945            | A1N v -> Y v | OAI2BB1X2 | 0.186 |   1.345 |    8.368 | 
     | g6887                  | A v -> Y ^   | INVX1     | 0.114 |   1.459 |    8.482 | 
     | g6878__7098            | B1 ^ -> Y v  | OAI22X1   | 0.110 |   1.569 |    8.592 | 
     | g6871__3680            | A1 v -> Y ^  | AOI22X1   | 0.146 |   1.716 |    8.738 | 
     | g6869__6783            | C0 ^ -> Y v  | OAI221X1  | 0.202 |   1.917 |    8.940 | 
     | g6865__4319            | A2 v -> Y ^  | AOI32X1   | 0.177 |   2.094 |    9.117 | 
     | g6861__5477            | B ^ -> Y v   | NAND2X1   | 0.167 |   2.262 |    9.284 | 
     | g6854__9945            | A1N v -> Y v | OAI2BB1X1 | 0.227 |   2.489 |    9.511 | 
     | g6843__5122            | A1 v -> Y ^  | AOI21XL   | 0.146 |   2.635 |    9.657 | 
     | pending_rank_q_reg[13] | D ^          | DFFQXL    | 0.000 |   2.635 |    9.657 | 
     +--------------------------------------------------------------------------------+ 
Path 21: MET Setup Check with Pin pending_rank_q_reg[0]/CK 
Endpoint:   pending_rank_q_reg[0]/D (v) checked with  leading edge of 'clk'
Beginpoint: ack_rank_q_reg[12]/Q    (^) triggered by  leading edge of 'clk'
Path Groups: {clk}
Analysis View: setup_view
Other End Arrival Time          0.001
- Setup                         0.115
+ Phase Shift                  10.000
- Uncertainty                   0.200
= Required Time                 9.686
- Arrival Time                  2.663
= Slack Time                    7.023
     Clock Rise Edge                 0.000
     + Clock Network Latency (Prop)  -0.000
     = Beginpoint Arrival Time       -0.000
     +-------------------------------------------------------------------------------+ 
     |       Instance        |     Arc      |   Cell    | Delay | Arrival | Required | 
     |                       |              |           |       |  Time   |   Time   | 
     |-----------------------+--------------+-----------+-------+---------+----------| 
     | ack_rank_q_reg[12]    | CK ^         |           |       |  -0.000 |    7.023 | 
     | ack_rank_q_reg[12]    | CK ^ -> Q ^  | DFFQXL    | 0.171 |   0.171 |    7.194 | 
     | g7061                 | A ^ -> Y v   | INVX1     | 0.072 |   0.243 |    7.266 | 
     | g6947__9945           | A1 v -> Y ^  | AOI21X1   | 0.139 |   0.382 |    7.405 | 
     | g6920__7482           | A ^ -> Y v   | NAND4XL   | 0.260 |   0.643 |    7.666 | 
     | FE_OFC1_n_92          | A v -> Y v   | BUFX2     | 0.163 |   0.806 |    7.829 | 
     | g6912__7098           | B v -> Y ^   | NOR2X1    | 0.057 |   0.863 |    7.886 | 
     | g6908__1617           | B ^ -> Y ^   | OR2XL     | 0.091 |   0.954 |    7.977 | 
     | g6904__8428           | AN ^ -> Y ^  | NOR2BX1   | 0.103 |   1.056 |    8.079 | 
     | g6894__6417           | B1 ^ -> Y v  | OAI22X1   | 0.102 |   1.159 |    8.182 | 
     | g6888__9945           | A1N v -> Y v | OAI2BB1X2 | 0.186 |   1.345 |    8.368 | 
     | g6887                 | A v -> Y ^   | INVX1     | 0.114 |   1.459 |    8.482 | 
     | g6878__7098           | B1 ^ -> Y v  | OAI22X1   | 0.110 |   1.569 |    8.592 | 
     | g6871__3680           | A1 v -> Y ^  | AOI22X1   | 0.146 |   1.716 |    8.739 | 
     | g6869__6783           | C0 ^ -> Y v  | OAI221X1  | 0.202 |   1.917 |    8.940 | 
     | g6865__4319           | A2 v -> Y ^  | AOI32X1   | 0.177 |   2.094 |    9.117 | 
     | g6861__5477           | B ^ -> Y v   | NAND2X1   | 0.167 |   2.262 |    9.285 | 
     | g6850__7482           | A1 v -> Y ^  | OAI21X1   | 0.216 |   2.478 |    9.501 | 
     | g6834__6131           | A1 ^ -> Y v  | AOI21XL   | 0.185 |   2.663 |    9.686 | 
     | pending_rank_q_reg[0] | D v          | DFFQXL    | 0.000 |   2.663 |    9.686 | 
     +-------------------------------------------------------------------------------+ 
Path 22: MET Setup Check with Pin pending_rank_q_reg[15]/CK 
Endpoint:   pending_rank_q_reg[15]/D (^) checked with  leading edge of 'clk'
Beginpoint: ack_rank_q_reg[12]/Q     (^) triggered by  leading edge of 'clk'
Path Groups: {clk}
Analysis View: setup_view
Other End Arrival Time          0.001
- Setup                         0.140
+ Phase Shift                  10.000
- Uncertainty                   0.200
= Required Time                 9.660
- Arrival Time                  2.633
= Slack Time                    7.027
     Clock Rise Edge                 0.000
     + Clock Network Latency (Prop)  -0.000
     = Beginpoint Arrival Time       -0.000
     +--------------------------------------------------------------------------------+ 
     |        Instance        |     Arc      |   Cell    | Delay | Arrival | Required | 
     |                        |              |           |       |  Time   |   Time   | 
     |------------------------+--------------+-----------+-------+---------+----------| 
     | ack_rank_q_reg[12]     | CK ^         |           |       |  -0.000 |    7.027 | 
     | ack_rank_q_reg[12]     | CK ^ -> Q ^  | DFFQXL    | 0.171 |   0.171 |    7.198 | 
     | g7061                  | A ^ -> Y v   | INVX1     | 0.072 |   0.243 |    7.270 | 
     | g6947__9945            | A1 v -> Y ^  | AOI21X1   | 0.139 |   0.382 |    7.409 | 
     | g6920__7482            | A ^ -> Y v   | NAND4XL   | 0.260 |   0.643 |    7.670 | 
     | FE_OFC1_n_92           | A v -> Y v   | BUFX2     | 0.163 |   0.806 |    7.833 | 
     | g6912__7098            | B v -> Y ^   | NOR2X1    | 0.057 |   0.863 |    7.890 | 
     | g6908__1617            | B ^ -> Y ^   | OR2XL     | 0.091 |   0.954 |    7.981 | 
     | g6904__8428            | AN ^ -> Y ^  | NOR2BX1   | 0.103 |   1.056 |    8.084 | 
     | g6894__6417            | B1 ^ -> Y v  | OAI22X1   | 0.102 |   1.159 |    8.186 | 
     | g6888__9945            | A1N v -> Y v | OAI2BB1X2 | 0.186 |   1.345 |    8.372 | 
     | g6887                  | A v -> Y ^   | INVX1     | 0.114 |   1.459 |    8.487 | 
     | g6878__7098            | B1 ^ -> Y v  | OAI22X1   | 0.110 |   1.569 |    8.597 | 
     | g6871__3680            | A1 v -> Y ^  | AOI22X1   | 0.146 |   1.716 |    8.743 | 
     | g6869__6783            | C0 ^ -> Y v  | OAI221X1  | 0.202 |   1.917 |    8.944 | 
     | g6865__4319            | A2 v -> Y ^  | AOI32X1   | 0.177 |   2.094 |    9.122 | 
     | g6861__5477            | B ^ -> Y v   | NAND2X1   | 0.167 |   2.262 |    9.289 | 
     | g6854__9945            | A1N v -> Y v | OAI2BB1X1 | 0.227 |   2.489 |    9.516 | 
     | g6840__8246            | A1 v -> Y ^  | AOI21XL   | 0.144 |   2.633 |    9.660 | 
     | pending_rank_q_reg[15] | D ^          | DFFQXL    | 0.000 |   2.633 |    9.660 | 
     +--------------------------------------------------------------------------------+ 
Path 23: MET Setup Check with Pin pending_rank_q_reg[3]/CK 
Endpoint:   pending_rank_q_reg[3]/D (^) checked with  leading edge of 'clk'
Beginpoint: ack_rank_q_reg[12]/Q    (^) triggered by  leading edge of 'clk'
Path Groups: {clk}
Analysis View: setup_view
Other End Arrival Time          0.001
- Setup                         0.152
+ Phase Shift                  10.000
- Uncertainty                   0.200
= Required Time                 9.649
- Arrival Time                  2.620
= Slack Time                    7.029
     Clock Rise Edge                 0.000
     + Clock Network Latency (Prop)  -0.000
     = Beginpoint Arrival Time       -0.000
     +-------------------------------------------------------------------------------+ 
     |       Instance        |     Arc      |   Cell    | Delay | Arrival | Required | 
     |                       |              |           |       |  Time   |   Time   | 
     |-----------------------+--------------+-----------+-------+---------+----------| 
     | ack_rank_q_reg[12]    | CK ^         |           |       |  -0.000 |    7.029 | 
     | ack_rank_q_reg[12]    | CK ^ -> Q ^  | DFFQXL    | 0.171 |   0.171 |    7.199 | 
     | g7061                 | A ^ -> Y v   | INVX1     | 0.072 |   0.243 |    7.272 | 
     | g6947__9945           | A1 v -> Y ^  | AOI21X1   | 0.139 |   0.382 |    7.411 | 
     | g6920__7482           | A ^ -> Y v   | NAND4XL   | 0.260 |   0.643 |    7.671 | 
     | FE_OFC1_n_92          | A v -> Y v   | BUFX2     | 0.163 |   0.806 |    7.834 | 
     | g6912__7098           | B v -> Y ^   | NOR2X1    | 0.057 |   0.863 |    7.892 | 
     | g6908__1617           | B ^ -> Y ^   | OR2XL     | 0.091 |   0.954 |    7.983 | 
     | g6904__8428           | AN ^ -> Y ^  | NOR2BX1   | 0.103 |   1.056 |    8.085 | 
     | g6894__6417           | B1 ^ -> Y v  | OAI22X1   | 0.102 |   1.159 |    8.188 | 
     | g6888__9945           | A1N v -> Y v | OAI2BB1X2 | 0.186 |   1.345 |    8.374 | 
     | g6887                 | A v -> Y ^   | INVX1     | 0.114 |   1.459 |    8.488 | 
     | g6878__7098           | B1 ^ -> Y v  | OAI22X1   | 0.110 |   1.569 |    8.598 | 
     | g6871__3680           | A1 v -> Y ^  | AOI22X1   | 0.146 |   1.716 |    8.744 | 
     | g6869__6783           | C0 ^ -> Y v  | OAI221X1  | 0.202 |   1.917 |    8.946 | 
     | g6865__4319           | A2 v -> Y ^  | AOI32X1   | 0.177 |   2.094 |    9.123 | 
     | g6861__5477           | B ^ -> Y v   | NAND2X1   | 0.167 |   2.262 |    9.290 | 
     | g6855__9315           | A1N v -> Y v | OAI2BB1X1 | 0.214 |   2.476 |    9.504 | 
     | g6845__1881           | A1 v -> Y ^  | AOI21XL   | 0.145 |   2.620 |    9.649 | 
     | pending_rank_q_reg[3] | D ^          | DFFQXL    | 0.000 |   2.620 |    9.649 | 
     +-------------------------------------------------------------------------------+ 
Path 24: MET Setup Check with Pin pending_rank_q_reg[12]/CK 
Endpoint:   pending_rank_q_reg[12]/D (v) checked with  leading edge of 'clk'
Beginpoint: ack_rank_q_reg[12]/Q     (^) triggered by  leading edge of 'clk'
Path Groups: {clk}
Analysis View: setup_view
Other End Arrival Time          0.001
- Setup                         0.110
+ Phase Shift                  10.000
- Uncertainty                   0.200
= Required Time                 9.691
- Arrival Time                  2.659
= Slack Time                    7.033
     Clock Rise Edge                 0.000
     + Clock Network Latency (Prop)  -0.000
     = Beginpoint Arrival Time       -0.000
     +--------------------------------------------------------------------------------+ 
     |        Instance        |     Arc      |   Cell    | Delay | Arrival | Required | 
     |                        |              |           |       |  Time   |   Time   | 
     |------------------------+--------------+-----------+-------+---------+----------| 
     | ack_rank_q_reg[12]     | CK ^         |           |       |  -0.000 |    7.033 | 
     | ack_rank_q_reg[12]     | CK ^ -> Q ^  | DFFQXL    | 0.171 |   0.171 |    7.203 | 
     | g7061                  | A ^ -> Y v   | INVX1     | 0.072 |   0.243 |    7.276 | 
     | g6947__9945            | A1 v -> Y ^  | AOI21X1   | 0.139 |   0.382 |    7.415 | 
     | g6920__7482            | A ^ -> Y v   | NAND4XL   | 0.260 |   0.643 |    7.675 | 
     | FE_OFC1_n_92           | A v -> Y v   | BUFX2     | 0.163 |   0.806 |    7.838 | 
     | g6912__7098            | B v -> Y ^   | NOR2X1    | 0.057 |   0.863 |    7.896 | 
     | g6908__1617            | B ^ -> Y ^   | OR2XL     | 0.091 |   0.954 |    7.987 | 
     | g6904__8428            | AN ^ -> Y ^  | NOR2BX1   | 0.103 |   1.056 |    8.089 | 
     | g6894__6417            | B1 ^ -> Y v  | OAI22X1   | 0.102 |   1.159 |    8.192 | 
     | g6888__9945            | A1N v -> Y v | OAI2BB1X2 | 0.186 |   1.345 |    8.378 | 
     | g6887                  | A v -> Y ^   | INVX1     | 0.114 |   1.459 |    8.492 | 
     | g6878__7098            | B1 ^ -> Y v  | OAI22X1   | 0.110 |   1.569 |    8.602 | 
     | g6871__3680            | A1 v -> Y ^  | AOI22X1   | 0.146 |   1.716 |    8.748 | 
     | g6869__6783            | C0 ^ -> Y v  | OAI221X1  | 0.202 |   1.917 |    8.950 | 
     | g6865__4319            | A2 v -> Y ^  | AOI32X1   | 0.177 |   2.094 |    9.127 | 
     | g6861__5477            | B ^ -> Y v   | NAND2X1   | 0.167 |   2.262 |    9.294 | 
     | g6851__4733            | A1 v -> Y ^  | OAI21X1   | 0.215 |   2.477 |    9.510 | 
     | g6842__1705            | A1 ^ -> Y v  | AOI21XL   | 0.182 |   2.659 |    9.691 | 
     | pending_rank_q_reg[12] | D v          | DFFQXL    | 0.000 |   2.659 |    9.691 | 
     +--------------------------------------------------------------------------------+ 
Path 25: MET Setup Check with Pin pending_rank_q_reg[2]/CK 
Endpoint:   pending_rank_q_reg[2]/D (v) checked with  leading edge of 'clk'
Beginpoint: ack_rank_q_reg[12]/Q    (^) triggered by  leading edge of 'clk'
Path Groups: {clk}
Analysis View: setup_view
Other End Arrival Time          0.001
- Setup                         0.124
+ Phase Shift                  10.000
- Uncertainty                   0.200
= Required Time                 9.677
- Arrival Time                  2.639
= Slack Time                    7.039
     Clock Rise Edge                 0.000
     + Clock Network Latency (Prop)  -0.000
     = Beginpoint Arrival Time       -0.000
     +-------------------------------------------------------------------------------+ 
     |       Instance        |     Arc      |   Cell    | Delay | Arrival | Required | 
     |                       |              |           |       |  Time   |   Time   | 
     |-----------------------+--------------+-----------+-------+---------+----------| 
     | ack_rank_q_reg[12]    | CK ^         |           |       |  -0.000 |    7.038 | 
     | ack_rank_q_reg[12]    | CK ^ -> Q ^  | DFFQXL    | 0.171 |   0.171 |    7.209 | 
     | g7061                 | A ^ -> Y v   | INVX1     | 0.072 |   0.243 |    7.281 | 
     | g6947__9945           | A1 v -> Y ^  | AOI21X1   | 0.139 |   0.382 |    7.421 | 
     | g6920__7482           | A ^ -> Y v   | NAND4XL   | 0.260 |   0.643 |    7.681 | 
     | FE_OFC1_n_92          | A v -> Y v   | BUFX2     | 0.163 |   0.806 |    7.844 | 
     | g6912__7098           | B v -> Y ^   | NOR2X1    | 0.057 |   0.863 |    7.901 | 
     | g6908__1617           | B ^ -> Y ^   | OR2XL     | 0.091 |   0.954 |    7.992 | 
     | g6904__8428           | AN ^ -> Y ^  | NOR2BX1   | 0.103 |   1.056 |    8.095 | 
     | g6894__6417           | B1 ^ -> Y v  | OAI22X1   | 0.102 |   1.159 |    8.197 | 
     | g6888__9945           | A1N v -> Y v | OAI2BB1X2 | 0.186 |   1.345 |    8.384 | 
     | g6887                 | A v -> Y ^   | INVX1     | 0.114 |   1.459 |    8.498 | 
     | g6878__7098           | B1 ^ -> Y v  | OAI22X1   | 0.110 |   1.569 |    8.608 | 
     | g6871__3680           | A1 v -> Y ^  | AOI22X1   | 0.146 |   1.716 |    8.754 | 
     | g6869__6783           | C0 ^ -> Y v  | OAI221X1  | 0.202 |   1.917 |    8.956 | 
     | g6865__4319           | A2 v -> Y ^  | AOI32X1   | 0.177 |   2.094 |    9.133 | 
     | g6861__5477           | B ^ -> Y v   | NAND2X1   | 0.167 |   2.262 |    9.300 | 
     | g6850__7482           | A1 v -> Y ^  | OAI21X1   | 0.216 |   2.478 |    9.516 | 
     | g6833__3680           | A1 ^ -> Y v  | AOI21XL   | 0.161 |   2.639 |    9.677 | 
     | pending_rank_q_reg[2] | D v          | DFFQXL    | 0.000 |   2.639 |    9.677 | 
     +-------------------------------------------------------------------------------+ 
Path 26: MET Setup Check with Pin pending_rank_q_reg[8]/CK 
Endpoint:   pending_rank_q_reg[8]/D (v) checked with  leading edge of 'clk'
Beginpoint: ack_rank_q_reg[12]/Q    (^) triggered by  leading edge of 'clk'
Path Groups: {clk}
Analysis View: setup_view
Other End Arrival Time          0.001
- Setup                         0.122
+ Phase Shift                  10.000
- Uncertainty                   0.200
= Required Time                 9.679
- Arrival Time                  2.640
= Slack Time                    7.040
     Clock Rise Edge                 0.000
     + Clock Network Latency (Prop)  -0.000
     = Beginpoint Arrival Time       -0.000
     +-------------------------------------------------------------------------------+ 
     |       Instance        |     Arc      |   Cell    | Delay | Arrival | Required | 
     |                       |              |           |       |  Time   |   Time   | 
     |-----------------------+--------------+-----------+-------+---------+----------| 
     | ack_rank_q_reg[12]    | CK ^         |           |       |  -0.000 |    7.039 | 
     | ack_rank_q_reg[12]    | CK ^ -> Q ^  | DFFQXL    | 0.171 |   0.171 |    7.210 | 
     | g7061                 | A ^ -> Y v   | INVX1     | 0.072 |   0.243 |    7.282 | 
     | g6947__9945           | A1 v -> Y ^  | AOI21X1   | 0.139 |   0.382 |    7.422 | 
     | g6920__7482           | A ^ -> Y v   | NAND4XL   | 0.260 |   0.643 |    7.682 | 
     | FE_OFC1_n_92          | A v -> Y v   | BUFX2     | 0.163 |   0.806 |    7.845 | 
     | g6912__7098           | B v -> Y ^   | NOR2X1    | 0.057 |   0.863 |    7.902 | 
     | g6908__1617           | B ^ -> Y ^   | OR2XL     | 0.091 |   0.954 |    7.993 | 
     | g6904__8428           | AN ^ -> Y ^  | NOR2BX1   | 0.103 |   1.056 |    8.096 | 
     | g6894__6417           | B1 ^ -> Y v  | OAI22X1   | 0.102 |   1.159 |    8.198 | 
     | g6888__9945           | A1N v -> Y v | OAI2BB1X2 | 0.186 |   1.345 |    8.385 | 
     | g6887                 | A v -> Y ^   | INVX1     | 0.114 |   1.459 |    8.499 | 
     | g6878__7098           | B1 ^ -> Y v  | OAI22X1   | 0.110 |   1.569 |    8.609 | 
     | g6871__3680           | A1 v -> Y ^  | AOI22X1   | 0.146 |   1.716 |    8.755 | 
     | g6869__6783           | C0 ^ -> Y v  | OAI221X1  | 0.202 |   1.917 |    8.957 | 
     | g6865__4319           | A2 v -> Y ^  | AOI32X1   | 0.177 |   2.094 |    9.134 | 
     | g6861__5477           | B ^ -> Y v   | NAND2X1   | 0.167 |   2.262 |    9.301 | 
     | g6851__4733           | A1 v -> Y ^  | OAI21X1   | 0.215 |   2.477 |    9.516 | 
     | g6836__4319           | A1 ^ -> Y v  | AOI21XL   | 0.163 |   2.640 |    9.679 | 
     | pending_rank_q_reg[8] | D v          | DFFQXL    | 0.000 |   2.640 |    9.679 | 
     +-------------------------------------------------------------------------------+ 
Path 27: MET Setup Check with Pin pending_rank_q_reg[14]/CK 
Endpoint:   pending_rank_q_reg[14]/D (v) checked with  leading edge of 'clk'
Beginpoint: ack_rank_q_reg[12]/Q     (^) triggered by  leading edge of 'clk'
Path Groups: {clk}
Analysis View: setup_view
Other End Arrival Time          0.001
- Setup                         0.105
+ Phase Shift                  10.000
- Uncertainty                   0.200
= Required Time                 9.696
- Arrival Time                  2.653
= Slack Time                    7.043
     Clock Rise Edge                 0.000
     + Clock Network Latency (Prop)  -0.000
     = Beginpoint Arrival Time       -0.000
     +--------------------------------------------------------------------------------+ 
     |        Instance        |     Arc      |   Cell    | Delay | Arrival | Required | 
     |                        |              |           |       |  Time   |   Time   | 
     |------------------------+--------------+-----------+-------+---------+----------| 
     | ack_rank_q_reg[12]     | CK ^         |           |       |  -0.000 |    7.043 | 
     | ack_rank_q_reg[12]     | CK ^ -> Q ^  | DFFQXL    | 0.171 |   0.171 |    7.214 | 
     | g7061                  | A ^ -> Y v   | INVX1     | 0.072 |   0.243 |    7.286 | 
     | g6947__9945            | A1 v -> Y ^  | AOI21X1   | 0.139 |   0.382 |    7.425 | 
     | g6920__7482            | A ^ -> Y v   | NAND4XL   | 0.260 |   0.643 |    7.686 | 
     | FE_OFC1_n_92           | A v -> Y v   | BUFX2     | 0.163 |   0.806 |    7.849 | 
     | g6912__7098            | B v -> Y ^   | NOR2X1    | 0.057 |   0.863 |    7.906 | 
     | g6908__1617            | B ^ -> Y ^   | OR2XL     | 0.091 |   0.954 |    7.997 | 
     | g6904__8428            | AN ^ -> Y ^  | NOR2BX1   | 0.103 |   1.056 |    8.099 | 
     | g6894__6417            | B1 ^ -> Y v  | OAI22X1   | 0.102 |   1.159 |    8.202 | 
     | g6888__9945            | A1N v -> Y v | OAI2BB1X2 | 0.186 |   1.345 |    8.388 | 
     | g6887                  | A v -> Y ^   | INVX1     | 0.114 |   1.459 |    8.502 | 
     | g6878__7098            | B1 ^ -> Y v  | OAI22X1   | 0.110 |   1.569 |    8.613 | 
     | g6871__3680            | A1 v -> Y ^  | AOI22X1   | 0.146 |   1.716 |    8.759 | 
     | g6869__6783            | C0 ^ -> Y v  | OAI221X1  | 0.202 |   1.917 |    8.960 | 
     | g6865__4319            | A2 v -> Y ^  | AOI32X1   | 0.177 |   2.094 |    9.138 | 
     | g6861__5477            | B ^ -> Y v   | NAND2X1   | 0.167 |   2.262 |    9.305 | 
     | g6851__4733            | A1 v -> Y ^  | OAI21X1   | 0.215 |   2.477 |    9.520 | 
     | g6844__7098            | A1 ^ -> Y v  | AOI21XL   | 0.176 |   2.653 |    9.696 | 
     | pending_rank_q_reg[14] | D v          | DFFQXL    | 0.000 |   2.653 |    9.696 | 
     +--------------------------------------------------------------------------------+ 
Path 28: MET Setup Check with Pin pending_rank_q_reg[10]/CK 
Endpoint:   pending_rank_q_reg[10]/D (v) checked with  leading edge of 'clk'
Beginpoint: ack_rank_q_reg[12]/Q     (^) triggered by  leading edge of 'clk'
Path Groups: {clk}
Analysis View: setup_view
Other End Arrival Time          0.001
- Setup                         0.104
+ Phase Shift                  10.000
- Uncertainty                   0.200
= Required Time                 9.697
- Arrival Time                  2.652
= Slack Time                    7.045
     Clock Rise Edge                 0.000
     + Clock Network Latency (Prop)  -0.000
     = Beginpoint Arrival Time       -0.000
     +--------------------------------------------------------------------------------+ 
     |        Instance        |     Arc      |   Cell    | Delay | Arrival | Required | 
     |                        |              |           |       |  Time   |   Time   | 
     |------------------------+--------------+-----------+-------+---------+----------| 
     | ack_rank_q_reg[12]     | CK ^         |           |       |  -0.000 |    7.045 | 
     | ack_rank_q_reg[12]     | CK ^ -> Q ^  | DFFQXL    | 0.171 |   0.171 |    7.216 | 
     | g7061                  | A ^ -> Y v   | INVX1     | 0.072 |   0.243 |    7.288 | 
     | g6947__9945            | A1 v -> Y ^  | AOI21X1   | 0.139 |   0.382 |    7.427 | 
     | g6920__7482            | A ^ -> Y v   | NAND4XL   | 0.260 |   0.643 |    7.688 | 
     | FE_OFC1_n_92           | A v -> Y v   | BUFX2     | 0.163 |   0.806 |    7.851 | 
     | g6912__7098            | B v -> Y ^   | NOR2X1    | 0.057 |   0.863 |    7.908 | 
     | g6908__1617            | B ^ -> Y ^   | OR2XL     | 0.091 |   0.954 |    7.999 | 
     | g6904__8428            | AN ^ -> Y ^  | NOR2BX1   | 0.103 |   1.056 |    8.102 | 
     | g6894__6417            | B1 ^ -> Y v  | OAI22X1   | 0.102 |   1.159 |    8.204 | 
     | g6888__9945            | A1N v -> Y v | OAI2BB1X2 | 0.186 |   1.345 |    8.390 | 
     | g6887                  | A v -> Y ^   | INVX1     | 0.114 |   1.459 |    8.505 | 
     | g6878__7098            | B1 ^ -> Y v  | OAI22X1   | 0.110 |   1.569 |    8.615 | 
     | g6871__3680            | A1 v -> Y ^  | AOI22X1   | 0.146 |   1.716 |    8.761 | 
     | g6869__6783            | C0 ^ -> Y v  | OAI221X1  | 0.202 |   1.917 |    8.962 | 
     | g6865__4319            | A2 v -> Y ^  | AOI32X1   | 0.177 |   2.094 |    9.140 | 
     | g6861__5477            | B ^ -> Y v   | NAND2X1   | 0.167 |   2.262 |    9.307 | 
     | g6851__4733            | A1 v -> Y ^  | OAI21X1   | 0.215 |   2.477 |    9.522 | 
     | g6841__2802            | A1 ^ -> Y v  | AOI21XL   | 0.175 |   2.652 |    9.697 | 
     | pending_rank_q_reg[10] | D v          | DFFQXL    | 0.000 |   2.652 |    9.697 | 
     +--------------------------------------------------------------------------------+ 
Path 29: MET Setup Check with Pin pending_rank_q_reg[4]/CK 
Endpoint:   pending_rank_q_reg[4]/D (v) checked with  leading edge of 'clk'
Beginpoint: ack_rank_q_reg[12]/Q    (^) triggered by  leading edge of 'clk'
Path Groups: {clk}
Analysis View: setup_view
Other End Arrival Time          0.001
- Setup                         0.105
+ Phase Shift                  10.000
- Uncertainty                   0.200
= Required Time                 9.696
- Arrival Time                  2.651
= Slack Time                    7.045
     Clock Rise Edge                 0.000
     + Clock Network Latency (Prop)  -0.000
     = Beginpoint Arrival Time       -0.000
     +-------------------------------------------------------------------------------+ 
     |       Instance        |     Arc      |   Cell    | Delay | Arrival | Required | 
     |                       |              |           |       |  Time   |   Time   | 
     |-----------------------+--------------+-----------+-------+---------+----------| 
     | ack_rank_q_reg[12]    | CK ^         |           |       |  -0.000 |    7.045 | 
     | ack_rank_q_reg[12]    | CK ^ -> Q ^  | DFFQXL    | 0.171 |   0.171 |    7.216 | 
     | g7061                 | A ^ -> Y v   | INVX1     | 0.072 |   0.243 |    7.288 | 
     | g6947__9945           | A1 v -> Y ^  | AOI21X1   | 0.139 |   0.382 |    7.427 | 
     | g6920__7482           | A ^ -> Y v   | NAND4XL   | 0.260 |   0.643 |    7.688 | 
     | FE_OFC1_n_92          | A v -> Y v   | BUFX2     | 0.163 |   0.806 |    7.851 | 
     | g6912__7098           | B v -> Y ^   | NOR2X1    | 0.057 |   0.863 |    7.908 | 
     | g6908__1617           | B ^ -> Y ^   | OR2XL     | 0.091 |   0.954 |    7.999 | 
     | g6904__8428           | AN ^ -> Y ^  | NOR2BX1   | 0.103 |   1.056 |    8.102 | 
     | g6894__6417           | B1 ^ -> Y v  | OAI22X1   | 0.102 |   1.159 |    8.204 | 
     | g6888__9945           | A1N v -> Y v | OAI2BB1X2 | 0.186 |   1.345 |    8.390 | 
     | g6887                 | A v -> Y ^   | INVX1     | 0.114 |   1.459 |    8.505 | 
     | g6878__7098           | B1 ^ -> Y v  | OAI22X1   | 0.110 |   1.569 |    8.615 | 
     | g6871__3680           | A1 v -> Y ^  | AOI22X1   | 0.146 |   1.716 |    8.761 | 
     | g6869__6783           | C0 ^ -> Y v  | OAI221X1  | 0.202 |   1.917 |    8.962 | 
     | g6865__4319           | A2 v -> Y ^  | AOI32X1   | 0.177 |   2.094 |    9.140 | 
     | g6861__5477           | B ^ -> Y v   | NAND2X1   | 0.167 |   2.262 |    9.307 | 
     | g6850__7482           | A1 v -> Y ^  | OAI21X1   | 0.216 |   2.478 |    9.523 | 
     | g6832__1617           | A1 ^ -> Y v  | AOI21XL   | 0.173 |   2.651 |    9.696 | 
     | pending_rank_q_reg[4] | D v          | DFFQXL    | 0.000 |   2.651 |    9.696 | 
     +-------------------------------------------------------------------------------+ 
Path 30: MET Setup Check with Pin pending_rank_q_reg[1]/CK 
Endpoint:   pending_rank_q_reg[1]/D (^) checked with  leading edge of 'clk'
Beginpoint: ack_rank_q_reg[12]/Q    (^) triggered by  leading edge of 'clk'
Path Groups: {clk}
Analysis View: setup_view
Other End Arrival Time          0.001
- Setup                         0.145
+ Phase Shift                  10.000
- Uncertainty                   0.200
= Required Time                 9.656
- Arrival Time                  2.610
= Slack Time                    7.047
     Clock Rise Edge                 0.000
     + Clock Network Latency (Prop)  -0.000
     = Beginpoint Arrival Time       -0.000
     +-------------------------------------------------------------------------------+ 
     |       Instance        |     Arc      |   Cell    | Delay | Arrival | Required | 
     |                       |              |           |       |  Time   |   Time   | 
     |-----------------------+--------------+-----------+-------+---------+----------| 
     | ack_rank_q_reg[12]    | CK ^         |           |       |  -0.000 |    7.046 | 
     | ack_rank_q_reg[12]    | CK ^ -> Q ^  | DFFQXL    | 0.171 |   0.171 |    7.217 | 
     | g7061                 | A ^ -> Y v   | INVX1     | 0.072 |   0.243 |    7.289 | 
     | g6947__9945           | A1 v -> Y ^  | AOI21X1   | 0.139 |   0.382 |    7.429 | 
     | g6920__7482           | A ^ -> Y v   | NAND4XL   | 0.260 |   0.643 |    7.689 | 
     | FE_OFC1_n_92          | A v -> Y v   | BUFX2     | 0.163 |   0.806 |    7.852 | 
     | g6912__7098           | B v -> Y ^   | NOR2X1    | 0.057 |   0.863 |    7.909 | 
     | g6908__1617           | B ^ -> Y ^   | OR2XL     | 0.091 |   0.954 |    8.000 | 
     | g6904__8428           | AN ^ -> Y ^  | NOR2BX1   | 0.103 |   1.056 |    8.103 | 
     | g6894__6417           | B1 ^ -> Y v  | OAI22X1   | 0.102 |   1.159 |    8.205 | 
     | g6888__9945           | A1N v -> Y v | OAI2BB1X2 | 0.186 |   1.345 |    8.392 | 
     | g6887                 | A v -> Y ^   | INVX1     | 0.114 |   1.459 |    8.506 | 
     | g6878__7098           | B1 ^ -> Y v  | OAI22X1   | 0.110 |   1.569 |    8.616 | 
     | g6871__3680           | A1 v -> Y ^  | AOI22X1   | 0.146 |   1.716 |    8.762 | 
     | g6869__6783           | C0 ^ -> Y v  | OAI221X1  | 0.202 |   1.917 |    8.964 | 
     | g6865__4319           | A2 v -> Y ^  | AOI32X1   | 0.177 |   2.094 |    9.141 | 
     | g6861__5477           | B ^ -> Y v   | NAND2X1   | 0.167 |   2.262 |    9.308 | 
     | g6855__9315           | A1N v -> Y v | OAI2BB1X1 | 0.214 |   2.476 |    9.522 | 
     | g6835__2398           | A1 v -> Y ^  | AOI21XL   | 0.134 |   2.610 |    9.656 | 
     | pending_rank_q_reg[1] | D ^          | DFFQXL    | 0.000 |   2.610 |    9.656 | 
     +-------------------------------------------------------------------------------+ 
Path 31: MET Setup Check with Pin pending_rank_q_reg[7]/CK 
Endpoint:   pending_rank_q_reg[7]/D (^) checked with  leading edge of 'clk'
Beginpoint: ack_rank_q_reg[12]/Q    (^) triggered by  leading edge of 'clk'
Path Groups: {clk}
Analysis View: setup_view
Other End Arrival Time          0.001
- Setup                         0.143
+ Phase Shift                  10.000
- Uncertainty                   0.200
= Required Time                 9.658
- Arrival Time                  2.611
= Slack Time                    7.047
     Clock Rise Edge                 0.000
     + Clock Network Latency (Prop)  -0.000
     = Beginpoint Arrival Time       -0.000
     +-------------------------------------------------------------------------------+ 
     |       Instance        |     Arc      |   Cell    | Delay | Arrival | Required | 
     |                       |              |           |       |  Time   |   Time   | 
     |-----------------------+--------------+-----------+-------+---------+----------| 
     | ack_rank_q_reg[12]    | CK ^         |           |       |  -0.000 |    7.047 | 
     | ack_rank_q_reg[12]    | CK ^ -> Q ^  | DFFQXL    | 0.171 |   0.171 |    7.218 | 
     | g7061                 | A ^ -> Y v   | INVX1     | 0.072 |   0.243 |    7.290 | 
     | g6947__9945           | A1 v -> Y ^  | AOI21X1   | 0.139 |   0.382 |    7.429 | 
     | g6920__7482           | A ^ -> Y v   | NAND4XL   | 0.260 |   0.643 |    7.690 | 
     | FE_OFC1_n_92          | A v -> Y v   | BUFX2     | 0.163 |   0.806 |    7.853 | 
     | g6912__7098           | B v -> Y ^   | NOR2X1    | 0.057 |   0.863 |    7.910 | 
     | g6908__1617           | B ^ -> Y ^   | OR2XL     | 0.091 |   0.954 |    8.001 | 
     | g6904__8428           | AN ^ -> Y ^  | NOR2BX1   | 0.103 |   1.056 |    8.103 | 
     | g6894__6417           | B1 ^ -> Y v  | OAI22X1   | 0.102 |   1.159 |    8.206 | 
     | g6888__9945           | A1N v -> Y v | OAI2BB1X2 | 0.186 |   1.345 |    8.392 | 
     | g6887                 | A v -> Y ^   | INVX1     | 0.114 |   1.459 |    8.506 | 
     | g6878__7098           | B1 ^ -> Y v  | OAI22X1   | 0.110 |   1.569 |    8.617 | 
     | g6871__3680           | A1 v -> Y ^  | AOI22X1   | 0.146 |   1.716 |    8.763 | 
     | g6869__6783           | C0 ^ -> Y v  | OAI221X1  | 0.202 |   1.917 |    8.964 | 
     | g6865__4319           | A2 v -> Y ^  | AOI32X1   | 0.177 |   2.094 |    9.142 | 
     | g6861__5477           | B ^ -> Y v   | NAND2X1   | 0.167 |   2.262 |    9.309 | 
     | g6855__9315           | A1N v -> Y v | OAI2BB1X1 | 0.214 |   2.476 |    9.523 | 
     | g6846__8428           | A1 v -> Y ^  | AOI21XL   | 0.135 |   2.611 |    9.658 | 
     | pending_rank_q_reg[7] | D ^          | DFFQXL    | 0.000 |   2.611 |    9.658 | 
     +-------------------------------------------------------------------------------+ 
Path 32: MET Setup Check with Pin pending_rank_q_reg[6]/CK 
Endpoint:   pending_rank_q_reg[6]/D (v) checked with  leading edge of 'clk'
Beginpoint: ack_rank_q_reg[12]/Q    (^) triggered by  leading edge of 'clk'
Path Groups: {clk}
Analysis View: setup_view
Other End Arrival Time          0.001
- Setup                         0.102
+ Phase Shift                  10.000
- Uncertainty                   0.200
= Required Time                 9.699
- Arrival Time                  2.647
= Slack Time                    7.052
     Clock Rise Edge                 0.000
     + Clock Network Latency (Prop)  -0.000
     = Beginpoint Arrival Time       -0.000
     +-------------------------------------------------------------------------------+ 
     |       Instance        |     Arc      |   Cell    | Delay | Arrival | Required | 
     |                       |              |           |       |  Time   |   Time   | 
     |-----------------------+--------------+-----------+-------+---------+----------| 
     | ack_rank_q_reg[12]    | CK ^         |           |       |  -0.000 |    7.051 | 
     | ack_rank_q_reg[12]    | CK ^ -> Q ^  | DFFQXL    | 0.171 |   0.171 |    7.222 | 
     | g7061                 | A ^ -> Y v   | INVX1     | 0.072 |   0.243 |    7.294 | 
     | g6947__9945           | A1 v -> Y ^  | AOI21X1   | 0.139 |   0.382 |    7.434 | 
     | g6920__7482           | A ^ -> Y v   | NAND4XL   | 0.260 |   0.643 |    7.694 | 
     | FE_OFC1_n_92          | A v -> Y v   | BUFX2     | 0.163 |   0.806 |    7.857 | 
     | g6912__7098           | B v -> Y ^   | NOR2X1    | 0.057 |   0.863 |    7.914 | 
     | g6908__1617           | B ^ -> Y ^   | OR2XL     | 0.091 |   0.954 |    8.005 | 
     | g6904__8428           | AN ^ -> Y ^  | NOR2BX1   | 0.103 |   1.056 |    8.108 | 
     | g6894__6417           | B1 ^ -> Y v  | OAI22X1   | 0.102 |   1.159 |    8.210 | 
     | g6888__9945           | A1N v -> Y v | OAI2BB1X2 | 0.186 |   1.345 |    8.397 | 
     | g6887                 | A v -> Y ^   | INVX1     | 0.114 |   1.459 |    8.511 | 
     | g6878__7098           | B1 ^ -> Y v  | OAI22X1   | 0.110 |   1.569 |    8.621 | 
     | g6871__3680           | A1 v -> Y ^  | AOI22X1   | 0.146 |   1.716 |    8.767 | 
     | g6869__6783           | C0 ^ -> Y v  | OAI221X1  | 0.202 |   1.917 |    8.969 | 
     | g6865__4319           | A2 v -> Y ^  | AOI32X1   | 0.177 |   2.094 |    9.146 | 
     | g6861__5477           | B ^ -> Y v   | NAND2X1   | 0.167 |   2.262 |    9.313 | 
     | g6850__7482           | A1 v -> Y ^  | OAI21X1   | 0.216 |   2.478 |    9.529 | 
     | g6838__6783           | A1 ^ -> Y v  | AOI21XL   | 0.169 |   2.647 |    9.699 | 
     | pending_rank_q_reg[6] | D v          | DFFQXL    | 0.000 |   2.647 |    9.699 | 
     +-------------------------------------------------------------------------------+ 
Path 33: MET Setup Check with Pin pending_rank_q_reg[5]/CK 
Endpoint:   pending_rank_q_reg[5]/D (^) checked with  leading edge of 'clk'
Beginpoint: ack_rank_q_reg[12]/Q    (^) triggered by  leading edge of 'clk'
Path Groups: {clk}
Analysis View: setup_view
Other End Arrival Time          0.001
- Setup                         0.142
+ Phase Shift                  10.000
- Uncertainty                   0.200
= Required Time                 9.659
- Arrival Time                  2.607
= Slack Time                    7.052
     Clock Rise Edge                 0.000
     + Clock Network Latency (Prop)  -0.000
     = Beginpoint Arrival Time       -0.000
     +-------------------------------------------------------------------------------+ 
     |       Instance        |     Arc      |   Cell    | Delay | Arrival | Required | 
     |                       |              |           |       |  Time   |   Time   | 
     |-----------------------+--------------+-----------+-------+---------+----------| 
     | ack_rank_q_reg[12]    | CK ^         |           |       |  -0.000 |    7.052 | 
     | ack_rank_q_reg[12]    | CK ^ -> Q ^  | DFFQXL    | 0.171 |   0.171 |    7.223 | 
     | g7061                 | A ^ -> Y v   | INVX1     | 0.072 |   0.243 |    7.295 | 
     | g6947__9945           | A1 v -> Y ^  | AOI21X1   | 0.139 |   0.382 |    7.434 | 
     | g6920__7482           | A ^ -> Y v   | NAND4XL   | 0.260 |   0.643 |    7.694 | 
     | FE_OFC1_n_92          | A v -> Y v   | BUFX2     | 0.163 |   0.806 |    7.858 | 
     | g6912__7098           | B v -> Y ^   | NOR2X1    | 0.057 |   0.863 |    7.915 | 
     | g6908__1617           | B ^ -> Y ^   | OR2XL     | 0.091 |   0.954 |    8.006 | 
     | g6904__8428           | AN ^ -> Y ^  | NOR2BX1   | 0.103 |   1.056 |    8.108 | 
     | g6894__6417           | B1 ^ -> Y v  | OAI22X1   | 0.102 |   1.159 |    8.211 | 
     | g6888__9945           | A1N v -> Y v | OAI2BB1X2 | 0.186 |   1.345 |    8.397 | 
     | g6887                 | A v -> Y ^   | INVX1     | 0.114 |   1.459 |    8.511 | 
     | g6878__7098           | B1 ^ -> Y v  | OAI22X1   | 0.110 |   1.569 |    8.621 | 
     | g6871__3680           | A1 v -> Y ^  | AOI22X1   | 0.146 |   1.716 |    8.767 | 
     | g6869__6783           | C0 ^ -> Y v  | OAI221X1  | 0.202 |   1.917 |    8.969 | 
     | g6865__4319           | A2 v -> Y ^  | AOI32X1   | 0.177 |   2.094 |    9.146 | 
     | g6861__5477           | B ^ -> Y v   | NAND2X1   | 0.167 |   2.262 |    9.313 | 
     | g6855__9315           | A1N v -> Y v | OAI2BB1X1 | 0.214 |   2.476 |    9.527 | 
     | g6837__5526           | A1 v -> Y ^  | AOI21XL   | 0.132 |   2.607 |    9.659 | 
     | pending_rank_q_reg[5] | D ^          | DFFQXL    | 0.000 |   2.607 |    9.659 | 
     +-------------------------------------------------------------------------------+ 
Path 34: MET Setup Check with Pin out_rank_q_reg[0]/CK 
Endpoint:   out_rank_q_reg[0]/D  (v) checked with  leading edge of 'clk'
Beginpoint: ack_rank_q_reg[12]/Q (^) triggered by  leading edge of 'clk'
Path Groups: {clk}
Analysis View: setup_view
Other End Arrival Time          0.001
- Setup                         0.081
+ Phase Shift                  10.000
- Uncertainty                   0.200
= Required Time                 9.720
- Arrival Time                  2.516
= Slack Time                    7.203
     Clock Rise Edge                 0.000
     + Clock Network Latency (Prop)  -0.000
     = Beginpoint Arrival Time       -0.000
     +----------------------------------------------------------------------------+ 
     |      Instance      |     Arc      |   Cell    | Delay | Arrival | Required | 
     |                    |              |           |       |  Time   |   Time   | 
     |--------------------+--------------+-----------+-------+---------+----------| 
     | ack_rank_q_reg[12] | CK ^         |           |       |  -0.000 |    7.203 | 
     | ack_rank_q_reg[12] | CK ^ -> Q ^  | DFFQXL    | 0.171 |   0.171 |    7.374 | 
     | g7061              | A ^ -> Y v   | INVX1     | 0.072 |   0.243 |    7.446 | 
     | g6947__9945        | A1 v -> Y ^  | AOI21X1   | 0.139 |   0.382 |    7.585 | 
     | g6920__7482        | A ^ -> Y v   | NAND4XL   | 0.260 |   0.643 |    7.846 | 
     | FE_OFC1_n_92       | A v -> Y v   | BUFX2     | 0.163 |   0.806 |    8.009 | 
     | g6912__7098        | B v -> Y ^   | NOR2X1    | 0.057 |   0.863 |    8.066 | 
     | g6908__1617        | B ^ -> Y ^   | OR2XL     | 0.091 |   0.954 |    8.157 | 
     | g6904__8428        | AN ^ -> Y ^  | NOR2BX1   | 0.103 |   1.056 |    8.260 | 
     | g6894__6417        | B1 ^ -> Y v  | OAI22X1   | 0.102 |   1.159 |    8.362 | 
     | g6888__9945        | A1N v -> Y v | OAI2BB1X2 | 0.186 |   1.345 |    8.548 | 
     | g6887              | A v -> Y ^   | INVX1     | 0.114 |   1.459 |    8.663 | 
     | g6878__7098        | B1 ^ -> Y v  | OAI22X1   | 0.110 |   1.569 |    8.773 | 
     | g6871__3680        | A1 v -> Y ^  | AOI22X1   | 0.146 |   1.716 |    8.919 | 
     | g6869__6783        | C0 ^ -> Y v  | OAI221X1  | 0.202 |   1.917 |    9.120 | 
     | g6865__4319        | A2 v -> Y ^  | AOI32X1   | 0.177 |   2.094 |    9.298 | 
     | g6861__5477        | B ^ -> Y v   | NAND2X1   | 0.167 |   2.262 |    9.465 | 
     | g6853__6161        | A1 v -> Y ^  | AOI22X1   | 0.165 |   2.427 |    9.630 | 
     | g6849__5115        | B ^ -> Y v   | NAND2X1   | 0.089 |   2.516 |    9.720 | 
     | out_rank_q_reg[0]  | D v          | DFFHQX1   | 0.000 |   2.516 |    9.720 | 
     +----------------------------------------------------------------------------+ 
Path 35: MET Setup Check with Pin out_rank_q_reg[1]/CK 
Endpoint:   out_rank_q_reg[1]/D  (^) checked with  leading edge of 'clk'
Beginpoint: ack_rank_q_reg[12]/Q (^) triggered by  leading edge of 'clk'
Path Groups: {clk}
Analysis View: setup_view
Other End Arrival Time          0.001
- Setup                         0.123
+ Phase Shift                  10.000
- Uncertainty                   0.200
= Required Time                 9.678
- Arrival Time                  2.200
= Slack Time                    7.478
     Clock Rise Edge                 0.000
     + Clock Network Latency (Prop)  -0.000
     = Beginpoint Arrival Time       -0.000
     +----------------------------------------------------------------------------+ 
     |      Instance      |     Arc      |   Cell    | Delay | Arrival | Required | 
     |                    |              |           |       |  Time   |   Time   | 
     |--------------------+--------------+-----------+-------+---------+----------| 
     | ack_rank_q_reg[12] | CK ^         |           |       |  -0.000 |    7.478 | 
     | ack_rank_q_reg[12] | CK ^ -> Q ^  | DFFQXL    | 0.171 |   0.171 |    7.649 | 
     | g7061              | A ^ -> Y v   | INVX1     | 0.072 |   0.243 |    7.721 | 
     | g6947__9945        | A1 v -> Y ^  | AOI21X1   | 0.139 |   0.382 |    7.860 | 
     | g6920__7482        | A ^ -> Y v   | NAND4XL   | 0.260 |   0.643 |    8.121 | 
     | FE_OFC1_n_92       | A v -> Y v   | BUFX2     | 0.163 |   0.806 |    8.284 | 
     | g6912__7098        | B v -> Y ^   | NOR2X1    | 0.057 |   0.863 |    8.341 | 
     | g6908__1617        | B ^ -> Y ^   | OR2XL     | 0.091 |   0.954 |    8.432 | 
     | g6904__8428        | AN ^ -> Y ^  | NOR2BX1   | 0.103 |   1.056 |    8.534 | 
     | g6894__6417        | B1 ^ -> Y v  | OAI22X1   | 0.102 |   1.159 |    8.637 | 
     | g6888__9945        | A1N v -> Y v | OAI2BB1X2 | 0.186 |   1.345 |    8.823 | 
     | g6887              | A v -> Y ^   | INVX1     | 0.114 |   1.459 |    8.937 | 
     | g6878__7098        | B1 ^ -> Y v  | OAI22X1   | 0.110 |   1.569 |    9.047 | 
     | g6871__3680        | A1 v -> Y ^  | AOI22X1   | 0.146 |   1.716 |    9.194 | 
     | g6868__5526        | B ^ -> Y v   | NAND2X1   | 0.117 |   1.833 |    9.311 | 
     | g6866__8428        | A1N v -> Y v | OAI2BB1X1 | 0.135 |   1.968 |    9.446 | 
     | g2                 | A1 v -> Y v  | AO21X1    | 0.175 |   2.143 |    9.621 | 
     | g6858__1666        | B0 v -> Y ^  | OAI2BB1X1 | 0.057 |   2.200 |    9.678 | 
     | out_rank_q_reg[1]  | D ^          | DFFHQX1   | 0.000 |   2.200 |    9.678 | 
     +----------------------------------------------------------------------------+ 
Path 36: MET Setup Check with Pin out_rank_q_reg[3]/CK 
Endpoint:   out_rank_q_reg[3]/D (^) checked with  leading edge of 'clk'
Beginpoint: out_ready           (^) triggered by  leading edge of 'clk'
Path Groups: {clk}
Analysis View: setup_view
Other End Arrival Time          0.001
- Setup                         0.119
+ Phase Shift                  10.000
- Uncertainty                   0.200
= Required Time                 9.682
- Arrival Time                  1.686
= Slack Time                    7.996
     Clock Rise Edge                      0.000
     + Input Delay                        1.000
     = Beginpoint Arrival Time            1.000
     +------------------------------------------------------------------------+ 
     |     Instance      |     Arc     |  Cell   | Delay | Arrival | Required | 
     |                   |             |         |       |  Time   |   Time   | 
     |-------------------+-------------+---------+-------+---------+----------| 
     |                   | out_ready ^ |         |       |   1.000 |    8.996 | 
     | g7056             | A ^ -> Y v  | INVX1   | 0.021 |   1.021 |    9.017 | 
     | g6993__5115       | A0 v -> Y ^ | AOI21X1 | 0.077 |   1.098 |    9.094 | 
     | g6903__6260       | AN ^ -> Y ^ | NOR2BX1 | 0.124 |   1.222 |    9.218 | 
     | FE_OFC4_n_163     | A ^ -> Y ^  | BUFX2   | 0.135 |   1.357 |    9.353 | 
     | g6891__2883       | A1 ^ -> Y v | AOI21X1 | 0.145 |   1.502 |    9.498 | 
     | g6875__1705       | S0 v -> Y ^ | MX2XL   | 0.184 |   1.686 |    9.682 | 
     | out_rank_q_reg[3] | D ^         | DFFHQX1 | 0.000 |   1.686 |    9.682 | 
     +------------------------------------------------------------------------+ 
Path 37: MET Setup Check with Pin out_rank_q_reg[2]/CK 
Endpoint:   out_rank_q_reg[2]/D (v) checked with  leading edge of 'clk'
Beginpoint: out_ready           (v) triggered by  leading edge of 'clk'
Path Groups: {clk}
Analysis View: setup_view
Other End Arrival Time          0.001
- Setup                         0.123
+ Phase Shift                  10.000
- Uncertainty                   0.200
= Required Time                 9.678
- Arrival Time                  1.681
= Slack Time                    7.997
     Clock Rise Edge                      0.000
     + Input Delay                        1.000
     = Beginpoint Arrival Time            1.000
     +-------------------------------------------------------------------------+ 
     |     Instance      |     Arc     |   Cell   | Delay | Arrival | Required | 
     |                   |             |          |       |  Time   |   Time   | 
     |-------------------+-------------+----------+-------+---------+----------| 
     |                   | out_ready v |          |       |   1.000 |    8.997 | 
     | g7056             | A v -> Y ^  | INVX1    | 0.018 |   1.018 |    9.016 | 
     | g6993__5115       | A0 ^ -> Y v | AOI21X1  | 0.092 |   1.110 |    9.107 | 
     | g6899__2398       | A v -> Y ^  | NAND2X1  | 0.087 |   1.197 |    9.194 | 
     | g6897__7410       | B0 ^ -> Y v | OAI21X2  | 0.142 |   1.338 |    9.335 | 
     | g6891__2883       | B0 v -> Y ^ | AOI21X1  | 0.157 |   1.496 |    9.493 | 
     | g6870__1617       | B1 ^ -> Y v | OAI221X1 | 0.185 |   1.681 |    9.678 | 
     | out_rank_q_reg[2] | D v         | DFFHQX1  | 0.000 |   1.681 |    9.678 | 
     +-------------------------------------------------------------------------+ 
Path 38: MET Late External Delay Assertion 
Endpoint:   src_ack_async[0]         (^) checked with  leading edge of 'clk'
Beginpoint: reset_release_q_reg[1]/Q (^) triggered by  leading edge of 'clk'
Path Groups: {clk}
Analysis View: setup_view
Other End Arrival Time          0.000
- External Delay                1.000
+ Phase Shift                  10.000
- Uncertainty                   0.200
= Required Time                 8.800
- Arrival Time                  0.644
= Slack Time                    8.156
     Clock Rise Edge                 0.000
     + Clock Network Latency (Prop)  -0.001
     = Beginpoint Arrival Time       -0.001
     +-------------------------------------------------------------------------------------+ 
     |        Instance        |        Arc         |   Cell   | Delay | Arrival | Required | 
     |                        |                    |          |       |  Time   |   Time   | 
     |------------------------+--------------------+----------+-------+---------+----------| 
     | reset_release_q_reg[1] | CK ^               |          |       |  -0.001 |    8.155 | 
     | reset_release_q_reg[1] | CK ^ -> Q ^        | DFFRHQX1 | 0.283 |   0.282 |    8.438 | 
     | g7006                  | A ^ -> Y v         | INVX2    | 0.180 |   0.462 |    8.618 | 
     | g6977__6783            | A v -> Y ^         | NOR2XL   | 0.182 |   0.644 |    8.800 | 
     |                        | src_ack_async[0] ^ |          | 0.000 |   0.644 |    8.800 | 
     +-------------------------------------------------------------------------------------+ 
Path 39: MET Late External Delay Assertion 
Endpoint:   src_ack_async[1]         (^) checked with  leading edge of 'clk'
Beginpoint: reset_release_q_reg[1]/Q (^) triggered by  leading edge of 'clk'
Path Groups: {clk}
Analysis View: setup_view
Other End Arrival Time          0.000
- External Delay                1.000
+ Phase Shift                  10.000
- Uncertainty                   0.200
= Required Time                 8.800
- Arrival Time                  0.638
= Slack Time                    8.162
     Clock Rise Edge                 0.000
     + Clock Network Latency (Prop)  -0.001
     = Beginpoint Arrival Time       -0.001
     +-------------------------------------------------------------------------------------+ 
     |        Instance        |        Arc         |   Cell   | Delay | Arrival | Required | 
     |                        |                    |          |       |  Time   |   Time   | 
     |------------------------+--------------------+----------+-------+---------+----------| 
     | reset_release_q_reg[1] | CK ^               |          |       |  -0.001 |    8.161 | 
     | reset_release_q_reg[1] | CK ^ -> Q ^        | DFFRHQX1 | 0.283 |   0.282 |    8.444 | 
     | g7006                  | A ^ -> Y v         | INVX2    | 0.180 |   0.462 |    8.624 | 
     | g6991__6131            | A v -> Y ^         | NOR2XL   | 0.176 |   0.638 |    8.800 | 
     |                        | src_ack_async[1] ^ |          | 0.000 |   0.638 |    8.800 | 
     +-------------------------------------------------------------------------------------+ 
Path 40: MET Late External Delay Assertion 
Endpoint:   src_ack_async[3]         (^) checked with  leading edge of 'clk'
Beginpoint: reset_release_q_reg[1]/Q (^) triggered by  leading edge of 'clk'
Path Groups: {clk}
Analysis View: setup_view
Other End Arrival Time          0.000
- External Delay                1.000
+ Phase Shift                  10.000
- Uncertainty                   0.200
= Required Time                 8.800
- Arrival Time                  0.632
= Slack Time                    8.168
     Clock Rise Edge                 0.000
     + Clock Network Latency (Prop)  -0.001
     = Beginpoint Arrival Time       -0.001
     +-------------------------------------------------------------------------------------+ 
     |        Instance        |        Arc         |   Cell   | Delay | Arrival | Required | 
     |                        |                    |          |       |  Time   |   Time   | 
     |------------------------+--------------------+----------+-------+---------+----------| 
     | reset_release_q_reg[1] | CK ^               |          |       |  -0.001 |    8.168 | 
     | reset_release_q_reg[1] | CK ^ -> Q ^        | DFFRHQX1 | 0.283 |   0.282 |    8.450 | 
     | g7006                  | A ^ -> Y v         | INVX2    | 0.180 |   0.462 |    8.631 | 
     | g6988__3680            | A v -> Y ^         | NOR2XL   | 0.169 |   0.632 |    8.800 | 
     |                        | src_ack_async[3] ^ |          | 0.000 |   0.632 |    8.800 | 
     +-------------------------------------------------------------------------------------+ 
Path 41: MET Late External Delay Assertion 
Endpoint:   src_ack_async[6]         (^) checked with  leading edge of 'clk'
Beginpoint: reset_release_q_reg[1]/Q (^) triggered by  leading edge of 'clk'
Path Groups: {clk}
Analysis View: setup_view
Other End Arrival Time          0.000
- External Delay                1.000
+ Phase Shift                  10.000
- Uncertainty                   0.200
= Required Time                 8.800
- Arrival Time                  0.631
= Slack Time                    8.169
     Clock Rise Edge                 0.000
     + Clock Network Latency (Prop)  -0.001
     = Beginpoint Arrival Time       -0.001
     +-------------------------------------------------------------------------------------+ 
     |        Instance        |        Arc         |   Cell   | Delay | Arrival | Required | 
     |                        |                    |          |       |  Time   |   Time   | 
     |------------------------+--------------------+----------+-------+---------+----------| 
     | reset_release_q_reg[1] | CK ^               |          |       |  -0.001 |    8.168 | 
     | reset_release_q_reg[1] | CK ^ -> Q ^        | DFFRHQX1 | 0.283 |   0.282 |    8.451 | 
     | g7006                  | A ^ -> Y v         | INVX2    | 0.180 |   0.462 |    8.631 | 
     | g6982__7098            | A v -> Y ^         | NOR2XL   | 0.169 |   0.631 |    8.800 | 
     |                        | src_ack_async[6] ^ |          | 0.000 |   0.631 |    8.800 | 
     +-------------------------------------------------------------------------------------+ 
Path 42: MET Late External Delay Assertion 
Endpoint:   src_ack_async[11]        (^) checked with  leading edge of 'clk'
Beginpoint: reset_release_q_reg[1]/Q (^) triggered by  leading edge of 'clk'
Path Groups: {clk}
Analysis View: setup_view
Other End Arrival Time          0.000
- External Delay                1.000
+ Phase Shift                  10.000
- Uncertainty                   0.200
= Required Time                 8.800
- Arrival Time                  0.631
= Slack Time                    8.169
     Clock Rise Edge                 0.000
     + Clock Network Latency (Prop)  -0.001
     = Beginpoint Arrival Time       -0.001
     +--------------------------------------------------------------------------------------+ 
     |        Instance        |         Arc         |   Cell   | Delay | Arrival | Required | 
     |                        |                     |          |       |  Time   |   Time   | 
     |------------------------+---------------------+----------+-------+---------+----------| 
     | reset_release_q_reg[1] | CK ^                |          |       |  -0.001 |    8.168 | 
     | reset_release_q_reg[1] | CK ^ -> Q ^         | DFFRHQX1 | 0.283 |   0.282 |    8.451 | 
     | g7006                  | A ^ -> Y v          | INVX2    | 0.180 |   0.462 |    8.632 | 
     | g6987__8428            | A v -> Y ^          | NOR2XL   | 0.168 |   0.631 |    8.800 | 
     |                        | src_ack_async[11] ^ |          | 0.000 |   0.631 |    8.800 | 
     +--------------------------------------------------------------------------------------+ 
Path 43: MET Late External Delay Assertion 
Endpoint:   src_ack_async[2]         (^) checked with  leading edge of 'clk'
Beginpoint: reset_release_q_reg[1]/Q (^) triggered by  leading edge of 'clk'
Path Groups: {clk}
Analysis View: setup_view
Other End Arrival Time          0.000
- External Delay                1.000
+ Phase Shift                  10.000
- Uncertainty                   0.200
= Required Time                 8.800
- Arrival Time                  0.630
= Slack Time                    8.170
     Clock Rise Edge                 0.000
     + Clock Network Latency (Prop)  -0.001
     = Beginpoint Arrival Time       -0.001
     +-------------------------------------------------------------------------------------+ 
     |        Instance        |        Arc         |   Cell   | Delay | Arrival | Required | 
     |                        |                    |          |       |  Time   |   Time   | 
     |------------------------+--------------------+----------+-------+---------+----------| 
     | reset_release_q_reg[1] | CK ^               |          |       |  -0.001 |    8.169 | 
     | reset_release_q_reg[1] | CK ^ -> Q ^        | DFFRHQX1 | 0.283 |   0.282 |    8.452 | 
     | g7006                  | A ^ -> Y v         | INVX2    | 0.180 |   0.462 |    8.633 | 
     | g6978__5526            | A v -> Y ^         | NOR2XL   | 0.167 |   0.630 |    8.800 | 
     |                        | src_ack_async[2] ^ |          | 0.000 |   0.630 |    8.800 | 
     +-------------------------------------------------------------------------------------+ 
Path 44: MET Late External Delay Assertion 
Endpoint:   src_ack_async[13]        (^) checked with  leading edge of 'clk'
Beginpoint: reset_release_q_reg[1]/Q (^) triggered by  leading edge of 'clk'
Path Groups: {clk}
Analysis View: setup_view
Other End Arrival Time          0.000
- External Delay                1.000
+ Phase Shift                  10.000
- Uncertainty                   0.200
= Required Time                 8.800
- Arrival Time                  0.629
= Slack Time                    8.171
     Clock Rise Edge                 0.000
     + Clock Network Latency (Prop)  -0.001
     = Beginpoint Arrival Time       -0.001
     +--------------------------------------------------------------------------------------+ 
     |        Instance        |         Arc         |   Cell   | Delay | Arrival | Required | 
     |                        |                     |          |       |  Time   |   Time   | 
     |------------------------+---------------------+----------+-------+---------+----------| 
     | reset_release_q_reg[1] | CK ^                |          |       |  -0.001 |    8.171 | 
     | reset_release_q_reg[1] | CK ^ -> Q ^         | DFFRHQX1 | 0.283 |   0.282 |    8.453 | 
     | g7006                  | A ^ -> Y v          | INVX2    | 0.180 |   0.462 |    8.634 | 
     | g6985__5115            | A v -> Y ^          | NOR2XL   | 0.166 |   0.629 |    8.800 | 
     |                        | src_ack_async[13] ^ |          | 0.000 |   0.629 |    8.800 | 
     +--------------------------------------------------------------------------------------+ 
Path 45: MET Late External Delay Assertion 
Endpoint:   src_ack_async[8]         (^) checked with  leading edge of 'clk'
Beginpoint: reset_release_q_reg[1]/Q (^) triggered by  leading edge of 'clk'
Path Groups: {clk}
Analysis View: setup_view
Other End Arrival Time          0.000
- External Delay                1.000
+ Phase Shift                  10.000
- Uncertainty                   0.200
= Required Time                 8.800
- Arrival Time                  0.627
= Slack Time                    8.173
     Clock Rise Edge                 0.000
     + Clock Network Latency (Prop)  -0.001
     = Beginpoint Arrival Time       -0.001
     +-------------------------------------------------------------------------------------+ 
     |        Instance        |        Arc         |   Cell   | Delay | Arrival | Required | 
     |                        |                    |          |       |  Time   |   Time   | 
     |------------------------+--------------------+----------+-------+---------+----------| 
     | reset_release_q_reg[1] | CK ^               |          |       |  -0.001 |    8.172 | 
     | reset_release_q_reg[1] | CK ^ -> Q ^        | DFFRHQX1 | 0.283 |   0.282 |    8.455 | 
     | g7006                  | A ^ -> Y v         | INVX2    | 0.180 |   0.462 |    8.635 | 
     | g6979__2802            | A v -> Y ^         | NOR2XL   | 0.165 |   0.627 |    8.800 | 
     |                        | src_ack_async[8] ^ |          | 0.000 |   0.627 |    8.800 | 
     +-------------------------------------------------------------------------------------+ 
Path 46: MET Late External Delay Assertion 
Endpoint:   src_ack_async[7]         (^) checked with  leading edge of 'clk'
Beginpoint: reset_release_q_reg[1]/Q (^) triggered by  leading edge of 'clk'
Path Groups: {clk}
Analysis View: setup_view
Other End Arrival Time          0.000
- External Delay                1.000
+ Phase Shift                  10.000
- Uncertainty                   0.200
= Required Time                 8.800
- Arrival Time                  0.627
= Slack Time                    8.173
     Clock Rise Edge                 0.000
     + Clock Network Latency (Prop)  -0.001
     = Beginpoint Arrival Time       -0.001
     +-------------------------------------------------------------------------------------+ 
     |        Instance        |        Arc         |   Cell   | Delay | Arrival | Required | 
     |                        |                    |          |       |  Time   |   Time   | 
     |------------------------+--------------------+----------+-------+---------+----------| 
     | reset_release_q_reg[1] | CK ^               |          |       |  -0.001 |    8.172 | 
     | reset_release_q_reg[1] | CK ^ -> Q ^        | DFFRHQX1 | 0.283 |   0.282 |    8.455 | 
     | g7006                  | A ^ -> Y v         | INVX2    | 0.180 |   0.462 |    8.635 | 
     | g6983__1617            | A v -> Y ^         | NOR2XL   | 0.165 |   0.627 |    8.800 | 
     |                        | src_ack_async[7] ^ |          | 0.000 |   0.627 |    8.800 | 
     +-------------------------------------------------------------------------------------+ 
Path 47: MET Late External Delay Assertion 
Endpoint:   src_ack_async[15]        (^) checked with  leading edge of 'clk'
Beginpoint: reset_release_q_reg[1]/Q (^) triggered by  leading edge of 'clk'
Path Groups: {clk}
Analysis View: setup_view
Other End Arrival Time          0.000
- External Delay                1.000
+ Phase Shift                  10.000
- Uncertainty                   0.200
= Required Time                 8.800
- Arrival Time                  0.627
= Slack Time                    8.173
     Clock Rise Edge                 0.000
     + Clock Network Latency (Prop)  -0.001
     = Beginpoint Arrival Time       -0.001
     +--------------------------------------------------------------------------------------+ 
     |        Instance        |         Arc         |   Cell   | Delay | Arrival | Required | 
     |                        |                     |          |       |  Time   |   Time   | 
     |------------------------+---------------------+----------+-------+---------+----------| 
     | reset_release_q_reg[1] | CK ^                |          |       |  -0.001 |    8.172 | 
     | reset_release_q_reg[1] | CK ^ -> Q ^         | DFFRHQX1 | 0.283 |   0.282 |    8.455 | 
     | g7006                  | A ^ -> Y v          | INVX2    | 0.180 |   0.462 |    8.635 | 
     | g6989__7482            | A v -> Y ^          | NOR2XL   | 0.165 |   0.627 |    8.800 | 
     |                        | src_ack_async[15] ^ |          | 0.000 |   0.627 |    8.800 | 
     +--------------------------------------------------------------------------------------+ 
Path 48: MET Late External Delay Assertion 
Endpoint:   src_ack_async[10]        (^) checked with  leading edge of 'clk'
Beginpoint: reset_release_q_reg[1]/Q (^) triggered by  leading edge of 'clk'
Path Groups: {clk}
Analysis View: setup_view
Other End Arrival Time          0.000
- External Delay                1.000
+ Phase Shift                  10.000
- Uncertainty                   0.200
= Required Time                 8.800
- Arrival Time                  0.626
= Slack Time                    8.174
     Clock Rise Edge                 0.000
     + Clock Network Latency (Prop)  -0.001
     = Beginpoint Arrival Time       -0.001
     +--------------------------------------------------------------------------------------+ 
     |        Instance        |         Arc         |   Cell   | Delay | Arrival | Required | 
     |                        |                     |          |       |  Time   |   Time   | 
     |------------------------+---------------------+----------+-------+---------+----------| 
     | reset_release_q_reg[1] | CK ^                |          |       |  -0.001 |    8.173 | 
     | reset_release_q_reg[1] | CK ^ -> Q ^         | DFFRHQX1 | 0.283 |   0.282 |    8.456 | 
     | g7006                  | A ^ -> Y v          | INVX2    | 0.180 |   0.462 |    8.636 | 
     | g6976__1705            | A v -> Y ^          | NOR2XL   | 0.164 |   0.626 |    8.800 | 
     |                        | src_ack_async[10] ^ |          | 0.000 |   0.626 |    8.800 | 
     +--------------------------------------------------------------------------------------+ 
Path 49: MET Late External Delay Assertion 
Endpoint:   src_ack_async[12]        (^) checked with  leading edge of 'clk'
Beginpoint: reset_release_q_reg[1]/Q (^) triggered by  leading edge of 'clk'
Path Groups: {clk}
Analysis View: setup_view
Other End Arrival Time          0.000
- External Delay                1.000
+ Phase Shift                  10.000
- Uncertainty                   0.200
= Required Time                 8.800
- Arrival Time                  0.625
= Slack Time                    8.175
     Clock Rise Edge                 0.000
     + Clock Network Latency (Prop)  -0.001
     = Beginpoint Arrival Time       -0.001
     +--------------------------------------------------------------------------------------+ 
     |        Instance        |         Arc         |   Cell   | Delay | Arrival | Required | 
     |                        |                     |          |       |  Time   |   Time   | 
     |------------------------+---------------------+----------+-------+---------+----------| 
     | reset_release_q_reg[1] | CK ^                |          |       |  -0.001 |    8.174 | 
     | reset_release_q_reg[1] | CK ^ -> Q ^         | DFFRHQX1 | 0.283 |   0.282 |    8.457 | 
     | g7006                  | A ^ -> Y v          | INVX2    | 0.180 |   0.462 |    8.637 | 
     | g6980__1881            | A v -> Y ^          | NOR2XL   | 0.163 |   0.625 |    8.800 | 
     |                        | src_ack_async[12] ^ |          | 0.000 |   0.625 |    8.800 | 
     +--------------------------------------------------------------------------------------+ 
Path 50: MET Late External Delay Assertion 
Endpoint:   src_ack_async[14]        (^) checked with  leading edge of 'clk'
Beginpoint: reset_release_q_reg[1]/Q (^) triggered by  leading edge of 'clk'
Path Groups: {clk}
Analysis View: setup_view
Other End Arrival Time          0.000
- External Delay                1.000
+ Phase Shift                  10.000
- Uncertainty                   0.200
= Required Time                 8.800
- Arrival Time                  0.625
= Slack Time                    8.175
     Clock Rise Edge                 0.000
     + Clock Network Latency (Prop)  -0.001
     = Beginpoint Arrival Time       -0.001
     +--------------------------------------------------------------------------------------+ 
     |        Instance        |         Arc         |   Cell   | Delay | Arrival | Required | 
     |                        |                     |          |       |  Time   |   Time   | 
     |------------------------+---------------------+----------+-------+---------+----------| 
     | reset_release_q_reg[1] | CK ^                |          |       |  -0.001 |    8.175 | 
     | reset_release_q_reg[1] | CK ^ -> Q ^         | DFFRHQX1 | 0.283 |   0.282 |    8.457 | 
     | g7006                  | A ^ -> Y v          | INVX2    | 0.180 |   0.462 |    8.638 | 
     | g6981__6131            | A v -> Y ^          | NOR2XL   | 0.162 |   0.625 |    8.800 | 
     |                        | src_ack_async[14] ^ |          | 0.000 |   0.625 |    8.800 | 
     +--------------------------------------------------------------------------------------+ 
Path 51: MET Late External Delay Assertion 
Endpoint:   src_ack_async[9]         (^) checked with  leading edge of 'clk'
Beginpoint: reset_release_q_reg[1]/Q (^) triggered by  leading edge of 'clk'
Path Groups: {clk}
Analysis View: setup_view
Other End Arrival Time          0.000
- External Delay                1.000
+ Phase Shift                  10.000
- Uncertainty                   0.200
= Required Time                 8.800
- Arrival Time                  0.624
= Slack Time                    8.176
     Clock Rise Edge                 0.000
     + Clock Network Latency (Prop)  -0.001
     = Beginpoint Arrival Time       -0.001
     +-------------------------------------------------------------------------------------+ 
     |        Instance        |        Arc         |   Cell   | Delay | Arrival | Required | 
     |                        |                    |          |       |  Time   |   Time   | 
     |------------------------+--------------------+----------+-------+---------+----------| 
     | reset_release_q_reg[1] | CK ^               |          |       |  -0.001 |    8.175 | 
     | reset_release_q_reg[1] | CK ^ -> Q ^        | DFFRHQX1 | 0.283 |   0.282 |    8.458 | 
     | g7006                  | A ^ -> Y v         | INVX2    | 0.180 |   0.462 |    8.638 | 
     | g6990__8246            | A v -> Y ^         | NOR2XL   | 0.162 |   0.624 |    8.800 | 
     |                        | src_ack_async[9] ^ |          | 0.000 |   0.624 |    8.800 | 
     +-------------------------------------------------------------------------------------+ 
Path 52: MET Late External Delay Assertion 
Endpoint:   src_ack_async[4]         (^) checked with  leading edge of 'clk'
Beginpoint: reset_release_q_reg[1]/Q (^) triggered by  leading edge of 'clk'
Path Groups: {clk}
Analysis View: setup_view
Other End Arrival Time          0.000
- External Delay                1.000
+ Phase Shift                  10.000
- Uncertainty                   0.200
= Required Time                 8.800
- Arrival Time                  0.624
= Slack Time                    8.176
     Clock Rise Edge                 0.000
     + Clock Network Latency (Prop)  -0.001
     = Beginpoint Arrival Time       -0.001
     +-------------------------------------------------------------------------------------+ 
     |        Instance        |        Arc         |   Cell   | Delay | Arrival | Required | 
     |                        |                    |          |       |  Time   |   Time   | 
     |------------------------+--------------------+----------+-------+---------+----------| 
     | reset_release_q_reg[1] | CK ^               |          |       |  -0.001 |    8.175 | 
     | reset_release_q_reg[1] | CK ^ -> Q ^        | DFFRHQX1 | 0.283 |   0.282 |    8.458 | 
     | g7006                  | A ^ -> Y v         | INVX2    | 0.180 |   0.462 |    8.638 | 
     | g6986__1881            | A v -> Y ^         | NOR2XL   | 0.162 |   0.624 |    8.800 | 
     |                        | src_ack_async[4] ^ |          | 0.000 |   0.624 |    8.800 | 
     +-------------------------------------------------------------------------------------+ 
Path 53: MET Late External Delay Assertion 
Endpoint:   src_ack_async[5]         (^) checked with  leading edge of 'clk'
Beginpoint: reset_release_q_reg[1]/Q (^) triggered by  leading edge of 'clk'
Path Groups: {clk}
Analysis View: setup_view
Other End Arrival Time          0.000
- External Delay                1.000
+ Phase Shift                  10.000
- Uncertainty                   0.200
= Required Time                 8.800
- Arrival Time                  0.622
= Slack Time                    8.178
     Clock Rise Edge                 0.000
     + Clock Network Latency (Prop)  -0.001
     = Beginpoint Arrival Time       -0.001
     +-------------------------------------------------------------------------------------+ 
     |        Instance        |        Arc         |   Cell   | Delay | Arrival | Required | 
     |                        |                    |          |       |  Time   |   Time   | 
     |------------------------+--------------------+----------+-------+---------+----------| 
     | reset_release_q_reg[1] | CK ^               |          |       |  -0.001 |    8.177 | 
     | reset_release_q_reg[1] | CK ^ -> Q ^        | DFFRHQX1 | 0.283 |   0.282 |    8.460 | 
     | g7006                  | A ^ -> Y v         | INVX2    | 0.180 |   0.462 |    8.640 | 
     | g6992__5122            | A v -> Y ^         | NOR2XL   | 0.160 |   0.622 |    8.800 | 
     |                        | src_ack_async[5] ^ |          | 0.000 |   0.622 |    8.800 | 
     +-------------------------------------------------------------------------------------+ 
Path 54: MET Late External Delay Assertion 
Endpoint:   out_valid                (^) checked with  leading edge of 'clk'
Beginpoint: reset_release_q_reg[1]/Q (^) triggered by  leading edge of 'clk'
Path Groups: {clk}
Analysis View: setup_view
Other End Arrival Time          0.000
- External Delay                1.000
+ Phase Shift                  10.000
- Uncertainty                   0.200
= Required Time                 8.800
- Arrival Time                  0.526
= Slack Time                    8.274
     Clock Rise Edge                 0.000
     + Clock Network Latency (Prop)  -0.001
     = Beginpoint Arrival Time       -0.001
     +------------------------------------------------------------------------------+ 
     |        Instance        |     Arc     |   Cell   | Delay | Arrival | Required | 
     |                        |             |          |       |  Time   |   Time   | 
     |------------------------+-------------+----------+-------+---------+----------| 
     | reset_release_q_reg[1] | CK ^        |          |       |  -0.001 |    8.273 | 
     | reset_release_q_reg[1] | CK ^ -> Q ^ | DFFRHQX1 | 0.283 |   0.282 |    8.556 | 
     | g6984__6161            | A ^ -> Y v  | NAND2X2  | 0.144 |   0.426 |    8.700 | 
     | g6975                  | A v -> Y ^  | INVXL    | 0.100 |   0.526 |    8.800 | 
     |                        | out_valid ^ |          | 0.000 |   0.526 |    8.800 | 
     +------------------------------------------------------------------------------+ 
Path 55: MET Late External Delay Assertion 
Endpoint:   out_addr[0]         (v) checked with  leading edge of 'clk'
Beginpoint: out_rank_q_reg[1]/Q (v) triggered by  leading edge of 'clk'
Path Groups: {clk}
Analysis View: setup_view
Other End Arrival Time          0.000
- External Delay                1.000
+ Phase Shift                  10.000
- Uncertainty                   0.200
= Required Time                 8.800
- Arrival Time                  0.437
= Slack Time                    8.363
     Clock Rise Edge                 0.000
     + Clock Network Latency (Prop)  -0.000
     = Beginpoint Arrival Time       -0.000
     +--------------------------------------------------------------------------+ 
     |     Instance      |      Arc      |  Cell   | Delay | Arrival | Required | 
     |                   |               |         |       |  Time   |   Time   | 
     |-------------------+---------------+---------+-------+---------+----------| 
     | out_rank_q_reg[1] | CK ^          |         |       |  -0.000 |    8.363 | 
     | out_rank_q_reg[1] | CK ^ -> Q v   | DFFHQX1 | 0.229 |   0.229 |    8.592 | 
     | g7067             | A v -> Y ^    | INVX1   | 0.075 |   0.304 |    8.667 | 
     | g7025__9945       | B1 ^ -> Y v   | OAI22XL | 0.133 |   0.437 |    8.800 | 
     |                   | out_addr[0] v |         | 0.000 |   0.437 |    8.800 | 
     +--------------------------------------------------------------------------+ 
Path 56: MET Setup Check with Pin out_valid_q_reg/CK 
Endpoint:   out_valid_q_reg/D (^) checked with  leading edge of 'clk'
Beginpoint: out_ready         (v) triggered by  leading edge of 'clk'
Path Groups: {clk}
Analysis View: setup_view
Other End Arrival Time          0.001
- Setup                         0.118
+ Phase Shift                  10.000
- Uncertainty                   0.200
= Required Time                 9.683
- Arrival Time                  1.318
= Slack Time                    8.365
     Clock Rise Edge                      0.000
     + Input Delay                        1.000
     = Beginpoint Arrival Time            1.000
     +----------------------------------------------------------------------+ 
     |    Instance     |     Arc     |  Cell   | Delay | Arrival | Required | 
     |                 |             |         |       |  Time   |   Time   | 
     |-----------------+-------------+---------+-------+---------+----------| 
     |                 | out_ready v |         |       |   1.000 |    9.365 | 
     | g7056           | A v -> Y ^  | INVX1   | 0.018 |   1.018 |    9.383 | 
     | g6993__5115     | A0 ^ -> Y v | AOI21X1 | 0.092 |   1.110 |    9.475 | 
     | g6899__2398     | A v -> Y ^  | NAND2X1 | 0.087 |   1.197 |    9.561 | 
     | g6893__1666     | B ^ -> Y ^  | AND2XL  | 0.121 |   1.318 |    9.683 | 
     | out_valid_q_reg | D ^         | DFFHQX1 | 0.000 |   1.318 |    9.683 | 
     +----------------------------------------------------------------------+ 
Path 57: MET Late External Delay Assertion 
Endpoint:   out_addr[2]         (v) checked with  leading edge of 'clk'
Beginpoint: out_rank_q_reg[2]/Q (v) triggered by  leading edge of 'clk'
Path Groups: {clk}
Analysis View: setup_view
Other End Arrival Time          0.000
- External Delay                1.000
+ Phase Shift                  10.000
- Uncertainty                   0.200
= Required Time                 8.800
- Arrival Time                  0.253
= Slack Time                    8.547
     Clock Rise Edge                 0.000
     + Clock Network Latency (Prop)  -0.000
     = Beginpoint Arrival Time       -0.000
     +--------------------------------------------------------------------------+ 
     |     Instance      |      Arc      |  Cell   | Delay | Arrival | Required | 
     |                   |               |         |       |  Time   |   Time   | 
     |-------------------+---------------+---------+-------+---------+----------| 
     | out_rank_q_reg[2] | CK ^          |         |       |  -0.000 |    8.547 | 
     | out_rank_q_reg[2] | CK ^ -> Q v   | DFFHQX1 | 0.253 |   0.253 |    8.800 | 
     |                   | out_addr[2] v |         | 0.000 |   0.253 |    8.800 | 
     +--------------------------------------------------------------------------+ 
Path 58: MET Late External Delay Assertion 
Endpoint:   out_addr[3]         (v) checked with  leading edge of 'clk'
Beginpoint: out_rank_q_reg[3]/Q (v) triggered by  leading edge of 'clk'
Path Groups: {clk}
Analysis View: setup_view
Other End Arrival Time          0.000
- External Delay                1.000
+ Phase Shift                  10.000
- Uncertainty                   0.200
= Required Time                 8.800
- Arrival Time                  0.242
= Slack Time                    8.558
     Clock Rise Edge                 0.000
     + Clock Network Latency (Prop)  -0.000
     = Beginpoint Arrival Time       -0.000
     +--------------------------------------------------------------------------+ 
     |     Instance      |      Arc      |  Cell   | Delay | Arrival | Required | 
     |                   |               |         |       |  Time   |   Time   | 
     |-------------------+---------------+---------+-------+---------+----------| 
     | out_rank_q_reg[3] | CK ^          |         |       |  -0.000 |    8.558 | 
     | out_rank_q_reg[3] | CK ^ -> Q v   | DFFHQX1 | 0.242 |   0.242 |    8.800 | 
     |                   | out_addr[3] v |         | 0.000 |   0.242 |    8.800 | 
     +--------------------------------------------------------------------------+ 
Path 59: MET Late External Delay Assertion 
Endpoint:   out_addr[1]         (v) checked with  leading edge of 'clk'
Beginpoint: out_rank_q_reg[1]/Q (v) triggered by  leading edge of 'clk'
Path Groups: {clk}
Analysis View: setup_view
Other End Arrival Time          0.000
- External Delay                1.000
+ Phase Shift                  10.000
- Uncertainty                   0.200
= Required Time                 8.800
- Arrival Time                  0.229
= Slack Time                    8.571
     Clock Rise Edge                 0.000
     + Clock Network Latency (Prop)  -0.000
     = Beginpoint Arrival Time       -0.000
     +--------------------------------------------------------------------------+ 
     |     Instance      |      Arc      |  Cell   | Delay | Arrival | Required | 
     |                   |               |         |       |  Time   |   Time   | 
     |-------------------+---------------+---------+-------+---------+----------| 
     | out_rank_q_reg[1] | CK ^          |         |       |  -0.000 |    8.571 | 
     | out_rank_q_reg[1] | CK ^ -> Q v   | DFFHQX1 | 0.229 |   0.229 |    8.800 | 
     |                   | out_addr[1] v |         | 0.000 |   0.229 |    8.800 | 
     +--------------------------------------------------------------------------+ 
Path 60: MET Setup Check with Pin ack_rank_q_reg[2]/CK 
Endpoint:   ack_rank_q_reg[2]/D      (^) checked with  leading edge of 'clk'
Beginpoint: reset_release_q_reg[1]/Q (^) triggered by  leading edge of 'clk'
Path Groups: {clk}
Analysis View: setup_view
Other End Arrival Time          0.001
- Setup                         0.200
+ Phase Shift                  10.000
- Uncertainty                   0.200
= Required Time                 9.601
- Arrival Time                  0.673
= Slack Time                    8.928
     Clock Rise Edge                 0.000
     + Clock Network Latency (Prop)  -0.001
     = Beginpoint Arrival Time       -0.001
     +------------------------------------------------------------------------------+ 
     |        Instance        |     Arc     |   Cell   | Delay | Arrival | Required | 
     |                        |             |          |       |  Time   |   Time   | 
     |------------------------+-------------+----------+-------+---------+----------| 
     | reset_release_q_reg[1] | CK ^        |          |       |  -0.001 |    8.928 | 
     | reset_release_q_reg[1] | CK ^ -> Q ^ | DFFRHQX1 | 0.283 |   0.282 |    9.210 | 
     | g7006                  | A ^ -> Y v  | INVX2    | 0.180 |   0.462 |    9.391 | 
     | g6963__6417            | C0 v -> Y ^ | AOI211XL | 0.210 |   0.673 |    9.601 | 
     | ack_rank_q_reg[2]      | D ^         | DFFQXL   | 0.000 |   0.673 |    9.601 | 
     +------------------------------------------------------------------------------+ 
Path 61: MET Setup Check with Pin ack_rank_q_reg[10]/CK 
Endpoint:   ack_rank_q_reg[10]/D     (^) checked with  leading edge of 'clk'
Beginpoint: reset_release_q_reg[1]/Q (^) triggered by  leading edge of 'clk'
Path Groups: {clk}
Analysis View: setup_view
Other End Arrival Time          0.001
- Setup                         0.173
+ Phase Shift                  10.000
- Uncertainty                   0.200
= Required Time                 9.628
- Arrival Time                  0.664
= Slack Time                    8.965
     Clock Rise Edge                 0.000
     + Clock Network Latency (Prop)  -0.001
     = Beginpoint Arrival Time       -0.001
     +------------------------------------------------------------------------------+ 
     |        Instance        |     Arc     |   Cell   | Delay | Arrival | Required | 
     |                        |             |          |       |  Time   |   Time   | 
     |------------------------+-------------+----------+-------+---------+----------| 
     | reset_release_q_reg[1] | CK ^        |          |       |  -0.001 |    8.964 | 
     | reset_release_q_reg[1] | CK ^ -> Q ^ | DFFRHQX1 | 0.283 |   0.282 |    9.247 | 
     | g7006                  | A ^ -> Y v  | INVX2    | 0.180 |   0.462 |    9.427 | 
     | g6959__6260            | C0 v -> Y ^ | AOI211XL | 0.201 |   0.664 |    9.628 | 
     | ack_rank_q_reg[10]     | D ^         | DFFQXL   | 0.000 |   0.664 |    9.628 | 
     +------------------------------------------------------------------------------+ 
Path 62: MET Setup Check with Pin ack_rank_q_reg[12]/CK 
Endpoint:   ack_rank_q_reg[12]/D     (^) checked with  leading edge of 'clk'
Beginpoint: reset_release_q_reg[1]/Q (^) triggered by  leading edge of 'clk'
Path Groups: {clk}
Analysis View: setup_view
Other End Arrival Time          0.001
- Setup                         0.170
+ Phase Shift                  10.000
- Uncertainty                   0.200
= Required Time                 9.631
- Arrival Time                  0.660
= Slack Time                    8.971
     Clock Rise Edge                 0.000
     + Clock Network Latency (Prop)  -0.001
     = Beginpoint Arrival Time       -0.001
     +------------------------------------------------------------------------------+ 
     |        Instance        |     Arc     |   Cell   | Delay | Arrival | Required | 
     |                        |             |          |       |  Time   |   Time   | 
     |------------------------+-------------+----------+-------+---------+----------| 
     | reset_release_q_reg[1] | CK ^        |          |       |  -0.001 |    8.970 | 
     | reset_release_q_reg[1] | CK ^ -> Q ^ | DFFRHQX1 | 0.283 |   0.282 |    9.253 | 
     | g7006                  | A ^ -> Y v  | INVX2    | 0.180 |   0.462 |    9.433 | 
     | g6961__2398            | C0 v -> Y ^ | AOI211XL | 0.198 |   0.660 |    9.631 | 
     | ack_rank_q_reg[12]     | D ^         | DFFQXL   | 0.000 |   0.660 |    9.631 | 
     +------------------------------------------------------------------------------+ 
Path 63: MET Setup Check with Pin ack_rank_q_reg[7]/CK 
Endpoint:   ack_rank_q_reg[7]/D      (^) checked with  leading edge of 'clk'
Beginpoint: reset_release_q_reg[1]/Q (^) triggered by  leading edge of 'clk'
Path Groups: {clk}
Analysis View: setup_view
Other End Arrival Time          0.001
- Setup                         0.170
+ Phase Shift                  10.000
- Uncertainty                   0.200
= Required Time                 9.631
- Arrival Time                  0.660
= Slack Time                    8.971
     Clock Rise Edge                 0.000
     + Clock Network Latency (Prop)  -0.001
     = Beginpoint Arrival Time       -0.001
     +------------------------------------------------------------------------------+ 
     |        Instance        |     Arc     |   Cell   | Delay | Arrival | Required | 
     |                        |             |          |       |  Time   |   Time   | 
     |------------------------+-------------+----------+-------+---------+----------| 
     | reset_release_q_reg[1] | CK ^        |          |       |  -0.001 |    8.970 | 
     | reset_release_q_reg[1] | CK ^ -> Q ^ | DFFRHQX1 | 0.283 |   0.282 |    9.253 | 
     | g7006                  | A ^ -> Y v  | INVX2    | 0.180 |   0.462 |    9.433 | 
     | g6970__2802            | C0 v -> Y ^ | AOI211XL | 0.198 |   0.660 |    9.631 | 
     | ack_rank_q_reg[7]      | D ^         | DFFQXL   | 0.000 |   0.660 |    9.631 | 
     +------------------------------------------------------------------------------+ 
Path 64: MET Setup Check with Pin ack_rank_q_reg[11]/CK 
Endpoint:   ack_rank_q_reg[11]/D     (^) checked with  leading edge of 'clk'
Beginpoint: reset_release_q_reg[1]/Q (^) triggered by  leading edge of 'clk'
Path Groups: {clk}
Analysis View: setup_view
Other End Arrival Time          0.001
- Setup                         0.169
+ Phase Shift                  10.000
- Uncertainty                   0.200
= Required Time                 9.632
- Arrival Time                  0.659
= Slack Time                    8.973
     Clock Rise Edge                 0.000
     + Clock Network Latency (Prop)  -0.001
     = Beginpoint Arrival Time       -0.001
     +------------------------------------------------------------------------------+ 
     |        Instance        |     Arc     |   Cell   | Delay | Arrival | Required | 
     |                        |             |          |       |  Time   |   Time   | 
     |------------------------+-------------+----------+-------+---------+----------| 
     | reset_release_q_reg[1] | CK ^        |          |       |  -0.001 |    8.972 | 
     | reset_release_q_reg[1] | CK ^ -> Q ^ | DFFRHQX1 | 0.283 |   0.282 |    9.255 | 
     | g7006                  | A ^ -> Y v  | INVX2    | 0.180 |   0.462 |    9.435 | 
     | g6960__5477            | C0 v -> Y ^ | AOI211XL | 0.197 |   0.659 |    9.632 | 
     | ack_rank_q_reg[11]     | D ^         | DFFQXL   | 0.000 |   0.659 |    9.632 | 
     +------------------------------------------------------------------------------+ 
Path 65: MET Setup Check with Pin ack_rank_q_reg[8]/CK 
Endpoint:   ack_rank_q_reg[8]/D      (^) checked with  leading edge of 'clk'
Beginpoint: reset_release_q_reg[1]/Q (^) triggered by  leading edge of 'clk'
Path Groups: {clk}
Analysis View: setup_view
Other End Arrival Time          0.001
- Setup                         0.168
+ Phase Shift                  10.000
- Uncertainty                   0.200
= Required Time                 9.633
- Arrival Time                  0.658
= Slack Time                    8.975
     Clock Rise Edge                 0.000
     + Clock Network Latency (Prop)  -0.001
     = Beginpoint Arrival Time       -0.001
     +------------------------------------------------------------------------------+ 
     |        Instance        |     Arc     |   Cell   | Delay | Arrival | Required | 
     |                        |             |          |       |  Time   |   Time   | 
     |------------------------+-------------+----------+-------+---------+----------| 
     | reset_release_q_reg[1] | CK ^        |          |       |  -0.001 |    8.975 | 
     | reset_release_q_reg[1] | CK ^ -> Q ^ | DFFRHQX1 | 0.283 |   0.282 |    9.257 | 
     | g7006                  | A ^ -> Y v  | INVX2    | 0.180 |   0.462 |    9.438 | 
     | g6972__5122            | C0 v -> Y ^ | AOI211XL | 0.195 |   0.658 |    9.633 | 
     | ack_rank_q_reg[8]      | D ^         | DFFQXL   | 0.000 |   0.658 |    9.633 | 
     +------------------------------------------------------------------------------+ 
Path 66: MET Setup Check with Pin ack_rank_q_reg[13]/CK 
Endpoint:   ack_rank_q_reg[13]/D     (^) checked with  leading edge of 'clk'
Beginpoint: reset_release_q_reg[1]/Q (^) triggered by  leading edge of 'clk'
Path Groups: {clk}
Analysis View: setup_view
Other End Arrival Time          0.001
- Setup                         0.166
+ Phase Shift                  10.000
- Uncertainty                   0.200
= Required Time                 9.635
- Arrival Time                  0.655
= Slack Time                    8.980
     Clock Rise Edge                 0.000
     + Clock Network Latency (Prop)  -0.001
     = Beginpoint Arrival Time       -0.001
     +------------------------------------------------------------------------------+ 
     |        Instance        |     Arc     |   Cell   | Delay | Arrival | Required | 
     |                        |             |          |       |  Time   |   Time   | 
     |------------------------+-------------+----------+-------+---------+----------| 
     | reset_release_q_reg[1] | CK ^        |          |       |  -0.001 |    8.980 | 
     | reset_release_q_reg[1] | CK ^ -> Q ^ | DFFRHQX1 | 0.283 |   0.282 |    9.262 | 
     | g7006                  | A ^ -> Y v  | INVX2    | 0.180 |   0.462 |    9.443 | 
     | g6962__5107            | C0 v -> Y ^ | AOI211XL | 0.192 |   0.655 |    9.635 | 
     | ack_rank_q_reg[13]     | D ^         | DFFQXL   | 0.000 |   0.655 |    9.635 | 
     +------------------------------------------------------------------------------+ 
Path 67: MET Setup Check with Pin ack_rank_q_reg[5]/CK 
Endpoint:   ack_rank_q_reg[5]/D      (^) checked with  leading edge of 'clk'
Beginpoint: reset_release_q_reg[1]/Q (^) triggered by  leading edge of 'clk'
Path Groups: {clk}
Analysis View: setup_view
Other End Arrival Time          0.001
- Setup                         0.164
+ Phase Shift                  10.000
- Uncertainty                   0.200
= Required Time                 9.637
- Arrival Time                  0.653
= Slack Time                    8.985
     Clock Rise Edge                 0.000
     + Clock Network Latency (Prop)  -0.001
     = Beginpoint Arrival Time       -0.001
     +------------------------------------------------------------------------------+ 
     |        Instance        |     Arc     |   Cell   | Delay | Arrival | Required | 
     |                        |             |          |       |  Time   |   Time   | 
     |------------------------+-------------+----------+-------+---------+----------| 
     | reset_release_q_reg[1] | CK ^        |          |       |  -0.001 |    8.984 | 
     | reset_release_q_reg[1] | CK ^ -> Q ^ | DFFRHQX1 | 0.283 |   0.282 |    9.267 | 
     | g7006                  | A ^ -> Y v  | INVX2    | 0.180 |   0.462 |    9.447 | 
     | g6969__1617            | C0 v -> Y ^ | AOI211XL | 0.190 |   0.653 |    9.637 | 
     | ack_rank_q_reg[5]      | D ^         | DFFQXL   | 0.000 |   0.653 |    9.637 | 
     +------------------------------------------------------------------------------+ 
Path 68: MET Setup Check with Pin ack_rank_q_reg[9]/CK 
Endpoint:   ack_rank_q_reg[9]/D      (^) checked with  leading edge of 'clk'
Beginpoint: reset_release_q_reg[1]/Q (^) triggered by  leading edge of 'clk'
Path Groups: {clk}
Analysis View: setup_view
Other End Arrival Time          0.001
- Setup                         0.163
+ Phase Shift                  10.000
- Uncertainty                   0.200
= Required Time                 9.638
- Arrival Time                  0.652
= Slack Time                    8.987
     Clock Rise Edge                 0.000
     + Clock Network Latency (Prop)  -0.001
     = Beginpoint Arrival Time       -0.001
     +------------------------------------------------------------------------------+ 
     |        Instance        |     Arc     |   Cell   | Delay | Arrival | Required | 
     |                        |             |          |       |  Time   |   Time   | 
     |------------------------+-------------+----------+-------+---------+----------| 
     | reset_release_q_reg[1] | CK ^        |          |       |  -0.001 |    8.986 | 
     | reset_release_q_reg[1] | CK ^ -> Q ^ | DFFRHQX1 | 0.283 |   0.282 |    9.269 | 
     | g7006                  | A ^ -> Y v  | INVX2    | 0.180 |   0.462 |    9.449 | 
     | g6973__8246            | C0 v -> Y ^ | AOI211XL | 0.189 |   0.652 |    9.638 | 
     | ack_rank_q_reg[9]      | D ^         | DFFQXL   | 0.000 |   0.652 |    9.638 | 
     +------------------------------------------------------------------------------+ 
Path 69: MET Setup Check with Pin ack_rank_q_reg[1]/CK 
Endpoint:   ack_rank_q_reg[1]/D      (^) checked with  leading edge of 'clk'
Beginpoint: reset_release_q_reg[1]/Q (^) triggered by  leading edge of 'clk'
Path Groups: {clk}
Analysis View: setup_view
Other End Arrival Time          0.001
- Setup                         0.160
+ Phase Shift                  10.000
- Uncertainty                   0.200
= Required Time                 9.641
- Arrival Time                  0.649
= Slack Time                    8.992
     Clock Rise Edge                 0.000
     + Clock Network Latency (Prop)  -0.001
     = Beginpoint Arrival Time       -0.001
     +------------------------------------------------------------------------------+ 
     |        Instance        |     Arc     |   Cell   | Delay | Arrival | Required | 
     |                        |             |          |       |  Time   |   Time   | 
     |------------------------+-------------+----------+-------+---------+----------| 
     | reset_release_q_reg[1] | CK ^        |          |       |  -0.001 |    8.992 | 
     | reset_release_q_reg[1] | CK ^ -> Q ^ | DFFRHQX1 | 0.283 |   0.282 |    9.275 | 
     | g7006                  | A ^ -> Y v  | INVX2    | 0.180 |   0.462 |    9.455 | 
     | g6964__4319            | C0 v -> Y ^ | AOI211XL | 0.186 |   0.649 |    9.641 | 
     | ack_rank_q_reg[1]      | D ^         | DFFQXL   | 0.000 |   0.649 |    9.641 | 
     +------------------------------------------------------------------------------+ 
Path 70: MET Setup Check with Pin ack_rank_q_reg[14]/CK 
Endpoint:   ack_rank_q_reg[14]/D     (^) checked with  leading edge of 'clk'
Beginpoint: reset_release_q_reg[1]/Q (^) triggered by  leading edge of 'clk'
Path Groups: {clk}
Analysis View: setup_view
Other End Arrival Time          0.001
- Setup                         0.159
+ Phase Shift                  10.000
- Uncertainty                   0.200
= Required Time                 9.642
- Arrival Time                  0.647
= Slack Time                    8.996
     Clock Rise Edge                 0.000
     + Clock Network Latency (Prop)  -0.001
     = Beginpoint Arrival Time       -0.001
     +------------------------------------------------------------------------------+ 
     |        Instance        |     Arc     |   Cell   | Delay | Arrival | Required | 
     |                        |             |          |       |  Time   |   Time   | 
     |------------------------+-------------+----------+-------+---------+----------| 
     | reset_release_q_reg[1] | CK ^        |          |       |  -0.001 |    8.995 | 
     | reset_release_q_reg[1] | CK ^ -> Q ^ | DFFRHQX1 | 0.283 |   0.282 |    9.278 | 
     | g7006                  | A ^ -> Y v  | INVX2    | 0.180 |   0.462 |    9.458 | 
     | g6965__8428            | C0 v -> Y ^ | AOI211XL | 0.184 |   0.647 |    9.642 | 
     | ack_rank_q_reg[14]     | D ^         | DFFQXL   | 0.000 |   0.647 |    9.642 | 
     +------------------------------------------------------------------------------+ 
Path 71: MET Setup Check with Pin ack_rank_q_reg[6]/CK 
Endpoint:   ack_rank_q_reg[6]/D      (^) checked with  leading edge of 'clk'
Beginpoint: reset_release_q_reg[1]/Q (^) triggered by  leading edge of 'clk'
Path Groups: {clk}
Analysis View: setup_view
Other End Arrival Time          0.001
- Setup                         0.158
+ Phase Shift                  10.000
- Uncertainty                   0.200
= Required Time                 9.643
- Arrival Time                  0.646
= Slack Time                    8.997
     Clock Rise Edge                 0.000
     + Clock Network Latency (Prop)  -0.001
     = Beginpoint Arrival Time       -0.001
     +------------------------------------------------------------------------------+ 
     |        Instance        |     Arc     |   Cell   | Delay | Arrival | Required | 
     |                        |             |          |       |  Time   |   Time   | 
     |------------------------+-------------+----------+-------+---------+----------| 
     | reset_release_q_reg[1] | CK ^        |          |       |  -0.001 |    8.996 | 
     | reset_release_q_reg[1] | CK ^ -> Q ^ | DFFRHQX1 | 0.283 |   0.282 |    9.279 | 
     | g7006                  | A ^ -> Y v  | INVX2    | 0.180 |   0.462 |    9.459 | 
     | g6971__6783            | C0 v -> Y ^ | AOI211XL | 0.184 |   0.646 |    9.643 | 
     | ack_rank_q_reg[6]      | D ^         | DFFQXL   | 0.000 |   0.646 |    9.643 | 
     +------------------------------------------------------------------------------+ 
Path 72: MET Setup Check with Pin ack_rank_q_reg[4]/CK 
Endpoint:   ack_rank_q_reg[4]/D      (^) checked with  leading edge of 'clk'
Beginpoint: reset_release_q_reg[1]/Q (^) triggered by  leading edge of 'clk'
Path Groups: {clk}
Analysis View: setup_view
Other End Arrival Time          0.001
- Setup                         0.158
+ Phase Shift                  10.000
- Uncertainty                   0.200
= Required Time                 9.643
- Arrival Time                  0.646
= Slack Time                    8.997
     Clock Rise Edge                 0.000
     + Clock Network Latency (Prop)  -0.001
     = Beginpoint Arrival Time       -0.001
     +------------------------------------------------------------------------------+ 
     |        Instance        |     Arc     |   Cell   | Delay | Arrival | Required | 
     |                        |             |          |       |  Time   |   Time   | 
     |------------------------+-------------+----------+-------+---------+----------| 
     | reset_release_q_reg[1] | CK ^        |          |       |  -0.001 |    8.996 | 
     | reset_release_q_reg[1] | CK ^ -> Q ^ | DFFRHQX1 | 0.283 |   0.282 |    9.279 | 
     | g7006                  | A ^ -> Y v  | INVX2    | 0.180 |   0.462 |    9.460 | 
     | g6968__3680            | C0 v -> Y ^ | AOI211XL | 0.183 |   0.646 |    9.643 | 
     | ack_rank_q_reg[4]      | D ^         | DFFQXL   | 0.000 |   0.646 |    9.643 | 
     +------------------------------------------------------------------------------+ 
Path 73: MET Setup Check with Pin ack_rank_q_reg[0]/CK 
Endpoint:   ack_rank_q_reg[0]/D      (^) checked with  leading edge of 'clk'
Beginpoint: reset_release_q_reg[1]/Q (^) triggered by  leading edge of 'clk'
Path Groups: {clk}
Analysis View: setup_view
Other End Arrival Time          0.001
- Setup                         0.158
+ Phase Shift                  10.000
- Uncertainty                   0.200
= Required Time                 9.643
- Arrival Time                  0.646
= Slack Time                    8.997
     Clock Rise Edge                 0.000
     + Clock Network Latency (Prop)  -0.001
     = Beginpoint Arrival Time       -0.001
     +------------------------------------------------------------------------------+ 
     |        Instance        |     Arc     |   Cell   | Delay | Arrival | Required | 
     |                        |             |          |       |  Time   |   Time   | 
     |------------------------+-------------+----------+-------+---------+----------| 
     | reset_release_q_reg[1] | CK ^        |          |       |  -0.001 |    8.997 | 
     | reset_release_q_reg[1] | CK ^ -> Q ^ | DFFRHQX1 | 0.283 |   0.282 |    9.279 | 
     | g7006                  | A ^ -> Y v  | INVX2    | 0.180 |   0.462 |    9.460 | 
     | g6974__7098            | C0 v -> Y ^ | AOI211XL | 0.183 |   0.646 |    9.643 | 
     | ack_rank_q_reg[0]      | D ^         | DFFQXL   | 0.000 |   0.646 |    9.643 | 
     +------------------------------------------------------------------------------+ 
Path 74: MET Setup Check with Pin ack_rank_q_reg[3]/CK 
Endpoint:   ack_rank_q_reg[3]/D      (^) checked with  leading edge of 'clk'
Beginpoint: reset_release_q_reg[1]/Q (^) triggered by  leading edge of 'clk'
Path Groups: {clk}
Analysis View: setup_view
Other End Arrival Time          0.001
- Setup                         0.158
+ Phase Shift                  10.000
- Uncertainty                   0.200
= Required Time                 9.643
- Arrival Time                  0.646
= Slack Time                    8.998
     Clock Rise Edge                 0.000
     + Clock Network Latency (Prop)  -0.001
     = Beginpoint Arrival Time       -0.001
     +------------------------------------------------------------------------------+ 
     |        Instance        |     Arc     |   Cell   | Delay | Arrival | Required | 
     |                        |             |          |       |  Time   |   Time   | 
     |------------------------+-------------+----------+-------+---------+----------| 
     | reset_release_q_reg[1] | CK ^        |          |       |  -0.001 |    8.997 | 
     | reset_release_q_reg[1] | CK ^ -> Q ^ | DFFRHQX1 | 0.283 |   0.282 |    9.280 | 
     | g7006                  | A ^ -> Y v  | INVX2    | 0.180 |   0.462 |    9.460 | 
     | g6967__1705            | C0 v -> Y ^ | AOI211XL | 0.183 |   0.646 |    9.643 | 
     | ack_rank_q_reg[3]      | D ^         | DFFQXL   | 0.000 |   0.646 |    9.643 | 
     +------------------------------------------------------------------------------+ 
Path 75: MET Setup Check with Pin ack_rank_q_reg[15]/CK 
Endpoint:   ack_rank_q_reg[15]/D     (^) checked with  leading edge of 'clk'
Beginpoint: reset_release_q_reg[1]/Q (^) triggered by  leading edge of 'clk'
Path Groups: {clk}
Analysis View: setup_view
Other End Arrival Time          0.001
- Setup                         0.158
+ Phase Shift                  10.000
- Uncertainty                   0.200
= Required Time                 9.643
- Arrival Time                  0.645
= Slack Time                    8.998
     Clock Rise Edge                 0.000
     + Clock Network Latency (Prop)  -0.001
     = Beginpoint Arrival Time       -0.001
     +------------------------------------------------------------------------------+ 
     |        Instance        |     Arc     |   Cell   | Delay | Arrival | Required | 
     |                        |             |          |       |  Time   |   Time   | 
     |------------------------+-------------+----------+-------+---------+----------| 
     | reset_release_q_reg[1] | CK ^        |          |       |  -0.001 |    8.997 | 
     | reset_release_q_reg[1] | CK ^ -> Q ^ | DFFRHQX1 | 0.283 |   0.282 |    9.280 | 
     | g7006                  | A ^ -> Y v  | INVX2    | 0.180 |   0.462 |    9.460 | 
     | g6966__5526            | C0 v -> Y ^ | AOI211XL | 0.183 |   0.645 |    9.643 | 
     | ack_rank_q_reg[15]     | D ^         | DFFQXL   | 0.000 |   0.645 |    9.643 | 
     +------------------------------------------------------------------------------+ 
Path 76: MET Recovery Check with Pin reset_release_q_reg[0]/CK 
Endpoint:   reset_release_q_reg[0]/RN (^) checked with  leading edge of 'clk'
Beginpoint: rst_n                     (^) triggered by  leading edge of '@'
Path Groups: {async_default}
Analysis View: setup_view
Other End Arrival Time          0.001
- Recovery                     -0.053
+ Phase Shift                  10.000
- Uncertainty                   0.200
= Required Time                 9.853
- Arrival Time                  0.467
= Slack Time                    9.386
     Clock Rise Edge                      0.000
     + Input Delay                        0.000
     = Beginpoint Arrival Time            0.000
     +-----------------------------------------------------------------------------+ 
     |        Instance        |    Arc     |   Cell   | Delay | Arrival | Required | 
     |                        |            |          |       |  Time   |   Time   | 
     |------------------------+------------+----------+-------+---------+----------| 
     |                        | rst_n ^    |          |       |   0.000 |    9.386 | 
     | FE_PHC11_rst_n         | A ^ -> Y ^ | DLY3X1   | 0.467 |   0.467 |    9.853 | 
     | reset_release_q_reg[0] | RN ^       | DFFRHQX1 | 0.000 |   0.467 |    9.853 | 
     +-----------------------------------------------------------------------------+ 
Path 77: MET Recovery Check with Pin reset_release_q_reg[1]/CK 
Endpoint:   reset_release_q_reg[1]/RN (^) checked with  leading edge of 'clk'
Beginpoint: rst_n                     (^) triggered by  leading edge of '@'
Path Groups: {async_default}
Analysis View: setup_view
Other End Arrival Time          0.001
- Recovery                     -0.053
+ Phase Shift                  10.000
- Uncertainty                   0.200
= Required Time                 9.853
- Arrival Time                  0.467
= Slack Time                    9.386
     Clock Rise Edge                      0.000
     + Input Delay                        0.000
     = Beginpoint Arrival Time            0.000
     +-----------------------------------------------------------------------------+ 
     |        Instance        |    Arc     |   Cell   | Delay | Arrival | Required | 
     |                        |            |          |       |  Time   |   Time   | 
     |------------------------+------------+----------+-------+---------+----------| 
     |                        | rst_n ^    |          |       |   0.000 |    9.386 | 
     | FE_PHC11_rst_n         | A ^ -> Y ^ | DLY3X1   | 0.467 |   0.467 |    9.853 | 
     | reset_release_q_reg[1] | RN ^       | DFFRHQX1 | 0.000 |   0.467 |    9.853 | 
     +-----------------------------------------------------------------------------+ 

